{
  "bars": 400,
  "total_return": -0.014437691761722493,
  "max_drawdown": 0.01443769176172244,
  "win_rate": 0.0625,
  "final_equity": 985562.3082382776
}