{
  "bars": 400,
  "total_return": -0.028510578831011157,
  "max_drawdown": 0.02851057883101115,
  "win_rate": 0.1425,
  "final_equity": 971383.7238539967
}