symbol,regime,start_dt,end_dt,bars
SBER,range,2022-01-03 06:30:00+00:00,2022-01-03 17:30:00+00:00,23
SBER,trend,2022-01-03 18:00:00+00:00,2022-01-04 06:00:00+00:00,25
SBER,range,2022-01-04 06:30:00+00:00,2022-01-04 08:00:00+00:00,4
SBER,trend,2022-01-04 08:30:00+00:00,2022-01-04 09:30:00+00:00,3
SBER,range,2022-01-04 10:00:00+00:00,2022-01-05 21:00:00+00:00,71
SBER,trend,2022-01-05 21:30:00+00:00,2022-01-05 21:30:00+00:00,1
SBER,range,2022-01-05 22:00:00+00:00,2022-01-05 22:00:00+00:00,1
SBER,trend,2022-01-05 22:30:00+00:00,2022-01-06 01:00:00+00:00,6
SBER,range,2022-01-06 01:30:00+00:00,2022-01-06 05:30:00+00:00,9
SBER,trend,2022-01-06 06:00:00+00:00,2022-01-06 06:00:00+00:00,1
SBER,range,2022-01-06 06:30:00+00:00,2022-01-06 06:30:00+00:00,1
SBER,high_vol,2022-01-06 07:00:00+00:00,2022-01-06 09:00:00+00:00,5
SBER,range,2022-01-06 09:30:00+00:00,2022-01-06 10:00:00+00:00,2
SBER,high_vol,2022-01-06 10:30:00+00:00,2022-01-06 12:30:00+00:00,5
SBER,range,2022-01-06 13:00:00+00:00,2022-01-06 13:00:00+00:00,1
SBER,high_vol,2022-01-06 13:30:00+00:00,2022-01-06 13:30:00+00:00,1
SBER,range,2022-01-06 14:00:00+00:00,2022-01-13 19:00:00+00:00,347
SBER,high_vol,2022-01-13 19:30:00+00:00,2022-01-13 20:30:00+00:00,3
SBER,trend,2022-01-13 21:00:00+00:00,2022-01-14 06:00:00+00:00,19
SBER,range,2022-01-14 06:30:00+00:00,2022-01-14 06:30:00+00:00,1
SBER,trend,2022-01-14 07:00:00+00:00,2022-01-14 08:00:00+00:00,3
SBER,range,2022-01-14 08:30:00+00:00,2022-01-14 10:00:00+00:00,4
SBER,high_vol,2022-01-14 10:30:00+00:00,2022-01-14 23:00:00+00:00,26
SBER,range,2022-01-14 23:30:00+00:00,2022-01-15 00:00:00+00:00,2
SBER,trend,2022-01-15 00:30:00+00:00,2022-01-15 06:00:00+00:00,12
SBER,range,2022-01-15 06:30:00+00:00,2022-01-17 06:30:00+00:00,97
SBER,high_vol,2022-01-17 07:00:00+00:00,2022-01-17 20:30:00+00:00,28
SBER,range,2022-01-17 21:00:00+00:00,2022-01-18 07:00:00+00:00,21
SBER,high_vol,2022-01-18 07:30:00+00:00,2022-01-18 08:30:00+00:00,3
SBER,range,2022-01-18 09:00:00+00:00,2022-01-18 09:30:00+00:00,2
SBER,high_vol,2022-01-18 10:00:00+00:00,2022-01-18 23:30:00+00:00,28
SBER,trend,2022-01-19 00:00:00+00:00,2022-01-19 06:00:00+00:00,13
SBER,range,2022-01-19 06:30:00+00:00,2022-01-19 06:30:00+00:00,1
SBER,high_vol,2022-01-19 07:00:00+00:00,2022-01-19 22:00:00+00:00,31
SBER,range,2022-01-19 22:30:00+00:00,2022-01-20 06:30:00+00:00,17
SBER,high_vol,2022-01-20 07:00:00+00:00,2022-01-20 23:00:00+00:00,33
SBER,range,2022-01-20 23:30:00+00:00,2022-01-21 01:30:00+00:00,5
SBER,trend,2022-01-21 02:00:00+00:00,2022-01-21 06:00:00+00:00,9
SBER,range,2022-01-21 06:30:00+00:00,2022-01-21 07:00:00+00:00,2
SBER,high_vol,2022-01-21 07:30:00+00:00,2022-01-21 07:30:00+00:00,1
SBER,range,2022-01-21 08:00:00+00:00,2022-01-21 08:00:00+00:00,1
SBER,high_vol,2022-01-21 08:30:00+00:00,2022-01-21 09:00:00+00:00,2
SBER,range,2022-01-21 09:30:00+00:00,2022-01-21 09:30:00+00:00,1
SBER,high_vol,2022-01-21 10:00:00+00:00,2022-01-21 21:00:00+00:00,23
SBER,range,2022-01-21 21:30:00+00:00,2022-01-22 05:30:00+00:00,17
SBER,trend,2022-01-22 06:00:00+00:00,2022-01-22 06:00:00+00:00,1
SBER,range,2022-01-22 06:30:00+00:00,2022-01-24 10:30:00+00:00,105
SBER,high_vol,2022-01-24 11:00:00+00:00,2022-01-24 23:00:00+00:00,25
SBER,range,2022-01-24 23:30:00+00:00,2022-01-25 05:00:00+00:00,12
SBER,trend,2022-01-25 05:30:00+00:00,2022-01-25 06:00:00+00:00,2
SBER,range,2022-01-25 06:30:00+00:00,2022-01-25 06:30:00+00:00,1
SBER,high_vol,2022-01-25 07:00:00+00:00,2022-01-25 18:30:00+00:00,24
SBER,range,2022-01-25 19:00:00+00:00,2022-01-26 19:00:00+00:00,49
SBER,high_vol,2022-01-26 19:30:00+00:00,2022-01-26 20:00:00+00:00,2
SBER,range,2022-01-26 20:30:00+00:00,2022-01-26 20:30:00+00:00,1
SBER,high_vol,2022-01-26 21:00:00+00:00,2022-01-26 23:30:00+00:00,6
SBER,range,2022-01-27 00:00:00+00:00,2022-01-27 13:00:00+00:00,27
SBER,high_vol,2022-01-27 13:30:00+00:00,2022-01-27 22:00:00+00:00,18
SBER,range,2022-01-27 22:30:00+00:00,2022-01-27 22:30:00+00:00,1
SBER,trend,2022-01-27 23:00:00+00:00,2022-01-28 06:00:00+00:00,15
SBER,range,2022-01-28 06:30:00+00:00,2022-01-28 06:30:00+00:00,1
SBER,trend,2022-01-28 07:00:00+00:00,2022-01-28 10:00:00+00:00,7
SBER,range,2022-01-28 10:30:00+00:00,2022-01-28 10:30:00+00:00,1
SBER,high_vol,2022-01-28 11:00:00+00:00,2022-01-28 16:30:00+00:00,12
SBER,range,2022-01-28 17:00:00+00:00,2022-01-29 01:30:00+00:00,18
SBER,trend,2022-01-29 02:00:00+00:00,2022-01-29 03:00:00+00:00,3
SBER,range,2022-01-29 03:30:00+00:00,2022-01-29 04:30:00+00:00,3
SBER,trend,2022-01-29 05:00:00+00:00,2022-01-29 05:00:00+00:00,1
SBER,range,2022-01-29 05:30:00+00:00,2022-01-31 22:30:00+00:00,131
SBER,trend,2022-01-31 23:00:00+00:00,2022-02-01 05:30:00+00:00,14
SBER,range,2022-02-01 06:00:00+00:00,2022-02-01 09:30:00+00:00,8
SBER,high_vol,2022-02-01 10:00:00+00:00,2022-02-01 11:00:00+00:00,3
SBER,range,2022-02-01 11:30:00+00:00,2022-02-02 16:00:00+00:00,58
SBER,high_vol,2022-02-02 16:30:00+00:00,2022-02-02 16:30:00+00:00,1
SBER,range,2022-02-02 17:00:00+00:00,2022-02-04 02:00:00+00:00,67
SBER,trend,2022-02-04 02:30:00+00:00,2022-02-04 05:30:00+00:00,7
SBER,range,2022-02-04 06:00:00+00:00,2022-02-08 19:00:00+00:00,219
SBER,trend,2022-02-08 19:30:00+00:00,2022-02-09 06:00:00+00:00,22
SBER,range,2022-02-09 06:30:00+00:00,2022-02-09 07:00:00+00:00,2
SBER,trend,2022-02-09 07:30:00+00:00,2022-02-10 06:00:00+00:00,46
SBER,range,2022-02-10 06:30:00+00:00,2022-02-11 22:00:00+00:00,80
SBER,trend,2022-02-11 22:30:00+00:00,2022-02-12 02:30:00+00:00,9
SBER,range,2022-02-12 03:00:00+00:00,2022-02-12 04:00:00+00:00,3
SBER,trend,2022-02-12 04:30:00+00:00,2022-02-12 06:00:00+00:00,4
SBER,range,2022-02-12 06:30:00+00:00,2022-02-14 06:30:00+00:00,97
SBER,high_vol,2022-02-14 07:00:00+00:00,2022-02-14 22:30:00+00:00,32
SBER,range,2022-02-14 23:00:00+00:00,2022-02-15 07:30:00+00:00,18
SBER,high_vol,2022-02-15 08:00:00+00:00,2022-02-15 08:00:00+00:00,1
SBER,range,2022-02-15 08:30:00+00:00,2022-02-15 10:30:00+00:00,5
SBER,high_vol,2022-02-15 11:00:00+00:00,2022-02-15 17:30:00+00:00,14
SBER,range,2022-02-15 18:00:00+00:00,2022-02-15 21:00:00+00:00,7
SBER,trend,2022-02-15 21:30:00+00:00,2022-02-16 05:00:00+00:00,16
SBER,range,2022-02-16 05:30:00+00:00,2022-02-16 06:30:00+00:00,3
SBER,trend,2022-02-16 07:00:00+00:00,2022-02-16 13:00:00+00:00,13
SBER,range,2022-02-16 13:30:00+00:00,2022-02-16 22:30:00+00:00,19
SBER,trend,2022-02-16 23:00:00+00:00,2022-02-17 06:00:00+00:00,15
SBER,range,2022-02-17 06:30:00+00:00,2022-02-17 07:30:00+00:00,3
SBER,high_vol,2022-02-17 08:00:00+00:00,2022-02-17 08:00:00+00:00,1
SBER,range,2022-02-17 08:30:00+00:00,2022-02-17 09:00:00+00:00,2
SBER,high_vol,2022-02-17 09:30:00+00:00,2022-02-17 10:00:00+00:00,2
SBER,range,2022-02-17 10:30:00+00:00,2022-02-17 10:30:00+00:00,1
SBER,high_vol,2022-02-17 11:00:00+00:00,2022-02-17 12:30:00+00:00,4
SBER,range,2022-02-17 13:00:00+00:00,2022-02-17 13:00:00+00:00,1
SBER,high_vol,2022-02-17 13:30:00+00:00,2022-02-17 13:30:00+00:00,1
SBER,range,2022-02-17 14:00:00+00:00,2022-02-17 21:30:00+00:00,16
SBER,trend,2022-02-17 22:00:00+00:00,2022-02-18 06:00:00+00:00,17
SBER,range,2022-02-18 06:30:00+00:00,2022-02-18 16:30:00+00:00,21
SBER,high_vol,2022-02-18 17:00:00+00:00,2022-02-18 18:00:00+00:00,3
SBER,trend,2022-02-18 18:30:00+00:00,2022-02-18 18:30:00+00:00,1
SBER,high_vol,2022-02-18 19:00:00+00:00,2022-02-18 22:30:00+00:00,8
SBER,trend,2022-02-18 23:00:00+00:00,2022-02-19 06:00:00+00:00,15
SBER,range,2022-02-19 06:30:00+00:00,2022-02-21 06:30:00+00:00,97
SBER,high_vol,2022-02-21 07:00:00+00:00,2022-02-21 23:30:00+00:00,34
SBER,range,2022-02-22 00:00:00+00:00,2022-02-22 05:00:00+00:00,11
SBER,trend,2022-02-22 05:30:00+00:00,2022-02-22 06:00:00+00:00,2
SBER,range,2022-02-22 06:30:00+00:00,2022-02-22 06:30:00+00:00,1
SBER,high_vol,2022-02-22 07:00:00+00:00,2022-02-22 23:30:00+00:00,34
SBER,range,2022-02-23 00:00:00+00:00,2022-02-24 06:30:00+00:00,62
SBER,trend,2022-02-24 07:00:00+00:00,2022-02-24 09:30:00+00:00,6
SBER,high_vol,2022-02-24 10:00:00+00:00,2022-02-24 23:30:00+00:00,28
SBER,range,2022-02-25 00:00:00+00:00,2022-02-25 05:00:00+00:00,11
SBER,trend,2022-02-25 05:30:00+00:00,2022-02-25 06:00:00+00:00,2
SBER,range,2022-02-25 06:30:00+00:00,2022-02-25 09:30:00+00:00,7
SBER,high_vol,2022-02-25 10:00:00+00:00,2022-02-25 23:30:00+00:00,28
SBER,range,2022-02-26 00:00:00+00:00,2022-03-24 09:30:00+00:00,1268
SBER,high_vol,2022-03-24 10:00:00+00:00,2022-03-24 13:30:00+00:00,8
SBER,range,2022-03-24 14:00:00+00:00,2022-03-24 19:00:00+00:00,11
SBER,trend,2022-03-24 19:30:00+00:00,2022-03-24 20:00:00+00:00,2
SBER,range,2022-03-24 20:30:00+00:00,2022-03-25 09:30:00+00:00,27
SBER,high_vol,2022-03-25 10:00:00+00:00,2022-03-25 13:30:00+00:00,8
SBER,range,2022-03-25 14:00:00+00:00,2022-03-28 09:30:00+00:00,136
SBER,high_vol,2022-03-28 10:00:00+00:00,2022-03-28 13:30:00+00:00,8
SBER,range,2022-03-28 14:00:00+00:00,2022-03-29 09:30:00+00:00,40
SBER,high_vol,2022-03-29 10:00:00+00:00,2022-03-29 13:30:00+00:00,8
SBER,range,2022-03-29 14:00:00+00:00,2022-03-30 09:30:00+00:00,40
SBER,high_vol,2022-03-30 10:00:00+00:00,2022-03-30 13:30:00+00:00,8
SBER,range,2022-03-30 14:00:00+00:00,2022-03-31 09:30:00+00:00,40
SBER,high_vol,2022-03-31 10:00:00+00:00,2022-03-31 18:30:00+00:00,18
SBER,range,2022-03-31 19:00:00+00:00,2022-03-31 21:00:00+00:00,5
SBER,trend,2022-03-31 21:30:00+00:00,2022-04-01 01:00:00+00:00,8
SBER,range,2022-04-01 01:30:00+00:00,2022-04-01 09:30:00+00:00,17
SBER,high_vol,2022-04-01 10:00:00+00:00,2022-04-01 18:00:00+00:00,17
SBER,trend,2022-04-01 18:30:00+00:00,2022-04-02 01:00:00+00:00,14
SBER,range,2022-04-02 01:30:00+00:00,2022-04-04 09:30:00+00:00,113
SBER,high_vol,2022-04-04 10:00:00+00:00,2022-04-04 17:30:00+00:00,16
SBER,range,2022-04-04 18:00:00+00:00,2022-04-04 20:30:00+00:00,6
SBER,trend,2022-04-04 21:00:00+00:00,2022-04-04 22:30:00+00:00,4
SBER,range,2022-04-04 23:00:00+00:00,2022-04-05 00:00:00+00:00,3
SBER,trend,2022-04-05 00:30:00+00:00,2022-04-05 00:30:00+00:00,1
SBER,range,2022-04-05 01:00:00+00:00,2022-04-05 09:30:00+00:00,18
SBER,high_vol,2022-04-05 10:00:00+00:00,2022-04-05 18:30:00+00:00,18
SBER,range,2022-04-05 19:00:00+00:00,2022-04-06 09:30:00+00:00,30
SBER,high_vol,2022-04-06 10:00:00+00:00,2022-04-06 18:30:00+00:00,18
SBER,range,2022-04-06 19:00:00+00:00,2022-04-07 00:00:00+00:00,11
SBER,trend,2022-04-07 00:30:00+00:00,2022-04-07 01:00:00+00:00,2
SBER,range,2022-04-07 01:30:00+00:00,2022-04-07 09:30:00+00:00,17
SBER,high_vol,2022-04-07 10:00:00+00:00,2022-04-07 17:30:00+00:00,16
SBER,range,2022-04-07 18:00:00+00:00,2022-04-08 00:30:00+00:00,14
SBER,trend,2022-04-08 01:00:00+00:00,2022-04-08 01:00:00+00:00,1
SBER,range,2022-04-08 01:30:00+00:00,2022-04-08 09:30:00+00:00,17
SBER,high_vol,2022-04-08 10:00:00+00:00,2022-04-08 18:30:00+00:00,18
SBER,range,2022-04-08 19:00:00+00:00,2022-04-11 09:30:00+00:00,126
SBER,high_vol,2022-04-11 10:00:00+00:00,2022-04-11 15:30:00+00:00,12
SBER,range,2022-04-11 16:00:00+00:00,2022-04-11 16:00:00+00:00,1
SBER,high_vol,2022-04-11 16:30:00+00:00,2022-04-11 16:30:00+00:00,1
SBER,range,2022-04-11 17:00:00+00:00,2022-04-12 00:00:00+00:00,15
SBER,trend,2022-04-12 00:30:00+00:00,2022-04-12 01:00:00+00:00,2
SBER,range,2022-04-12 01:30:00+00:00,2022-04-12 09:30:00+00:00,17
SBER,high_vol,2022-04-12 10:00:00+00:00,2022-04-12 17:30:00+00:00,16
SBER,trend,2022-04-12 18:00:00+00:00,2022-04-13 01:00:00+00:00,15
SBER,range,2022-04-13 01:30:00+00:00,2022-04-13 09:30:00+00:00,17
SBER,high_vol,2022-04-13 10:00:00+00:00,2022-04-13 15:30:00+00:00,12
SBER,range,2022-04-13 16:00:00+00:00,2022-04-13 16:00:00+00:00,1
SBER,high_vol,2022-04-13 16:30:00+00:00,2022-04-13 16:30:00+00:00,1
SBER,range,2022-04-13 17:00:00+00:00,2022-04-15 00:30:00+00:00,64
SBER,trend,2022-04-15 01:00:00+00:00,2022-04-15 01:00:00+00:00,1
SBER,range,2022-04-15 01:30:00+00:00,2022-04-15 09:30:00+00:00,17
SBER,high_vol,2022-04-15 10:00:00+00:00,2022-04-15 17:30:00+00:00,16
SBER,range,2022-04-15 18:00:00+00:00,2022-04-18 09:30:00+00:00,128
SBER,high_vol,2022-04-18 10:00:00+00:00,2022-04-18 15:00:00+00:00,11
SBER,range,2022-04-18 15:30:00+00:00,2022-04-18 16:00:00+00:00,2
SBER,high_vol,2022-04-18 16:30:00+00:00,2022-04-18 16:30:00+00:00,1
SBER,range,2022-04-18 17:00:00+00:00,2022-04-18 17:30:00+00:00,2
SBER,trend,2022-04-18 18:00:00+00:00,2022-04-19 01:00:00+00:00,15
SBER,range,2022-04-19 01:30:00+00:00,2022-04-19 09:30:00+00:00,17
SBER,high_vol,2022-04-19 10:00:00+00:00,2022-04-19 18:30:00+00:00,18
SBER,range,2022-04-19 19:00:00+00:00,2022-04-19 22:00:00+00:00,7
SBER,trend,2022-04-19 22:30:00+00:00,2022-04-20 01:00:00+00:00,6
SBER,range,2022-04-20 01:30:00+00:00,2022-04-20 09:30:00+00:00,17
SBER,high_vol,2022-04-20 10:00:00+00:00,2022-04-20 18:30:00+00:00,18
SBER,range,2022-04-20 19:00:00+00:00,2022-04-21 09:30:00+00:00,30
SBER,high_vol,2022-04-21 10:00:00+00:00,2022-04-21 16:30:00+00:00,14
SBER,range,2022-04-21 17:00:00+00:00,2022-04-22 09:30:00+00:00,34
SBER,high_vol,2022-04-22 10:00:00+00:00,2022-04-22 16:30:00+00:00,14
SBER,range,2022-04-22 17:00:00+00:00,2022-04-23 00:30:00+00:00,16
SBER,trend,2022-04-23 01:00:00+00:00,2022-04-23 01:00:00+00:00,1
SBER,range,2022-04-23 01:30:00+00:00,2022-04-25 09:30:00+00:00,113
SBER,high_vol,2022-04-25 10:00:00+00:00,2022-04-25 16:30:00+00:00,14
SBER,range,2022-04-25 17:00:00+00:00,2022-04-26 00:00:00+00:00,15
SBER,trend,2022-04-26 00:30:00+00:00,2022-04-26 01:00:00+00:00,2
SBER,range,2022-04-26 01:30:00+00:00,2022-04-26 09:30:00+00:00,17
SBER,high_vol,2022-04-26 10:00:00+00:00,2022-04-26 12:30:00+00:00,6
SBER,range,2022-04-26 13:00:00+00:00,2022-04-26 16:00:00+00:00,7
SBER,high_vol,2022-04-26 16:30:00+00:00,2022-04-26 16:30:00+00:00,1
SBER,range,2022-04-26 17:00:00+00:00,2022-04-26 17:00:00+00:00,1
SBER,high_vol,2022-04-26 17:30:00+00:00,2022-04-26 18:30:00+00:00,3
SBER,range,2022-04-26 19:00:00+00:00,2022-04-27 09:30:00+00:00,30
SBER,high_vol,2022-04-27 10:00:00+00:00,2022-04-27 18:30:00+00:00,18
SBER,trend,2022-04-27 19:00:00+00:00,2022-04-28 01:00:00+00:00,13
SBER,range,2022-04-28 01:30:00+00:00,2022-04-28 09:30:00+00:00,17
SBER,trend,2022-04-28 10:00:00+00:00,2022-04-28 10:00:00+00:00,1
SBER,high_vol,2022-04-28 10:30:00+00:00,2022-04-28 11:00:00+00:00,2
SBER,trend,2022-04-28 11:30:00+00:00,2022-04-28 13:30:00+00:00,5
SBER,high_vol,2022-04-28 14:00:00+00:00,2022-04-28 18:30:00+00:00,10
SBER,range,2022-04-28 19:00:00+00:00,2022-04-29 09:30:00+00:00,30
SBER,high_vol,2022-04-29 10:00:00+00:00,2022-04-29 18:30:00+00:00,18
SBER,range,2022-04-29 19:00:00+00:00,2022-05-04 09:30:00+00:00,222
SBER,high_vol,2022-05-04 10:00:00+00:00,2022-05-04 18:00:00+00:00,17
SBER,range,2022-05-04 18:30:00+00:00,2022-05-04 21:30:00+00:00,7
SBER,trend,2022-05-04 22:00:00+00:00,2022-05-05 01:00:00+00:00,7
SBER,range,2022-05-05 01:30:00+00:00,2022-05-06 00:00:00+00:00,46
SBER,trend,2022-05-06 00:30:00+00:00,2022-05-06 00:30:00+00:00,1
SBER,range,2022-05-06 01:00:00+00:00,2022-05-06 09:30:00+00:00,18
SBER,high_vol,2022-05-06 10:00:00+00:00,2022-05-06 11:00:00+00:00,3
SBER,range,2022-05-06 11:30:00+00:00,2022-05-06 22:30:00+00:00,23
SBER,trend,2022-05-06 23:00:00+00:00,2022-05-07 01:00:00+00:00,5
SBER,range,2022-05-07 01:30:00+00:00,2022-05-11 09:30:00+00:00,209
SBER,high_vol,2022-05-11 10:00:00+00:00,2022-05-11 12:30:00+00:00,6
SBER,range,2022-05-11 13:00:00+00:00,2022-05-16 09:30:00+00:00,234
SBER,high_vol,2022-05-16 10:00:00+00:00,2022-05-16 11:00:00+00:00,3
SBER,range,2022-05-16 11:30:00+00:00,2022-05-16 23:30:00+00:00,25
SBER,trend,2022-05-17 00:00:00+00:00,2022-05-17 00:00:00+00:00,1
SBER,range,2022-05-17 00:30:00+00:00,2022-05-17 00:30:00+00:00,1
SBER,trend,2022-05-17 01:00:00+00:00,2022-05-17 01:00:00+00:00,1
SBER,range,2022-05-17 01:30:00+00:00,2022-05-17 09:30:00+00:00,17
SBER,trend,2022-05-17 10:00:00+00:00,2022-05-17 10:30:00+00:00,2
SBER,range,2022-05-17 11:00:00+00:00,2022-05-17 15:00:00+00:00,9
SBER,trend,2022-05-17 15:30:00+00:00,2022-05-17 16:00:00+00:00,2
SBER,range,2022-05-17 16:30:00+00:00,2022-05-17 16:30:00+00:00,1
SBER,trend,2022-05-17 17:00:00+00:00,2022-05-18 01:00:00+00:00,17
SBER,range,2022-05-18 01:30:00+00:00,2022-05-18 09:30:00+00:00,17
SBER,trend,2022-05-18 10:00:00+00:00,2022-05-18 16:00:00+00:00,13
SBER,range,2022-05-18 16:30:00+00:00,2022-05-19 09:30:00+00:00,35
SBER,high_vol,2022-05-19 10:00:00+00:00,2022-05-19 13:30:00+00:00,8
SBER,range,2022-05-19 14:00:00+00:00,2022-05-19 14:30:00+00:00,2
SBER,high_vol,2022-05-19 15:00:00+00:00,2022-05-19 15:30:00+00:00,2
SBER,range,2022-05-19 16:00:00+00:00,2022-05-19 16:00:00+00:00,1
SBER,high_vol,2022-05-19 16:30:00+00:00,2022-05-19 16:30:00+00:00,1
SBER,range,2022-05-19 17:00:00+00:00,2022-05-21 00:30:00+00:00,64
SBER,trend,2022-05-21 01:00:00+00:00,2022-05-21 01:00:00+00:00,1
SBER,range,2022-05-21 01:30:00+00:00,2022-05-24 00:30:00+00:00,143
SBER,trend,2022-05-24 01:00:00+00:00,2022-05-24 01:00:00+00:00,1
SBER,range,2022-05-24 01:30:00+00:00,2022-05-24 15:30:00+00:00,29
SBER,high_vol,2022-05-24 16:00:00+00:00,2022-05-24 18:30:00+00:00,6
SBER,range,2022-05-24 19:00:00+00:00,2022-05-25 00:30:00+00:00,12
SBER,trend,2022-05-25 01:00:00+00:00,2022-05-25 01:00:00+00:00,1
SBER,range,2022-05-25 01:30:00+00:00,2022-05-25 10:30:00+00:00,19
SBER,high_vol,2022-05-25 11:00:00+00:00,2022-05-25 14:00:00+00:00,7
SBER,range,2022-05-25 14:30:00+00:00,2022-05-25 15:00:00+00:00,2
SBER,high_vol,2022-05-25 15:30:00+00:00,2022-05-25 16:30:00+00:00,3
SBER,range,2022-05-25 17:00:00+00:00,2022-05-28 00:30:00+00:00,112
SBER,trend,2022-05-28 01:00:00+00:00,2022-05-28 01:00:00+00:00,1
SBER,range,2022-05-28 01:30:00+00:00,2022-05-31 16:30:00+00:00,175
SBER,trend,2022-05-31 17:00:00+00:00,2022-06-01 01:00:00+00:00,17
SBER,range,2022-06-01 01:30:00+00:00,2022-06-01 09:30:00+00:00,17
SBER,high_vol,2022-06-01 10:00:00+00:00,2022-06-01 11:00:00+00:00,3
SBER,range,2022-06-01 11:30:00+00:00,2022-06-02 00:00:00+00:00,26
SBER,trend,2022-06-02 00:30:00+00:00,2022-06-02 01:00:00+00:00,2
SBER,range,2022-06-02 01:30:00+00:00,2022-06-09 00:30:00+00:00,335
SBER,trend,2022-06-09 01:00:00+00:00,2022-06-09 01:00:00+00:00,1
SBER,range,2022-06-09 01:30:00+00:00,2022-06-14 11:00:00+00:00,260
SBER,high_vol,2022-06-14 11:30:00+00:00,2022-06-14 11:30:00+00:00,1
SBER,range,2022-06-14 12:00:00+00:00,2022-06-14 22:30:00+00:00,22
SBER,trend,2022-06-14 23:00:00+00:00,2022-06-15 00:00:00+00:00,3
SBER,range,2022-06-15 00:30:00+00:00,2022-06-15 00:30:00+00:00,1
SBER,trend,2022-06-15 01:00:00+00:00,2022-06-15 01:00:00+00:00,1
SBER,range,2022-06-15 01:30:00+00:00,2022-06-16 00:00:00+00:00,46
SBER,trend,2022-06-16 00:30:00+00:00,2022-06-16 01:00:00+00:00,2
SBER,range,2022-06-16 01:30:00+00:00,2022-06-16 18:00:00+00:00,34
SBER,trend,2022-06-16 18:30:00+00:00,2022-06-17 00:30:00+00:00,13
SBER,range,2022-06-17 01:00:00+00:00,2022-06-17 23:00:00+00:00,45
SBER,trend,2022-06-17 23:30:00+00:00,2022-06-18 01:00:00+00:00,4
SBER,range,2022-06-18 01:30:00+00:00,2022-06-21 09:30:00+00:00,161
SBER,high_vol,2022-06-21 10:00:00+00:00,2022-06-21 16:30:00+00:00,14
SBER,range,2022-06-21 17:00:00+00:00,2022-06-22 09:30:00+00:00,34
SBER,high_vol,2022-06-22 10:00:00+00:00,2022-06-22 10:00:00+00:00,1
SBER,range,2022-06-22 10:30:00+00:00,2022-06-22 10:30:00+00:00,1
SBER,high_vol,2022-06-22 11:00:00+00:00,2022-06-22 11:00:00+00:00,1
SBER,range,2022-06-22 11:30:00+00:00,2022-06-23 00:30:00+00:00,27
SBER,trend,2022-06-23 01:00:00+00:00,2022-06-23 01:00:00+00:00,1
SBER,range,2022-06-23 01:30:00+00:00,2022-06-23 09:30:00+00:00,17
SBER,high_vol,2022-06-23 10:00:00+00:00,2022-06-23 14:00:00+00:00,9
SBER,trend,2022-06-23 14:30:00+00:00,2022-06-23 21:30:00+00:00,15
SBER,range,2022-06-23 22:00:00+00:00,2022-06-24 00:30:00+00:00,6
SBER,trend,2022-06-24 01:00:00+00:00,2022-06-24 01:00:00+00:00,1
SBER,range,2022-06-24 01:30:00+00:00,2022-06-24 23:30:00+00:00,45
SBER,trend,2022-06-25 00:00:00+00:00,2022-06-25 01:00:00+00:00,3
SBER,range,2022-06-25 01:30:00+00:00,2022-06-27 09:30:00+00:00,113
SBER,high_vol,2022-06-27 10:00:00+00:00,2022-06-27 11:00:00+00:00,3
SBER,range,2022-06-27 11:30:00+00:00,2022-06-27 22:00:00+00:00,22
SBER,trend,2022-06-27 22:30:00+00:00,2022-06-28 01:00:00+00:00,6
SBER,range,2022-06-28 01:30:00+00:00,2022-06-30 00:30:00+00:00,95
SBER,trend,2022-06-30 01:00:00+00:00,2022-06-30 01:00:00+00:00,1
SBER,range,2022-06-30 01:30:00+00:00,2022-06-30 09:30:00+00:00,17
SBER,trend,2022-06-30 10:00:00+00:00,2022-06-30 10:00:00+00:00,1
SBER,high_vol,2022-06-30 10:30:00+00:00,2022-06-30 18:30:00+00:00,17
SBER,trend,2022-06-30 19:00:00+00:00,2022-07-01 01:00:00+00:00,13
SBER,range,2022-07-01 01:30:00+00:00,2022-07-01 09:30:00+00:00,17
SBER,high_vol,2022-07-01 10:00:00+00:00,2022-07-01 16:30:00+00:00,14
SBER,range,2022-07-01 17:00:00+00:00,2022-07-04 09:30:00+00:00,130
SBER,high_vol,2022-07-04 10:00:00+00:00,2022-07-04 15:00:00+00:00,11
SBER,range,2022-07-04 15:30:00+00:00,2022-07-04 16:00:00+00:00,2
SBER,high_vol,2022-07-04 16:30:00+00:00,2022-07-04 16:30:00+00:00,1
SBER,range,2022-07-04 17:00:00+00:00,2022-07-06 00:30:00+00:00,64
SBER,trend,2022-07-06 01:00:00+00:00,2022-07-06 01:00:00+00:00,1
SBER,range,2022-07-06 01:30:00+00:00,2022-07-07 10:00:00+00:00,66
SBER,high_vol,2022-07-07 10:30:00+00:00,2022-07-07 13:30:00+00:00,7
SBER,range,2022-07-07 14:00:00+00:00,2022-07-11 16:00:00+00:00,197
SBER,high_vol,2022-07-11 16:30:00+00:00,2022-07-11 16:30:00+00:00,1
SBER,range,2022-07-11 17:00:00+00:00,2022-07-12 00:00:00+00:00,15
SBER,trend,2022-07-12 00:30:00+00:00,2022-07-12 01:00:00+00:00,2
SBER,range,2022-07-12 01:30:00+00:00,2022-07-12 09:30:00+00:00,17
SBER,high_vol,2022-07-12 10:00:00+00:00,2022-07-12 15:30:00+00:00,12
SBER,range,2022-07-12 16:00:00+00:00,2022-07-12 16:00:00+00:00,1
SBER,high_vol,2022-07-12 16:30:00+00:00,2022-07-12 16:30:00+00:00,1
SBER,range,2022-07-12 17:00:00+00:00,2022-07-14 00:30:00+00:00,64
SBER,trend,2022-07-14 01:00:00+00:00,2022-07-14 01:00:00+00:00,1
SBER,range,2022-07-14 01:30:00+00:00,2022-07-14 09:30:00+00:00,17
SBER,high_vol,2022-07-14 10:00:00+00:00,2022-07-14 10:30:00+00:00,2
SBER,range,2022-07-14 11:00:00+00:00,2022-07-21 11:00:00+00:00,337
SBER,high_vol,2022-07-21 11:30:00+00:00,2022-07-21 11:30:00+00:00,1
SBER,range,2022-07-21 12:00:00+00:00,2022-07-22 00:30:00+00:00,26
SBER,trend,2022-07-22 01:00:00+00:00,2022-07-22 01:00:00+00:00,1
SBER,range,2022-07-22 01:30:00+00:00,2022-07-23 00:30:00+00:00,47
SBER,trend,2022-07-23 01:00:00+00:00,2022-07-23 01:00:00+00:00,1
SBER,range,2022-07-23 01:30:00+00:00,2022-07-25 10:00:00+00:00,114
SBER,high_vol,2022-07-25 10:30:00+00:00,2022-07-25 10:30:00+00:00,1
SBER,range,2022-07-25 11:00:00+00:00,2022-07-26 00:00:00+00:00,27
SBER,trend,2022-07-26 00:30:00+00:00,2022-07-26 01:00:00+00:00,2
SBER,range,2022-07-26 01:30:00+00:00,2022-07-26 23:30:00+00:00,45
SBER,trend,2022-07-27 00:00:00+00:00,2022-07-27 01:00:00+00:00,3
SBER,range,2022-07-27 01:30:00+00:00,2022-08-01 17:00:00+00:00,272
SBER,trend,2022-08-01 17:30:00+00:00,2022-08-02 00:00:00+00:00,14
SBER,range,2022-08-02 00:30:00+00:00,2022-08-02 00:30:00+00:00,1
SBER,trend,2022-08-02 01:00:00+00:00,2022-08-02 01:00:00+00:00,1
SBER,range,2022-08-02 01:30:00+00:00,2022-08-02 09:30:00+00:00,17
SBER,trend,2022-08-02 10:00:00+00:00,2022-08-02 13:00:00+00:00,7
SBER,range,2022-08-02 13:30:00+00:00,2022-08-03 00:30:00+00:00,23
SBER,trend,2022-08-03 01:00:00+00:00,2022-08-03 01:00:00+00:00,1
SBER,range,2022-08-03 01:30:00+00:00,2022-08-04 00:30:00+00:00,47
SBER,trend,2022-08-04 01:00:00+00:00,2022-08-04 01:00:00+00:00,1
SBER,range,2022-08-04 01:30:00+00:00,2022-08-04 23:30:00+00:00,45
SBER,trend,2022-08-05 00:00:00+00:00,2022-08-05 01:00:00+00:00,3
SBER,range,2022-08-05 01:30:00+00:00,2022-08-05 10:00:00+00:00,18
SBER,high_vol,2022-08-05 10:30:00+00:00,2022-08-05 11:30:00+00:00,3
SBER,range,2022-08-05 12:00:00+00:00,2022-08-05 18:00:00+00:00,13
SBER,trend,2022-08-05 18:30:00+00:00,2022-08-06 01:00:00+00:00,14
SBER,range,2022-08-06 01:30:00+00:00,2022-08-08 09:30:00+00:00,113
SBER,high_vol,2022-08-08 10:00:00+00:00,2022-08-08 10:00:00+00:00,1
SBER,range,2022-08-08 10:30:00+00:00,2022-08-09 00:30:00+00:00,29
SBER,trend,2022-08-09 01:00:00+00:00,2022-08-09 01:00:00+00:00,1
SBER,range,2022-08-09 01:30:00+00:00,2022-08-11 09:30:00+00:00,113
SBER,trend,2022-08-11 10:00:00+00:00,2022-08-11 10:00:00+00:00,1
SBER,range,2022-08-11 10:30:00+00:00,2022-08-17 00:00:00+00:00,268
SBER,trend,2022-08-17 00:30:00+00:00,2022-08-17 01:00:00+00:00,2
SBER,range,2022-08-17 01:30:00+00:00,2022-08-23 17:00:00+00:00,320
SBER,trend,2022-08-23 17:30:00+00:00,2022-08-24 00:30:00+00:00,15
SBER,range,2022-08-24 01:00:00+00:00,2022-08-31 09:30:00+00:00,354
SBER,high_vol,2022-08-31 10:00:00+00:00,2022-08-31 15:00:00+00:00,11
SBER,range,2022-08-31 15:30:00+00:00,2022-08-31 20:00:00+00:00,10
SBER,trend,2022-08-31 20:30:00+00:00,2022-09-01 01:00:00+00:00,10
SBER,range,2022-09-01 01:30:00+00:00,2022-09-02 09:30:00+00:00,65
SBER,trend,2022-09-02 10:00:00+00:00,2022-09-02 10:00:00+00:00,1
SBER,high_vol,2022-09-02 10:30:00+00:00,2022-09-02 12:00:00+00:00,4
SBER,range,2022-09-02 12:30:00+00:00,2022-09-02 12:30:00+00:00,1
SBER,high_vol,2022-09-02 13:00:00+00:00,2022-09-02 17:30:00+00:00,10
SBER,trend,2022-09-02 18:00:00+00:00,2022-09-03 01:00:00+00:00,15
SBER,range,2022-09-03 01:30:00+00:00,2022-09-05 09:30:00+00:00,113
SBER,high_vol,2022-09-05 10:00:00+00:00,2022-09-05 13:00:00+00:00,7
SBER,range,2022-09-05 13:30:00+00:00,2022-09-06 22:30:00+00:00,67
SBER,trend,2022-09-06 23:00:00+00:00,2022-09-07 01:00:00+00:00,5
SBER,range,2022-09-07 01:30:00+00:00,2022-09-07 09:30:00+00:00,17
SBER,trend,2022-09-07 10:00:00+00:00,2022-09-07 10:00:00+00:00,1
SBER,range,2022-09-07 10:30:00+00:00,2022-09-08 23:00:00+00:00,74
SBER,trend,2022-09-08 23:30:00+00:00,2022-09-08 23:30:00+00:00,1
SBER,range,2022-09-09 00:00:00+00:00,2022-09-09 09:30:00+00:00,20
SBER,trend,2022-09-09 10:00:00+00:00,2022-09-09 10:30:00+00:00,2
SBER,range,2022-09-09 11:00:00+00:00,2022-09-15 00:00:00+00:00,267
SBER,trend,2022-09-15 00:30:00+00:00,2022-09-15 06:00:00+00:00,12
SBER,range,2022-09-15 06:30:00+00:00,2022-09-16 00:30:00+00:00,37
SBER,trend,2022-09-16 01:00:00+00:00,2022-09-16 06:00:00+00:00,11
SBER,range,2022-09-16 06:30:00+00:00,2022-09-17 05:00:00+00:00,46
SBER,trend,2022-09-17 05:30:00+00:00,2022-09-17 06:00:00+00:00,2
SBER,range,2022-09-17 06:30:00+00:00,2022-09-20 14:30:00+00:00,161
SBER,high_vol,2022-09-20 15:00:00+00:00,2022-09-20 23:30:00+00:00,18
SBER,trend,2022-09-21 00:00:00+00:00,2022-09-21 06:00:00+00:00,13
SBER,range,2022-09-21 06:30:00+00:00,2022-09-21 09:30:00+00:00,7
SBER,high_vol,2022-09-21 10:00:00+00:00,2022-09-21 19:30:00+00:00,20
SBER,trend,2022-09-21 20:00:00+00:00,2022-09-22 06:00:00+00:00,21
SBER,range,2022-09-22 06:30:00+00:00,2022-09-22 09:30:00+00:00,7
SBER,high_vol,2022-09-22 10:00:00+00:00,2022-09-22 12:00:00+00:00,5
SBER,range,2022-09-22 12:30:00+00:00,2022-09-23 05:30:00+00:00,35
SBER,trend,2022-09-23 06:00:00+00:00,2022-09-23 06:00:00+00:00,1
SBER,range,2022-09-23 06:30:00+00:00,2022-09-23 10:30:00+00:00,9
SBER,high_vol,2022-09-23 11:00:00+00:00,2022-09-23 19:00:00+00:00,17
SBER,range,2022-09-23 19:30:00+00:00,2022-09-23 23:00:00+00:00,8
SBER,trend,2022-09-23 23:30:00+00:00,2022-09-24 06:00:00+00:00,14
SBER,range,2022-09-24 06:30:00+00:00,2022-09-26 09:30:00+00:00,103
SBER,high_vol,2022-09-26 10:00:00+00:00,2022-09-26 23:30:00+00:00,28
SBER,range,2022-09-27 00:00:00+00:00,2022-09-27 00:00:00+00:00,1
SBER,trend,2022-09-27 00:30:00+00:00,2022-09-27 03:00:00+00:00,6
SBER,range,2022-09-27 03:30:00+00:00,2022-09-27 05:00:00+00:00,4
SBER,trend,2022-09-27 05:30:00+00:00,2022-09-27 06:00:00+00:00,2
SBER,range,2022-09-27 06:30:00+00:00,2022-09-27 09:30:00+00:00,7
SBER,high_vol,2022-09-27 10:00:00+00:00,2022-09-27 21:00:00+00:00,23
SBER,range,2022-09-27 21:30:00+00:00,2022-09-28 09:30:00+00:00,25
SBER,high_vol,2022-09-28 10:00:00+00:00,2022-09-28 18:00:00+00:00,17
SBER,range,2022-09-28 18:30:00+00:00,2022-09-29 12:30:00+00:00,37
SBER,high_vol,2022-09-29 13:00:00+00:00,2022-09-29 13:00:00+00:00,1
SBER,range,2022-09-29 13:30:00+00:00,2022-09-29 13:30:00+00:00,1
SBER,high_vol,2022-09-29 14:00:00+00:00,2022-09-29 15:00:00+00:00,3
SBER,range,2022-09-29 15:30:00+00:00,2022-09-29 16:00:00+00:00,2
SBER,high_vol,2022-09-29 16:30:00+00:00,2022-09-29 16:30:00+00:00,1
SBER,range,2022-09-29 17:00:00+00:00,2022-09-30 10:00:00+00:00,35
SBER,high_vol,2022-09-30 10:30:00+00:00,2022-09-30 22:00:00+00:00,24
SBER,range,2022-09-30 22:30:00+00:00,2022-10-03 21:00:00+00:00,142
SBER,trend,2022-10-03 21:30:00+00:00,2022-10-04 06:00:00+00:00,18
SBER,range,2022-10-04 06:30:00+00:00,2022-10-04 10:00:00+00:00,8
SBER,high_vol,2022-10-04 10:30:00+00:00,2022-10-04 15:00:00+00:00,10
SBER,range,2022-10-04 15:30:00+00:00,2022-10-04 16:00:00+00:00,2
SBER,high_vol,2022-10-04 16:30:00+00:00,2022-10-04 16:30:00+00:00,1
SBER,range,2022-10-04 17:00:00+00:00,2022-10-05 03:00:00+00:00,21
SBER,trend,2022-10-05 03:30:00+00:00,2022-10-05 03:30:00+00:00,1
SBER,range,2022-10-05 04:00:00+00:00,2022-10-05 04:30:00+00:00,2
SBER,trend,2022-10-05 05:00:00+00:00,2022-10-05 06:00:00+00:00,3
SBER,range,2022-10-05 06:30:00+00:00,2022-10-05 09:30:00+00:00,7
SBER,high_vol,2022-10-05 10:00:00+00:00,2022-10-05 12:00:00+00:00,5
SBER,range,2022-10-05 12:30:00+00:00,2022-10-05 12:30:00+00:00,1
SBER,high_vol,2022-10-05 13:00:00+00:00,2022-10-05 13:00:00+00:00,1
SBER,range,2022-10-05 13:30:00+00:00,2022-10-06 03:00:00+00:00,28
SBER,trend,2022-10-06 03:30:00+00:00,2022-10-06 06:00:00+00:00,6
SBER,range,2022-10-06 06:30:00+00:00,2022-10-07 18:00:00+00:00,72
SBER,trend,2022-10-07 18:30:00+00:00,2022-10-07 19:30:00+00:00,3
SBER,range,2022-10-07 20:00:00+00:00,2022-10-07 22:30:00+00:00,6
SBER,high_vol,2022-10-07 23:00:00+00:00,2022-10-07 23:00:00+00:00,1
SBER,trend,2022-10-07 23:30:00+00:00,2022-10-08 06:00:00+00:00,14
SBER,range,2022-10-08 06:30:00+00:00,2022-10-10 09:30:00+00:00,103
SBER,high_vol,2022-10-10 10:00:00+00:00,2022-10-10 18:30:00+00:00,18
SBER,trend,2022-10-10 19:00:00+00:00,2022-10-11 06:00:00+00:00,23
SBER,range,2022-10-11 06:30:00+00:00,2022-10-11 09:30:00+00:00,7
SBER,high_vol,2022-10-11 10:00:00+00:00,2022-10-11 15:00:00+00:00,11
SBER,range,2022-10-11 15:30:00+00:00,2022-10-11 15:30:00+00:00,1
SBER,high_vol,2022-10-11 16:00:00+00:00,2022-10-11 16:30:00+00:00,2
SBER,range,2022-10-11 17:00:00+00:00,2022-10-11 20:00:00+00:00,7
SBER,trend,2022-10-11 20:30:00+00:00,2022-10-12 06:00:00+00:00,20
SBER,range,2022-10-12 06:30:00+00:00,2022-10-15 00:30:00+00:00,133
SBER,trend,2022-10-15 01:00:00+00:00,2022-10-15 06:00:00+00:00,11
SBER,range,2022-10-15 06:30:00+00:00,2022-10-17 18:00:00+00:00,120
SBER,trend,2022-10-17 18:30:00+00:00,2022-10-18 06:00:00+00:00,24
SBER,range,2022-10-18 06:30:00+00:00,2022-10-19 09:30:00+00:00,55
SBER,high_vol,2022-10-19 10:00:00+00:00,2022-10-19 10:00:00+00:00,1
SBER,range,2022-10-19 10:30:00+00:00,2022-10-20 17:00:00+00:00,62
SBER,trend,2022-10-20 17:30:00+00:00,2022-10-20 17:30:00+00:00,1
SBER,range,2022-10-20 18:00:00+00:00,2022-10-20 19:00:00+00:00,3
SBER,trend,2022-10-20 19:30:00+00:00,2022-10-21 06:00:00+00:00,22
SBER,range,2022-10-21 06:30:00+00:00,2022-10-21 20:00:00+00:00,28
SBER,trend,2022-10-21 20:30:00+00:00,2022-10-22 06:00:00+00:00,20
SBER,range,2022-10-22 06:30:00+00:00,2022-10-24 10:30:00+00:00,105
SBER,high_vol,2022-10-24 11:00:00+00:00,2022-10-24 11:00:00+00:00,1
SBER,range,2022-10-24 11:30:00+00:00,2022-10-25 18:00:00+00:00,62
SBER,trend,2022-10-25 18:30:00+00:00,2022-10-26 06:00:00+00:00,24
SBER,range,2022-10-26 06:30:00+00:00,2022-10-26 10:30:00+00:00,9
SBER,high_vol,2022-10-26 11:00:00+00:00,2022-10-26 11:00:00+00:00,1
SBER,range,2022-10-26 11:30:00+00:00,2022-10-26 11:30:00+00:00,1
SBER,high_vol,2022-10-26 12:00:00+00:00,2022-10-26 15:30:00+00:00,8
SBER,range,2022-10-26 16:00:00+00:00,2022-10-26 16:00:00+00:00,1
SBER,high_vol,2022-10-26 16:30:00+00:00,2022-10-26 17:30:00+00:00,3
SBER,range,2022-10-26 18:00:00+00:00,2022-10-27 01:30:00+00:00,16
SBER,trend,2022-10-27 02:00:00+00:00,2022-10-27 06:00:00+00:00,9
SBER,range,2022-10-27 06:30:00+00:00,2022-10-27 23:30:00+00:00,35
SBER,trend,2022-10-28 00:00:00+00:00,2022-10-28 05:30:00+00:00,12
SBER,range,2022-10-28 06:00:00+00:00,2022-10-29 03:30:00+00:00,44
SBER,trend,2022-10-29 04:00:00+00:00,2022-10-29 06:00:00+00:00,5
SBER,range,2022-10-29 06:30:00+00:00,2022-11-07 18:30:00+00:00,457
SBER,trend,2022-11-07 19:00:00+00:00,2022-11-08 06:00:00+00:00,23
SBER,range,2022-11-08 06:30:00+00:00,2022-11-10 02:30:00+00:00,89
SBER,trend,2022-11-10 03:00:00+00:00,2022-11-10 05:30:00+00:00,6
SBER,range,2022-11-10 06:00:00+00:00,2022-11-10 10:30:00+00:00,10
SBER,high_vol,2022-11-10 11:00:00+00:00,2022-11-10 13:00:00+00:00,5
SBER,range,2022-11-10 13:30:00+00:00,2022-11-10 17:30:00+00:00,9
SBER,trend,2022-11-10 18:00:00+00:00,2022-11-11 06:00:00+00:00,25
SBER,range,2022-11-11 06:30:00+00:00,2022-11-11 09:30:00+00:00,7
SBER,trend,2022-11-11 10:00:00+00:00,2022-11-11 10:00:00+00:00,1
SBER,range,2022-11-11 10:30:00+00:00,2022-11-11 23:30:00+00:00,27
SBER,trend,2022-11-12 00:00:00+00:00,2022-11-12 06:00:00+00:00,13
SBER,range,2022-11-12 06:30:00+00:00,2022-11-14 21:30:00+00:00,127
SBER,trend,2022-11-14 22:00:00+00:00,2022-11-14 22:00:00+00:00,1
SBER,range,2022-11-14 22:30:00+00:00,2022-11-14 23:00:00+00:00,2
SBER,trend,2022-11-14 23:30:00+00:00,2022-11-15 06:00:00+00:00,14
SBER,range,2022-11-15 06:30:00+00:00,2022-11-16 05:30:00+00:00,47
SBER,trend,2022-11-16 06:00:00+00:00,2022-11-16 06:00:00+00:00,1
SBER,range,2022-11-16 06:30:00+00:00,2022-11-17 05:00:00+00:00,46
SBER,trend,2022-11-17 05:30:00+00:00,2022-11-17 06:00:00+00:00,2
SBER,range,2022-11-17 06:30:00+00:00,2022-11-30 04:30:00+00:00,621
SBER,trend,2022-11-30 05:00:00+00:00,2022-11-30 06:00:00+00:00,3
SBER,range,2022-11-30 06:30:00+00:00,2022-12-05 10:00:00+00:00,248
SBER,high_vol,2022-12-05 10:30:00+00:00,2022-12-05 11:00:00+00:00,2
SBER,range,2022-12-05 11:30:00+00:00,2022-12-05 17:00:00+00:00,12
SBER,trend,2022-12-05 17:30:00+00:00,2022-12-06 06:00:00+00:00,26
SBER,range,2022-12-06 06:30:00+00:00,2022-12-08 00:00:00+00:00,84
SBER,trend,2022-12-08 00:30:00+00:00,2022-12-08 06:00:00+00:00,12
SBER,range,2022-12-08 06:30:00+00:00,2022-12-09 04:30:00+00:00,45
SBER,trend,2022-12-09 05:00:00+00:00,2022-12-09 06:00:00+00:00,3
SBER,range,2022-12-09 06:30:00+00:00,2022-12-14 02:30:00+00:00,233
SBER,trend,2022-12-14 03:00:00+00:00,2022-12-14 06:00:00+00:00,7
SBER,range,2022-12-14 06:30:00+00:00,2022-12-15 23:00:00+00:00,82
SBER,trend,2022-12-15 23:30:00+00:00,2022-12-16 06:00:00+00:00,14
SBER,range,2022-12-16 06:30:00+00:00,2022-12-20 18:00:00+00:00,216
SBER,trend,2022-12-20 18:30:00+00:00,2022-12-21 04:00:00+00:00,20
SBER,range,2022-12-21 04:30:00+00:00,2022-12-21 04:30:00+00:00,1
SBER,trend,2022-12-21 05:00:00+00:00,2022-12-21 05:30:00+00:00,2
SBER,range,2022-12-21 06:00:00+00:00,2022-12-26 19:30:00+00:00,268
SBER,trend,2022-12-26 20:00:00+00:00,2022-12-27 06:00:00+00:00,21
SBER,range,2022-12-27 06:30:00+00:00,2022-12-30 03:00:00+00:00,138
SBER,trend,2022-12-30 03:30:00+00:00,2022-12-30 06:00:00+00:00,6
SBER,range,2022-12-30 06:30:00+00:00,2023-01-10 05:30:00+00:00,527
SBER,trend,2023-01-10 06:00:00+00:00,2023-01-10 06:00:00+00:00,1
SBER,range,2023-01-10 06:30:00+00:00,2023-01-11 14:00:00+00:00,64
SBER,trend,2023-01-11 14:30:00+00:00,2023-01-12 06:00:00+00:00,32
SBER,range,2023-01-12 06:30:00+00:00,2023-01-12 09:30:00+00:00,7
SBER,trend,2023-01-12 10:00:00+00:00,2023-01-12 10:00:00+00:00,1
SBER,range,2023-01-12 10:30:00+00:00,2023-01-12 11:30:00+00:00,3
SBER,trend,2023-01-12 12:00:00+00:00,2023-01-12 13:00:00+00:00,3
SBER,range,2023-01-12 13:30:00+00:00,2023-01-12 17:00:00+00:00,8
SBER,trend,2023-01-12 17:30:00+00:00,2023-01-12 21:30:00+00:00,9
SBER,range,2023-01-12 22:00:00+00:00,2023-01-12 22:00:00+00:00,1
SBER,trend,2023-01-12 22:30:00+00:00,2023-01-12 22:30:00+00:00,1
SBER,range,2023-01-12 23:00:00+00:00,2023-01-12 23:00:00+00:00,1
SBER,trend,2023-01-12 23:30:00+00:00,2023-01-13 06:00:00+00:00,14
SBER,range,2023-01-13 06:30:00+00:00,2023-01-13 20:30:00+00:00,29
SBER,trend,2023-01-13 21:00:00+00:00,2023-01-14 06:00:00+00:00,19
SBER,range,2023-01-14 06:30:00+00:00,2023-01-17 04:30:00+00:00,141
SBER,trend,2023-01-17 05:00:00+00:00,2023-01-17 06:00:00+00:00,3
SBER,range,2023-01-17 06:30:00+00:00,2023-01-18 05:00:00+00:00,46
SBER,trend,2023-01-18 05:30:00+00:00,2023-01-18 06:00:00+00:00,2
SBER,range,2023-01-18 06:30:00+00:00,2023-01-24 01:30:00+00:00,279
SBER,trend,2023-01-24 02:00:00+00:00,2023-01-24 05:00:00+00:00,7
SBER,range,2023-01-24 05:30:00+00:00,2023-01-24 05:30:00+00:00,1
SBER,trend,2023-01-24 06:00:00+00:00,2023-01-24 06:00:00+00:00,1
SBER,range,2023-01-24 06:30:00+00:00,2023-01-31 18:00:00+00:00,360
SBER,trend,2023-01-31 18:30:00+00:00,2023-02-01 06:00:00+00:00,24
SBER,range,2023-02-01 06:30:00+00:00,2023-02-02 05:30:00+00:00,47
SBER,trend,2023-02-02 06:00:00+00:00,2023-02-02 06:00:00+00:00,1
SBER,range,2023-02-02 06:30:00+00:00,2023-02-03 00:30:00+00:00,37
SBER,trend,2023-02-03 01:00:00+00:00,2023-02-03 06:00:00+00:00,11
SBER,range,2023-02-03 06:30:00+00:00,2023-02-04 01:30:00+00:00,39
SBER,trend,2023-02-04 02:00:00+00:00,2023-02-04 06:00:00+00:00,9
SBER,range,2023-02-04 06:30:00+00:00,2023-02-06 17:30:00+00:00,119
SBER,trend,2023-02-06 18:00:00+00:00,2023-02-07 06:00:00+00:00,25
SBER,range,2023-02-07 06:30:00+00:00,2023-02-07 09:30:00+00:00,7
SBER,high_vol,2023-02-07 10:00:00+00:00,2023-02-07 10:30:00+00:00,2
SBER,range,2023-02-07 11:00:00+00:00,2023-02-09 05:00:00+00:00,85
SBER,trend,2023-02-09 05:30:00+00:00,2023-02-09 05:30:00+00:00,1
SBER,range,2023-02-09 06:00:00+00:00,2023-02-10 01:30:00+00:00,40
SBER,trend,2023-02-10 02:00:00+00:00,2023-02-10 04:00:00+00:00,5
SBER,range,2023-02-10 04:30:00+00:00,2023-02-10 04:30:00+00:00,1
SBER,trend,2023-02-10 05:00:00+00:00,2023-02-10 06:00:00+00:00,3
SBER,range,2023-02-10 06:30:00+00:00,2023-02-14 20:00:00+00:00,220
SBER,trend,2023-02-14 20:30:00+00:00,2023-02-15 06:00:00+00:00,20
SBER,range,2023-02-15 06:30:00+00:00,2023-02-15 18:00:00+00:00,24
SBER,trend,2023-02-15 18:30:00+00:00,2023-02-15 21:30:00+00:00,7
SBER,range,2023-02-15 22:00:00+00:00,2023-02-16 03:30:00+00:00,12
SBER,trend,2023-02-16 04:00:00+00:00,2023-02-16 06:00:00+00:00,5
SBER,range,2023-02-16 06:30:00+00:00,2023-02-21 19:00:00+00:00,266
SBER,trend,2023-02-21 19:30:00+00:00,2023-02-22 06:00:00+00:00,22
SBER,range,2023-02-22 06:30:00+00:00,2023-02-27 16:30:00+00:00,261
SBER,trend,2023-02-27 17:00:00+00:00,2023-02-28 06:00:00+00:00,27
SBER,range,2023-02-28 06:30:00+00:00,2023-02-28 09:30:00+00:00,7
SBER,trend,2023-02-28 10:00:00+00:00,2023-02-28 10:00:00+00:00,1
SBER,range,2023-02-28 10:30:00+00:00,2023-02-28 23:00:00+00:00,26
SBER,trend,2023-02-28 23:30:00+00:00,2023-03-01 06:00:00+00:00,14
SBER,range,2023-03-01 06:30:00+00:00,2023-03-02 04:00:00+00:00,44
SBER,trend,2023-03-02 04:30:00+00:00,2023-03-02 06:00:00+00:00,4
SBER,range,2023-03-02 06:30:00+00:00,2023-03-03 23:00:00+00:00,82
SBER,trend,2023-03-03 23:30:00+00:00,2023-03-04 06:00:00+00:00,14
SBER,range,2023-03-04 06:30:00+00:00,2023-03-07 22:00:00+00:00,176
SBER,trend,2023-03-07 22:30:00+00:00,2023-03-08 06:00:00+00:00,16
SBER,range,2023-03-08 06:30:00+00:00,2023-03-14 16:30:00+00:00,309
SBER,trend,2023-03-14 17:00:00+00:00,2023-03-14 20:30:00+00:00,8
SBER,range,2023-03-14 21:00:00+00:00,2023-03-15 00:00:00+00:00,7
SBER,trend,2023-03-15 00:30:00+00:00,2023-03-15 01:00:00+00:00,2
SBER,range,2023-03-15 01:30:00+00:00,2023-03-15 01:30:00+00:00,1
SBER,trend,2023-03-15 02:00:00+00:00,2023-03-15 06:00:00+00:00,9
SBER,range,2023-03-15 06:30:00+00:00,2023-03-17 09:30:00+00:00,103
SBER,high_vol,2023-03-17 10:00:00+00:00,2023-03-17 11:00:00+00:00,3
SBER,trend,2023-03-17 11:30:00+00:00,2023-03-17 13:00:00+00:00,4
SBER,range,2023-03-17 13:30:00+00:00,2023-03-17 13:30:00+00:00,1
SBER,high_vol,2023-03-17 14:00:00+00:00,2023-03-17 18:00:00+00:00,9
SBER,trend,2023-03-17 18:30:00+00:00,2023-03-17 18:30:00+00:00,1
SBER,high_vol,2023-03-17 19:00:00+00:00,2023-03-17 19:00:00+00:00,1
SBER,trend,2023-03-17 19:30:00+00:00,2023-03-18 06:00:00+00:00,22
SBER,range,2023-03-18 06:30:00+00:00,2023-03-20 16:30:00+00:00,117
SBER,trend,2023-03-20 17:00:00+00:00,2023-03-21 00:30:00+00:00,16
SBER,range,2023-03-21 01:00:00+00:00,2023-03-21 05:00:00+00:00,9
SBER,trend,2023-03-21 05:30:00+00:00,2023-03-21 06:00:00+00:00,2
SBER,range,2023-03-21 06:30:00+00:00,2023-03-21 10:00:00+00:00,8
SBER,high_vol,2023-03-21 10:30:00+00:00,2023-03-21 11:00:00+00:00,2
SBER,range,2023-03-21 11:30:00+00:00,2023-03-21 16:30:00+00:00,11
SBER,trend,2023-03-21 17:00:00+00:00,2023-03-21 18:30:00+00:00,4
SBER,range,2023-03-21 19:00:00+00:00,2023-03-22 05:30:00+00:00,22
SBER,trend,2023-03-22 06:00:00+00:00,2023-03-22 06:00:00+00:00,1
SBER,range,2023-03-22 06:30:00+00:00,2023-03-27 16:30:00+00:00,261
SBER,trend,2023-03-27 17:00:00+00:00,2023-03-28 06:00:00+00:00,27
SBER,range,2023-03-28 06:30:00+00:00,2023-03-28 09:30:00+00:00,7
SBER,trend,2023-03-28 10:00:00+00:00,2023-03-28 11:30:00+00:00,4
SBER,range,2023-03-28 12:00:00+00:00,2023-03-28 18:00:00+00:00,13
SBER,trend,2023-03-28 18:30:00+00:00,2023-03-29 06:00:00+00:00,24
SBER,range,2023-03-29 06:30:00+00:00,2023-03-29 09:30:00+00:00,7
SBER,trend,2023-03-29 10:00:00+00:00,2023-03-29 13:00:00+00:00,7
SBER,range,2023-03-29 13:30:00+00:00,2023-03-29 13:30:00+00:00,1
SBER,trend,2023-03-29 14:00:00+00:00,2023-03-29 19:30:00+00:00,12
SBER,range,2023-03-29 20:00:00+00:00,2023-03-29 20:00:00+00:00,1
SBER,trend,2023-03-29 20:30:00+00:00,2023-03-30 06:00:00+00:00,20
SBER,range,2023-03-30 06:30:00+00:00,2023-04-05 02:00:00+00:00,280
SBER,trend,2023-04-05 02:30:00+00:00,2023-04-05 06:00:00+00:00,8
SBER,range,2023-04-05 06:30:00+00:00,2023-04-10 18:00:00+00:00,264
SBER,trend,2023-04-10 18:30:00+00:00,2023-04-11 06:00:00+00:00,24
SBER,range,2023-04-11 06:30:00+00:00,2023-04-12 04:30:00+00:00,45
SBER,trend,2023-04-12 05:00:00+00:00,2023-04-12 06:00:00+00:00,3
SBER,range,2023-04-12 06:30:00+00:00,2023-04-14 22:30:00+00:00,129
SBER,trend,2023-04-14 23:00:00+00:00,2023-04-15 06:00:00+00:00,15
SBER,range,2023-04-15 06:30:00+00:00,2023-04-17 19:00:00+00:00,122
SBER,trend,2023-04-17 19:30:00+00:00,2023-04-18 06:00:00+00:00,22
SBER,range,2023-04-18 06:30:00+00:00,2023-04-18 17:00:00+00:00,22
SBER,trend,2023-04-18 17:30:00+00:00,2023-04-19 06:00:00+00:00,26
SBER,range,2023-04-19 06:30:00+00:00,2023-04-19 09:30:00+00:00,7
SBER,trend,2023-04-19 10:00:00+00:00,2023-04-19 10:00:00+00:00,1
SBER,range,2023-04-19 10:30:00+00:00,2023-04-19 12:00:00+00:00,4
SBER,trend,2023-04-19 12:30:00+00:00,2023-04-19 16:00:00+00:00,8
SBER,range,2023-04-19 16:30:00+00:00,2023-04-20 05:30:00+00:00,27
SBER,trend,2023-04-20 06:00:00+00:00,2023-04-20 06:00:00+00:00,1
SBER,range,2023-04-20 06:30:00+00:00,2023-04-20 22:30:00+00:00,33
SBER,trend,2023-04-20 23:00:00+00:00,2023-04-21 06:00:00+00:00,15
SBER,range,2023-04-21 06:30:00+00:00,2023-04-27 19:30:00+00:00,315
SBER,trend,2023-04-27 20:00:00+00:00,2023-04-28 06:00:00+00:00,21
SBER,range,2023-04-28 06:30:00+00:00,2023-04-28 09:30:00+00:00,7
SBER,trend,2023-04-28 10:00:00+00:00,2023-04-28 12:30:00+00:00,6
SBER,range,2023-04-28 13:00:00+00:00,2023-05-04 02:30:00+00:00,268
SBER,trend,2023-05-04 03:00:00+00:00,2023-05-04 05:00:00+00:00,5
SBER,range,2023-05-04 05:30:00+00:00,2023-05-04 05:30:00+00:00,1
SBER,trend,2023-05-04 06:00:00+00:00,2023-05-04 06:00:00+00:00,1
SBER,range,2023-05-04 06:30:00+00:00,2023-05-10 09:30:00+00:00,295
SBER,high_vol,2023-05-10 10:00:00+00:00,2023-05-10 11:00:00+00:00,3
SBER,trend,2023-05-10 11:30:00+00:00,2023-05-10 20:00:00+00:00,18
SBER,range,2023-05-10 20:30:00+00:00,2023-05-16 05:30:00+00:00,259
SBER,trend,2023-05-16 06:00:00+00:00,2023-05-16 06:00:00+00:00,1
SBER,range,2023-05-16 06:30:00+00:00,2023-05-24 00:30:00+00:00,373
SBER,trend,2023-05-24 01:00:00+00:00,2023-05-24 06:00:00+00:00,11
SBER,range,2023-05-24 06:30:00+00:00,2023-05-24 09:30:00+00:00,7
SBER,trend,2023-05-24 10:00:00+00:00,2023-05-25 06:00:00+00:00,41
SBER,range,2023-05-25 06:30:00+00:00,2023-05-25 09:30:00+00:00,7
SBER,trend,2023-05-25 10:00:00+00:00,2023-05-25 13:30:00+00:00,8
SBER,range,2023-05-25 14:00:00+00:00,2023-05-25 18:30:00+00:00,10
SBER,trend,2023-05-25 19:00:00+00:00,2023-05-25 23:00:00+00:00,9
SBER,range,2023-05-25 23:30:00+00:00,2023-05-25 23:30:00+00:00,1
SBER,trend,2023-05-26 00:00:00+00:00,2023-05-26 04:00:00+00:00,9
SBER,range,2023-05-26 04:30:00+00:00,2023-05-26 04:30:00+00:00,1
SBER,trend,2023-05-26 05:00:00+00:00,2023-05-26 05:00:00+00:00,1
SBER,range,2023-05-26 05:30:00+00:00,2023-05-26 18:30:00+00:00,27
SBER,trend,2023-05-26 19:00:00+00:00,2023-05-26 20:00:00+00:00,3
SBER,range,2023-05-26 20:30:00+00:00,2023-05-26 20:30:00+00:00,1
SBER,trend,2023-05-26 21:00:00+00:00,2023-05-27 06:00:00+00:00,19
SBER,range,2023-05-27 06:30:00+00:00,2023-05-30 01:30:00+00:00,135
SBER,trend,2023-05-30 02:00:00+00:00,2023-05-30 06:00:00+00:00,9
SBER,range,2023-05-30 06:30:00+00:00,2023-05-31 00:00:00+00:00,36
SBER,trend,2023-05-31 00:30:00+00:00,2023-05-31 06:00:00+00:00,12
SBER,range,2023-05-31 06:30:00+00:00,2023-06-02 00:00:00+00:00,84
SBER,trend,2023-06-02 00:30:00+00:00,2023-06-02 06:00:00+00:00,12
SBER,range,2023-06-02 06:30:00+00:00,2023-06-06 00:00:00+00:00,180
SBER,trend,2023-06-06 00:30:00+00:00,2023-06-06 02:30:00+00:00,5
SBER,range,2023-06-06 03:00:00+00:00,2023-06-06 03:00:00+00:00,1
SBER,trend,2023-06-06 03:30:00+00:00,2023-06-06 06:00:00+00:00,6
SBER,range,2023-06-06 06:30:00+00:00,2023-06-07 04:30:00+00:00,45
SBER,trend,2023-06-07 05:00:00+00:00,2023-06-07 06:00:00+00:00,3
SBER,range,2023-06-07 06:30:00+00:00,2023-06-13 22:30:00+00:00,321
SBER,trend,2023-06-13 23:00:00+00:00,2023-06-14 06:00:00+00:00,15
SBER,range,2023-06-14 06:30:00+00:00,2023-06-14 09:30:00+00:00,7
SBER,trend,2023-06-14 10:00:00+00:00,2023-06-14 10:00:00+00:00,1
SBER,range,2023-06-14 10:30:00+00:00,2023-06-20 01:30:00+00:00,271
SBER,trend,2023-06-20 02:00:00+00:00,2023-06-20 06:00:00+00:00,9
SBER,range,2023-06-20 06:30:00+00:00,2023-06-23 09:30:00+00:00,151
SBER,trend,2023-06-23 10:00:00+00:00,2023-06-23 10:00:00+00:00,1
SBER,range,2023-06-23 10:30:00+00:00,2023-06-28 03:30:00+00:00,227
SBER,trend,2023-06-28 04:00:00+00:00,2023-06-28 04:30:00+00:00,2
SBER,range,2023-06-28 05:00:00+00:00,2023-06-28 05:00:00+00:00,1
SBER,trend,2023-06-28 05:30:00+00:00,2023-06-28 06:00:00+00:00,2
SBER,range,2023-06-28 06:30:00+00:00,2023-07-04 00:30:00+00:00,277
SBER,trend,2023-07-04 01:00:00+00:00,2023-07-04 05:30:00+00:00,10
SBER,range,2023-07-04 06:00:00+00:00,2023-07-05 05:30:00+00:00,48
SBER,trend,2023-07-05 06:00:00+00:00,2023-07-05 06:00:00+00:00,1
SBER,range,2023-07-05 06:30:00+00:00,2023-07-08 05:30:00+00:00,143
SBER,trend,2023-07-08 06:00:00+00:00,2023-07-08 06:00:00+00:00,1
SBER,range,2023-07-08 06:30:00+00:00,2023-07-10 18:30:00+00:00,121
SBER,trend,2023-07-10 19:00:00+00:00,2023-07-11 06:00:00+00:00,23
SBER,range,2023-07-11 06:30:00+00:00,2023-07-21 02:30:00+00:00,473
SBER,trend,2023-07-21 03:00:00+00:00,2023-07-21 06:00:00+00:00,7
SBER,range,2023-07-21 06:30:00+00:00,2023-07-25 14:00:00+00:00,208
SBER,trend,2023-07-25 14:30:00+00:00,2023-07-25 15:00:00+00:00,2
SBER,range,2023-07-25 15:30:00+00:00,2023-07-26 01:30:00+00:00,21
SBER,trend,2023-07-26 02:00:00+00:00,2023-07-26 05:30:00+00:00,8
SBER,range,2023-07-26 06:00:00+00:00,2023-07-29 02:30:00+00:00,138
SBER,trend,2023-07-29 03:00:00+00:00,2023-07-29 05:00:00+00:00,5
SBER,range,2023-07-29 05:30:00+00:00,2023-07-29 05:30:00+00:00,1
SBER,trend,2023-07-29 06:00:00+00:00,2023-07-29 06:00:00+00:00,1
SBER,range,2023-07-29 06:30:00+00:00,2023-07-31 15:30:00+00:00,115
SBER,trend,2023-07-31 16:00:00+00:00,2023-08-01 06:00:00+00:00,29
SBER,range,2023-08-01 06:30:00+00:00,2023-08-01 09:30:00+00:00,7
SBER,trend,2023-08-01 10:00:00+00:00,2023-08-01 20:00:00+00:00,21
SBER,range,2023-08-01 20:30:00+00:00,2023-08-02 05:00:00+00:00,18
SBER,trend,2023-08-02 05:30:00+00:00,2023-08-02 06:00:00+00:00,2
SBER,range,2023-08-02 06:30:00+00:00,2023-08-05 02:30:00+00:00,137
SBER,trend,2023-08-05 03:00:00+00:00,2023-08-05 06:00:00+00:00,7
SBER,range,2023-08-05 06:30:00+00:00,2023-08-07 23:30:00+00:00,131
SBER,trend,2023-08-08 00:00:00+00:00,2023-08-08 06:00:00+00:00,13
SBER,range,2023-08-08 06:30:00+00:00,2023-08-15 00:00:00+00:00,324
SBER,trend,2023-08-15 00:30:00+00:00,2023-08-15 06:00:00+00:00,12
SBER,range,2023-08-15 06:30:00+00:00,2023-08-15 10:00:00+00:00,8
SBER,high_vol,2023-08-15 10:30:00+00:00,2023-08-15 10:30:00+00:00,1
SBER,range,2023-08-15 11:00:00+00:00,2023-08-16 01:00:00+00:00,29
SBER,trend,2023-08-16 01:30:00+00:00,2023-08-16 06:00:00+00:00,10
SBER,range,2023-08-16 06:30:00+00:00,2023-08-16 22:00:00+00:00,32
SBER,trend,2023-08-16 22:30:00+00:00,2023-08-17 06:00:00+00:00,16
SBER,range,2023-08-17 06:30:00+00:00,2023-08-19 01:30:00+00:00,87
SBER,trend,2023-08-19 02:00:00+00:00,2023-08-19 06:00:00+00:00,9
SBER,range,2023-08-19 06:30:00+00:00,2023-08-24 05:00:00+00:00,238
SBER,trend,2023-08-24 05:30:00+00:00,2023-08-24 06:00:00+00:00,2
SBER,range,2023-08-24 06:30:00+00:00,2023-08-28 17:30:00+00:00,215
SBER,trend,2023-08-28 18:00:00+00:00,2023-08-29 06:00:00+00:00,25
SBER,range,2023-08-29 06:30:00+00:00,2023-08-29 09:30:00+00:00,7
SBER,trend,2023-08-29 10:00:00+00:00,2023-08-29 10:30:00+00:00,2
SBER,range,2023-08-29 11:00:00+00:00,2023-09-06 02:00:00+00:00,367
SBER,trend,2023-09-06 02:30:00+00:00,2023-09-06 06:00:00+00:00,8
SBER,range,2023-09-06 06:30:00+00:00,2023-09-07 23:00:00+00:00,82
SBER,trend,2023-09-07 23:30:00+00:00,2023-09-08 06:00:00+00:00,14
SBER,range,2023-09-08 06:30:00+00:00,2023-09-08 17:30:00+00:00,23
SBER,trend,2023-09-08 18:00:00+00:00,2023-09-09 06:00:00+00:00,25
SBER,range,2023-09-09 06:30:00+00:00,2023-09-12 20:00:00+00:00,172
SBER,trend,2023-09-12 20:30:00+00:00,2023-09-13 06:00:00+00:00,20
SBER,range,2023-09-13 06:30:00+00:00,2023-09-13 09:30:00+00:00,7
SBER,trend,2023-09-13 10:00:00+00:00,2023-09-13 10:00:00+00:00,1
SBER,range,2023-09-13 10:30:00+00:00,2023-09-14 05:30:00+00:00,39
SBER,trend,2023-09-14 06:00:00+00:00,2023-09-14 06:00:00+00:00,1
SBER,range,2023-09-14 06:30:00+00:00,2023-09-16 02:30:00+00:00,89
SBER,trend,2023-09-16 03:00:00+00:00,2023-09-16 03:00:00+00:00,1
SBER,range,2023-09-16 03:30:00+00:00,2023-09-19 00:00:00+00:00,138
SBER,trend,2023-09-19 00:30:00+00:00,2023-09-19 06:00:00+00:00,12
SBER,range,2023-09-19 06:30:00+00:00,2023-09-19 21:30:00+00:00,31
SBER,trend,2023-09-19 22:00:00+00:00,2023-09-20 06:00:00+00:00,17
SBER,range,2023-09-20 06:30:00+00:00,2023-09-21 23:30:00+00:00,83
SBER,trend,2023-09-22 00:00:00+00:00,2023-09-22 06:00:00+00:00,13
SBER,range,2023-09-22 06:30:00+00:00,2023-09-27 00:00:00+00:00,228
SBER,trend,2023-09-27 00:30:00+00:00,2023-09-27 06:00:00+00:00,12
SBER,range,2023-09-27 06:30:00+00:00,2023-09-29 05:00:00+00:00,94
SBER,trend,2023-09-29 05:30:00+00:00,2023-09-29 06:00:00+00:00,2
SBER,range,2023-09-29 06:30:00+00:00,2023-09-30 01:00:00+00:00,38
SBER,trend,2023-09-30 01:30:00+00:00,2023-09-30 06:00:00+00:00,10
SBER,range,2023-09-30 06:30:00+00:00,2023-10-03 05:30:00+00:00,143
SBER,trend,2023-10-03 06:00:00+00:00,2023-10-03 06:00:00+00:00,1
SBER,range,2023-10-03 06:30:00+00:00,2023-10-07 02:00:00+00:00,184
SBER,trend,2023-10-07 02:30:00+00:00,2023-10-07 06:00:00+00:00,8
SBER,range,2023-10-07 06:30:00+00:00,2023-10-16 17:00:00+00:00,454
SBER,trend,2023-10-16 17:30:00+00:00,2023-10-17 06:00:00+00:00,26
SBER,range,2023-10-17 06:30:00+00:00,2023-10-17 19:00:00+00:00,26
SBER,trend,2023-10-17 19:30:00+00:00,2023-10-18 06:00:00+00:00,22
SBER,range,2023-10-18 06:30:00+00:00,2023-10-19 01:30:00+00:00,39
SBER,trend,2023-10-19 02:00:00+00:00,2023-10-19 06:00:00+00:00,9
SBER,range,2023-10-19 06:30:00+00:00,2023-10-19 09:30:00+00:00,7
SBER,trend,2023-10-19 10:00:00+00:00,2023-10-19 10:00:00+00:00,1
SBER,range,2023-10-19 10:30:00+00:00,2023-10-26 00:30:00+00:00,317
SBER,trend,2023-10-26 01:00:00+00:00,2023-10-26 06:00:00+00:00,11
SBER,range,2023-10-26 06:30:00+00:00,2023-11-06 19:30:00+00:00,555
SBER,trend,2023-11-06 20:00:00+00:00,2023-11-07 06:00:00+00:00,21
SBER,range,2023-11-07 06:30:00+00:00,2023-11-08 01:00:00+00:00,38
SBER,trend,2023-11-08 01:30:00+00:00,2023-11-08 06:00:00+00:00,10
SBER,range,2023-11-08 06:30:00+00:00,2023-11-08 18:30:00+00:00,25
SBER,trend,2023-11-08 19:00:00+00:00,2023-11-08 19:00:00+00:00,1
SBER,range,2023-11-08 19:30:00+00:00,2023-11-08 20:30:00+00:00,3
SBER,trend,2023-11-08 21:00:00+00:00,2023-11-09 06:00:00+00:00,19
SBER,range,2023-11-09 06:30:00+00:00,2023-11-10 17:30:00+00:00,71
SBER,trend,2023-11-10 18:00:00+00:00,2023-11-11 06:00:00+00:00,25
SBER,range,2023-11-11 06:30:00+00:00,2023-11-13 23:00:00+00:00,130
SBER,trend,2023-11-13 23:30:00+00:00,2023-11-14 06:00:00+00:00,14
SBER,range,2023-11-14 06:30:00+00:00,2023-11-15 03:30:00+00:00,43
SBER,trend,2023-11-15 04:00:00+00:00,2023-11-15 05:00:00+00:00,3
SBER,range,2023-11-15 05:30:00+00:00,2023-11-15 05:30:00+00:00,1
SBER,trend,2023-11-15 06:00:00+00:00,2023-11-15 06:00:00+00:00,1
SBER,range,2023-11-15 06:30:00+00:00,2023-11-16 01:00:00+00:00,38
SBER,trend,2023-11-16 01:30:00+00:00,2023-11-16 06:00:00+00:00,10
SBER,range,2023-11-16 06:30:00+00:00,2023-11-22 17:00:00+00:00,310
SBER,trend,2023-11-22 17:30:00+00:00,2023-11-22 17:30:00+00:00,1
SBER,range,2023-11-22 18:00:00+00:00,2023-11-22 22:30:00+00:00,10
SBER,trend,2023-11-22 23:00:00+00:00,2023-11-23 06:00:00+00:00,15
SBER,range,2023-11-23 06:30:00+00:00,2023-11-23 12:00:00+00:00,12
SBER,trend,2023-11-23 12:30:00+00:00,2023-11-23 12:30:00+00:00,1
SBER,range,2023-11-23 13:00:00+00:00,2023-11-27 23:30:00+00:00,214
SBER,trend,2023-11-28 00:00:00+00:00,2023-11-28 06:00:00+00:00,13
SBER,range,2023-11-28 06:30:00+00:00,2023-11-28 23:30:00+00:00,35
SBER,trend,2023-11-29 00:00:00+00:00,2023-11-29 06:00:00+00:00,13
SBER,range,2023-11-29 06:30:00+00:00,2023-11-30 00:30:00+00:00,37
SBER,trend,2023-11-30 01:00:00+00:00,2023-11-30 06:00:00+00:00,11
SBER,range,2023-11-30 06:30:00+00:00,2023-12-02 03:30:00+00:00,91
SBER,trend,2023-12-02 04:00:00+00:00,2023-12-02 06:00:00+00:00,5
SBER,range,2023-12-02 06:30:00+00:00,2023-12-05 21:00:00+00:00,174
SBER,trend,2023-12-05 21:30:00+00:00,2023-12-06 06:00:00+00:00,18
SBER,range,2023-12-06 06:30:00+00:00,2023-12-06 20:30:00+00:00,29
SBER,trend,2023-12-06 21:00:00+00:00,2023-12-07 06:00:00+00:00,19
SBER,range,2023-12-07 06:30:00+00:00,2023-12-07 22:30:00+00:00,33
SBER,trend,2023-12-07 23:00:00+00:00,2023-12-08 06:00:00+00:00,15
SBER,range,2023-12-08 06:30:00+00:00,2023-12-09 02:00:00+00:00,40
SBER,trend,2023-12-09 02:30:00+00:00,2023-12-09 03:00:00+00:00,2
SBER,range,2023-12-09 03:30:00+00:00,2023-12-09 04:30:00+00:00,3
SBER,trend,2023-12-09 05:00:00+00:00,2023-12-09 06:00:00+00:00,3
SBER,range,2023-12-09 06:30:00+00:00,2023-12-11 17:30:00+00:00,119
SBER,trend,2023-12-11 18:00:00+00:00,2023-12-12 06:00:00+00:00,25
SBER,range,2023-12-12 06:30:00+00:00,2023-12-15 05:00:00+00:00,142
SBER,trend,2023-12-15 05:30:00+00:00,2023-12-15 05:30:00+00:00,1
SBER,range,2023-12-15 06:00:00+00:00,2023-12-15 20:00:00+00:00,29
SBER,trend,2023-12-15 20:30:00+00:00,2023-12-16 06:00:00+00:00,20
SBER,range,2023-12-16 06:30:00+00:00,2023-12-22 17:00:00+00:00,310
SBER,trend,2023-12-22 17:30:00+00:00,2023-12-23 06:00:00+00:00,26
SBER,range,2023-12-23 06:30:00+00:00,2024-01-03 19:30:00+00:00,555
SBER,trend,2024-01-03 20:00:00+00:00,2024-01-04 05:00:00+00:00,19
SBER,range,2024-01-04 05:30:00+00:00,2024-01-08 21:00:00+00:00,224
SBER,trend,2024-01-08 21:30:00+00:00,2024-01-09 06:00:00+00:00,18
SBER,range,2024-01-09 06:30:00+00:00,2024-01-17 22:30:00+00:00,417
SBER,trend,2024-01-17 23:00:00+00:00,2024-01-18 05:30:00+00:00,14
SBER,range,2024-01-18 06:00:00+00:00,2024-01-20 00:00:00+00:00,85
SBER,trend,2024-01-20 00:30:00+00:00,2024-01-20 06:00:00+00:00,12
SBER,range,2024-01-20 06:30:00+00:00,2024-01-24 21:30:00+00:00,223
SBER,trend,2024-01-24 22:00:00+00:00,2024-01-25 06:00:00+00:00,17
SBER,range,2024-01-25 06:30:00+00:00,2024-01-25 20:30:00+00:00,29
SBER,trend,2024-01-25 21:00:00+00:00,2024-01-25 22:00:00+00:00,3
SBER,range,2024-01-25 22:30:00+00:00,2024-01-25 22:30:00+00:00,1
SBER,trend,2024-01-25 23:00:00+00:00,2024-01-26 04:30:00+00:00,12
SBER,range,2024-01-26 05:00:00+00:00,2024-01-26 05:00:00+00:00,1
SBER,trend,2024-01-26 05:30:00+00:00,2024-01-26 06:00:00+00:00,2
SBER,range,2024-01-26 06:30:00+00:00,2024-02-07 01:30:00+00:00,567
SBER,trend,2024-02-07 02:00:00+00:00,2024-02-07 05:30:00+00:00,8
SBER,range,2024-02-07 06:00:00+00:00,2024-02-07 14:00:00+00:00,17
SBER,trend,2024-02-07 14:30:00+00:00,2024-02-08 05:30:00+00:00,31
SBER,range,2024-02-08 06:00:00+00:00,2024-02-08 09:30:00+00:00,8
SBER,trend,2024-02-08 10:00:00+00:00,2024-02-08 10:00:00+00:00,1
SBER,range,2024-02-08 10:30:00+00:00,2024-02-12 18:00:00+00:00,208
SBER,trend,2024-02-12 18:30:00+00:00,2024-02-12 18:30:00+00:00,1
SBER,range,2024-02-12 19:00:00+00:00,2024-02-12 19:00:00+00:00,1
SBER,trend,2024-02-12 19:30:00+00:00,2024-02-13 06:00:00+00:00,22
SBER,range,2024-02-13 06:30:00+00:00,2024-02-14 01:30:00+00:00,39
SBER,trend,2024-02-14 02:00:00+00:00,2024-02-14 06:00:00+00:00,9
SBER,range,2024-02-14 06:30:00+00:00,2024-02-15 04:30:00+00:00,45
SBER,trend,2024-02-15 05:00:00+00:00,2024-02-15 05:30:00+00:00,2
SBER,range,2024-02-15 06:00:00+00:00,2024-02-16 01:00:00+00:00,39
SBER,trend,2024-02-16 01:30:00+00:00,2024-02-16 05:00:00+00:00,8
SBER,range,2024-02-16 05:30:00+00:00,2024-02-17 05:00:00+00:00,48
SBER,trend,2024-02-17 05:30:00+00:00,2024-02-17 05:30:00+00:00,1
SBER,range,2024-02-17 06:00:00+00:00,2024-02-21 05:00:00+00:00,191
SBER,trend,2024-02-21 05:30:00+00:00,2024-02-21 06:00:00+00:00,2
SBER,range,2024-02-21 06:30:00+00:00,2024-02-21 23:00:00+00:00,34
SBER,trend,2024-02-21 23:30:00+00:00,2024-02-22 06:00:00+00:00,14
SBER,range,2024-02-22 06:30:00+00:00,2024-02-26 22:30:00+00:00,225
SBER,trend,2024-02-26 23:00:00+00:00,2024-02-27 06:00:00+00:00,15
SBER,range,2024-02-27 06:30:00+00:00,2024-02-27 20:00:00+00:00,28
SBER,trend,2024-02-27 20:30:00+00:00,2024-02-28 06:00:00+00:00,20
SBER,range,2024-02-28 06:30:00+00:00,2024-03-01 18:00:00+00:00,120
SBER,trend,2024-03-01 18:30:00+00:00,2024-03-02 04:00:00+00:00,20
SBER,range,2024-03-02 04:30:00+00:00,2024-03-04 14:00:00+00:00,116
SBER,trend,2024-03-04 14:30:00+00:00,2024-03-05 06:00:00+00:00,32
SBER,range,2024-03-05 06:30:00+00:00,2024-03-13 05:30:00+00:00,383
SBER,trend,2024-03-13 06:00:00+00:00,2024-03-13 06:00:00+00:00,1
SBER,range,2024-03-13 06:30:00+00:00,2024-03-14 04:00:00+00:00,44
SBER,trend,2024-03-14 04:30:00+00:00,2024-03-14 06:00:00+00:00,4
SBER,range,2024-03-14 06:30:00+00:00,2024-03-14 17:30:00+00:00,23
SBER,trend,2024-03-14 18:00:00+00:00,2024-03-14 18:30:00+00:00,2
SBER,range,2024-03-14 19:00:00+00:00,2024-03-14 21:30:00+00:00,6
SBER,trend,2024-03-14 22:00:00+00:00,2024-03-15 06:00:00+00:00,17
SBER,range,2024-03-15 06:30:00+00:00,2024-03-19 23:30:00+00:00,227
SBER,trend,2024-03-20 00:00:00+00:00,2024-03-20 06:00:00+00:00,13
SBER,range,2024-03-20 06:30:00+00:00,2024-03-28 04:30:00+00:00,381
SBER,trend,2024-03-28 05:00:00+00:00,2024-03-28 06:00:00+00:00,3
SBER,range,2024-03-28 06:30:00+00:00,2024-03-28 17:30:00+00:00,23
SBER,trend,2024-03-28 18:00:00+00:00,2024-03-29 06:00:00+00:00,25
SBER,range,2024-03-29 06:30:00+00:00,2024-03-29 11:00:00+00:00,10
SBER,trend,2024-03-29 11:30:00+00:00,2024-03-29 11:30:00+00:00,1
SBER,range,2024-03-29 12:00:00+00:00,2024-03-30 01:30:00+00:00,28
SBER,trend,2024-03-30 02:00:00+00:00,2024-03-30 05:30:00+00:00,8
SBER,range,2024-03-30 06:00:00+00:00,2024-04-03 17:00:00+00:00,215
SBER,trend,2024-04-03 17:30:00+00:00,2024-04-04 06:00:00+00:00,26
SBER,range,2024-04-04 06:30:00+00:00,2024-04-06 01:30:00+00:00,87
SBER,trend,2024-04-06 02:00:00+00:00,2024-04-06 06:00:00+00:00,9
SBER,range,2024-04-06 06:30:00+00:00,2024-04-18 02:00:00+00:00,568
SBER,trend,2024-04-18 02:30:00+00:00,2024-04-18 04:00:00+00:00,4
SBER,range,2024-04-18 04:30:00+00:00,2024-04-18 04:30:00+00:00,1
SBER,trend,2024-04-18 05:00:00+00:00,2024-04-18 06:00:00+00:00,3
SBER,range,2024-04-18 06:30:00+00:00,2024-04-19 04:00:00+00:00,44
SBER,trend,2024-04-19 04:30:00+00:00,2024-04-19 04:30:00+00:00,1
SBER,range,2024-04-19 05:00:00+00:00,2024-04-22 20:00:00+00:00,175
SBER,trend,2024-04-22 20:30:00+00:00,2024-04-23 06:00:00+00:00,20
SBER,range,2024-04-23 06:30:00+00:00,2024-04-23 09:30:00+00:00,7
SBER,trend,2024-04-23 10:00:00+00:00,2024-04-23 11:30:00+00:00,4
SBER,range,2024-04-23 12:00:00+00:00,2024-04-24 05:30:00+00:00,36
SBER,trend,2024-04-24 06:00:00+00:00,2024-04-24 06:00:00+00:00,1
SBER,range,2024-04-24 06:30:00+00:00,2024-04-25 04:00:00+00:00,44
SBER,trend,2024-04-25 04:30:00+00:00,2024-04-25 06:00:00+00:00,4
SBER,range,2024-04-25 06:30:00+00:00,2024-05-03 05:00:00+00:00,382
SBER,trend,2024-05-03 05:30:00+00:00,2024-05-03 06:00:00+00:00,2
SBER,range,2024-05-03 06:30:00+00:00,2024-05-07 05:30:00+00:00,191
SBER,trend,2024-05-07 06:00:00+00:00,2024-05-07 06:00:00+00:00,1
SBER,range,2024-05-07 06:30:00+00:00,2024-05-07 22:00:00+00:00,32
SBER,trend,2024-05-07 22:30:00+00:00,2024-05-08 06:00:00+00:00,16
SBER,range,2024-05-08 06:30:00+00:00,2024-05-08 17:00:00+00:00,22
SBER,trend,2024-05-08 17:30:00+00:00,2024-05-09 06:00:00+00:00,26
SBER,range,2024-05-09 06:30:00+00:00,2024-05-10 15:30:00+00:00,67
SBER,trend,2024-05-10 16:00:00+00:00,2024-05-10 16:00:00+00:00,1
SBER,range,2024-05-10 16:30:00+00:00,2024-05-10 16:30:00+00:00,1
SBER,trend,2024-05-10 17:00:00+00:00,2024-05-11 06:00:00+00:00,27
SBER,range,2024-05-11 06:30:00+00:00,2024-05-14 21:00:00+00:00,174
SBER,trend,2024-05-14 21:30:00+00:00,2024-05-15 06:00:00+00:00,18
SBER,range,2024-05-15 06:30:00+00:00,2024-05-15 11:00:00+00:00,10
SBER,trend,2024-05-15 11:30:00+00:00,2024-05-16 06:00:00+00:00,38
SBER,range,2024-05-16 06:30:00+00:00,2024-05-16 09:30:00+00:00,7
SBER,trend,2024-05-16 10:00:00+00:00,2024-05-17 06:00:00+00:00,41
SBER,range,2024-05-17 06:30:00+00:00,2024-05-21 04:30:00+00:00,189
SBER,trend,2024-05-21 05:00:00+00:00,2024-05-21 06:00:00+00:00,3
SBER,range,2024-05-21 06:30:00+00:00,2024-05-22 19:30:00+00:00,75
SBER,trend,2024-05-22 20:00:00+00:00,2024-05-23 06:00:00+00:00,21
SBER,range,2024-05-23 06:30:00+00:00,2024-05-25 04:00:00+00:00,92
SBER,trend,2024-05-25 04:30:00+00:00,2024-05-25 05:30:00+00:00,3
SBER,range,2024-05-25 06:00:00+00:00,2024-05-28 01:30:00+00:00,136
SBER,trend,2024-05-28 02:00:00+00:00,2024-05-28 06:00:00+00:00,9
SBER,range,2024-05-28 06:30:00+00:00,2024-05-30 01:00:00+00:00,86
SBER,trend,2024-05-30 01:30:00+00:00,2024-05-30 06:00:00+00:00,10
SBER,range,2024-05-30 06:30:00+00:00,2024-05-30 09:30:00+00:00,7
SBER,trend,2024-05-30 10:00:00+00:00,2024-05-30 11:00:00+00:00,3
SBER,range,2024-05-30 11:30:00+00:00,2024-05-31 04:00:00+00:00,34
SBER,trend,2024-05-31 04:30:00+00:00,2024-05-31 05:00:00+00:00,2
SBER,range,2024-05-31 05:30:00+00:00,2024-06-01 05:30:00+00:00,49
SBER,trend,2024-06-01 06:00:00+00:00,2024-06-01 06:00:00+00:00,1
SBER,range,2024-06-01 06:30:00+00:00,2024-06-04 21:30:00+00:00,175
SBER,trend,2024-06-04 22:00:00+00:00,2024-06-05 06:00:00+00:00,17
SBER,range,2024-06-05 06:30:00+00:00,2024-06-05 09:30:00+00:00,7
SBER,trend,2024-06-05 10:00:00+00:00,2024-06-05 14:00:00+00:00,9
SBER,range,2024-06-05 14:30:00+00:00,2024-06-07 03:00:00+00:00,74
SBER,trend,2024-06-07 03:30:00+00:00,2024-06-07 05:30:00+00:00,5
SBER,range,2024-06-07 06:00:00+00:00,2024-06-07 20:00:00+00:00,29
SBER,trend,2024-06-07 20:30:00+00:00,2024-06-08 06:00:00+00:00,20
SBER,range,2024-06-08 06:30:00+00:00,2024-06-11 01:30:00+00:00,135
SBER,trend,2024-06-11 02:00:00+00:00,2024-06-11 06:00:00+00:00,9
SBER,range,2024-06-11 06:30:00+00:00,2024-06-13 09:30:00+00:00,103
SBER,high_vol,2024-06-13 10:00:00+00:00,2024-06-13 11:00:00+00:00,3
SBER,range,2024-06-13 11:30:00+00:00,2024-06-13 21:30:00+00:00,21
SBER,trend,2024-06-13 22:00:00+00:00,2024-06-14 06:00:00+00:00,17
SBER,range,2024-06-14 06:30:00+00:00,2024-06-14 15:30:00+00:00,19
SBER,trend,2024-06-14 16:00:00+00:00,2024-06-14 17:30:00+00:00,4
SBER,range,2024-06-14 18:00:00+00:00,2024-06-14 18:00:00+00:00,1
SBER,trend,2024-06-14 18:30:00+00:00,2024-06-15 06:00:00+00:00,24
SBER,range,2024-06-15 06:30:00+00:00,2024-06-18 01:30:00+00:00,135
SBER,trend,2024-06-18 02:00:00+00:00,2024-06-18 03:30:00+00:00,4
SBER,range,2024-06-18 04:00:00+00:00,2024-06-18 04:30:00+00:00,2
SBER,trend,2024-06-18 05:00:00+00:00,2024-06-18 06:00:00+00:00,3
SBER,range,2024-06-18 06:30:00+00:00,2024-06-18 17:00:00+00:00,22
SBER,trend,2024-06-18 17:30:00+00:00,2024-06-18 18:00:00+00:00,2
SBER,range,2024-06-18 18:30:00+00:00,2024-06-18 18:30:00+00:00,1
SBER,trend,2024-06-18 19:00:00+00:00,2024-06-18 19:00:00+00:00,1
SBER,range,2024-06-18 19:30:00+00:00,2024-06-18 20:30:00+00:00,3
SBER,trend,2024-06-18 21:00:00+00:00,2024-06-18 23:30:00+00:00,6
SBER,range,2024-06-19 00:00:00+00:00,2024-06-19 00:30:00+00:00,2
SBER,trend,2024-06-19 01:00:00+00:00,2024-06-19 06:00:00+00:00,11
SBER,range,2024-06-19 06:30:00+00:00,2024-06-19 18:30:00+00:00,25
SBER,trend,2024-06-19 19:00:00+00:00,2024-06-19 19:00:00+00:00,1
SBER,range,2024-06-19 19:30:00+00:00,2024-06-20 02:00:00+00:00,14
SBER,trend,2024-06-20 02:30:00+00:00,2024-06-20 06:00:00+00:00,8
SBER,range,2024-06-20 06:30:00+00:00,2024-06-21 02:00:00+00:00,40
SBER,trend,2024-06-21 02:30:00+00:00,2024-06-21 06:00:00+00:00,8
SBER,range,2024-06-21 06:30:00+00:00,2024-06-25 00:30:00+00:00,181
SBER,trend,2024-06-25 01:00:00+00:00,2024-06-25 06:00:00+00:00,11
SBER,range,2024-06-25 06:30:00+00:00,2024-06-25 20:30:00+00:00,29
SBER,trend,2024-06-25 21:00:00+00:00,2024-06-26 06:00:00+00:00,19
SBER,range,2024-06-26 06:30:00+00:00,2024-06-26 12:30:00+00:00,13
SBER,trend,2024-06-26 13:00:00+00:00,2024-06-27 06:00:00+00:00,35
SBER,range,2024-06-27 06:30:00+00:00,2024-06-27 18:00:00+00:00,24
SBER,trend,2024-06-27 18:30:00+00:00,2024-06-28 06:00:00+00:00,24
SBER,range,2024-06-28 06:30:00+00:00,2024-06-28 09:30:00+00:00,7
SBER,trend,2024-06-28 10:00:00+00:00,2024-06-28 14:00:00+00:00,9
SBER,range,2024-06-28 14:30:00+00:00,2024-07-05 01:30:00+00:00,311
SBER,trend,2024-07-05 02:00:00+00:00,2024-07-05 06:00:00+00:00,9
SBER,range,2024-07-05 06:30:00+00:00,2024-07-09 23:30:00+00:00,227
SBER,trend,2024-07-10 00:00:00+00:00,2024-07-10 06:00:00+00:00,13
SBER,range,2024-07-10 06:30:00+00:00,2024-07-10 23:00:00+00:00,34
SBER,trend,2024-07-10 23:30:00+00:00,2024-07-11 06:00:00+00:00,14
SBER,range,2024-07-11 06:30:00+00:00,2024-07-11 09:30:00+00:00,7
SBER,trend,2024-07-11 10:00:00+00:00,2024-07-12 06:00:00+00:00,41
SBER,range,2024-07-12 06:30:00+00:00,2024-07-12 15:00:00+00:00,18
SBER,trend,2024-07-12 15:30:00+00:00,2024-07-12 15:30:00+00:00,1
SBER,range,2024-07-12 16:00:00+00:00,2024-07-12 18:00:00+00:00,5
SBER,trend,2024-07-12 18:30:00+00:00,2024-07-13 06:00:00+00:00,24
SBER,range,2024-07-13 06:30:00+00:00,2024-07-15 18:00:00+00:00,120
SBER,trend,2024-07-15 18:30:00+00:00,2024-07-16 06:00:00+00:00,24
SBER,range,2024-07-16 06:30:00+00:00,2024-07-16 15:00:00+00:00,18
SBER,trend,2024-07-16 15:30:00+00:00,2024-07-16 17:00:00+00:00,4
SBER,range,2024-07-16 17:30:00+00:00,2024-07-18 22:00:00+00:00,106
SBER,trend,2024-07-18 22:30:00+00:00,2024-07-19 06:00:00+00:00,16
SBER,range,2024-07-19 06:30:00+00:00,2024-07-19 09:30:00+00:00,7
SBER,trend,2024-07-19 10:00:00+00:00,2024-07-19 10:00:00+00:00,1
SBER,range,2024-07-19 10:30:00+00:00,2024-07-19 14:00:00+00:00,8
SBER,trend,2024-07-19 14:30:00+00:00,2024-07-19 16:00:00+00:00,4
SBER,range,2024-07-19 16:30:00+00:00,2024-07-20 04:30:00+00:00,25
SBER,trend,2024-07-20 05:00:00+00:00,2024-07-20 06:00:00+00:00,3
SBER,range,2024-07-20 06:30:00+00:00,2024-07-22 23:00:00+00:00,130
SBER,trend,2024-07-22 23:30:00+00:00,2024-07-23 06:00:00+00:00,14
SBER,range,2024-07-23 06:30:00+00:00,2024-07-24 20:30:00+00:00,77
SBER,trend,2024-07-24 21:00:00+00:00,2024-07-24 21:00:00+00:00,1
SBER,range,2024-07-24 21:30:00+00:00,2024-07-26 02:30:00+00:00,59
SBER,trend,2024-07-26 03:00:00+00:00,2024-07-26 04:00:00+00:00,3
SBER,range,2024-07-26 04:30:00+00:00,2024-07-26 05:30:00+00:00,3
SBER,trend,2024-07-26 06:00:00+00:00,2024-07-26 06:00:00+00:00,1
SBER,range,2024-07-26 06:30:00+00:00,2024-07-27 00:00:00+00:00,36
SBER,trend,2024-07-27 00:30:00+00:00,2024-07-27 03:30:00+00:00,7
SBER,range,2024-07-27 04:00:00+00:00,2024-07-27 04:00:00+00:00,1
SBER,trend,2024-07-27 04:30:00+00:00,2024-07-27 06:00:00+00:00,4
SBER,range,2024-07-27 06:30:00+00:00,2024-07-29 21:00:00+00:00,126
SBER,trend,2024-07-29 21:30:00+00:00,2024-07-30 06:00:00+00:00,18
SBER,range,2024-07-30 06:30:00+00:00,2024-08-02 05:30:00+00:00,143
SBER,trend,2024-08-02 06:00:00+00:00,2024-08-02 06:00:00+00:00,1
SBER,range,2024-08-02 06:30:00+00:00,2024-08-05 22:30:00+00:00,177
SBER,trend,2024-08-05 23:00:00+00:00,2024-08-06 06:00:00+00:00,15
SBER,range,2024-08-06 06:30:00+00:00,2024-08-08 05:30:00+00:00,95
SBER,trend,2024-08-08 06:00:00+00:00,2024-08-08 06:00:00+00:00,1
SBER,range,2024-08-08 06:30:00+00:00,2024-08-08 09:30:00+00:00,7
SBER,trend,2024-08-08 10:00:00+00:00,2024-08-08 10:00:00+00:00,1
SBER,range,2024-08-08 10:30:00+00:00,2024-08-13 23:00:00+00:00,266
SBER,trend,2024-08-13 23:30:00+00:00,2024-08-14 06:00:00+00:00,14
SBER,range,2024-08-14 06:30:00+00:00,2024-08-14 09:30:00+00:00,7
SBER,trend,2024-08-14 10:00:00+00:00,2024-08-14 11:00:00+00:00,3
SBER,range,2024-08-14 11:30:00+00:00,2024-08-15 02:00:00+00:00,30
SBER,trend,2024-08-15 02:30:00+00:00,2024-08-15 06:00:00+00:00,8
SBER,range,2024-08-15 06:30:00+00:00,2024-08-15 18:30:00+00:00,25
SBER,trend,2024-08-15 19:00:00+00:00,2024-08-15 19:00:00+00:00,1
SBER,range,2024-08-15 19:30:00+00:00,2024-08-15 20:30:00+00:00,3
SBER,trend,2024-08-15 21:00:00+00:00,2024-08-16 05:00:00+00:00,17
SBER,range,2024-08-16 05:30:00+00:00,2024-08-16 22:00:00+00:00,34
SBER,trend,2024-08-16 22:30:00+00:00,2024-08-17 06:00:00+00:00,16
SBER,range,2024-08-17 06:30:00+00:00,2024-08-19 20:00:00+00:00,124
SBER,trend,2024-08-19 20:30:00+00:00,2024-08-20 06:00:00+00:00,20
SBER,range,2024-08-20 06:30:00+00:00,2024-08-20 22:00:00+00:00,32
SBER,trend,2024-08-20 22:30:00+00:00,2024-08-21 06:00:00+00:00,16
SBER,range,2024-08-21 06:30:00+00:00,2024-08-23 05:00:00+00:00,94
SBER,trend,2024-08-23 05:30:00+00:00,2024-08-23 05:30:00+00:00,1
SBER,range,2024-08-23 06:00:00+00:00,2024-08-23 10:00:00+00:00,9
SBER,high_vol,2024-08-23 10:30:00+00:00,2024-08-23 10:30:00+00:00,1
SBER,range,2024-08-23 11:00:00+00:00,2024-08-27 02:00:00+00:00,175
SBER,trend,2024-08-27 02:30:00+00:00,2024-08-27 04:30:00+00:00,5
SBER,range,2024-08-27 05:00:00+00:00,2024-08-27 05:00:00+00:00,1
SBER,trend,2024-08-27 05:30:00+00:00,2024-08-27 06:00:00+00:00,2
SBER,range,2024-08-27 06:30:00+00:00,2024-08-27 21:00:00+00:00,30
SBER,trend,2024-08-27 21:30:00+00:00,2024-08-28 06:00:00+00:00,18
SBER,range,2024-08-28 06:30:00+00:00,2024-08-28 09:30:00+00:00,7
SBER,trend,2024-08-28 10:00:00+00:00,2024-08-28 10:00:00+00:00,1
SBER,range,2024-08-28 10:30:00+00:00,2024-08-31 00:00:00+00:00,124
SBER,trend,2024-08-31 00:30:00+00:00,2024-08-31 06:00:00+00:00,12
SBER,range,2024-08-31 06:30:00+00:00,2024-09-02 20:00:00+00:00,124
SBER,trend,2024-09-02 20:30:00+00:00,2024-09-03 06:00:00+00:00,20
SBER,range,2024-09-03 06:30:00+00:00,2024-09-03 10:00:00+00:00,8
SBER,high_vol,2024-09-03 10:30:00+00:00,2024-09-03 13:00:00+00:00,6
SBER,range,2024-09-03 13:30:00+00:00,2024-09-04 05:30:00+00:00,33
SBER,trend,2024-09-04 06:00:00+00:00,2024-09-04 06:00:00+00:00,1
SBER,range,2024-09-04 06:30:00+00:00,2024-09-04 21:30:00+00:00,31
SBER,trend,2024-09-04 22:00:00+00:00,2024-09-05 06:00:00+00:00,17
SBER,range,2024-09-05 06:30:00+00:00,2024-09-05 14:00:00+00:00,16
SBER,trend,2024-09-05 14:30:00+00:00,2024-09-05 14:30:00+00:00,1
SBER,range,2024-09-05 15:00:00+00:00,2024-09-05 15:00:00+00:00,1
SBER,trend,2024-09-05 15:30:00+00:00,2024-09-05 16:00:00+00:00,2
SBER,range,2024-09-05 16:30:00+00:00,2024-09-06 04:00:00+00:00,24
SBER,trend,2024-09-06 04:30:00+00:00,2024-09-06 06:00:00+00:00,4
SBER,range,2024-09-06 06:30:00+00:00,2024-09-09 19:30:00+00:00,171
SBER,trend,2024-09-09 20:00:00+00:00,2024-09-10 06:00:00+00:00,21
SBER,range,2024-09-10 06:30:00+00:00,2024-09-12 15:30:00+00:00,115
SBER,trend,2024-09-12 16:00:00+00:00,2024-09-12 21:00:00+00:00,11
SBER,range,2024-09-12 21:30:00+00:00,2024-09-13 01:00:00+00:00,8
SBER,trend,2024-09-13 01:30:00+00:00,2024-09-13 06:00:00+00:00,10
SBER,range,2024-09-13 06:30:00+00:00,2024-09-14 03:00:00+00:00,42
SBER,trend,2024-09-14 03:30:00+00:00,2024-09-14 03:30:00+00:00,1
SBER,range,2024-09-14 04:00:00+00:00,2024-09-14 04:00:00+00:00,1
SBER,trend,2024-09-14 04:30:00+00:00,2024-09-14 06:00:00+00:00,4
SBER,range,2024-09-14 06:30:00+00:00,2024-09-16 21:30:00+00:00,127
SBER,trend,2024-09-16 22:00:00+00:00,2024-09-17 06:00:00+00:00,17
SBER,range,2024-09-17 06:30:00+00:00,2024-09-18 00:00:00+00:00,36
SBER,trend,2024-09-18 00:30:00+00:00,2024-09-18 06:00:00+00:00,12
SBER,range,2024-09-18 06:30:00+00:00,2024-09-20 23:00:00+00:00,130
SBER,trend,2024-09-20 23:30:00+00:00,2024-09-21 06:00:00+00:00,14
SBER,range,2024-09-21 06:30:00+00:00,2024-09-23 17:00:00+00:00,118
SBER,trend,2024-09-23 17:30:00+00:00,2024-09-23 18:00:00+00:00,2
SBER,range,2024-09-23 18:30:00+00:00,2024-09-23 19:30:00+00:00,3
SBER,trend,2024-09-23 20:00:00+00:00,2024-09-24 06:00:00+00:00,21
SBER,range,2024-09-24 06:30:00+00:00,2024-09-25 23:30:00+00:00,83
SBER,trend,2024-09-26 00:00:00+00:00,2024-09-26 06:00:00+00:00,13
SBER,range,2024-09-26 06:30:00+00:00,2024-09-26 09:30:00+00:00,7
SBER,trend,2024-09-26 10:00:00+00:00,2024-09-26 10:30:00+00:00,2
SBER,range,2024-09-26 11:00:00+00:00,2024-10-02 04:00:00+00:00,275
SBER,trend,2024-10-02 04:30:00+00:00,2024-10-02 06:00:00+00:00,4
SBER,range,2024-10-02 06:30:00+00:00,2024-10-02 18:30:00+00:00,25
SBER,trend,2024-10-02 19:00:00+00:00,2024-10-03 06:00:00+00:00,23
SBER,range,2024-10-03 06:30:00+00:00,2024-10-10 01:30:00+00:00,327
SBER,trend,2024-10-10 02:00:00+00:00,2024-10-10 04:00:00+00:00,5
SBER,range,2024-10-10 04:30:00+00:00,2024-10-11 23:00:00+00:00,86
SBER,trend,2024-10-11 23:30:00+00:00,2024-10-12 06:00:00+00:00,14
SBER,range,2024-10-12 06:30:00+00:00,2024-10-15 01:00:00+00:00,134
SBER,trend,2024-10-15 01:30:00+00:00,2024-10-15 06:00:00+00:00,10
SBER,range,2024-10-15 06:30:00+00:00,2024-10-16 00:30:00+00:00,37
SBER,trend,2024-10-16 01:00:00+00:00,2024-10-16 06:00:00+00:00,11
SBER,range,2024-10-16 06:30:00+00:00,2024-10-17 00:30:00+00:00,37
SBER,trend,2024-10-17 01:00:00+00:00,2024-10-17 06:00:00+00:00,11
SBER,range,2024-10-17 06:30:00+00:00,2024-10-17 19:30:00+00:00,27
SBER,trend,2024-10-17 20:00:00+00:00,2024-10-18 06:00:00+00:00,21
SBER,range,2024-10-18 06:30:00+00:00,2024-10-18 09:30:00+00:00,7
SBER,trend,2024-10-18 10:00:00+00:00,2024-10-18 10:00:00+00:00,1
SBER,range,2024-10-18 10:30:00+00:00,2024-10-23 00:00:00+00:00,220
SBER,trend,2024-10-23 00:30:00+00:00,2024-10-23 05:00:00+00:00,10
SBER,range,2024-10-23 05:30:00+00:00,2024-10-23 20:30:00+00:00,31
SBER,trend,2024-10-23 21:00:00+00:00,2024-10-24 06:00:00+00:00,19
SBER,range,2024-10-24 06:30:00+00:00,2024-10-25 21:30:00+00:00,79
SBER,trend,2024-10-25 22:00:00+00:00,2024-10-26 06:00:00+00:00,17
SBER,range,2024-10-26 06:30:00+00:00,2024-10-29 01:30:00+00:00,135
SBER,trend,2024-10-29 02:00:00+00:00,2024-10-29 06:00:00+00:00,9
SBER,range,2024-10-29 06:30:00+00:00,2024-10-31 21:00:00+00:00,126
SBER,trend,2024-10-31 21:30:00+00:00,2024-10-31 21:30:00+00:00,1
SBER,range,2024-10-31 22:00:00+00:00,2024-10-31 22:00:00+00:00,1
SBER,trend,2024-10-31 22:30:00+00:00,2024-11-01 02:30:00+00:00,9
SBER,range,2024-11-01 03:00:00+00:00,2024-11-01 03:00:00+00:00,1
SBER,trend,2024-11-01 03:30:00+00:00,2024-11-01 06:00:00+00:00,6
SBER,range,2024-11-01 06:30:00+00:00,2024-11-03 05:30:00+00:00,95
SBER,trend,2024-11-03 06:00:00+00:00,2024-11-03 06:00:00+00:00,1
SBER,range,2024-11-03 06:30:00+00:00,2024-11-06 09:30:00+00:00,151
SBER,trend,2024-11-06 10:00:00+00:00,2024-11-06 10:30:00+00:00,2
SBER,range,2024-11-06 11:00:00+00:00,2024-11-06 11:00:00+00:00,1
SBER,trend,2024-11-06 11:30:00+00:00,2024-11-06 14:00:00+00:00,6
SBER,range,2024-11-06 14:30:00+00:00,2024-11-07 21:00:00+00:00,62
SBER,trend,2024-11-07 21:30:00+00:00,2024-11-08 06:00:00+00:00,18
SBER,range,2024-11-08 06:30:00+00:00,2024-11-08 09:30:00+00:00,7
SBER,trend,2024-11-08 10:00:00+00:00,2024-11-08 16:00:00+00:00,13
SBER,range,2024-11-08 16:30:00+00:00,2024-11-08 16:30:00+00:00,1
SBER,trend,2024-11-08 17:00:00+00:00,2024-11-09 06:00:00+00:00,27
SBER,range,2024-11-09 06:30:00+00:00,2024-11-12 00:30:00+00:00,133
SBER,trend,2024-11-12 01:00:00+00:00,2024-11-12 06:00:00+00:00,11
SBER,range,2024-11-12 06:30:00+00:00,2024-11-13 00:30:00+00:00,37
SBER,trend,2024-11-13 01:00:00+00:00,2024-11-13 05:00:00+00:00,9
SBER,range,2024-11-13 05:30:00+00:00,2024-11-13 05:30:00+00:00,1
SBER,trend,2024-11-13 06:00:00+00:00,2024-11-13 06:00:00+00:00,1
SBER,range,2024-11-13 06:30:00+00:00,2024-11-14 17:30:00+00:00,71
SBER,trend,2024-11-14 18:00:00+00:00,2024-11-15 06:00:00+00:00,25
SBER,range,2024-11-15 06:30:00+00:00,2024-11-15 09:30:00+00:00,7
SBER,trend,2024-11-15 10:00:00+00:00,2024-11-15 10:00:00+00:00,1
SBER,range,2024-11-15 10:30:00+00:00,2024-11-15 10:30:00+00:00,1
SBER,trend,2024-11-15 11:00:00+00:00,2024-11-15 11:00:00+00:00,1
SBER,range,2024-11-15 11:30:00+00:00,2024-11-16 05:30:00+00:00,37
SBER,trend,2024-11-16 06:00:00+00:00,2024-11-16 06:00:00+00:00,1
SBER,range,2024-11-16 06:30:00+00:00,2024-11-19 18:00:00+00:00,168
SBER,trend,2024-11-19 18:30:00+00:00,2024-11-20 06:00:00+00:00,24
SBER,range,2024-11-20 06:30:00+00:00,2024-11-20 09:30:00+00:00,7
SBER,trend,2024-11-20 10:00:00+00:00,2024-11-20 10:00:00+00:00,1
SBER,range,2024-11-20 10:30:00+00:00,2024-11-20 21:30:00+00:00,23
SBER,trend,2024-11-20 22:00:00+00:00,2024-11-21 06:00:00+00:00,17
SBER,range,2024-11-21 06:30:00+00:00,2024-11-21 09:30:00+00:00,7
SBER,trend,2024-11-21 10:00:00+00:00,2024-11-21 10:00:00+00:00,1
SBER,range,2024-11-21 10:30:00+00:00,2024-11-25 21:00:00+00:00,214
SBER,trend,2024-11-25 21:30:00+00:00,2024-11-26 06:00:00+00:00,18
SBER,range,2024-11-26 06:30:00+00:00,2024-11-26 09:30:00+00:00,7
SBER,trend,2024-11-26 10:00:00+00:00,2024-11-26 10:00:00+00:00,1
SBER,range,2024-11-26 10:30:00+00:00,2024-11-26 20:00:00+00:00,20
SBER,trend,2024-11-26 20:30:00+00:00,2024-11-27 06:00:00+00:00,20
SBER,range,2024-11-27 06:30:00+00:00,2024-11-29 00:30:00+00:00,85
SBER,trend,2024-11-29 01:00:00+00:00,2024-11-29 06:00:00+00:00,11
SBER,range,2024-11-29 06:30:00+00:00,2024-11-29 09:30:00+00:00,7
SBER,trend,2024-11-29 10:00:00+00:00,2024-11-29 10:00:00+00:00,1
SBER,range,2024-11-29 10:30:00+00:00,2024-11-29 14:30:00+00:00,9
SBER,trend,2024-11-29 15:00:00+00:00,2024-11-29 16:00:00+00:00,3
SBER,range,2024-11-29 16:30:00+00:00,2024-11-29 16:30:00+00:00,1
SBER,trend,2024-11-29 17:00:00+00:00,2024-11-30 06:00:00+00:00,27
SBER,range,2024-11-30 06:30:00+00:00,2024-12-03 22:00:00+00:00,176
SBER,trend,2024-12-03 22:30:00+00:00,2024-12-04 06:00:00+00:00,16
SBER,range,2024-12-04 06:30:00+00:00,2024-12-04 21:30:00+00:00,31
SBER,trend,2024-12-04 22:00:00+00:00,2024-12-05 06:00:00+00:00,17
SBER,range,2024-12-05 06:30:00+00:00,2024-12-06 01:30:00+00:00,39
SBER,trend,2024-12-06 02:00:00+00:00,2024-12-06 05:30:00+00:00,8
SBER,range,2024-12-06 06:00:00+00:00,2024-12-06 10:00:00+00:00,9
SBER,high_vol,2024-12-06 10:30:00+00:00,2024-12-06 10:30:00+00:00,1
SBER,range,2024-12-06 11:00:00+00:00,2024-12-06 21:00:00+00:00,21
SBER,trend,2024-12-06 21:30:00+00:00,2024-12-07 06:00:00+00:00,18
SBER,range,2024-12-07 06:30:00+00:00,2024-12-10 19:00:00+00:00,170
SBER,trend,2024-12-10 19:30:00+00:00,2024-12-11 06:00:00+00:00,22
SBER,range,2024-12-11 06:30:00+00:00,2024-12-11 09:30:00+00:00,7
SBER,trend,2024-12-11 10:00:00+00:00,2024-12-11 11:30:00+00:00,4
SBER,range,2024-12-11 12:00:00+00:00,2024-12-13 00:30:00+00:00,74
SBER,trend,2024-12-13 01:00:00+00:00,2024-12-13 06:00:00+00:00,11
SBER,range,2024-12-13 06:30:00+00:00,2024-12-13 09:30:00+00:00,7
SBER,trend,2024-12-13 10:00:00+00:00,2024-12-13 10:00:00+00:00,1
SBER,range,2024-12-13 10:30:00+00:00,2024-12-19 02:00:00+00:00,272
SBER,trend,2024-12-19 02:30:00+00:00,2024-12-19 06:00:00+00:00,8
SBER,range,2024-12-19 06:30:00+00:00,2024-12-19 09:30:00+00:00,7
SBER,trend,2024-12-19 10:00:00+00:00,2024-12-19 10:30:00+00:00,2
SBER,range,2024-12-19 11:00:00+00:00,2024-12-20 15:00:00+00:00,57
SBER,trend,2024-12-20 15:30:00+00:00,2024-12-20 16:00:00+00:00,2
SBER,high_vol,2024-12-20 16:30:00+00:00,2024-12-20 20:00:00+00:00,8
SBER,trend,2024-12-20 20:30:00+00:00,2024-12-21 06:00:00+00:00,20
SBER,range,2024-12-21 06:30:00+00:00,2024-12-23 10:30:00+00:00,105
SBER,high_vol,2024-12-23 11:00:00+00:00,2024-12-23 15:00:00+00:00,9
SBER,range,2024-12-23 15:30:00+00:00,2024-12-23 16:00:00+00:00,2
SBER,high_vol,2024-12-23 16:30:00+00:00,2024-12-23 16:30:00+00:00,1
SBER,range,2024-12-23 17:00:00+00:00,2024-12-24 01:30:00+00:00,18
SBER,trend,2024-12-24 02:00:00+00:00,2024-12-24 06:00:00+00:00,9
SBER,range,2024-12-24 06:30:00+00:00,2024-12-25 22:30:00+00:00,81
SBER,trend,2024-12-25 23:00:00+00:00,2024-12-26 06:00:00+00:00,15
SBER,range,2024-12-26 06:30:00+00:00,2024-12-26 09:30:00+00:00,7
SBER,trend,2024-12-26 10:00:00+00:00,2024-12-26 10:00:00+00:00,1
SBER,range,2024-12-26 10:30:00+00:00,2024-12-30 17:30:00+00:00,207
SBER,trend,2024-12-30 18:00:00+00:00,2024-12-31 06:00:00+00:00,25
SBER,range,2024-12-31 06:30:00+00:00,2025-01-03 16:30:00+00:00,165
SBER,trend,2025-01-03 17:00:00+00:00,2025-01-04 06:00:00+00:00,27
SBER,range,2025-01-04 06:30:00+00:00,2025-01-08 17:00:00+00:00,214
SBER,trend,2025-01-08 17:30:00+00:00,2025-01-09 06:00:00+00:00,26
SBER,range,2025-01-09 06:30:00+00:00,2025-01-10 02:30:00+00:00,41
SBER,trend,2025-01-10 03:00:00+00:00,2025-01-10 05:00:00+00:00,5
SBER,range,2025-01-10 05:30:00+00:00,2025-01-10 22:00:00+00:00,34
SBER,trend,2025-01-10 22:30:00+00:00,2025-01-11 06:00:00+00:00,16
SBER,range,2025-01-11 06:30:00+00:00,2025-01-16 03:00:00+00:00,234
SBER,trend,2025-01-16 03:30:00+00:00,2025-01-16 06:00:00+00:00,6
SBER,range,2025-01-16 06:30:00+00:00,2025-01-16 09:30:00+00:00,7
SBER,trend,2025-01-16 10:00:00+00:00,2025-01-16 10:30:00+00:00,2
SBER,range,2025-01-16 11:00:00+00:00,2025-01-21 03:30:00+00:00,226
SBER,trend,2025-01-21 04:00:00+00:00,2025-01-21 06:00:00+00:00,5
SBER,range,2025-01-21 06:30:00+00:00,2025-01-21 09:30:00+00:00,7
SBER,trend,2025-01-21 10:00:00+00:00,2025-01-21 10:00:00+00:00,1
SBER,range,2025-01-21 10:30:00+00:00,2025-01-27 20:30:00+00:00,309
SBER,trend,2025-01-27 21:00:00+00:00,2025-01-28 06:00:00+00:00,19
SBER,range,2025-01-28 06:30:00+00:00,2025-01-28 06:30:00+00:00,1
SBER,trend,2025-01-28 07:00:00+00:00,2025-01-28 08:30:00+00:00,4
SBER,range,2025-01-28 09:00:00+00:00,2025-01-29 04:30:00+00:00,40
SBER,trend,2025-01-29 05:00:00+00:00,2025-01-29 06:00:00+00:00,3
SBER,range,2025-01-29 06:30:00+00:00,2025-01-30 02:30:00+00:00,41
SBER,trend,2025-01-30 03:00:00+00:00,2025-01-30 06:00:00+00:00,7
SBER,range,2025-01-30 06:30:00+00:00,2025-01-30 06:30:00+00:00,1
SBER,trend,2025-01-30 07:00:00+00:00,2025-01-30 08:00:00+00:00,3
SBER,range,2025-01-30 08:30:00+00:00,2025-01-31 01:00:00+00:00,34
SBER,trend,2025-01-31 01:30:00+00:00,2025-01-31 06:00:00+00:00,10
SBER,range,2025-01-31 06:30:00+00:00,2025-01-31 07:00:00+00:00,2
SBER,trend,2025-01-31 07:30:00+00:00,2025-01-31 08:00:00+00:00,2
SBER,range,2025-01-31 08:30:00+00:00,2025-02-05 04:30:00+00:00,233
SBER,trend,2025-02-05 05:00:00+00:00,2025-02-05 05:30:00+00:00,2
SBER,range,2025-02-05 06:00:00+00:00,2025-02-05 22:30:00+00:00,34
SBER,trend,2025-02-05 23:00:00+00:00,2025-02-06 06:00:00+00:00,15
SBER,range,2025-02-06 06:30:00+00:00,2025-02-06 06:30:00+00:00,1
SBER,trend,2025-02-06 07:00:00+00:00,2025-02-06 10:00:00+00:00,7
SBER,range,2025-02-06 10:30:00+00:00,2025-02-06 10:30:00+00:00,1
SBER,trend,2025-02-06 11:00:00+00:00,2025-02-06 14:00:00+00:00,7
SBER,range,2025-02-06 14:30:00+00:00,2025-02-06 17:00:00+00:00,6
SBER,trend,2025-02-06 17:30:00+00:00,2025-02-07 06:00:00+00:00,26
SBER,range,2025-02-07 06:30:00+00:00,2025-02-07 06:30:00+00:00,1
SBER,trend,2025-02-07 07:00:00+00:00,2025-02-07 10:00:00+00:00,7
SBER,range,2025-02-07 10:30:00+00:00,2025-02-10 17:00:00+00:00,158
SBER,trend,2025-02-10 17:30:00+00:00,2025-02-10 22:00:00+00:00,10
SBER,range,2025-02-10 22:30:00+00:00,2025-02-12 04:30:00+00:00,61
SBER,trend,2025-02-12 05:00:00+00:00,2025-02-12 06:00:00+00:00,3
SBER,range,2025-02-12 06:30:00+00:00,2025-02-12 08:00:00+00:00,4
SBER,trend,2025-02-12 08:30:00+00:00,2025-02-12 15:30:00+00:00,15
SBER,range,2025-02-12 16:00:00+00:00,2025-02-13 02:30:00+00:00,22
SBER,trend,2025-02-13 03:00:00+00:00,2025-02-13 06:00:00+00:00,7
SBER,range,2025-02-13 06:30:00+00:00,2025-02-13 06:30:00+00:00,1
SBER,trend,2025-02-13 07:00:00+00:00,2025-02-13 10:00:00+00:00,7
SBER,high_vol,2025-02-13 10:30:00+00:00,2025-02-13 11:30:00+00:00,3
SBER,range,2025-02-13 12:00:00+00:00,2025-02-13 13:00:00+00:00,3
SBER,high_vol,2025-02-13 13:30:00+00:00,2025-02-13 15:30:00+00:00,5
SBER,range,2025-02-13 16:00:00+00:00,2025-02-14 01:00:00+00:00,19
SBER,trend,2025-02-14 01:30:00+00:00,2025-02-14 03:00:00+00:00,4
SBER,range,2025-02-14 03:30:00+00:00,2025-02-14 06:30:00+00:00,7
SBER,high_vol,2025-02-14 07:00:00+00:00,2025-02-14 08:00:00+00:00,3
SBER,range,2025-02-14 08:30:00+00:00,2025-02-18 01:30:00+00:00,179
SBER,trend,2025-02-18 02:00:00+00:00,2025-02-18 06:00:00+00:00,9
SBER,range,2025-02-18 06:30:00+00:00,2025-02-19 05:30:00+00:00,47
SBER,trend,2025-02-19 06:00:00+00:00,2025-02-19 06:00:00+00:00,1
SBER,range,2025-02-19 06:30:00+00:00,2025-02-27 02:00:00+00:00,376
SBER,trend,2025-02-27 02:30:00+00:00,2025-02-27 06:00:00+00:00,8
SBER,range,2025-02-27 06:30:00+00:00,2025-02-28 06:30:00+00:00,49
SBER,trend,2025-02-28 07:00:00+00:00,2025-02-28 07:00:00+00:00,1
SBER,range,2025-02-28 07:30:00+00:00,2025-02-28 08:00:00+00:00,2
SBER,trend,2025-02-28 08:30:00+00:00,2025-02-28 08:30:00+00:00,1
SBER,range,2025-02-28 09:00:00+00:00,2025-03-01 16:00:00+00:00,63
SBER,trend,2025-03-01 16:30:00+00:00,2025-03-01 17:30:00+00:00,3
SBER,range,2025-03-01 18:00:00+00:00,2025-03-01 20:30:00+00:00,6
SBER,trend,2025-03-01 21:00:00+00:00,2025-03-02 00:30:00+00:00,8
SBER,range,2025-03-02 01:00:00+00:00,2025-03-04 12:30:00+00:00,120
SBER,trend,2025-03-04 13:00:00+00:00,2025-03-05 06:00:00+00:00,35
SBER,range,2025-03-05 06:30:00+00:00,2025-03-14 23:30:00+00:00,467
SBER,trend,2025-03-15 00:00:00+00:00,2025-03-15 06:00:00+00:00,13
SBER,range,2025-03-15 06:30:00+00:00,2025-03-15 09:30:00+00:00,7
SBER,trend,2025-03-15 10:00:00+00:00,2025-03-16 01:00:00+00:00,31
SBER,range,2025-03-16 01:30:00+00:00,2025-03-16 09:30:00+00:00,17
SBER,trend,2025-03-16 10:00:00+00:00,2025-03-16 10:00:00+00:00,1
SBER,range,2025-03-16 10:30:00+00:00,2025-03-16 17:30:00+00:00,15
SBER,trend,2025-03-16 18:00:00+00:00,2025-03-16 19:00:00+00:00,3
SBER,range,2025-03-16 19:30:00+00:00,2025-03-17 00:00:00+00:00,10
SBER,trend,2025-03-17 00:30:00+00:00,2025-03-17 00:30:00+00:00,1
SBER,range,2025-03-17 01:00:00+00:00,2025-03-17 06:30:00+00:00,12
SBER,trend,2025-03-17 07:00:00+00:00,2025-03-17 07:00:00+00:00,1
SBER,range,2025-03-17 07:30:00+00:00,2025-03-18 02:30:00+00:00,39
SBER,trend,2025-03-18 03:00:00+00:00,2025-03-18 03:00:00+00:00,1
SBER,range,2025-03-18 03:30:00+00:00,2025-03-18 03:30:00+00:00,1
SBER,trend,2025-03-18 04:00:00+00:00,2025-03-18 06:00:00+00:00,5
SBER,range,2025-03-18 06:30:00+00:00,2025-03-18 06:30:00+00:00,1
SBER,trend,2025-03-18 07:00:00+00:00,2025-03-18 07:30:00+00:00,2
SBER,range,2025-03-18 08:00:00+00:00,2025-03-18 08:30:00+00:00,2
SBER,trend,2025-03-18 09:00:00+00:00,2025-03-18 09:30:00+00:00,2
SBER,range,2025-03-18 10:00:00+00:00,2025-03-22 01:30:00+00:00,176
SBER,trend,2025-03-22 02:00:00+00:00,2025-03-22 06:00:00+00:00,9
SBER,range,2025-03-22 06:30:00+00:00,2025-03-25 05:00:00+00:00,142
SBER,trend,2025-03-25 05:30:00+00:00,2025-03-25 06:00:00+00:00,2
SBER,range,2025-03-25 06:30:00+00:00,2025-03-25 06:30:00+00:00,1
SBER,trend,2025-03-25 07:00:00+00:00,2025-03-25 07:00:00+00:00,1
SBER,range,2025-03-25 07:30:00+00:00,2025-03-27 06:30:00+00:00,95
SBER,trend,2025-03-27 07:00:00+00:00,2025-03-27 07:00:00+00:00,1
SBER,range,2025-03-27 07:30:00+00:00,2025-03-27 23:30:00+00:00,33
SBER,trend,2025-03-28 00:00:00+00:00,2025-03-28 06:00:00+00:00,13
SBER,range,2025-03-28 06:30:00+00:00,2025-03-28 06:30:00+00:00,1
SBER,trend,2025-03-28 07:00:00+00:00,2025-03-28 08:00:00+00:00,3
SBER,range,2025-03-28 08:30:00+00:00,2025-03-29 02:00:00+00:00,36
SBER,trend,2025-03-29 02:30:00+00:00,2025-03-29 06:00:00+00:00,8
SBER,range,2025-03-29 06:30:00+00:00,2025-03-29 15:30:00+00:00,19
SBER,trend,2025-03-29 16:00:00+00:00,2025-03-29 16:00:00+00:00,1
SBER,range,2025-03-29 16:30:00+00:00,2025-03-29 16:30:00+00:00,1
SBER,trend,2025-03-29 17:00:00+00:00,2025-03-30 01:00:00+00:00,17
SBER,range,2025-03-30 01:30:00+00:00,2025-03-30 11:30:00+00:00,21
SBER,trend,2025-03-30 12:00:00+00:00,2025-03-30 15:30:00+00:00,8
SBER,range,2025-03-30 16:00:00+00:00,2025-03-30 17:30:00+00:00,4
SBER,trend,2025-03-30 18:00:00+00:00,2025-03-30 19:30:00+00:00,4
SBER,range,2025-03-30 20:00:00+00:00,2025-03-31 00:30:00+00:00,10
SBER,trend,2025-03-31 01:00:00+00:00,2025-03-31 01:00:00+00:00,1
SBER,range,2025-03-31 01:30:00+00:00,2025-03-31 21:30:00+00:00,41
SBER,trend,2025-03-31 22:00:00+00:00,2025-04-01 06:00:00+00:00,17
SBER,range,2025-04-01 06:30:00+00:00,2025-04-01 06:30:00+00:00,1
SBER,trend,2025-04-01 07:00:00+00:00,2025-04-01 13:00:00+00:00,13
SBER,range,2025-04-01 13:30:00+00:00,2025-04-02 04:00:00+00:00,30
SBER,trend,2025-04-02 04:30:00+00:00,2025-04-02 06:00:00+00:00,4
SBER,range,2025-04-02 06:30:00+00:00,2025-04-04 22:30:00+00:00,129
SBER,trend,2025-04-04 23:00:00+00:00,2025-04-05 06:00:00+00:00,15
SBER,range,2025-04-05 06:30:00+00:00,2025-04-05 09:30:00+00:00,7
SBER,trend,2025-04-05 10:00:00+00:00,2025-04-05 18:00:00+00:00,17
SBER,range,2025-04-05 18:30:00+00:00,2025-04-05 20:00:00+00:00,4
SBER,trend,2025-04-05 20:30:00+00:00,2025-04-06 01:00:00+00:00,10
SBER,range,2025-04-06 01:30:00+00:00,2025-04-07 07:00:00+00:00,60
SBER,high_vol,2025-04-07 07:30:00+00:00,2025-04-07 19:30:00+00:00,25
SBER,range,2025-04-07 20:00:00+00:00,2025-04-10 03:30:00+00:00,112
SBER,trend,2025-04-10 04:00:00+00:00,2025-04-10 06:00:00+00:00,5
SBER,range,2025-04-10 06:30:00+00:00,2025-04-10 06:30:00+00:00,1
SBER,trend,2025-04-10 07:00:00+00:00,2025-04-10 11:30:00+00:00,10
SBER,range,2025-04-10 12:00:00+00:00,2025-04-12 00:00:00+00:00,73
SBER,trend,2025-04-12 00:30:00+00:00,2025-04-12 06:00:00+00:00,12
SBER,range,2025-04-12 06:30:00+00:00,2025-04-12 09:30:00+00:00,7
SBER,trend,2025-04-12 10:00:00+00:00,2025-04-13 01:00:00+00:00,31
SBER,range,2025-04-13 01:30:00+00:00,2025-04-15 03:30:00+00:00,101
SBER,trend,2025-04-15 04:00:00+00:00,2025-04-15 05:30:00+00:00,4
SBER,range,2025-04-15 06:00:00+00:00,2025-04-15 06:30:00+00:00,2
SBER,trend,2025-04-15 07:00:00+00:00,2025-04-15 08:30:00+00:00,4
SBER,range,2025-04-15 09:00:00+00:00,2025-04-17 05:30:00+00:00,90
SBER,trend,2025-04-17 06:00:00+00:00,2025-04-17 06:00:00+00:00,1
SBER,range,2025-04-17 06:30:00+00:00,2025-04-21 21:30:00+00:00,223
SBER,trend,2025-04-21 22:00:00+00:00,2025-04-22 06:00:00+00:00,17
SBER,range,2025-04-22 06:30:00+00:00,2025-04-22 06:30:00+00:00,1
SBER,trend,2025-04-22 07:00:00+00:00,2025-04-22 11:00:00+00:00,9
SBER,range,2025-04-22 11:30:00+00:00,2025-04-23 03:30:00+00:00,33
SBER,trend,2025-04-23 04:00:00+00:00,2025-04-23 06:00:00+00:00,5
SBER,range,2025-04-23 06:30:00+00:00,2025-04-23 06:30:00+00:00,1
SBER,trend,2025-04-23 07:00:00+00:00,2025-04-23 07:30:00+00:00,2
SBER,range,2025-04-23 08:00:00+00:00,2025-04-25 22:30:00+00:00,126
SBER,trend,2025-04-25 23:00:00+00:00,2025-04-26 06:00:00+00:00,15
SBER,range,2025-04-26 06:30:00+00:00,2025-04-26 09:30:00+00:00,7
SBER,trend,2025-04-26 10:00:00+00:00,2025-04-26 16:30:00+00:00,14
SBER,range,2025-04-26 17:00:00+00:00,2025-04-27 09:30:00+00:00,34
SBER,trend,2025-04-27 10:00:00+00:00,2025-04-27 10:00:00+00:00,1
SBER,range,2025-04-27 10:30:00+00:00,2025-04-29 04:00:00+00:00,84
SBER,trend,2025-04-29 04:30:00+00:00,2025-04-29 06:00:00+00:00,4
SBER,range,2025-04-29 06:30:00+00:00,2025-04-29 07:00:00+00:00,2
SBER,trend,2025-04-29 07:30:00+00:00,2025-04-29 08:30:00+00:00,3
SBER,range,2025-04-29 09:00:00+00:00,2025-04-29 21:00:00+00:00,25
SBER,trend,2025-04-29 21:30:00+00:00,2025-04-30 06:00:00+00:00,18
SBER,range,2025-04-30 06:30:00+00:00,2025-04-30 06:30:00+00:00,1
SBER,trend,2025-04-30 07:00:00+00:00,2025-04-30 08:30:00+00:00,4
SBER,range,2025-04-30 09:00:00+00:00,2025-05-02 18:30:00+00:00,116
SBER,trend,2025-05-02 19:00:00+00:00,2025-05-03 06:00:00+00:00,23
SBER,range,2025-05-03 06:30:00+00:00,2025-05-03 11:00:00+00:00,10
SBER,trend,2025-05-03 11:30:00+00:00,2025-05-03 16:00:00+00:00,10
SBER,range,2025-05-03 16:30:00+00:00,2025-05-03 16:30:00+00:00,1
SBER,trend,2025-05-03 17:00:00+00:00,2025-05-03 22:30:00+00:00,12
SBER,range,2025-05-03 23:00:00+00:00,2025-05-03 23:00:00+00:00,1
SBER,trend,2025-05-03 23:30:00+00:00,2025-05-03 23:30:00+00:00,1
SBER,range,2025-05-04 00:00:00+00:00,2025-05-05 18:00:00+00:00,85
SBER,trend,2025-05-05 18:30:00+00:00,2025-05-05 22:00:00+00:00,8
SBER,range,2025-05-05 22:30:00+00:00,2025-05-05 22:30:00+00:00,1
SBER,trend,2025-05-05 23:00:00+00:00,2025-05-05 23:00:00+00:00,1
SBER,range,2025-05-05 23:30:00+00:00,2025-05-05 23:30:00+00:00,1
SBER,trend,2025-05-06 00:00:00+00:00,2025-05-06 06:00:00+00:00,13
SBER,range,2025-05-06 06:30:00+00:00,2025-05-06 07:00:00+00:00,2
SBER,trend,2025-05-06 07:30:00+00:00,2025-05-06 07:30:00+00:00,1
SBER,range,2025-05-06 08:00:00+00:00,2025-05-06 19:30:00+00:00,24
SBER,trend,2025-05-06 20:00:00+00:00,2025-05-07 05:30:00+00:00,20
SBER,range,2025-05-07 06:00:00+00:00,2025-05-07 06:30:00+00:00,2
SBER,trend,2025-05-07 07:00:00+00:00,2025-05-07 08:30:00+00:00,4
SBER,range,2025-05-07 09:00:00+00:00,2025-05-11 09:30:00+00:00,194
SBER,trend,2025-05-11 10:00:00+00:00,2025-05-11 15:00:00+00:00,11
SBER,range,2025-05-11 15:30:00+00:00,2025-05-12 06:30:00+00:00,31
SBER,trend,2025-05-12 07:00:00+00:00,2025-05-12 14:00:00+00:00,15
SBER,range,2025-05-12 14:30:00+00:00,2025-05-12 20:30:00+00:00,13
SBER,trend,2025-05-12 21:00:00+00:00,2025-05-12 21:00:00+00:00,1
SBER,range,2025-05-12 21:30:00+00:00,2025-05-12 22:30:00+00:00,3
SBER,trend,2025-05-12 23:00:00+00:00,2025-05-13 06:00:00+00:00,15
SBER,range,2025-05-13 06:30:00+00:00,2025-05-13 06:30:00+00:00,1
SBER,trend,2025-05-13 07:00:00+00:00,2025-05-13 07:00:00+00:00,1
SBER,range,2025-05-13 07:30:00+00:00,2025-05-13 08:00:00+00:00,2
SBER,trend,2025-05-13 08:30:00+00:00,2025-05-13 09:30:00+00:00,3
SBER,range,2025-05-13 10:00:00+00:00,2025-05-15 06:30:00+00:00,90
SBER,trend,2025-05-15 07:00:00+00:00,2025-05-15 09:30:00+00:00,6
SBER,range,2025-05-15 10:00:00+00:00,2025-05-15 10:30:00+00:00,2
SBER,trend,2025-05-15 11:00:00+00:00,2025-05-15 15:00:00+00:00,9
SBER,range,2025-05-15 15:30:00+00:00,2025-05-16 02:30:00+00:00,23
SBER,trend,2025-05-16 03:00:00+00:00,2025-05-16 05:00:00+00:00,5
SBER,range,2025-05-16 05:30:00+00:00,2025-05-17 17:00:00+00:00,72
SBER,trend,2025-05-17 17:30:00+00:00,2025-05-17 17:30:00+00:00,1
SBER,range,2025-05-17 18:00:00+00:00,2025-05-17 18:00:00+00:00,1
SBER,trend,2025-05-17 18:30:00+00:00,2025-05-17 21:30:00+00:00,7
SBER,range,2025-05-17 22:00:00+00:00,2025-05-18 10:30:00+00:00,26
SBER,trend,2025-05-18 11:00:00+00:00,2025-05-19 01:00:00+00:00,29
SBER,range,2025-05-19 01:30:00+00:00,2025-05-19 06:30:00+00:00,11
SBER,trend,2025-05-19 07:00:00+00:00,2025-05-19 07:30:00+00:00,2
SBER,range,2025-05-19 08:00:00+00:00,2025-05-21 01:30:00+00:00,84
SBER,trend,2025-05-21 02:00:00+00:00,2025-05-21 06:00:00+00:00,9
SBER,range,2025-05-21 06:30:00+00:00,2025-05-21 06:30:00+00:00,1
SBER,trend,2025-05-21 07:00:00+00:00,2025-05-21 07:00:00+00:00,1
SBER,range,2025-05-21 07:30:00+00:00,2025-05-22 00:30:00+00:00,35
SBER,trend,2025-05-22 01:00:00+00:00,2025-05-22 06:00:00+00:00,11
SBER,range,2025-05-22 06:30:00+00:00,2025-05-26 15:00:00+00:00,210
SBER,trend,2025-05-26 15:30:00+00:00,2025-05-26 15:30:00+00:00,1
SBER,range,2025-05-26 16:00:00+00:00,2025-05-28 12:30:00+00:00,90
SBER,trend,2025-05-28 13:00:00+00:00,2025-05-29 06:00:00+00:00,35
SBER,range,2025-05-29 06:30:00+00:00,2025-05-29 06:30:00+00:00,1
SBER,trend,2025-05-29 07:00:00+00:00,2025-05-29 10:00:00+00:00,7
SBER,range,2025-05-29 10:30:00+00:00,2025-05-31 05:30:00+00:00,87
SBER,trend,2025-05-31 06:00:00+00:00,2025-05-31 06:00:00+00:00,1
SBER,range,2025-05-31 06:30:00+00:00,2025-05-31 09:30:00+00:00,7
SBER,trend,2025-05-31 10:00:00+00:00,2025-05-31 12:30:00+00:00,6
SBER,range,2025-05-31 13:00:00+00:00,2025-06-01 21:30:00+00:00,66
SBER,trend,2025-06-01 22:00:00+00:00,2025-06-02 01:00:00+00:00,7
SBER,range,2025-06-02 01:30:00+00:00,2025-06-03 01:00:00+00:00,48
SBER,trend,2025-06-03 01:30:00+00:00,2025-06-03 06:00:00+00:00,10
SBER,range,2025-06-03 06:30:00+00:00,2025-06-03 06:30:00+00:00,1
SBER,trend,2025-06-03 07:00:00+00:00,2025-06-03 07:00:00+00:00,1
SBER,range,2025-06-03 07:30:00+00:00,2025-06-03 08:00:00+00:00,2
SBER,trend,2025-06-03 08:30:00+00:00,2025-06-03 09:30:00+00:00,3
SBER,range,2025-06-03 10:00:00+00:00,2025-06-03 10:30:00+00:00,2
SBER,trend,2025-06-03 11:00:00+00:00,2025-06-03 22:00:00+00:00,23
SBER,range,2025-06-03 22:30:00+00:00,2025-06-04 01:00:00+00:00,6
SBER,trend,2025-06-04 01:30:00+00:00,2025-06-04 06:00:00+00:00,10
SBER,range,2025-06-04 06:30:00+00:00,2025-06-04 13:30:00+00:00,15
SBER,trend,2025-06-04 14:00:00+00:00,2025-06-04 14:30:00+00:00,2
SBER,range,2025-06-04 15:00:00+00:00,2025-06-06 05:00:00+00:00,77
SBER,trend,2025-06-06 05:30:00+00:00,2025-06-06 06:00:00+00:00,2
SBER,range,2025-06-06 06:30:00+00:00,2025-06-06 09:00:00+00:00,6
SBER,trend,2025-06-06 09:30:00+00:00,2025-06-06 09:30:00+00:00,1
SBER,range,2025-06-06 10:00:00+00:00,2025-06-06 23:30:00+00:00,28
SBER,trend,2025-06-07 00:00:00+00:00,2025-06-07 06:00:00+00:00,13
SBER,range,2025-06-07 06:30:00+00:00,2025-06-07 21:00:00+00:00,30
SBER,trend,2025-06-07 21:30:00+00:00,2025-06-07 21:30:00+00:00,1
SBER,range,2025-06-07 22:00:00+00:00,2025-06-08 16:30:00+00:00,38
SBER,trend,2025-06-08 17:00:00+00:00,2025-06-08 17:30:00+00:00,2
SBER,range,2025-06-08 18:00:00+00:00,2025-06-10 02:00:00+00:00,65
SBER,trend,2025-06-10 02:30:00+00:00,2025-06-10 06:00:00+00:00,8
SBER,range,2025-06-10 06:30:00+00:00,2025-06-11 02:30:00+00:00,41
SBER,trend,2025-06-11 03:00:00+00:00,2025-06-11 04:30:00+00:00,4
SBER,range,2025-06-11 05:00:00+00:00,2025-06-11 05:00:00+00:00,1
SBER,trend,2025-06-11 05:30:00+00:00,2025-06-11 06:00:00+00:00,2
SBER,range,2025-06-11 06:30:00+00:00,2025-06-12 04:30:00+00:00,45
SBER,trend,2025-06-12 05:00:00+00:00,2025-06-12 06:00:00+00:00,3
SBER,range,2025-06-12 06:30:00+00:00,2025-06-20 03:30:00+00:00,379
SBER,trend,2025-06-20 04:00:00+00:00,2025-06-20 04:30:00+00:00,2
SBER,range,2025-06-20 05:00:00+00:00,2025-06-20 22:00:00+00:00,35
SBER,trend,2025-06-20 22:30:00+00:00,2025-06-21 06:00:00+00:00,16
SBER,range,2025-06-21 06:30:00+00:00,2025-06-26 02:00:00+00:00,232
SBER,trend,2025-06-26 02:30:00+00:00,2025-06-26 06:00:00+00:00,8
SBER,range,2025-06-26 06:30:00+00:00,2025-06-28 09:30:00+00:00,103
SBER,trend,2025-06-28 10:00:00+00:00,2025-06-29 00:30:00+00:00,30
SBER,range,2025-06-29 01:00:00+00:00,2025-07-02 04:00:00+00:00,151
SBER,trend,2025-07-02 04:30:00+00:00,2025-07-02 06:00:00+00:00,4
SBER,range,2025-07-02 06:30:00+00:00,2025-07-03 06:30:00+00:00,49
SBER,trend,2025-07-03 07:00:00+00:00,2025-07-03 09:00:00+00:00,5
SBER,range,2025-07-03 09:30:00+00:00,2025-07-07 17:00:00+00:00,208
SBER,trend,2025-07-07 17:30:00+00:00,2025-07-08 06:00:00+00:00,26
SBER,range,2025-07-08 06:30:00+00:00,2025-07-08 06:30:00+00:00,1
SBER,trend,2025-07-08 07:00:00+00:00,2025-07-08 09:30:00+00:00,6
SBER,range,2025-07-08 10:00:00+00:00,2025-07-09 03:30:00+00:00,36
SBER,trend,2025-07-09 04:00:00+00:00,2025-07-09 06:00:00+00:00,5
SBER,range,2025-07-09 06:30:00+00:00,2025-07-09 06:30:00+00:00,1
SBER,trend,2025-07-09 07:00:00+00:00,2025-07-09 08:00:00+00:00,3
SBER,range,2025-07-09 08:30:00+00:00,2025-07-10 05:30:00+00:00,43
SBER,trend,2025-07-10 06:00:00+00:00,2025-07-10 06:00:00+00:00,1
SBER,range,2025-07-10 06:30:00+00:00,2025-07-11 01:00:00+00:00,38
SBER,trend,2025-07-11 01:30:00+00:00,2025-07-11 06:00:00+00:00,10
SBER,range,2025-07-11 06:30:00+00:00,2025-07-12 01:00:00+00:00,38
SBER,trend,2025-07-12 01:30:00+00:00,2025-07-12 06:00:00+00:00,10
SBER,range,2025-07-12 06:30:00+00:00,2025-07-12 10:00:00+00:00,8
SBER,trend,2025-07-12 10:30:00+00:00,2025-07-12 12:00:00+00:00,4
SBER,range,2025-07-12 12:30:00+00:00,2025-07-12 16:30:00+00:00,9
SBER,trend,2025-07-12 17:00:00+00:00,2025-07-12 18:00:00+00:00,3
SBER,range,2025-07-12 18:30:00+00:00,2025-07-12 19:00:00+00:00,2
SBER,trend,2025-07-12 19:30:00+00:00,2025-07-13 01:00:00+00:00,12
SBER,range,2025-07-13 01:30:00+00:00,2025-07-13 20:00:00+00:00,38
SBER,trend,2025-07-13 20:30:00+00:00,2025-07-14 01:00:00+00:00,10
SBER,range,2025-07-14 01:30:00+00:00,2025-07-14 22:30:00+00:00,43
SBER,trend,2025-07-14 23:00:00+00:00,2025-07-15 06:00:00+00:00,15
SBER,range,2025-07-15 06:30:00+00:00,2025-07-15 06:30:00+00:00,1
SBER,trend,2025-07-15 07:00:00+00:00,2025-07-16 06:00:00+00:00,47
SBER,range,2025-07-16 06:30:00+00:00,2025-07-16 06:30:00+00:00,1
SBER,trend,2025-07-16 07:00:00+00:00,2025-07-16 11:30:00+00:00,10
SBER,range,2025-07-16 12:00:00+00:00,2025-07-16 12:30:00+00:00,2
SBER,trend,2025-07-16 13:00:00+00:00,2025-07-16 13:00:00+00:00,1
SBER,range,2025-07-16 13:30:00+00:00,2025-07-16 14:00:00+00:00,2
SBER,trend,2025-07-16 14:30:00+00:00,2025-07-16 14:30:00+00:00,1
SBER,range,2025-07-16 15:00:00+00:00,2025-07-16 22:00:00+00:00,15
SBER,trend,2025-07-16 22:30:00+00:00,2025-07-17 06:00:00+00:00,16
SBER,range,2025-07-17 06:30:00+00:00,2025-07-17 11:30:00+00:00,11
SBER,trend,2025-07-17 12:00:00+00:00,2025-07-17 13:00:00+00:00,3
SBER,range,2025-07-17 13:30:00+00:00,2025-07-17 23:30:00+00:00,21
SBER,trend,2025-07-18 00:00:00+00:00,2025-07-18 04:00:00+00:00,9
SBER,range,2025-07-18 04:30:00+00:00,2025-07-18 04:30:00+00:00,1
SBER,trend,2025-07-18 05:00:00+00:00,2025-07-18 05:00:00+00:00,1
SBER,range,2025-07-18 05:30:00+00:00,2025-07-18 09:30:00+00:00,9
SBER,trend,2025-07-18 10:00:00+00:00,2025-07-19 06:00:00+00:00,41
SBER,range,2025-07-19 06:30:00+00:00,2025-07-23 13:30:00+00:00,207
SBER,trend,2025-07-23 14:00:00+00:00,2025-07-23 14:30:00+00:00,2
SBER,range,2025-07-23 15:00:00+00:00,2025-07-23 15:30:00+00:00,2
SBER,trend,2025-07-23 16:00:00+00:00,2025-07-23 18:00:00+00:00,5
SBER,range,2025-07-23 18:30:00+00:00,2025-07-25 02:00:00+00:00,64
SBER,trend,2025-07-25 02:30:00+00:00,2025-07-25 04:30:00+00:00,5
SBER,range,2025-07-25 05:00:00+00:00,2025-07-25 05:00:00+00:00,1
SBER,trend,2025-07-25 05:30:00+00:00,2025-07-25 06:00:00+00:00,2
SBER,range,2025-07-25 06:30:00+00:00,2025-07-26 01:30:00+00:00,39
SBER,trend,2025-07-26 02:00:00+00:00,2025-07-26 06:00:00+00:00,9
SBER,range,2025-07-26 06:30:00+00:00,2025-07-26 16:30:00+00:00,21
SBER,trend,2025-07-26 17:00:00+00:00,2025-07-27 00:30:00+00:00,16
SBER,range,2025-07-27 01:00:00+00:00,2025-07-27 09:30:00+00:00,18
SBER,trend,2025-07-27 10:00:00+00:00,2025-07-27 10:00:00+00:00,1
SBER,range,2025-07-27 10:30:00+00:00,2025-07-27 17:00:00+00:00,14
SBER,trend,2025-07-27 17:30:00+00:00,2025-07-27 17:30:00+00:00,1
SBER,range,2025-07-27 18:00:00+00:00,2025-07-28 22:30:00+00:00,58
SBER,trend,2025-07-28 23:00:00+00:00,2025-07-29 06:00:00+00:00,15
SBER,range,2025-07-29 06:30:00+00:00,2025-07-29 06:30:00+00:00,1
SBER,trend,2025-07-29 07:00:00+00:00,2025-07-29 07:30:00+00:00,2
SBER,range,2025-07-29 08:00:00+00:00,2025-07-30 23:00:00+00:00,79
SBER,trend,2025-07-30 23:30:00+00:00,2025-07-31 06:00:00+00:00,14
SBER,range,2025-07-31 06:30:00+00:00,2025-08-01 04:00:00+00:00,44
SBER,trend,2025-08-01 04:30:00+00:00,2025-08-01 06:00:00+00:00,4
SBER,range,2025-08-01 06:30:00+00:00,2025-08-02 04:30:00+00:00,45
SBER,trend,2025-08-02 05:00:00+00:00,2025-08-02 05:00:00+00:00,1
SBER,range,2025-08-02 05:30:00+00:00,2025-08-02 05:30:00+00:00,1
SBER,trend,2025-08-02 06:00:00+00:00,2025-08-02 06:00:00+00:00,1
SBER,range,2025-08-02 06:30:00+00:00,2025-08-04 23:30:00+00:00,131
SBER,trend,2025-08-05 00:00:00+00:00,2025-08-05 00:00:00+00:00,1
SBER,range,2025-08-05 00:30:00+00:00,2025-08-05 00:30:00+00:00,1
SBER,trend,2025-08-05 01:00:00+00:00,2025-08-05 06:00:00+00:00,11
SBER,range,2025-08-05 06:30:00+00:00,2025-08-07 17:00:00+00:00,118
SBER,trend,2025-08-07 17:30:00+00:00,2025-08-07 18:00:00+00:00,2
SBER,range,2025-08-07 18:30:00+00:00,2025-08-08 06:30:00+00:00,25
SBER,trend,2025-08-08 07:00:00+00:00,2025-08-08 07:30:00+00:00,2
SBER,range,2025-08-08 08:00:00+00:00,2025-08-08 23:30:00+00:00,32
SBER,trend,2025-08-09 00:00:00+00:00,2025-08-09 04:00:00+00:00,9
SBER,range,2025-08-09 04:30:00+00:00,2025-08-12 03:00:00+00:00,142
SBER,trend,2025-08-12 03:30:00+00:00,2025-08-12 06:00:00+00:00,6
SBER,range,2025-08-12 06:30:00+00:00,2025-08-16 16:30:00+00:00,213
SBER,trend,2025-08-16 17:00:00+00:00,2025-08-17 01:00:00+00:00,17
SBER,range,2025-08-17 01:30:00+00:00,2025-08-17 09:30:00+00:00,17
SBER,trend,2025-08-17 10:00:00+00:00,2025-08-18 01:00:00+00:00,31
SBER,range,2025-08-18 01:30:00+00:00,2025-08-20 16:30:00+00:00,127
SBER,trend,2025-08-20 17:00:00+00:00,2025-08-20 17:30:00+00:00,2
SBER,range,2025-08-20 18:00:00+00:00,2025-08-20 21:00:00+00:00,7
SBER,trend,2025-08-20 21:30:00+00:00,2025-08-21 06:00:00+00:00,18
SBER,range,2025-08-21 06:30:00+00:00,2025-08-21 06:30:00+00:00,1
SBER,trend,2025-08-21 07:00:00+00:00,2025-08-21 07:30:00+00:00,2
SBER,range,2025-08-21 08:00:00+00:00,2025-08-21 23:00:00+00:00,31
SBER,trend,2025-08-21 23:30:00+00:00,2025-08-22 06:00:00+00:00,14
SBER,range,2025-08-22 06:30:00+00:00,2025-08-22 06:30:00+00:00,1
SBER,trend,2025-08-22 07:00:00+00:00,2025-08-22 09:00:00+00:00,5
SBER,range,2025-08-22 09:30:00+00:00,2025-08-30 09:30:00+00:00,385
SBER,trend,2025-08-30 10:00:00+00:00,2025-08-30 11:30:00+00:00,4
SBER,range,2025-08-30 12:00:00+00:00,2025-09-02 02:00:00+00:00,125
SBER,trend,2025-09-02 02:30:00+00:00,2025-09-02 06:00:00+00:00,8
SBER,range,2025-09-02 06:30:00+00:00,2025-09-04 05:00:00+00:00,94
SBER,trend,2025-09-04 05:30:00+00:00,2025-09-04 05:30:00+00:00,1
SBER,range,2025-09-04 06:00:00+00:00,2025-09-08 12:00:00+00:00,205
SBER,trend,2025-09-08 12:30:00+00:00,2025-09-08 13:00:00+00:00,2
SBER,range,2025-09-08 13:30:00+00:00,2025-09-09 01:00:00+00:00,24
SBER,trend,2025-09-09 01:30:00+00:00,2025-09-09 05:30:00+00:00,9
SBER,range,2025-09-09 06:00:00+00:00,2025-09-09 07:00:00+00:00,3
SBER,trend,2025-09-09 07:30:00+00:00,2025-09-09 09:00:00+00:00,4
SBER,range,2025-09-09 09:30:00+00:00,2025-09-09 10:00:00+00:00,2
SBER,trend,2025-09-09 10:30:00+00:00,2025-09-09 11:00:00+00:00,2
SBER,range,2025-09-09 11:30:00+00:00,2025-09-10 22:30:00+00:00,71
SBER,trend,2025-09-10 23:00:00+00:00,2025-09-11 00:00:00+00:00,3
SBER,range,2025-09-11 00:30:00+00:00,2025-09-11 00:30:00+00:00,1
SBER,trend,2025-09-11 01:00:00+00:00,2025-09-11 06:00:00+00:00,11
SBER,range,2025-09-11 06:30:00+00:00,2025-09-11 06:30:00+00:00,1
SBER,trend,2025-09-11 07:00:00+00:00,2025-09-11 08:00:00+00:00,3
SBER,range,2025-09-11 08:30:00+00:00,2025-09-11 22:30:00+00:00,29
SBER,trend,2025-09-11 23:00:00+00:00,2025-09-12 06:00:00+00:00,15
SBER,range,2025-09-12 06:30:00+00:00,2025-09-12 20:30:00+00:00,29
SBER,trend,2025-09-12 21:00:00+00:00,2025-09-13 06:00:00+00:00,19
SBER,range,2025-09-13 06:30:00+00:00,2025-09-13 11:00:00+00:00,10
SBER,trend,2025-09-13 11:30:00+00:00,2025-09-14 01:00:00+00:00,28
SBER,range,2025-09-14 01:30:00+00:00,2025-09-14 09:30:00+00:00,17
SBER,trend,2025-09-14 10:00:00+00:00,2025-09-14 14:30:00+00:00,10
SBER,range,2025-09-14 15:00:00+00:00,2025-09-18 00:30:00+00:00,164
SBER,trend,2025-09-18 01:00:00+00:00,2025-09-18 06:00:00+00:00,11
SBER,range,2025-09-18 06:30:00+00:00,2025-09-18 06:30:00+00:00,1
SBER,trend,2025-09-18 07:00:00+00:00,2025-09-18 07:00:00+00:00,1
SBER,range,2025-09-18 07:30:00+00:00,2025-09-19 20:30:00+00:00,75
SBER,trend,2025-09-19 21:00:00+00:00,2025-09-20 06:00:00+00:00,19
SBER,range,2025-09-20 06:30:00+00:00,2025-09-23 03:30:00+00:00,139
SBER,trend,2025-09-23 04:00:00+00:00,2025-09-23 06:00:00+00:00,5
SBER,range,2025-09-23 06:30:00+00:00,2025-09-23 06:30:00+00:00,1
SBER,trend,2025-09-23 07:00:00+00:00,2025-09-23 07:30:00+00:00,2
SBER,range,2025-09-23 08:00:00+00:00,2025-09-23 08:00:00+00:00,1
SBER,trend,2025-09-23 08:30:00+00:00,2025-09-23 08:30:00+00:00,1
SBER,range,2025-09-23 09:00:00+00:00,2025-09-24 06:30:00+00:00,44
SBER,trend,2025-09-24 07:00:00+00:00,2025-09-24 10:30:00+00:00,8
SBER,range,2025-09-24 11:00:00+00:00,2025-09-26 00:30:00+00:00,76
SBER,trend,2025-09-26 01:00:00+00:00,2025-09-26 06:00:00+00:00,11
SBER,range,2025-09-26 06:30:00+00:00,2025-09-26 06:30:00+00:00,1
SBER,trend,2025-09-26 07:00:00+00:00,2025-09-26 07:00:00+00:00,1
SBER,range,2025-09-26 07:30:00+00:00,2025-09-29 23:00:00+00:00,176
SBER,trend,2025-09-29 23:30:00+00:00,2025-09-30 06:00:00+00:00,14
SBER,range,2025-09-30 06:30:00+00:00,2025-09-30 06:30:00+00:00,1
SBER,trend,2025-09-30 07:00:00+00:00,2025-09-30 09:00:00+00:00,5
SBER,range,2025-09-30 09:30:00+00:00,2025-10-02 03:30:00+00:00,85
SBER,trend,2025-10-02 04:00:00+00:00,2025-10-02 04:00:00+00:00,1
SBER,range,2025-10-02 04:30:00+00:00,2025-10-02 04:30:00+00:00,1
SBER,trend,2025-10-02 05:00:00+00:00,2025-10-02 05:00:00+00:00,1
SBER,range,2025-10-02 05:30:00+00:00,2025-10-04 02:00:00+00:00,90
SBER,trend,2025-10-04 02:30:00+00:00,2025-10-04 06:00:00+00:00,8
SBER,range,2025-10-04 06:30:00+00:00,2025-10-04 11:00:00+00:00,10
SBER,trend,2025-10-04 11:30:00+00:00,2025-10-05 01:00:00+00:00,28
SBER,range,2025-10-05 01:30:00+00:00,2025-10-05 11:30:00+00:00,21
SBER,trend,2025-10-05 12:00:00+00:00,2025-10-05 13:30:00+00:00,4
SBER,range,2025-10-05 14:00:00+00:00,2025-10-06 19:00:00+00:00,59
SBER,trend,2025-10-06 19:30:00+00:00,2025-10-07 06:00:00+00:00,22
SBER,range,2025-10-07 06:30:00+00:00,2025-10-07 06:30:00+00:00,1
SBER,trend,2025-10-07 07:00:00+00:00,2025-10-07 09:30:00+00:00,6
SBER,range,2025-10-07 10:00:00+00:00,2025-10-07 11:30:00+00:00,4
SBER,trend,2025-10-07 12:00:00+00:00,2025-10-07 19:00:00+00:00,15
SBER,range,2025-10-07 19:30:00+00:00,2025-10-08 01:30:00+00:00,13
SBER,trend,2025-10-08 02:00:00+00:00,2025-10-08 06:00:00+00:00,9
SBER,range,2025-10-08 06:30:00+00:00,2025-10-08 06:30:00+00:00,1
SBER,trend,2025-10-08 07:00:00+00:00,2025-10-08 09:30:00+00:00,6
SBER,range,2025-10-08 10:00:00+00:00,2025-10-08 22:00:00+00:00,25
SBER,trend,2025-10-08 22:30:00+00:00,2025-10-09 06:00:00+00:00,16
SBER,range,2025-10-09 06:30:00+00:00,2025-10-09 06:30:00+00:00,1
SBER,trend,2025-10-09 07:00:00+00:00,2025-10-09 08:00:00+00:00,3
SBER,range,2025-10-09 08:30:00+00:00,2025-10-10 04:30:00+00:00,41
SBER,trend,2025-10-10 05:00:00+00:00,2025-10-10 05:00:00+00:00,1
SBER,range,2025-10-10 05:30:00+00:00,2025-10-10 06:30:00+00:00,3
SBER,trend,2025-10-10 07:00:00+00:00,2025-10-10 07:30:00+00:00,2
SBER,range,2025-10-10 08:00:00+00:00,2025-10-11 22:30:00+00:00,78
SBER,trend,2025-10-11 23:00:00+00:00,2025-10-12 00:30:00+00:00,4
SBER,range,2025-10-12 01:00:00+00:00,2025-10-15 03:00:00+00:00,149
SBER,trend,2025-10-15 03:30:00+00:00,2025-10-15 03:30:00+00:00,1
SBER,range,2025-10-15 04:00:00+00:00,2025-10-16 22:30:00+00:00,86
SBER,trend,2025-10-16 23:00:00+00:00,2025-10-17 01:00:00+00:00,5
SBER,range,2025-10-17 01:30:00+00:00,2025-10-17 02:30:00+00:00,3
SBER,trend,2025-10-17 03:00:00+00:00,2025-10-17 06:00:00+00:00,7
SBER,range,2025-10-17 06:30:00+00:00,2025-10-17 06:30:00+00:00,1
SBER,trend,2025-10-17 07:00:00+00:00,2025-10-17 20:00:00+00:00,27
SBER,range,2025-10-17 20:30:00+00:00,2025-10-18 03:00:00+00:00,14
SBER,trend,2025-10-18 03:30:00+00:00,2025-10-18 06:00:00+00:00,6
SBER,range,2025-10-18 06:30:00+00:00,2025-10-18 09:30:00+00:00,7
SBER,trend,2025-10-18 10:00:00+00:00,2025-10-19 01:00:00+00:00,31
SBER,range,2025-10-19 01:30:00+00:00,2025-10-19 09:30:00+00:00,17
SBER,trend,2025-10-19 10:00:00+00:00,2025-10-19 15:30:00+00:00,12
SBER,range,2025-10-19 16:00:00+00:00,2025-10-22 03:00:00+00:00,119
SBER,trend,2025-10-22 03:30:00+00:00,2025-10-22 03:30:00+00:00,1
SBER,range,2025-10-22 04:00:00+00:00,2025-10-22 06:30:00+00:00,6
SBER,trend,2025-10-22 07:00:00+00:00,2025-10-22 11:00:00+00:00,9
SBER,range,2025-10-22 11:30:00+00:00,2025-10-23 06:30:00+00:00,39
SBER,trend,2025-10-23 07:00:00+00:00,2025-10-23 14:00:00+00:00,15
SBER,range,2025-10-23 14:30:00+00:00,2025-10-25 02:00:00+00:00,72
SBER,trend,2025-10-25 02:30:00+00:00,2025-10-25 05:30:00+00:00,7
SBER,range,2025-10-25 06:00:00+00:00,2025-10-29 07:00:00+00:00,195
SBER,trend,2025-10-29 07:30:00+00:00,2025-10-29 08:30:00+00:00,3
SBER,range,2025-10-29 09:00:00+00:00,2025-10-30 04:00:00+00:00,39
SBER,trend,2025-10-30 04:30:00+00:00,2025-10-30 06:00:00+00:00,4
SBER,range,2025-10-30 06:30:00+00:00,2025-10-30 14:00:00+00:00,16
SBER,trend,2025-10-30 14:30:00+00:00,2025-10-31 06:00:00+00:00,32
SBER,range,2025-10-31 06:30:00+00:00,2025-10-31 23:30:00+00:00,35
