feature_x,feature_y,bin_x_idx,bin_x_low,bin_x_high,bin_y_idx,bin_y_low,bin_y_high,trades,win_rate,pf,mean_pnl_rel,symbol,profile,share
atr_14_pct,band_pos,0,0.0010233319688907,0.0032467532467532,0,-1.7111676770571271,-0.5006577883425565,7,0.42857142857142855,0.6984554697505745,-0.00039300828293137145,CHMF,range_v0_aggressive,0.00030306966272676105
atr_14_pct,band_pos,0,0.0010233319688907,0.0032467532467532,0,-1.7111676770571271,-0.5006577883425565,7,0.42857142857142855,0.6984554697505745,-0.00039300828293137145,CHMF,range_v0_baseline,0.00030306966272676105
atr_14_pct,band_pos,0,0.0010233319688907,0.0032467532467532,0,-1.7111676770571271,-0.5006577883425565,7,0.42857142857142855,0.6984554697505745,-0.00039300828293137145,CHMF,range_v0_conservative,0.00030306966272676105
atr_14_pct,band_pos,0,0.0010233319688907,0.0032467532467532,0,-1.7111676770571271,-0.5006577883425565,7,0.42857142857142855,0.6984554697505745,-0.00039300828293137145,CHMF,range_v2_aggressive,0.00030306966272676105
atr_14_pct,band_pos,0,0.0010233319688907,0.0032467532467532,0,-1.7111676770571271,-0.5006577883425565,7,0.42857142857142855,0.6984554697505745,-0.00039300828293137145,CHMF,range_v2_balanced,0.00030306966272676105
atr_14_pct,band_pos,0,0.0010233319688907,0.0032467532467532,0,-1.7111676770571271,-0.5006577883425565,7,0.42857142857142855,0.6984554697505745,-0.00039300828293137145,CHMF,range_v2_conservative,0.00030306966272676105
atr_14_pct,band_pos,0,0.0010233319688907,0.0032467532467532,0,-1.7111676770571271,-0.5006577883425565,7,0.42857142857142855,0.6984554697505745,-0.00039300828293137145,CHMF,,0.00030306966272676105
atr_14_pct,band_pos,0,0.0010233319688907,0.0032467532467532,0,-1.7111676770571271,-0.5006577883425565,2,0.5,0.654274282123477,-0.0007876656522214499,GAZP,range_v0_aggressive,8.659133220764602e-05
atr_14_pct,band_pos,0,0.0010233319688907,0.0032467532467532,0,-1.7111676770571271,-0.5006577883425565,2,0.5,0.654274282123477,-0.0007876656522214499,GAZP,range_v0_baseline,8.659133220764602e-05
atr_14_pct,band_pos,0,0.0010233319688907,0.0032467532467532,0,-1.7111676770571271,-0.5006577883425565,2,0.5,0.654274282123477,-0.0007876656522214499,GAZP,range_v0_conservative,8.659133220764602e-05
atr_14_pct,band_pos,0,0.0010233319688907,0.0032467532467532,0,-1.7111676770571271,-0.5006577883425565,2,0.5,0.654274282123477,-0.0007876656522214499,GAZP,range_v2_aggressive,8.659133220764602e-05
atr_14_pct,band_pos,0,0.0010233319688907,0.0032467532467532,0,-1.7111676770571271,-0.5006577883425565,2,0.5,0.654274282123477,-0.0007876656522214499,GAZP,range_v2_balanced,8.659133220764602e-05
atr_14_pct,band_pos,0,0.0010233319688907,0.0032467532467532,0,-1.7111676770571271,-0.5006577883425565,2,0.5,0.654274282123477,-0.0007876656522214499,GAZP,range_v2_conservative,8.659133220764602e-05
atr_14_pct,band_pos,0,0.0010233319688907,0.0032467532467532,0,-1.7111676770571271,-0.5006577883425565,2,0.5,0.654274282123477,-0.0007876656522214499,GAZP,,8.659133220764602e-05
atr_14_pct,band_pos,0,0.0010233319688907,0.0032467532467532,0,-1.7111676770571271,-0.5006577883425565,1,0.0,0.0,-0.0036573928571428,GMKN,range_v0_aggressive,4.329566610382301e-05
atr_14_pct,band_pos,0,0.0010233319688907,0.0032467532467532,0,-1.7111676770571271,-0.5006577883425565,1,0.0,0.0,-0.0036573928571428,GMKN,range_v0_baseline,4.329566610382301e-05
atr_14_pct,band_pos,0,0.0010233319688907,0.0032467532467532,0,-1.7111676770571271,-0.5006577883425565,1,0.0,0.0,-0.0036573928571428,GMKN,range_v0_conservative,4.329566610382301e-05
atr_14_pct,band_pos,0,0.0010233319688907,0.0032467532467532,0,-1.7111676770571271,-0.5006577883425565,1,0.0,0.0,-0.0036573928571428,GMKN,range_v2_aggressive,4.329566610382301e-05
atr_14_pct,band_pos,0,0.0010233319688907,0.0032467532467532,0,-1.7111676770571271,-0.5006577883425565,1,0.0,0.0,-0.0036573928571428,GMKN,range_v2_balanced,4.329566610382301e-05
atr_14_pct,band_pos,0,0.0010233319688907,0.0032467532467532,0,-1.7111676770571271,-0.5006577883425565,1,0.0,0.0,-0.0036573928571428,GMKN,range_v2_conservative,4.329566610382301e-05
atr_14_pct,band_pos,0,0.0010233319688907,0.0032467532467532,0,-1.7111676770571271,-0.5006577883425565,1,0.0,0.0,-0.0036573928571428,GMKN,,4.329566610382301e-05
atr_14_pct,band_pos,0,0.0010233319688907,0.0032467532467532,0,-1.7111676770571271,-0.5006577883425565,2,0.0,0.0,-0.0058962638128710505,MGNT,range_v0_aggressive,8.659133220764602e-05
atr_14_pct,band_pos,0,0.0010233319688907,0.0032467532467532,0,-1.7111676770571271,-0.5006577883425565,2,0.0,0.0,-0.0058962638128710505,MGNT,range_v0_baseline,8.659133220764602e-05
atr_14_pct,band_pos,0,0.0010233319688907,0.0032467532467532,0,-1.7111676770571271,-0.5006577883425565,2,0.0,0.0,-0.0058962638128710505,MGNT,range_v0_conservative,8.659133220764602e-05
atr_14_pct,band_pos,0,0.0010233319688907,0.0032467532467532,0,-1.7111676770571271,-0.5006577883425565,2,0.0,0.0,-0.0058962638128710505,MGNT,range_v2_aggressive,8.659133220764602e-05
atr_14_pct,band_pos,0,0.0010233319688907,0.0032467532467532,0,-1.7111676770571271,-0.5006577883425565,2,0.0,0.0,-0.0058962638128710505,MGNT,range_v2_balanced,8.659133220764602e-05
atr_14_pct,band_pos,0,0.0010233319688907,0.0032467532467532,0,-1.7111676770571271,-0.5006577883425565,2,0.0,0.0,-0.0058962638128710505,MGNT,range_v2_conservative,8.659133220764602e-05
atr_14_pct,band_pos,0,0.0010233319688907,0.0032467532467532,0,-1.7111676770571271,-0.5006577883425565,2,0.0,0.0,-0.0058962638128710505,MGNT,,8.659133220764602e-05
atr_14_pct,band_pos,0,0.0010233319688907,0.0032467532467532,0,-1.7111676770571271,-0.5006577883425565,6,0.3333333333333333,0.747533862908631,-0.0006253020085664002,MTSS,range_v0_aggressive,0.000259773996622938
atr_14_pct,band_pos,0,0.0010233319688907,0.0032467532467532,0,-1.7111676770571271,-0.5006577883425565,6,0.3333333333333333,0.747533862908631,-0.0006253020085664002,MTSS,range_v0_baseline,0.000259773996622938
atr_14_pct,band_pos,0,0.0010233319688907,0.0032467532467532,0,-1.7111676770571271,-0.5006577883425565,6,0.3333333333333333,0.747533862908631,-0.0006253020085664002,MTSS,range_v0_conservative,0.000259773996622938
atr_14_pct,band_pos,0,0.0010233319688907,0.0032467532467532,0,-1.7111676770571271,-0.5006577883425565,6,0.3333333333333333,0.747533862908631,-0.0006253020085664002,MTSS,range_v2_aggressive,0.000259773996622938
atr_14_pct,band_pos,0,0.0010233319688907,0.0032467532467532,0,-1.7111676770571271,-0.5006577883425565,6,0.3333333333333333,0.747533862908631,-0.0006253020085664002,MTSS,range_v2_balanced,0.000259773996622938
atr_14_pct,band_pos,0,0.0010233319688907,0.0032467532467532,0,-1.7111676770571271,-0.5006577883425565,6,0.3333333333333333,0.747533862908631,-0.0006253020085664002,MTSS,range_v2_conservative,0.000259773996622938
atr_14_pct,band_pos,0,0.0010233319688907,0.0032467532467532,0,-1.7111676770571271,-0.5006577883425565,6,0.3333333333333333,0.747533862908631,-0.0006253020085664002,MTSS,,0.000259773996622938
atr_14_pct,band_pos,0,0.0010233319688907,0.0032467532467532,0,-1.7111676770571271,-0.5006577883425565,1,0.0,0.0,-0.0029029463035019,NLMK,range_v0_aggressive,4.329566610382301e-05
atr_14_pct,band_pos,0,0.0010233319688907,0.0032467532467532,0,-1.7111676770571271,-0.5006577883425565,1,0.0,0.0,-0.0029029463035019,NLMK,range_v0_baseline,4.329566610382301e-05
atr_14_pct,band_pos,0,0.0010233319688907,0.0032467532467532,0,-1.7111676770571271,-0.5006577883425565,1,0.0,0.0,-0.0029029463035019,NLMK,range_v0_conservative,4.329566610382301e-05
atr_14_pct,band_pos,0,0.0010233319688907,0.0032467532467532,0,-1.7111676770571271,-0.5006577883425565,1,0.0,0.0,-0.0029029463035019,NLMK,range_v2_aggressive,4.329566610382301e-05
atr_14_pct,band_pos,0,0.0010233319688907,0.0032467532467532,0,-1.7111676770571271,-0.5006577883425565,1,0.0,0.0,-0.0029029463035019,NLMK,range_v2_balanced,4.329566610382301e-05
atr_14_pct,band_pos,0,0.0010233319688907,0.0032467532467532,0,-1.7111676770571271,-0.5006577883425565,1,0.0,0.0,-0.0029029463035019,NLMK,range_v2_conservative,4.329566610382301e-05
atr_14_pct,band_pos,0,0.0010233319688907,0.0032467532467532,0,-1.7111676770571271,-0.5006577883425565,1,0.0,0.0,-0.0029029463035019,NLMK,,4.329566610382301e-05
atr_14_pct,band_pos,0,0.0010233319688907,0.0032467532467532,0,-1.7111676770571271,-0.5006577883425565,1,1.0,inf,0.0033644296874999,NVTK,range_v0_aggressive,4.329566610382301e-05
atr_14_pct,band_pos,0,0.0010233319688907,0.0032467532467532,0,-1.7111676770571271,-0.5006577883425565,1,1.0,inf,0.0033644296874999,NVTK,range_v0_baseline,4.329566610382301e-05
atr_14_pct,band_pos,0,0.0010233319688907,0.0032467532467532,0,-1.7111676770571271,-0.5006577883425565,1,1.0,inf,0.0033644296874999,NVTK,range_v0_conservative,4.329566610382301e-05
atr_14_pct,band_pos,0,0.0010233319688907,0.0032467532467532,0,-1.7111676770571271,-0.5006577883425565,1,1.0,inf,0.0033644296874999,NVTK,range_v2_aggressive,4.329566610382301e-05
atr_14_pct,band_pos,0,0.0010233319688907,0.0032467532467532,0,-1.7111676770571271,-0.5006577883425565,1,1.0,inf,0.0033644296874999,NVTK,range_v2_balanced,4.329566610382301e-05
atr_14_pct,band_pos,0,0.0010233319688907,0.0032467532467532,0,-1.7111676770571271,-0.5006577883425565,1,1.0,inf,0.0033644296874999,NVTK,range_v2_conservative,4.329566610382301e-05
atr_14_pct,band_pos,0,0.0010233319688907,0.0032467532467532,0,-1.7111676770571271,-0.5006577883425565,1,1.0,inf,0.0033644296874999,NVTK,,4.329566610382301e-05
atr_14_pct,band_pos,0,0.0010233319688907,0.0032467532467532,0,-1.7111676770571271,-0.5006577883425565,5,0.8,5.695310213254038,0.00241828479671058,PIKK,range_v0_aggressive,0.00021647833051911504
atr_14_pct,band_pos,0,0.0010233319688907,0.0032467532467532,0,-1.7111676770571271,-0.5006577883425565,5,0.8,5.695310213254038,0.00241828479671058,PIKK,range_v0_baseline,0.00021647833051911504
atr_14_pct,band_pos,0,0.0010233319688907,0.0032467532467532,0,-1.7111676770571271,-0.5006577883425565,5,0.8,5.695310213254038,0.00241828479671058,PIKK,range_v0_conservative,0.00021647833051911504
atr_14_pct,band_pos,0,0.0010233319688907,0.0032467532467532,0,-1.7111676770571271,-0.5006577883425565,5,0.8,5.695310213254038,0.00241828479671058,PIKK,range_v2_aggressive,0.00021647833051911504
atr_14_pct,band_pos,0,0.0010233319688907,0.0032467532467532,0,-1.7111676770571271,-0.5006577883425565,5,0.8,5.695310213254038,0.00241828479671058,PIKK,range_v2_balanced,0.00021647833051911504
atr_14_pct,band_pos,0,0.0010233319688907,0.0032467532467532,0,-1.7111676770571271,-0.5006577883425565,5,0.8,5.695310213254038,0.00241828479671058,PIKK,range_v2_conservative,0.00021647833051911504
atr_14_pct,band_pos,0,0.0010233319688907,0.0032467532467532,0,-1.7111676770571271,-0.5006577883425565,5,0.8,5.695310213254038,0.00241828479671058,PIKK,,0.00021647833051911504
atr_14_pct,band_pos,0,0.0010233319688907,0.0032467532467532,0,-1.7111676770571271,-0.5006577883425565,1,0.0,0.0,-0.0070082218181818,ROSN,range_v0_aggressive,4.329566610382301e-05
atr_14_pct,band_pos,0,0.0010233319688907,0.0032467532467532,0,-1.7111676770571271,-0.5006577883425565,1,0.0,0.0,-0.0070082218181818,ROSN,range_v0_baseline,4.329566610382301e-05
atr_14_pct,band_pos,0,0.0010233319688907,0.0032467532467532,0,-1.7111676770571271,-0.5006577883425565,1,0.0,0.0,-0.0070082218181818,ROSN,range_v0_conservative,4.329566610382301e-05
atr_14_pct,band_pos,0,0.0010233319688907,0.0032467532467532,0,-1.7111676770571271,-0.5006577883425565,1,0.0,0.0,-0.0070082218181818,ROSN,range_v2_aggressive,4.329566610382301e-05
atr_14_pct,band_pos,0,0.0010233319688907,0.0032467532467532,0,-1.7111676770571271,-0.5006577883425565,1,0.0,0.0,-0.0070082218181818,ROSN,range_v2_balanced,4.329566610382301e-05
atr_14_pct,band_pos,0,0.0010233319688907,0.0032467532467532,0,-1.7111676770571271,-0.5006577883425565,1,0.0,0.0,-0.0070082218181818,ROSN,range_v2_conservative,4.329566610382301e-05
atr_14_pct,band_pos,0,0.0010233319688907,0.0032467532467532,0,-1.7111676770571271,-0.5006577883425565,1,0.0,0.0,-0.0070082218181818,ROSN,,4.329566610382301e-05
atr_14_pct,band_pos,0,0.0010233319688907,0.0032467532467532,0,-1.7111676770571271,-0.5006577883425565,1,0.0,0.0,-0.0054477826879269,SBER,range_v0_aggressive,4.329566610382301e-05
atr_14_pct,band_pos,0,0.0010233319688907,0.0032467532467532,0,-1.7111676770571271,-0.5006577883425565,1,0.0,0.0,-0.0054477826879269,SBER,range_v0_baseline,4.329566610382301e-05
atr_14_pct,band_pos,0,0.0010233319688907,0.0032467532467532,0,-1.7111676770571271,-0.5006577883425565,1,0.0,0.0,-0.0054477826879269,SBER,range_v0_conservative,4.329566610382301e-05
atr_14_pct,band_pos,0,0.0010233319688907,0.0032467532467532,0,-1.7111676770571271,-0.5006577883425565,1,0.0,0.0,-0.0054477826879269,SBER,range_v2_aggressive,4.329566610382301e-05
atr_14_pct,band_pos,0,0.0010233319688907,0.0032467532467532,0,-1.7111676770571271,-0.5006577883425565,1,0.0,0.0,-0.0054477826879269,SBER,range_v2_balanced,4.329566610382301e-05
atr_14_pct,band_pos,0,0.0010233319688907,0.0032467532467532,0,-1.7111676770571271,-0.5006577883425565,1,0.0,0.0,-0.0054477826879269,SBER,range_v2_conservative,4.329566610382301e-05
atr_14_pct,band_pos,0,0.0010233319688907,0.0032467532467532,0,-1.7111676770571271,-0.5006577883425565,2,0.0,0.0,-0.0054477826879269,SBER,,8.659133220764602e-05
atr_14_pct,band_pos,0,0.0010233319688907,0.0032467532467532,0,-1.7111676770571271,-0.5006577883425565,33,0.36363636363636365,0.4444574270613011,-0.0011032495516082818,TATN,range_v0_aggressive,0.0014287569814261593
atr_14_pct,band_pos,0,0.0010233319688907,0.0032467532467532,0,-1.7111676770571271,-0.5006577883425565,33,0.36363636363636365,0.4444574270613011,-0.0011032495516082818,TATN,range_v0_baseline,0.0014287569814261593
atr_14_pct,band_pos,0,0.0010233319688907,0.0032467532467532,0,-1.7111676770571271,-0.5006577883425565,33,0.36363636363636365,0.4444574270613011,-0.0011032495516082818,TATN,range_v0_conservative,0.0014287569814261593
atr_14_pct,band_pos,0,0.0010233319688907,0.0032467532467532,0,-1.7111676770571271,-0.5006577883425565,33,0.36363636363636365,0.4444574270613011,-0.0011032495516082818,TATN,range_v2_aggressive,0.0014287569814261593
atr_14_pct,band_pos,0,0.0010233319688907,0.0032467532467532,0,-1.7111676770571271,-0.5006577883425565,33,0.36363636363636365,0.4444574270613011,-0.0011032495516082818,TATN,range_v2_balanced,0.0014287569814261593
atr_14_pct,band_pos,0,0.0010233319688907,0.0032467532467532,0,-1.7111676770571271,-0.5006577883425565,33,0.36363636363636365,0.4444574270613011,-0.0011032495516082818,TATN,range_v2_conservative,0.0014287569814261593
atr_14_pct,band_pos,0,0.0010233319688907,0.0032467532467532,0,-1.7111676770571271,-0.5006577883425565,33,0.36363636363636365,0.4444574270613011,-0.0011032495516082818,TATN,,0.0014287569814261593
atr_14_pct,band_pos,0,0.0010233319688907,0.0032467532467532,0,-1.7111676770571271,-0.5006577883425565,2,0.5,1.4288230380760256,0.0005738340810914999,YNDX,range_v0_aggressive,8.659133220764602e-05
atr_14_pct,band_pos,0,0.0010233319688907,0.0032467532467532,0,-1.7111676770571271,-0.5006577883425565,2,0.5,1.4288230380760256,0.0005738340810914999,YNDX,range_v0_baseline,8.659133220764602e-05
atr_14_pct,band_pos,0,0.0010233319688907,0.0032467532467532,0,-1.7111676770571271,-0.5006577883425565,2,0.5,1.4288230380760256,0.0005738340810914999,YNDX,range_v0_conservative,8.659133220764602e-05
atr_14_pct,band_pos,0,0.0010233319688907,0.0032467532467532,0,-1.7111676770571271,-0.5006577883425565,2,0.5,1.4288230380760256,0.0005738340810914999,YNDX,range_v2_aggressive,8.659133220764602e-05
atr_14_pct,band_pos,0,0.0010233319688907,0.0032467532467532,0,-1.7111676770571271,-0.5006577883425565,2,0.5,1.4288230380760256,0.0005738340810914999,YNDX,range_v2_balanced,8.659133220764602e-05
atr_14_pct,band_pos,0,0.0010233319688907,0.0032467532467532,0,-1.7111676770571271,-0.5006577883425565,2,0.5,1.4288230380760256,0.0005738340810914999,YNDX,range_v2_conservative,8.659133220764602e-05
atr_14_pct,band_pos,0,0.0010233319688907,0.0032467532467532,0,-1.7111676770571271,-0.5006577883425565,2,0.5,1.4288230380760256,0.0005738340810914999,YNDX,,8.659133220764602e-05
atr_14_pct,band_pos,0,0.0010233319688907,0.0032467532467532,1,-0.5006577883425565,-0.30803081475310434,6,0.6666666666666666,2.1288323795445696,0.0010557226403875835,CHMF,range_v0_aggressive,0.000259773996622938
atr_14_pct,band_pos,0,0.0010233319688907,0.0032467532467532,1,-0.5006577883425565,-0.30803081475310434,6,0.6666666666666666,2.1288323795445696,0.0010557226403875835,CHMF,range_v0_baseline,0.000259773996622938
atr_14_pct,band_pos,0,0.0010233319688907,0.0032467532467532,1,-0.5006577883425565,-0.30803081475310434,6,0.6666666666666666,2.1288323795445696,0.0010557226403875835,CHMF,range_v0_conservative,0.000259773996622938
atr_14_pct,band_pos,0,0.0010233319688907,0.0032467532467532,1,-0.5006577883425565,-0.30803081475310434,6,0.6666666666666666,2.1288323795445696,0.0010557226403875835,CHMF,range_v2_aggressive,0.000259773996622938
atr_14_pct,band_pos,0,0.0010233319688907,0.0032467532467532,1,-0.5006577883425565,-0.30803081475310434,6,0.6666666666666666,2.1288323795445696,0.0010557226403875835,CHMF,range_v2_balanced,0.000259773996622938
atr_14_pct,band_pos,0,0.0010233319688907,0.0032467532467532,1,-0.5006577883425565,-0.30803081475310434,6,0.6666666666666666,2.1288323795445696,0.0010557226403875835,CHMF,range_v2_conservative,0.000259773996622938
atr_14_pct,band_pos,0,0.0010233319688907,0.0032467532467532,1,-0.5006577883425565,-0.30803081475310434,6,0.6666666666666666,2.1288323795445696,0.0010557226403875835,CHMF,,0.000259773996622938
atr_14_pct,band_pos,0,0.0010233319688907,0.0032467532467532,1,-0.5006577883425565,-0.30803081475310434,2,0.0,0.0,-0.00356659719228925,GAZP,range_v0_aggressive,8.659133220764602e-05
atr_14_pct,band_pos,0,0.0010233319688907,0.0032467532467532,1,-0.5006577883425565,-0.30803081475310434,2,0.0,0.0,-0.00356659719228925,GAZP,range_v0_baseline,8.659133220764602e-05
atr_14_pct,band_pos,0,0.0010233319688907,0.0032467532467532,1,-0.5006577883425565,-0.30803081475310434,2,0.0,0.0,-0.00356659719228925,GAZP,range_v0_conservative,8.659133220764602e-05
atr_14_pct,band_pos,0,0.0010233319688907,0.0032467532467532,1,-0.5006577883425565,-0.30803081475310434,2,0.0,0.0,-0.00356659719228925,GAZP,range_v2_aggressive,8.659133220764602e-05
atr_14_pct,band_pos,0,0.0010233319688907,0.0032467532467532,1,-0.5006577883425565,-0.30803081475310434,2,0.0,0.0,-0.00356659719228925,GAZP,range_v2_balanced,8.659133220764602e-05
atr_14_pct,band_pos,0,0.0010233319688907,0.0032467532467532,1,-0.5006577883425565,-0.30803081475310434,2,0.0,0.0,-0.00356659719228925,GAZP,range_v2_conservative,8.659133220764602e-05
atr_14_pct,band_pos,0,0.0010233319688907,0.0032467532467532,1,-0.5006577883425565,-0.30803081475310434,2,0.0,0.0,-0.00356659719228925,GAZP,,8.659133220764602e-05
atr_14_pct,band_pos,0,0.0010233319688907,0.0032467532467532,1,-0.5006577883425565,-0.30803081475310434,4,0.25,0.3648265742848246,-0.001315153076814875,GMKN,range_v0_aggressive,0.00017318266441529204
atr_14_pct,band_pos,0,0.0010233319688907,0.0032467532467532,1,-0.5006577883425565,-0.30803081475310434,4,0.25,0.3648265742848246,-0.001315153076814875,GMKN,range_v0_baseline,0.00017318266441529204
atr_14_pct,band_pos,0,0.0010233319688907,0.0032467532467532,1,-0.5006577883425565,-0.30803081475310434,4,0.25,0.3648265742848246,-0.001315153076814875,GMKN,range_v0_conservative,0.00017318266441529204
atr_14_pct,band_pos,0,0.0010233319688907,0.0032467532467532,1,-0.5006577883425565,-0.30803081475310434,4,0.25,0.3648265742848246,-0.001315153076814875,GMKN,range_v2_aggressive,0.00017318266441529204
atr_14_pct,band_pos,0,0.0010233319688907,0.0032467532467532,1,-0.5006577883425565,-0.30803081475310434,4,0.25,0.3648265742848246,-0.001315153076814875,GMKN,range_v2_balanced,0.00017318266441529204
atr_14_pct,band_pos,0,0.0010233319688907,0.0032467532467532,1,-0.5006577883425565,-0.30803081475310434,4,0.25,0.3648265742848246,-0.001315153076814875,GMKN,range_v2_conservative,0.00017318266441529204
atr_14_pct,band_pos,0,0.0010233319688907,0.0032467532467532,1,-0.5006577883425565,-0.30803081475310434,4,0.25,0.3648265742848246,-0.001315153076814875,GMKN,,0.00017318266441529204
atr_14_pct,band_pos,0,0.0010233319688907,0.0032467532467532,1,-0.5006577883425565,-0.30803081475310434,2,0.0,0.0,-0.00382880556646405,MGNT,range_v0_aggressive,8.659133220764602e-05
atr_14_pct,band_pos,0,0.0010233319688907,0.0032467532467532,1,-0.5006577883425565,-0.30803081475310434,2,0.0,0.0,-0.00382880556646405,MGNT,range_v0_baseline,8.659133220764602e-05
atr_14_pct,band_pos,0,0.0010233319688907,0.0032467532467532,1,-0.5006577883425565,-0.30803081475310434,2,0.0,0.0,-0.00382880556646405,MGNT,range_v0_conservative,8.659133220764602e-05
atr_14_pct,band_pos,0,0.0010233319688907,0.0032467532467532,1,-0.5006577883425565,-0.30803081475310434,2,0.0,0.0,-0.00382880556646405,MGNT,range_v2_aggressive,8.659133220764602e-05
atr_14_pct,band_pos,0,0.0010233319688907,0.0032467532467532,1,-0.5006577883425565,-0.30803081475310434,2,0.0,0.0,-0.00382880556646405,MGNT,range_v2_balanced,8.659133220764602e-05
atr_14_pct,band_pos,0,0.0010233319688907,0.0032467532467532,1,-0.5006577883425565,-0.30803081475310434,2,0.0,0.0,-0.00382880556646405,MGNT,range_v2_conservative,8.659133220764602e-05
atr_14_pct,band_pos,0,0.0010233319688907,0.0032467532467532,1,-0.5006577883425565,-0.30803081475310434,2,0.0,0.0,-0.00382880556646405,MGNT,,8.659133220764602e-05
atr_14_pct,band_pos,0,0.0010233319688907,0.0032467532467532,1,-0.5006577883425565,-0.30803081475310434,3,0.0,0.0,-0.0027395698215864337,MTSS,range_v0_aggressive,0.000129886998311469
atr_14_pct,band_pos,0,0.0010233319688907,0.0032467532467532,1,-0.5006577883425565,-0.30803081475310434,3,0.0,0.0,-0.0027395698215864337,MTSS,range_v0_baseline,0.000129886998311469
atr_14_pct,band_pos,0,0.0010233319688907,0.0032467532467532,1,-0.5006577883425565,-0.30803081475310434,3,0.0,0.0,-0.0027395698215864337,MTSS,range_v0_conservative,0.000129886998311469
atr_14_pct,band_pos,0,0.0010233319688907,0.0032467532467532,1,-0.5006577883425565,-0.30803081475310434,3,0.0,0.0,-0.0027395698215864337,MTSS,range_v2_aggressive,0.000129886998311469
atr_14_pct,band_pos,0,0.0010233319688907,0.0032467532467532,1,-0.5006577883425565,-0.30803081475310434,3,0.0,0.0,-0.0027395698215864337,MTSS,range_v2_balanced,0.000129886998311469
atr_14_pct,band_pos,0,0.0010233319688907,0.0032467532467532,1,-0.5006577883425565,-0.30803081475310434,3,0.0,0.0,-0.0027395698215864337,MTSS,range_v2_conservative,0.000129886998311469
atr_14_pct,band_pos,0,0.0010233319688907,0.0032467532467532,1,-0.5006577883425565,-0.30803081475310434,3,0.0,0.0,-0.0027395698215864337,MTSS,,0.000129886998311469
atr_14_pct,band_pos,0,0.0010233319688907,0.0032467532467532,1,-0.5006577883425565,-0.30803081475310434,17,0.35294117647058826,0.598025419585117,-0.0007025547824430765,PIKK,range_v0_aggressive,0.0007360263237649911
atr_14_pct,band_pos,0,0.0010233319688907,0.0032467532467532,1,-0.5006577883425565,-0.30803081475310434,17,0.35294117647058826,0.598025419585117,-0.0007025547824430765,PIKK,range_v0_baseline,0.0007360263237649911
atr_14_pct,band_pos,0,0.0010233319688907,0.0032467532467532,1,-0.5006577883425565,-0.30803081475310434,17,0.35294117647058826,0.598025419585117,-0.0007025547824430765,PIKK,range_v0_conservative,0.0007360263237649911
atr_14_pct,band_pos,0,0.0010233319688907,0.0032467532467532,1,-0.5006577883425565,-0.30803081475310434,17,0.35294117647058826,0.598025419585117,-0.0007025547824430765,PIKK,range_v2_aggressive,0.0007360263237649911
atr_14_pct,band_pos,0,0.0010233319688907,0.0032467532467532,1,-0.5006577883425565,-0.30803081475310434,17,0.35294117647058826,0.598025419585117,-0.0007025547824430765,PIKK,range_v2_balanced,0.0007360263237649911
atr_14_pct,band_pos,0,0.0010233319688907,0.0032467532467532,1,-0.5006577883425565,-0.30803081475310434,17,0.35294117647058826,0.598025419585117,-0.0007025547824430765,PIKK,range_v2_conservative,0.0007360263237649911
atr_14_pct,band_pos,0,0.0010233319688907,0.0032467532467532,1,-0.5006577883425565,-0.30803081475310434,17,0.35294117647058826,0.598025419585117,-0.0007025547824430765,PIKK,,0.0007360263237649911
atr_14_pct,band_pos,0,0.0010233319688907,0.0032467532467532,1,-0.5006577883425565,-0.30803081475310434,1,0.0,0.0,-0.0045569977952755,PLZL,range_v0_aggressive,4.329566610382301e-05
atr_14_pct,band_pos,0,0.0010233319688907,0.0032467532467532,1,-0.5006577883425565,-0.30803081475310434,1,0.0,0.0,-0.0045569977952755,PLZL,range_v0_baseline,4.329566610382301e-05
atr_14_pct,band_pos,0,0.0010233319688907,0.0032467532467532,1,-0.5006577883425565,-0.30803081475310434,1,0.0,0.0,-0.0045569977952755,PLZL,range_v0_conservative,4.329566610382301e-05
atr_14_pct,band_pos,0,0.0010233319688907,0.0032467532467532,1,-0.5006577883425565,-0.30803081475310434,1,0.0,0.0,-0.0045569977952755,PLZL,range_v2_aggressive,4.329566610382301e-05
atr_14_pct,band_pos,0,0.0010233319688907,0.0032467532467532,1,-0.5006577883425565,-0.30803081475310434,1,0.0,0.0,-0.0045569977952755,PLZL,range_v2_balanced,4.329566610382301e-05
atr_14_pct,band_pos,0,0.0010233319688907,0.0032467532467532,1,-0.5006577883425565,-0.30803081475310434,1,0.0,0.0,-0.0045569977952755,PLZL,range_v2_conservative,4.329566610382301e-05
atr_14_pct,band_pos,0,0.0010233319688907,0.0032467532467532,1,-0.5006577883425565,-0.30803081475310434,1,0.0,0.0,-0.0045569977952755,PLZL,,4.329566610382301e-05
atr_14_pct,band_pos,0,0.0010233319688907,0.0032467532467532,1,-0.5006577883425565,-0.30803081475310434,2,0.5,0.8603480060478996,-0.00016849393939395003,ROSN,range_v0_aggressive,8.659133220764602e-05
atr_14_pct,band_pos,0,0.0010233319688907,0.0032467532467532,1,-0.5006577883425565,-0.30803081475310434,2,0.5,0.8603480060478996,-0.00016849393939395003,ROSN,range_v0_baseline,8.659133220764602e-05
atr_14_pct,band_pos,0,0.0010233319688907,0.0032467532467532,1,-0.5006577883425565,-0.30803081475310434,2,0.5,0.8603480060478996,-0.00016849393939395003,ROSN,range_v0_conservative,8.659133220764602e-05
atr_14_pct,band_pos,0,0.0010233319688907,0.0032467532467532,1,-0.5006577883425565,-0.30803081475310434,2,0.5,0.8603480060478996,-0.00016849393939395003,ROSN,range_v2_aggressive,8.659133220764602e-05
atr_14_pct,band_pos,0,0.0010233319688907,0.0032467532467532,1,-0.5006577883425565,-0.30803081475310434,2,0.5,0.8603480060478996,-0.00016849393939395003,ROSN,range_v2_balanced,8.659133220764602e-05
atr_14_pct,band_pos,0,0.0010233319688907,0.0032467532467532,1,-0.5006577883425565,-0.30803081475310434,2,0.5,0.8603480060478996,-0.00016849393939395003,ROSN,range_v2_conservative,8.659133220764602e-05
atr_14_pct,band_pos,0,0.0010233319688907,0.0032467532467532,1,-0.5006577883425565,-0.30803081475310434,2,0.5,0.8603480060478996,-0.00016849393939395003,ROSN,,8.659133220764602e-05
atr_14_pct,band_pos,0,0.0010233319688907,0.0032467532467532,1,-0.5006577883425565,-0.30803081475310434,1,1.0,inf,0.003649645289855,SBER,range_v0_aggressive,4.329566610382301e-05
atr_14_pct,band_pos,0,0.0010233319688907,0.0032467532467532,1,-0.5006577883425565,-0.30803081475310434,1,1.0,inf,0.003649645289855,SBER,range_v0_baseline,4.329566610382301e-05
atr_14_pct,band_pos,0,0.0010233319688907,0.0032467532467532,1,-0.5006577883425565,-0.30803081475310434,1,1.0,inf,0.003649645289855,SBER,range_v0_conservative,4.329566610382301e-05
atr_14_pct,band_pos,0,0.0010233319688907,0.0032467532467532,1,-0.5006577883425565,-0.30803081475310434,1,1.0,inf,0.003649645289855,SBER,range_v2_aggressive,4.329566610382301e-05
atr_14_pct,band_pos,0,0.0010233319688907,0.0032467532467532,1,-0.5006577883425565,-0.30803081475310434,1,1.0,inf,0.003649645289855,SBER,range_v2_balanced,4.329566610382301e-05
atr_14_pct,band_pos,0,0.0010233319688907,0.0032467532467532,1,-0.5006577883425565,-0.30803081475310434,1,1.0,inf,0.003649645289855,SBER,range_v2_conservative,4.329566610382301e-05
atr_14_pct,band_pos,0,0.0010233319688907,0.0032467532467532,1,-0.5006577883425565,-0.30803081475310434,2,1.0,inf,0.003649645289855,SBER,,8.659133220764602e-05
atr_14_pct,band_pos,0,0.0010233319688907,0.0032467532467532,1,-0.5006577883425565,-0.30803081475310434,1,0.0,0.0,-0.0052211574074073,SNGS,range_v0_aggressive,4.329566610382301e-05
atr_14_pct,band_pos,0,0.0010233319688907,0.0032467532467532,1,-0.5006577883425565,-0.30803081475310434,1,0.0,0.0,-0.0052211574074073,SNGS,range_v0_baseline,4.329566610382301e-05
atr_14_pct,band_pos,0,0.0010233319688907,0.0032467532467532,1,-0.5006577883425565,-0.30803081475310434,1,0.0,0.0,-0.0052211574074073,SNGS,range_v0_conservative,4.329566610382301e-05
atr_14_pct,band_pos,0,0.0010233319688907,0.0032467532467532,1,-0.5006577883425565,-0.30803081475310434,1,0.0,0.0,-0.0052211574074073,SNGS,range_v2_aggressive,4.329566610382301e-05
atr_14_pct,band_pos,0,0.0010233319688907,0.0032467532467532,1,-0.5006577883425565,-0.30803081475310434,1,0.0,0.0,-0.0052211574074073,SNGS,range_v2_balanced,4.329566610382301e-05
atr_14_pct,band_pos,0,0.0010233319688907,0.0032467532467532,1,-0.5006577883425565,-0.30803081475310434,1,0.0,0.0,-0.0052211574074073,SNGS,range_v2_conservative,4.329566610382301e-05
atr_14_pct,band_pos,0,0.0010233319688907,0.0032467532467532,1,-0.5006577883425565,-0.30803081475310434,1,0.0,0.0,-0.0052211574074073,SNGS,,4.329566610382301e-05
atr_14_pct,band_pos,0,0.0010233319688907,0.0032467532467532,1,-0.5006577883425565,-0.30803081475310434,19,0.631578947368421,1.308721157273022,0.00034684161004648416,TATN,range_v0_aggressive,0.0008226176559726371
atr_14_pct,band_pos,0,0.0010233319688907,0.0032467532467532,1,-0.5006577883425565,-0.30803081475310434,19,0.631578947368421,1.308721157273022,0.00034684161004648416,TATN,range_v0_baseline,0.0008226176559726371
atr_14_pct,band_pos,0,0.0010233319688907,0.0032467532467532,1,-0.5006577883425565,-0.30803081475310434,19,0.631578947368421,1.308721157273022,0.00034684161004648416,TATN,range_v0_conservative,0.0008226176559726371
atr_14_pct,band_pos,0,0.0010233319688907,0.0032467532467532,1,-0.5006577883425565,-0.30803081475310434,19,0.631578947368421,1.308721157273022,0.00034684161004648416,TATN,range_v2_aggressive,0.0008226176559726371
atr_14_pct,band_pos,0,0.0010233319688907,0.0032467532467532,1,-0.5006577883425565,-0.30803081475310434,19,0.631578947368421,1.308721157273022,0.00034684161004648416,TATN,range_v2_balanced,0.0008226176559726371
atr_14_pct,band_pos,0,0.0010233319688907,0.0032467532467532,1,-0.5006577883425565,-0.30803081475310434,19,0.631578947368421,1.308721157273022,0.00034684161004648416,TATN,range_v2_conservative,0.0008226176559726371
atr_14_pct,band_pos,0,0.0010233319688907,0.0032467532467532,1,-0.5006577883425565,-0.30803081475310434,19,0.631578947368421,1.308721157273022,0.00034684161004648416,TATN,,0.0008226176559726371
atr_14_pct,band_pos,0,0.0010233319688907,0.0032467532467532,1,-0.5006577883425565,-0.30803081475310434,2,0.0,0.0,-0.0022478402978722504,VKCO,range_v0_aggressive,8.659133220764602e-05
atr_14_pct,band_pos,0,0.0010233319688907,0.0032467532467532,1,-0.5006577883425565,-0.30803081475310434,2,0.0,0.0,-0.0022478402978722504,VKCO,range_v0_baseline,8.659133220764602e-05
atr_14_pct,band_pos,0,0.0010233319688907,0.0032467532467532,1,-0.5006577883425565,-0.30803081475310434,2,0.0,0.0,-0.0022478402978722504,VKCO,range_v0_conservative,8.659133220764602e-05
atr_14_pct,band_pos,0,0.0010233319688907,0.0032467532467532,1,-0.5006577883425565,-0.30803081475310434,2,0.0,0.0,-0.0022478402978722504,VKCO,range_v2_aggressive,8.659133220764602e-05
atr_14_pct,band_pos,0,0.0010233319688907,0.0032467532467532,1,-0.5006577883425565,-0.30803081475310434,2,0.0,0.0,-0.0022478402978722504,VKCO,range_v2_balanced,8.659133220764602e-05
atr_14_pct,band_pos,0,0.0010233319688907,0.0032467532467532,1,-0.5006577883425565,-0.30803081475310434,2,0.0,0.0,-0.0022478402978722504,VKCO,range_v2_conservative,8.659133220764602e-05
atr_14_pct,band_pos,0,0.0010233319688907,0.0032467532467532,1,-0.5006577883425565,-0.30803081475310434,2,0.0,0.0,-0.0022478402978722504,VKCO,,8.659133220764602e-05
atr_14_pct,band_pos,0,0.0010233319688907,0.0032467532467532,1,-0.5006577883425565,-0.30803081475310434,1,0.0,0.0,-0.0021545457364341,YNDX,range_v0_aggressive,4.329566610382301e-05
atr_14_pct,band_pos,0,0.0010233319688907,0.0032467532467532,1,-0.5006577883425565,-0.30803081475310434,1,0.0,0.0,-0.0021545457364341,YNDX,range_v0_baseline,4.329566610382301e-05
atr_14_pct,band_pos,0,0.0010233319688907,0.0032467532467532,1,-0.5006577883425565,-0.30803081475310434,1,0.0,0.0,-0.0021545457364341,YNDX,range_v0_conservative,4.329566610382301e-05
atr_14_pct,band_pos,0,0.0010233319688907,0.0032467532467532,1,-0.5006577883425565,-0.30803081475310434,1,0.0,0.0,-0.0021545457364341,YNDX,range_v2_aggressive,4.329566610382301e-05
atr_14_pct,band_pos,0,0.0010233319688907,0.0032467532467532,1,-0.5006577883425565,-0.30803081475310434,1,0.0,0.0,-0.0021545457364341,YNDX,range_v2_balanced,4.329566610382301e-05
atr_14_pct,band_pos,0,0.0010233319688907,0.0032467532467532,1,-0.5006577883425565,-0.30803081475310434,1,0.0,0.0,-0.0021545457364341,YNDX,range_v2_conservative,4.329566610382301e-05
atr_14_pct,band_pos,0,0.0010233319688907,0.0032467532467532,1,-0.5006577883425565,-0.30803081475310434,1,0.0,0.0,-0.0021545457364341,YNDX,,4.329566610382301e-05
atr_14_pct,band_pos,0,0.0010233319688907,0.0032467532467532,2,-0.30803081475310434,-0.1711870966036377,6,0.3333333333333333,0.4736444438820828,-0.0008040051204810999,CHMF,range_v0_aggressive,0.000259773996622938
atr_14_pct,band_pos,0,0.0010233319688907,0.0032467532467532,2,-0.30803081475310434,-0.1711870966036377,6,0.3333333333333333,0.4736444438820828,-0.0008040051204810999,CHMF,range_v0_baseline,0.000259773996622938
atr_14_pct,band_pos,0,0.0010233319688907,0.0032467532467532,2,-0.30803081475310434,-0.1711870966036377,6,0.3333333333333333,0.4736444438820828,-0.0008040051204810999,CHMF,range_v0_conservative,0.000259773996622938
atr_14_pct,band_pos,0,0.0010233319688907,0.0032467532467532,2,-0.30803081475310434,-0.1711870966036377,6,0.3333333333333333,0.4736444438820828,-0.0008040051204810999,CHMF,range_v2_aggressive,0.000259773996622938
atr_14_pct,band_pos,0,0.0010233319688907,0.0032467532467532,2,-0.30803081475310434,-0.1711870966036377,6,0.3333333333333333,0.4736444438820828,-0.0008040051204810999,CHMF,range_v2_balanced,0.000259773996622938
atr_14_pct,band_pos,0,0.0010233319688907,0.0032467532467532,2,-0.30803081475310434,-0.1711870966036377,6,0.3333333333333333,0.4736444438820828,-0.0008040051204810999,CHMF,range_v2_conservative,0.000259773996622938
atr_14_pct,band_pos,0,0.0010233319688907,0.0032467532467532,2,-0.30803081475310434,-0.1711870966036377,6,0.3333333333333333,0.4736444438820828,-0.0008040051204810999,CHMF,,0.000259773996622938
atr_14_pct,band_pos,0,0.0010233319688907,0.0032467532467532,2,-0.30803081475310434,-0.1711870966036377,4,0.25,0.1877711870984586,-0.001774980237635675,GAZP,range_v0_aggressive,0.00017318266441529204
atr_14_pct,band_pos,0,0.0010233319688907,0.0032467532467532,2,-0.30803081475310434,-0.1711870966036377,4,0.25,0.1877711870984586,-0.001774980237635675,GAZP,range_v0_baseline,0.00017318266441529204
atr_14_pct,band_pos,0,0.0010233319688907,0.0032467532467532,2,-0.30803081475310434,-0.1711870966036377,4,0.25,0.1877711870984586,-0.001774980237635675,GAZP,range_v0_conservative,0.00017318266441529204
atr_14_pct,band_pos,0,0.0010233319688907,0.0032467532467532,2,-0.30803081475310434,-0.1711870966036377,4,0.25,0.1877711870984586,-0.001774980237635675,GAZP,range_v2_aggressive,0.00017318266441529204
atr_14_pct,band_pos,0,0.0010233319688907,0.0032467532467532,2,-0.30803081475310434,-0.1711870966036377,4,0.25,0.1877711870984586,-0.001774980237635675,GAZP,range_v2_balanced,0.00017318266441529204
atr_14_pct,band_pos,0,0.0010233319688907,0.0032467532467532,2,-0.30803081475310434,-0.1711870966036377,4,0.25,0.1877711870984586,-0.001774980237635675,GAZP,range_v2_conservative,0.00017318266441529204
atr_14_pct,band_pos,0,0.0010233319688907,0.0032467532467532,2,-0.30803081475310434,-0.1711870966036377,4,0.25,0.1877711870984586,-0.001774980237635675,GAZP,,0.00017318266441529204
atr_14_pct,band_pos,0,0.0010233319688907,0.0032467532467532,2,-0.30803081475310434,-0.1711870966036377,3,0.0,0.0,-0.0032880713688126333,GMKN,range_v0_aggressive,0.000129886998311469
atr_14_pct,band_pos,0,0.0010233319688907,0.0032467532467532,2,-0.30803081475310434,-0.1711870966036377,3,0.0,0.0,-0.0032880713688126333,GMKN,range_v0_baseline,0.000129886998311469
atr_14_pct,band_pos,0,0.0010233319688907,0.0032467532467532,2,-0.30803081475310434,-0.1711870966036377,3,0.0,0.0,-0.0032880713688126333,GMKN,range_v0_conservative,0.000129886998311469
atr_14_pct,band_pos,0,0.0010233319688907,0.0032467532467532,2,-0.30803081475310434,-0.1711870966036377,3,0.0,0.0,-0.0032880713688126333,GMKN,range_v2_aggressive,0.000129886998311469
atr_14_pct,band_pos,0,0.0010233319688907,0.0032467532467532,2,-0.30803081475310434,-0.1711870966036377,3,0.0,0.0,-0.0032880713688126333,GMKN,range_v2_balanced,0.000129886998311469
atr_14_pct,band_pos,0,0.0010233319688907,0.0032467532467532,2,-0.30803081475310434,-0.1711870966036377,3,0.0,0.0,-0.0032880713688126333,GMKN,range_v2_conservative,0.000129886998311469
atr_14_pct,band_pos,0,0.0010233319688907,0.0032467532467532,2,-0.30803081475310434,-0.1711870966036377,3,0.0,0.0,-0.0032880713688126333,GMKN,,0.000129886998311469
atr_14_pct,band_pos,0,0.0010233319688907,0.0032467532467532,2,-0.30803081475310434,-0.1711870966036377,1,1.0,inf,0.0025597461157024,LKOH,range_v0_aggressive,4.329566610382301e-05
atr_14_pct,band_pos,0,0.0010233319688907,0.0032467532467532,2,-0.30803081475310434,-0.1711870966036377,1,1.0,inf,0.0025597461157024,LKOH,range_v0_baseline,4.329566610382301e-05
atr_14_pct,band_pos,0,0.0010233319688907,0.0032467532467532,2,-0.30803081475310434,-0.1711870966036377,1,1.0,inf,0.0025597461157024,LKOH,range_v0_conservative,4.329566610382301e-05
atr_14_pct,band_pos,0,0.0010233319688907,0.0032467532467532,2,-0.30803081475310434,-0.1711870966036377,1,1.0,inf,0.0025597461157024,LKOH,range_v2_aggressive,4.329566610382301e-05
atr_14_pct,band_pos,0,0.0010233319688907,0.0032467532467532,2,-0.30803081475310434,-0.1711870966036377,1,1.0,inf,0.0025597461157024,LKOH,range_v2_balanced,4.329566610382301e-05
atr_14_pct,band_pos,0,0.0010233319688907,0.0032467532467532,2,-0.30803081475310434,-0.1711870966036377,1,1.0,inf,0.0025597461157024,LKOH,range_v2_conservative,4.329566610382301e-05
atr_14_pct,band_pos,0,0.0010233319688907,0.0032467532467532,2,-0.30803081475310434,-0.1711870966036377,1,1.0,inf,0.0025597461157024,LKOH,,4.329566610382301e-05
atr_14_pct,band_pos,0,0.0010233319688907,0.0032467532467532,2,-0.30803081475310434,-0.1711870966036377,2,0.0,0.0,-0.0018908862298103002,MGNT,range_v0_aggressive,8.659133220764602e-05
atr_14_pct,band_pos,0,0.0010233319688907,0.0032467532467532,2,-0.30803081475310434,-0.1711870966036377,2,0.0,0.0,-0.0018908862298103002,MGNT,range_v0_baseline,8.659133220764602e-05
atr_14_pct,band_pos,0,0.0010233319688907,0.0032467532467532,2,-0.30803081475310434,-0.1711870966036377,2,0.0,0.0,-0.0018908862298103002,MGNT,range_v0_conservative,8.659133220764602e-05
atr_14_pct,band_pos,0,0.0010233319688907,0.0032467532467532,2,-0.30803081475310434,-0.1711870966036377,2,0.0,0.0,-0.0018908862298103002,MGNT,range_v2_aggressive,8.659133220764602e-05
atr_14_pct,band_pos,0,0.0010233319688907,0.0032467532467532,2,-0.30803081475310434,-0.1711870966036377,2,0.0,0.0,-0.0018908862298103002,MGNT,range_v2_balanced,8.659133220764602e-05
atr_14_pct,band_pos,0,0.0010233319688907,0.0032467532467532,2,-0.30803081475310434,-0.1711870966036377,2,0.0,0.0,-0.0018908862298103002,MGNT,range_v2_conservative,8.659133220764602e-05
atr_14_pct,band_pos,0,0.0010233319688907,0.0032467532467532,2,-0.30803081475310434,-0.1711870966036377,2,0.0,0.0,-0.0018908862298103002,MGNT,,8.659133220764602e-05
atr_14_pct,band_pos,0,0.0010233319688907,0.0032467532467532,2,-0.30803081475310434,-0.1711870966036377,5,0.4,0.6449481874039726,-0.00056762195359278,MTSS,range_v0_aggressive,0.00021647833051911504
atr_14_pct,band_pos,0,0.0010233319688907,0.0032467532467532,2,-0.30803081475310434,-0.1711870966036377,5,0.4,0.6449481874039726,-0.00056762195359278,MTSS,range_v0_baseline,0.00021647833051911504
atr_14_pct,band_pos,0,0.0010233319688907,0.0032467532467532,2,-0.30803081475310434,-0.1711870966036377,5,0.4,0.6449481874039726,-0.00056762195359278,MTSS,range_v0_conservative,0.00021647833051911504
atr_14_pct,band_pos,0,0.0010233319688907,0.0032467532467532,2,-0.30803081475310434,-0.1711870966036377,5,0.4,0.6449481874039726,-0.00056762195359278,MTSS,range_v2_aggressive,0.00021647833051911504
atr_14_pct,band_pos,0,0.0010233319688907,0.0032467532467532,2,-0.30803081475310434,-0.1711870966036377,5,0.4,0.6449481874039726,-0.00056762195359278,MTSS,range_v2_balanced,0.00021647833051911504
atr_14_pct,band_pos,0,0.0010233319688907,0.0032467532467532,2,-0.30803081475310434,-0.1711870966036377,5,0.4,0.6449481874039726,-0.00056762195359278,MTSS,range_v2_conservative,0.00021647833051911504
atr_14_pct,band_pos,0,0.0010233319688907,0.0032467532467532,2,-0.30803081475310434,-0.1711870966036377,5,0.4,0.6449481874039726,-0.00056762195359278,MTSS,,0.00021647833051911504
atr_14_pct,band_pos,0,0.0010233319688907,0.0032467532467532,2,-0.30803081475310434,-0.1711870966036377,22,0.18181818181818182,0.11639838710361251,-0.0021303319022842908,PIKK,range_v0_aggressive,0.0009525046542841061
atr_14_pct,band_pos,0,0.0010233319688907,0.0032467532467532,2,-0.30803081475310434,-0.1711870966036377,22,0.18181818181818182,0.11639838710361251,-0.0021303319022842908,PIKK,range_v0_baseline,0.0009525046542841061
atr_14_pct,band_pos,0,0.0010233319688907,0.0032467532467532,2,-0.30803081475310434,-0.1711870966036377,22,0.18181818181818182,0.11639838710361251,-0.0021303319022842908,PIKK,range_v0_conservative,0.0009525046542841061
atr_14_pct,band_pos,0,0.0010233319688907,0.0032467532467532,2,-0.30803081475310434,-0.1711870966036377,22,0.18181818181818182,0.11639838710361251,-0.0021303319022842908,PIKK,range_v2_aggressive,0.0009525046542841061
atr_14_pct,band_pos,0,0.0010233319688907,0.0032467532467532,2,-0.30803081475310434,-0.1711870966036377,22,0.18181818181818182,0.11639838710361251,-0.0021303319022842908,PIKK,range_v2_balanced,0.0009525046542841061
atr_14_pct,band_pos,0,0.0010233319688907,0.0032467532467532,2,-0.30803081475310434,-0.1711870966036377,22,0.18181818181818182,0.11639838710361251,-0.0021303319022842908,PIKK,range_v2_conservative,0.0009525046542841061
atr_14_pct,band_pos,0,0.0010233319688907,0.0032467532467532,2,-0.30803081475310434,-0.1711870966036377,22,0.18181818181818182,0.11639838710361251,-0.0021303319022842908,PIKK,,0.0009525046542841061
atr_14_pct,band_pos,0,0.0010233319688907,0.0032467532467532,2,-0.30803081475310434,-0.1711870966036377,2,0.0,0.0,-0.0027874263009861,PLZL,range_v0_aggressive,8.659133220764602e-05
atr_14_pct,band_pos,0,0.0010233319688907,0.0032467532467532,2,-0.30803081475310434,-0.1711870966036377,2,0.0,0.0,-0.0027874263009861,PLZL,range_v0_baseline,8.659133220764602e-05
atr_14_pct,band_pos,0,0.0010233319688907,0.0032467532467532,2,-0.30803081475310434,-0.1711870966036377,2,0.0,0.0,-0.0027874263009861,PLZL,range_v0_conservative,8.659133220764602e-05
atr_14_pct,band_pos,0,0.0010233319688907,0.0032467532467532,2,-0.30803081475310434,-0.1711870966036377,2,0.0,0.0,-0.0027874263009861,PLZL,range_v2_aggressive,8.659133220764602e-05
atr_14_pct,band_pos,0,0.0010233319688907,0.0032467532467532,2,-0.30803081475310434,-0.1711870966036377,2,0.0,0.0,-0.0027874263009861,PLZL,range_v2_balanced,8.659133220764602e-05
atr_14_pct,band_pos,0,0.0010233319688907,0.0032467532467532,2,-0.30803081475310434,-0.1711870966036377,2,0.0,0.0,-0.0027874263009861,PLZL,range_v2_conservative,8.659133220764602e-05
atr_14_pct,band_pos,0,0.0010233319688907,0.0032467532467532,2,-0.30803081475310434,-0.1711870966036377,2,0.0,0.0,-0.0027874263009861,PLZL,,8.659133220764602e-05
atr_14_pct,band_pos,0,0.0010233319688907,0.0032467532467532,2,-0.30803081475310434,-0.1711870966036377,37,0.2702702702702703,0.28466015499127073,-0.0009214536273247891,SBER,range_v2_aggressive,0.0016019396458414512
atr_14_pct,band_pos,0,0.0010233319688907,0.0032467532467532,2,-0.30803081475310434,-0.1711870966036377,32,0.5,0.8634358422771669,-0.0001930681107460469,TATN,range_v0_aggressive,0.0013854613153223363
atr_14_pct,band_pos,0,0.0010233319688907,0.0032467532467532,2,-0.30803081475310434,-0.1711870966036377,32,0.5,0.8634358422771669,-0.0001930681107460469,TATN,range_v0_baseline,0.0013854613153223363
atr_14_pct,band_pos,0,0.0010233319688907,0.0032467532467532,2,-0.30803081475310434,-0.1711870966036377,32,0.5,0.8634358422771669,-0.0001930681107460469,TATN,range_v0_conservative,0.0013854613153223363
atr_14_pct,band_pos,0,0.0010233319688907,0.0032467532467532,2,-0.30803081475310434,-0.1711870966036377,32,0.5,0.8634358422771669,-0.0001930681107460469,TATN,range_v2_aggressive,0.0013854613153223363
atr_14_pct,band_pos,0,0.0010233319688907,0.0032467532467532,2,-0.30803081475310434,-0.1711870966036377,32,0.5,0.8634358422771669,-0.0001930681107460469,TATN,range_v2_balanced,0.0013854613153223363
atr_14_pct,band_pos,0,0.0010233319688907,0.0032467532467532,2,-0.30803081475310434,-0.1711870966036377,32,0.5,0.8634358422771669,-0.0001930681107460469,TATN,range_v2_conservative,0.0013854613153223363
atr_14_pct,band_pos,0,0.0010233319688907,0.0032467532467532,2,-0.30803081475310434,-0.1711870966036377,32,0.5,0.8634358422771669,-0.0001930681107460469,TATN,,0.0013854613153223363
atr_14_pct,band_pos,0,0.0010233319688907,0.0032467532467532,2,-0.30803081475310434,-0.1711870966036377,1,0.0,0.0,-0.00228525,VKCO,range_v0_aggressive,4.329566610382301e-05
atr_14_pct,band_pos,0,0.0010233319688907,0.0032467532467532,2,-0.30803081475310434,-0.1711870966036377,1,0.0,0.0,-0.00228525,VKCO,range_v0_baseline,4.329566610382301e-05
atr_14_pct,band_pos,0,0.0010233319688907,0.0032467532467532,2,-0.30803081475310434,-0.1711870966036377,1,0.0,0.0,-0.00228525,VKCO,range_v0_conservative,4.329566610382301e-05
atr_14_pct,band_pos,0,0.0010233319688907,0.0032467532467532,2,-0.30803081475310434,-0.1711870966036377,1,0.0,0.0,-0.00228525,VKCO,range_v2_aggressive,4.329566610382301e-05
atr_14_pct,band_pos,0,0.0010233319688907,0.0032467532467532,2,-0.30803081475310434,-0.1711870966036377,1,0.0,0.0,-0.00228525,VKCO,range_v2_balanced,4.329566610382301e-05
atr_14_pct,band_pos,0,0.0010233319688907,0.0032467532467532,2,-0.30803081475310434,-0.1711870966036377,1,0.0,0.0,-0.00228525,VKCO,range_v2_conservative,4.329566610382301e-05
atr_14_pct,band_pos,0,0.0010233319688907,0.0032467532467532,2,-0.30803081475310434,-0.1711870966036377,1,0.0,0.0,-0.00228525,VKCO,,4.329566610382301e-05
atr_14_pct,band_pos,0,0.0010233319688907,0.0032467532467532,3,-0.1711870966036377,-0.071158473171634,5,0.0,0.0,-0.00269044413566646,CHMF,range_v0_aggressive,0.00021647833051911504
atr_14_pct,band_pos,0,0.0010233319688907,0.0032467532467532,3,-0.1711870966036377,-0.071158473171634,5,0.0,0.0,-0.00269044413566646,CHMF,range_v0_baseline,0.00021647833051911504
atr_14_pct,band_pos,0,0.0010233319688907,0.0032467532467532,3,-0.1711870966036377,-0.071158473171634,5,0.0,0.0,-0.00269044413566646,CHMF,range_v0_conservative,0.00021647833051911504
atr_14_pct,band_pos,0,0.0010233319688907,0.0032467532467532,3,-0.1711870966036377,-0.071158473171634,5,0.0,0.0,-0.00269044413566646,CHMF,range_v2_aggressive,0.00021647833051911504
atr_14_pct,band_pos,0,0.0010233319688907,0.0032467532467532,3,-0.1711870966036377,-0.071158473171634,5,0.0,0.0,-0.00269044413566646,CHMF,range_v2_balanced,0.00021647833051911504
atr_14_pct,band_pos,0,0.0010233319688907,0.0032467532467532,3,-0.1711870966036377,-0.071158473171634,5,0.0,0.0,-0.00269044413566646,CHMF,range_v2_conservative,0.00021647833051911504
atr_14_pct,band_pos,0,0.0010233319688907,0.0032467532467532,3,-0.1711870966036377,-0.071158473171634,5,0.0,0.0,-0.00269044413566646,CHMF,,0.00021647833051911504
atr_14_pct,band_pos,0,0.0010233319688907,0.0032467532467532,3,-0.1711870966036377,-0.071158473171634,3,0.3333333333333333,0.2068851488986147,-0.0023738457136049,GAZP,range_v0_aggressive,0.000129886998311469
atr_14_pct,band_pos,0,0.0010233319688907,0.0032467532467532,3,-0.1711870966036377,-0.071158473171634,3,0.3333333333333333,0.2068851488986147,-0.0023738457136049,GAZP,range_v0_baseline,0.000129886998311469
atr_14_pct,band_pos,0,0.0010233319688907,0.0032467532467532,3,-0.1711870966036377,-0.071158473171634,3,0.3333333333333333,0.2068851488986147,-0.0023738457136049,GAZP,range_v0_conservative,0.000129886998311469
atr_14_pct,band_pos,0,0.0010233319688907,0.0032467532467532,3,-0.1711870966036377,-0.071158473171634,3,0.3333333333333333,0.2068851488986147,-0.0023738457136049,GAZP,range_v2_aggressive,0.000129886998311469
atr_14_pct,band_pos,0,0.0010233319688907,0.0032467532467532,3,-0.1711870966036377,-0.071158473171634,3,0.3333333333333333,0.2068851488986147,-0.0023738457136049,GAZP,range_v2_balanced,0.000129886998311469
atr_14_pct,band_pos,0,0.0010233319688907,0.0032467532467532,3,-0.1711870966036377,-0.071158473171634,3,0.3333333333333333,0.2068851488986147,-0.0023738457136049,GAZP,range_v2_conservative,0.000129886998311469
atr_14_pct,band_pos,0,0.0010233319688907,0.0032467532467532,3,-0.1711870966036377,-0.071158473171634,3,0.3333333333333333,0.2068851488986147,-0.0023738457136049,GAZP,,0.000129886998311469
atr_14_pct,band_pos,0,0.0010233319688907,0.0032467532467532,3,-0.1711870966036377,-0.071158473171634,3,0.0,0.0,-0.0029322077356828,GMKN,range_v0_aggressive,0.000129886998311469
atr_14_pct,band_pos,0,0.0010233319688907,0.0032467532467532,3,-0.1711870966036377,-0.071158473171634,3,0.0,0.0,-0.0029322077356828,GMKN,range_v0_baseline,0.000129886998311469
atr_14_pct,band_pos,0,0.0010233319688907,0.0032467532467532,3,-0.1711870966036377,-0.071158473171634,3,0.0,0.0,-0.0029322077356828,GMKN,range_v0_conservative,0.000129886998311469
atr_14_pct,band_pos,0,0.0010233319688907,0.0032467532467532,3,-0.1711870966036377,-0.071158473171634,3,0.0,0.0,-0.0029322077356828,GMKN,range_v2_aggressive,0.000129886998311469
atr_14_pct,band_pos,0,0.0010233319688907,0.0032467532467532,3,-0.1711870966036377,-0.071158473171634,3,0.0,0.0,-0.0029322077356828,GMKN,range_v2_balanced,0.000129886998311469
atr_14_pct,band_pos,0,0.0010233319688907,0.0032467532467532,3,-0.1711870966036377,-0.071158473171634,3,0.0,0.0,-0.0029322077356828,GMKN,range_v2_conservative,0.000129886998311469
atr_14_pct,band_pos,0,0.0010233319688907,0.0032467532467532,3,-0.1711870966036377,-0.071158473171634,3,0.0,0.0,-0.0029322077356828,GMKN,,0.000129886998311469
atr_14_pct,band_pos,0,0.0010233319688907,0.0032467532467532,3,-0.1711870966036377,-0.071158473171634,4,0.25,0.15088299084761217,-0.002311274278046125,MGNT,range_v0_aggressive,0.00017318266441529204
atr_14_pct,band_pos,0,0.0010233319688907,0.0032467532467532,3,-0.1711870966036377,-0.071158473171634,4,0.25,0.15088299084761217,-0.002311274278046125,MGNT,range_v0_baseline,0.00017318266441529204
atr_14_pct,band_pos,0,0.0010233319688907,0.0032467532467532,3,-0.1711870966036377,-0.071158473171634,4,0.25,0.15088299084761217,-0.002311274278046125,MGNT,range_v0_conservative,0.00017318266441529204
atr_14_pct,band_pos,0,0.0010233319688907,0.0032467532467532,3,-0.1711870966036377,-0.071158473171634,4,0.25,0.15088299084761217,-0.002311274278046125,MGNT,range_v2_aggressive,0.00017318266441529204
atr_14_pct,band_pos,0,0.0010233319688907,0.0032467532467532,3,-0.1711870966036377,-0.071158473171634,4,0.25,0.15088299084761217,-0.002311274278046125,MGNT,range_v2_balanced,0.00017318266441529204
atr_14_pct,band_pos,0,0.0010233319688907,0.0032467532467532,3,-0.1711870966036377,-0.071158473171634,4,0.25,0.15088299084761217,-0.002311274278046125,MGNT,range_v2_conservative,0.00017318266441529204
atr_14_pct,band_pos,0,0.0010233319688907,0.0032467532467532,3,-0.1711870966036377,-0.071158473171634,4,0.25,0.15088299084761217,-0.002311274278046125,MGNT,,0.00017318266441529204
atr_14_pct,band_pos,0,0.0010233319688907,0.0032467532467532,3,-0.1711870966036377,-0.071158473171634,1,1.0,inf,0.0021962472868216,MTSS,range_v0_aggressive,4.329566610382301e-05
atr_14_pct,band_pos,0,0.0010233319688907,0.0032467532467532,3,-0.1711870966036377,-0.071158473171634,1,1.0,inf,0.0021962472868216,MTSS,range_v0_baseline,4.329566610382301e-05
atr_14_pct,band_pos,0,0.0010233319688907,0.0032467532467532,3,-0.1711870966036377,-0.071158473171634,1,1.0,inf,0.0021962472868216,MTSS,range_v0_conservative,4.329566610382301e-05
atr_14_pct,band_pos,0,0.0010233319688907,0.0032467532467532,3,-0.1711870966036377,-0.071158473171634,1,1.0,inf,0.0021962472868216,MTSS,range_v2_aggressive,4.329566610382301e-05
atr_14_pct,band_pos,0,0.0010233319688907,0.0032467532467532,3,-0.1711870966036377,-0.071158473171634,1,1.0,inf,0.0021962472868216,MTSS,range_v2_balanced,4.329566610382301e-05
atr_14_pct,band_pos,0,0.0010233319688907,0.0032467532467532,3,-0.1711870966036377,-0.071158473171634,1,1.0,inf,0.0021962472868216,MTSS,range_v2_conservative,4.329566610382301e-05
atr_14_pct,band_pos,0,0.0010233319688907,0.0032467532467532,3,-0.1711870966036377,-0.071158473171634,1,1.0,inf,0.0021962472868216,MTSS,,4.329566610382301e-05
atr_14_pct,band_pos,0,0.0010233319688907,0.0032467532467532,3,-0.1711870966036377,-0.071158473171634,2,0.0,0.0,-0.0031754972577454996,NLMK,range_v0_aggressive,8.659133220764602e-05
atr_14_pct,band_pos,0,0.0010233319688907,0.0032467532467532,3,-0.1711870966036377,-0.071158473171634,2,0.0,0.0,-0.0031754972577454996,NLMK,range_v0_baseline,8.659133220764602e-05
atr_14_pct,band_pos,0,0.0010233319688907,0.0032467532467532,3,-0.1711870966036377,-0.071158473171634,2,0.0,0.0,-0.0031754972577454996,NLMK,range_v0_conservative,8.659133220764602e-05
atr_14_pct,band_pos,0,0.0010233319688907,0.0032467532467532,3,-0.1711870966036377,-0.071158473171634,2,0.0,0.0,-0.0031754972577454996,NLMK,range_v2_aggressive,8.659133220764602e-05
atr_14_pct,band_pos,0,0.0010233319688907,0.0032467532467532,3,-0.1711870966036377,-0.071158473171634,2,0.0,0.0,-0.0031754972577454996,NLMK,range_v2_balanced,8.659133220764602e-05
atr_14_pct,band_pos,0,0.0010233319688907,0.0032467532467532,3,-0.1711870966036377,-0.071158473171634,2,0.0,0.0,-0.0031754972577454996,NLMK,range_v2_conservative,8.659133220764602e-05
atr_14_pct,band_pos,0,0.0010233319688907,0.0032467532467532,3,-0.1711870966036377,-0.071158473171634,2,0.0,0.0,-0.0031754972577454996,NLMK,,8.659133220764602e-05
atr_14_pct,band_pos,0,0.0010233319688907,0.0032467532467532,3,-0.1711870966036377,-0.071158473171634,23,0.5217391304347826,1.030262763204001,5.354275497304787e-05,PIKK,range_v0_aggressive,0.000995800320387929
atr_14_pct,band_pos,0,0.0010233319688907,0.0032467532467532,3,-0.1711870966036377,-0.071158473171634,23,0.5217391304347826,1.030262763204001,5.354275497304787e-05,PIKK,range_v0_baseline,0.000995800320387929
atr_14_pct,band_pos,0,0.0010233319688907,0.0032467532467532,3,-0.1711870966036377,-0.071158473171634,23,0.5217391304347826,1.030262763204001,5.354275497304787e-05,PIKK,range_v0_conservative,0.000995800320387929
atr_14_pct,band_pos,0,0.0010233319688907,0.0032467532467532,3,-0.1711870966036377,-0.071158473171634,23,0.5217391304347826,1.030262763204001,5.354275497304787e-05,PIKK,range_v2_aggressive,0.000995800320387929
atr_14_pct,band_pos,0,0.0010233319688907,0.0032467532467532,3,-0.1711870966036377,-0.071158473171634,23,0.5217391304347826,1.030262763204001,5.354275497304787e-05,PIKK,range_v2_balanced,0.000995800320387929
atr_14_pct,band_pos,0,0.0010233319688907,0.0032467532467532,3,-0.1711870966036377,-0.071158473171634,23,0.5217391304347826,1.030262763204001,5.354275497304787e-05,PIKK,range_v2_conservative,0.000995800320387929
atr_14_pct,band_pos,0,0.0010233319688907,0.0032467532467532,3,-0.1711870966036377,-0.071158473171634,23,0.5217391304347826,1.030262763204001,5.354275497304787e-05,PIKK,,0.000995800320387929
atr_14_pct,band_pos,0,0.0010233319688907,0.0032467532467532,3,-0.1711870966036377,-0.071158473171634,1,0.0,0.0,-0.005174246637744,PLZL,range_v0_aggressive,4.329566610382301e-05
atr_14_pct,band_pos,0,0.0010233319688907,0.0032467532467532,3,-0.1711870966036377,-0.071158473171634,1,0.0,0.0,-0.005174246637744,PLZL,range_v0_baseline,4.329566610382301e-05
atr_14_pct,band_pos,0,0.0010233319688907,0.0032467532467532,3,-0.1711870966036377,-0.071158473171634,1,0.0,0.0,-0.005174246637744,PLZL,range_v0_conservative,4.329566610382301e-05
atr_14_pct,band_pos,0,0.0010233319688907,0.0032467532467532,3,-0.1711870966036377,-0.071158473171634,1,0.0,0.0,-0.005174246637744,PLZL,range_v2_aggressive,4.329566610382301e-05
atr_14_pct,band_pos,0,0.0010233319688907,0.0032467532467532,3,-0.1711870966036377,-0.071158473171634,1,0.0,0.0,-0.005174246637744,PLZL,range_v2_balanced,4.329566610382301e-05
atr_14_pct,band_pos,0,0.0010233319688907,0.0032467532467532,3,-0.1711870966036377,-0.071158473171634,1,0.0,0.0,-0.005174246637744,PLZL,range_v2_conservative,4.329566610382301e-05
atr_14_pct,band_pos,0,0.0010233319688907,0.0032467532467532,3,-0.1711870966036377,-0.071158473171634,1,0.0,0.0,-0.005174246637744,PLZL,,4.329566610382301e-05
atr_14_pct,band_pos,0,0.0010233319688907,0.0032467532467532,3,-0.1711870966036377,-0.071158473171634,2,0.0,0.0,-0.0028588489952585004,ROSN,range_v0_aggressive,8.659133220764602e-05
atr_14_pct,band_pos,0,0.0010233319688907,0.0032467532467532,3,-0.1711870966036377,-0.071158473171634,2,0.0,0.0,-0.0028588489952585004,ROSN,range_v0_baseline,8.659133220764602e-05
atr_14_pct,band_pos,0,0.0010233319688907,0.0032467532467532,3,-0.1711870966036377,-0.071158473171634,2,0.0,0.0,-0.0028588489952585004,ROSN,range_v0_conservative,8.659133220764602e-05
atr_14_pct,band_pos,0,0.0010233319688907,0.0032467532467532,3,-0.1711870966036377,-0.071158473171634,2,0.0,0.0,-0.0028588489952585004,ROSN,range_v2_aggressive,8.659133220764602e-05
atr_14_pct,band_pos,0,0.0010233319688907,0.0032467532467532,3,-0.1711870966036377,-0.071158473171634,2,0.0,0.0,-0.0028588489952585004,ROSN,range_v2_balanced,8.659133220764602e-05
atr_14_pct,band_pos,0,0.0010233319688907,0.0032467532467532,3,-0.1711870966036377,-0.071158473171634,2,0.0,0.0,-0.0028588489952585004,ROSN,range_v2_conservative,8.659133220764602e-05
atr_14_pct,band_pos,0,0.0010233319688907,0.0032467532467532,3,-0.1711870966036377,-0.071158473171634,2,0.0,0.0,-0.0028588489952585004,ROSN,,8.659133220764602e-05
atr_14_pct,band_pos,0,0.0010233319688907,0.0032467532467532,3,-0.1711870966036377,-0.071158473171634,1,1.0,inf,0.0049451228733459,SBER,range_v0_aggressive,4.329566610382301e-05
atr_14_pct,band_pos,0,0.0010233319688907,0.0032467532467532,3,-0.1711870966036377,-0.071158473171634,1,1.0,inf,0.0049451228733459,SBER,range_v0_baseline,4.329566610382301e-05
atr_14_pct,band_pos,0,0.0010233319688907,0.0032467532467532,3,-0.1711870966036377,-0.071158473171634,1,1.0,inf,0.0049451228733459,SBER,range_v0_conservative,4.329566610382301e-05
atr_14_pct,band_pos,0,0.0010233319688907,0.0032467532467532,3,-0.1711870966036377,-0.071158473171634,44,0.5,1.4685087715491487,0.00035932869574984826,SBER,range_v2_aggressive,0.0019050093085682123
atr_14_pct,band_pos,0,0.0010233319688907,0.0032467532467532,3,-0.1711870966036377,-0.071158473171634,10,0.7,3.7327514781257536,0.0007667385161898599,SBER,range_v2_balanced,0.0004329566610382301
atr_14_pct,band_pos,0,0.0010233319688907,0.0032467532467532,3,-0.1711870966036377,-0.071158473171634,1,1.0,inf,0.0049451228733459,SBER,range_v2_conservative,4.329566610382301e-05
atr_14_pct,band_pos,0,0.0010233319688907,0.0032467532467532,3,-0.1711870966036377,-0.071158473171634,2,1.0,inf,0.0049451228733459,SBER,,8.659133220764602e-05
atr_14_pct,band_pos,0,0.0010233319688907,0.0032467532467532,3,-0.1711870966036377,-0.071158473171634,1,1.0,inf,0.0009472967320261,SNGS,range_v0_aggressive,4.329566610382301e-05
atr_14_pct,band_pos,0,0.0010233319688907,0.0032467532467532,3,-0.1711870966036377,-0.071158473171634,1,1.0,inf,0.0009472967320261,SNGS,range_v0_baseline,4.329566610382301e-05
atr_14_pct,band_pos,0,0.0010233319688907,0.0032467532467532,3,-0.1711870966036377,-0.071158473171634,1,1.0,inf,0.0009472967320261,SNGS,range_v0_conservative,4.329566610382301e-05
atr_14_pct,band_pos,0,0.0010233319688907,0.0032467532467532,3,-0.1711870966036377,-0.071158473171634,1,1.0,inf,0.0009472967320261,SNGS,range_v2_aggressive,4.329566610382301e-05
atr_14_pct,band_pos,0,0.0010233319688907,0.0032467532467532,3,-0.1711870966036377,-0.071158473171634,1,1.0,inf,0.0009472967320261,SNGS,range_v2_balanced,4.329566610382301e-05
atr_14_pct,band_pos,0,0.0010233319688907,0.0032467532467532,3,-0.1711870966036377,-0.071158473171634,1,1.0,inf,0.0009472967320261,SNGS,range_v2_conservative,4.329566610382301e-05
atr_14_pct,band_pos,0,0.0010233319688907,0.0032467532467532,3,-0.1711870966036377,-0.071158473171634,1,1.0,inf,0.0009472967320261,SNGS,,4.329566610382301e-05
atr_14_pct,band_pos,0,0.0010233319688907,0.0032467532467532,3,-0.1711870966036377,-0.071158473171634,41,0.4878048780487805,0.7299972859153904,-0.0003622597111656415,TATN,range_v0_aggressive,0.0017751223102567433
atr_14_pct,band_pos,0,0.0010233319688907,0.0032467532467532,3,-0.1711870966036377,-0.071158473171634,41,0.4878048780487805,0.7299972859153904,-0.0003622597111656415,TATN,range_v0_baseline,0.0017751223102567433
atr_14_pct,band_pos,0,0.0010233319688907,0.0032467532467532,3,-0.1711870966036377,-0.071158473171634,41,0.4878048780487805,0.7299972859153904,-0.0003622597111656415,TATN,range_v0_conservative,0.0017751223102567433
atr_14_pct,band_pos,0,0.0010233319688907,0.0032467532467532,3,-0.1711870966036377,-0.071158473171634,41,0.4878048780487805,0.7299972859153904,-0.0003622597111656415,TATN,range_v2_aggressive,0.0017751223102567433
atr_14_pct,band_pos,0,0.0010233319688907,0.0032467532467532,3,-0.1711870966036377,-0.071158473171634,41,0.4878048780487805,0.7299972859153904,-0.0003622597111656415,TATN,range_v2_balanced,0.0017751223102567433
atr_14_pct,band_pos,0,0.0010233319688907,0.0032467532467532,3,-0.1711870966036377,-0.071158473171634,41,0.4878048780487805,0.7299972859153904,-0.0003622597111656415,TATN,range_v2_conservative,0.0017751223102567433
atr_14_pct,band_pos,0,0.0010233319688907,0.0032467532467532,3,-0.1711870966036377,-0.071158473171634,41,0.4878048780487805,0.7299972859153904,-0.0003622597111656415,TATN,,0.0017751223102567433
atr_14_pct,band_pos,0,0.0010233319688907,0.0032467532467532,3,-0.1711870966036377,-0.071158473171634,3,0.0,0.0,-0.0033647364371741997,YNDX,range_v0_aggressive,0.000129886998311469
atr_14_pct,band_pos,0,0.0010233319688907,0.0032467532467532,3,-0.1711870966036377,-0.071158473171634,3,0.0,0.0,-0.0033647364371741997,YNDX,range_v0_baseline,0.000129886998311469
atr_14_pct,band_pos,0,0.0010233319688907,0.0032467532467532,3,-0.1711870966036377,-0.071158473171634,3,0.0,0.0,-0.0033647364371741997,YNDX,range_v0_conservative,0.000129886998311469
atr_14_pct,band_pos,0,0.0010233319688907,0.0032467532467532,3,-0.1711870966036377,-0.071158473171634,3,0.0,0.0,-0.0033647364371741997,YNDX,range_v2_aggressive,0.000129886998311469
atr_14_pct,band_pos,0,0.0010233319688907,0.0032467532467532,3,-0.1711870966036377,-0.071158473171634,3,0.0,0.0,-0.0033647364371741997,YNDX,range_v2_balanced,0.000129886998311469
atr_14_pct,band_pos,0,0.0010233319688907,0.0032467532467532,3,-0.1711870966036377,-0.071158473171634,3,0.0,0.0,-0.0033647364371741997,YNDX,range_v2_conservative,0.000129886998311469
atr_14_pct,band_pos,0,0.0010233319688907,0.0032467532467532,3,-0.1711870966036377,-0.071158473171634,3,0.0,0.0,-0.0033647364371741997,YNDX,,0.000129886998311469
atr_14_pct,band_pos,0,0.0010233319688907,0.0032467532467532,4,-0.071158473171634,-0.0056471173799039,7,0.42857142857142855,0.9465250125743362,-8.012070949617141e-05,CHMF,range_v0_aggressive,0.00030306966272676105
atr_14_pct,band_pos,0,0.0010233319688907,0.0032467532467532,4,-0.071158473171634,-0.0056471173799039,7,0.42857142857142855,0.9465250125743362,-8.012070949617141e-05,CHMF,range_v0_baseline,0.00030306966272676105
atr_14_pct,band_pos,0,0.0010233319688907,0.0032467532467532,4,-0.071158473171634,-0.0056471173799039,7,0.42857142857142855,0.9465250125743362,-8.012070949617141e-05,CHMF,range_v0_conservative,0.00030306966272676105
atr_14_pct,band_pos,0,0.0010233319688907,0.0032467532467532,4,-0.071158473171634,-0.0056471173799039,7,0.42857142857142855,0.9465250125743362,-8.012070949617141e-05,CHMF,range_v2_aggressive,0.00030306966272676105
atr_14_pct,band_pos,0,0.0010233319688907,0.0032467532467532,4,-0.071158473171634,-0.0056471173799039,7,0.42857142857142855,0.9465250125743362,-8.012070949617141e-05,CHMF,range_v2_balanced,0.00030306966272676105
atr_14_pct,band_pos,0,0.0010233319688907,0.0032467532467532,4,-0.071158473171634,-0.0056471173799039,7,0.42857142857142855,0.9465250125743362,-8.012070949617141e-05,CHMF,range_v2_conservative,0.00030306966272676105
atr_14_pct,band_pos,0,0.0010233319688907,0.0032467532467532,4,-0.071158473171634,-0.0056471173799039,7,0.42857142857142855,0.9465250125743362,-8.012070949617141e-05,CHMF,,0.00030306966272676105
atr_14_pct,band_pos,0,0.0010233319688907,0.0032467532467532,4,-0.071158473171634,-0.0056471173799039,2,0.0,0.0,-0.00422260226249265,GAZP,range_v0_aggressive,8.659133220764602e-05
atr_14_pct,band_pos,0,0.0010233319688907,0.0032467532467532,4,-0.071158473171634,-0.0056471173799039,2,0.0,0.0,-0.00422260226249265,GAZP,range_v0_baseline,8.659133220764602e-05
atr_14_pct,band_pos,0,0.0010233319688907,0.0032467532467532,4,-0.071158473171634,-0.0056471173799039,2,0.0,0.0,-0.00422260226249265,GAZP,range_v0_conservative,8.659133220764602e-05
atr_14_pct,band_pos,0,0.0010233319688907,0.0032467532467532,4,-0.071158473171634,-0.0056471173799039,2,0.0,0.0,-0.00422260226249265,GAZP,range_v2_aggressive,8.659133220764602e-05
atr_14_pct,band_pos,0,0.0010233319688907,0.0032467532467532,4,-0.071158473171634,-0.0056471173799039,2,0.0,0.0,-0.00422260226249265,GAZP,range_v2_balanced,8.659133220764602e-05
atr_14_pct,band_pos,0,0.0010233319688907,0.0032467532467532,4,-0.071158473171634,-0.0056471173799039,2,0.0,0.0,-0.00422260226249265,GAZP,range_v2_conservative,8.659133220764602e-05
atr_14_pct,band_pos,0,0.0010233319688907,0.0032467532467532,4,-0.071158473171634,-0.0056471173799039,2,0.0,0.0,-0.00422260226249265,GAZP,,8.659133220764602e-05
atr_14_pct,band_pos,0,0.0010233319688907,0.0032467532467532,4,-0.071158473171634,-0.0056471173799039,1,0.0,0.0,-0.0009090824858757,GMKN,range_v0_aggressive,4.329566610382301e-05
atr_14_pct,band_pos,0,0.0010233319688907,0.0032467532467532,4,-0.071158473171634,-0.0056471173799039,1,0.0,0.0,-0.0009090824858757,GMKN,range_v0_baseline,4.329566610382301e-05
atr_14_pct,band_pos,0,0.0010233319688907,0.0032467532467532,4,-0.071158473171634,-0.0056471173799039,1,0.0,0.0,-0.0009090824858757,GMKN,range_v0_conservative,4.329566610382301e-05
atr_14_pct,band_pos,0,0.0010233319688907,0.0032467532467532,4,-0.071158473171634,-0.0056471173799039,1,0.0,0.0,-0.0009090824858757,GMKN,range_v2_aggressive,4.329566610382301e-05
atr_14_pct,band_pos,0,0.0010233319688907,0.0032467532467532,4,-0.071158473171634,-0.0056471173799039,1,0.0,0.0,-0.0009090824858757,GMKN,range_v2_balanced,4.329566610382301e-05
atr_14_pct,band_pos,0,0.0010233319688907,0.0032467532467532,4,-0.071158473171634,-0.0056471173799039,1,0.0,0.0,-0.0009090824858757,GMKN,range_v2_conservative,4.329566610382301e-05
atr_14_pct,band_pos,0,0.0010233319688907,0.0032467532467532,4,-0.071158473171634,-0.0056471173799039,1,0.0,0.0,-0.0009090824858757,GMKN,,4.329566610382301e-05
atr_14_pct,band_pos,0,0.0010233319688907,0.0032467532467532,4,-0.071158473171634,-0.0056471173799039,2,0.5,0.43121571483622756,-0.0012677259558282,LKOH,range_v0_aggressive,8.659133220764602e-05
atr_14_pct,band_pos,0,0.0010233319688907,0.0032467532467532,4,-0.071158473171634,-0.0056471173799039,2,0.5,0.43121571483622756,-0.0012677259558282,LKOH,range_v0_baseline,8.659133220764602e-05
atr_14_pct,band_pos,0,0.0010233319688907,0.0032467532467532,4,-0.071158473171634,-0.0056471173799039,2,0.5,0.43121571483622756,-0.0012677259558282,LKOH,range_v0_conservative,8.659133220764602e-05
atr_14_pct,band_pos,0,0.0010233319688907,0.0032467532467532,4,-0.071158473171634,-0.0056471173799039,2,0.5,0.43121571483622756,-0.0012677259558282,LKOH,range_v2_aggressive,8.659133220764602e-05
atr_14_pct,band_pos,0,0.0010233319688907,0.0032467532467532,4,-0.071158473171634,-0.0056471173799039,2,0.5,0.43121571483622756,-0.0012677259558282,LKOH,range_v2_balanced,8.659133220764602e-05
atr_14_pct,band_pos,0,0.0010233319688907,0.0032467532467532,4,-0.071158473171634,-0.0056471173799039,2,0.5,0.43121571483622756,-0.0012677259558282,LKOH,range_v2_conservative,8.659133220764602e-05
atr_14_pct,band_pos,0,0.0010233319688907,0.0032467532467532,4,-0.071158473171634,-0.0056471173799039,2,0.5,0.43121571483622756,-0.0012677259558282,LKOH,,8.659133220764602e-05
atr_14_pct,band_pos,0,0.0010233319688907,0.0032467532467532,4,-0.071158473171634,-0.0056471173799039,2,1.0,inf,0.0023413030511955,MGNT,range_v0_aggressive,8.659133220764602e-05
atr_14_pct,band_pos,0,0.0010233319688907,0.0032467532467532,4,-0.071158473171634,-0.0056471173799039,2,1.0,inf,0.0023413030511955,MGNT,range_v0_baseline,8.659133220764602e-05
atr_14_pct,band_pos,0,0.0010233319688907,0.0032467532467532,4,-0.071158473171634,-0.0056471173799039,2,1.0,inf,0.0023413030511955,MGNT,range_v0_conservative,8.659133220764602e-05
atr_14_pct,band_pos,0,0.0010233319688907,0.0032467532467532,4,-0.071158473171634,-0.0056471173799039,2,1.0,inf,0.0023413030511955,MGNT,range_v2_aggressive,8.659133220764602e-05
atr_14_pct,band_pos,0,0.0010233319688907,0.0032467532467532,4,-0.071158473171634,-0.0056471173799039,2,1.0,inf,0.0023413030511955,MGNT,range_v2_balanced,8.659133220764602e-05
atr_14_pct,band_pos,0,0.0010233319688907,0.0032467532467532,4,-0.071158473171634,-0.0056471173799039,2,1.0,inf,0.0023413030511955,MGNT,range_v2_conservative,8.659133220764602e-05
atr_14_pct,band_pos,0,0.0010233319688907,0.0032467532467532,4,-0.071158473171634,-0.0056471173799039,2,1.0,inf,0.0023413030511955,MGNT,,8.659133220764602e-05
atr_14_pct,band_pos,0,0.0010233319688907,0.0032467532467532,4,-0.071158473171634,-0.0056471173799039,4,0.25,0.129475535392773,-0.00188449903375595,MTSS,range_v0_aggressive,0.00017318266441529204
atr_14_pct,band_pos,0,0.0010233319688907,0.0032467532467532,4,-0.071158473171634,-0.0056471173799039,4,0.25,0.129475535392773,-0.00188449903375595,MTSS,range_v0_baseline,0.00017318266441529204
atr_14_pct,band_pos,0,0.0010233319688907,0.0032467532467532,4,-0.071158473171634,-0.0056471173799039,4,0.25,0.129475535392773,-0.00188449903375595,MTSS,range_v0_conservative,0.00017318266441529204
atr_14_pct,band_pos,0,0.0010233319688907,0.0032467532467532,4,-0.071158473171634,-0.0056471173799039,4,0.25,0.129475535392773,-0.00188449903375595,MTSS,range_v2_aggressive,0.00017318266441529204
atr_14_pct,band_pos,0,0.0010233319688907,0.0032467532467532,4,-0.071158473171634,-0.0056471173799039,4,0.25,0.129475535392773,-0.00188449903375595,MTSS,range_v2_balanced,0.00017318266441529204
atr_14_pct,band_pos,0,0.0010233319688907,0.0032467532467532,4,-0.071158473171634,-0.0056471173799039,4,0.25,0.129475535392773,-0.00188449903375595,MTSS,range_v2_conservative,0.00017318266441529204
atr_14_pct,band_pos,0,0.0010233319688907,0.0032467532467532,4,-0.071158473171634,-0.0056471173799039,4,0.25,0.129475535392773,-0.00188449903375595,MTSS,,0.00017318266441529204
atr_14_pct,band_pos,0,0.0010233319688907,0.0032467532467532,4,-0.071158473171634,-0.0056471173799039,5,0.4,0.2379655735787175,-0.0014649057915343201,NLMK,range_v0_aggressive,0.00021647833051911504
atr_14_pct,band_pos,0,0.0010233319688907,0.0032467532467532,4,-0.071158473171634,-0.0056471173799039,5,0.4,0.2379655735787175,-0.0014649057915343201,NLMK,range_v0_baseline,0.00021647833051911504
atr_14_pct,band_pos,0,0.0010233319688907,0.0032467532467532,4,-0.071158473171634,-0.0056471173799039,5,0.4,0.2379655735787175,-0.0014649057915343201,NLMK,range_v0_conservative,0.00021647833051911504
atr_14_pct,band_pos,0,0.0010233319688907,0.0032467532467532,4,-0.071158473171634,-0.0056471173799039,5,0.4,0.2379655735787175,-0.0014649057915343201,NLMK,range_v2_aggressive,0.00021647833051911504
atr_14_pct,band_pos,0,0.0010233319688907,0.0032467532467532,4,-0.071158473171634,-0.0056471173799039,5,0.4,0.2379655735787175,-0.0014649057915343201,NLMK,range_v2_balanced,0.00021647833051911504
atr_14_pct,band_pos,0,0.0010233319688907,0.0032467532467532,4,-0.071158473171634,-0.0056471173799039,5,0.4,0.2379655735787175,-0.0014649057915343201,NLMK,range_v2_conservative,0.00021647833051911504
atr_14_pct,band_pos,0,0.0010233319688907,0.0032467532467532,4,-0.071158473171634,-0.0056471173799039,5,0.4,0.2379655735787175,-0.0014649057915343201,NLMK,,0.00021647833051911504
atr_14_pct,band_pos,0,0.0010233319688907,0.0032467532467532,4,-0.071158473171634,-0.0056471173799039,31,0.4838709677419355,0.9208022709613747,-0.00012544740677295806,PIKK,range_v0_aggressive,0.0013421656492185131
atr_14_pct,band_pos,0,0.0010233319688907,0.0032467532467532,4,-0.071158473171634,-0.0056471173799039,31,0.4838709677419355,0.9208022709613747,-0.00012544740677295806,PIKK,range_v0_baseline,0.0013421656492185131
atr_14_pct,band_pos,0,0.0010233319688907,0.0032467532467532,4,-0.071158473171634,-0.0056471173799039,31,0.4838709677419355,0.9208022709613747,-0.00012544740677295806,PIKK,range_v0_conservative,0.0013421656492185131
atr_14_pct,band_pos,0,0.0010233319688907,0.0032467532467532,4,-0.071158473171634,-0.0056471173799039,31,0.4838709677419355,0.9208022709613747,-0.00012544740677295806,PIKK,range_v2_aggressive,0.0013421656492185131
atr_14_pct,band_pos,0,0.0010233319688907,0.0032467532467532,4,-0.071158473171634,-0.0056471173799039,31,0.4838709677419355,0.9208022709613747,-0.00012544740677295806,PIKK,range_v2_balanced,0.0013421656492185131
atr_14_pct,band_pos,0,0.0010233319688907,0.0032467532467532,4,-0.071158473171634,-0.0056471173799039,31,0.4838709677419355,0.9208022709613747,-0.00012544740677295806,PIKK,range_v2_conservative,0.0013421656492185131
atr_14_pct,band_pos,0,0.0010233319688907,0.0032467532467532,4,-0.071158473171634,-0.0056471173799039,31,0.4838709677419355,0.9208022709613747,-0.00012544740677295806,PIKK,,0.0013421656492185131
atr_14_pct,band_pos,0,0.0010233319688907,0.0032467532467532,4,-0.071158473171634,-0.0056471173799039,1,0.0,0.0,-0.0024136284188034,PLZL,range_v0_aggressive,4.329566610382301e-05
atr_14_pct,band_pos,0,0.0010233319688907,0.0032467532467532,4,-0.071158473171634,-0.0056471173799039,1,0.0,0.0,-0.0024136284188034,PLZL,range_v0_baseline,4.329566610382301e-05
atr_14_pct,band_pos,0,0.0010233319688907,0.0032467532467532,4,-0.071158473171634,-0.0056471173799039,1,0.0,0.0,-0.0024136284188034,PLZL,range_v0_conservative,4.329566610382301e-05
atr_14_pct,band_pos,0,0.0010233319688907,0.0032467532467532,4,-0.071158473171634,-0.0056471173799039,1,0.0,0.0,-0.0024136284188034,PLZL,range_v2_aggressive,4.329566610382301e-05
atr_14_pct,band_pos,0,0.0010233319688907,0.0032467532467532,4,-0.071158473171634,-0.0056471173799039,1,0.0,0.0,-0.0024136284188034,PLZL,range_v2_balanced,4.329566610382301e-05
atr_14_pct,band_pos,0,0.0010233319688907,0.0032467532467532,4,-0.071158473171634,-0.0056471173799039,1,0.0,0.0,-0.0024136284188034,PLZL,range_v2_conservative,4.329566610382301e-05
atr_14_pct,band_pos,0,0.0010233319688907,0.0032467532467532,4,-0.071158473171634,-0.0056471173799039,1,0.0,0.0,-0.0024136284188034,PLZL,,4.329566610382301e-05
atr_14_pct,band_pos,0,0.0010233319688907,0.0032467532467532,4,-0.071158473171634,-0.0056471173799039,3,0.3333333333333333,1.2049034283694644,0.0004032422929329332,ROSN,range_v0_aggressive,0.000129886998311469
atr_14_pct,band_pos,0,0.0010233319688907,0.0032467532467532,4,-0.071158473171634,-0.0056471173799039,3,0.3333333333333333,1.2049034283694644,0.0004032422929329332,ROSN,range_v0_baseline,0.000129886998311469
atr_14_pct,band_pos,0,0.0010233319688907,0.0032467532467532,4,-0.071158473171634,-0.0056471173799039,3,0.3333333333333333,1.2049034283694644,0.0004032422929329332,ROSN,range_v0_conservative,0.000129886998311469
atr_14_pct,band_pos,0,0.0010233319688907,0.0032467532467532,4,-0.071158473171634,-0.0056471173799039,3,0.3333333333333333,1.2049034283694644,0.0004032422929329332,ROSN,range_v2_aggressive,0.000129886998311469
atr_14_pct,band_pos,0,0.0010233319688907,0.0032467532467532,4,-0.071158473171634,-0.0056471173799039,3,0.3333333333333333,1.2049034283694644,0.0004032422929329332,ROSN,range_v2_balanced,0.000129886998311469
atr_14_pct,band_pos,0,0.0010233319688907,0.0032467532467532,4,-0.071158473171634,-0.0056471173799039,3,0.3333333333333333,1.2049034283694644,0.0004032422929329332,ROSN,range_v2_conservative,0.000129886998311469
atr_14_pct,band_pos,0,0.0010233319688907,0.0032467532467532,4,-0.071158473171634,-0.0056471173799039,3,0.3333333333333333,1.2049034283694644,0.0004032422929329332,ROSN,,0.000129886998311469
atr_14_pct,band_pos,0,0.0010233319688907,0.0032467532467532,4,-0.071158473171634,-0.0056471173799039,3,0.0,0.0,-0.0035067756443431,SBER,range_v0_aggressive,0.000129886998311469
atr_14_pct,band_pos,0,0.0010233319688907,0.0032467532467532,4,-0.071158473171634,-0.0056471173799039,3,0.0,0.0,-0.0035067756443431,SBER,range_v0_baseline,0.000129886998311469
atr_14_pct,band_pos,0,0.0010233319688907,0.0032467532467532,4,-0.071158473171634,-0.0056471173799039,3,0.0,0.0,-0.0035067756443431,SBER,range_v0_conservative,0.000129886998311469
atr_14_pct,band_pos,0,0.0010233319688907,0.0032467532467532,4,-0.071158473171634,-0.0056471173799039,36,0.4166666666666667,0.40320046579777624,-0.0008210479904006691,SBER,range_v2_aggressive,0.0015586439797376282
atr_14_pct,band_pos,0,0.0010233319688907,0.0032467532467532,4,-0.071158473171634,-0.0056471173799039,60,0.31666666666666665,0.3656273116864747,-0.0007154857035386334,SBER,range_v2_balanced,0.0025977399662293803
atr_14_pct,band_pos,0,0.0010233319688907,0.0032467532467532,4,-0.071158473171634,-0.0056471173799039,3,0.0,0.0,-0.0035067756443431,SBER,range_v2_conservative,0.000129886998311469
atr_14_pct,band_pos,0,0.0010233319688907,0.0032467532467532,4,-0.071158473171634,-0.0056471173799039,6,0.0,0.0,-0.0035067756443431,SBER,,0.000259773996622938
atr_14_pct,band_pos,0,0.0010233319688907,0.0032467532467532,4,-0.071158473171634,-0.0056471173799039,1,1.0,inf,0.0034628888888888,SNGS,range_v0_aggressive,4.329566610382301e-05
atr_14_pct,band_pos,0,0.0010233319688907,0.0032467532467532,4,-0.071158473171634,-0.0056471173799039,1,1.0,inf,0.0034628888888888,SNGS,range_v0_baseline,4.329566610382301e-05
atr_14_pct,band_pos,0,0.0010233319688907,0.0032467532467532,4,-0.071158473171634,-0.0056471173799039,1,1.0,inf,0.0034628888888888,SNGS,range_v0_conservative,4.329566610382301e-05
atr_14_pct,band_pos,0,0.0010233319688907,0.0032467532467532,4,-0.071158473171634,-0.0056471173799039,1,1.0,inf,0.0034628888888888,SNGS,range_v2_aggressive,4.329566610382301e-05
atr_14_pct,band_pos,0,0.0010233319688907,0.0032467532467532,4,-0.071158473171634,-0.0056471173799039,1,1.0,inf,0.0034628888888888,SNGS,range_v2_balanced,4.329566610382301e-05
atr_14_pct,band_pos,0,0.0010233319688907,0.0032467532467532,4,-0.071158473171634,-0.0056471173799039,1,1.0,inf,0.0034628888888888,SNGS,range_v2_conservative,4.329566610382301e-05
atr_14_pct,band_pos,0,0.0010233319688907,0.0032467532467532,4,-0.071158473171634,-0.0056471173799039,1,1.0,inf,0.0034628888888888,SNGS,,4.329566610382301e-05
atr_14_pct,band_pos,0,0.0010233319688907,0.0032467532467532,4,-0.071158473171634,-0.0056471173799039,35,0.6285714285714286,1.1980503877695217,0.0001805169798017685,TATN,range_v0_aggressive,0.0015153483136338053
atr_14_pct,band_pos,0,0.0010233319688907,0.0032467532467532,4,-0.071158473171634,-0.0056471173799039,35,0.6285714285714286,1.1980503877695217,0.0001805169798017685,TATN,range_v0_baseline,0.0015153483136338053
atr_14_pct,band_pos,0,0.0010233319688907,0.0032467532467532,4,-0.071158473171634,-0.0056471173799039,35,0.6285714285714286,1.1980503877695217,0.0001805169798017685,TATN,range_v0_conservative,0.0015153483136338053
atr_14_pct,band_pos,0,0.0010233319688907,0.0032467532467532,4,-0.071158473171634,-0.0056471173799039,35,0.6285714285714286,1.1980503877695217,0.0001805169798017685,TATN,range_v2_aggressive,0.0015153483136338053
atr_14_pct,band_pos,0,0.0010233319688907,0.0032467532467532,4,-0.071158473171634,-0.0056471173799039,35,0.6285714285714286,1.1980503877695217,0.0001805169798017685,TATN,range_v2_balanced,0.0015153483136338053
atr_14_pct,band_pos,0,0.0010233319688907,0.0032467532467532,4,-0.071158473171634,-0.0056471173799039,35,0.6285714285714286,1.1980503877695217,0.0001805169798017685,TATN,range_v2_conservative,0.0015153483136338053
atr_14_pct,band_pos,0,0.0010233319688907,0.0032467532467532,4,-0.071158473171634,-0.0056471173799039,35,0.6285714285714286,1.1980503877695217,0.0001805169798017685,TATN,,0.0015153483136338053
atr_14_pct,band_pos,0,0.0010233319688907,0.0032467532467532,4,-0.071158473171634,-0.0056471173799039,2,0.5,2.7663364947604068,0.0025670145633013,YNDX,range_v0_aggressive,8.659133220764602e-05
atr_14_pct,band_pos,0,0.0010233319688907,0.0032467532467532,4,-0.071158473171634,-0.0056471173799039,2,0.5,2.7663364947604068,0.0025670145633013,YNDX,range_v0_baseline,8.659133220764602e-05
atr_14_pct,band_pos,0,0.0010233319688907,0.0032467532467532,4,-0.071158473171634,-0.0056471173799039,2,0.5,2.7663364947604068,0.0025670145633013,YNDX,range_v0_conservative,8.659133220764602e-05
atr_14_pct,band_pos,0,0.0010233319688907,0.0032467532467532,4,-0.071158473171634,-0.0056471173799039,2,0.5,2.7663364947604068,0.0025670145633013,YNDX,range_v2_aggressive,8.659133220764602e-05
atr_14_pct,band_pos,0,0.0010233319688907,0.0032467532467532,4,-0.071158473171634,-0.0056471173799039,2,0.5,2.7663364947604068,0.0025670145633013,YNDX,range_v2_balanced,8.659133220764602e-05
atr_14_pct,band_pos,0,0.0010233319688907,0.0032467532467532,4,-0.071158473171634,-0.0056471173799039,2,0.5,2.7663364947604068,0.0025670145633013,YNDX,range_v2_conservative,8.659133220764602e-05
atr_14_pct,band_pos,0,0.0010233319688907,0.0032467532467532,4,-0.071158473171634,-0.0056471173799039,2,0.5,2.7663364947604068,0.0025670145633013,YNDX,,8.659133220764602e-05
atr_14_pct,band_pos,0,0.0010233319688907,0.0032467532467532,5,-0.0056471173799039,0.4996513928999424,3,1.0,inf,0.0022184539710943,CHMF,range_v0_aggressive,0.000129886998311469
atr_14_pct,band_pos,0,0.0010233319688907,0.0032467532467532,5,-0.0056471173799039,0.4996513928999424,3,1.0,inf,0.0022184539710943,CHMF,range_v0_baseline,0.000129886998311469
atr_14_pct,band_pos,0,0.0010233319688907,0.0032467532467532,5,-0.0056471173799039,0.4996513928999424,3,1.0,inf,0.0022184539710943,CHMF,range_v0_conservative,0.000129886998311469
atr_14_pct,band_pos,0,0.0010233319688907,0.0032467532467532,5,-0.0056471173799039,0.4996513928999424,3,1.0,inf,0.0022184539710943,CHMF,range_v2_aggressive,0.000129886998311469
atr_14_pct,band_pos,0,0.0010233319688907,0.0032467532467532,5,-0.0056471173799039,0.4996513928999424,3,1.0,inf,0.0022184539710943,CHMF,range_v2_balanced,0.000129886998311469
atr_14_pct,band_pos,0,0.0010233319688907,0.0032467532467532,5,-0.0056471173799039,0.4996513928999424,3,1.0,inf,0.0022184539710943,CHMF,range_v2_conservative,0.000129886998311469
atr_14_pct,band_pos,0,0.0010233319688907,0.0032467532467532,5,-0.0056471173799039,0.4996513928999424,3,1.0,inf,0.0022184539710943,CHMF,,0.000129886998311469
atr_14_pct,band_pos,0,0.0010233319688907,0.0032467532467532,5,-0.0056471173799039,0.4996513928999424,9,0.3333333333333333,0.2765735047934622,-0.0013817791283804001,GMKN,range_v0_aggressive,0.00038966099493440706
atr_14_pct,band_pos,0,0.0010233319688907,0.0032467532467532,5,-0.0056471173799039,0.4996513928999424,9,0.3333333333333333,0.2765735047934622,-0.0013817791283804001,GMKN,range_v0_baseline,0.00038966099493440706
atr_14_pct,band_pos,0,0.0010233319688907,0.0032467532467532,5,-0.0056471173799039,0.4996513928999424,9,0.3333333333333333,0.2765735047934622,-0.0013817791283804001,GMKN,range_v0_conservative,0.00038966099493440706
atr_14_pct,band_pos,0,0.0010233319688907,0.0032467532467532,5,-0.0056471173799039,0.4996513928999424,9,0.3333333333333333,0.2765735047934622,-0.0013817791283804001,GMKN,range_v2_aggressive,0.00038966099493440706
atr_14_pct,band_pos,0,0.0010233319688907,0.0032467532467532,5,-0.0056471173799039,0.4996513928999424,9,0.3333333333333333,0.2765735047934622,-0.0013817791283804001,GMKN,range_v2_balanced,0.00038966099493440706
atr_14_pct,band_pos,0,0.0010233319688907,0.0032467532467532,5,-0.0056471173799039,0.4996513928999424,9,0.3333333333333333,0.2765735047934622,-0.0013817791283804001,GMKN,range_v2_conservative,0.00038966099493440706
atr_14_pct,band_pos,0,0.0010233319688907,0.0032467532467532,5,-0.0056471173799039,0.4996513928999424,9,0.3333333333333333,0.2765735047934622,-0.0013817791283804001,GMKN,,0.00038966099493440706
atr_14_pct,band_pos,0,0.0010233319688907,0.0032467532467532,5,-0.0056471173799039,0.4996513928999424,1,0.0,0.0,-0.002365435409836,LKOH,range_v0_aggressive,4.329566610382301e-05
atr_14_pct,band_pos,0,0.0010233319688907,0.0032467532467532,5,-0.0056471173799039,0.4996513928999424,1,0.0,0.0,-0.002365435409836,LKOH,range_v0_baseline,4.329566610382301e-05
atr_14_pct,band_pos,0,0.0010233319688907,0.0032467532467532,5,-0.0056471173799039,0.4996513928999424,1,0.0,0.0,-0.002365435409836,LKOH,range_v0_conservative,4.329566610382301e-05
atr_14_pct,band_pos,0,0.0010233319688907,0.0032467532467532,5,-0.0056471173799039,0.4996513928999424,1,0.0,0.0,-0.002365435409836,LKOH,range_v2_aggressive,4.329566610382301e-05
atr_14_pct,band_pos,0,0.0010233319688907,0.0032467532467532,5,-0.0056471173799039,0.4996513928999424,1,0.0,0.0,-0.002365435409836,LKOH,range_v2_balanced,4.329566610382301e-05
atr_14_pct,band_pos,0,0.0010233319688907,0.0032467532467532,5,-0.0056471173799039,0.4996513928999424,1,0.0,0.0,-0.002365435409836,LKOH,range_v2_conservative,4.329566610382301e-05
atr_14_pct,band_pos,0,0.0010233319688907,0.0032467532467532,5,-0.0056471173799039,0.4996513928999424,1,0.0,0.0,-0.002365435409836,LKOH,,4.329566610382301e-05
atr_14_pct,band_pos,0,0.0010233319688907,0.0032467532467532,5,-0.0056471173799039,0.4996513928999424,7,0.42857142857142855,0.756210690878342,-0.0002810149146164857,MGNT,range_v0_aggressive,0.00030306966272676105
atr_14_pct,band_pos,0,0.0010233319688907,0.0032467532467532,5,-0.0056471173799039,0.4996513928999424,7,0.42857142857142855,0.756210690878342,-0.0002810149146164857,MGNT,range_v0_baseline,0.00030306966272676105
atr_14_pct,band_pos,0,0.0010233319688907,0.0032467532467532,5,-0.0056471173799039,0.4996513928999424,7,0.42857142857142855,0.756210690878342,-0.0002810149146164857,MGNT,range_v0_conservative,0.00030306966272676105
atr_14_pct,band_pos,0,0.0010233319688907,0.0032467532467532,5,-0.0056471173799039,0.4996513928999424,7,0.42857142857142855,0.756210690878342,-0.0002810149146164857,MGNT,range_v2_aggressive,0.00030306966272676105
atr_14_pct,band_pos,0,0.0010233319688907,0.0032467532467532,5,-0.0056471173799039,0.4996513928999424,7,0.42857142857142855,0.756210690878342,-0.0002810149146164857,MGNT,range_v2_balanced,0.00030306966272676105
atr_14_pct,band_pos,0,0.0010233319688907,0.0032467532467532,5,-0.0056471173799039,0.4996513928999424,7,0.42857142857142855,0.756210690878342,-0.0002810149146164857,MGNT,range_v2_conservative,0.00030306966272676105
atr_14_pct,band_pos,0,0.0010233319688907,0.0032467532467532,5,-0.0056471173799039,0.4996513928999424,7,0.42857142857142855,0.756210690878342,-0.0002810149146164857,MGNT,,0.00030306966272676105
atr_14_pct,band_pos,0,0.0010233319688907,0.0032467532467532,5,-0.0056471173799039,0.4996513928999424,3,0.3333333333333333,0.08948198669058162,-0.0012132123637242,MTSS,range_v0_aggressive,0.000129886998311469
atr_14_pct,band_pos,0,0.0010233319688907,0.0032467532467532,5,-0.0056471173799039,0.4996513928999424,3,0.3333333333333333,0.08948198669058162,-0.0012132123637242,MTSS,range_v0_baseline,0.000129886998311469
atr_14_pct,band_pos,0,0.0010233319688907,0.0032467532467532,5,-0.0056471173799039,0.4996513928999424,3,0.3333333333333333,0.08948198669058162,-0.0012132123637242,MTSS,range_v0_conservative,0.000129886998311469
atr_14_pct,band_pos,0,0.0010233319688907,0.0032467532467532,5,-0.0056471173799039,0.4996513928999424,3,0.3333333333333333,0.08948198669058162,-0.0012132123637242,MTSS,range_v2_aggressive,0.000129886998311469
atr_14_pct,band_pos,0,0.0010233319688907,0.0032467532467532,5,-0.0056471173799039,0.4996513928999424,3,0.3333333333333333,0.08948198669058162,-0.0012132123637242,MTSS,range_v2_balanced,0.000129886998311469
atr_14_pct,band_pos,0,0.0010233319688907,0.0032467532467532,5,-0.0056471173799039,0.4996513928999424,3,0.3333333333333333,0.08948198669058162,-0.0012132123637242,MTSS,range_v2_conservative,0.000129886998311469
atr_14_pct,band_pos,0,0.0010233319688907,0.0032467532467532,5,-0.0056471173799039,0.4996513928999424,3,0.3333333333333333,0.08948198669058162,-0.0012132123637242,MTSS,,0.000129886998311469
atr_14_pct,band_pos,0,0.0010233319688907,0.0032467532467532,5,-0.0056471173799039,0.4996513928999424,3,1.0,inf,0.0022649371626259998,NLMK,range_v0_aggressive,0.000129886998311469
atr_14_pct,band_pos,0,0.0010233319688907,0.0032467532467532,5,-0.0056471173799039,0.4996513928999424,3,1.0,inf,0.0022649371626259998,NLMK,range_v0_baseline,0.000129886998311469
atr_14_pct,band_pos,0,0.0010233319688907,0.0032467532467532,5,-0.0056471173799039,0.4996513928999424,3,1.0,inf,0.0022649371626259998,NLMK,range_v0_conservative,0.000129886998311469
atr_14_pct,band_pos,0,0.0010233319688907,0.0032467532467532,5,-0.0056471173799039,0.4996513928999424,3,1.0,inf,0.0022649371626259998,NLMK,range_v2_aggressive,0.000129886998311469
atr_14_pct,band_pos,0,0.0010233319688907,0.0032467532467532,5,-0.0056471173799039,0.4996513928999424,3,1.0,inf,0.0022649371626259998,NLMK,range_v2_balanced,0.000129886998311469
atr_14_pct,band_pos,0,0.0010233319688907,0.0032467532467532,5,-0.0056471173799039,0.4996513928999424,3,1.0,inf,0.0022649371626259998,NLMK,range_v2_conservative,0.000129886998311469
atr_14_pct,band_pos,0,0.0010233319688907,0.0032467532467532,5,-0.0056471173799039,0.4996513928999424,3,1.0,inf,0.0022649371626259998,NLMK,,0.000129886998311469
atr_14_pct,band_pos,0,0.0010233319688907,0.0032467532467532,5,-0.0056471173799039,0.4996513928999424,1,0.0,0.0,-0.004315243715847,NVTK,range_v0_aggressive,4.329566610382301e-05
atr_14_pct,band_pos,0,0.0010233319688907,0.0032467532467532,5,-0.0056471173799039,0.4996513928999424,1,0.0,0.0,-0.004315243715847,NVTK,range_v0_baseline,4.329566610382301e-05
atr_14_pct,band_pos,0,0.0010233319688907,0.0032467532467532,5,-0.0056471173799039,0.4996513928999424,1,0.0,0.0,-0.004315243715847,NVTK,range_v0_conservative,4.329566610382301e-05
atr_14_pct,band_pos,0,0.0010233319688907,0.0032467532467532,5,-0.0056471173799039,0.4996513928999424,1,0.0,0.0,-0.004315243715847,NVTK,range_v2_aggressive,4.329566610382301e-05
atr_14_pct,band_pos,0,0.0010233319688907,0.0032467532467532,5,-0.0056471173799039,0.4996513928999424,1,0.0,0.0,-0.004315243715847,NVTK,range_v2_balanced,4.329566610382301e-05
atr_14_pct,band_pos,0,0.0010233319688907,0.0032467532467532,5,-0.0056471173799039,0.4996513928999424,1,0.0,0.0,-0.004315243715847,NVTK,range_v2_conservative,4.329566610382301e-05
atr_14_pct,band_pos,0,0.0010233319688907,0.0032467532467532,5,-0.0056471173799039,0.4996513928999424,1,0.0,0.0,-0.004315243715847,NVTK,,4.329566610382301e-05
atr_14_pct,band_pos,0,0.0010233319688907,0.0032467532467532,5,-0.0056471173799039,0.4996513928999424,28,0.4642857142857143,0.5693870283438836,-0.0006487385039283608,PIKK,range_v0_aggressive,0.0012122786509070442
atr_14_pct,band_pos,0,0.0010233319688907,0.0032467532467532,5,-0.0056471173799039,0.4996513928999424,28,0.4642857142857143,0.5693870283438836,-0.0006487385039283608,PIKK,range_v0_baseline,0.0012122786509070442
atr_14_pct,band_pos,0,0.0010233319688907,0.0032467532467532,5,-0.0056471173799039,0.4996513928999424,28,0.4642857142857143,0.5693870283438836,-0.0006487385039283608,PIKK,range_v0_conservative,0.0012122786509070442
atr_14_pct,band_pos,0,0.0010233319688907,0.0032467532467532,5,-0.0056471173799039,0.4996513928999424,28,0.4642857142857143,0.5693870283438836,-0.0006487385039283608,PIKK,range_v2_aggressive,0.0012122786509070442
atr_14_pct,band_pos,0,0.0010233319688907,0.0032467532467532,5,-0.0056471173799039,0.4996513928999424,28,0.4642857142857143,0.5693870283438836,-0.0006487385039283608,PIKK,range_v2_balanced,0.0012122786509070442
atr_14_pct,band_pos,0,0.0010233319688907,0.0032467532467532,5,-0.0056471173799039,0.4996513928999424,28,0.4642857142857143,0.5693870283438836,-0.0006487385039283608,PIKK,range_v2_conservative,0.0012122786509070442
atr_14_pct,band_pos,0,0.0010233319688907,0.0032467532467532,5,-0.0056471173799039,0.4996513928999424,28,0.4642857142857143,0.5693870283438836,-0.0006487385039283608,PIKK,,0.0012122786509070442
atr_14_pct,band_pos,0,0.0010233319688907,0.0032467532467532,5,-0.0056471173799039,0.4996513928999424,3,0.3333333333333333,0.8120647120188048,-0.0002894998498654336,PLZL,range_v0_aggressive,0.000129886998311469
atr_14_pct,band_pos,0,0.0010233319688907,0.0032467532467532,5,-0.0056471173799039,0.4996513928999424,3,0.3333333333333333,0.8120647120188048,-0.0002894998498654336,PLZL,range_v0_baseline,0.000129886998311469
atr_14_pct,band_pos,0,0.0010233319688907,0.0032467532467532,5,-0.0056471173799039,0.4996513928999424,3,0.3333333333333333,0.8120647120188048,-0.0002894998498654336,PLZL,range_v0_conservative,0.000129886998311469
atr_14_pct,band_pos,0,0.0010233319688907,0.0032467532467532,5,-0.0056471173799039,0.4996513928999424,3,0.3333333333333333,0.8120647120188048,-0.0002894998498654336,PLZL,range_v2_aggressive,0.000129886998311469
atr_14_pct,band_pos,0,0.0010233319688907,0.0032467532467532,5,-0.0056471173799039,0.4996513928999424,3,0.3333333333333333,0.8120647120188048,-0.0002894998498654336,PLZL,range_v2_balanced,0.000129886998311469
atr_14_pct,band_pos,0,0.0010233319688907,0.0032467532467532,5,-0.0056471173799039,0.4996513928999424,3,0.3333333333333333,0.8120647120188048,-0.0002894998498654336,PLZL,range_v2_conservative,0.000129886998311469
atr_14_pct,band_pos,0,0.0010233319688907,0.0032467532467532,5,-0.0056471173799039,0.4996513928999424,3,0.3333333333333333,0.8120647120188048,-0.0002894998498654336,PLZL,,0.000129886998311469
atr_14_pct,band_pos,0,0.0010233319688907,0.0032467532467532,5,-0.0056471173799039,0.4996513928999424,2,0.0,0.0,-0.00370413054849495,ROSN,range_v0_aggressive,8.659133220764602e-05
atr_14_pct,band_pos,0,0.0010233319688907,0.0032467532467532,5,-0.0056471173799039,0.4996513928999424,2,0.0,0.0,-0.00370413054849495,ROSN,range_v0_baseline,8.659133220764602e-05
atr_14_pct,band_pos,0,0.0010233319688907,0.0032467532467532,5,-0.0056471173799039,0.4996513928999424,2,0.0,0.0,-0.00370413054849495,ROSN,range_v0_conservative,8.659133220764602e-05
atr_14_pct,band_pos,0,0.0010233319688907,0.0032467532467532,5,-0.0056471173799039,0.4996513928999424,2,0.0,0.0,-0.00370413054849495,ROSN,range_v2_aggressive,8.659133220764602e-05
atr_14_pct,band_pos,0,0.0010233319688907,0.0032467532467532,5,-0.0056471173799039,0.4996513928999424,2,0.0,0.0,-0.00370413054849495,ROSN,range_v2_balanced,8.659133220764602e-05
atr_14_pct,band_pos,0,0.0010233319688907,0.0032467532467532,5,-0.0056471173799039,0.4996513928999424,2,0.0,0.0,-0.00370413054849495,ROSN,range_v2_conservative,8.659133220764602e-05
atr_14_pct,band_pos,0,0.0010233319688907,0.0032467532467532,5,-0.0056471173799039,0.4996513928999424,2,0.0,0.0,-0.00370413054849495,ROSN,,8.659133220764602e-05
atr_14_pct,band_pos,0,0.0010233319688907,0.0032467532467532,5,-0.0056471173799039,0.4996513928999424,51,0.35294117647058826,0.5094334983163645,-0.0006993441713196824,SBER,range_v2_aggressive,0.0022080789712949733
atr_14_pct,band_pos,0,0.0010233319688907,0.0032467532467532,5,-0.0056471173799039,0.4996513928999424,80,0.375,0.5431380853414346,-0.0005223745736856408,SBER,range_v2_balanced,0.0034636532883058407
atr_14_pct,band_pos,0,0.0010233319688907,0.0032467532467532,5,-0.0056471173799039,0.4996513928999424,136,0.3088235294117647,0.334862532522906,-0.0005499389805437337,SBER,range_v2_conservative,0.005888210590119929
atr_14_pct,band_pos,0,0.0010233319688907,0.0032467532467532,5,-0.0056471173799039,0.4996513928999424,1,0.0,0.0,-0.0014900975903614,SNGS,range_v0_aggressive,4.329566610382301e-05
atr_14_pct,band_pos,0,0.0010233319688907,0.0032467532467532,5,-0.0056471173799039,0.4996513928999424,1,0.0,0.0,-0.0014900975903614,SNGS,range_v0_baseline,4.329566610382301e-05
atr_14_pct,band_pos,0,0.0010233319688907,0.0032467532467532,5,-0.0056471173799039,0.4996513928999424,1,0.0,0.0,-0.0014900975903614,SNGS,range_v0_conservative,4.329566610382301e-05
atr_14_pct,band_pos,0,0.0010233319688907,0.0032467532467532,5,-0.0056471173799039,0.4996513928999424,1,0.0,0.0,-0.0014900975903614,SNGS,range_v2_aggressive,4.329566610382301e-05
atr_14_pct,band_pos,0,0.0010233319688907,0.0032467532467532,5,-0.0056471173799039,0.4996513928999424,1,0.0,0.0,-0.0014900975903614,SNGS,range_v2_balanced,4.329566610382301e-05
atr_14_pct,band_pos,0,0.0010233319688907,0.0032467532467532,5,-0.0056471173799039,0.4996513928999424,1,0.0,0.0,-0.0014900975903614,SNGS,range_v2_conservative,4.329566610382301e-05
atr_14_pct,band_pos,0,0.0010233319688907,0.0032467532467532,5,-0.0056471173799039,0.4996513928999424,1,0.0,0.0,-0.0014900975903614,SNGS,,4.329566610382301e-05
atr_14_pct,band_pos,0,0.0010233319688907,0.0032467532467532,5,-0.0056471173799039,0.4996513928999424,31,0.45161290322580644,0.6501497862317164,-0.0004031407153923118,TATN,range_v0_aggressive,0.0013421656492185131
atr_14_pct,band_pos,0,0.0010233319688907,0.0032467532467532,5,-0.0056471173799039,0.4996513928999424,31,0.45161290322580644,0.6501497862317164,-0.0004031407153923118,TATN,range_v0_baseline,0.0013421656492185131
atr_14_pct,band_pos,0,0.0010233319688907,0.0032467532467532,5,-0.0056471173799039,0.4996513928999424,31,0.45161290322580644,0.6501497862317164,-0.0004031407153923118,TATN,range_v0_conservative,0.0013421656492185131
atr_14_pct,band_pos,0,0.0010233319688907,0.0032467532467532,5,-0.0056471173799039,0.4996513928999424,31,0.45161290322580644,0.6501497862317164,-0.0004031407153923118,TATN,range_v2_aggressive,0.0013421656492185131
atr_14_pct,band_pos,0,0.0010233319688907,0.0032467532467532,5,-0.0056471173799039,0.4996513928999424,31,0.45161290322580644,0.6501497862317164,-0.0004031407153923118,TATN,range_v2_balanced,0.0013421656492185131
atr_14_pct,band_pos,0,0.0010233319688907,0.0032467532467532,5,-0.0056471173799039,0.4996513928999424,31,0.45161290322580644,0.6501497862317164,-0.0004031407153923118,TATN,range_v2_conservative,0.0013421656492185131
atr_14_pct,band_pos,0,0.0010233319688907,0.0032467532467532,5,-0.0056471173799039,0.4996513928999424,31,0.45161290322580644,0.6501497862317164,-0.0004031407153923118,TATN,,0.0013421656492185131
atr_14_pct,band_pos,0,0.0010233319688907,0.0032467532467532,5,-0.0056471173799039,0.4996513928999424,4,0.25,0.5692940979721584,-0.0010724804759918499,VKCO,range_v0_aggressive,0.00017318266441529204
atr_14_pct,band_pos,0,0.0010233319688907,0.0032467532467532,5,-0.0056471173799039,0.4996513928999424,4,0.25,0.5692940979721584,-0.0010724804759918499,VKCO,range_v0_baseline,0.00017318266441529204
atr_14_pct,band_pos,0,0.0010233319688907,0.0032467532467532,5,-0.0056471173799039,0.4996513928999424,4,0.25,0.5692940979721584,-0.0010724804759918499,VKCO,range_v0_conservative,0.00017318266441529204
atr_14_pct,band_pos,0,0.0010233319688907,0.0032467532467532,5,-0.0056471173799039,0.4996513928999424,4,0.25,0.5692940979721584,-0.0010724804759918499,VKCO,range_v2_aggressive,0.00017318266441529204
atr_14_pct,band_pos,0,0.0010233319688907,0.0032467532467532,5,-0.0056471173799039,0.4996513928999424,4,0.25,0.5692940979721584,-0.0010724804759918499,VKCO,range_v2_balanced,0.00017318266441529204
atr_14_pct,band_pos,0,0.0010233319688907,0.0032467532467532,5,-0.0056471173799039,0.4996513928999424,4,0.25,0.5692940979721584,-0.0010724804759918499,VKCO,range_v2_conservative,0.00017318266441529204
atr_14_pct,band_pos,0,0.0010233319688907,0.0032467532467532,5,-0.0056471173799039,0.4996513928999424,4,0.25,0.5692940979721584,-0.0010724804759918499,VKCO,,0.00017318266441529204
atr_14_pct,band_pos,1,0.0032467532467532,0.0045416534502148,0,-1.7111676770571271,-0.5006577883425565,13,0.15384615384615385,0.2896863328345566,-0.0011365248570797846,CHMF,range_v0_aggressive,0.0005628436593496991
atr_14_pct,band_pos,1,0.0032467532467532,0.0045416534502148,0,-1.7111676770571271,-0.5006577883425565,13,0.15384615384615385,0.2896863328345566,-0.0011365248570797846,CHMF,range_v0_baseline,0.0005628436593496991
atr_14_pct,band_pos,1,0.0032467532467532,0.0045416534502148,0,-1.7111676770571271,-0.5006577883425565,13,0.15384615384615385,0.2896863328345566,-0.0011365248570797846,CHMF,range_v0_conservative,0.0005628436593496991
atr_14_pct,band_pos,1,0.0032467532467532,0.0045416534502148,0,-1.7111676770571271,-0.5006577883425565,13,0.15384615384615385,0.2896863328345566,-0.0011365248570797846,CHMF,range_v2_aggressive,0.0005628436593496991
atr_14_pct,band_pos,1,0.0032467532467532,0.0045416534502148,0,-1.7111676770571271,-0.5006577883425565,13,0.15384615384615385,0.2896863328345566,-0.0011365248570797846,CHMF,range_v2_balanced,0.0005628436593496991
atr_14_pct,band_pos,1,0.0032467532467532,0.0045416534502148,0,-1.7111676770571271,-0.5006577883425565,13,0.15384615384615385,0.2896863328345566,-0.0011365248570797846,CHMF,range_v2_conservative,0.0005628436593496991
atr_14_pct,band_pos,1,0.0032467532467532,0.0045416534502148,0,-1.7111676770571271,-0.5006577883425565,13,0.15384615384615385,0.2896863328345566,-0.0011365248570797846,CHMF,,0.0005628436593496991
atr_14_pct,band_pos,1,0.0032467532467532,0.0045416534502148,0,-1.7111676770571271,-0.5006577883425565,3,0.0,0.0,-0.0045566290261993,GAZP,range_v0_aggressive,0.000129886998311469
atr_14_pct,band_pos,1,0.0032467532467532,0.0045416534502148,0,-1.7111676770571271,-0.5006577883425565,3,0.0,0.0,-0.0045566290261993,GAZP,range_v0_baseline,0.000129886998311469
atr_14_pct,band_pos,1,0.0032467532467532,0.0045416534502148,0,-1.7111676770571271,-0.5006577883425565,3,0.0,0.0,-0.0045566290261993,GAZP,range_v0_conservative,0.000129886998311469
atr_14_pct,band_pos,1,0.0032467532467532,0.0045416534502148,0,-1.7111676770571271,-0.5006577883425565,3,0.0,0.0,-0.0045566290261993,GAZP,range_v2_aggressive,0.000129886998311469
atr_14_pct,band_pos,1,0.0032467532467532,0.0045416534502148,0,-1.7111676770571271,-0.5006577883425565,3,0.0,0.0,-0.0045566290261993,GAZP,range_v2_balanced,0.000129886998311469
atr_14_pct,band_pos,1,0.0032467532467532,0.0045416534502148,0,-1.7111676770571271,-0.5006577883425565,3,0.0,0.0,-0.0045566290261993,GAZP,range_v2_conservative,0.000129886998311469
atr_14_pct,band_pos,1,0.0032467532467532,0.0045416534502148,0,-1.7111676770571271,-0.5006577883425565,3,0.0,0.0,-0.0045566290261993,GAZP,,0.000129886998311469
atr_14_pct,band_pos,1,0.0032467532467532,0.0045416534502148,0,-1.7111676770571271,-0.5006577883425565,1,0.0,0.0,-0.0038368859560067,GMKN,range_v0_aggressive,4.329566610382301e-05
atr_14_pct,band_pos,1,0.0032467532467532,0.0045416534502148,0,-1.7111676770571271,-0.5006577883425565,1,0.0,0.0,-0.0038368859560067,GMKN,range_v0_baseline,4.329566610382301e-05
atr_14_pct,band_pos,1,0.0032467532467532,0.0045416534502148,0,-1.7111676770571271,-0.5006577883425565,1,0.0,0.0,-0.0038368859560067,GMKN,range_v0_conservative,4.329566610382301e-05
atr_14_pct,band_pos,1,0.0032467532467532,0.0045416534502148,0,-1.7111676770571271,-0.5006577883425565,1,0.0,0.0,-0.0038368859560067,GMKN,range_v2_aggressive,4.329566610382301e-05
atr_14_pct,band_pos,1,0.0032467532467532,0.0045416534502148,0,-1.7111676770571271,-0.5006577883425565,1,0.0,0.0,-0.0038368859560067,GMKN,range_v2_balanced,4.329566610382301e-05
atr_14_pct,band_pos,1,0.0032467532467532,0.0045416534502148,0,-1.7111676770571271,-0.5006577883425565,1,0.0,0.0,-0.0038368859560067,GMKN,range_v2_conservative,4.329566610382301e-05
atr_14_pct,band_pos,1,0.0032467532467532,0.0045416534502148,0,-1.7111676770571271,-0.5006577883425565,1,0.0,0.0,-0.0038368859560067,GMKN,,4.329566610382301e-05
atr_14_pct,band_pos,1,0.0032467532467532,0.0045416534502148,0,-1.7111676770571271,-0.5006577883425565,1,1.0,inf,0.0021372301932367,LKOH,range_v0_aggressive,4.329566610382301e-05
atr_14_pct,band_pos,1,0.0032467532467532,0.0045416534502148,0,-1.7111676770571271,-0.5006577883425565,1,1.0,inf,0.0021372301932367,LKOH,range_v0_baseline,4.329566610382301e-05
atr_14_pct,band_pos,1,0.0032467532467532,0.0045416534502148,0,-1.7111676770571271,-0.5006577883425565,1,1.0,inf,0.0021372301932367,LKOH,range_v0_conservative,4.329566610382301e-05
atr_14_pct,band_pos,1,0.0032467532467532,0.0045416534502148,0,-1.7111676770571271,-0.5006577883425565,1,1.0,inf,0.0021372301932367,LKOH,range_v2_aggressive,4.329566610382301e-05
atr_14_pct,band_pos,1,0.0032467532467532,0.0045416534502148,0,-1.7111676770571271,-0.5006577883425565,1,1.0,inf,0.0021372301932367,LKOH,range_v2_balanced,4.329566610382301e-05
atr_14_pct,band_pos,1,0.0032467532467532,0.0045416534502148,0,-1.7111676770571271,-0.5006577883425565,1,1.0,inf,0.0021372301932367,LKOH,range_v2_conservative,4.329566610382301e-05
atr_14_pct,band_pos,1,0.0032467532467532,0.0045416534502148,0,-1.7111676770571271,-0.5006577883425565,1,1.0,inf,0.0021372301932367,LKOH,,4.329566610382301e-05
atr_14_pct,band_pos,1,0.0032467532467532,0.0045416534502148,0,-1.7111676770571271,-0.5006577883425565,9,0.5555555555555556,1.7157075322598707,0.0007030820613492555,MGNT,range_v0_aggressive,0.00038966099493440706
atr_14_pct,band_pos,1,0.0032467532467532,0.0045416534502148,0,-1.7111676770571271,-0.5006577883425565,9,0.5555555555555556,1.7157075322598707,0.0007030820613492555,MGNT,range_v0_baseline,0.00038966099493440706
atr_14_pct,band_pos,1,0.0032467532467532,0.0045416534502148,0,-1.7111676770571271,-0.5006577883425565,9,0.5555555555555556,1.7157075322598707,0.0007030820613492555,MGNT,range_v0_conservative,0.00038966099493440706
atr_14_pct,band_pos,1,0.0032467532467532,0.0045416534502148,0,-1.7111676770571271,-0.5006577883425565,9,0.5555555555555556,1.7157075322598707,0.0007030820613492555,MGNT,range_v2_aggressive,0.00038966099493440706
atr_14_pct,band_pos,1,0.0032467532467532,0.0045416534502148,0,-1.7111676770571271,-0.5006577883425565,9,0.5555555555555556,1.7157075322598707,0.0007030820613492555,MGNT,range_v2_balanced,0.00038966099493440706
atr_14_pct,band_pos,1,0.0032467532467532,0.0045416534502148,0,-1.7111676770571271,-0.5006577883425565,9,0.5555555555555556,1.7157075322598707,0.0007030820613492555,MGNT,range_v2_conservative,0.00038966099493440706
atr_14_pct,band_pos,1,0.0032467532467532,0.0045416534502148,0,-1.7111676770571271,-0.5006577883425565,9,0.5555555555555556,1.7157075322598707,0.0007030820613492555,MGNT,,0.00038966099493440706
atr_14_pct,band_pos,1,0.0032467532467532,0.0045416534502148,0,-1.7111676770571271,-0.5006577883425565,4,0.5,1.1970272194617715,0.0003645595135916501,MTSS,range_v0_aggressive,0.00017318266441529204
atr_14_pct,band_pos,1,0.0032467532467532,0.0045416534502148,0,-1.7111676770571271,-0.5006577883425565,4,0.5,1.1970272194617715,0.0003645595135916501,MTSS,range_v0_baseline,0.00017318266441529204
atr_14_pct,band_pos,1,0.0032467532467532,0.0045416534502148,0,-1.7111676770571271,-0.5006577883425565,4,0.5,1.1970272194617715,0.0003645595135916501,MTSS,range_v0_conservative,0.00017318266441529204
atr_14_pct,band_pos,1,0.0032467532467532,0.0045416534502148,0,-1.7111676770571271,-0.5006577883425565,4,0.5,1.1970272194617715,0.0003645595135916501,MTSS,range_v2_aggressive,0.00017318266441529204
atr_14_pct,band_pos,1,0.0032467532467532,0.0045416534502148,0,-1.7111676770571271,-0.5006577883425565,4,0.5,1.1970272194617715,0.0003645595135916501,MTSS,range_v2_balanced,0.00017318266441529204
atr_14_pct,band_pos,1,0.0032467532467532,0.0045416534502148,0,-1.7111676770571271,-0.5006577883425565,4,0.5,1.1970272194617715,0.0003645595135916501,MTSS,range_v2_conservative,0.00017318266441529204
atr_14_pct,band_pos,1,0.0032467532467532,0.0045416534502148,0,-1.7111676770571271,-0.5006577883425565,4,0.5,1.1970272194617715,0.0003645595135916501,MTSS,,0.00017318266441529204
atr_14_pct,band_pos,1,0.0032467532467532,0.0045416534502148,0,-1.7111676770571271,-0.5006577883425565,4,0.5,1.0742366254595028,0.00016057785350074997,NLMK,range_v0_aggressive,0.00017318266441529204
atr_14_pct,band_pos,1,0.0032467532467532,0.0045416534502148,0,-1.7111676770571271,-0.5006577883425565,4,0.5,1.0742366254595028,0.00016057785350074997,NLMK,range_v0_baseline,0.00017318266441529204
atr_14_pct,band_pos,1,0.0032467532467532,0.0045416534502148,0,-1.7111676770571271,-0.5006577883425565,4,0.5,1.0742366254595028,0.00016057785350074997,NLMK,range_v0_conservative,0.00017318266441529204
atr_14_pct,band_pos,1,0.0032467532467532,0.0045416534502148,0,-1.7111676770571271,-0.5006577883425565,4,0.5,1.0742366254595028,0.00016057785350074997,NLMK,range_v2_aggressive,0.00017318266441529204
atr_14_pct,band_pos,1,0.0032467532467532,0.0045416534502148,0,-1.7111676770571271,-0.5006577883425565,4,0.5,1.0742366254595028,0.00016057785350074997,NLMK,range_v2_balanced,0.00017318266441529204
atr_14_pct,band_pos,1,0.0032467532467532,0.0045416534502148,0,-1.7111676770571271,-0.5006577883425565,4,0.5,1.0742366254595028,0.00016057785350074997,NLMK,range_v2_conservative,0.00017318266441529204
atr_14_pct,band_pos,1,0.0032467532467532,0.0045416534502148,0,-1.7111676770571271,-0.5006577883425565,4,0.5,1.0742366254595028,0.00016057785350074997,NLMK,,0.00017318266441529204
atr_14_pct,band_pos,1,0.0032467532467532,0.0045416534502148,0,-1.7111676770571271,-0.5006577883425565,1,0.0,0.0,-0.0061648521172638,NVTK,range_v0_aggressive,4.329566610382301e-05
atr_14_pct,band_pos,1,0.0032467532467532,0.0045416534502148,0,-1.7111676770571271,-0.5006577883425565,1,0.0,0.0,-0.0061648521172638,NVTK,range_v0_baseline,4.329566610382301e-05
atr_14_pct,band_pos,1,0.0032467532467532,0.0045416534502148,0,-1.7111676770571271,-0.5006577883425565,1,0.0,0.0,-0.0061648521172638,NVTK,range_v0_conservative,4.329566610382301e-05
atr_14_pct,band_pos,1,0.0032467532467532,0.0045416534502148,0,-1.7111676770571271,-0.5006577883425565,1,0.0,0.0,-0.0061648521172638,NVTK,range_v2_aggressive,4.329566610382301e-05
atr_14_pct,band_pos,1,0.0032467532467532,0.0045416534502148,0,-1.7111676770571271,-0.5006577883425565,1,0.0,0.0,-0.0061648521172638,NVTK,range_v2_balanced,4.329566610382301e-05
atr_14_pct,band_pos,1,0.0032467532467532,0.0045416534502148,0,-1.7111676770571271,-0.5006577883425565,1,0.0,0.0,-0.0061648521172638,NVTK,range_v2_conservative,4.329566610382301e-05
atr_14_pct,band_pos,1,0.0032467532467532,0.0045416534502148,0,-1.7111676770571271,-0.5006577883425565,1,0.0,0.0,-0.0061648521172638,NVTK,,4.329566610382301e-05
atr_14_pct,band_pos,1,0.0032467532467532,0.0045416534502148,0,-1.7111676770571271,-0.5006577883425565,27,0.5925925925925926,2.014978033887139,0.0008490929027912074,PIKK,range_v0_aggressive,0.0011689829848032212
atr_14_pct,band_pos,1,0.0032467532467532,0.0045416534502148,0,-1.7111676770571271,-0.5006577883425565,27,0.5925925925925926,2.014978033887139,0.0008490929027912074,PIKK,range_v0_baseline,0.0011689829848032212
atr_14_pct,band_pos,1,0.0032467532467532,0.0045416534502148,0,-1.7111676770571271,-0.5006577883425565,27,0.5925925925925926,2.014978033887139,0.0008490929027912074,PIKK,range_v0_conservative,0.0011689829848032212
atr_14_pct,band_pos,1,0.0032467532467532,0.0045416534502148,0,-1.7111676770571271,-0.5006577883425565,27,0.5925925925925926,2.014978033887139,0.0008490929027912074,PIKK,range_v2_aggressive,0.0011689829848032212
atr_14_pct,band_pos,1,0.0032467532467532,0.0045416534502148,0,-1.7111676770571271,-0.5006577883425565,27,0.5925925925925926,2.014978033887139,0.0008490929027912074,PIKK,range_v2_balanced,0.0011689829848032212
atr_14_pct,band_pos,1,0.0032467532467532,0.0045416534502148,0,-1.7111676770571271,-0.5006577883425565,27,0.5925925925925926,2.014978033887139,0.0008490929027912074,PIKK,range_v2_conservative,0.0011689829848032212
atr_14_pct,band_pos,1,0.0032467532467532,0.0045416534502148,0,-1.7111676770571271,-0.5006577883425565,27,0.5925925925925926,2.014978033887139,0.0008490929027912074,PIKK,,0.0011689829848032212
atr_14_pct,band_pos,1,0.0032467532467532,0.0045416534502148,0,-1.7111676770571271,-0.5006577883425565,3,0.6666666666666666,2.0965895472343425,0.0012670781937219667,PLZL,range_v0_aggressive,0.000129886998311469
atr_14_pct,band_pos,1,0.0032467532467532,0.0045416534502148,0,-1.7111676770571271,-0.5006577883425565,3,0.6666666666666666,2.0965895472343425,0.0012670781937219667,PLZL,range_v0_baseline,0.000129886998311469
atr_14_pct,band_pos,1,0.0032467532467532,0.0045416534502148,0,-1.7111676770571271,-0.5006577883425565,3,0.6666666666666666,2.0965895472343425,0.0012670781937219667,PLZL,range_v0_conservative,0.000129886998311469
atr_14_pct,band_pos,1,0.0032467532467532,0.0045416534502148,0,-1.7111676770571271,-0.5006577883425565,3,0.6666666666666666,2.0965895472343425,0.0012670781937219667,PLZL,range_v2_aggressive,0.000129886998311469
atr_14_pct,band_pos,1,0.0032467532467532,0.0045416534502148,0,-1.7111676770571271,-0.5006577883425565,3,0.6666666666666666,2.0965895472343425,0.0012670781937219667,PLZL,range_v2_balanced,0.000129886998311469
atr_14_pct,band_pos,1,0.0032467532467532,0.0045416534502148,0,-1.7111676770571271,-0.5006577883425565,3,0.6666666666666666,2.0965895472343425,0.0012670781937219667,PLZL,range_v2_conservative,0.000129886998311469
atr_14_pct,band_pos,1,0.0032467532467532,0.0045416534502148,0,-1.7111676770571271,-0.5006577883425565,3,0.6666666666666666,2.0965895472343425,0.0012670781937219667,PLZL,,0.000129886998311469
atr_14_pct,band_pos,1,0.0032467532467532,0.0045416534502148,0,-1.7111676770571271,-0.5006577883425565,1,0.0,0.0,-0.0028926584615384,ROSN,range_v0_aggressive,4.329566610382301e-05
atr_14_pct,band_pos,1,0.0032467532467532,0.0045416534502148,0,-1.7111676770571271,-0.5006577883425565,1,0.0,0.0,-0.0028926584615384,ROSN,range_v0_baseline,4.329566610382301e-05
atr_14_pct,band_pos,1,0.0032467532467532,0.0045416534502148,0,-1.7111676770571271,-0.5006577883425565,1,0.0,0.0,-0.0028926584615384,ROSN,range_v0_conservative,4.329566610382301e-05
atr_14_pct,band_pos,1,0.0032467532467532,0.0045416534502148,0,-1.7111676770571271,-0.5006577883425565,1,0.0,0.0,-0.0028926584615384,ROSN,range_v2_aggressive,4.329566610382301e-05
atr_14_pct,band_pos,1,0.0032467532467532,0.0045416534502148,0,-1.7111676770571271,-0.5006577883425565,1,0.0,0.0,-0.0028926584615384,ROSN,range_v2_balanced,4.329566610382301e-05
atr_14_pct,band_pos,1,0.0032467532467532,0.0045416534502148,0,-1.7111676770571271,-0.5006577883425565,1,0.0,0.0,-0.0028926584615384,ROSN,range_v2_conservative,4.329566610382301e-05
atr_14_pct,band_pos,1,0.0032467532467532,0.0045416534502148,0,-1.7111676770571271,-0.5006577883425565,1,0.0,0.0,-0.0028926584615384,ROSN,,4.329566610382301e-05
atr_14_pct,band_pos,1,0.0032467532467532,0.0045416534502148,0,-1.7111676770571271,-0.5006577883425565,2,0.0,0.0,-0.00262366975925695,SBER,range_v0_aggressive,8.659133220764602e-05
atr_14_pct,band_pos,1,0.0032467532467532,0.0045416534502148,0,-1.7111676770571271,-0.5006577883425565,2,0.0,0.0,-0.00262366975925695,SBER,range_v0_baseline,8.659133220764602e-05
atr_14_pct,band_pos,1,0.0032467532467532,0.0045416534502148,0,-1.7111676770571271,-0.5006577883425565,2,0.0,0.0,-0.00262366975925695,SBER,range_v0_conservative,8.659133220764602e-05
atr_14_pct,band_pos,1,0.0032467532467532,0.0045416534502148,0,-1.7111676770571271,-0.5006577883425565,2,0.0,0.0,-0.00262366975925695,SBER,range_v2_aggressive,8.659133220764602e-05
atr_14_pct,band_pos,1,0.0032467532467532,0.0045416534502148,0,-1.7111676770571271,-0.5006577883425565,2,0.0,0.0,-0.00262366975925695,SBER,range_v2_balanced,8.659133220764602e-05
atr_14_pct,band_pos,1,0.0032467532467532,0.0045416534502148,0,-1.7111676770571271,-0.5006577883425565,2,0.0,0.0,-0.00262366975925695,SBER,range_v2_conservative,8.659133220764602e-05
atr_14_pct,band_pos,1,0.0032467532467532,0.0045416534502148,0,-1.7111676770571271,-0.5006577883425565,4,0.0,0.0,-0.00262366975925695,SBER,,0.00017318266441529204
atr_14_pct,band_pos,1,0.0032467532467532,0.0045416534502148,0,-1.7111676770571271,-0.5006577883425565,3,0.3333333333333333,0.2804342220328637,-0.0021150349645363666,SNGS,range_v0_aggressive,0.000129886998311469
atr_14_pct,band_pos,1,0.0032467532467532,0.0045416534502148,0,-1.7111676770571271,-0.5006577883425565,3,0.3333333333333333,0.2804342220328637,-0.0021150349645363666,SNGS,range_v0_baseline,0.000129886998311469
atr_14_pct,band_pos,1,0.0032467532467532,0.0045416534502148,0,-1.7111676770571271,-0.5006577883425565,3,0.3333333333333333,0.2804342220328637,-0.0021150349645363666,SNGS,range_v0_conservative,0.000129886998311469
atr_14_pct,band_pos,1,0.0032467532467532,0.0045416534502148,0,-1.7111676770571271,-0.5006577883425565,3,0.3333333333333333,0.2804342220328637,-0.0021150349645363666,SNGS,range_v2_aggressive,0.000129886998311469
atr_14_pct,band_pos,1,0.0032467532467532,0.0045416534502148,0,-1.7111676770571271,-0.5006577883425565,3,0.3333333333333333,0.2804342220328637,-0.0021150349645363666,SNGS,range_v2_balanced,0.000129886998311469
atr_14_pct,band_pos,1,0.0032467532467532,0.0045416534502148,0,-1.7111676770571271,-0.5006577883425565,3,0.3333333333333333,0.2804342220328637,-0.0021150349645363666,SNGS,range_v2_conservative,0.000129886998311469
atr_14_pct,band_pos,1,0.0032467532467532,0.0045416534502148,0,-1.7111676770571271,-0.5006577883425565,3,0.3333333333333333,0.2804342220328637,-0.0021150349645363666,SNGS,,0.000129886998311469
atr_14_pct,band_pos,1,0.0032467532467532,0.0045416534502148,0,-1.7111676770571271,-0.5006577883425565,15,0.8,3.7972298295973057,0.001402209875339468,TATN,range_v0_aggressive,0.0006494349915573451
atr_14_pct,band_pos,1,0.0032467532467532,0.0045416534502148,0,-1.7111676770571271,-0.5006577883425565,15,0.8,3.7972298295973057,0.001402209875339468,TATN,range_v0_baseline,0.0006494349915573451
atr_14_pct,band_pos,1,0.0032467532467532,0.0045416534502148,0,-1.7111676770571271,-0.5006577883425565,15,0.8,3.7972298295973057,0.001402209875339468,TATN,range_v0_conservative,0.0006494349915573451
atr_14_pct,band_pos,1,0.0032467532467532,0.0045416534502148,0,-1.7111676770571271,-0.5006577883425565,15,0.8,3.7972298295973057,0.001402209875339468,TATN,range_v2_aggressive,0.0006494349915573451
atr_14_pct,band_pos,1,0.0032467532467532,0.0045416534502148,0,-1.7111676770571271,-0.5006577883425565,15,0.8,3.7972298295973057,0.001402209875339468,TATN,range_v2_balanced,0.0006494349915573451
atr_14_pct,band_pos,1,0.0032467532467532,0.0045416534502148,0,-1.7111676770571271,-0.5006577883425565,15,0.8,3.7972298295973057,0.001402209875339468,TATN,range_v2_conservative,0.0006494349915573451
atr_14_pct,band_pos,1,0.0032467532467532,0.0045416534502148,0,-1.7111676770571271,-0.5006577883425565,15,0.8,3.7972298295973057,0.001402209875339468,TATN,,0.0006494349915573451
atr_14_pct,band_pos,1,0.0032467532467532,0.0045416534502148,0,-1.7111676770571271,-0.5006577883425565,3,0.0,0.0,-0.002973354749201367,VKCO,range_v0_aggressive,0.000129886998311469
atr_14_pct,band_pos,1,0.0032467532467532,0.0045416534502148,0,-1.7111676770571271,-0.5006577883425565,3,0.0,0.0,-0.002973354749201367,VKCO,range_v0_baseline,0.000129886998311469
atr_14_pct,band_pos,1,0.0032467532467532,0.0045416534502148,0,-1.7111676770571271,-0.5006577883425565,3,0.0,0.0,-0.002973354749201367,VKCO,range_v0_conservative,0.000129886998311469
atr_14_pct,band_pos,1,0.0032467532467532,0.0045416534502148,0,-1.7111676770571271,-0.5006577883425565,3,0.0,0.0,-0.002973354749201367,VKCO,range_v2_aggressive,0.000129886998311469
atr_14_pct,band_pos,1,0.0032467532467532,0.0045416534502148,0,-1.7111676770571271,-0.5006577883425565,3,0.0,0.0,-0.002973354749201367,VKCO,range_v2_balanced,0.000129886998311469
atr_14_pct,band_pos,1,0.0032467532467532,0.0045416534502148,0,-1.7111676770571271,-0.5006577883425565,3,0.0,0.0,-0.002973354749201367,VKCO,range_v2_conservative,0.000129886998311469
atr_14_pct,band_pos,1,0.0032467532467532,0.0045416534502148,0,-1.7111676770571271,-0.5006577883425565,3,0.0,0.0,-0.002973354749201367,VKCO,,0.000129886998311469
atr_14_pct,band_pos,1,0.0032467532467532,0.0045416534502148,0,-1.7111676770571271,-0.5006577883425565,2,0.5,1.277604535619449,0.0002997946031181001,YNDX,range_v0_aggressive,8.659133220764602e-05
atr_14_pct,band_pos,1,0.0032467532467532,0.0045416534502148,0,-1.7111676770571271,-0.5006577883425565,2,0.5,1.277604535619449,0.0002997946031181001,YNDX,range_v0_baseline,8.659133220764602e-05
atr_14_pct,band_pos,1,0.0032467532467532,0.0045416534502148,0,-1.7111676770571271,-0.5006577883425565,2,0.5,1.277604535619449,0.0002997946031181001,YNDX,range_v0_conservative,8.659133220764602e-05
atr_14_pct,band_pos,1,0.0032467532467532,0.0045416534502148,0,-1.7111676770571271,-0.5006577883425565,2,0.5,1.277604535619449,0.0002997946031181001,YNDX,range_v2_aggressive,8.659133220764602e-05
atr_14_pct,band_pos,1,0.0032467532467532,0.0045416534502148,0,-1.7111676770571271,-0.5006577883425565,2,0.5,1.277604535619449,0.0002997946031181001,YNDX,range_v2_balanced,8.659133220764602e-05
atr_14_pct,band_pos,1,0.0032467532467532,0.0045416534502148,0,-1.7111676770571271,-0.5006577883425565,2,0.5,1.277604535619449,0.0002997946031181001,YNDX,range_v2_conservative,8.659133220764602e-05
atr_14_pct,band_pos,1,0.0032467532467532,0.0045416534502148,0,-1.7111676770571271,-0.5006577883425565,2,0.5,1.277604535619449,0.0002997946031181001,YNDX,,8.659133220764602e-05
atr_14_pct,band_pos,1,0.0032467532467532,0.0045416534502148,1,-0.5006577883425565,-0.30803081475310434,4,0.25,0.24881309021782175,-0.00135317134662115,CHMF,range_v0_aggressive,0.00017318266441529204
atr_14_pct,band_pos,1,0.0032467532467532,0.0045416534502148,1,-0.5006577883425565,-0.30803081475310434,4,0.25,0.24881309021782175,-0.00135317134662115,CHMF,range_v0_baseline,0.00017318266441529204
atr_14_pct,band_pos,1,0.0032467532467532,0.0045416534502148,1,-0.5006577883425565,-0.30803081475310434,4,0.25,0.24881309021782175,-0.00135317134662115,CHMF,range_v0_conservative,0.00017318266441529204
atr_14_pct,band_pos,1,0.0032467532467532,0.0045416534502148,1,-0.5006577883425565,-0.30803081475310434,4,0.25,0.24881309021782175,-0.00135317134662115,CHMF,range_v2_aggressive,0.00017318266441529204
atr_14_pct,band_pos,1,0.0032467532467532,0.0045416534502148,1,-0.5006577883425565,-0.30803081475310434,4,0.25,0.24881309021782175,-0.00135317134662115,CHMF,range_v2_balanced,0.00017318266441529204
atr_14_pct,band_pos,1,0.0032467532467532,0.0045416534502148,1,-0.5006577883425565,-0.30803081475310434,4,0.25,0.24881309021782175,-0.00135317134662115,CHMF,range_v2_conservative,0.00017318266441529204
atr_14_pct,band_pos,1,0.0032467532467532,0.0045416534502148,1,-0.5006577883425565,-0.30803081475310434,4,0.25,0.24881309021782175,-0.00135317134662115,CHMF,,0.00017318266441529204
atr_14_pct,band_pos,1,0.0032467532467532,0.0045416534502148,1,-0.5006577883425565,-0.30803081475310434,7,0.14285714285714285,0.34259684278658414,-0.0011936695789050854,GAZP,range_v0_aggressive,0.00030306966272676105
atr_14_pct,band_pos,1,0.0032467532467532,0.0045416534502148,1,-0.5006577883425565,-0.30803081475310434,7,0.14285714285714285,0.34259684278658414,-0.0011936695789050854,GAZP,range_v0_baseline,0.00030306966272676105
atr_14_pct,band_pos,1,0.0032467532467532,0.0045416534502148,1,-0.5006577883425565,-0.30803081475310434,7,0.14285714285714285,0.34259684278658414,-0.0011936695789050854,GAZP,range_v0_conservative,0.00030306966272676105
atr_14_pct,band_pos,1,0.0032467532467532,0.0045416534502148,1,-0.5006577883425565,-0.30803081475310434,7,0.14285714285714285,0.34259684278658414,-0.0011936695789050854,GAZP,range_v2_aggressive,0.00030306966272676105
atr_14_pct,band_pos,1,0.0032467532467532,0.0045416534502148,1,-0.5006577883425565,-0.30803081475310434,7,0.14285714285714285,0.34259684278658414,-0.0011936695789050854,GAZP,range_v2_balanced,0.00030306966272676105
atr_14_pct,band_pos,1,0.0032467532467532,0.0045416534502148,1,-0.5006577883425565,-0.30803081475310434,7,0.14285714285714285,0.34259684278658414,-0.0011936695789050854,GAZP,range_v2_conservative,0.00030306966272676105
atr_14_pct,band_pos,1,0.0032467532467532,0.0045416534502148,1,-0.5006577883425565,-0.30803081475310434,7,0.14285714285714285,0.34259684278658414,-0.0011936695789050854,GAZP,,0.00030306966272676105
atr_14_pct,band_pos,1,0.0032467532467532,0.0045416534502148,1,-0.5006577883425565,-0.30803081475310434,8,0.25,0.25060172462020563,-0.0014242411492156,GMKN,range_v0_aggressive,0.0003463653288305841
atr_14_pct,band_pos,1,0.0032467532467532,0.0045416534502148,1,-0.5006577883425565,-0.30803081475310434,8,0.25,0.25060172462020563,-0.0014242411492156,GMKN,range_v0_baseline,0.0003463653288305841
atr_14_pct,band_pos,1,0.0032467532467532,0.0045416534502148,1,-0.5006577883425565,-0.30803081475310434,8,0.25,0.25060172462020563,-0.0014242411492156,GMKN,range_v0_conservative,0.0003463653288305841
atr_14_pct,band_pos,1,0.0032467532467532,0.0045416534502148,1,-0.5006577883425565,-0.30803081475310434,8,0.25,0.25060172462020563,-0.0014242411492156,GMKN,range_v2_aggressive,0.0003463653288305841
atr_14_pct,band_pos,1,0.0032467532467532,0.0045416534502148,1,-0.5006577883425565,-0.30803081475310434,8,0.25,0.25060172462020563,-0.0014242411492156,GMKN,range_v2_balanced,0.0003463653288305841
atr_14_pct,band_pos,1,0.0032467532467532,0.0045416534502148,1,-0.5006577883425565,-0.30803081475310434,8,0.25,0.25060172462020563,-0.0014242411492156,GMKN,range_v2_conservative,0.0003463653288305841
atr_14_pct,band_pos,1,0.0032467532467532,0.0045416534502148,1,-0.5006577883425565,-0.30803081475310434,8,0.25,0.25060172462020563,-0.0014242411492156,GMKN,,0.0003463653288305841
atr_14_pct,band_pos,1,0.0032467532467532,0.0045416534502148,1,-0.5006577883425565,-0.30803081475310434,1,0.0,0.0,-0.0019568352490421,LKOH,range_v0_aggressive,4.329566610382301e-05
atr_14_pct,band_pos,1,0.0032467532467532,0.0045416534502148,1,-0.5006577883425565,-0.30803081475310434,1,0.0,0.0,-0.0019568352490421,LKOH,range_v0_baseline,4.329566610382301e-05
atr_14_pct,band_pos,1,0.0032467532467532,0.0045416534502148,1,-0.5006577883425565,-0.30803081475310434,1,0.0,0.0,-0.0019568352490421,LKOH,range_v0_conservative,4.329566610382301e-05
atr_14_pct,band_pos,1,0.0032467532467532,0.0045416534502148,1,-0.5006577883425565,-0.30803081475310434,1,0.0,0.0,-0.0019568352490421,LKOH,range_v2_aggressive,4.329566610382301e-05
atr_14_pct,band_pos,1,0.0032467532467532,0.0045416534502148,1,-0.5006577883425565,-0.30803081475310434,1,0.0,0.0,-0.0019568352490421,LKOH,range_v2_balanced,4.329566610382301e-05
atr_14_pct,band_pos,1,0.0032467532467532,0.0045416534502148,1,-0.5006577883425565,-0.30803081475310434,1,0.0,0.0,-0.0019568352490421,LKOH,range_v2_conservative,4.329566610382301e-05
atr_14_pct,band_pos,1,0.0032467532467532,0.0045416534502148,1,-0.5006577883425565,-0.30803081475310434,1,0.0,0.0,-0.0019568352490421,LKOH,,4.329566610382301e-05
atr_14_pct,band_pos,1,0.0032467532467532,0.0045416534502148,1,-0.5006577883425565,-0.30803081475310434,3,0.3333333333333333,0.4215265807046635,-0.0009954065563176331,MGNT,range_v0_aggressive,0.000129886998311469
atr_14_pct,band_pos,1,0.0032467532467532,0.0045416534502148,1,-0.5006577883425565,-0.30803081475310434,3,0.3333333333333333,0.4215265807046635,-0.0009954065563176331,MGNT,range_v0_baseline,0.000129886998311469
atr_14_pct,band_pos,1,0.0032467532467532,0.0045416534502148,1,-0.5006577883425565,-0.30803081475310434,3,0.3333333333333333,0.4215265807046635,-0.0009954065563176331,MGNT,range_v0_conservative,0.000129886998311469
atr_14_pct,band_pos,1,0.0032467532467532,0.0045416534502148,1,-0.5006577883425565,-0.30803081475310434,3,0.3333333333333333,0.4215265807046635,-0.0009954065563176331,MGNT,range_v2_aggressive,0.000129886998311469
atr_14_pct,band_pos,1,0.0032467532467532,0.0045416534502148,1,-0.5006577883425565,-0.30803081475310434,3,0.3333333333333333,0.4215265807046635,-0.0009954065563176331,MGNT,range_v2_balanced,0.000129886998311469
atr_14_pct,band_pos,1,0.0032467532467532,0.0045416534502148,1,-0.5006577883425565,-0.30803081475310434,3,0.3333333333333333,0.4215265807046635,-0.0009954065563176331,MGNT,range_v2_conservative,0.000129886998311469
atr_14_pct,band_pos,1,0.0032467532467532,0.0045416534502148,1,-0.5006577883425565,-0.30803081475310434,3,0.3333333333333333,0.4215265807046635,-0.0009954065563176331,MGNT,,0.000129886998311469
atr_14_pct,band_pos,1,0.0032467532467532,0.0045416534502148,1,-0.5006577883425565,-0.30803081475310434,3,0.3333333333333333,0.9504354656535295,-7.285112346866636e-05,MTSS,range_v0_aggressive,0.000129886998311469
atr_14_pct,band_pos,1,0.0032467532467532,0.0045416534502148,1,-0.5006577883425565,-0.30803081475310434,3,0.3333333333333333,0.9504354656535295,-7.285112346866636e-05,MTSS,range_v0_baseline,0.000129886998311469
atr_14_pct,band_pos,1,0.0032467532467532,0.0045416534502148,1,-0.5006577883425565,-0.30803081475310434,3,0.3333333333333333,0.9504354656535295,-7.285112346866636e-05,MTSS,range_v0_conservative,0.000129886998311469
atr_14_pct,band_pos,1,0.0032467532467532,0.0045416534502148,1,-0.5006577883425565,-0.30803081475310434,3,0.3333333333333333,0.9504354656535295,-7.285112346866636e-05,MTSS,range_v2_aggressive,0.000129886998311469
atr_14_pct,band_pos,1,0.0032467532467532,0.0045416534502148,1,-0.5006577883425565,-0.30803081475310434,3,0.3333333333333333,0.9504354656535295,-7.285112346866636e-05,MTSS,range_v2_balanced,0.000129886998311469
atr_14_pct,band_pos,1,0.0032467532467532,0.0045416534502148,1,-0.5006577883425565,-0.30803081475310434,3,0.3333333333333333,0.9504354656535295,-7.285112346866636e-05,MTSS,range_v2_conservative,0.000129886998311469
atr_14_pct,band_pos,1,0.0032467532467532,0.0045416534502148,1,-0.5006577883425565,-0.30803081475310434,3,0.3333333333333333,0.9504354656535295,-7.285112346866636e-05,MTSS,,0.000129886998311469
atr_14_pct,band_pos,1,0.0032467532467532,0.0045416534502148,1,-0.5006577883425565,-0.30803081475310434,23,0.6086956521739131,1.5083595681774435,0.0005120437677818583,PIKK,range_v0_aggressive,0.000995800320387929
atr_14_pct,band_pos,1,0.0032467532467532,0.0045416534502148,1,-0.5006577883425565,-0.30803081475310434,23,0.6086956521739131,1.5083595681774435,0.0005120437677818583,PIKK,range_v0_baseline,0.000995800320387929
atr_14_pct,band_pos,1,0.0032467532467532,0.0045416534502148,1,-0.5006577883425565,-0.30803081475310434,23,0.6086956521739131,1.5083595681774435,0.0005120437677818583,PIKK,range_v0_conservative,0.000995800320387929
atr_14_pct,band_pos,1,0.0032467532467532,0.0045416534502148,1,-0.5006577883425565,-0.30803081475310434,23,0.6086956521739131,1.5083595681774435,0.0005120437677818583,PIKK,range_v2_aggressive,0.000995800320387929
atr_14_pct,band_pos,1,0.0032467532467532,0.0045416534502148,1,-0.5006577883425565,-0.30803081475310434,23,0.6086956521739131,1.5083595681774435,0.0005120437677818583,PIKK,range_v2_balanced,0.000995800320387929
atr_14_pct,band_pos,1,0.0032467532467532,0.0045416534502148,1,-0.5006577883425565,-0.30803081475310434,23,0.6086956521739131,1.5083595681774435,0.0005120437677818583,PIKK,range_v2_conservative,0.000995800320387929
atr_14_pct,band_pos,1,0.0032467532467532,0.0045416534502148,1,-0.5006577883425565,-0.30803081475310434,23,0.6086956521739131,1.5083595681774435,0.0005120437677818583,PIKK,,0.000995800320387929
atr_14_pct,band_pos,1,0.0032467532467532,0.0045416534502148,1,-0.5006577883425565,-0.30803081475310434,4,0.25,0.6399206001144193,-0.0007606077351831749,PLZL,range_v0_aggressive,0.00017318266441529204
atr_14_pct,band_pos,1,0.0032467532467532,0.0045416534502148,1,-0.5006577883425565,-0.30803081475310434,4,0.25,0.6399206001144193,-0.0007606077351831749,PLZL,range_v0_baseline,0.00017318266441529204
atr_14_pct,band_pos,1,0.0032467532467532,0.0045416534502148,1,-0.5006577883425565,-0.30803081475310434,4,0.25,0.6399206001144193,-0.0007606077351831749,PLZL,range_v0_conservative,0.00017318266441529204
atr_14_pct,band_pos,1,0.0032467532467532,0.0045416534502148,1,-0.5006577883425565,-0.30803081475310434,4,0.25,0.6399206001144193,-0.0007606077351831749,PLZL,range_v2_aggressive,0.00017318266441529204
atr_14_pct,band_pos,1,0.0032467532467532,0.0045416534502148,1,-0.5006577883425565,-0.30803081475310434,4,0.25,0.6399206001144193,-0.0007606077351831749,PLZL,range_v2_balanced,0.00017318266441529204
atr_14_pct,band_pos,1,0.0032467532467532,0.0045416534502148,1,-0.5006577883425565,-0.30803081475310434,4,0.25,0.6399206001144193,-0.0007606077351831749,PLZL,range_v2_conservative,0.00017318266441529204
atr_14_pct,band_pos,1,0.0032467532467532,0.0045416534502148,1,-0.5006577883425565,-0.30803081475310434,4,0.25,0.6399206001144193,-0.0007606077351831749,PLZL,,0.00017318266441529204
atr_14_pct,band_pos,1,0.0032467532467532,0.0045416534502148,1,-0.5006577883425565,-0.30803081475310434,1,1.0,inf,0.0021973915742793,ROSN,range_v0_aggressive,4.329566610382301e-05
atr_14_pct,band_pos,1,0.0032467532467532,0.0045416534502148,1,-0.5006577883425565,-0.30803081475310434,1,1.0,inf,0.0021973915742793,ROSN,range_v0_baseline,4.329566610382301e-05
atr_14_pct,band_pos,1,0.0032467532467532,0.0045416534502148,1,-0.5006577883425565,-0.30803081475310434,1,1.0,inf,0.0021973915742793,ROSN,range_v0_conservative,4.329566610382301e-05
atr_14_pct,band_pos,1,0.0032467532467532,0.0045416534502148,1,-0.5006577883425565,-0.30803081475310434,1,1.0,inf,0.0021973915742793,ROSN,range_v2_aggressive,4.329566610382301e-05
atr_14_pct,band_pos,1,0.0032467532467532,0.0045416534502148,1,-0.5006577883425565,-0.30803081475310434,1,1.0,inf,0.0021973915742793,ROSN,range_v2_balanced,4.329566610382301e-05
atr_14_pct,band_pos,1,0.0032467532467532,0.0045416534502148,1,-0.5006577883425565,-0.30803081475310434,1,1.0,inf,0.0021973915742793,ROSN,range_v2_conservative,4.329566610382301e-05
atr_14_pct,band_pos,1,0.0032467532467532,0.0045416534502148,1,-0.5006577883425565,-0.30803081475310434,1,1.0,inf,0.0021973915742793,ROSN,,4.329566610382301e-05
atr_14_pct,band_pos,1,0.0032467532467532,0.0045416534502148,1,-0.5006577883425565,-0.30803081475310434,3,0.3333333333333333,0.19060831372441867,-0.0019211263795360669,SBER,range_v0_aggressive,0.000129886998311469
atr_14_pct,band_pos,1,0.0032467532467532,0.0045416534502148,1,-0.5006577883425565,-0.30803081475310434,3,0.3333333333333333,0.19060831372441867,-0.0019211263795360669,SBER,range_v0_baseline,0.000129886998311469
atr_14_pct,band_pos,1,0.0032467532467532,0.0045416534502148,1,-0.5006577883425565,-0.30803081475310434,3,0.3333333333333333,0.19060831372441867,-0.0019211263795360669,SBER,range_v0_conservative,0.000129886998311469
atr_14_pct,band_pos,1,0.0032467532467532,0.0045416534502148,1,-0.5006577883425565,-0.30803081475310434,3,0.3333333333333333,0.19060831372441867,-0.0019211263795360669,SBER,range_v2_aggressive,0.000129886998311469
atr_14_pct,band_pos,1,0.0032467532467532,0.0045416534502148,1,-0.5006577883425565,-0.30803081475310434,3,0.3333333333333333,0.19060831372441867,-0.0019211263795360669,SBER,range_v2_balanced,0.000129886998311469
atr_14_pct,band_pos,1,0.0032467532467532,0.0045416534502148,1,-0.5006577883425565,-0.30803081475310434,3,0.3333333333333333,0.19060831372441867,-0.0019211263795360669,SBER,range_v2_conservative,0.000129886998311469
atr_14_pct,band_pos,1,0.0032467532467532,0.0045416534502148,1,-0.5006577883425565,-0.30803081475310434,6,0.3333333333333333,0.19060831372441867,-0.0019211263795360669,SBER,,0.000259773996622938
atr_14_pct,band_pos,1,0.0032467532467532,0.0045416534502148,1,-0.5006577883425565,-0.30803081475310434,2,0.0,0.0,-0.00345809742691695,SNGS,range_v0_aggressive,8.659133220764602e-05
atr_14_pct,band_pos,1,0.0032467532467532,0.0045416534502148,1,-0.5006577883425565,-0.30803081475310434,2,0.0,0.0,-0.00345809742691695,SNGS,range_v0_baseline,8.659133220764602e-05
atr_14_pct,band_pos,1,0.0032467532467532,0.0045416534502148,1,-0.5006577883425565,-0.30803081475310434,2,0.0,0.0,-0.00345809742691695,SNGS,range_v0_conservative,8.659133220764602e-05
atr_14_pct,band_pos,1,0.0032467532467532,0.0045416534502148,1,-0.5006577883425565,-0.30803081475310434,2,0.0,0.0,-0.00345809742691695,SNGS,range_v2_aggressive,8.659133220764602e-05
atr_14_pct,band_pos,1,0.0032467532467532,0.0045416534502148,1,-0.5006577883425565,-0.30803081475310434,2,0.0,0.0,-0.00345809742691695,SNGS,range_v2_balanced,8.659133220764602e-05
atr_14_pct,band_pos,1,0.0032467532467532,0.0045416534502148,1,-0.5006577883425565,-0.30803081475310434,2,0.0,0.0,-0.00345809742691695,SNGS,range_v2_conservative,8.659133220764602e-05
atr_14_pct,band_pos,1,0.0032467532467532,0.0045416534502148,1,-0.5006577883425565,-0.30803081475310434,2,0.0,0.0,-0.00345809742691695,SNGS,,8.659133220764602e-05
atr_14_pct,band_pos,1,0.0032467532467532,0.0045416534502148,1,-0.5006577883425565,-0.30803081475310434,15,0.5333333333333333,2.0970244856608615,0.0011029362780215937,TATN,range_v0_aggressive,0.0006494349915573451
atr_14_pct,band_pos,1,0.0032467532467532,0.0045416534502148,1,-0.5006577883425565,-0.30803081475310434,15,0.5333333333333333,2.0970244856608615,0.0011029362780215937,TATN,range_v0_baseline,0.0006494349915573451
atr_14_pct,band_pos,1,0.0032467532467532,0.0045416534502148,1,-0.5006577883425565,-0.30803081475310434,15,0.5333333333333333,2.0970244856608615,0.0011029362780215937,TATN,range_v0_conservative,0.0006494349915573451
atr_14_pct,band_pos,1,0.0032467532467532,0.0045416534502148,1,-0.5006577883425565,-0.30803081475310434,15,0.5333333333333333,2.0970244856608615,0.0011029362780215937,TATN,range_v2_aggressive,0.0006494349915573451
atr_14_pct,band_pos,1,0.0032467532467532,0.0045416534502148,1,-0.5006577883425565,-0.30803081475310434,15,0.5333333333333333,2.0970244856608615,0.0011029362780215937,TATN,range_v2_balanced,0.0006494349915573451
atr_14_pct,band_pos,1,0.0032467532467532,0.0045416534502148,1,-0.5006577883425565,-0.30803081475310434,15,0.5333333333333333,2.0970244856608615,0.0011029362780215937,TATN,range_v2_conservative,0.0006494349915573451
atr_14_pct,band_pos,1,0.0032467532467532,0.0045416534502148,1,-0.5006577883425565,-0.30803081475310434,15,0.5333333333333333,2.0970244856608615,0.0011029362780215937,TATN,,0.0006494349915573451
atr_14_pct,band_pos,1,0.0032467532467532,0.0045416534502148,1,-0.5006577883425565,-0.30803081475310434,2,0.5,0.43352417575128627,-0.0007821823644933501,VKCO,range_v0_aggressive,8.659133220764602e-05
atr_14_pct,band_pos,1,0.0032467532467532,0.0045416534502148,1,-0.5006577883425565,-0.30803081475310434,2,0.5,0.43352417575128627,-0.0007821823644933501,VKCO,range_v0_baseline,8.659133220764602e-05
atr_14_pct,band_pos,1,0.0032467532467532,0.0045416534502148,1,-0.5006577883425565,-0.30803081475310434,2,0.5,0.43352417575128627,-0.0007821823644933501,VKCO,range_v0_conservative,8.659133220764602e-05
atr_14_pct,band_pos,1,0.0032467532467532,0.0045416534502148,1,-0.5006577883425565,-0.30803081475310434,2,0.5,0.43352417575128627,-0.0007821823644933501,VKCO,range_v2_aggressive,8.659133220764602e-05
atr_14_pct,band_pos,1,0.0032467532467532,0.0045416534502148,1,-0.5006577883425565,-0.30803081475310434,2,0.5,0.43352417575128627,-0.0007821823644933501,VKCO,range_v2_balanced,8.659133220764602e-05
atr_14_pct,band_pos,1,0.0032467532467532,0.0045416534502148,1,-0.5006577883425565,-0.30803081475310434,2,0.5,0.43352417575128627,-0.0007821823644933501,VKCO,range_v2_conservative,8.659133220764602e-05
atr_14_pct,band_pos,1,0.0032467532467532,0.0045416534502148,1,-0.5006577883425565,-0.30803081475310434,2,0.5,0.43352417575128627,-0.0007821823644933501,VKCO,,8.659133220764602e-05
atr_14_pct,band_pos,1,0.0032467532467532,0.0045416534502148,1,-0.5006577883425565,-0.30803081475310434,2,1.0,inf,0.00125133678928455,YNDX,range_v0_aggressive,8.659133220764602e-05
atr_14_pct,band_pos,1,0.0032467532467532,0.0045416534502148,1,-0.5006577883425565,-0.30803081475310434,2,1.0,inf,0.00125133678928455,YNDX,range_v0_baseline,8.659133220764602e-05
atr_14_pct,band_pos,1,0.0032467532467532,0.0045416534502148,1,-0.5006577883425565,-0.30803081475310434,2,1.0,inf,0.00125133678928455,YNDX,range_v0_conservative,8.659133220764602e-05
atr_14_pct,band_pos,1,0.0032467532467532,0.0045416534502148,1,-0.5006577883425565,-0.30803081475310434,2,1.0,inf,0.00125133678928455,YNDX,range_v2_aggressive,8.659133220764602e-05
atr_14_pct,band_pos,1,0.0032467532467532,0.0045416534502148,1,-0.5006577883425565,-0.30803081475310434,2,1.0,inf,0.00125133678928455,YNDX,range_v2_balanced,8.659133220764602e-05
atr_14_pct,band_pos,1,0.0032467532467532,0.0045416534502148,1,-0.5006577883425565,-0.30803081475310434,2,1.0,inf,0.00125133678928455,YNDX,range_v2_conservative,8.659133220764602e-05
atr_14_pct,band_pos,1,0.0032467532467532,0.0045416534502148,1,-0.5006577883425565,-0.30803081475310434,2,1.0,inf,0.00125133678928455,YNDX,,8.659133220764602e-05
atr_14_pct,band_pos,1,0.0032467532467532,0.0045416534502148,2,-0.30803081475310434,-0.1711870966036377,8,0.5,0.9431573959191862,-4.985160129677499e-05,CHMF,range_v0_aggressive,0.0003463653288305841
atr_14_pct,band_pos,1,0.0032467532467532,0.0045416534502148,2,-0.30803081475310434,-0.1711870966036377,8,0.5,0.9431573959191862,-4.985160129677499e-05,CHMF,range_v0_baseline,0.0003463653288305841
atr_14_pct,band_pos,1,0.0032467532467532,0.0045416534502148,2,-0.30803081475310434,-0.1711870966036377,8,0.5,0.9431573959191862,-4.985160129677499e-05,CHMF,range_v0_conservative,0.0003463653288305841
atr_14_pct,band_pos,1,0.0032467532467532,0.0045416534502148,2,-0.30803081475310434,-0.1711870966036377,8,0.5,0.9431573959191862,-4.985160129677499e-05,CHMF,range_v2_aggressive,0.0003463653288305841
atr_14_pct,band_pos,1,0.0032467532467532,0.0045416534502148,2,-0.30803081475310434,-0.1711870966036377,8,0.5,0.9431573959191862,-4.985160129677499e-05,CHMF,range_v2_balanced,0.0003463653288305841
atr_14_pct,band_pos,1,0.0032467532467532,0.0045416534502148,2,-0.30803081475310434,-0.1711870966036377,8,0.5,0.9431573959191862,-4.985160129677499e-05,CHMF,range_v2_conservative,0.0003463653288305841
atr_14_pct,band_pos,1,0.0032467532467532,0.0045416534502148,2,-0.30803081475310434,-0.1711870966036377,8,0.5,0.9431573959191862,-4.985160129677499e-05,CHMF,,0.0003463653288305841
atr_14_pct,band_pos,1,0.0032467532467532,0.0045416534502148,2,-0.30803081475310434,-0.1711870966036377,1,0.0,0.0,-0.0018614077315827,GAZP,range_v0_aggressive,4.329566610382301e-05
atr_14_pct,band_pos,1,0.0032467532467532,0.0045416534502148,2,-0.30803081475310434,-0.1711870966036377,1,0.0,0.0,-0.0018614077315827,GAZP,range_v0_baseline,4.329566610382301e-05
atr_14_pct,band_pos,1,0.0032467532467532,0.0045416534502148,2,-0.30803081475310434,-0.1711870966036377,1,0.0,0.0,-0.0018614077315827,GAZP,range_v0_conservative,4.329566610382301e-05
atr_14_pct,band_pos,1,0.0032467532467532,0.0045416534502148,2,-0.30803081475310434,-0.1711870966036377,1,0.0,0.0,-0.0018614077315827,GAZP,range_v2_aggressive,4.329566610382301e-05
atr_14_pct,band_pos,1,0.0032467532467532,0.0045416534502148,2,-0.30803081475310434,-0.1711870966036377,1,0.0,0.0,-0.0018614077315827,GAZP,range_v2_balanced,4.329566610382301e-05
atr_14_pct,band_pos,1,0.0032467532467532,0.0045416534502148,2,-0.30803081475310434,-0.1711870966036377,1,0.0,0.0,-0.0018614077315827,GAZP,range_v2_conservative,4.329566610382301e-05
atr_14_pct,band_pos,1,0.0032467532467532,0.0045416534502148,2,-0.30803081475310434,-0.1711870966036377,1,0.0,0.0,-0.0018614077315827,GAZP,,4.329566610382301e-05
atr_14_pct,band_pos,1,0.0032467532467532,0.0045416534502148,2,-0.30803081475310434,-0.1711870966036377,4,0.25,0.40374079543544183,-0.00073775648433715,GMKN,range_v0_aggressive,0.00017318266441529204
atr_14_pct,band_pos,1,0.0032467532467532,0.0045416534502148,2,-0.30803081475310434,-0.1711870966036377,4,0.25,0.40374079543544183,-0.00073775648433715,GMKN,range_v0_baseline,0.00017318266441529204
atr_14_pct,band_pos,1,0.0032467532467532,0.0045416534502148,2,-0.30803081475310434,-0.1711870966036377,4,0.25,0.40374079543544183,-0.00073775648433715,GMKN,range_v0_conservative,0.00017318266441529204
atr_14_pct,band_pos,1,0.0032467532467532,0.0045416534502148,2,-0.30803081475310434,-0.1711870966036377,4,0.25,0.40374079543544183,-0.00073775648433715,GMKN,range_v2_aggressive,0.00017318266441529204
atr_14_pct,band_pos,1,0.0032467532467532,0.0045416534502148,2,-0.30803081475310434,-0.1711870966036377,4,0.25,0.40374079543544183,-0.00073775648433715,GMKN,range_v2_balanced,0.00017318266441529204
atr_14_pct,band_pos,1,0.0032467532467532,0.0045416534502148,2,-0.30803081475310434,-0.1711870966036377,4,0.25,0.40374079543544183,-0.00073775648433715,GMKN,range_v2_conservative,0.00017318266441529204
atr_14_pct,band_pos,1,0.0032467532467532,0.0045416534502148,2,-0.30803081475310434,-0.1711870966036377,4,0.25,0.40374079543544183,-0.00073775648433715,GMKN,,0.00017318266441529204
atr_14_pct,band_pos,1,0.0032467532467532,0.0045416534502148,2,-0.30803081475310434,-0.1711870966036377,2,0.0,0.0,-0.0025652924029116496,LKOH,range_v0_aggressive,8.659133220764602e-05
atr_14_pct,band_pos,1,0.0032467532467532,0.0045416534502148,2,-0.30803081475310434,-0.1711870966036377,2,0.0,0.0,-0.0025652924029116496,LKOH,range_v0_baseline,8.659133220764602e-05
atr_14_pct,band_pos,1,0.0032467532467532,0.0045416534502148,2,-0.30803081475310434,-0.1711870966036377,2,0.0,0.0,-0.0025652924029116496,LKOH,range_v0_conservative,8.659133220764602e-05
atr_14_pct,band_pos,1,0.0032467532467532,0.0045416534502148,2,-0.30803081475310434,-0.1711870966036377,2,0.0,0.0,-0.0025652924029116496,LKOH,range_v2_aggressive,8.659133220764602e-05
atr_14_pct,band_pos,1,0.0032467532467532,0.0045416534502148,2,-0.30803081475310434,-0.1711870966036377,2,0.0,0.0,-0.0025652924029116496,LKOH,range_v2_balanced,8.659133220764602e-05
atr_14_pct,band_pos,1,0.0032467532467532,0.0045416534502148,2,-0.30803081475310434,-0.1711870966036377,2,0.0,0.0,-0.0025652924029116496,LKOH,range_v2_conservative,8.659133220764602e-05
atr_14_pct,band_pos,1,0.0032467532467532,0.0045416534502148,2,-0.30803081475310434,-0.1711870966036377,2,0.0,0.0,-0.0025652924029116496,LKOH,,8.659133220764602e-05
atr_14_pct,band_pos,1,0.0032467532467532,0.0045416534502148,2,-0.30803081475310434,-0.1711870966036377,10,0.2,0.025492102129216782,-0.0026715223696182717,MGNT,range_v0_aggressive,0.0004329566610382301
atr_14_pct,band_pos,1,0.0032467532467532,0.0045416534502148,2,-0.30803081475310434,-0.1711870966036377,10,0.2,0.025492102129216782,-0.0026715223696182717,MGNT,range_v0_baseline,0.0004329566610382301
atr_14_pct,band_pos,1,0.0032467532467532,0.0045416534502148,2,-0.30803081475310434,-0.1711870966036377,10,0.2,0.025492102129216782,-0.0026715223696182717,MGNT,range_v0_conservative,0.0004329566610382301
atr_14_pct,band_pos,1,0.0032467532467532,0.0045416534502148,2,-0.30803081475310434,-0.1711870966036377,10,0.2,0.025492102129216782,-0.0026715223696182717,MGNT,range_v2_aggressive,0.0004329566610382301
atr_14_pct,band_pos,1,0.0032467532467532,0.0045416534502148,2,-0.30803081475310434,-0.1711870966036377,10,0.2,0.025492102129216782,-0.0026715223696182717,MGNT,range_v2_balanced,0.0004329566610382301
atr_14_pct,band_pos,1,0.0032467532467532,0.0045416534502148,2,-0.30803081475310434,-0.1711870966036377,10,0.2,0.025492102129216782,-0.0026715223696182717,MGNT,range_v2_conservative,0.0004329566610382301
atr_14_pct,band_pos,1,0.0032467532467532,0.0045416534502148,2,-0.30803081475310434,-0.1711870966036377,10,0.2,0.025492102129216782,-0.0026715223696182717,MGNT,,0.0004329566610382301
atr_14_pct,band_pos,1,0.0032467532467532,0.0045416534502148,2,-0.30803081475310434,-0.1711870966036377,4,0.25,0.12622432786919258,-0.004157868267554,MTSS,range_v0_aggressive,0.00017318266441529204
atr_14_pct,band_pos,1,0.0032467532467532,0.0045416534502148,2,-0.30803081475310434,-0.1711870966036377,4,0.25,0.12622432786919258,-0.004157868267554,MTSS,range_v0_baseline,0.00017318266441529204
atr_14_pct,band_pos,1,0.0032467532467532,0.0045416534502148,2,-0.30803081475310434,-0.1711870966036377,4,0.25,0.12622432786919258,-0.004157868267554,MTSS,range_v0_conservative,0.00017318266441529204
atr_14_pct,band_pos,1,0.0032467532467532,0.0045416534502148,2,-0.30803081475310434,-0.1711870966036377,4,0.25,0.12622432786919258,-0.004157868267554,MTSS,range_v2_aggressive,0.00017318266441529204
atr_14_pct,band_pos,1,0.0032467532467532,0.0045416534502148,2,-0.30803081475310434,-0.1711870966036377,4,0.25,0.12622432786919258,-0.004157868267554,MTSS,range_v2_balanced,0.00017318266441529204
atr_14_pct,band_pos,1,0.0032467532467532,0.0045416534502148,2,-0.30803081475310434,-0.1711870966036377,4,0.25,0.12622432786919258,-0.004157868267554,MTSS,range_v2_conservative,0.00017318266441529204
atr_14_pct,band_pos,1,0.0032467532467532,0.0045416534502148,2,-0.30803081475310434,-0.1711870966036377,4,0.25,0.12622432786919258,-0.004157868267554,MTSS,,0.00017318266441529204
atr_14_pct,band_pos,1,0.0032467532467532,0.0045416534502148,2,-0.30803081475310434,-0.1711870966036377,4,0.5,0.19832002766631104,-0.0021793564077184253,NLMK,range_v0_aggressive,0.00017318266441529204
atr_14_pct,band_pos,1,0.0032467532467532,0.0045416534502148,2,-0.30803081475310434,-0.1711870966036377,4,0.5,0.19832002766631104,-0.0021793564077184253,NLMK,range_v0_baseline,0.00017318266441529204
atr_14_pct,band_pos,1,0.0032467532467532,0.0045416534502148,2,-0.30803081475310434,-0.1711870966036377,4,0.5,0.19832002766631104,-0.0021793564077184253,NLMK,range_v0_conservative,0.00017318266441529204
atr_14_pct,band_pos,1,0.0032467532467532,0.0045416534502148,2,-0.30803081475310434,-0.1711870966036377,4,0.5,0.19832002766631104,-0.0021793564077184253,NLMK,range_v2_aggressive,0.00017318266441529204
atr_14_pct,band_pos,1,0.0032467532467532,0.0045416534502148,2,-0.30803081475310434,-0.1711870966036377,4,0.5,0.19832002766631104,-0.0021793564077184253,NLMK,range_v2_balanced,0.00017318266441529204
atr_14_pct,band_pos,1,0.0032467532467532,0.0045416534502148,2,-0.30803081475310434,-0.1711870966036377,4,0.5,0.19832002766631104,-0.0021793564077184253,NLMK,range_v2_conservative,0.00017318266441529204
atr_14_pct,band_pos,1,0.0032467532467532,0.0045416534502148,2,-0.30803081475310434,-0.1711870966036377,4,0.5,0.19832002766631104,-0.0021793564077184253,NLMK,,0.00017318266441529204
atr_14_pct,band_pos,1,0.0032467532467532,0.0045416534502148,2,-0.30803081475310434,-0.1711870966036377,1,0.0,0.0,-0.0047692263414634,NVTK,range_v0_aggressive,4.329566610382301e-05
atr_14_pct,band_pos,1,0.0032467532467532,0.0045416534502148,2,-0.30803081475310434,-0.1711870966036377,1,0.0,0.0,-0.0047692263414634,NVTK,range_v0_baseline,4.329566610382301e-05
atr_14_pct,band_pos,1,0.0032467532467532,0.0045416534502148,2,-0.30803081475310434,-0.1711870966036377,1,0.0,0.0,-0.0047692263414634,NVTK,range_v0_conservative,4.329566610382301e-05
atr_14_pct,band_pos,1,0.0032467532467532,0.0045416534502148,2,-0.30803081475310434,-0.1711870966036377,1,0.0,0.0,-0.0047692263414634,NVTK,range_v2_aggressive,4.329566610382301e-05
atr_14_pct,band_pos,1,0.0032467532467532,0.0045416534502148,2,-0.30803081475310434,-0.1711870966036377,1,0.0,0.0,-0.0047692263414634,NVTK,range_v2_balanced,4.329566610382301e-05
atr_14_pct,band_pos,1,0.0032467532467532,0.0045416534502148,2,-0.30803081475310434,-0.1711870966036377,1,0.0,0.0,-0.0047692263414634,NVTK,range_v2_conservative,4.329566610382301e-05
atr_14_pct,band_pos,1,0.0032467532467532,0.0045416534502148,2,-0.30803081475310434,-0.1711870966036377,1,0.0,0.0,-0.0047692263414634,NVTK,,4.329566610382301e-05
atr_14_pct,band_pos,1,0.0032467532467532,0.0045416534502148,2,-0.30803081475310434,-0.1711870966036377,19,0.3684210526315789,0.2995814456574268,-0.0013766753034817525,PIKK,range_v0_aggressive,0.0008226176559726371
atr_14_pct,band_pos,1,0.0032467532467532,0.0045416534502148,2,-0.30803081475310434,-0.1711870966036377,19,0.3684210526315789,0.2995814456574268,-0.0013766753034817525,PIKK,range_v0_baseline,0.0008226176559726371
atr_14_pct,band_pos,1,0.0032467532467532,0.0045416534502148,2,-0.30803081475310434,-0.1711870966036377,19,0.3684210526315789,0.2995814456574268,-0.0013766753034817525,PIKK,range_v0_conservative,0.0008226176559726371
atr_14_pct,band_pos,1,0.0032467532467532,0.0045416534502148,2,-0.30803081475310434,-0.1711870966036377,19,0.3684210526315789,0.2995814456574268,-0.0013766753034817525,PIKK,range_v2_aggressive,0.0008226176559726371
atr_14_pct,band_pos,1,0.0032467532467532,0.0045416534502148,2,-0.30803081475310434,-0.1711870966036377,19,0.3684210526315789,0.2995814456574268,-0.0013766753034817525,PIKK,range_v2_balanced,0.0008226176559726371
atr_14_pct,band_pos,1,0.0032467532467532,0.0045416534502148,2,-0.30803081475310434,-0.1711870966036377,19,0.3684210526315789,0.2995814456574268,-0.0013766753034817525,PIKK,range_v2_conservative,0.0008226176559726371
atr_14_pct,band_pos,1,0.0032467532467532,0.0045416534502148,2,-0.30803081475310434,-0.1711870966036377,19,0.3684210526315789,0.2995814456574268,-0.0013766753034817525,PIKK,,0.0008226176559726371
atr_14_pct,band_pos,1,0.0032467532467532,0.0045416534502148,2,-0.30803081475310434,-0.1711870966036377,2,0.0,0.0,-0.0031186216177564,PLZL,range_v0_aggressive,8.659133220764602e-05
atr_14_pct,band_pos,1,0.0032467532467532,0.0045416534502148,2,-0.30803081475310434,-0.1711870966036377,2,0.0,0.0,-0.0031186216177564,PLZL,range_v0_baseline,8.659133220764602e-05
atr_14_pct,band_pos,1,0.0032467532467532,0.0045416534502148,2,-0.30803081475310434,-0.1711870966036377,2,0.0,0.0,-0.0031186216177564,PLZL,range_v0_conservative,8.659133220764602e-05
atr_14_pct,band_pos,1,0.0032467532467532,0.0045416534502148,2,-0.30803081475310434,-0.1711870966036377,2,0.0,0.0,-0.0031186216177564,PLZL,range_v2_aggressive,8.659133220764602e-05
atr_14_pct,band_pos,1,0.0032467532467532,0.0045416534502148,2,-0.30803081475310434,-0.1711870966036377,2,0.0,0.0,-0.0031186216177564,PLZL,range_v2_balanced,8.659133220764602e-05
atr_14_pct,band_pos,1,0.0032467532467532,0.0045416534502148,2,-0.30803081475310434,-0.1711870966036377,2,0.0,0.0,-0.0031186216177564,PLZL,range_v2_conservative,8.659133220764602e-05
atr_14_pct,band_pos,1,0.0032467532467532,0.0045416534502148,2,-0.30803081475310434,-0.1711870966036377,2,0.0,0.0,-0.0031186216177564,PLZL,,8.659133220764602e-05
atr_14_pct,band_pos,1,0.0032467532467532,0.0045416534502148,2,-0.30803081475310434,-0.1711870966036377,4,0.75,4.520994435667669,0.002926404196063675,ROSN,range_v0_aggressive,0.00017318266441529204
atr_14_pct,band_pos,1,0.0032467532467532,0.0045416534502148,2,-0.30803081475310434,-0.1711870966036377,4,0.75,4.520994435667669,0.002926404196063675,ROSN,range_v0_baseline,0.00017318266441529204
atr_14_pct,band_pos,1,0.0032467532467532,0.0045416534502148,2,-0.30803081475310434,-0.1711870966036377,4,0.75,4.520994435667669,0.002926404196063675,ROSN,range_v0_conservative,0.00017318266441529204
atr_14_pct,band_pos,1,0.0032467532467532,0.0045416534502148,2,-0.30803081475310434,-0.1711870966036377,4,0.75,4.520994435667669,0.002926404196063675,ROSN,range_v2_aggressive,0.00017318266441529204
atr_14_pct,band_pos,1,0.0032467532467532,0.0045416534502148,2,-0.30803081475310434,-0.1711870966036377,4,0.75,4.520994435667669,0.002926404196063675,ROSN,range_v2_balanced,0.00017318266441529204
atr_14_pct,band_pos,1,0.0032467532467532,0.0045416534502148,2,-0.30803081475310434,-0.1711870966036377,4,0.75,4.520994435667669,0.002926404196063675,ROSN,range_v2_conservative,0.00017318266441529204
atr_14_pct,band_pos,1,0.0032467532467532,0.0045416534502148,2,-0.30803081475310434,-0.1711870966036377,4,0.75,4.520994435667669,0.002926404196063675,ROSN,,0.00017318266441529204
atr_14_pct,band_pos,1,0.0032467532467532,0.0045416534502148,2,-0.30803081475310434,-0.1711870966036377,4,0.25,0.7286154091461277,-0.00040625426598907494,SBER,range_v0_aggressive,0.00017318266441529204
atr_14_pct,band_pos,1,0.0032467532467532,0.0045416534502148,2,-0.30803081475310434,-0.1711870966036377,4,0.25,0.7286154091461277,-0.00040625426598907494,SBER,range_v0_baseline,0.00017318266441529204
atr_14_pct,band_pos,1,0.0032467532467532,0.0045416534502148,2,-0.30803081475310434,-0.1711870966036377,4,0.25,0.7286154091461277,-0.00040625426598907494,SBER,range_v0_conservative,0.00017318266441529204
atr_14_pct,band_pos,1,0.0032467532467532,0.0045416534502148,2,-0.30803081475310434,-0.1711870966036377,22,0.3181818181818182,1.0126356677450064,1.0631430696885566e-05,SBER,range_v2_aggressive,0.0009525046542841061
atr_14_pct,band_pos,1,0.0032467532467532,0.0045416534502148,2,-0.30803081475310434,-0.1711870966036377,4,0.25,0.7286154091461277,-0.00040625426598907494,SBER,range_v2_balanced,0.00017318266441529204
atr_14_pct,band_pos,1,0.0032467532467532,0.0045416534502148,2,-0.30803081475310434,-0.1711870966036377,4,0.25,0.7286154091461277,-0.00040625426598907494,SBER,range_v2_conservative,0.00017318266441529204
atr_14_pct,band_pos,1,0.0032467532467532,0.0045416534502148,2,-0.30803081475310434,-0.1711870966036377,8,0.25,0.7286154091461277,-0.00040625426598907505,SBER,,0.0003463653288305841
atr_14_pct,band_pos,1,0.0032467532467532,0.0045416534502148,2,-0.30803081475310434,-0.1711870966036377,4,0.5,1.0565498610409927,7.902437348177488e-05,SNGS,range_v0_aggressive,0.00017318266441529204
atr_14_pct,band_pos,1,0.0032467532467532,0.0045416534502148,2,-0.30803081475310434,-0.1711870966036377,4,0.5,1.0565498610409927,7.902437348177488e-05,SNGS,range_v0_baseline,0.00017318266441529204
atr_14_pct,band_pos,1,0.0032467532467532,0.0045416534502148,2,-0.30803081475310434,-0.1711870966036377,4,0.5,1.0565498610409927,7.902437348177488e-05,SNGS,range_v0_conservative,0.00017318266441529204
atr_14_pct,band_pos,1,0.0032467532467532,0.0045416534502148,2,-0.30803081475310434,-0.1711870966036377,4,0.5,1.0565498610409927,7.902437348177488e-05,SNGS,range_v2_aggressive,0.00017318266441529204
atr_14_pct,band_pos,1,0.0032467532467532,0.0045416534502148,2,-0.30803081475310434,-0.1711870966036377,4,0.5,1.0565498610409927,7.902437348177488e-05,SNGS,range_v2_balanced,0.00017318266441529204
atr_14_pct,band_pos,1,0.0032467532467532,0.0045416534502148,2,-0.30803081475310434,-0.1711870966036377,4,0.5,1.0565498610409927,7.902437348177488e-05,SNGS,range_v2_conservative,0.00017318266441529204
atr_14_pct,band_pos,1,0.0032467532467532,0.0045416534502148,2,-0.30803081475310434,-0.1711870966036377,4,0.5,1.0565498610409927,7.902437348177488e-05,SNGS,,0.00017318266441529204
atr_14_pct,band_pos,1,0.0032467532467532,0.0045416534502148,2,-0.30803081475310434,-0.1711870966036377,18,0.4444444444444444,0.7269925025115233,-0.0003826305431412387,TATN,range_v0_aggressive,0.0007793219898688141
atr_14_pct,band_pos,1,0.0032467532467532,0.0045416534502148,2,-0.30803081475310434,-0.1711870966036377,18,0.4444444444444444,0.7269925025115233,-0.0003826305431412387,TATN,range_v0_baseline,0.0007793219898688141
atr_14_pct,band_pos,1,0.0032467532467532,0.0045416534502148,2,-0.30803081475310434,-0.1711870966036377,18,0.4444444444444444,0.7269925025115233,-0.0003826305431412387,TATN,range_v0_conservative,0.0007793219898688141
atr_14_pct,band_pos,1,0.0032467532467532,0.0045416534502148,2,-0.30803081475310434,-0.1711870966036377,18,0.4444444444444444,0.7269925025115233,-0.0003826305431412387,TATN,range_v2_aggressive,0.0007793219898688141
atr_14_pct,band_pos,1,0.0032467532467532,0.0045416534502148,2,-0.30803081475310434,-0.1711870966036377,18,0.4444444444444444,0.7269925025115233,-0.0003826305431412387,TATN,range_v2_balanced,0.0007793219898688141
atr_14_pct,band_pos,1,0.0032467532467532,0.0045416534502148,2,-0.30803081475310434,-0.1711870966036377,18,0.4444444444444444,0.7269925025115233,-0.0003826305431412387,TATN,range_v2_conservative,0.0007793219898688141
atr_14_pct,band_pos,1,0.0032467532467532,0.0045416534502148,2,-0.30803081475310434,-0.1711870966036377,18,0.4444444444444444,0.7269925025115233,-0.0003826305431412387,TATN,,0.0007793219898688141
atr_14_pct,band_pos,1,0.0032467532467532,0.0045416534502148,2,-0.30803081475310434,-0.1711870966036377,2,0.0,0.0,-0.0015241422201138,VKCO,range_v0_aggressive,8.659133220764602e-05
atr_14_pct,band_pos,1,0.0032467532467532,0.0045416534502148,2,-0.30803081475310434,-0.1711870966036377,2,0.0,0.0,-0.0015241422201138,VKCO,range_v0_baseline,8.659133220764602e-05
atr_14_pct,band_pos,1,0.0032467532467532,0.0045416534502148,2,-0.30803081475310434,-0.1711870966036377,2,0.0,0.0,-0.0015241422201138,VKCO,range_v0_conservative,8.659133220764602e-05
atr_14_pct,band_pos,1,0.0032467532467532,0.0045416534502148,2,-0.30803081475310434,-0.1711870966036377,2,0.0,0.0,-0.0015241422201138,VKCO,range_v2_aggressive,8.659133220764602e-05
atr_14_pct,band_pos,1,0.0032467532467532,0.0045416534502148,2,-0.30803081475310434,-0.1711870966036377,2,0.0,0.0,-0.0015241422201138,VKCO,range_v2_balanced,8.659133220764602e-05
atr_14_pct,band_pos,1,0.0032467532467532,0.0045416534502148,2,-0.30803081475310434,-0.1711870966036377,2,0.0,0.0,-0.0015241422201138,VKCO,range_v2_conservative,8.659133220764602e-05
atr_14_pct,band_pos,1,0.0032467532467532,0.0045416534502148,2,-0.30803081475310434,-0.1711870966036377,2,0.0,0.0,-0.0015241422201138,VKCO,,8.659133220764602e-05
atr_14_pct,band_pos,1,0.0032467532467532,0.0045416534502148,2,-0.30803081475310434,-0.1711870966036377,4,0.25,0.17751491514964418,-0.0024099825672150997,YNDX,range_v0_aggressive,0.00017318266441529204
atr_14_pct,band_pos,1,0.0032467532467532,0.0045416534502148,2,-0.30803081475310434,-0.1711870966036377,4,0.25,0.17751491514964418,-0.0024099825672150997,YNDX,range_v0_baseline,0.00017318266441529204
atr_14_pct,band_pos,1,0.0032467532467532,0.0045416534502148,2,-0.30803081475310434,-0.1711870966036377,4,0.25,0.17751491514964418,-0.0024099825672150997,YNDX,range_v0_conservative,0.00017318266441529204
atr_14_pct,band_pos,1,0.0032467532467532,0.0045416534502148,2,-0.30803081475310434,-0.1711870966036377,4,0.25,0.17751491514964418,-0.0024099825672150997,YNDX,range_v2_aggressive,0.00017318266441529204
atr_14_pct,band_pos,1,0.0032467532467532,0.0045416534502148,2,-0.30803081475310434,-0.1711870966036377,4,0.25,0.17751491514964418,-0.0024099825672150997,YNDX,range_v2_balanced,0.00017318266441529204
atr_14_pct,band_pos,1,0.0032467532467532,0.0045416534502148,2,-0.30803081475310434,-0.1711870966036377,4,0.25,0.17751491514964418,-0.0024099825672150997,YNDX,range_v2_conservative,0.00017318266441529204
atr_14_pct,band_pos,1,0.0032467532467532,0.0045416534502148,2,-0.30803081475310434,-0.1711870966036377,4,0.25,0.17751491514964418,-0.0024099825672150997,YNDX,,0.00017318266441529204
atr_14_pct,band_pos,1,0.0032467532467532,0.0045416534502148,3,-0.1711870966036377,-0.071158473171634,8,0.25,0.9639750929968758,-6.017944052997507e-05,CHMF,range_v0_aggressive,0.0003463653288305841
atr_14_pct,band_pos,1,0.0032467532467532,0.0045416534502148,3,-0.1711870966036377,-0.071158473171634,8,0.25,0.9639750929968758,-6.017944052997507e-05,CHMF,range_v0_baseline,0.0003463653288305841
atr_14_pct,band_pos,1,0.0032467532467532,0.0045416534502148,3,-0.1711870966036377,-0.071158473171634,8,0.25,0.9639750929968758,-6.017944052997507e-05,CHMF,range_v0_conservative,0.0003463653288305841
atr_14_pct,band_pos,1,0.0032467532467532,0.0045416534502148,3,-0.1711870966036377,-0.071158473171634,8,0.25,0.9639750929968758,-6.017944052997507e-05,CHMF,range_v2_aggressive,0.0003463653288305841
atr_14_pct,band_pos,1,0.0032467532467532,0.0045416534502148,3,-0.1711870966036377,-0.071158473171634,8,0.25,0.9639750929968758,-6.017944052997507e-05,CHMF,range_v2_balanced,0.0003463653288305841
atr_14_pct,band_pos,1,0.0032467532467532,0.0045416534502148,3,-0.1711870966036377,-0.071158473171634,8,0.25,0.9639750929968758,-6.017944052997507e-05,CHMF,range_v2_conservative,0.0003463653288305841
atr_14_pct,band_pos,1,0.0032467532467532,0.0045416534502148,3,-0.1711870966036377,-0.071158473171634,8,0.25,0.9639750929968758,-6.017944052997507e-05,CHMF,,0.0003463653288305841
atr_14_pct,band_pos,1,0.0032467532467532,0.0045416534502148,3,-0.1711870966036377,-0.071158473171634,4,0.25,0.18941056033295944,-0.0011591232073938,GAZP,range_v0_aggressive,0.00017318266441529204
atr_14_pct,band_pos,1,0.0032467532467532,0.0045416534502148,3,-0.1711870966036377,-0.071158473171634,4,0.25,0.18941056033295944,-0.0011591232073938,GAZP,range_v0_baseline,0.00017318266441529204
atr_14_pct,band_pos,1,0.0032467532467532,0.0045416534502148,3,-0.1711870966036377,-0.071158473171634,4,0.25,0.18941056033295944,-0.0011591232073938,GAZP,range_v0_conservative,0.00017318266441529204
atr_14_pct,band_pos,1,0.0032467532467532,0.0045416534502148,3,-0.1711870966036377,-0.071158473171634,4,0.25,0.18941056033295944,-0.0011591232073938,GAZP,range_v2_aggressive,0.00017318266441529204
atr_14_pct,band_pos,1,0.0032467532467532,0.0045416534502148,3,-0.1711870966036377,-0.071158473171634,4,0.25,0.18941056033295944,-0.0011591232073938,GAZP,range_v2_balanced,0.00017318266441529204
atr_14_pct,band_pos,1,0.0032467532467532,0.0045416534502148,3,-0.1711870966036377,-0.071158473171634,4,0.25,0.18941056033295944,-0.0011591232073938,GAZP,range_v2_conservative,0.00017318266441529204
atr_14_pct,band_pos,1,0.0032467532467532,0.0045416534502148,3,-0.1711870966036377,-0.071158473171634,4,0.25,0.18941056033295944,-0.0011591232073938,GAZP,,0.00017318266441529204
atr_14_pct,band_pos,1,0.0032467532467532,0.0045416534502148,3,-0.1711870966036377,-0.071158473171634,4,0.0,0.0,-0.00232306914265185,GMKN,range_v0_aggressive,0.00017318266441529204
atr_14_pct,band_pos,1,0.0032467532467532,0.0045416534502148,3,-0.1711870966036377,-0.071158473171634,4,0.0,0.0,-0.00232306914265185,GMKN,range_v0_baseline,0.00017318266441529204
atr_14_pct,band_pos,1,0.0032467532467532,0.0045416534502148,3,-0.1711870966036377,-0.071158473171634,4,0.0,0.0,-0.00232306914265185,GMKN,range_v0_conservative,0.00017318266441529204
atr_14_pct,band_pos,1,0.0032467532467532,0.0045416534502148,3,-0.1711870966036377,-0.071158473171634,4,0.0,0.0,-0.00232306914265185,GMKN,range_v2_aggressive,0.00017318266441529204
atr_14_pct,band_pos,1,0.0032467532467532,0.0045416534502148,3,-0.1711870966036377,-0.071158473171634,4,0.0,0.0,-0.00232306914265185,GMKN,range_v2_balanced,0.00017318266441529204
atr_14_pct,band_pos,1,0.0032467532467532,0.0045416534502148,3,-0.1711870966036377,-0.071158473171634,4,0.0,0.0,-0.00232306914265185,GMKN,range_v2_conservative,0.00017318266441529204
atr_14_pct,band_pos,1,0.0032467532467532,0.0045416534502148,3,-0.1711870966036377,-0.071158473171634,4,0.0,0.0,-0.00232306914265185,GMKN,,0.00017318266441529204
atr_14_pct,band_pos,1,0.0032467532467532,0.0045416534502148,3,-0.1711870966036377,-0.071158473171634,3,0.0,0.0,-0.0018523016991161,LKOH,range_v0_aggressive,0.000129886998311469
atr_14_pct,band_pos,1,0.0032467532467532,0.0045416534502148,3,-0.1711870966036377,-0.071158473171634,3,0.0,0.0,-0.0018523016991161,LKOH,range_v0_baseline,0.000129886998311469
atr_14_pct,band_pos,1,0.0032467532467532,0.0045416534502148,3,-0.1711870966036377,-0.071158473171634,3,0.0,0.0,-0.0018523016991161,LKOH,range_v0_conservative,0.000129886998311469
atr_14_pct,band_pos,1,0.0032467532467532,0.0045416534502148,3,-0.1711870966036377,-0.071158473171634,3,0.0,0.0,-0.0018523016991161,LKOH,range_v2_aggressive,0.000129886998311469
atr_14_pct,band_pos,1,0.0032467532467532,0.0045416534502148,3,-0.1711870966036377,-0.071158473171634,3,0.0,0.0,-0.0018523016991161,LKOH,range_v2_balanced,0.000129886998311469
atr_14_pct,band_pos,1,0.0032467532467532,0.0045416534502148,3,-0.1711870966036377,-0.071158473171634,3,0.0,0.0,-0.0018523016991161,LKOH,range_v2_conservative,0.000129886998311469
atr_14_pct,band_pos,1,0.0032467532467532,0.0045416534502148,3,-0.1711870966036377,-0.071158473171634,3,0.0,0.0,-0.0018523016991161,LKOH,,0.000129886998311469
atr_14_pct,band_pos,1,0.0032467532467532,0.0045416534502148,3,-0.1711870966036377,-0.071158473171634,3,0.0,0.0,-0.0015639425056011335,MGNT,range_v0_aggressive,0.000129886998311469
atr_14_pct,band_pos,1,0.0032467532467532,0.0045416534502148,3,-0.1711870966036377,-0.071158473171634,3,0.0,0.0,-0.0015639425056011335,MGNT,range_v0_baseline,0.000129886998311469
atr_14_pct,band_pos,1,0.0032467532467532,0.0045416534502148,3,-0.1711870966036377,-0.071158473171634,3,0.0,0.0,-0.0015639425056011335,MGNT,range_v0_conservative,0.000129886998311469
atr_14_pct,band_pos,1,0.0032467532467532,0.0045416534502148,3,-0.1711870966036377,-0.071158473171634,3,0.0,0.0,-0.0015639425056011335,MGNT,range_v2_aggressive,0.000129886998311469
atr_14_pct,band_pos,1,0.0032467532467532,0.0045416534502148,3,-0.1711870966036377,-0.071158473171634,3,0.0,0.0,-0.0015639425056011335,MGNT,range_v2_balanced,0.000129886998311469
atr_14_pct,band_pos,1,0.0032467532467532,0.0045416534502148,3,-0.1711870966036377,-0.071158473171634,3,0.0,0.0,-0.0015639425056011335,MGNT,range_v2_conservative,0.000129886998311469
atr_14_pct,band_pos,1,0.0032467532467532,0.0045416534502148,3,-0.1711870966036377,-0.071158473171634,3,0.0,0.0,-0.0015639425056011335,MGNT,,0.000129886998311469
atr_14_pct,band_pos,1,0.0032467532467532,0.0045416534502148,3,-0.1711870966036377,-0.071158473171634,2,0.5,0.6421834710583945,-0.0005262525939525,MTSS,range_v0_aggressive,8.659133220764602e-05
atr_14_pct,band_pos,1,0.0032467532467532,0.0045416534502148,3,-0.1711870966036377,-0.071158473171634,2,0.5,0.6421834710583945,-0.0005262525939525,MTSS,range_v0_baseline,8.659133220764602e-05
atr_14_pct,band_pos,1,0.0032467532467532,0.0045416534502148,3,-0.1711870966036377,-0.071158473171634,2,0.5,0.6421834710583945,-0.0005262525939525,MTSS,range_v0_conservative,8.659133220764602e-05
atr_14_pct,band_pos,1,0.0032467532467532,0.0045416534502148,3,-0.1711870966036377,-0.071158473171634,2,0.5,0.6421834710583945,-0.0005262525939525,MTSS,range_v2_aggressive,8.659133220764602e-05
atr_14_pct,band_pos,1,0.0032467532467532,0.0045416534502148,3,-0.1711870966036377,-0.071158473171634,2,0.5,0.6421834710583945,-0.0005262525939525,MTSS,range_v2_balanced,8.659133220764602e-05
atr_14_pct,band_pos,1,0.0032467532467532,0.0045416534502148,3,-0.1711870966036377,-0.071158473171634,2,0.5,0.6421834710583945,-0.0005262525939525,MTSS,range_v2_conservative,8.659133220764602e-05
atr_14_pct,band_pos,1,0.0032467532467532,0.0045416534502148,3,-0.1711870966036377,-0.071158473171634,2,0.5,0.6421834710583945,-0.0005262525939525,MTSS,,8.659133220764602e-05
atr_14_pct,band_pos,1,0.0032467532467532,0.0045416534502148,3,-0.1711870966036377,-0.071158473171634,3,0.3333333333333333,0.9279866015540384,-6.328849008183329e-05,NLMK,range_v0_aggressive,0.000129886998311469
atr_14_pct,band_pos,1,0.0032467532467532,0.0045416534502148,3,-0.1711870966036377,-0.071158473171634,3,0.3333333333333333,0.9279866015540384,-6.328849008183329e-05,NLMK,range_v0_baseline,0.000129886998311469
atr_14_pct,band_pos,1,0.0032467532467532,0.0045416534502148,3,-0.1711870966036377,-0.071158473171634,3,0.3333333333333333,0.9279866015540384,-6.328849008183329e-05,NLMK,range_v0_conservative,0.000129886998311469
atr_14_pct,band_pos,1,0.0032467532467532,0.0045416534502148,3,-0.1711870966036377,-0.071158473171634,3,0.3333333333333333,0.9279866015540384,-6.328849008183329e-05,NLMK,range_v2_aggressive,0.000129886998311469
atr_14_pct,band_pos,1,0.0032467532467532,0.0045416534502148,3,-0.1711870966036377,-0.071158473171634,3,0.3333333333333333,0.9279866015540384,-6.328849008183329e-05,NLMK,range_v2_balanced,0.000129886998311469
atr_14_pct,band_pos,1,0.0032467532467532,0.0045416534502148,3,-0.1711870966036377,-0.071158473171634,3,0.3333333333333333,0.9279866015540384,-6.328849008183329e-05,NLMK,range_v2_conservative,0.000129886998311469
atr_14_pct,band_pos,1,0.0032467532467532,0.0045416534502148,3,-0.1711870966036377,-0.071158473171634,3,0.3333333333333333,0.9279866015540384,-6.328849008183329e-05,NLMK,,0.000129886998311469
atr_14_pct,band_pos,1,0.0032467532467532,0.0045416534502148,3,-0.1711870966036377,-0.071158473171634,1,1.0,inf,0.0025950508833922,NVTK,range_v0_aggressive,4.329566610382301e-05
atr_14_pct,band_pos,1,0.0032467532467532,0.0045416534502148,3,-0.1711870966036377,-0.071158473171634,1,1.0,inf,0.0025950508833922,NVTK,range_v0_baseline,4.329566610382301e-05
atr_14_pct,band_pos,1,0.0032467532467532,0.0045416534502148,3,-0.1711870966036377,-0.071158473171634,1,1.0,inf,0.0025950508833922,NVTK,range_v0_conservative,4.329566610382301e-05
atr_14_pct,band_pos,1,0.0032467532467532,0.0045416534502148,3,-0.1711870966036377,-0.071158473171634,1,1.0,inf,0.0025950508833922,NVTK,range_v2_aggressive,4.329566610382301e-05
atr_14_pct,band_pos,1,0.0032467532467532,0.0045416534502148,3,-0.1711870966036377,-0.071158473171634,1,1.0,inf,0.0025950508833922,NVTK,range_v2_balanced,4.329566610382301e-05
atr_14_pct,band_pos,1,0.0032467532467532,0.0045416534502148,3,-0.1711870966036377,-0.071158473171634,1,1.0,inf,0.0025950508833922,NVTK,range_v2_conservative,4.329566610382301e-05
atr_14_pct,band_pos,1,0.0032467532467532,0.0045416534502148,3,-0.1711870966036377,-0.071158473171634,1,1.0,inf,0.0025950508833922,NVTK,,4.329566610382301e-05
atr_14_pct,band_pos,1,0.0032467532467532,0.0045416534502148,3,-0.1711870966036377,-0.071158473171634,23,0.391304347826087,0.5926767930097525,-0.0006856996336210476,PIKK,range_v0_aggressive,0.000995800320387929
atr_14_pct,band_pos,1,0.0032467532467532,0.0045416534502148,3,-0.1711870966036377,-0.071158473171634,23,0.391304347826087,0.5926767930097525,-0.0006856996336210476,PIKK,range_v0_baseline,0.000995800320387929
atr_14_pct,band_pos,1,0.0032467532467532,0.0045416534502148,3,-0.1711870966036377,-0.071158473171634,23,0.391304347826087,0.5926767930097525,-0.0006856996336210476,PIKK,range_v0_conservative,0.000995800320387929
atr_14_pct,band_pos,1,0.0032467532467532,0.0045416534502148,3,-0.1711870966036377,-0.071158473171634,23,0.391304347826087,0.5926767930097525,-0.0006856996336210476,PIKK,range_v2_aggressive,0.000995800320387929
atr_14_pct,band_pos,1,0.0032467532467532,0.0045416534502148,3,-0.1711870966036377,-0.071158473171634,23,0.391304347826087,0.5926767930097525,-0.0006856996336210476,PIKK,range_v2_balanced,0.000995800320387929
atr_14_pct,band_pos,1,0.0032467532467532,0.0045416534502148,3,-0.1711870966036377,-0.071158473171634,23,0.391304347826087,0.5926767930097525,-0.0006856996336210476,PIKK,range_v2_conservative,0.000995800320387929
atr_14_pct,band_pos,1,0.0032467532467532,0.0045416534502148,3,-0.1711870966036377,-0.071158473171634,23,0.391304347826087,0.5926767930097525,-0.0006856996336210476,PIKK,,0.000995800320387929
atr_14_pct,band_pos,1,0.0032467532467532,0.0045416534502148,3,-0.1711870966036377,-0.071158473171634,2,0.0,0.0,-0.00253725279258645,PLZL,range_v0_aggressive,8.659133220764602e-05
atr_14_pct,band_pos,1,0.0032467532467532,0.0045416534502148,3,-0.1711870966036377,-0.071158473171634,2,0.0,0.0,-0.00253725279258645,PLZL,range_v0_baseline,8.659133220764602e-05
atr_14_pct,band_pos,1,0.0032467532467532,0.0045416534502148,3,-0.1711870966036377,-0.071158473171634,2,0.0,0.0,-0.00253725279258645,PLZL,range_v0_conservative,8.659133220764602e-05
atr_14_pct,band_pos,1,0.0032467532467532,0.0045416534502148,3,-0.1711870966036377,-0.071158473171634,2,0.0,0.0,-0.00253725279258645,PLZL,range_v2_aggressive,8.659133220764602e-05
atr_14_pct,band_pos,1,0.0032467532467532,0.0045416534502148,3,-0.1711870966036377,-0.071158473171634,2,0.0,0.0,-0.00253725279258645,PLZL,range_v2_balanced,8.659133220764602e-05
atr_14_pct,band_pos,1,0.0032467532467532,0.0045416534502148,3,-0.1711870966036377,-0.071158473171634,2,0.0,0.0,-0.00253725279258645,PLZL,range_v2_conservative,8.659133220764602e-05
atr_14_pct,band_pos,1,0.0032467532467532,0.0045416534502148,3,-0.1711870966036377,-0.071158473171634,2,0.0,0.0,-0.00253725279258645,PLZL,,8.659133220764602e-05
atr_14_pct,band_pos,1,0.0032467532467532,0.0045416534502148,3,-0.1711870966036377,-0.071158473171634,3,0.0,0.0,-0.0023586277701824004,ROSN,range_v0_aggressive,0.000129886998311469
atr_14_pct,band_pos,1,0.0032467532467532,0.0045416534502148,3,-0.1711870966036377,-0.071158473171634,3,0.0,0.0,-0.0023586277701824004,ROSN,range_v0_baseline,0.000129886998311469
atr_14_pct,band_pos,1,0.0032467532467532,0.0045416534502148,3,-0.1711870966036377,-0.071158473171634,3,0.0,0.0,-0.0023586277701824004,ROSN,range_v0_conservative,0.000129886998311469
atr_14_pct,band_pos,1,0.0032467532467532,0.0045416534502148,3,-0.1711870966036377,-0.071158473171634,3,0.0,0.0,-0.0023586277701824004,ROSN,range_v2_aggressive,0.000129886998311469
atr_14_pct,band_pos,1,0.0032467532467532,0.0045416534502148,3,-0.1711870966036377,-0.071158473171634,3,0.0,0.0,-0.0023586277701824004,ROSN,range_v2_balanced,0.000129886998311469
atr_14_pct,band_pos,1,0.0032467532467532,0.0045416534502148,3,-0.1711870966036377,-0.071158473171634,3,0.0,0.0,-0.0023586277701824004,ROSN,range_v2_conservative,0.000129886998311469
atr_14_pct,band_pos,1,0.0032467532467532,0.0045416534502148,3,-0.1711870966036377,-0.071158473171634,3,0.0,0.0,-0.0023586277701824004,ROSN,,0.000129886998311469
atr_14_pct,band_pos,1,0.0032467532467532,0.0045416534502148,3,-0.1711870966036377,-0.071158473171634,1,0.0,0.0,-0.0014263582850521,SBER,range_v0_aggressive,4.329566610382301e-05
atr_14_pct,band_pos,1,0.0032467532467532,0.0045416534502148,3,-0.1711870966036377,-0.071158473171634,1,0.0,0.0,-0.0014263582850521,SBER,range_v0_baseline,4.329566610382301e-05
atr_14_pct,band_pos,1,0.0032467532467532,0.0045416534502148,3,-0.1711870966036377,-0.071158473171634,1,0.0,0.0,-0.0014263582850521,SBER,range_v0_conservative,4.329566610382301e-05
atr_14_pct,band_pos,1,0.0032467532467532,0.0045416534502148,3,-0.1711870966036377,-0.071158473171634,25,0.44,1.1506238063402747,0.00011582556764025598,SBER,range_v2_aggressive,0.0010823916525955753
atr_14_pct,band_pos,1,0.0032467532467532,0.0045416534502148,3,-0.1711870966036377,-0.071158473171634,13,0.15384615384615385,0.11293472821665484,-0.000716499487180769,SBER,range_v2_balanced,0.0005628436593496991
atr_14_pct,band_pos,1,0.0032467532467532,0.0045416534502148,3,-0.1711870966036377,-0.071158473171634,1,0.0,0.0,-0.0014263582850521,SBER,range_v2_conservative,4.329566610382301e-05
atr_14_pct,band_pos,1,0.0032467532467532,0.0045416534502148,3,-0.1711870966036377,-0.071158473171634,2,0.0,0.0,-0.0014263582850521,SBER,,8.659133220764602e-05
atr_14_pct,band_pos,1,0.0032467532467532,0.0045416534502148,3,-0.1711870966036377,-0.071158473171634,5,0.4,0.7899678053092137,-0.00031611735060538,SNGS,range_v0_aggressive,0.00021647833051911504
atr_14_pct,band_pos,1,0.0032467532467532,0.0045416534502148,3,-0.1711870966036377,-0.071158473171634,5,0.4,0.7899678053092137,-0.00031611735060538,SNGS,range_v0_baseline,0.00021647833051911504
atr_14_pct,band_pos,1,0.0032467532467532,0.0045416534502148,3,-0.1711870966036377,-0.071158473171634,5,0.4,0.7899678053092137,-0.00031611735060538,SNGS,range_v0_conservative,0.00021647833051911504
atr_14_pct,band_pos,1,0.0032467532467532,0.0045416534502148,3,-0.1711870966036377,-0.071158473171634,5,0.4,0.7899678053092137,-0.00031611735060538,SNGS,range_v2_aggressive,0.00021647833051911504
atr_14_pct,band_pos,1,0.0032467532467532,0.0045416534502148,3,-0.1711870966036377,-0.071158473171634,5,0.4,0.7899678053092137,-0.00031611735060538,SNGS,range_v2_balanced,0.00021647833051911504
atr_14_pct,band_pos,1,0.0032467532467532,0.0045416534502148,3,-0.1711870966036377,-0.071158473171634,5,0.4,0.7899678053092137,-0.00031611735060538,SNGS,range_v2_conservative,0.00021647833051911504
atr_14_pct,band_pos,1,0.0032467532467532,0.0045416534502148,3,-0.1711870966036377,-0.071158473171634,5,0.4,0.7899678053092137,-0.00031611735060538,SNGS,,0.00021647833051911504
atr_14_pct,band_pos,1,0.0032467532467532,0.0045416534502148,3,-0.1711870966036377,-0.071158473171634,25,0.56,0.9931100200493554,-8.78003586764397e-06,TATN,range_v0_aggressive,0.0010823916525955753
atr_14_pct,band_pos,1,0.0032467532467532,0.0045416534502148,3,-0.1711870966036377,-0.071158473171634,25,0.56,0.9931100200493554,-8.78003586764397e-06,TATN,range_v0_baseline,0.0010823916525955753
atr_14_pct,band_pos,1,0.0032467532467532,0.0045416534502148,3,-0.1711870966036377,-0.071158473171634,25,0.56,0.9931100200493554,-8.78003586764397e-06,TATN,range_v0_conservative,0.0010823916525955753
atr_14_pct,band_pos,1,0.0032467532467532,0.0045416534502148,3,-0.1711870966036377,-0.071158473171634,25,0.56,0.9931100200493554,-8.78003586764397e-06,TATN,range_v2_aggressive,0.0010823916525955753
atr_14_pct,band_pos,1,0.0032467532467532,0.0045416534502148,3,-0.1711870966036377,-0.071158473171634,25,0.56,0.9931100200493554,-8.78003586764397e-06,TATN,range_v2_balanced,0.0010823916525955753
atr_14_pct,band_pos,1,0.0032467532467532,0.0045416534502148,3,-0.1711870966036377,-0.071158473171634,25,0.56,0.9931100200493554,-8.78003586764397e-06,TATN,range_v2_conservative,0.0010823916525955753
atr_14_pct,band_pos,1,0.0032467532467532,0.0045416534502148,3,-0.1711870966036377,-0.071158473171634,25,0.56,0.9931100200493554,-8.78003586764397e-06,TATN,,0.0010823916525955753
atr_14_pct,band_pos,1,0.0032467532467532,0.0045416534502148,3,-0.1711870966036377,-0.071158473171634,4,0.75,0.8461300878295306,-0.00017973220503975,VKCO,range_v0_aggressive,0.00017318266441529204
atr_14_pct,band_pos,1,0.0032467532467532,0.0045416534502148,3,-0.1711870966036377,-0.071158473171634,4,0.75,0.8461300878295306,-0.00017973220503975,VKCO,range_v0_baseline,0.00017318266441529204
atr_14_pct,band_pos,1,0.0032467532467532,0.0045416534502148,3,-0.1711870966036377,-0.071158473171634,4,0.75,0.8461300878295306,-0.00017973220503975,VKCO,range_v0_conservative,0.00017318266441529204
atr_14_pct,band_pos,1,0.0032467532467532,0.0045416534502148,3,-0.1711870966036377,-0.071158473171634,4,0.75,0.8461300878295306,-0.00017973220503975,VKCO,range_v2_aggressive,0.00017318266441529204
atr_14_pct,band_pos,1,0.0032467532467532,0.0045416534502148,3,-0.1711870966036377,-0.071158473171634,4,0.75,0.8461300878295306,-0.00017973220503975,VKCO,range_v2_balanced,0.00017318266441529204
atr_14_pct,band_pos,1,0.0032467532467532,0.0045416534502148,3,-0.1711870966036377,-0.071158473171634,4,0.75,0.8461300878295306,-0.00017973220503975,VKCO,range_v2_conservative,0.00017318266441529204
atr_14_pct,band_pos,1,0.0032467532467532,0.0045416534502148,3,-0.1711870966036377,-0.071158473171634,4,0.75,0.8461300878295306,-0.00017973220503975,VKCO,,0.00017318266441529204
atr_14_pct,band_pos,1,0.0032467532467532,0.0045416534502148,3,-0.1711870966036377,-0.071158473171634,3,0.3333333333333333,0.19453596664009085,-0.0019685558581087003,YNDX,range_v0_aggressive,0.000129886998311469
atr_14_pct,band_pos,1,0.0032467532467532,0.0045416534502148,3,-0.1711870966036377,-0.071158473171634,3,0.3333333333333333,0.19453596664009085,-0.0019685558581087003,YNDX,range_v0_baseline,0.000129886998311469
atr_14_pct,band_pos,1,0.0032467532467532,0.0045416534502148,3,-0.1711870966036377,-0.071158473171634,3,0.3333333333333333,0.19453596664009085,-0.0019685558581087003,YNDX,range_v0_conservative,0.000129886998311469
atr_14_pct,band_pos,1,0.0032467532467532,0.0045416534502148,3,-0.1711870966036377,-0.071158473171634,3,0.3333333333333333,0.19453596664009085,-0.0019685558581087003,YNDX,range_v2_aggressive,0.000129886998311469
atr_14_pct,band_pos,1,0.0032467532467532,0.0045416534502148,3,-0.1711870966036377,-0.071158473171634,3,0.3333333333333333,0.19453596664009085,-0.0019685558581087003,YNDX,range_v2_balanced,0.000129886998311469
atr_14_pct,band_pos,1,0.0032467532467532,0.0045416534502148,3,-0.1711870966036377,-0.071158473171634,3,0.3333333333333333,0.19453596664009085,-0.0019685558581087003,YNDX,range_v2_conservative,0.000129886998311469
atr_14_pct,band_pos,1,0.0032467532467532,0.0045416534502148,3,-0.1711870966036377,-0.071158473171634,3,0.3333333333333333,0.19453596664009085,-0.0019685558581087003,YNDX,,0.000129886998311469
atr_14_pct,band_pos,1,0.0032467532467532,0.0045416534502148,4,-0.071158473171634,-0.0056471173799039,8,0.75,0.6881448304685213,-0.0007601164633590624,CHMF,range_v0_aggressive,0.0003463653288305841
atr_14_pct,band_pos,1,0.0032467532467532,0.0045416534502148,4,-0.071158473171634,-0.0056471173799039,8,0.75,0.6881448304685213,-0.0007601164633590624,CHMF,range_v0_baseline,0.0003463653288305841
atr_14_pct,band_pos,1,0.0032467532467532,0.0045416534502148,4,-0.071158473171634,-0.0056471173799039,8,0.75,0.6881448304685213,-0.0007601164633590624,CHMF,range_v0_conservative,0.0003463653288305841
atr_14_pct,band_pos,1,0.0032467532467532,0.0045416534502148,4,-0.071158473171634,-0.0056471173799039,8,0.75,0.6881448304685213,-0.0007601164633590624,CHMF,range_v2_aggressive,0.0003463653288305841
atr_14_pct,band_pos,1,0.0032467532467532,0.0045416534502148,4,-0.071158473171634,-0.0056471173799039,8,0.75,0.6881448304685213,-0.0007601164633590624,CHMF,range_v2_balanced,0.0003463653288305841
atr_14_pct,band_pos,1,0.0032467532467532,0.0045416534502148,4,-0.071158473171634,-0.0056471173799039,8,0.75,0.6881448304685213,-0.0007601164633590624,CHMF,range_v2_conservative,0.0003463653288305841
atr_14_pct,band_pos,1,0.0032467532467532,0.0045416534502148,4,-0.071158473171634,-0.0056471173799039,8,0.75,0.6881448304685213,-0.0007601164633590624,CHMF,,0.0003463653288305841
atr_14_pct,band_pos,1,0.0032467532467532,0.0045416534502148,4,-0.071158473171634,-0.0056471173799039,4,0.25,0.28268237989829453,-0.0014947770117431,GAZP,range_v0_aggressive,0.00017318266441529204
atr_14_pct,band_pos,1,0.0032467532467532,0.0045416534502148,4,-0.071158473171634,-0.0056471173799039,4,0.25,0.28268237989829453,-0.0014947770117431,GAZP,range_v0_baseline,0.00017318266441529204
atr_14_pct,band_pos,1,0.0032467532467532,0.0045416534502148,4,-0.071158473171634,-0.0056471173799039,4,0.25,0.28268237989829453,-0.0014947770117431,GAZP,range_v0_conservative,0.00017318266441529204
atr_14_pct,band_pos,1,0.0032467532467532,0.0045416534502148,4,-0.071158473171634,-0.0056471173799039,4,0.25,0.28268237989829453,-0.0014947770117431,GAZP,range_v2_aggressive,0.00017318266441529204
atr_14_pct,band_pos,1,0.0032467532467532,0.0045416534502148,4,-0.071158473171634,-0.0056471173799039,4,0.25,0.28268237989829453,-0.0014947770117431,GAZP,range_v2_balanced,0.00017318266441529204
atr_14_pct,band_pos,1,0.0032467532467532,0.0045416534502148,4,-0.071158473171634,-0.0056471173799039,4,0.25,0.28268237989829453,-0.0014947770117431,GAZP,range_v2_conservative,0.00017318266441529204
atr_14_pct,band_pos,1,0.0032467532467532,0.0045416534502148,4,-0.071158473171634,-0.0056471173799039,4,0.25,0.28268237989829453,-0.0014947770117431,GAZP,,0.00017318266441529204
atr_14_pct,band_pos,1,0.0032467532467532,0.0045416534502148,4,-0.071158473171634,-0.0056471173799039,2,0.0,0.0,-0.0028522739908619,GMKN,range_v0_aggressive,8.659133220764602e-05
atr_14_pct,band_pos,1,0.0032467532467532,0.0045416534502148,4,-0.071158473171634,-0.0056471173799039,2,0.0,0.0,-0.0028522739908619,GMKN,range_v0_baseline,8.659133220764602e-05
atr_14_pct,band_pos,1,0.0032467532467532,0.0045416534502148,4,-0.071158473171634,-0.0056471173799039,2,0.0,0.0,-0.0028522739908619,GMKN,range_v0_conservative,8.659133220764602e-05
atr_14_pct,band_pos,1,0.0032467532467532,0.0045416534502148,4,-0.071158473171634,-0.0056471173799039,2,0.0,0.0,-0.0028522739908619,GMKN,range_v2_aggressive,8.659133220764602e-05
atr_14_pct,band_pos,1,0.0032467532467532,0.0045416534502148,4,-0.071158473171634,-0.0056471173799039,2,0.0,0.0,-0.0028522739908619,GMKN,range_v2_balanced,8.659133220764602e-05
atr_14_pct,band_pos,1,0.0032467532467532,0.0045416534502148,4,-0.071158473171634,-0.0056471173799039,2,0.0,0.0,-0.0028522739908619,GMKN,range_v2_conservative,8.659133220764602e-05
atr_14_pct,band_pos,1,0.0032467532467532,0.0045416534502148,4,-0.071158473171634,-0.0056471173799039,2,0.0,0.0,-0.0028522739908619,GMKN,,8.659133220764602e-05
atr_14_pct,band_pos,1,0.0032467532467532,0.0045416534502148,4,-0.071158473171634,-0.0056471173799039,1,0.0,0.0,-0.0019168673965936,LKOH,range_v0_aggressive,4.329566610382301e-05
atr_14_pct,band_pos,1,0.0032467532467532,0.0045416534502148,4,-0.071158473171634,-0.0056471173799039,1,0.0,0.0,-0.0019168673965936,LKOH,range_v0_baseline,4.329566610382301e-05
atr_14_pct,band_pos,1,0.0032467532467532,0.0045416534502148,4,-0.071158473171634,-0.0056471173799039,1,0.0,0.0,-0.0019168673965936,LKOH,range_v0_conservative,4.329566610382301e-05
atr_14_pct,band_pos,1,0.0032467532467532,0.0045416534502148,4,-0.071158473171634,-0.0056471173799039,1,0.0,0.0,-0.0019168673965936,LKOH,range_v2_aggressive,4.329566610382301e-05
atr_14_pct,band_pos,1,0.0032467532467532,0.0045416534502148,4,-0.071158473171634,-0.0056471173799039,1,0.0,0.0,-0.0019168673965936,LKOH,range_v2_balanced,4.329566610382301e-05
atr_14_pct,band_pos,1,0.0032467532467532,0.0045416534502148,4,-0.071158473171634,-0.0056471173799039,1,0.0,0.0,-0.0019168673965936,LKOH,range_v2_conservative,4.329566610382301e-05
atr_14_pct,band_pos,1,0.0032467532467532,0.0045416534502148,4,-0.071158473171634,-0.0056471173799039,1,0.0,0.0,-0.0019168673965936,LKOH,,4.329566610382301e-05
atr_14_pct,band_pos,1,0.0032467532467532,0.0045416534502148,4,-0.071158473171634,-0.0056471173799039,6,0.3333333333333333,0.34902438002734043,-0.0013391569676868334,MGNT,range_v0_aggressive,0.000259773996622938
atr_14_pct,band_pos,1,0.0032467532467532,0.0045416534502148,4,-0.071158473171634,-0.0056471173799039,6,0.3333333333333333,0.34902438002734043,-0.0013391569676868334,MGNT,range_v0_baseline,0.000259773996622938
atr_14_pct,band_pos,1,0.0032467532467532,0.0045416534502148,4,-0.071158473171634,-0.0056471173799039,6,0.3333333333333333,0.34902438002734043,-0.0013391569676868334,MGNT,range_v0_conservative,0.000259773996622938
atr_14_pct,band_pos,1,0.0032467532467532,0.0045416534502148,4,-0.071158473171634,-0.0056471173799039,6,0.3333333333333333,0.34902438002734043,-0.0013391569676868334,MGNT,range_v2_aggressive,0.000259773996622938
atr_14_pct,band_pos,1,0.0032467532467532,0.0045416534502148,4,-0.071158473171634,-0.0056471173799039,6,0.3333333333333333,0.34902438002734043,-0.0013391569676868334,MGNT,range_v2_balanced,0.000259773996622938
atr_14_pct,band_pos,1,0.0032467532467532,0.0045416534502148,4,-0.071158473171634,-0.0056471173799039,6,0.3333333333333333,0.34902438002734043,-0.0013391569676868334,MGNT,range_v2_conservative,0.000259773996622938
atr_14_pct,band_pos,1,0.0032467532467532,0.0045416534502148,4,-0.071158473171634,-0.0056471173799039,6,0.3333333333333333,0.34902438002734043,-0.0013391569676868334,MGNT,,0.000259773996622938
atr_14_pct,band_pos,1,0.0032467532467532,0.0045416534502148,4,-0.071158473171634,-0.0056471173799039,8,0.25,0.22917048849614377,-0.0017119982344141374,MTSS,range_v0_aggressive,0.0003463653288305841
atr_14_pct,band_pos,1,0.0032467532467532,0.0045416534502148,4,-0.071158473171634,-0.0056471173799039,8,0.25,0.22917048849614377,-0.0017119982344141374,MTSS,range_v0_baseline,0.0003463653288305841
atr_14_pct,band_pos,1,0.0032467532467532,0.0045416534502148,4,-0.071158473171634,-0.0056471173799039,8,0.25,0.22917048849614377,-0.0017119982344141374,MTSS,range_v0_conservative,0.0003463653288305841
atr_14_pct,band_pos,1,0.0032467532467532,0.0045416534502148,4,-0.071158473171634,-0.0056471173799039,8,0.25,0.22917048849614377,-0.0017119982344141374,MTSS,range_v2_aggressive,0.0003463653288305841
atr_14_pct,band_pos,1,0.0032467532467532,0.0045416534502148,4,-0.071158473171634,-0.0056471173799039,8,0.25,0.22917048849614377,-0.0017119982344141374,MTSS,range_v2_balanced,0.0003463653288305841
atr_14_pct,band_pos,1,0.0032467532467532,0.0045416534502148,4,-0.071158473171634,-0.0056471173799039,8,0.25,0.22917048849614377,-0.0017119982344141374,MTSS,range_v2_conservative,0.0003463653288305841
atr_14_pct,band_pos,1,0.0032467532467532,0.0045416534502148,4,-0.071158473171634,-0.0056471173799039,8,0.25,0.22917048849614377,-0.0017119982344141374,MTSS,,0.0003463653288305841
atr_14_pct,band_pos,1,0.0032467532467532,0.0045416534502148,4,-0.071158473171634,-0.0056471173799039,5,0.8,3.85086389269107,0.0013271859932144998,NLMK,range_v0_aggressive,0.00021647833051911504
atr_14_pct,band_pos,1,0.0032467532467532,0.0045416534502148,4,-0.071158473171634,-0.0056471173799039,5,0.8,3.85086389269107,0.0013271859932144998,NLMK,range_v0_baseline,0.00021647833051911504
atr_14_pct,band_pos,1,0.0032467532467532,0.0045416534502148,4,-0.071158473171634,-0.0056471173799039,5,0.8,3.85086389269107,0.0013271859932144998,NLMK,range_v0_conservative,0.00021647833051911504
atr_14_pct,band_pos,1,0.0032467532467532,0.0045416534502148,4,-0.071158473171634,-0.0056471173799039,5,0.8,3.85086389269107,0.0013271859932144998,NLMK,range_v2_aggressive,0.00021647833051911504
atr_14_pct,band_pos,1,0.0032467532467532,0.0045416534502148,4,-0.071158473171634,-0.0056471173799039,5,0.8,3.85086389269107,0.0013271859932144998,NLMK,range_v2_balanced,0.00021647833051911504
atr_14_pct,band_pos,1,0.0032467532467532,0.0045416534502148,4,-0.071158473171634,-0.0056471173799039,5,0.8,3.85086389269107,0.0013271859932144998,NLMK,range_v2_conservative,0.00021647833051911504
atr_14_pct,band_pos,1,0.0032467532467532,0.0045416534502148,4,-0.071158473171634,-0.0056471173799039,5,0.8,3.85086389269107,0.0013271859932144998,NLMK,,0.00021647833051911504
atr_14_pct,band_pos,1,0.0032467532467532,0.0045416534502148,4,-0.071158473171634,-0.0056471173799039,16,0.25,0.26938548980831695,-0.001296803265923425,PIKK,range_v0_aggressive,0.0006927306576611682
atr_14_pct,band_pos,1,0.0032467532467532,0.0045416534502148,4,-0.071158473171634,-0.0056471173799039,16,0.25,0.26938548980831695,-0.001296803265923425,PIKK,range_v0_baseline,0.0006927306576611682
atr_14_pct,band_pos,1,0.0032467532467532,0.0045416534502148,4,-0.071158473171634,-0.0056471173799039,16,0.25,0.26938548980831695,-0.001296803265923425,PIKK,range_v0_conservative,0.0006927306576611682
atr_14_pct,band_pos,1,0.0032467532467532,0.0045416534502148,4,-0.071158473171634,-0.0056471173799039,16,0.25,0.26938548980831695,-0.001296803265923425,PIKK,range_v2_aggressive,0.0006927306576611682
atr_14_pct,band_pos,1,0.0032467532467532,0.0045416534502148,4,-0.071158473171634,-0.0056471173799039,16,0.25,0.26938548980831695,-0.001296803265923425,PIKK,range_v2_balanced,0.0006927306576611682
atr_14_pct,band_pos,1,0.0032467532467532,0.0045416534502148,4,-0.071158473171634,-0.0056471173799039,16,0.25,0.26938548980831695,-0.001296803265923425,PIKK,range_v2_conservative,0.0006927306576611682
atr_14_pct,band_pos,1,0.0032467532467532,0.0045416534502148,4,-0.071158473171634,-0.0056471173799039,16,0.25,0.26938548980831695,-0.001296803265923425,PIKK,,0.0006927306576611682
atr_14_pct,band_pos,1,0.0032467532467532,0.0045416534502148,4,-0.071158473171634,-0.0056471173799039,3,0.3333333333333333,0.1490397090976028,-0.0033336580639437667,PLZL,range_v0_aggressive,0.000129886998311469
atr_14_pct,band_pos,1,0.0032467532467532,0.0045416534502148,4,-0.071158473171634,-0.0056471173799039,3,0.3333333333333333,0.1490397090976028,-0.0033336580639437667,PLZL,range_v0_baseline,0.000129886998311469
atr_14_pct,band_pos,1,0.0032467532467532,0.0045416534502148,4,-0.071158473171634,-0.0056471173799039,3,0.3333333333333333,0.1490397090976028,-0.0033336580639437667,PLZL,range_v0_conservative,0.000129886998311469
atr_14_pct,band_pos,1,0.0032467532467532,0.0045416534502148,4,-0.071158473171634,-0.0056471173799039,3,0.3333333333333333,0.1490397090976028,-0.0033336580639437667,PLZL,range_v2_aggressive,0.000129886998311469
atr_14_pct,band_pos,1,0.0032467532467532,0.0045416534502148,4,-0.071158473171634,-0.0056471173799039,3,0.3333333333333333,0.1490397090976028,-0.0033336580639437667,PLZL,range_v2_balanced,0.000129886998311469
atr_14_pct,band_pos,1,0.0032467532467532,0.0045416534502148,4,-0.071158473171634,-0.0056471173799039,3,0.3333333333333333,0.1490397090976028,-0.0033336580639437667,PLZL,range_v2_conservative,0.000129886998311469
atr_14_pct,band_pos,1,0.0032467532467532,0.0045416534502148,4,-0.071158473171634,-0.0056471173799039,3,0.3333333333333333,0.1490397090976028,-0.0033336580639437667,PLZL,,0.000129886998311469
atr_14_pct,band_pos,1,0.0032467532467532,0.0045416534502148,4,-0.071158473171634,-0.0056471173799039,4,0.0,0.0,-0.002747258829319575,ROSN,range_v0_aggressive,0.00017318266441529204
atr_14_pct,band_pos,1,0.0032467532467532,0.0045416534502148,4,-0.071158473171634,-0.0056471173799039,4,0.0,0.0,-0.002747258829319575,ROSN,range_v0_baseline,0.00017318266441529204
atr_14_pct,band_pos,1,0.0032467532467532,0.0045416534502148,4,-0.071158473171634,-0.0056471173799039,4,0.0,0.0,-0.002747258829319575,ROSN,range_v0_conservative,0.00017318266441529204
atr_14_pct,band_pos,1,0.0032467532467532,0.0045416534502148,4,-0.071158473171634,-0.0056471173799039,4,0.0,0.0,-0.002747258829319575,ROSN,range_v2_aggressive,0.00017318266441529204
atr_14_pct,band_pos,1,0.0032467532467532,0.0045416534502148,4,-0.071158473171634,-0.0056471173799039,4,0.0,0.0,-0.002747258829319575,ROSN,range_v2_balanced,0.00017318266441529204
atr_14_pct,band_pos,1,0.0032467532467532,0.0045416534502148,4,-0.071158473171634,-0.0056471173799039,4,0.0,0.0,-0.002747258829319575,ROSN,range_v2_conservative,0.00017318266441529204
atr_14_pct,band_pos,1,0.0032467532467532,0.0045416534502148,4,-0.071158473171634,-0.0056471173799039,4,0.0,0.0,-0.002747258829319575,ROSN,,0.00017318266441529204
atr_14_pct,band_pos,1,0.0032467532467532,0.0045416534502148,4,-0.071158473171634,-0.0056471173799039,3,0.6666666666666666,1.390473380509549,0.00037033843708769997,SBER,range_v0_aggressive,0.000129886998311469
atr_14_pct,band_pos,1,0.0032467532467532,0.0045416534502148,4,-0.071158473171634,-0.0056471173799039,3,0.6666666666666666,1.390473380509549,0.00037033843708769997,SBER,range_v0_baseline,0.000129886998311469
atr_14_pct,band_pos,1,0.0032467532467532,0.0045416534502148,4,-0.071158473171634,-0.0056471173799039,3,0.6666666666666666,1.390473380509549,0.00037033843708769997,SBER,range_v0_conservative,0.000129886998311469
atr_14_pct,band_pos,1,0.0032467532467532,0.0045416534502148,4,-0.071158473171634,-0.0056471173799039,15,0.5333333333333333,1.2108470844252177,0.00014905156542220882,SBER,range_v2_aggressive,0.0006494349915573451
atr_14_pct,band_pos,1,0.0032467532467532,0.0045416534502148,4,-0.071158473171634,-0.0056471173799039,40,0.425,0.9318562738742978,-3.974140918843953e-05,SBER,range_v2_balanced,0.0017318266441529204
atr_14_pct,band_pos,1,0.0032467532467532,0.0045416534502148,4,-0.071158473171634,-0.0056471173799039,3,0.6666666666666666,1.390473380509549,0.00037033843708769997,SBER,range_v2_conservative,0.000129886998311469
atr_14_pct,band_pos,1,0.0032467532467532,0.0045416534502148,4,-0.071158473171634,-0.0056471173799039,6,0.6666666666666666,1.390473380509549,0.00037033843708769997,SBER,,0.000259773996622938
atr_14_pct,band_pos,1,0.0032467532467532,0.0045416534502148,4,-0.071158473171634,-0.0056471173799039,1,0.0,0.0,-0.0032589205944797,SNGS,range_v0_aggressive,4.329566610382301e-05
atr_14_pct,band_pos,1,0.0032467532467532,0.0045416534502148,4,-0.071158473171634,-0.0056471173799039,1,0.0,0.0,-0.0032589205944797,SNGS,range_v0_baseline,4.329566610382301e-05
atr_14_pct,band_pos,1,0.0032467532467532,0.0045416534502148,4,-0.071158473171634,-0.0056471173799039,1,0.0,0.0,-0.0032589205944797,SNGS,range_v0_conservative,4.329566610382301e-05
atr_14_pct,band_pos,1,0.0032467532467532,0.0045416534502148,4,-0.071158473171634,-0.0056471173799039,1,0.0,0.0,-0.0032589205944797,SNGS,range_v2_aggressive,4.329566610382301e-05
atr_14_pct,band_pos,1,0.0032467532467532,0.0045416534502148,4,-0.071158473171634,-0.0056471173799039,1,0.0,0.0,-0.0032589205944797,SNGS,range_v2_balanced,4.329566610382301e-05
atr_14_pct,band_pos,1,0.0032467532467532,0.0045416534502148,4,-0.071158473171634,-0.0056471173799039,1,0.0,0.0,-0.0032589205944797,SNGS,range_v2_conservative,4.329566610382301e-05
atr_14_pct,band_pos,1,0.0032467532467532,0.0045416534502148,4,-0.071158473171634,-0.0056471173799039,1,0.0,0.0,-0.0032589205944797,SNGS,,4.329566610382301e-05
atr_14_pct,band_pos,1,0.0032467532467532,0.0045416534502148,4,-0.071158473171634,-0.0056471173799039,13,0.3076923076923077,0.31725385149491153,-0.0011517542812042613,TATN,range_v0_aggressive,0.0005628436593496991
atr_14_pct,band_pos,1,0.0032467532467532,0.0045416534502148,4,-0.071158473171634,-0.0056471173799039,13,0.3076923076923077,0.31725385149491153,-0.0011517542812042613,TATN,range_v0_baseline,0.0005628436593496991
atr_14_pct,band_pos,1,0.0032467532467532,0.0045416534502148,4,-0.071158473171634,-0.0056471173799039,13,0.3076923076923077,0.31725385149491153,-0.0011517542812042613,TATN,range_v0_conservative,0.0005628436593496991
atr_14_pct,band_pos,1,0.0032467532467532,0.0045416534502148,4,-0.071158473171634,-0.0056471173799039,13,0.3076923076923077,0.31725385149491153,-0.0011517542812042613,TATN,range_v2_aggressive,0.0005628436593496991
atr_14_pct,band_pos,1,0.0032467532467532,0.0045416534502148,4,-0.071158473171634,-0.0056471173799039,13,0.3076923076923077,0.31725385149491153,-0.0011517542812042613,TATN,range_v2_balanced,0.0005628436593496991
atr_14_pct,band_pos,1,0.0032467532467532,0.0045416534502148,4,-0.071158473171634,-0.0056471173799039,13,0.3076923076923077,0.31725385149491153,-0.0011517542812042613,TATN,range_v2_conservative,0.0005628436593496991
atr_14_pct,band_pos,1,0.0032467532467532,0.0045416534502148,4,-0.071158473171634,-0.0056471173799039,13,0.3076923076923077,0.31725385149491153,-0.0011517542812042613,TATN,,0.0005628436593496991
atr_14_pct,band_pos,1,0.0032467532467532,0.0045416534502148,4,-0.071158473171634,-0.0056471173799039,2,0.0,0.0,-0.0025093464580708998,YNDX,range_v0_aggressive,8.659133220764602e-05
atr_14_pct,band_pos,1,0.0032467532467532,0.0045416534502148,4,-0.071158473171634,-0.0056471173799039,2,0.0,0.0,-0.0025093464580708998,YNDX,range_v0_baseline,8.659133220764602e-05
atr_14_pct,band_pos,1,0.0032467532467532,0.0045416534502148,4,-0.071158473171634,-0.0056471173799039,2,0.0,0.0,-0.0025093464580708998,YNDX,range_v0_conservative,8.659133220764602e-05
atr_14_pct,band_pos,1,0.0032467532467532,0.0045416534502148,4,-0.071158473171634,-0.0056471173799039,2,0.0,0.0,-0.0025093464580708998,YNDX,range_v2_aggressive,8.659133220764602e-05
atr_14_pct,band_pos,1,0.0032467532467532,0.0045416534502148,4,-0.071158473171634,-0.0056471173799039,2,0.0,0.0,-0.0025093464580708998,YNDX,range_v2_balanced,8.659133220764602e-05
atr_14_pct,band_pos,1,0.0032467532467532,0.0045416534502148,4,-0.071158473171634,-0.0056471173799039,2,0.0,0.0,-0.0025093464580708998,YNDX,range_v2_conservative,8.659133220764602e-05
atr_14_pct,band_pos,1,0.0032467532467532,0.0045416534502148,4,-0.071158473171634,-0.0056471173799039,2,0.0,0.0,-0.0025093464580708998,YNDX,,8.659133220764602e-05
atr_14_pct,band_pos,1,0.0032467532467532,0.0045416534502148,5,-0.0056471173799039,0.4996513928999424,6,0.0,0.0,-0.002243264530090767,CHMF,range_v0_aggressive,0.000259773996622938
atr_14_pct,band_pos,1,0.0032467532467532,0.0045416534502148,5,-0.0056471173799039,0.4996513928999424,6,0.0,0.0,-0.002243264530090767,CHMF,range_v0_baseline,0.000259773996622938
atr_14_pct,band_pos,1,0.0032467532467532,0.0045416534502148,5,-0.0056471173799039,0.4996513928999424,6,0.0,0.0,-0.002243264530090767,CHMF,range_v0_conservative,0.000259773996622938
atr_14_pct,band_pos,1,0.0032467532467532,0.0045416534502148,5,-0.0056471173799039,0.4996513928999424,6,0.0,0.0,-0.002243264530090767,CHMF,range_v2_aggressive,0.000259773996622938
atr_14_pct,band_pos,1,0.0032467532467532,0.0045416534502148,5,-0.0056471173799039,0.4996513928999424,6,0.0,0.0,-0.002243264530090767,CHMF,range_v2_balanced,0.000259773996622938
atr_14_pct,band_pos,1,0.0032467532467532,0.0045416534502148,5,-0.0056471173799039,0.4996513928999424,6,0.0,0.0,-0.002243264530090767,CHMF,range_v2_conservative,0.000259773996622938
atr_14_pct,band_pos,1,0.0032467532467532,0.0045416534502148,5,-0.0056471173799039,0.4996513928999424,6,0.0,0.0,-0.002243264530090767,CHMF,,0.000259773996622938
atr_14_pct,band_pos,1,0.0032467532467532,0.0045416534502148,5,-0.0056471173799039,0.4996513928999424,2,0.5,1.1146061137901166,0.00011048900523234989,GAZP,range_v0_aggressive,8.659133220764602e-05
atr_14_pct,band_pos,1,0.0032467532467532,0.0045416534502148,5,-0.0056471173799039,0.4996513928999424,2,0.5,1.1146061137901166,0.00011048900523234989,GAZP,range_v0_baseline,8.659133220764602e-05
atr_14_pct,band_pos,1,0.0032467532467532,0.0045416534502148,5,-0.0056471173799039,0.4996513928999424,2,0.5,1.1146061137901166,0.00011048900523234989,GAZP,range_v0_conservative,8.659133220764602e-05
atr_14_pct,band_pos,1,0.0032467532467532,0.0045416534502148,5,-0.0056471173799039,0.4996513928999424,2,0.5,1.1146061137901166,0.00011048900523234989,GAZP,range_v2_aggressive,8.659133220764602e-05
atr_14_pct,band_pos,1,0.0032467532467532,0.0045416534502148,5,-0.0056471173799039,0.4996513928999424,2,0.5,1.1146061137901166,0.00011048900523234989,GAZP,range_v2_balanced,8.659133220764602e-05
atr_14_pct,band_pos,1,0.0032467532467532,0.0045416534502148,5,-0.0056471173799039,0.4996513928999424,2,0.5,1.1146061137901166,0.00011048900523234989,GAZP,range_v2_conservative,8.659133220764602e-05
atr_14_pct,band_pos,1,0.0032467532467532,0.0045416534502148,5,-0.0056471173799039,0.4996513928999424,2,0.5,1.1146061137901166,0.00011048900523234989,GAZP,,8.659133220764602e-05
atr_14_pct,band_pos,1,0.0032467532467532,0.0045416534502148,5,-0.0056471173799039,0.4996513928999424,5,0.4,0.94914819274315,-7.681118832321993e-05,GMKN,range_v0_aggressive,0.00021647833051911504
atr_14_pct,band_pos,1,0.0032467532467532,0.0045416534502148,5,-0.0056471173799039,0.4996513928999424,5,0.4,0.94914819274315,-7.681118832321993e-05,GMKN,range_v0_baseline,0.00021647833051911504
atr_14_pct,band_pos,1,0.0032467532467532,0.0045416534502148,5,-0.0056471173799039,0.4996513928999424,5,0.4,0.94914819274315,-7.681118832321993e-05,GMKN,range_v0_conservative,0.00021647833051911504
atr_14_pct,band_pos,1,0.0032467532467532,0.0045416534502148,5,-0.0056471173799039,0.4996513928999424,5,0.4,0.94914819274315,-7.681118832321993e-05,GMKN,range_v2_aggressive,0.00021647833051911504
atr_14_pct,band_pos,1,0.0032467532467532,0.0045416534502148,5,-0.0056471173799039,0.4996513928999424,5,0.4,0.94914819274315,-7.681118832321993e-05,GMKN,range_v2_balanced,0.00021647833051911504
atr_14_pct,band_pos,1,0.0032467532467532,0.0045416534502148,5,-0.0056471173799039,0.4996513928999424,5,0.4,0.94914819274315,-7.681118832321993e-05,GMKN,range_v2_conservative,0.00021647833051911504
atr_14_pct,band_pos,1,0.0032467532467532,0.0045416534502148,5,-0.0056471173799039,0.4996513928999424,5,0.4,0.94914819274315,-7.681118832321993e-05,GMKN,,0.00021647833051911504
atr_14_pct,band_pos,1,0.0032467532467532,0.0045416534502148,5,-0.0056471173799039,0.4996513928999424,3,0.3333333333333333,0.04508022367207755,-0.0022650473138988666,LKOH,range_v0_aggressive,0.000129886998311469
atr_14_pct,band_pos,1,0.0032467532467532,0.0045416534502148,5,-0.0056471173799039,0.4996513928999424,3,0.3333333333333333,0.04508022367207755,-0.0022650473138988666,LKOH,range_v0_baseline,0.000129886998311469
atr_14_pct,band_pos,1,0.0032467532467532,0.0045416534502148,5,-0.0056471173799039,0.4996513928999424,3,0.3333333333333333,0.04508022367207755,-0.0022650473138988666,LKOH,range_v0_conservative,0.000129886998311469
atr_14_pct,band_pos,1,0.0032467532467532,0.0045416534502148,5,-0.0056471173799039,0.4996513928999424,3,0.3333333333333333,0.04508022367207755,-0.0022650473138988666,LKOH,range_v2_aggressive,0.000129886998311469
atr_14_pct,band_pos,1,0.0032467532467532,0.0045416534502148,5,-0.0056471173799039,0.4996513928999424,3,0.3333333333333333,0.04508022367207755,-0.0022650473138988666,LKOH,range_v2_balanced,0.000129886998311469
atr_14_pct,band_pos,1,0.0032467532467532,0.0045416534502148,5,-0.0056471173799039,0.4996513928999424,3,0.3333333333333333,0.04508022367207755,-0.0022650473138988666,LKOH,range_v2_conservative,0.000129886998311469
atr_14_pct,band_pos,1,0.0032467532467532,0.0045416534502148,5,-0.0056471173799039,0.4996513928999424,3,0.3333333333333333,0.04508022367207755,-0.0022650473138988666,LKOH,,0.000129886998311469
atr_14_pct,band_pos,1,0.0032467532467532,0.0045416534502148,5,-0.0056471173799039,0.4996513928999424,7,0.2857142857142857,0.2479019053541157,-0.0014962272279165003,MGNT,range_v0_aggressive,0.00030306966272676105
atr_14_pct,band_pos,1,0.0032467532467532,0.0045416534502148,5,-0.0056471173799039,0.4996513928999424,7,0.2857142857142857,0.2479019053541157,-0.0014962272279165003,MGNT,range_v0_baseline,0.00030306966272676105
atr_14_pct,band_pos,1,0.0032467532467532,0.0045416534502148,5,-0.0056471173799039,0.4996513928999424,7,0.2857142857142857,0.2479019053541157,-0.0014962272279165003,MGNT,range_v0_conservative,0.00030306966272676105
atr_14_pct,band_pos,1,0.0032467532467532,0.0045416534502148,5,-0.0056471173799039,0.4996513928999424,7,0.2857142857142857,0.2479019053541157,-0.0014962272279165003,MGNT,range_v2_aggressive,0.00030306966272676105
atr_14_pct,band_pos,1,0.0032467532467532,0.0045416534502148,5,-0.0056471173799039,0.4996513928999424,7,0.2857142857142857,0.2479019053541157,-0.0014962272279165003,MGNT,range_v2_balanced,0.00030306966272676105
atr_14_pct,band_pos,1,0.0032467532467532,0.0045416534502148,5,-0.0056471173799039,0.4996513928999424,7,0.2857142857142857,0.2479019053541157,-0.0014962272279165003,MGNT,range_v2_conservative,0.00030306966272676105
atr_14_pct,band_pos,1,0.0032467532467532,0.0045416534502148,5,-0.0056471173799039,0.4996513928999424,7,0.2857142857142857,0.2479019053541157,-0.0014962272279165003,MGNT,,0.00030306966272676105
atr_14_pct,band_pos,1,0.0032467532467532,0.0045416534502148,5,-0.0056471173799039,0.4996513928999424,7,0.42857142857142855,0.38427266533807625,-0.0006760424807127142,MTSS,range_v0_aggressive,0.00030306966272676105
atr_14_pct,band_pos,1,0.0032467532467532,0.0045416534502148,5,-0.0056471173799039,0.4996513928999424,7,0.42857142857142855,0.38427266533807625,-0.0006760424807127142,MTSS,range_v0_baseline,0.00030306966272676105
atr_14_pct,band_pos,1,0.0032467532467532,0.0045416534502148,5,-0.0056471173799039,0.4996513928999424,7,0.42857142857142855,0.38427266533807625,-0.0006760424807127142,MTSS,range_v0_conservative,0.00030306966272676105
atr_14_pct,band_pos,1,0.0032467532467532,0.0045416534502148,5,-0.0056471173799039,0.4996513928999424,7,0.42857142857142855,0.38427266533807625,-0.0006760424807127142,MTSS,range_v2_aggressive,0.00030306966272676105
atr_14_pct,band_pos,1,0.0032467532467532,0.0045416534502148,5,-0.0056471173799039,0.4996513928999424,7,0.42857142857142855,0.38427266533807625,-0.0006760424807127142,MTSS,range_v2_balanced,0.00030306966272676105
atr_14_pct,band_pos,1,0.0032467532467532,0.0045416534502148,5,-0.0056471173799039,0.4996513928999424,7,0.42857142857142855,0.38427266533807625,-0.0006760424807127142,MTSS,range_v2_conservative,0.00030306966272676105
atr_14_pct,band_pos,1,0.0032467532467532,0.0045416534502148,5,-0.0056471173799039,0.4996513928999424,7,0.42857142857142855,0.38427266533807625,-0.0006760424807127142,MTSS,,0.00030306966272676105
atr_14_pct,band_pos,1,0.0032467532467532,0.0045416534502148,5,-0.0056471173799039,0.4996513928999424,5,0.2,0.19154033650965346,-0.00135864790168634,NLMK,range_v0_aggressive,0.00021647833051911504
atr_14_pct,band_pos,1,0.0032467532467532,0.0045416534502148,5,-0.0056471173799039,0.4996513928999424,5,0.2,0.19154033650965346,-0.00135864790168634,NLMK,range_v0_baseline,0.00021647833051911504
atr_14_pct,band_pos,1,0.0032467532467532,0.0045416534502148,5,-0.0056471173799039,0.4996513928999424,5,0.2,0.19154033650965346,-0.00135864790168634,NLMK,range_v0_conservative,0.00021647833051911504
atr_14_pct,band_pos,1,0.0032467532467532,0.0045416534502148,5,-0.0056471173799039,0.4996513928999424,5,0.2,0.19154033650965346,-0.00135864790168634,NLMK,range_v2_aggressive,0.00021647833051911504
atr_14_pct,band_pos,1,0.0032467532467532,0.0045416534502148,5,-0.0056471173799039,0.4996513928999424,5,0.2,0.19154033650965346,-0.00135864790168634,NLMK,range_v2_balanced,0.00021647833051911504
atr_14_pct,band_pos,1,0.0032467532467532,0.0045416534502148,5,-0.0056471173799039,0.4996513928999424,5,0.2,0.19154033650965346,-0.00135864790168634,NLMK,range_v2_conservative,0.00021647833051911504
atr_14_pct,band_pos,1,0.0032467532467532,0.0045416534502148,5,-0.0056471173799039,0.4996513928999424,5,0.2,0.19154033650965346,-0.00135864790168634,NLMK,,0.00021647833051911504
atr_14_pct,band_pos,1,0.0032467532467532,0.0045416534502148,5,-0.0056471173799039,0.4996513928999424,16,0.375,0.34567633552792487,-0.00077802685992065,PIKK,range_v0_aggressive,0.0006927306576611682
atr_14_pct,band_pos,1,0.0032467532467532,0.0045416534502148,5,-0.0056471173799039,0.4996513928999424,16,0.375,0.34567633552792487,-0.00077802685992065,PIKK,range_v0_baseline,0.0006927306576611682
atr_14_pct,band_pos,1,0.0032467532467532,0.0045416534502148,5,-0.0056471173799039,0.4996513928999424,16,0.375,0.34567633552792487,-0.00077802685992065,PIKK,range_v0_conservative,0.0006927306576611682
atr_14_pct,band_pos,1,0.0032467532467532,0.0045416534502148,5,-0.0056471173799039,0.4996513928999424,16,0.375,0.34567633552792487,-0.00077802685992065,PIKK,range_v2_aggressive,0.0006927306576611682
atr_14_pct,band_pos,1,0.0032467532467532,0.0045416534502148,5,-0.0056471173799039,0.4996513928999424,16,0.375,0.34567633552792487,-0.00077802685992065,PIKK,range_v2_balanced,0.0006927306576611682
atr_14_pct,band_pos,1,0.0032467532467532,0.0045416534502148,5,-0.0056471173799039,0.4996513928999424,16,0.375,0.34567633552792487,-0.00077802685992065,PIKK,range_v2_conservative,0.0006927306576611682
atr_14_pct,band_pos,1,0.0032467532467532,0.0045416534502148,5,-0.0056471173799039,0.4996513928999424,16,0.375,0.34567633552792487,-0.00077802685992065,PIKK,,0.0006927306576611682
atr_14_pct,band_pos,1,0.0032467532467532,0.0045416534502148,5,-0.0056471173799039,0.4996513928999424,5,0.4,0.32910587115286594,-0.0008029743535393601,PLZL,range_v0_aggressive,0.00021647833051911504
atr_14_pct,band_pos,1,0.0032467532467532,0.0045416534502148,5,-0.0056471173799039,0.4996513928999424,5,0.4,0.32910587115286594,-0.0008029743535393601,PLZL,range_v0_baseline,0.00021647833051911504
atr_14_pct,band_pos,1,0.0032467532467532,0.0045416534502148,5,-0.0056471173799039,0.4996513928999424,5,0.4,0.32910587115286594,-0.0008029743535393601,PLZL,range_v0_conservative,0.00021647833051911504
atr_14_pct,band_pos,1,0.0032467532467532,0.0045416534502148,5,-0.0056471173799039,0.4996513928999424,5,0.4,0.32910587115286594,-0.0008029743535393601,PLZL,range_v2_aggressive,0.00021647833051911504
atr_14_pct,band_pos,1,0.0032467532467532,0.0045416534502148,5,-0.0056471173799039,0.4996513928999424,5,0.4,0.32910587115286594,-0.0008029743535393601,PLZL,range_v2_balanced,0.00021647833051911504
atr_14_pct,band_pos,1,0.0032467532467532,0.0045416534502148,5,-0.0056471173799039,0.4996513928999424,5,0.4,0.32910587115286594,-0.0008029743535393601,PLZL,range_v2_conservative,0.00021647833051911504
atr_14_pct,band_pos,1,0.0032467532467532,0.0045416534502148,5,-0.0056471173799039,0.4996513928999424,5,0.4,0.32910587115286594,-0.0008029743535393601,PLZL,,0.00021647833051911504
atr_14_pct,band_pos,1,0.0032467532467532,0.0045416534502148,5,-0.0056471173799039,0.4996513928999424,4,0.5,0.15959189231752802,-0.0007447853814345085,ROSN,range_v0_aggressive,0.00017318266441529204
atr_14_pct,band_pos,1,0.0032467532467532,0.0045416534502148,5,-0.0056471173799039,0.4996513928999424,4,0.5,0.15959189231752802,-0.0007447853814345085,ROSN,range_v0_baseline,0.00017318266441529204
atr_14_pct,band_pos,1,0.0032467532467532,0.0045416534502148,5,-0.0056471173799039,0.4996513928999424,4,0.5,0.15959189231752802,-0.0007447853814345085,ROSN,range_v0_conservative,0.00017318266441529204
atr_14_pct,band_pos,1,0.0032467532467532,0.0045416534502148,5,-0.0056471173799039,0.4996513928999424,4,0.5,0.15959189231752802,-0.0007447853814345085,ROSN,range_v2_aggressive,0.00017318266441529204
atr_14_pct,band_pos,1,0.0032467532467532,0.0045416534502148,5,-0.0056471173799039,0.4996513928999424,4,0.5,0.15959189231752802,-0.0007447853814345085,ROSN,range_v2_balanced,0.00017318266441529204
atr_14_pct,band_pos,1,0.0032467532467532,0.0045416534502148,5,-0.0056471173799039,0.4996513928999424,4,0.5,0.15959189231752802,-0.0007447853814345085,ROSN,range_v2_conservative,0.00017318266441529204
atr_14_pct,band_pos,1,0.0032467532467532,0.0045416534502148,5,-0.0056471173799039,0.4996513928999424,4,0.5,0.15959189231752802,-0.0007447853814345085,ROSN,,0.00017318266441529204
atr_14_pct,band_pos,1,0.0032467532467532,0.0045416534502148,5,-0.0056471173799039,0.4996513928999424,1,1.0,inf,0.0010637743884892,SBER,range_v0_aggressive,4.329566610382301e-05
atr_14_pct,band_pos,1,0.0032467532467532,0.0045416534502148,5,-0.0056471173799039,0.4996513928999424,1,1.0,inf,0.0010637743884892,SBER,range_v0_baseline,4.329566610382301e-05
atr_14_pct,band_pos,1,0.0032467532467532,0.0045416534502148,5,-0.0056471173799039,0.4996513928999424,1,1.0,inf,0.0010637743884892,SBER,range_v0_conservative,4.329566610382301e-05
atr_14_pct,band_pos,1,0.0032467532467532,0.0045416534502148,5,-0.0056471173799039,0.4996513928999424,23,0.4782608695652174,0.6849372316883786,-0.00030249834516889125,SBER,range_v2_aggressive,0.000995800320387929
atr_14_pct,band_pos,1,0.0032467532467532,0.0045416534502148,5,-0.0056471173799039,0.4996513928999424,57,0.45614035087719296,0.6146093657095649,-0.00028818123708063695,SBER,range_v2_balanced,0.0024678529679179116
atr_14_pct,band_pos,1,0.0032467532467532,0.0045416534502148,5,-0.0056471173799039,0.4996513928999424,49,0.32653061224489793,0.24792250611162556,-0.0005842115152802552,SBER,range_v2_conservative,0.0021214876390873274
atr_14_pct,band_pos,1,0.0032467532467532,0.0045416534502148,5,-0.0056471173799039,0.4996513928999424,2,1.0,inf,0.0010637743884892,SBER,,8.659133220764602e-05
atr_14_pct,band_pos,1,0.0032467532467532,0.0045416534502148,5,-0.0056471173799039,0.4996513928999424,3,0.3333333333333333,0.03030033789633572,-0.0014153741291045333,SNGS,range_v0_aggressive,0.000129886998311469
atr_14_pct,band_pos,1,0.0032467532467532,0.0045416534502148,5,-0.0056471173799039,0.4996513928999424,3,0.3333333333333333,0.03030033789633572,-0.0014153741291045333,SNGS,range_v0_baseline,0.000129886998311469
atr_14_pct,band_pos,1,0.0032467532467532,0.0045416534502148,5,-0.0056471173799039,0.4996513928999424,3,0.3333333333333333,0.03030033789633572,-0.0014153741291045333,SNGS,range_v0_conservative,0.000129886998311469
atr_14_pct,band_pos,1,0.0032467532467532,0.0045416534502148,5,-0.0056471173799039,0.4996513928999424,3,0.3333333333333333,0.03030033789633572,-0.0014153741291045333,SNGS,range_v2_aggressive,0.000129886998311469
atr_14_pct,band_pos,1,0.0032467532467532,0.0045416534502148,5,-0.0056471173799039,0.4996513928999424,3,0.3333333333333333,0.03030033789633572,-0.0014153741291045333,SNGS,range_v2_balanced,0.000129886998311469
atr_14_pct,band_pos,1,0.0032467532467532,0.0045416534502148,5,-0.0056471173799039,0.4996513928999424,3,0.3333333333333333,0.03030033789633572,-0.0014153741291045333,SNGS,range_v2_conservative,0.000129886998311469
atr_14_pct,band_pos,1,0.0032467532467532,0.0045416534502148,5,-0.0056471173799039,0.4996513928999424,3,0.3333333333333333,0.03030033789633572,-0.0014153741291045333,SNGS,,0.000129886998311469
atr_14_pct,band_pos,1,0.0032467532467532,0.0045416534502148,5,-0.0056471173799039,0.4996513928999424,17,0.4117647058823529,0.5366067244079427,-0.0005345838993148768,TATN,range_v0_aggressive,0.0007360263237649911
atr_14_pct,band_pos,1,0.0032467532467532,0.0045416534502148,5,-0.0056471173799039,0.4996513928999424,17,0.4117647058823529,0.5366067244079427,-0.0005345838993148768,TATN,range_v0_baseline,0.0007360263237649911
atr_14_pct,band_pos,1,0.0032467532467532,0.0045416534502148,5,-0.0056471173799039,0.4996513928999424,17,0.4117647058823529,0.5366067244079427,-0.0005345838993148768,TATN,range_v0_conservative,0.0007360263237649911
atr_14_pct,band_pos,1,0.0032467532467532,0.0045416534502148,5,-0.0056471173799039,0.4996513928999424,17,0.4117647058823529,0.5366067244079427,-0.0005345838993148768,TATN,range_v2_aggressive,0.0007360263237649911
atr_14_pct,band_pos,1,0.0032467532467532,0.0045416534502148,5,-0.0056471173799039,0.4996513928999424,17,0.4117647058823529,0.5366067244079427,-0.0005345838993148768,TATN,range_v2_balanced,0.0007360263237649911
atr_14_pct,band_pos,1,0.0032467532467532,0.0045416534502148,5,-0.0056471173799039,0.4996513928999424,17,0.4117647058823529,0.5366067244079427,-0.0005345838993148768,TATN,range_v2_conservative,0.0007360263237649911
atr_14_pct,band_pos,1,0.0032467532467532,0.0045416534502148,5,-0.0056471173799039,0.4996513928999424,17,0.4117647058823529,0.5366067244079427,-0.0005345838993148768,TATN,,0.0007360263237649911
atr_14_pct,band_pos,1,0.0032467532467532,0.0045416534502148,5,-0.0056471173799039,0.4996513928999424,1,0.0,0.0,-0.0004438952380952,VKCO,range_v0_aggressive,4.329566610382301e-05
atr_14_pct,band_pos,1,0.0032467532467532,0.0045416534502148,5,-0.0056471173799039,0.4996513928999424,1,0.0,0.0,-0.0004438952380952,VKCO,range_v0_baseline,4.329566610382301e-05
atr_14_pct,band_pos,1,0.0032467532467532,0.0045416534502148,5,-0.0056471173799039,0.4996513928999424,1,0.0,0.0,-0.0004438952380952,VKCO,range_v0_conservative,4.329566610382301e-05
atr_14_pct,band_pos,1,0.0032467532467532,0.0045416534502148,5,-0.0056471173799039,0.4996513928999424,1,0.0,0.0,-0.0004438952380952,VKCO,range_v2_aggressive,4.329566610382301e-05
atr_14_pct,band_pos,1,0.0032467532467532,0.0045416534502148,5,-0.0056471173799039,0.4996513928999424,1,0.0,0.0,-0.0004438952380952,VKCO,range_v2_balanced,4.329566610382301e-05
atr_14_pct,band_pos,1,0.0032467532467532,0.0045416534502148,5,-0.0056471173799039,0.4996513928999424,1,0.0,0.0,-0.0004438952380952,VKCO,range_v2_conservative,4.329566610382301e-05
atr_14_pct,band_pos,1,0.0032467532467532,0.0045416534502148,5,-0.0056471173799039,0.4996513928999424,1,0.0,0.0,-0.0004438952380952,VKCO,,4.329566610382301e-05
atr_14_pct,band_pos,1,0.0032467532467532,0.0045416534502148,5,-0.0056471173799039,0.4996513928999424,2,0.5,1.8542527363272423,0.00014295988433785,YNDX,range_v0_aggressive,8.659133220764602e-05
atr_14_pct,band_pos,1,0.0032467532467532,0.0045416534502148,5,-0.0056471173799039,0.4996513928999424,2,0.5,1.8542527363272423,0.00014295988433785,YNDX,range_v0_baseline,8.659133220764602e-05
atr_14_pct,band_pos,1,0.0032467532467532,0.0045416534502148,5,-0.0056471173799039,0.4996513928999424,2,0.5,1.8542527363272423,0.00014295988433785,YNDX,range_v0_conservative,8.659133220764602e-05
atr_14_pct,band_pos,1,0.0032467532467532,0.0045416534502148,5,-0.0056471173799039,0.4996513928999424,2,0.5,1.8542527363272423,0.00014295988433785,YNDX,range_v2_aggressive,8.659133220764602e-05
atr_14_pct,band_pos,1,0.0032467532467532,0.0045416534502148,5,-0.0056471173799039,0.4996513928999424,2,0.5,1.8542527363272423,0.00014295988433785,YNDX,range_v2_balanced,8.659133220764602e-05
atr_14_pct,band_pos,1,0.0032467532467532,0.0045416534502148,5,-0.0056471173799039,0.4996513928999424,2,0.5,1.8542527363272423,0.00014295988433785,YNDX,range_v2_conservative,8.659133220764602e-05
atr_14_pct,band_pos,1,0.0032467532467532,0.0045416534502148,5,-0.0056471173799039,0.4996513928999424,2,0.5,1.8542527363272423,0.00014295988433785,YNDX,,8.659133220764602e-05
atr_14_pct,band_pos,2,0.0045416534502148,0.0059489795918367,0,-1.7111676770571271,-0.5006577883425565,7,0.42857142857142855,0.8842153371863968,-0.00018400631789471428,CHMF,range_v0_aggressive,0.00030306966272676105
atr_14_pct,band_pos,2,0.0045416534502148,0.0059489795918367,0,-1.7111676770571271,-0.5006577883425565,7,0.42857142857142855,0.8842153371863968,-0.00018400631789471428,CHMF,range_v0_baseline,0.00030306966272676105
atr_14_pct,band_pos,2,0.0045416534502148,0.0059489795918367,0,-1.7111676770571271,-0.5006577883425565,7,0.42857142857142855,0.8842153371863968,-0.00018400631789471428,CHMF,range_v0_conservative,0.00030306966272676105
atr_14_pct,band_pos,2,0.0045416534502148,0.0059489795918367,0,-1.7111676770571271,-0.5006577883425565,7,0.42857142857142855,0.8842153371863968,-0.00018400631789471428,CHMF,range_v2_aggressive,0.00030306966272676105
atr_14_pct,band_pos,2,0.0045416534502148,0.0059489795918367,0,-1.7111676770571271,-0.5006577883425565,7,0.42857142857142855,0.8842153371863968,-0.00018400631789471428,CHMF,range_v2_balanced,0.00030306966272676105
atr_14_pct,band_pos,2,0.0045416534502148,0.0059489795918367,0,-1.7111676770571271,-0.5006577883425565,7,0.42857142857142855,0.8842153371863968,-0.00018400631789471428,CHMF,range_v2_conservative,0.00030306966272676105
atr_14_pct,band_pos,2,0.0045416534502148,0.0059489795918367,0,-1.7111676770571271,-0.5006577883425565,7,0.42857142857142855,0.8842153371863968,-0.00018400631789471428,CHMF,,0.00030306966272676105
atr_14_pct,band_pos,2,0.0045416534502148,0.0059489795918367,0,-1.7111676770571271,-0.5006577883425565,6,0.5,0.5408461240417198,-0.0006842295744051,GAZP,range_v0_aggressive,0.000259773996622938
atr_14_pct,band_pos,2,0.0045416534502148,0.0059489795918367,0,-1.7111676770571271,-0.5006577883425565,6,0.5,0.5408461240417198,-0.0006842295744051,GAZP,range_v0_baseline,0.000259773996622938
atr_14_pct,band_pos,2,0.0045416534502148,0.0059489795918367,0,-1.7111676770571271,-0.5006577883425565,6,0.5,0.5408461240417198,-0.0006842295744051,GAZP,range_v0_conservative,0.000259773996622938
atr_14_pct,band_pos,2,0.0045416534502148,0.0059489795918367,0,-1.7111676770571271,-0.5006577883425565,6,0.5,0.5408461240417198,-0.0006842295744051,GAZP,range_v2_aggressive,0.000259773996622938
atr_14_pct,band_pos,2,0.0045416534502148,0.0059489795918367,0,-1.7111676770571271,-0.5006577883425565,6,0.5,0.5408461240417198,-0.0006842295744051,GAZP,range_v2_balanced,0.000259773996622938
atr_14_pct,band_pos,2,0.0045416534502148,0.0059489795918367,0,-1.7111676770571271,-0.5006577883425565,6,0.5,0.5408461240417198,-0.0006842295744051,GAZP,range_v2_conservative,0.000259773996622938
atr_14_pct,band_pos,2,0.0045416534502148,0.0059489795918367,0,-1.7111676770571271,-0.5006577883425565,6,0.5,0.5408461240417198,-0.0006842295744051,GAZP,,0.000259773996622938
atr_14_pct,band_pos,2,0.0045416534502148,0.0059489795918367,0,-1.7111676770571271,-0.5006577883425565,2,0.5,1.3276884851420356,0.00041857517399239994,GMKN,range_v0_aggressive,8.659133220764602e-05
atr_14_pct,band_pos,2,0.0045416534502148,0.0059489795918367,0,-1.7111676770571271,-0.5006577883425565,2,0.5,1.3276884851420356,0.00041857517399239994,GMKN,range_v0_baseline,8.659133220764602e-05
atr_14_pct,band_pos,2,0.0045416534502148,0.0059489795918367,0,-1.7111676770571271,-0.5006577883425565,2,0.5,1.3276884851420356,0.00041857517399239994,GMKN,range_v0_conservative,8.659133220764602e-05
atr_14_pct,band_pos,2,0.0045416534502148,0.0059489795918367,0,-1.7111676770571271,-0.5006577883425565,2,0.5,1.3276884851420356,0.00041857517399239994,GMKN,range_v2_aggressive,8.659133220764602e-05
atr_14_pct,band_pos,2,0.0045416534502148,0.0059489795918367,0,-1.7111676770571271,-0.5006577883425565,2,0.5,1.3276884851420356,0.00041857517399239994,GMKN,range_v2_balanced,8.659133220764602e-05
atr_14_pct,band_pos,2,0.0045416534502148,0.0059489795918367,0,-1.7111676770571271,-0.5006577883425565,2,0.5,1.3276884851420356,0.00041857517399239994,GMKN,range_v2_conservative,8.659133220764602e-05
atr_14_pct,band_pos,2,0.0045416534502148,0.0059489795918367,0,-1.7111676770571271,-0.5006577883425565,2,0.5,1.3276884851420356,0.00041857517399239994,GMKN,,8.659133220764602e-05
atr_14_pct,band_pos,2,0.0045416534502148,0.0059489795918367,0,-1.7111676770571271,-0.5006577883425565,5,0.4,0.6211829447202354,-0.0007887871770683999,LKOH,range_v0_aggressive,0.00021647833051911504
atr_14_pct,band_pos,2,0.0045416534502148,0.0059489795918367,0,-1.7111676770571271,-0.5006577883425565,5,0.4,0.6211829447202354,-0.0007887871770683999,LKOH,range_v0_baseline,0.00021647833051911504
atr_14_pct,band_pos,2,0.0045416534502148,0.0059489795918367,0,-1.7111676770571271,-0.5006577883425565,5,0.4,0.6211829447202354,-0.0007887871770683999,LKOH,range_v0_conservative,0.00021647833051911504
atr_14_pct,band_pos,2,0.0045416534502148,0.0059489795918367,0,-1.7111676770571271,-0.5006577883425565,5,0.4,0.6211829447202354,-0.0007887871770683999,LKOH,range_v2_aggressive,0.00021647833051911504
atr_14_pct,band_pos,2,0.0045416534502148,0.0059489795918367,0,-1.7111676770571271,-0.5006577883425565,5,0.4,0.6211829447202354,-0.0007887871770683999,LKOH,range_v2_balanced,0.00021647833051911504
atr_14_pct,band_pos,2,0.0045416534502148,0.0059489795918367,0,-1.7111676770571271,-0.5006577883425565,5,0.4,0.6211829447202354,-0.0007887871770683999,LKOH,range_v2_conservative,0.00021647833051911504
atr_14_pct,band_pos,2,0.0045416534502148,0.0059489795918367,0,-1.7111676770571271,-0.5006577883425565,5,0.4,0.6211829447202354,-0.0007887871770683999,LKOH,,0.00021647833051911504
atr_14_pct,band_pos,2,0.0045416534502148,0.0059489795918367,0,-1.7111676770571271,-0.5006577883425565,4,0.25,0.5907801890750508,-0.0008170514956702497,MGNT,range_v0_aggressive,0.00017318266441529204
atr_14_pct,band_pos,2,0.0045416534502148,0.0059489795918367,0,-1.7111676770571271,-0.5006577883425565,4,0.25,0.5907801890750508,-0.0008170514956702497,MGNT,range_v0_baseline,0.00017318266441529204
atr_14_pct,band_pos,2,0.0045416534502148,0.0059489795918367,0,-1.7111676770571271,-0.5006577883425565,4,0.25,0.5907801890750508,-0.0008170514956702497,MGNT,range_v0_conservative,0.00017318266441529204
atr_14_pct,band_pos,2,0.0045416534502148,0.0059489795918367,0,-1.7111676770571271,-0.5006577883425565,4,0.25,0.5907801890750508,-0.0008170514956702497,MGNT,range_v2_aggressive,0.00017318266441529204
atr_14_pct,band_pos,2,0.0045416534502148,0.0059489795918367,0,-1.7111676770571271,-0.5006577883425565,4,0.25,0.5907801890750508,-0.0008170514956702497,MGNT,range_v2_balanced,0.00017318266441529204
atr_14_pct,band_pos,2,0.0045416534502148,0.0059489795918367,0,-1.7111676770571271,-0.5006577883425565,4,0.25,0.5907801890750508,-0.0008170514956702497,MGNT,range_v2_conservative,0.00017318266441529204
atr_14_pct,band_pos,2,0.0045416534502148,0.0059489795918367,0,-1.7111676770571271,-0.5006577883425565,4,0.25,0.5907801890750508,-0.0008170514956702497,MGNT,,0.00017318266441529204
atr_14_pct,band_pos,2,0.0045416534502148,0.0059489795918367,0,-1.7111676770571271,-0.5006577883425565,5,0.4,0.427677194798065,-0.0011314228700944802,MTSS,range_v0_aggressive,0.00021647833051911504
atr_14_pct,band_pos,2,0.0045416534502148,0.0059489795918367,0,-1.7111676770571271,-0.5006577883425565,5,0.4,0.427677194798065,-0.0011314228700944802,MTSS,range_v0_baseline,0.00021647833051911504
atr_14_pct,band_pos,2,0.0045416534502148,0.0059489795918367,0,-1.7111676770571271,-0.5006577883425565,5,0.4,0.427677194798065,-0.0011314228700944802,MTSS,range_v0_conservative,0.00021647833051911504
atr_14_pct,band_pos,2,0.0045416534502148,0.0059489795918367,0,-1.7111676770571271,-0.5006577883425565,5,0.4,0.427677194798065,-0.0011314228700944802,MTSS,range_v2_aggressive,0.00021647833051911504
atr_14_pct,band_pos,2,0.0045416534502148,0.0059489795918367,0,-1.7111676770571271,-0.5006577883425565,5,0.4,0.427677194798065,-0.0011314228700944802,MTSS,range_v2_balanced,0.00021647833051911504
atr_14_pct,band_pos,2,0.0045416534502148,0.0059489795918367,0,-1.7111676770571271,-0.5006577883425565,5,0.4,0.427677194798065,-0.0011314228700944802,MTSS,range_v2_conservative,0.00021647833051911504
atr_14_pct,band_pos,2,0.0045416534502148,0.0059489795918367,0,-1.7111676770571271,-0.5006577883425565,5,0.4,0.427677194798065,-0.0011314228700944802,MTSS,,0.00021647833051911504
atr_14_pct,band_pos,2,0.0045416534502148,0.0059489795918367,0,-1.7111676770571271,-0.5006577883425565,7,0.14285714285714285,0.039952431861625094,-0.002308200723325943,NLMK,range_v0_aggressive,0.00030306966272676105
atr_14_pct,band_pos,2,0.0045416534502148,0.0059489795918367,0,-1.7111676770571271,-0.5006577883425565,7,0.14285714285714285,0.039952431861625094,-0.002308200723325943,NLMK,range_v0_baseline,0.00030306966272676105
atr_14_pct,band_pos,2,0.0045416534502148,0.0059489795918367,0,-1.7111676770571271,-0.5006577883425565,7,0.14285714285714285,0.039952431861625094,-0.002308200723325943,NLMK,range_v0_conservative,0.00030306966272676105
atr_14_pct,band_pos,2,0.0045416534502148,0.0059489795918367,0,-1.7111676770571271,-0.5006577883425565,7,0.14285714285714285,0.039952431861625094,-0.002308200723325943,NLMK,range_v2_aggressive,0.00030306966272676105
atr_14_pct,band_pos,2,0.0045416534502148,0.0059489795918367,0,-1.7111676770571271,-0.5006577883425565,7,0.14285714285714285,0.039952431861625094,-0.002308200723325943,NLMK,range_v2_balanced,0.00030306966272676105
atr_14_pct,band_pos,2,0.0045416534502148,0.0059489795918367,0,-1.7111676770571271,-0.5006577883425565,7,0.14285714285714285,0.039952431861625094,-0.002308200723325943,NLMK,range_v2_conservative,0.00030306966272676105
atr_14_pct,band_pos,2,0.0045416534502148,0.0059489795918367,0,-1.7111676770571271,-0.5006577883425565,7,0.14285714285714285,0.039952431861625094,-0.002308200723325943,NLMK,,0.00030306966272676105
atr_14_pct,band_pos,2,0.0045416534502148,0.0059489795918367,0,-1.7111676770571271,-0.5006577883425565,3,0.0,0.0,-0.0035428975123614668,NVTK,range_v0_aggressive,0.000129886998311469
atr_14_pct,band_pos,2,0.0045416534502148,0.0059489795918367,0,-1.7111676770571271,-0.5006577883425565,3,0.0,0.0,-0.0035428975123614668,NVTK,range_v0_baseline,0.000129886998311469
atr_14_pct,band_pos,2,0.0045416534502148,0.0059489795918367,0,-1.7111676770571271,-0.5006577883425565,3,0.0,0.0,-0.0035428975123614668,NVTK,range_v0_conservative,0.000129886998311469
atr_14_pct,band_pos,2,0.0045416534502148,0.0059489795918367,0,-1.7111676770571271,-0.5006577883425565,3,0.0,0.0,-0.0035428975123614668,NVTK,range_v2_aggressive,0.000129886998311469
atr_14_pct,band_pos,2,0.0045416534502148,0.0059489795918367,0,-1.7111676770571271,-0.5006577883425565,3,0.0,0.0,-0.0035428975123614668,NVTK,range_v2_balanced,0.000129886998311469
atr_14_pct,band_pos,2,0.0045416534502148,0.0059489795918367,0,-1.7111676770571271,-0.5006577883425565,3,0.0,0.0,-0.0035428975123614668,NVTK,range_v2_conservative,0.000129886998311469
atr_14_pct,band_pos,2,0.0045416534502148,0.0059489795918367,0,-1.7111676770571271,-0.5006577883425565,3,0.0,0.0,-0.0035428975123614668,NVTK,,0.000129886998311469
atr_14_pct,band_pos,2,0.0045416534502148,0.0059489795918367,0,-1.7111676770571271,-0.5006577883425565,13,0.38461538461538464,0.8062775801549418,-0.00024931556505271524,PIKK,range_v0_aggressive,0.0005628436593496991
atr_14_pct,band_pos,2,0.0045416534502148,0.0059489795918367,0,-1.7111676770571271,-0.5006577883425565,13,0.38461538461538464,0.8062775801549418,-0.00024931556505271524,PIKK,range_v0_baseline,0.0005628436593496991
atr_14_pct,band_pos,2,0.0045416534502148,0.0059489795918367,0,-1.7111676770571271,-0.5006577883425565,13,0.38461538461538464,0.8062775801549418,-0.00024931556505271524,PIKK,range_v0_conservative,0.0005628436593496991
atr_14_pct,band_pos,2,0.0045416534502148,0.0059489795918367,0,-1.7111676770571271,-0.5006577883425565,13,0.38461538461538464,0.8062775801549418,-0.00024931556505271524,PIKK,range_v2_aggressive,0.0005628436593496991
atr_14_pct,band_pos,2,0.0045416534502148,0.0059489795918367,0,-1.7111676770571271,-0.5006577883425565,13,0.38461538461538464,0.8062775801549418,-0.00024931556505271524,PIKK,range_v2_balanced,0.0005628436593496991
atr_14_pct,band_pos,2,0.0045416534502148,0.0059489795918367,0,-1.7111676770571271,-0.5006577883425565,13,0.38461538461538464,0.8062775801549418,-0.00024931556505271524,PIKK,range_v2_conservative,0.0005628436593496991
atr_14_pct,band_pos,2,0.0045416534502148,0.0059489795918367,0,-1.7111676770571271,-0.5006577883425565,13,0.38461538461538464,0.8062775801549418,-0.00024931556505271524,PIKK,,0.0005628436593496991
atr_14_pct,band_pos,2,0.0045416534502148,0.0059489795918367,0,-1.7111676770571271,-0.5006577883425565,1,1.0,inf,0.002012695475819,PLZL,range_v0_aggressive,4.329566610382301e-05
atr_14_pct,band_pos,2,0.0045416534502148,0.0059489795918367,0,-1.7111676770571271,-0.5006577883425565,1,1.0,inf,0.002012695475819,PLZL,range_v0_baseline,4.329566610382301e-05
atr_14_pct,band_pos,2,0.0045416534502148,0.0059489795918367,0,-1.7111676770571271,-0.5006577883425565,1,1.0,inf,0.002012695475819,PLZL,range_v0_conservative,4.329566610382301e-05
atr_14_pct,band_pos,2,0.0045416534502148,0.0059489795918367,0,-1.7111676770571271,-0.5006577883425565,1,1.0,inf,0.002012695475819,PLZL,range_v2_aggressive,4.329566610382301e-05
atr_14_pct,band_pos,2,0.0045416534502148,0.0059489795918367,0,-1.7111676770571271,-0.5006577883425565,1,1.0,inf,0.002012695475819,PLZL,range_v2_balanced,4.329566610382301e-05
atr_14_pct,band_pos,2,0.0045416534502148,0.0059489795918367,0,-1.7111676770571271,-0.5006577883425565,1,1.0,inf,0.002012695475819,PLZL,range_v2_conservative,4.329566610382301e-05
atr_14_pct,band_pos,2,0.0045416534502148,0.0059489795918367,0,-1.7111676770571271,-0.5006577883425565,1,1.0,inf,0.002012695475819,PLZL,,4.329566610382301e-05
atr_14_pct,band_pos,2,0.0045416534502148,0.0059489795918367,0,-1.7111676770571271,-0.5006577883425565,6,0.3333333333333333,0.497317185792178,-0.00078452996074005,ROSN,range_v0_aggressive,0.000259773996622938
atr_14_pct,band_pos,2,0.0045416534502148,0.0059489795918367,0,-1.7111676770571271,-0.5006577883425565,6,0.3333333333333333,0.497317185792178,-0.00078452996074005,ROSN,range_v0_baseline,0.000259773996622938
atr_14_pct,band_pos,2,0.0045416534502148,0.0059489795918367,0,-1.7111676770571271,-0.5006577883425565,6,0.3333333333333333,0.497317185792178,-0.00078452996074005,ROSN,range_v0_conservative,0.000259773996622938
atr_14_pct,band_pos,2,0.0045416534502148,0.0059489795918367,0,-1.7111676770571271,-0.5006577883425565,6,0.3333333333333333,0.497317185792178,-0.00078452996074005,ROSN,range_v2_aggressive,0.000259773996622938
atr_14_pct,band_pos,2,0.0045416534502148,0.0059489795918367,0,-1.7111676770571271,-0.5006577883425565,6,0.3333333333333333,0.497317185792178,-0.00078452996074005,ROSN,range_v2_balanced,0.000259773996622938
atr_14_pct,band_pos,2,0.0045416534502148,0.0059489795918367,0,-1.7111676770571271,-0.5006577883425565,6,0.3333333333333333,0.497317185792178,-0.00078452996074005,ROSN,range_v2_conservative,0.000259773996622938
atr_14_pct,band_pos,2,0.0045416534502148,0.0059489795918367,0,-1.7111676770571271,-0.5006577883425565,6,0.3333333333333333,0.497317185792178,-0.00078452996074005,ROSN,,0.000259773996622938
atr_14_pct,band_pos,2,0.0045416534502148,0.0059489795918367,0,-1.7111676770571271,-0.5006577883425565,3,0.3333333333333333,0.488700507893238,-0.0013494141646984332,SBER,range_v0_aggressive,0.000129886998311469
atr_14_pct,band_pos,2,0.0045416534502148,0.0059489795918367,0,-1.7111676770571271,-0.5006577883425565,3,0.3333333333333333,0.488700507893238,-0.0013494141646984332,SBER,range_v0_baseline,0.000129886998311469
atr_14_pct,band_pos,2,0.0045416534502148,0.0059489795918367,0,-1.7111676770571271,-0.5006577883425565,3,0.3333333333333333,0.488700507893238,-0.0013494141646984332,SBER,range_v0_conservative,0.000129886998311469
atr_14_pct,band_pos,2,0.0045416534502148,0.0059489795918367,0,-1.7111676770571271,-0.5006577883425565,3,0.3333333333333333,0.488700507893238,-0.0013494141646984332,SBER,range_v2_aggressive,0.000129886998311469
atr_14_pct,band_pos,2,0.0045416534502148,0.0059489795918367,0,-1.7111676770571271,-0.5006577883425565,3,0.3333333333333333,0.488700507893238,-0.0013494141646984332,SBER,range_v2_balanced,0.000129886998311469
atr_14_pct,band_pos,2,0.0045416534502148,0.0059489795918367,0,-1.7111676770571271,-0.5006577883425565,3,0.3333333333333333,0.488700507893238,-0.0013494141646984332,SBER,range_v2_conservative,0.000129886998311469
atr_14_pct,band_pos,2,0.0045416534502148,0.0059489795918367,0,-1.7111676770571271,-0.5006577883425565,6,0.3333333333333333,0.488700507893238,-0.0013494141646984337,SBER,,0.000259773996622938
atr_14_pct,band_pos,2,0.0045416534502148,0.0059489795918367,0,-1.7111676770571271,-0.5006577883425565,4,0.5,0.979610315195154,-3.0455874245424947e-05,SNGS,range_v0_aggressive,0.00017318266441529204
atr_14_pct,band_pos,2,0.0045416534502148,0.0059489795918367,0,-1.7111676770571271,-0.5006577883425565,4,0.5,0.979610315195154,-3.0455874245424947e-05,SNGS,range_v0_baseline,0.00017318266441529204
atr_14_pct,band_pos,2,0.0045416534502148,0.0059489795918367,0,-1.7111676770571271,-0.5006577883425565,4,0.5,0.979610315195154,-3.0455874245424947e-05,SNGS,range_v0_conservative,0.00017318266441529204
atr_14_pct,band_pos,2,0.0045416534502148,0.0059489795918367,0,-1.7111676770571271,-0.5006577883425565,4,0.5,0.979610315195154,-3.0455874245424947e-05,SNGS,range_v2_aggressive,0.00017318266441529204
atr_14_pct,band_pos,2,0.0045416534502148,0.0059489795918367,0,-1.7111676770571271,-0.5006577883425565,4,0.5,0.979610315195154,-3.0455874245424947e-05,SNGS,range_v2_balanced,0.00017318266441529204
atr_14_pct,band_pos,2,0.0045416534502148,0.0059489795918367,0,-1.7111676770571271,-0.5006577883425565,4,0.5,0.979610315195154,-3.0455874245424947e-05,SNGS,range_v2_conservative,0.00017318266441529204
atr_14_pct,band_pos,2,0.0045416534502148,0.0059489795918367,0,-1.7111676770571271,-0.5006577883425565,4,0.5,0.979610315195154,-3.0455874245424947e-05,SNGS,,0.00017318266441529204
atr_14_pct,band_pos,2,0.0045416534502148,0.0059489795918367,0,-1.7111676770571271,-0.5006577883425565,14,0.2857142857142857,0.5036293563962779,-0.0009063366051005356,TATN,range_v0_aggressive,0.0006061393254535221
atr_14_pct,band_pos,2,0.0045416534502148,0.0059489795918367,0,-1.7111676770571271,-0.5006577883425565,14,0.2857142857142857,0.5036293563962779,-0.0009063366051005356,TATN,range_v0_baseline,0.0006061393254535221
atr_14_pct,band_pos,2,0.0045416534502148,0.0059489795918367,0,-1.7111676770571271,-0.5006577883425565,14,0.2857142857142857,0.5036293563962779,-0.0009063366051005356,TATN,range_v0_conservative,0.0006061393254535221
atr_14_pct,band_pos,2,0.0045416534502148,0.0059489795918367,0,-1.7111676770571271,-0.5006577883425565,14,0.2857142857142857,0.5036293563962779,-0.0009063366051005356,TATN,range_v2_aggressive,0.0006061393254535221
atr_14_pct,band_pos,2,0.0045416534502148,0.0059489795918367,0,-1.7111676770571271,-0.5006577883425565,14,0.2857142857142857,0.5036293563962779,-0.0009063366051005356,TATN,range_v2_balanced,0.0006061393254535221
atr_14_pct,band_pos,2,0.0045416534502148,0.0059489795918367,0,-1.7111676770571271,-0.5006577883425565,14,0.2857142857142857,0.5036293563962779,-0.0009063366051005356,TATN,range_v2_conservative,0.0006061393254535221
atr_14_pct,band_pos,2,0.0045416534502148,0.0059489795918367,0,-1.7111676770571271,-0.5006577883425565,14,0.2857142857142857,0.5036293563962779,-0.0009063366051005356,TATN,,0.0006061393254535221
atr_14_pct,band_pos,2,0.0045416534502148,0.0059489795918367,0,-1.7111676770571271,-0.5006577883425565,3,1.0,inf,0.0017416088568086,VKCO,range_v0_aggressive,0.000129886998311469
atr_14_pct,band_pos,2,0.0045416534502148,0.0059489795918367,0,-1.7111676770571271,-0.5006577883425565,3,1.0,inf,0.0017416088568086,VKCO,range_v0_baseline,0.000129886998311469
atr_14_pct,band_pos,2,0.0045416534502148,0.0059489795918367,0,-1.7111676770571271,-0.5006577883425565,3,1.0,inf,0.0017416088568086,VKCO,range_v0_conservative,0.000129886998311469
atr_14_pct,band_pos,2,0.0045416534502148,0.0059489795918367,0,-1.7111676770571271,-0.5006577883425565,3,1.0,inf,0.0017416088568086,VKCO,range_v2_aggressive,0.000129886998311469
atr_14_pct,band_pos,2,0.0045416534502148,0.0059489795918367,0,-1.7111676770571271,-0.5006577883425565,3,1.0,inf,0.0017416088568086,VKCO,range_v2_balanced,0.000129886998311469
atr_14_pct,band_pos,2,0.0045416534502148,0.0059489795918367,0,-1.7111676770571271,-0.5006577883425565,3,1.0,inf,0.0017416088568086,VKCO,range_v2_conservative,0.000129886998311469
atr_14_pct,band_pos,2,0.0045416534502148,0.0059489795918367,0,-1.7111676770571271,-0.5006577883425565,3,1.0,inf,0.0017416088568086,VKCO,,0.000129886998311469
atr_14_pct,band_pos,2,0.0045416534502148,0.0059489795918367,0,-1.7111676770571271,-0.5006577883425565,3,0.0,0.0,-0.003577003029682633,YNDX,range_v0_aggressive,0.000129886998311469
atr_14_pct,band_pos,2,0.0045416534502148,0.0059489795918367,0,-1.7111676770571271,-0.5006577883425565,3,0.0,0.0,-0.003577003029682633,YNDX,range_v0_baseline,0.000129886998311469
atr_14_pct,band_pos,2,0.0045416534502148,0.0059489795918367,0,-1.7111676770571271,-0.5006577883425565,3,0.0,0.0,-0.003577003029682633,YNDX,range_v0_conservative,0.000129886998311469
atr_14_pct,band_pos,2,0.0045416534502148,0.0059489795918367,0,-1.7111676770571271,-0.5006577883425565,3,0.0,0.0,-0.003577003029682633,YNDX,range_v2_aggressive,0.000129886998311469
atr_14_pct,band_pos,2,0.0045416534502148,0.0059489795918367,0,-1.7111676770571271,-0.5006577883425565,3,0.0,0.0,-0.003577003029682633,YNDX,range_v2_balanced,0.000129886998311469
atr_14_pct,band_pos,2,0.0045416534502148,0.0059489795918367,0,-1.7111676770571271,-0.5006577883425565,3,0.0,0.0,-0.003577003029682633,YNDX,range_v2_conservative,0.000129886998311469
atr_14_pct,band_pos,2,0.0045416534502148,0.0059489795918367,0,-1.7111676770571271,-0.5006577883425565,3,0.0,0.0,-0.003577003029682633,YNDX,,0.000129886998311469
atr_14_pct,band_pos,2,0.0045416534502148,0.0059489795918367,1,-0.5006577883425565,-0.30803081475310434,8,0.25,0.7031294684974313,-0.0004936987957940126,CHMF,range_v0_aggressive,0.0003463653288305841
atr_14_pct,band_pos,2,0.0045416534502148,0.0059489795918367,1,-0.5006577883425565,-0.30803081475310434,8,0.25,0.7031294684974313,-0.0004936987957940126,CHMF,range_v0_baseline,0.0003463653288305841
atr_14_pct,band_pos,2,0.0045416534502148,0.0059489795918367,1,-0.5006577883425565,-0.30803081475310434,8,0.25,0.7031294684974313,-0.0004936987957940126,CHMF,range_v0_conservative,0.0003463653288305841
atr_14_pct,band_pos,2,0.0045416534502148,0.0059489795918367,1,-0.5006577883425565,-0.30803081475310434,8,0.25,0.7031294684974313,-0.0004936987957940126,CHMF,range_v2_aggressive,0.0003463653288305841
atr_14_pct,band_pos,2,0.0045416534502148,0.0059489795918367,1,-0.5006577883425565,-0.30803081475310434,8,0.25,0.7031294684974313,-0.0004936987957940126,CHMF,range_v2_balanced,0.0003463653288305841
atr_14_pct,band_pos,2,0.0045416534502148,0.0059489795918367,1,-0.5006577883425565,-0.30803081475310434,8,0.25,0.7031294684974313,-0.0004936987957940126,CHMF,range_v2_conservative,0.0003463653288305841
atr_14_pct,band_pos,2,0.0045416534502148,0.0059489795918367,1,-0.5006577883425565,-0.30803081475310434,8,0.25,0.7031294684974313,-0.0004936987957940126,CHMF,,0.0003463653288305841
atr_14_pct,band_pos,2,0.0045416534502148,0.0059489795918367,1,-0.5006577883425565,-0.30803081475310434,5,0.6,0.9913080407178277,-7.1066840673001105e-06,GAZP,range_v0_aggressive,0.00021647833051911504
atr_14_pct,band_pos,2,0.0045416534502148,0.0059489795918367,1,-0.5006577883425565,-0.30803081475310434,5,0.6,0.9913080407178277,-7.1066840673001105e-06,GAZP,range_v0_baseline,0.00021647833051911504
atr_14_pct,band_pos,2,0.0045416534502148,0.0059489795918367,1,-0.5006577883425565,-0.30803081475310434,5,0.6,0.9913080407178277,-7.1066840673001105e-06,GAZP,range_v0_conservative,0.00021647833051911504
atr_14_pct,band_pos,2,0.0045416534502148,0.0059489795918367,1,-0.5006577883425565,-0.30803081475310434,5,0.6,0.9913080407178277,-7.1066840673001105e-06,GAZP,range_v2_aggressive,0.00021647833051911504
atr_14_pct,band_pos,2,0.0045416534502148,0.0059489795918367,1,-0.5006577883425565,-0.30803081475310434,5,0.6,0.9913080407178277,-7.1066840673001105e-06,GAZP,range_v2_balanced,0.00021647833051911504
atr_14_pct,band_pos,2,0.0045416534502148,0.0059489795918367,1,-0.5006577883425565,-0.30803081475310434,5,0.6,0.9913080407178277,-7.1066840673001105e-06,GAZP,range_v2_conservative,0.00021647833051911504
atr_14_pct,band_pos,2,0.0045416534502148,0.0059489795918367,1,-0.5006577883425565,-0.30803081475310434,5,0.6,0.9913080407178277,-7.1066840673001105e-06,GAZP,,0.00021647833051911504
atr_14_pct,band_pos,2,0.0045416534502148,0.0059489795918367,1,-0.5006577883425565,-0.30803081475310434,7,0.8571428571428571,4.730494611915568,0.0017202997891694572,GMKN,range_v0_aggressive,0.00030306966272676105
atr_14_pct,band_pos,2,0.0045416534502148,0.0059489795918367,1,-0.5006577883425565,-0.30803081475310434,7,0.8571428571428571,4.730494611915568,0.0017202997891694572,GMKN,range_v0_baseline,0.00030306966272676105
atr_14_pct,band_pos,2,0.0045416534502148,0.0059489795918367,1,-0.5006577883425565,-0.30803081475310434,7,0.8571428571428571,4.730494611915568,0.0017202997891694572,GMKN,range_v0_conservative,0.00030306966272676105
atr_14_pct,band_pos,2,0.0045416534502148,0.0059489795918367,1,-0.5006577883425565,-0.30803081475310434,7,0.8571428571428571,4.730494611915568,0.0017202997891694572,GMKN,range_v2_aggressive,0.00030306966272676105
atr_14_pct,band_pos,2,0.0045416534502148,0.0059489795918367,1,-0.5006577883425565,-0.30803081475310434,7,0.8571428571428571,4.730494611915568,0.0017202997891694572,GMKN,range_v2_balanced,0.00030306966272676105
atr_14_pct,band_pos,2,0.0045416534502148,0.0059489795918367,1,-0.5006577883425565,-0.30803081475310434,7,0.8571428571428571,4.730494611915568,0.0017202997891694572,GMKN,range_v2_conservative,0.00030306966272676105
atr_14_pct,band_pos,2,0.0045416534502148,0.0059489795918367,1,-0.5006577883425565,-0.30803081475310434,7,0.8571428571428571,4.730494611915568,0.0017202997891694572,GMKN,,0.00030306966272676105
atr_14_pct,band_pos,2,0.0045416534502148,0.0059489795918367,1,-0.5006577883425565,-0.30803081475310434,5,0.0,0.0,-0.0025116422077316397,LKOH,range_v0_aggressive,0.00021647833051911504
atr_14_pct,band_pos,2,0.0045416534502148,0.0059489795918367,1,-0.5006577883425565,-0.30803081475310434,5,0.0,0.0,-0.0025116422077316397,LKOH,range_v0_baseline,0.00021647833051911504
atr_14_pct,band_pos,2,0.0045416534502148,0.0059489795918367,1,-0.5006577883425565,-0.30803081475310434,5,0.0,0.0,-0.0025116422077316397,LKOH,range_v0_conservative,0.00021647833051911504
atr_14_pct,band_pos,2,0.0045416534502148,0.0059489795918367,1,-0.5006577883425565,-0.30803081475310434,5,0.0,0.0,-0.0025116422077316397,LKOH,range_v2_aggressive,0.00021647833051911504
atr_14_pct,band_pos,2,0.0045416534502148,0.0059489795918367,1,-0.5006577883425565,-0.30803081475310434,5,0.0,0.0,-0.0025116422077316397,LKOH,range_v2_balanced,0.00021647833051911504
atr_14_pct,band_pos,2,0.0045416534502148,0.0059489795918367,1,-0.5006577883425565,-0.30803081475310434,5,0.0,0.0,-0.0025116422077316397,LKOH,range_v2_conservative,0.00021647833051911504
atr_14_pct,band_pos,2,0.0045416534502148,0.0059489795918367,1,-0.5006577883425565,-0.30803081475310434,5,0.0,0.0,-0.0025116422077316397,LKOH,,0.00021647833051911504
atr_14_pct,band_pos,2,0.0045416534502148,0.0059489795918367,1,-0.5006577883425565,-0.30803081475310434,4,0.0,0.0,-0.002440091425345725,MGNT,range_v0_aggressive,0.00017318266441529204
atr_14_pct,band_pos,2,0.0045416534502148,0.0059489795918367,1,-0.5006577883425565,-0.30803081475310434,4,0.0,0.0,-0.002440091425345725,MGNT,range_v0_baseline,0.00017318266441529204
atr_14_pct,band_pos,2,0.0045416534502148,0.0059489795918367,1,-0.5006577883425565,-0.30803081475310434,4,0.0,0.0,-0.002440091425345725,MGNT,range_v0_conservative,0.00017318266441529204
atr_14_pct,band_pos,2,0.0045416534502148,0.0059489795918367,1,-0.5006577883425565,-0.30803081475310434,4,0.0,0.0,-0.002440091425345725,MGNT,range_v2_aggressive,0.00017318266441529204
atr_14_pct,band_pos,2,0.0045416534502148,0.0059489795918367,1,-0.5006577883425565,-0.30803081475310434,4,0.0,0.0,-0.002440091425345725,MGNT,range_v2_balanced,0.00017318266441529204
atr_14_pct,band_pos,2,0.0045416534502148,0.0059489795918367,1,-0.5006577883425565,-0.30803081475310434,4,0.0,0.0,-0.002440091425345725,MGNT,range_v2_conservative,0.00017318266441529204
atr_14_pct,band_pos,2,0.0045416534502148,0.0059489795918367,1,-0.5006577883425565,-0.30803081475310434,4,0.0,0.0,-0.002440091425345725,MGNT,,0.00017318266441529204
atr_14_pct,band_pos,2,0.0045416534502148,0.0059489795918367,1,-0.5006577883425565,-0.30803081475310434,5,0.6,1.224264493541057,0.00028983390226547997,MTSS,range_v0_aggressive,0.00021647833051911504
atr_14_pct,band_pos,2,0.0045416534502148,0.0059489795918367,1,-0.5006577883425565,-0.30803081475310434,5,0.6,1.224264493541057,0.00028983390226547997,MTSS,range_v0_baseline,0.00021647833051911504
atr_14_pct,band_pos,2,0.0045416534502148,0.0059489795918367,1,-0.5006577883425565,-0.30803081475310434,5,0.6,1.224264493541057,0.00028983390226547997,MTSS,range_v0_conservative,0.00021647833051911504
atr_14_pct,band_pos,2,0.0045416534502148,0.0059489795918367,1,-0.5006577883425565,-0.30803081475310434,5,0.6,1.224264493541057,0.00028983390226547997,MTSS,range_v2_aggressive,0.00021647833051911504
atr_14_pct,band_pos,2,0.0045416534502148,0.0059489795918367,1,-0.5006577883425565,-0.30803081475310434,5,0.6,1.224264493541057,0.00028983390226547997,MTSS,range_v2_balanced,0.00021647833051911504
atr_14_pct,band_pos,2,0.0045416534502148,0.0059489795918367,1,-0.5006577883425565,-0.30803081475310434,5,0.6,1.224264493541057,0.00028983390226547997,MTSS,range_v2_conservative,0.00021647833051911504
atr_14_pct,band_pos,2,0.0045416534502148,0.0059489795918367,1,-0.5006577883425565,-0.30803081475310434,5,0.6,1.224264493541057,0.00028983390226547997,MTSS,,0.00021647833051911504
atr_14_pct,band_pos,2,0.0045416534502148,0.0059489795918367,1,-0.5006577883425565,-0.30803081475310434,5,0.6,0.7583426150469598,-0.0004859251724217001,NLMK,range_v0_aggressive,0.00021647833051911504
atr_14_pct,band_pos,2,0.0045416534502148,0.0059489795918367,1,-0.5006577883425565,-0.30803081475310434,5,0.6,0.7583426150469598,-0.0004859251724217001,NLMK,range_v0_baseline,0.00021647833051911504
atr_14_pct,band_pos,2,0.0045416534502148,0.0059489795918367,1,-0.5006577883425565,-0.30803081475310434,5,0.6,0.7583426150469598,-0.0004859251724217001,NLMK,range_v0_conservative,0.00021647833051911504
atr_14_pct,band_pos,2,0.0045416534502148,0.0059489795918367,1,-0.5006577883425565,-0.30803081475310434,5,0.6,0.7583426150469598,-0.0004859251724217001,NLMK,range_v2_aggressive,0.00021647833051911504
atr_14_pct,band_pos,2,0.0045416534502148,0.0059489795918367,1,-0.5006577883425565,-0.30803081475310434,5,0.6,0.7583426150469598,-0.0004859251724217001,NLMK,range_v2_balanced,0.00021647833051911504
atr_14_pct,band_pos,2,0.0045416534502148,0.0059489795918367,1,-0.5006577883425565,-0.30803081475310434,5,0.6,0.7583426150469598,-0.0004859251724217001,NLMK,range_v2_conservative,0.00021647833051911504
atr_14_pct,band_pos,2,0.0045416534502148,0.0059489795918367,1,-0.5006577883425565,-0.30803081475310434,5,0.6,0.7583426150469598,-0.0004859251724217001,NLMK,,0.00021647833051911504
atr_14_pct,band_pos,2,0.0045416534502148,0.0059489795918367,1,-0.5006577883425565,-0.30803081475310434,5,0.4,1.1041266831379781,0.00014223030462446007,NVTK,range_v0_aggressive,0.00021647833051911504
atr_14_pct,band_pos,2,0.0045416534502148,0.0059489795918367,1,-0.5006577883425565,-0.30803081475310434,5,0.4,1.1041266831379781,0.00014223030462446007,NVTK,range_v0_baseline,0.00021647833051911504
atr_14_pct,band_pos,2,0.0045416534502148,0.0059489795918367,1,-0.5006577883425565,-0.30803081475310434,5,0.4,1.1041266831379781,0.00014223030462446007,NVTK,range_v0_conservative,0.00021647833051911504
atr_14_pct,band_pos,2,0.0045416534502148,0.0059489795918367,1,-0.5006577883425565,-0.30803081475310434,5,0.4,1.1041266831379781,0.00014223030462446007,NVTK,range_v2_aggressive,0.00021647833051911504
atr_14_pct,band_pos,2,0.0045416534502148,0.0059489795918367,1,-0.5006577883425565,-0.30803081475310434,5,0.4,1.1041266831379781,0.00014223030462446007,NVTK,range_v2_balanced,0.00021647833051911504
atr_14_pct,band_pos,2,0.0045416534502148,0.0059489795918367,1,-0.5006577883425565,-0.30803081475310434,5,0.4,1.1041266831379781,0.00014223030462446007,NVTK,range_v2_conservative,0.00021647833051911504
atr_14_pct,band_pos,2,0.0045416534502148,0.0059489795918367,1,-0.5006577883425565,-0.30803081475310434,5,0.4,1.1041266831379781,0.00014223030462446007,NVTK,,0.00021647833051911504
atr_14_pct,band_pos,2,0.0045416534502148,0.0059489795918367,1,-0.5006577883425565,-0.30803081475310434,2,0.5,0.2164724024794607,-0.0026477200039665997,OZON,range_v0_aggressive,8.659133220764602e-05
atr_14_pct,band_pos,2,0.0045416534502148,0.0059489795918367,1,-0.5006577883425565,-0.30803081475310434,2,0.5,0.2164724024794607,-0.0026477200039665997,OZON,range_v0_baseline,8.659133220764602e-05
atr_14_pct,band_pos,2,0.0045416534502148,0.0059489795918367,1,-0.5006577883425565,-0.30803081475310434,2,0.5,0.2164724024794607,-0.0026477200039665997,OZON,range_v0_conservative,8.659133220764602e-05
atr_14_pct,band_pos,2,0.0045416534502148,0.0059489795918367,1,-0.5006577883425565,-0.30803081475310434,2,0.5,0.2164724024794607,-0.0026477200039665997,OZON,range_v2_aggressive,8.659133220764602e-05
atr_14_pct,band_pos,2,0.0045416534502148,0.0059489795918367,1,-0.5006577883425565,-0.30803081475310434,2,0.5,0.2164724024794607,-0.0026477200039665997,OZON,range_v2_balanced,8.659133220764602e-05
atr_14_pct,band_pos,2,0.0045416534502148,0.0059489795918367,1,-0.5006577883425565,-0.30803081475310434,2,0.5,0.2164724024794607,-0.0026477200039665997,OZON,range_v2_conservative,8.659133220764602e-05
atr_14_pct,band_pos,2,0.0045416534502148,0.0059489795918367,1,-0.5006577883425565,-0.30803081475310434,2,0.5,0.2164724024794607,-0.0026477200039665997,OZON,,8.659133220764602e-05
atr_14_pct,band_pos,2,0.0045416534502148,0.0059489795918367,1,-0.5006577883425565,-0.30803081475310434,14,0.8571428571428571,8.412951975455218,0.0026542751071634146,PIKK,range_v0_aggressive,0.0006061393254535221
atr_14_pct,band_pos,2,0.0045416534502148,0.0059489795918367,1,-0.5006577883425565,-0.30803081475310434,14,0.8571428571428571,8.412951975455218,0.0026542751071634146,PIKK,range_v0_baseline,0.0006061393254535221
atr_14_pct,band_pos,2,0.0045416534502148,0.0059489795918367,1,-0.5006577883425565,-0.30803081475310434,14,0.8571428571428571,8.412951975455218,0.0026542751071634146,PIKK,range_v0_conservative,0.0006061393254535221
atr_14_pct,band_pos,2,0.0045416534502148,0.0059489795918367,1,-0.5006577883425565,-0.30803081475310434,14,0.8571428571428571,8.412951975455218,0.0026542751071634146,PIKK,range_v2_aggressive,0.0006061393254535221
atr_14_pct,band_pos,2,0.0045416534502148,0.0059489795918367,1,-0.5006577883425565,-0.30803081475310434,14,0.8571428571428571,8.412951975455218,0.0026542751071634146,PIKK,range_v2_balanced,0.0006061393254535221
atr_14_pct,band_pos,2,0.0045416534502148,0.0059489795918367,1,-0.5006577883425565,-0.30803081475310434,14,0.8571428571428571,8.412951975455218,0.0026542751071634146,PIKK,range_v2_conservative,0.0006061393254535221
atr_14_pct,band_pos,2,0.0045416534502148,0.0059489795918367,1,-0.5006577883425565,-0.30803081475310434,14,0.8571428571428571,8.412951975455218,0.0026542751071634146,PIKK,,0.0006061393254535221
atr_14_pct,band_pos,2,0.0045416534502148,0.0059489795918367,1,-0.5006577883425565,-0.30803081475310434,8,0.125,0.08370035410595382,-0.0021442508303864127,PLZL,range_v0_aggressive,0.0003463653288305841
atr_14_pct,band_pos,2,0.0045416534502148,0.0059489795918367,1,-0.5006577883425565,-0.30803081475310434,8,0.125,0.08370035410595382,-0.0021442508303864127,PLZL,range_v0_baseline,0.0003463653288305841
atr_14_pct,band_pos,2,0.0045416534502148,0.0059489795918367,1,-0.5006577883425565,-0.30803081475310434,8,0.125,0.08370035410595382,-0.0021442508303864127,PLZL,range_v0_conservative,0.0003463653288305841
atr_14_pct,band_pos,2,0.0045416534502148,0.0059489795918367,1,-0.5006577883425565,-0.30803081475310434,8,0.125,0.08370035410595382,-0.0021442508303864127,PLZL,range_v2_aggressive,0.0003463653288305841
atr_14_pct,band_pos,2,0.0045416534502148,0.0059489795918367,1,-0.5006577883425565,-0.30803081475310434,8,0.125,0.08370035410595382,-0.0021442508303864127,PLZL,range_v2_balanced,0.0003463653288305841
atr_14_pct,band_pos,2,0.0045416534502148,0.0059489795918367,1,-0.5006577883425565,-0.30803081475310434,8,0.125,0.08370035410595382,-0.0021442508303864127,PLZL,range_v2_conservative,0.0003463653288305841
atr_14_pct,band_pos,2,0.0045416534502148,0.0059489795918367,1,-0.5006577883425565,-0.30803081475310434,8,0.125,0.08370035410595382,-0.0021442508303864127,PLZL,,0.0003463653288305841
atr_14_pct,band_pos,2,0.0045416534502148,0.0059489795918367,1,-0.5006577883425565,-0.30803081475310434,2,0.5,0.614647826224356,-0.00051008517674215,ROSN,range_v0_aggressive,8.659133220764602e-05
atr_14_pct,band_pos,2,0.0045416534502148,0.0059489795918367,1,-0.5006577883425565,-0.30803081475310434,2,0.5,0.614647826224356,-0.00051008517674215,ROSN,range_v0_baseline,8.659133220764602e-05
atr_14_pct,band_pos,2,0.0045416534502148,0.0059489795918367,1,-0.5006577883425565,-0.30803081475310434,2,0.5,0.614647826224356,-0.00051008517674215,ROSN,range_v0_conservative,8.659133220764602e-05
atr_14_pct,band_pos,2,0.0045416534502148,0.0059489795918367,1,-0.5006577883425565,-0.30803081475310434,2,0.5,0.614647826224356,-0.00051008517674215,ROSN,range_v2_aggressive,8.659133220764602e-05
atr_14_pct,band_pos,2,0.0045416534502148,0.0059489795918367,1,-0.5006577883425565,-0.30803081475310434,2,0.5,0.614647826224356,-0.00051008517674215,ROSN,range_v2_balanced,8.659133220764602e-05
atr_14_pct,band_pos,2,0.0045416534502148,0.0059489795918367,1,-0.5006577883425565,-0.30803081475310434,2,0.5,0.614647826224356,-0.00051008517674215,ROSN,range_v2_conservative,8.659133220764602e-05
atr_14_pct,band_pos,2,0.0045416534502148,0.0059489795918367,1,-0.5006577883425565,-0.30803081475310434,2,0.5,0.614647826224356,-0.00051008517674215,ROSN,,8.659133220764602e-05
atr_14_pct,band_pos,2,0.0045416534502148,0.0059489795918367,1,-0.5006577883425565,-0.30803081475310434,5,0.0,0.0,-0.0027219860772281397,SBER,range_v0_aggressive,0.00021647833051911504
atr_14_pct,band_pos,2,0.0045416534502148,0.0059489795918367,1,-0.5006577883425565,-0.30803081475310434,5,0.0,0.0,-0.0027219860772281397,SBER,range_v0_baseline,0.00021647833051911504
atr_14_pct,band_pos,2,0.0045416534502148,0.0059489795918367,1,-0.5006577883425565,-0.30803081475310434,5,0.0,0.0,-0.0027219860772281397,SBER,range_v0_conservative,0.00021647833051911504
atr_14_pct,band_pos,2,0.0045416534502148,0.0059489795918367,1,-0.5006577883425565,-0.30803081475310434,5,0.0,0.0,-0.0027219860772281397,SBER,range_v2_aggressive,0.00021647833051911504
atr_14_pct,band_pos,2,0.0045416534502148,0.0059489795918367,1,-0.5006577883425565,-0.30803081475310434,5,0.0,0.0,-0.0027219860772281397,SBER,range_v2_balanced,0.00021647833051911504
atr_14_pct,band_pos,2,0.0045416534502148,0.0059489795918367,1,-0.5006577883425565,-0.30803081475310434,5,0.0,0.0,-0.0027219860772281397,SBER,range_v2_conservative,0.00021647833051911504
atr_14_pct,band_pos,2,0.0045416534502148,0.0059489795918367,1,-0.5006577883425565,-0.30803081475310434,10,0.0,0.0,-0.00272198607722814,SBER,,0.0004329566610382301
atr_14_pct,band_pos,2,0.0045416534502148,0.0059489795918367,1,-0.5006577883425565,-0.30803081475310434,1,0.0,0.0,-0.0013722046997389,SNGS,range_v0_aggressive,4.329566610382301e-05
atr_14_pct,band_pos,2,0.0045416534502148,0.0059489795918367,1,-0.5006577883425565,-0.30803081475310434,1,0.0,0.0,-0.0013722046997389,SNGS,range_v0_baseline,4.329566610382301e-05
atr_14_pct,band_pos,2,0.0045416534502148,0.0059489795918367,1,-0.5006577883425565,-0.30803081475310434,1,0.0,0.0,-0.0013722046997389,SNGS,range_v0_conservative,4.329566610382301e-05
atr_14_pct,band_pos,2,0.0045416534502148,0.0059489795918367,1,-0.5006577883425565,-0.30803081475310434,1,0.0,0.0,-0.0013722046997389,SNGS,range_v2_aggressive,4.329566610382301e-05
atr_14_pct,band_pos,2,0.0045416534502148,0.0059489795918367,1,-0.5006577883425565,-0.30803081475310434,1,0.0,0.0,-0.0013722046997389,SNGS,range_v2_balanced,4.329566610382301e-05
atr_14_pct,band_pos,2,0.0045416534502148,0.0059489795918367,1,-0.5006577883425565,-0.30803081475310434,1,0.0,0.0,-0.0013722046997389,SNGS,range_v2_conservative,4.329566610382301e-05
atr_14_pct,band_pos,2,0.0045416534502148,0.0059489795918367,1,-0.5006577883425565,-0.30803081475310434,1,0.0,0.0,-0.0013722046997389,SNGS,,4.329566610382301e-05
atr_14_pct,band_pos,2,0.0045416534502148,0.0059489795918367,1,-0.5006577883425565,-0.30803081475310434,15,0.4666666666666667,0.4828706109860868,-0.0008159596278274719,TATN,range_v0_aggressive,0.0006494349915573451
atr_14_pct,band_pos,2,0.0045416534502148,0.0059489795918367,1,-0.5006577883425565,-0.30803081475310434,15,0.4666666666666667,0.4828706109860868,-0.0008159596278274719,TATN,range_v0_baseline,0.0006494349915573451
atr_14_pct,band_pos,2,0.0045416534502148,0.0059489795918367,1,-0.5006577883425565,-0.30803081475310434,15,0.4666666666666667,0.4828706109860868,-0.0008159596278274719,TATN,range_v0_conservative,0.0006494349915573451
atr_14_pct,band_pos,2,0.0045416534502148,0.0059489795918367,1,-0.5006577883425565,-0.30803081475310434,15,0.4666666666666667,0.4828706109860868,-0.0008159596278274719,TATN,range_v2_aggressive,0.0006494349915573451
atr_14_pct,band_pos,2,0.0045416534502148,0.0059489795918367,1,-0.5006577883425565,-0.30803081475310434,15,0.4666666666666667,0.4828706109860868,-0.0008159596278274719,TATN,range_v2_balanced,0.0006494349915573451
atr_14_pct,band_pos,2,0.0045416534502148,0.0059489795918367,1,-0.5006577883425565,-0.30803081475310434,15,0.4666666666666667,0.4828706109860868,-0.0008159596278274719,TATN,range_v2_conservative,0.0006494349915573451
atr_14_pct,band_pos,2,0.0045416534502148,0.0059489795918367,1,-0.5006577883425565,-0.30803081475310434,15,0.4666666666666667,0.4828706109860868,-0.0008159596278274719,TATN,,0.0006494349915573451
atr_14_pct,band_pos,2,0.0045416534502148,0.0059489795918367,1,-0.5006577883425565,-0.30803081475310434,1,0.0,0.0,-0.0026584727272727,VKCO,range_v0_aggressive,4.329566610382301e-05
atr_14_pct,band_pos,2,0.0045416534502148,0.0059489795918367,1,-0.5006577883425565,-0.30803081475310434,1,0.0,0.0,-0.0026584727272727,VKCO,range_v0_baseline,4.329566610382301e-05
atr_14_pct,band_pos,2,0.0045416534502148,0.0059489795918367,1,-0.5006577883425565,-0.30803081475310434,1,0.0,0.0,-0.0026584727272727,VKCO,range_v0_conservative,4.329566610382301e-05
atr_14_pct,band_pos,2,0.0045416534502148,0.0059489795918367,1,-0.5006577883425565,-0.30803081475310434,1,0.0,0.0,-0.0026584727272727,VKCO,range_v2_aggressive,4.329566610382301e-05
atr_14_pct,band_pos,2,0.0045416534502148,0.0059489795918367,1,-0.5006577883425565,-0.30803081475310434,1,0.0,0.0,-0.0026584727272727,VKCO,range_v2_balanced,4.329566610382301e-05
atr_14_pct,band_pos,2,0.0045416534502148,0.0059489795918367,1,-0.5006577883425565,-0.30803081475310434,1,0.0,0.0,-0.0026584727272727,VKCO,range_v2_conservative,4.329566610382301e-05
atr_14_pct,band_pos,2,0.0045416534502148,0.0059489795918367,1,-0.5006577883425565,-0.30803081475310434,1,0.0,0.0,-0.0026584727272727,VKCO,,4.329566610382301e-05
atr_14_pct,band_pos,2,0.0045416534502148,0.0059489795918367,1,-0.5006577883425565,-0.30803081475310434,4,0.25,0.5121292411168644,-0.000750119959991375,YNDX,range_v0_aggressive,0.00017318266441529204
atr_14_pct,band_pos,2,0.0045416534502148,0.0059489795918367,1,-0.5006577883425565,-0.30803081475310434,4,0.25,0.5121292411168644,-0.000750119959991375,YNDX,range_v0_baseline,0.00017318266441529204
atr_14_pct,band_pos,2,0.0045416534502148,0.0059489795918367,1,-0.5006577883425565,-0.30803081475310434,4,0.25,0.5121292411168644,-0.000750119959991375,YNDX,range_v0_conservative,0.00017318266441529204
atr_14_pct,band_pos,2,0.0045416534502148,0.0059489795918367,1,-0.5006577883425565,-0.30803081475310434,4,0.25,0.5121292411168644,-0.000750119959991375,YNDX,range_v2_aggressive,0.00017318266441529204
atr_14_pct,band_pos,2,0.0045416534502148,0.0059489795918367,1,-0.5006577883425565,-0.30803081475310434,4,0.25,0.5121292411168644,-0.000750119959991375,YNDX,range_v2_balanced,0.00017318266441529204
atr_14_pct,band_pos,2,0.0045416534502148,0.0059489795918367,1,-0.5006577883425565,-0.30803081475310434,4,0.25,0.5121292411168644,-0.000750119959991375,YNDX,range_v2_conservative,0.00017318266441529204
atr_14_pct,band_pos,2,0.0045416534502148,0.0059489795918367,1,-0.5006577883425565,-0.30803081475310434,4,0.25,0.5121292411168644,-0.000750119959991375,YNDX,,0.00017318266441529204
atr_14_pct,band_pos,2,0.0045416534502148,0.0059489795918367,2,-0.30803081475310434,-0.1711870966036377,4,0.5,1.0785230229736376,0.00012052396106674993,CHMF,range_v0_aggressive,0.00017318266441529204
atr_14_pct,band_pos,2,0.0045416534502148,0.0059489795918367,2,-0.30803081475310434,-0.1711870966036377,4,0.5,1.0785230229736376,0.00012052396106674993,CHMF,range_v0_baseline,0.00017318266441529204
atr_14_pct,band_pos,2,0.0045416534502148,0.0059489795918367,2,-0.30803081475310434,-0.1711870966036377,4,0.5,1.0785230229736376,0.00012052396106674993,CHMF,range_v0_conservative,0.00017318266441529204
atr_14_pct,band_pos,2,0.0045416534502148,0.0059489795918367,2,-0.30803081475310434,-0.1711870966036377,4,0.5,1.0785230229736376,0.00012052396106674993,CHMF,range_v2_aggressive,0.00017318266441529204
atr_14_pct,band_pos,2,0.0045416534502148,0.0059489795918367,2,-0.30803081475310434,-0.1711870966036377,4,0.5,1.0785230229736376,0.00012052396106674993,CHMF,range_v2_balanced,0.00017318266441529204
atr_14_pct,band_pos,2,0.0045416534502148,0.0059489795918367,2,-0.30803081475310434,-0.1711870966036377,4,0.5,1.0785230229736376,0.00012052396106674993,CHMF,range_v2_conservative,0.00017318266441529204
atr_14_pct,band_pos,2,0.0045416534502148,0.0059489795918367,2,-0.30803081475310434,-0.1711870966036377,4,0.5,1.0785230229736376,0.00012052396106674993,CHMF,,0.00017318266441529204
atr_14_pct,band_pos,2,0.0045416534502148,0.0059489795918367,2,-0.30803081475310434,-0.1711870966036377,3,0.3333333333333333,0.5825638763671876,-0.0009139846189837665,GAZP,range_v0_aggressive,0.000129886998311469
atr_14_pct,band_pos,2,0.0045416534502148,0.0059489795918367,2,-0.30803081475310434,-0.1711870966036377,3,0.3333333333333333,0.5825638763671876,-0.0009139846189837665,GAZP,range_v0_baseline,0.000129886998311469
atr_14_pct,band_pos,2,0.0045416534502148,0.0059489795918367,2,-0.30803081475310434,-0.1711870966036377,3,0.3333333333333333,0.5825638763671876,-0.0009139846189837665,GAZP,range_v0_conservative,0.000129886998311469
atr_14_pct,band_pos,2,0.0045416534502148,0.0059489795918367,2,-0.30803081475310434,-0.1711870966036377,3,0.3333333333333333,0.5825638763671876,-0.0009139846189837665,GAZP,range_v2_aggressive,0.000129886998311469
atr_14_pct,band_pos,2,0.0045416534502148,0.0059489795918367,2,-0.30803081475310434,-0.1711870966036377,3,0.3333333333333333,0.5825638763671876,-0.0009139846189837665,GAZP,range_v2_balanced,0.000129886998311469
atr_14_pct,band_pos,2,0.0045416534502148,0.0059489795918367,2,-0.30803081475310434,-0.1711870966036377,3,0.3333333333333333,0.5825638763671876,-0.0009139846189837665,GAZP,range_v2_conservative,0.000129886998311469
atr_14_pct,band_pos,2,0.0045416534502148,0.0059489795918367,2,-0.30803081475310434,-0.1711870966036377,3,0.3333333333333333,0.5825638763671876,-0.0009139846189837665,GAZP,,0.000129886998311469
atr_14_pct,band_pos,2,0.0045416534502148,0.0059489795918367,2,-0.30803081475310434,-0.1711870966036377,5,0.6,1.904150290555283,0.00080428032182552,GMKN,range_v0_aggressive,0.00021647833051911504
atr_14_pct,band_pos,2,0.0045416534502148,0.0059489795918367,2,-0.30803081475310434,-0.1711870966036377,5,0.6,1.904150290555283,0.00080428032182552,GMKN,range_v0_baseline,0.00021647833051911504
atr_14_pct,band_pos,2,0.0045416534502148,0.0059489795918367,2,-0.30803081475310434,-0.1711870966036377,5,0.6,1.904150290555283,0.00080428032182552,GMKN,range_v0_conservative,0.00021647833051911504
atr_14_pct,band_pos,2,0.0045416534502148,0.0059489795918367,2,-0.30803081475310434,-0.1711870966036377,5,0.6,1.904150290555283,0.00080428032182552,GMKN,range_v2_aggressive,0.00021647833051911504
atr_14_pct,band_pos,2,0.0045416534502148,0.0059489795918367,2,-0.30803081475310434,-0.1711870966036377,5,0.6,1.904150290555283,0.00080428032182552,GMKN,range_v2_balanced,0.00021647833051911504
atr_14_pct,band_pos,2,0.0045416534502148,0.0059489795918367,2,-0.30803081475310434,-0.1711870966036377,5,0.6,1.904150290555283,0.00080428032182552,GMKN,range_v2_conservative,0.00021647833051911504
atr_14_pct,band_pos,2,0.0045416534502148,0.0059489795918367,2,-0.30803081475310434,-0.1711870966036377,5,0.6,1.904150290555283,0.00080428032182552,GMKN,,0.00021647833051911504
atr_14_pct,band_pos,2,0.0045416534502148,0.0059489795918367,2,-0.30803081475310434,-0.1711870966036377,1,0.0,0.0,-0.0042233857851239,LKOH,range_v0_aggressive,4.329566610382301e-05
atr_14_pct,band_pos,2,0.0045416534502148,0.0059489795918367,2,-0.30803081475310434,-0.1711870966036377,1,0.0,0.0,-0.0042233857851239,LKOH,range_v0_baseline,4.329566610382301e-05
atr_14_pct,band_pos,2,0.0045416534502148,0.0059489795918367,2,-0.30803081475310434,-0.1711870966036377,1,0.0,0.0,-0.0042233857851239,LKOH,range_v0_conservative,4.329566610382301e-05
atr_14_pct,band_pos,2,0.0045416534502148,0.0059489795918367,2,-0.30803081475310434,-0.1711870966036377,1,0.0,0.0,-0.0042233857851239,LKOH,range_v2_aggressive,4.329566610382301e-05
atr_14_pct,band_pos,2,0.0045416534502148,0.0059489795918367,2,-0.30803081475310434,-0.1711870966036377,1,0.0,0.0,-0.0042233857851239,LKOH,range_v2_balanced,4.329566610382301e-05
atr_14_pct,band_pos,2,0.0045416534502148,0.0059489795918367,2,-0.30803081475310434,-0.1711870966036377,1,0.0,0.0,-0.0042233857851239,LKOH,range_v2_conservative,4.329566610382301e-05
atr_14_pct,band_pos,2,0.0045416534502148,0.0059489795918367,2,-0.30803081475310434,-0.1711870966036377,1,0.0,0.0,-0.0042233857851239,LKOH,,4.329566610382301e-05
atr_14_pct,band_pos,2,0.0045416534502148,0.0059489795918367,2,-0.30803081475310434,-0.1711870966036377,5,0.2,0.22174781822020737,-0.00145391154238202,MGNT,range_v0_aggressive,0.00021647833051911504
atr_14_pct,band_pos,2,0.0045416534502148,0.0059489795918367,2,-0.30803081475310434,-0.1711870966036377,5,0.2,0.22174781822020737,-0.00145391154238202,MGNT,range_v0_baseline,0.00021647833051911504
atr_14_pct,band_pos,2,0.0045416534502148,0.0059489795918367,2,-0.30803081475310434,-0.1711870966036377,5,0.2,0.22174781822020737,-0.00145391154238202,MGNT,range_v0_conservative,0.00021647833051911504
atr_14_pct,band_pos,2,0.0045416534502148,0.0059489795918367,2,-0.30803081475310434,-0.1711870966036377,5,0.2,0.22174781822020737,-0.00145391154238202,MGNT,range_v2_aggressive,0.00021647833051911504
atr_14_pct,band_pos,2,0.0045416534502148,0.0059489795918367,2,-0.30803081475310434,-0.1711870966036377,5,0.2,0.22174781822020737,-0.00145391154238202,MGNT,range_v2_balanced,0.00021647833051911504
atr_14_pct,band_pos,2,0.0045416534502148,0.0059489795918367,2,-0.30803081475310434,-0.1711870966036377,5,0.2,0.22174781822020737,-0.00145391154238202,MGNT,range_v2_conservative,0.00021647833051911504
atr_14_pct,band_pos,2,0.0045416534502148,0.0059489795918367,2,-0.30803081475310434,-0.1711870966036377,5,0.2,0.22174781822020737,-0.00145391154238202,MGNT,,0.00021647833051911504
atr_14_pct,band_pos,2,0.0045416534502148,0.0059489795918367,2,-0.30803081475310434,-0.1711870966036377,3,0.6666666666666666,2.295395338045439,0.0010068860621769331,MTSS,range_v0_aggressive,0.000129886998311469
atr_14_pct,band_pos,2,0.0045416534502148,0.0059489795918367,2,-0.30803081475310434,-0.1711870966036377,3,0.6666666666666666,2.295395338045439,0.0010068860621769331,MTSS,range_v0_baseline,0.000129886998311469
atr_14_pct,band_pos,2,0.0045416534502148,0.0059489795918367,2,-0.30803081475310434,-0.1711870966036377,3,0.6666666666666666,2.295395338045439,0.0010068860621769331,MTSS,range_v0_conservative,0.000129886998311469
atr_14_pct,band_pos,2,0.0045416534502148,0.0059489795918367,2,-0.30803081475310434,-0.1711870966036377,3,0.6666666666666666,2.295395338045439,0.0010068860621769331,MTSS,range_v2_aggressive,0.000129886998311469
atr_14_pct,band_pos,2,0.0045416534502148,0.0059489795918367,2,-0.30803081475310434,-0.1711870966036377,3,0.6666666666666666,2.295395338045439,0.0010068860621769331,MTSS,range_v2_balanced,0.000129886998311469
atr_14_pct,band_pos,2,0.0045416534502148,0.0059489795918367,2,-0.30803081475310434,-0.1711870966036377,3,0.6666666666666666,2.295395338045439,0.0010068860621769331,MTSS,range_v2_conservative,0.000129886998311469
atr_14_pct,band_pos,2,0.0045416534502148,0.0059489795918367,2,-0.30803081475310434,-0.1711870966036377,3,0.6666666666666666,2.295395338045439,0.0010068860621769331,MTSS,,0.000129886998311469
atr_14_pct,band_pos,2,0.0045416534502148,0.0059489795918367,2,-0.30803081475310434,-0.1711870966036377,3,0.0,0.0,-0.0018507050765501666,NLMK,range_v0_aggressive,0.000129886998311469
atr_14_pct,band_pos,2,0.0045416534502148,0.0059489795918367,2,-0.30803081475310434,-0.1711870966036377,3,0.0,0.0,-0.0018507050765501666,NLMK,range_v0_baseline,0.000129886998311469
atr_14_pct,band_pos,2,0.0045416534502148,0.0059489795918367,2,-0.30803081475310434,-0.1711870966036377,3,0.0,0.0,-0.0018507050765501666,NLMK,range_v0_conservative,0.000129886998311469
atr_14_pct,band_pos,2,0.0045416534502148,0.0059489795918367,2,-0.30803081475310434,-0.1711870966036377,3,0.0,0.0,-0.0018507050765501666,NLMK,range_v2_aggressive,0.000129886998311469
atr_14_pct,band_pos,2,0.0045416534502148,0.0059489795918367,2,-0.30803081475310434,-0.1711870966036377,3,0.0,0.0,-0.0018507050765501666,NLMK,range_v2_balanced,0.000129886998311469
atr_14_pct,band_pos,2,0.0045416534502148,0.0059489795918367,2,-0.30803081475310434,-0.1711870966036377,3,0.0,0.0,-0.0018507050765501666,NLMK,range_v2_conservative,0.000129886998311469
atr_14_pct,band_pos,2,0.0045416534502148,0.0059489795918367,2,-0.30803081475310434,-0.1711870966036377,3,0.0,0.0,-0.0018507050765501666,NLMK,,0.000129886998311469
atr_14_pct,band_pos,2,0.0045416534502148,0.0059489795918367,2,-0.30803081475310434,-0.1711870966036377,4,0.0,0.0,-0.002532029841181275,NVTK,range_v0_aggressive,0.00017318266441529204
atr_14_pct,band_pos,2,0.0045416534502148,0.0059489795918367,2,-0.30803081475310434,-0.1711870966036377,4,0.0,0.0,-0.002532029841181275,NVTK,range_v0_baseline,0.00017318266441529204
atr_14_pct,band_pos,2,0.0045416534502148,0.0059489795918367,2,-0.30803081475310434,-0.1711870966036377,4,0.0,0.0,-0.002532029841181275,NVTK,range_v0_conservative,0.00017318266441529204
atr_14_pct,band_pos,2,0.0045416534502148,0.0059489795918367,2,-0.30803081475310434,-0.1711870966036377,4,0.0,0.0,-0.002532029841181275,NVTK,range_v2_aggressive,0.00017318266441529204
atr_14_pct,band_pos,2,0.0045416534502148,0.0059489795918367,2,-0.30803081475310434,-0.1711870966036377,4,0.0,0.0,-0.002532029841181275,NVTK,range_v2_balanced,0.00017318266441529204
atr_14_pct,band_pos,2,0.0045416534502148,0.0059489795918367,2,-0.30803081475310434,-0.1711870966036377,4,0.0,0.0,-0.002532029841181275,NVTK,range_v2_conservative,0.00017318266441529204
atr_14_pct,band_pos,2,0.0045416534502148,0.0059489795918367,2,-0.30803081475310434,-0.1711870966036377,4,0.0,0.0,-0.002532029841181275,NVTK,,0.00017318266441529204
atr_14_pct,band_pos,2,0.0045416534502148,0.0059489795918367,2,-0.30803081475310434,-0.1711870966036377,1,0.0,0.0,-0.0021791394658753,OZON,range_v0_aggressive,4.329566610382301e-05
atr_14_pct,band_pos,2,0.0045416534502148,0.0059489795918367,2,-0.30803081475310434,-0.1711870966036377,1,0.0,0.0,-0.0021791394658753,OZON,range_v0_baseline,4.329566610382301e-05
atr_14_pct,band_pos,2,0.0045416534502148,0.0059489795918367,2,-0.30803081475310434,-0.1711870966036377,1,0.0,0.0,-0.0021791394658753,OZON,range_v0_conservative,4.329566610382301e-05
atr_14_pct,band_pos,2,0.0045416534502148,0.0059489795918367,2,-0.30803081475310434,-0.1711870966036377,1,0.0,0.0,-0.0021791394658753,OZON,range_v2_aggressive,4.329566610382301e-05
atr_14_pct,band_pos,2,0.0045416534502148,0.0059489795918367,2,-0.30803081475310434,-0.1711870966036377,1,0.0,0.0,-0.0021791394658753,OZON,range_v2_balanced,4.329566610382301e-05
atr_14_pct,band_pos,2,0.0045416534502148,0.0059489795918367,2,-0.30803081475310434,-0.1711870966036377,1,0.0,0.0,-0.0021791394658753,OZON,range_v2_conservative,4.329566610382301e-05
atr_14_pct,band_pos,2,0.0045416534502148,0.0059489795918367,2,-0.30803081475310434,-0.1711870966036377,1,0.0,0.0,-0.0021791394658753,OZON,,4.329566610382301e-05
atr_14_pct,band_pos,2,0.0045416534502148,0.0059489795918367,2,-0.30803081475310434,-0.1711870966036377,11,0.6363636363636364,1.1025759881276944,0.00010663970909931824,PIKK,range_v0_aggressive,0.00047625232714205306
atr_14_pct,band_pos,2,0.0045416534502148,0.0059489795918367,2,-0.30803081475310434,-0.1711870966036377,11,0.6363636363636364,1.1025759881276944,0.00010663970909931824,PIKK,range_v0_baseline,0.00047625232714205306
atr_14_pct,band_pos,2,0.0045416534502148,0.0059489795918367,2,-0.30803081475310434,-0.1711870966036377,11,0.6363636363636364,1.1025759881276944,0.00010663970909931824,PIKK,range_v0_conservative,0.00047625232714205306
atr_14_pct,band_pos,2,0.0045416534502148,0.0059489795918367,2,-0.30803081475310434,-0.1711870966036377,11,0.6363636363636364,1.1025759881276944,0.00010663970909931824,PIKK,range_v2_aggressive,0.00047625232714205306
atr_14_pct,band_pos,2,0.0045416534502148,0.0059489795918367,2,-0.30803081475310434,-0.1711870966036377,11,0.6363636363636364,1.1025759881276944,0.00010663970909931824,PIKK,range_v2_balanced,0.00047625232714205306
atr_14_pct,band_pos,2,0.0045416534502148,0.0059489795918367,2,-0.30803081475310434,-0.1711870966036377,11,0.6363636363636364,1.1025759881276944,0.00010663970909931824,PIKK,range_v2_conservative,0.00047625232714205306
atr_14_pct,band_pos,2,0.0045416534502148,0.0059489795918367,2,-0.30803081475310434,-0.1711870966036377,11,0.6363636363636364,1.1025759881276944,0.00010663970909931824,PIKK,,0.00047625232714205306
atr_14_pct,band_pos,2,0.0045416534502148,0.0059489795918367,2,-0.30803081475310434,-0.1711870966036377,6,0.6666666666666666,1.0677943241821246,8.170415099583324e-05,PLZL,range_v0_aggressive,0.000259773996622938
atr_14_pct,band_pos,2,0.0045416534502148,0.0059489795918367,2,-0.30803081475310434,-0.1711870966036377,6,0.6666666666666666,1.0677943241821246,8.170415099583324e-05,PLZL,range_v0_baseline,0.000259773996622938
atr_14_pct,band_pos,2,0.0045416534502148,0.0059489795918367,2,-0.30803081475310434,-0.1711870966036377,6,0.6666666666666666,1.0677943241821246,8.170415099583324e-05,PLZL,range_v0_conservative,0.000259773996622938
atr_14_pct,band_pos,2,0.0045416534502148,0.0059489795918367,2,-0.30803081475310434,-0.1711870966036377,6,0.6666666666666666,1.0677943241821246,8.170415099583324e-05,PLZL,range_v2_aggressive,0.000259773996622938
atr_14_pct,band_pos,2,0.0045416534502148,0.0059489795918367,2,-0.30803081475310434,-0.1711870966036377,6,0.6666666666666666,1.0677943241821246,8.170415099583324e-05,PLZL,range_v2_balanced,0.000259773996622938
atr_14_pct,band_pos,2,0.0045416534502148,0.0059489795918367,2,-0.30803081475310434,-0.1711870966036377,6,0.6666666666666666,1.0677943241821246,8.170415099583324e-05,PLZL,range_v2_conservative,0.000259773996622938
atr_14_pct,band_pos,2,0.0045416534502148,0.0059489795918367,2,-0.30803081475310434,-0.1711870966036377,6,0.6666666666666666,1.0677943241821246,8.170415099583324e-05,PLZL,,0.000259773996622938
atr_14_pct,band_pos,2,0.0045416534502148,0.0059489795918367,2,-0.30803081475310434,-0.1711870966036377,4,0.25,0.015489625931543531,-0.0016195922956553001,ROSN,range_v0_aggressive,0.00017318266441529204
atr_14_pct,band_pos,2,0.0045416534502148,0.0059489795918367,2,-0.30803081475310434,-0.1711870966036377,4,0.25,0.015489625931543531,-0.0016195922956553001,ROSN,range_v0_baseline,0.00017318266441529204
atr_14_pct,band_pos,2,0.0045416534502148,0.0059489795918367,2,-0.30803081475310434,-0.1711870966036377,4,0.25,0.015489625931543531,-0.0016195922956553001,ROSN,range_v0_conservative,0.00017318266441529204
atr_14_pct,band_pos,2,0.0045416534502148,0.0059489795918367,2,-0.30803081475310434,-0.1711870966036377,4,0.25,0.015489625931543531,-0.0016195922956553001,ROSN,range_v2_aggressive,0.00017318266441529204
atr_14_pct,band_pos,2,0.0045416534502148,0.0059489795918367,2,-0.30803081475310434,-0.1711870966036377,4,0.25,0.015489625931543531,-0.0016195922956553001,ROSN,range_v2_balanced,0.00017318266441529204
atr_14_pct,band_pos,2,0.0045416534502148,0.0059489795918367,2,-0.30803081475310434,-0.1711870966036377,4,0.25,0.015489625931543531,-0.0016195922956553001,ROSN,range_v2_conservative,0.00017318266441529204
atr_14_pct,band_pos,2,0.0045416534502148,0.0059489795918367,2,-0.30803081475310434,-0.1711870966036377,4,0.25,0.015489625931543531,-0.0016195922956553001,ROSN,,0.00017318266441529204
atr_14_pct,band_pos,2,0.0045416534502148,0.0059489795918367,2,-0.30803081475310434,-0.1711870966036377,2,0.5,1.2788646723533137,0.00035076834121015,SBER,range_v0_aggressive,8.659133220764602e-05
atr_14_pct,band_pos,2,0.0045416534502148,0.0059489795918367,2,-0.30803081475310434,-0.1711870966036377,2,0.5,1.2788646723533137,0.00035076834121015,SBER,range_v0_baseline,8.659133220764602e-05
atr_14_pct,band_pos,2,0.0045416534502148,0.0059489795918367,2,-0.30803081475310434,-0.1711870966036377,2,0.5,1.2788646723533137,0.00035076834121015,SBER,range_v0_conservative,8.659133220764602e-05
atr_14_pct,band_pos,2,0.0045416534502148,0.0059489795918367,2,-0.30803081475310434,-0.1711870966036377,15,0.3333333333333333,0.6604555184143615,-0.00035981851943994665,SBER,range_v2_aggressive,0.0006494349915573451
atr_14_pct,band_pos,2,0.0045416534502148,0.0059489795918367,2,-0.30803081475310434,-0.1711870966036377,2,0.5,1.2788646723533137,0.00035076834121015,SBER,range_v2_balanced,8.659133220764602e-05
atr_14_pct,band_pos,2,0.0045416534502148,0.0059489795918367,2,-0.30803081475310434,-0.1711870966036377,2,0.5,1.2788646723533137,0.00035076834121015,SBER,range_v2_conservative,8.659133220764602e-05
atr_14_pct,band_pos,2,0.0045416534502148,0.0059489795918367,2,-0.30803081475310434,-0.1711870966036377,4,0.5,1.2788646723533137,0.00035076834121015,SBER,,0.00017318266441529204
atr_14_pct,band_pos,2,0.0045416534502148,0.0059489795918367,2,-0.30803081475310434,-0.1711870966036377,8,0.375,0.42720989661497466,-0.0009643195688292873,SNGS,range_v0_aggressive,0.0003463653288305841
atr_14_pct,band_pos,2,0.0045416534502148,0.0059489795918367,2,-0.30803081475310434,-0.1711870966036377,8,0.375,0.42720989661497466,-0.0009643195688292873,SNGS,range_v0_baseline,0.0003463653288305841
atr_14_pct,band_pos,2,0.0045416534502148,0.0059489795918367,2,-0.30803081475310434,-0.1711870966036377,8,0.375,0.42720989661497466,-0.0009643195688292873,SNGS,range_v0_conservative,0.0003463653288305841
atr_14_pct,band_pos,2,0.0045416534502148,0.0059489795918367,2,-0.30803081475310434,-0.1711870966036377,8,0.375,0.42720989661497466,-0.0009643195688292873,SNGS,range_v2_aggressive,0.0003463653288305841
atr_14_pct,band_pos,2,0.0045416534502148,0.0059489795918367,2,-0.30803081475310434,-0.1711870966036377,8,0.375,0.42720989661497466,-0.0009643195688292873,SNGS,range_v2_balanced,0.0003463653288305841
atr_14_pct,band_pos,2,0.0045416534502148,0.0059489795918367,2,-0.30803081475310434,-0.1711870966036377,8,0.375,0.42720989661497466,-0.0009643195688292873,SNGS,range_v2_conservative,0.0003463653288305841
atr_14_pct,band_pos,2,0.0045416534502148,0.0059489795918367,2,-0.30803081475310434,-0.1711870966036377,8,0.375,0.42720989661497466,-0.0009643195688292873,SNGS,,0.0003463653288305841
atr_14_pct,band_pos,2,0.0045416534502148,0.0059489795918367,2,-0.30803081475310434,-0.1711870966036377,10,0.6,1.5105125177179581,0.00044290695854393,TATN,range_v0_aggressive,0.0004329566610382301
atr_14_pct,band_pos,2,0.0045416534502148,0.0059489795918367,2,-0.30803081475310434,-0.1711870966036377,10,0.6,1.5105125177179581,0.00044290695854393,TATN,range_v0_baseline,0.0004329566610382301
atr_14_pct,band_pos,2,0.0045416534502148,0.0059489795918367,2,-0.30803081475310434,-0.1711870966036377,10,0.6,1.5105125177179581,0.00044290695854393,TATN,range_v0_conservative,0.0004329566610382301
atr_14_pct,band_pos,2,0.0045416534502148,0.0059489795918367,2,-0.30803081475310434,-0.1711870966036377,10,0.6,1.5105125177179581,0.00044290695854393,TATN,range_v2_aggressive,0.0004329566610382301
atr_14_pct,band_pos,2,0.0045416534502148,0.0059489795918367,2,-0.30803081475310434,-0.1711870966036377,10,0.6,1.5105125177179581,0.00044290695854393,TATN,range_v2_balanced,0.0004329566610382301
atr_14_pct,band_pos,2,0.0045416534502148,0.0059489795918367,2,-0.30803081475310434,-0.1711870966036377,10,0.6,1.5105125177179581,0.00044290695854393,TATN,range_v2_conservative,0.0004329566610382301
atr_14_pct,band_pos,2,0.0045416534502148,0.0059489795918367,2,-0.30803081475310434,-0.1711870966036377,10,0.6,1.5105125177179581,0.00044290695854393,TATN,,0.0004329566610382301
atr_14_pct,band_pos,2,0.0045416534502148,0.0059489795918367,2,-0.30803081475310434,-0.1711870966036377,2,0.0,0.0,-0.00356010658882395,VKCO,range_v0_aggressive,8.659133220764602e-05
atr_14_pct,band_pos,2,0.0045416534502148,0.0059489795918367,2,-0.30803081475310434,-0.1711870966036377,2,0.0,0.0,-0.00356010658882395,VKCO,range_v0_baseline,8.659133220764602e-05
atr_14_pct,band_pos,2,0.0045416534502148,0.0059489795918367,2,-0.30803081475310434,-0.1711870966036377,2,0.0,0.0,-0.00356010658882395,VKCO,range_v0_conservative,8.659133220764602e-05
atr_14_pct,band_pos,2,0.0045416534502148,0.0059489795918367,2,-0.30803081475310434,-0.1711870966036377,2,0.0,0.0,-0.00356010658882395,VKCO,range_v2_aggressive,8.659133220764602e-05
atr_14_pct,band_pos,2,0.0045416534502148,0.0059489795918367,2,-0.30803081475310434,-0.1711870966036377,2,0.0,0.0,-0.00356010658882395,VKCO,range_v2_balanced,8.659133220764602e-05
atr_14_pct,band_pos,2,0.0045416534502148,0.0059489795918367,2,-0.30803081475310434,-0.1711870966036377,2,0.0,0.0,-0.00356010658882395,VKCO,range_v2_conservative,8.659133220764602e-05
atr_14_pct,band_pos,2,0.0045416534502148,0.0059489795918367,2,-0.30803081475310434,-0.1711870966036377,2,0.0,0.0,-0.00356010658882395,VKCO,,8.659133220764602e-05
atr_14_pct,band_pos,2,0.0045416534502148,0.0059489795918367,2,-0.30803081475310434,-0.1711870966036377,5,0.4,0.48006565646609817,-0.0007156597406892002,YNDX,range_v0_aggressive,0.00021647833051911504
atr_14_pct,band_pos,2,0.0045416534502148,0.0059489795918367,2,-0.30803081475310434,-0.1711870966036377,5,0.4,0.48006565646609817,-0.0007156597406892002,YNDX,range_v0_baseline,0.00021647833051911504
atr_14_pct,band_pos,2,0.0045416534502148,0.0059489795918367,2,-0.30803081475310434,-0.1711870966036377,5,0.4,0.48006565646609817,-0.0007156597406892002,YNDX,range_v0_conservative,0.00021647833051911504
atr_14_pct,band_pos,2,0.0045416534502148,0.0059489795918367,2,-0.30803081475310434,-0.1711870966036377,5,0.4,0.48006565646609817,-0.0007156597406892002,YNDX,range_v2_aggressive,0.00021647833051911504
atr_14_pct,band_pos,2,0.0045416534502148,0.0059489795918367,2,-0.30803081475310434,-0.1711870966036377,5,0.4,0.48006565646609817,-0.0007156597406892002,YNDX,range_v2_balanced,0.00021647833051911504
atr_14_pct,band_pos,2,0.0045416534502148,0.0059489795918367,2,-0.30803081475310434,-0.1711870966036377,5,0.4,0.48006565646609817,-0.0007156597406892002,YNDX,range_v2_conservative,0.00021647833051911504
atr_14_pct,band_pos,2,0.0045416534502148,0.0059489795918367,2,-0.30803081475310434,-0.1711870966036377,5,0.4,0.48006565646609817,-0.0007156597406892002,YNDX,,0.00021647833051911504
atr_14_pct,band_pos,2,0.0045416534502148,0.0059489795918367,3,-0.1711870966036377,-0.071158473171634,11,0.45454545454545453,0.738087046109143,-0.0003259828593303365,CHMF,range_v0_aggressive,0.00047625232714205306
atr_14_pct,band_pos,2,0.0045416534502148,0.0059489795918367,3,-0.1711870966036377,-0.071158473171634,11,0.45454545454545453,0.738087046109143,-0.0003259828593303365,CHMF,range_v0_baseline,0.00047625232714205306
atr_14_pct,band_pos,2,0.0045416534502148,0.0059489795918367,3,-0.1711870966036377,-0.071158473171634,11,0.45454545454545453,0.738087046109143,-0.0003259828593303365,CHMF,range_v0_conservative,0.00047625232714205306
atr_14_pct,band_pos,2,0.0045416534502148,0.0059489795918367,3,-0.1711870966036377,-0.071158473171634,11,0.45454545454545453,0.738087046109143,-0.0003259828593303365,CHMF,range_v2_aggressive,0.00047625232714205306
atr_14_pct,band_pos,2,0.0045416534502148,0.0059489795918367,3,-0.1711870966036377,-0.071158473171634,11,0.45454545454545453,0.738087046109143,-0.0003259828593303365,CHMF,range_v2_balanced,0.00047625232714205306
atr_14_pct,band_pos,2,0.0045416534502148,0.0059489795918367,3,-0.1711870966036377,-0.071158473171634,11,0.45454545454545453,0.738087046109143,-0.0003259828593303365,CHMF,range_v2_conservative,0.00047625232714205306
atr_14_pct,band_pos,2,0.0045416534502148,0.0059489795918367,3,-0.1711870966036377,-0.071158473171634,11,0.45454545454545453,0.738087046109143,-0.0003259828593303365,CHMF,,0.00047625232714205306
atr_14_pct,band_pos,2,0.0045416534502148,0.0059489795918367,3,-0.1711870966036377,-0.071158473171634,1,0.0,0.0,-0.0033109443561208,GAZP,range_v0_aggressive,4.329566610382301e-05
atr_14_pct,band_pos,2,0.0045416534502148,0.0059489795918367,3,-0.1711870966036377,-0.071158473171634,1,0.0,0.0,-0.0033109443561208,GAZP,range_v0_baseline,4.329566610382301e-05
atr_14_pct,band_pos,2,0.0045416534502148,0.0059489795918367,3,-0.1711870966036377,-0.071158473171634,1,0.0,0.0,-0.0033109443561208,GAZP,range_v0_conservative,4.329566610382301e-05
atr_14_pct,band_pos,2,0.0045416534502148,0.0059489795918367,3,-0.1711870966036377,-0.071158473171634,1,0.0,0.0,-0.0033109443561208,GAZP,range_v2_aggressive,4.329566610382301e-05
atr_14_pct,band_pos,2,0.0045416534502148,0.0059489795918367,3,-0.1711870966036377,-0.071158473171634,1,0.0,0.0,-0.0033109443561208,GAZP,range_v2_balanced,4.329566610382301e-05
atr_14_pct,band_pos,2,0.0045416534502148,0.0059489795918367,3,-0.1711870966036377,-0.071158473171634,1,0.0,0.0,-0.0033109443561208,GAZP,range_v2_conservative,4.329566610382301e-05
atr_14_pct,band_pos,2,0.0045416534502148,0.0059489795918367,3,-0.1711870966036377,-0.071158473171634,1,0.0,0.0,-0.0033109443561208,GAZP,,4.329566610382301e-05
atr_14_pct,band_pos,2,0.0045416534502148,0.0059489795918367,3,-0.1711870966036377,-0.071158473171634,7,0.5714285714285714,0.6864118019958845,-0.0003702253109952142,GMKN,range_v0_aggressive,0.00030306966272676105
atr_14_pct,band_pos,2,0.0045416534502148,0.0059489795918367,3,-0.1711870966036377,-0.071158473171634,7,0.5714285714285714,0.6864118019958845,-0.0003702253109952142,GMKN,range_v0_baseline,0.00030306966272676105
atr_14_pct,band_pos,2,0.0045416534502148,0.0059489795918367,3,-0.1711870966036377,-0.071158473171634,7,0.5714285714285714,0.6864118019958845,-0.0003702253109952142,GMKN,range_v0_conservative,0.00030306966272676105
atr_14_pct,band_pos,2,0.0045416534502148,0.0059489795918367,3,-0.1711870966036377,-0.071158473171634,7,0.5714285714285714,0.6864118019958845,-0.0003702253109952142,GMKN,range_v2_aggressive,0.00030306966272676105
atr_14_pct,band_pos,2,0.0045416534502148,0.0059489795918367,3,-0.1711870966036377,-0.071158473171634,7,0.5714285714285714,0.6864118019958845,-0.0003702253109952142,GMKN,range_v2_balanced,0.00030306966272676105
atr_14_pct,band_pos,2,0.0045416534502148,0.0059489795918367,3,-0.1711870966036377,-0.071158473171634,7,0.5714285714285714,0.6864118019958845,-0.0003702253109952142,GMKN,range_v2_conservative,0.00030306966272676105
atr_14_pct,band_pos,2,0.0045416534502148,0.0059489795918367,3,-0.1711870966036377,-0.071158473171634,7,0.5714285714285714,0.6864118019958845,-0.0003702253109952142,GMKN,,0.00030306966272676105
atr_14_pct,band_pos,2,0.0045416534502148,0.0059489795918367,3,-0.1711870966036377,-0.071158473171634,4,0.5,0.7954890043918741,-0.00025939998452805,LKOH,range_v0_aggressive,0.00017318266441529204
atr_14_pct,band_pos,2,0.0045416534502148,0.0059489795918367,3,-0.1711870966036377,-0.071158473171634,4,0.5,0.7954890043918741,-0.00025939998452805,LKOH,range_v0_baseline,0.00017318266441529204
atr_14_pct,band_pos,2,0.0045416534502148,0.0059489795918367,3,-0.1711870966036377,-0.071158473171634,4,0.5,0.7954890043918741,-0.00025939998452805,LKOH,range_v0_conservative,0.00017318266441529204
atr_14_pct,band_pos,2,0.0045416534502148,0.0059489795918367,3,-0.1711870966036377,-0.071158473171634,4,0.5,0.7954890043918741,-0.00025939998452805,LKOH,range_v2_aggressive,0.00017318266441529204
atr_14_pct,band_pos,2,0.0045416534502148,0.0059489795918367,3,-0.1711870966036377,-0.071158473171634,4,0.5,0.7954890043918741,-0.00025939998452805,LKOH,range_v2_balanced,0.00017318266441529204
atr_14_pct,band_pos,2,0.0045416534502148,0.0059489795918367,3,-0.1711870966036377,-0.071158473171634,4,0.5,0.7954890043918741,-0.00025939998452805,LKOH,range_v2_conservative,0.00017318266441529204
atr_14_pct,band_pos,2,0.0045416534502148,0.0059489795918367,3,-0.1711870966036377,-0.071158473171634,4,0.5,0.7954890043918741,-0.00025939998452805,LKOH,,0.00017318266441529204
atr_14_pct,band_pos,2,0.0045416534502148,0.0059489795918367,3,-0.1711870966036377,-0.071158473171634,6,0.8333333333333334,7.1715485323357795,0.0020802785861869,MGNT,range_v0_aggressive,0.000259773996622938
atr_14_pct,band_pos,2,0.0045416534502148,0.0059489795918367,3,-0.1711870966036377,-0.071158473171634,6,0.8333333333333334,7.1715485323357795,0.0020802785861869,MGNT,range_v0_baseline,0.000259773996622938
atr_14_pct,band_pos,2,0.0045416534502148,0.0059489795918367,3,-0.1711870966036377,-0.071158473171634,6,0.8333333333333334,7.1715485323357795,0.0020802785861869,MGNT,range_v0_conservative,0.000259773996622938
atr_14_pct,band_pos,2,0.0045416534502148,0.0059489795918367,3,-0.1711870966036377,-0.071158473171634,6,0.8333333333333334,7.1715485323357795,0.0020802785861869,MGNT,range_v2_aggressive,0.000259773996622938
atr_14_pct,band_pos,2,0.0045416534502148,0.0059489795918367,3,-0.1711870966036377,-0.071158473171634,6,0.8333333333333334,7.1715485323357795,0.0020802785861869,MGNT,range_v2_balanced,0.000259773996622938
atr_14_pct,band_pos,2,0.0045416534502148,0.0059489795918367,3,-0.1711870966036377,-0.071158473171634,6,0.8333333333333334,7.1715485323357795,0.0020802785861869,MGNT,range_v2_conservative,0.000259773996622938
atr_14_pct,band_pos,2,0.0045416534502148,0.0059489795918367,3,-0.1711870966036377,-0.071158473171634,6,0.8333333333333334,7.1715485323357795,0.0020802785861869,MGNT,,0.000259773996622938
atr_14_pct,band_pos,2,0.0045416534502148,0.0059489795918367,3,-0.1711870966036377,-0.071158473171634,3,0.0,0.0,-0.0029569982219642,MTSS,range_v0_aggressive,0.000129886998311469
atr_14_pct,band_pos,2,0.0045416534502148,0.0059489795918367,3,-0.1711870966036377,-0.071158473171634,3,0.0,0.0,-0.0029569982219642,MTSS,range_v0_baseline,0.000129886998311469
atr_14_pct,band_pos,2,0.0045416534502148,0.0059489795918367,3,-0.1711870966036377,-0.071158473171634,3,0.0,0.0,-0.0029569982219642,MTSS,range_v0_conservative,0.000129886998311469
atr_14_pct,band_pos,2,0.0045416534502148,0.0059489795918367,3,-0.1711870966036377,-0.071158473171634,3,0.0,0.0,-0.0029569982219642,MTSS,range_v2_aggressive,0.000129886998311469
atr_14_pct,band_pos,2,0.0045416534502148,0.0059489795918367,3,-0.1711870966036377,-0.071158473171634,3,0.0,0.0,-0.0029569982219642,MTSS,range_v2_balanced,0.000129886998311469
atr_14_pct,band_pos,2,0.0045416534502148,0.0059489795918367,3,-0.1711870966036377,-0.071158473171634,3,0.0,0.0,-0.0029569982219642,MTSS,range_v2_conservative,0.000129886998311469
atr_14_pct,band_pos,2,0.0045416534502148,0.0059489795918367,3,-0.1711870966036377,-0.071158473171634,3,0.0,0.0,-0.0029569982219642,MTSS,,0.000129886998311469
atr_14_pct,band_pos,2,0.0045416534502148,0.0059489795918367,3,-0.1711870966036377,-0.071158473171634,5,0.4,0.368558465981003,-0.0009565146391703201,NLMK,range_v0_aggressive,0.00021647833051911504
atr_14_pct,band_pos,2,0.0045416534502148,0.0059489795918367,3,-0.1711870966036377,-0.071158473171634,5,0.4,0.368558465981003,-0.0009565146391703201,NLMK,range_v0_baseline,0.00021647833051911504
atr_14_pct,band_pos,2,0.0045416534502148,0.0059489795918367,3,-0.1711870966036377,-0.071158473171634,5,0.4,0.368558465981003,-0.0009565146391703201,NLMK,range_v0_conservative,0.00021647833051911504
atr_14_pct,band_pos,2,0.0045416534502148,0.0059489795918367,3,-0.1711870966036377,-0.071158473171634,5,0.4,0.368558465981003,-0.0009565146391703201,NLMK,range_v2_aggressive,0.00021647833051911504
atr_14_pct,band_pos,2,0.0045416534502148,0.0059489795918367,3,-0.1711870966036377,-0.071158473171634,5,0.4,0.368558465981003,-0.0009565146391703201,NLMK,range_v2_balanced,0.00021647833051911504
atr_14_pct,band_pos,2,0.0045416534502148,0.0059489795918367,3,-0.1711870966036377,-0.071158473171634,5,0.4,0.368558465981003,-0.0009565146391703201,NLMK,range_v2_conservative,0.00021647833051911504
atr_14_pct,band_pos,2,0.0045416534502148,0.0059489795918367,3,-0.1711870966036377,-0.071158473171634,5,0.4,0.368558465981003,-0.0009565146391703201,NLMK,,0.00021647833051911504
atr_14_pct,band_pos,2,0.0045416534502148,0.0059489795918367,3,-0.1711870966036377,-0.071158473171634,3,0.0,0.0,-0.0022748974631104668,NVTK,range_v0_aggressive,0.000129886998311469
atr_14_pct,band_pos,2,0.0045416534502148,0.0059489795918367,3,-0.1711870966036377,-0.071158473171634,3,0.0,0.0,-0.0022748974631104668,NVTK,range_v0_baseline,0.000129886998311469
atr_14_pct,band_pos,2,0.0045416534502148,0.0059489795918367,3,-0.1711870966036377,-0.071158473171634,3,0.0,0.0,-0.0022748974631104668,NVTK,range_v0_conservative,0.000129886998311469
atr_14_pct,band_pos,2,0.0045416534502148,0.0059489795918367,3,-0.1711870966036377,-0.071158473171634,3,0.0,0.0,-0.0022748974631104668,NVTK,range_v2_aggressive,0.000129886998311469
atr_14_pct,band_pos,2,0.0045416534502148,0.0059489795918367,3,-0.1711870966036377,-0.071158473171634,3,0.0,0.0,-0.0022748974631104668,NVTK,range_v2_balanced,0.000129886998311469
atr_14_pct,band_pos,2,0.0045416534502148,0.0059489795918367,3,-0.1711870966036377,-0.071158473171634,3,0.0,0.0,-0.0022748974631104668,NVTK,range_v2_conservative,0.000129886998311469
atr_14_pct,band_pos,2,0.0045416534502148,0.0059489795918367,3,-0.1711870966036377,-0.071158473171634,3,0.0,0.0,-0.0022748974631104668,NVTK,,0.000129886998311469
atr_14_pct,band_pos,2,0.0045416534502148,0.0059489795918367,3,-0.1711870966036377,-0.071158473171634,11,0.5454545454545454,1.6526394287274229,0.0007017202607068363,PIKK,range_v0_aggressive,0.00047625232714205306
atr_14_pct,band_pos,2,0.0045416534502148,0.0059489795918367,3,-0.1711870966036377,-0.071158473171634,11,0.5454545454545454,1.6526394287274229,0.0007017202607068363,PIKK,range_v0_baseline,0.00047625232714205306
atr_14_pct,band_pos,2,0.0045416534502148,0.0059489795918367,3,-0.1711870966036377,-0.071158473171634,11,0.5454545454545454,1.6526394287274229,0.0007017202607068363,PIKK,range_v0_conservative,0.00047625232714205306
atr_14_pct,band_pos,2,0.0045416534502148,0.0059489795918367,3,-0.1711870966036377,-0.071158473171634,11,0.5454545454545454,1.6526394287274229,0.0007017202607068363,PIKK,range_v2_aggressive,0.00047625232714205306
atr_14_pct,band_pos,2,0.0045416534502148,0.0059489795918367,3,-0.1711870966036377,-0.071158473171634,11,0.5454545454545454,1.6526394287274229,0.0007017202607068363,PIKK,range_v2_balanced,0.00047625232714205306
atr_14_pct,band_pos,2,0.0045416534502148,0.0059489795918367,3,-0.1711870966036377,-0.071158473171634,11,0.5454545454545454,1.6526394287274229,0.0007017202607068363,PIKK,range_v2_conservative,0.00047625232714205306
atr_14_pct,band_pos,2,0.0045416534502148,0.0059489795918367,3,-0.1711870966036377,-0.071158473171634,11,0.5454545454545454,1.6526394287274229,0.0007017202607068363,PIKK,,0.00047625232714205306
atr_14_pct,band_pos,2,0.0045416534502148,0.0059489795918367,3,-0.1711870966036377,-0.071158473171634,2,0.5,0.48009378593696445,-0.0007603647082334,PLZL,range_v0_aggressive,8.659133220764602e-05
atr_14_pct,band_pos,2,0.0045416534502148,0.0059489795918367,3,-0.1711870966036377,-0.071158473171634,2,0.5,0.48009378593696445,-0.0007603647082334,PLZL,range_v0_baseline,8.659133220764602e-05
atr_14_pct,band_pos,2,0.0045416534502148,0.0059489795918367,3,-0.1711870966036377,-0.071158473171634,2,0.5,0.48009378593696445,-0.0007603647082334,PLZL,range_v0_conservative,8.659133220764602e-05
atr_14_pct,band_pos,2,0.0045416534502148,0.0059489795918367,3,-0.1711870966036377,-0.071158473171634,2,0.5,0.48009378593696445,-0.0007603647082334,PLZL,range_v2_aggressive,8.659133220764602e-05
atr_14_pct,band_pos,2,0.0045416534502148,0.0059489795918367,3,-0.1711870966036377,-0.071158473171634,2,0.5,0.48009378593696445,-0.0007603647082334,PLZL,range_v2_balanced,8.659133220764602e-05
atr_14_pct,band_pos,2,0.0045416534502148,0.0059489795918367,3,-0.1711870966036377,-0.071158473171634,2,0.5,0.48009378593696445,-0.0007603647082334,PLZL,range_v2_conservative,8.659133220764602e-05
atr_14_pct,band_pos,2,0.0045416534502148,0.0059489795918367,3,-0.1711870966036377,-0.071158473171634,2,0.5,0.48009378593696445,-0.0007603647082334,PLZL,,8.659133220764602e-05
atr_14_pct,band_pos,2,0.0045416534502148,0.0059489795918367,3,-0.1711870966036377,-0.071158473171634,3,0.3333333333333333,1.161961936068128,0.00036286652784069985,ROSN,range_v0_aggressive,0.000129886998311469
atr_14_pct,band_pos,2,0.0045416534502148,0.0059489795918367,3,-0.1711870966036377,-0.071158473171634,3,0.3333333333333333,1.161961936068128,0.00036286652784069985,ROSN,range_v0_baseline,0.000129886998311469
atr_14_pct,band_pos,2,0.0045416534502148,0.0059489795918367,3,-0.1711870966036377,-0.071158473171634,3,0.3333333333333333,1.161961936068128,0.00036286652784069985,ROSN,range_v0_conservative,0.000129886998311469
atr_14_pct,band_pos,2,0.0045416534502148,0.0059489795918367,3,-0.1711870966036377,-0.071158473171634,3,0.3333333333333333,1.161961936068128,0.00036286652784069985,ROSN,range_v2_aggressive,0.000129886998311469
atr_14_pct,band_pos,2,0.0045416534502148,0.0059489795918367,3,-0.1711870966036377,-0.071158473171634,3,0.3333333333333333,1.161961936068128,0.00036286652784069985,ROSN,range_v2_balanced,0.000129886998311469
atr_14_pct,band_pos,2,0.0045416534502148,0.0059489795918367,3,-0.1711870966036377,-0.071158473171634,3,0.3333333333333333,1.161961936068128,0.00036286652784069985,ROSN,range_v2_conservative,0.000129886998311469
atr_14_pct,band_pos,2,0.0045416534502148,0.0059489795918367,3,-0.1711870966036377,-0.071158473171634,3,0.3333333333333333,1.161961936068128,0.00036286652784069985,ROSN,,0.000129886998311469
atr_14_pct,band_pos,2,0.0045416534502148,0.0059489795918367,3,-0.1711870966036377,-0.071158473171634,4,0.75,2.7585326409845186,0.0013221177067708999,SBER,range_v0_aggressive,0.00017318266441529204
atr_14_pct,band_pos,2,0.0045416534502148,0.0059489795918367,3,-0.1711870966036377,-0.071158473171634,4,0.75,2.7585326409845186,0.0013221177067708999,SBER,range_v0_baseline,0.00017318266441529204
atr_14_pct,band_pos,2,0.0045416534502148,0.0059489795918367,3,-0.1711870966036377,-0.071158473171634,4,0.75,2.7585326409845186,0.0013221177067708999,SBER,range_v0_conservative,0.00017318266441529204
atr_14_pct,band_pos,2,0.0045416534502148,0.0059489795918367,3,-0.1711870966036377,-0.071158473171634,19,0.5789473684210527,1.97326013487471,0.0005560258671538084,SBER,range_v2_aggressive,0.0008226176559726371
atr_14_pct,band_pos,2,0.0045416534502148,0.0059489795918367,3,-0.1711870966036377,-0.071158473171634,6,0.6666666666666666,2.4045152830138585,0.00089839559030225,SBER,range_v2_balanced,0.000259773996622938
atr_14_pct,band_pos,2,0.0045416534502148,0.0059489795918367,3,-0.1711870966036377,-0.071158473171634,4,0.75,2.7585326409845186,0.0013221177067708999,SBER,range_v2_conservative,0.00017318266441529204
atr_14_pct,band_pos,2,0.0045416534502148,0.0059489795918367,3,-0.1711870966036377,-0.071158473171634,8,0.75,2.7585326409845186,0.0013221177067708999,SBER,,0.0003463653288305841
atr_14_pct,band_pos,2,0.0045416534502148,0.0059489795918367,3,-0.1711870966036377,-0.071158473171634,2,0.0,0.0,-0.0016242372735103,SNGS,range_v0_aggressive,8.659133220764602e-05
atr_14_pct,band_pos,2,0.0045416534502148,0.0059489795918367,3,-0.1711870966036377,-0.071158473171634,2,0.0,0.0,-0.0016242372735103,SNGS,range_v0_baseline,8.659133220764602e-05
atr_14_pct,band_pos,2,0.0045416534502148,0.0059489795918367,3,-0.1711870966036377,-0.071158473171634,2,0.0,0.0,-0.0016242372735103,SNGS,range_v0_conservative,8.659133220764602e-05
atr_14_pct,band_pos,2,0.0045416534502148,0.0059489795918367,3,-0.1711870966036377,-0.071158473171634,2,0.0,0.0,-0.0016242372735103,SNGS,range_v2_aggressive,8.659133220764602e-05
atr_14_pct,band_pos,2,0.0045416534502148,0.0059489795918367,3,-0.1711870966036377,-0.071158473171634,2,0.0,0.0,-0.0016242372735103,SNGS,range_v2_balanced,8.659133220764602e-05
atr_14_pct,band_pos,2,0.0045416534502148,0.0059489795918367,3,-0.1711870966036377,-0.071158473171634,2,0.0,0.0,-0.0016242372735103,SNGS,range_v2_conservative,8.659133220764602e-05
atr_14_pct,band_pos,2,0.0045416534502148,0.0059489795918367,3,-0.1711870966036377,-0.071158473171634,2,0.0,0.0,-0.0016242372735103,SNGS,,8.659133220764602e-05
atr_14_pct,band_pos,2,0.0045416534502148,0.0059489795918367,3,-0.1711870966036377,-0.071158473171634,13,0.46153846153846156,0.9952037950755744,-6.982051673246306e-06,TATN,range_v0_aggressive,0.0005628436593496991
atr_14_pct,band_pos,2,0.0045416534502148,0.0059489795918367,3,-0.1711870966036377,-0.071158473171634,13,0.46153846153846156,0.9952037950755744,-6.982051673246306e-06,TATN,range_v0_baseline,0.0005628436593496991
atr_14_pct,band_pos,2,0.0045416534502148,0.0059489795918367,3,-0.1711870966036377,-0.071158473171634,13,0.46153846153846156,0.9952037950755744,-6.982051673246306e-06,TATN,range_v0_conservative,0.0005628436593496991
atr_14_pct,band_pos,2,0.0045416534502148,0.0059489795918367,3,-0.1711870966036377,-0.071158473171634,13,0.46153846153846156,0.9952037950755744,-6.982051673246306e-06,TATN,range_v2_aggressive,0.0005628436593496991
atr_14_pct,band_pos,2,0.0045416534502148,0.0059489795918367,3,-0.1711870966036377,-0.071158473171634,13,0.46153846153846156,0.9952037950755744,-6.982051673246306e-06,TATN,range_v2_balanced,0.0005628436593496991
atr_14_pct,band_pos,2,0.0045416534502148,0.0059489795918367,3,-0.1711870966036377,-0.071158473171634,13,0.46153846153846156,0.9952037950755744,-6.982051673246306e-06,TATN,range_v2_conservative,0.0005628436593496991
atr_14_pct,band_pos,2,0.0045416534502148,0.0059489795918367,3,-0.1711870966036377,-0.071158473171634,13,0.46153846153846156,0.9952037950755744,-6.982051673246306e-06,TATN,,0.0005628436593496991
atr_14_pct,band_pos,2,0.0045416534502148,0.0059489795918367,3,-0.1711870966036377,-0.071158473171634,4,0.5,1.0697384946428015,7.465468346762495e-05,VKCO,range_v0_aggressive,0.00017318266441529204
atr_14_pct,band_pos,2,0.0045416534502148,0.0059489795918367,3,-0.1711870966036377,-0.071158473171634,4,0.5,1.0697384946428015,7.465468346762495e-05,VKCO,range_v0_baseline,0.00017318266441529204
atr_14_pct,band_pos,2,0.0045416534502148,0.0059489795918367,3,-0.1711870966036377,-0.071158473171634,4,0.5,1.0697384946428015,7.465468346762495e-05,VKCO,range_v0_conservative,0.00017318266441529204
atr_14_pct,band_pos,2,0.0045416534502148,0.0059489795918367,3,-0.1711870966036377,-0.071158473171634,4,0.5,1.0697384946428015,7.465468346762495e-05,VKCO,range_v2_aggressive,0.00017318266441529204
atr_14_pct,band_pos,2,0.0045416534502148,0.0059489795918367,3,-0.1711870966036377,-0.071158473171634,4,0.5,1.0697384946428015,7.465468346762495e-05,VKCO,range_v2_balanced,0.00017318266441529204
atr_14_pct,band_pos,2,0.0045416534502148,0.0059489795918367,3,-0.1711870966036377,-0.071158473171634,4,0.5,1.0697384946428015,7.465468346762495e-05,VKCO,range_v2_conservative,0.00017318266441529204
atr_14_pct,band_pos,2,0.0045416534502148,0.0059489795918367,3,-0.1711870966036377,-0.071158473171634,4,0.5,1.0697384946428015,7.465468346762495e-05,VKCO,,0.00017318266441529204
atr_14_pct,band_pos,2,0.0045416534502148,0.0059489795918367,3,-0.1711870966036377,-0.071158473171634,2,0.0,0.0,-0.0030204786592908503,YNDX,range_v0_aggressive,8.659133220764602e-05
atr_14_pct,band_pos,2,0.0045416534502148,0.0059489795918367,3,-0.1711870966036377,-0.071158473171634,2,0.0,0.0,-0.0030204786592908503,YNDX,range_v0_baseline,8.659133220764602e-05
atr_14_pct,band_pos,2,0.0045416534502148,0.0059489795918367,3,-0.1711870966036377,-0.071158473171634,2,0.0,0.0,-0.0030204786592908503,YNDX,range_v0_conservative,8.659133220764602e-05
atr_14_pct,band_pos,2,0.0045416534502148,0.0059489795918367,3,-0.1711870966036377,-0.071158473171634,2,0.0,0.0,-0.0030204786592908503,YNDX,range_v2_aggressive,8.659133220764602e-05
atr_14_pct,band_pos,2,0.0045416534502148,0.0059489795918367,3,-0.1711870966036377,-0.071158473171634,2,0.0,0.0,-0.0030204786592908503,YNDX,range_v2_balanced,8.659133220764602e-05
atr_14_pct,band_pos,2,0.0045416534502148,0.0059489795918367,3,-0.1711870966036377,-0.071158473171634,2,0.0,0.0,-0.0030204786592908503,YNDX,range_v2_conservative,8.659133220764602e-05
atr_14_pct,band_pos,2,0.0045416534502148,0.0059489795918367,3,-0.1711870966036377,-0.071158473171634,2,0.0,0.0,-0.0030204786592908503,YNDX,,8.659133220764602e-05
atr_14_pct,band_pos,2,0.0045416534502148,0.0059489795918367,4,-0.071158473171634,-0.0056471173799039,7,0.5714285714285714,1.437067255285949,0.00031494689963751436,CHMF,range_v0_aggressive,0.00030306966272676105
atr_14_pct,band_pos,2,0.0045416534502148,0.0059489795918367,4,-0.071158473171634,-0.0056471173799039,7,0.5714285714285714,1.437067255285949,0.00031494689963751436,CHMF,range_v0_baseline,0.00030306966272676105
atr_14_pct,band_pos,2,0.0045416534502148,0.0059489795918367,4,-0.071158473171634,-0.0056471173799039,7,0.5714285714285714,1.437067255285949,0.00031494689963751436,CHMF,range_v0_conservative,0.00030306966272676105
atr_14_pct,band_pos,2,0.0045416534502148,0.0059489795918367,4,-0.071158473171634,-0.0056471173799039,7,0.5714285714285714,1.437067255285949,0.00031494689963751436,CHMF,range_v2_aggressive,0.00030306966272676105
atr_14_pct,band_pos,2,0.0045416534502148,0.0059489795918367,4,-0.071158473171634,-0.0056471173799039,7,0.5714285714285714,1.437067255285949,0.00031494689963751436,CHMF,range_v2_balanced,0.00030306966272676105
atr_14_pct,band_pos,2,0.0045416534502148,0.0059489795918367,4,-0.071158473171634,-0.0056471173799039,7,0.5714285714285714,1.437067255285949,0.00031494689963751436,CHMF,range_v2_conservative,0.00030306966272676105
atr_14_pct,band_pos,2,0.0045416534502148,0.0059489795918367,4,-0.071158473171634,-0.0056471173799039,7,0.5714285714285714,1.437067255285949,0.00031494689963751436,CHMF,,0.00030306966272676105
atr_14_pct,band_pos,2,0.0045416534502148,0.0059489795918367,4,-0.071158473171634,-0.0056471173799039,3,0.0,0.0,-0.0025706719583480663,GAZP,range_v0_aggressive,0.000129886998311469
atr_14_pct,band_pos,2,0.0045416534502148,0.0059489795918367,4,-0.071158473171634,-0.0056471173799039,3,0.0,0.0,-0.0025706719583480663,GAZP,range_v0_baseline,0.000129886998311469
atr_14_pct,band_pos,2,0.0045416534502148,0.0059489795918367,4,-0.071158473171634,-0.0056471173799039,3,0.0,0.0,-0.0025706719583480663,GAZP,range_v0_conservative,0.000129886998311469
atr_14_pct,band_pos,2,0.0045416534502148,0.0059489795918367,4,-0.071158473171634,-0.0056471173799039,3,0.0,0.0,-0.0025706719583480663,GAZP,range_v2_aggressive,0.000129886998311469
atr_14_pct,band_pos,2,0.0045416534502148,0.0059489795918367,4,-0.071158473171634,-0.0056471173799039,3,0.0,0.0,-0.0025706719583480663,GAZP,range_v2_balanced,0.000129886998311469
atr_14_pct,band_pos,2,0.0045416534502148,0.0059489795918367,4,-0.071158473171634,-0.0056471173799039,3,0.0,0.0,-0.0025706719583480663,GAZP,range_v2_conservative,0.000129886998311469
atr_14_pct,band_pos,2,0.0045416534502148,0.0059489795918367,4,-0.071158473171634,-0.0056471173799039,3,0.0,0.0,-0.0025706719583480663,GAZP,,0.000129886998311469
atr_14_pct,band_pos,2,0.0045416534502148,0.0059489795918367,4,-0.071158473171634,-0.0056471173799039,2,0.0,0.0,-0.00189108580669705,GMKN,range_v0_aggressive,8.659133220764602e-05
atr_14_pct,band_pos,2,0.0045416534502148,0.0059489795918367,4,-0.071158473171634,-0.0056471173799039,2,0.0,0.0,-0.00189108580669705,GMKN,range_v0_baseline,8.659133220764602e-05
atr_14_pct,band_pos,2,0.0045416534502148,0.0059489795918367,4,-0.071158473171634,-0.0056471173799039,2,0.0,0.0,-0.00189108580669705,GMKN,range_v0_conservative,8.659133220764602e-05
atr_14_pct,band_pos,2,0.0045416534502148,0.0059489795918367,4,-0.071158473171634,-0.0056471173799039,2,0.0,0.0,-0.00189108580669705,GMKN,range_v2_aggressive,8.659133220764602e-05
atr_14_pct,band_pos,2,0.0045416534502148,0.0059489795918367,4,-0.071158473171634,-0.0056471173799039,2,0.0,0.0,-0.00189108580669705,GMKN,range_v2_balanced,8.659133220764602e-05
atr_14_pct,band_pos,2,0.0045416534502148,0.0059489795918367,4,-0.071158473171634,-0.0056471173799039,2,0.0,0.0,-0.00189108580669705,GMKN,range_v2_conservative,8.659133220764602e-05
atr_14_pct,band_pos,2,0.0045416534502148,0.0059489795918367,4,-0.071158473171634,-0.0056471173799039,2,0.0,0.0,-0.00189108580669705,GMKN,,8.659133220764602e-05
atr_14_pct,band_pos,2,0.0045416534502148,0.0059489795918367,4,-0.071158473171634,-0.0056471173799039,5,0.2,0.22798019373214773,-0.0016323412511242198,LKOH,range_v0_aggressive,0.00021647833051911504
atr_14_pct,band_pos,2,0.0045416534502148,0.0059489795918367,4,-0.071158473171634,-0.0056471173799039,5,0.2,0.22798019373214773,-0.0016323412511242198,LKOH,range_v0_baseline,0.00021647833051911504
atr_14_pct,band_pos,2,0.0045416534502148,0.0059489795918367,4,-0.071158473171634,-0.0056471173799039,5,0.2,0.22798019373214773,-0.0016323412511242198,LKOH,range_v0_conservative,0.00021647833051911504
atr_14_pct,band_pos,2,0.0045416534502148,0.0059489795918367,4,-0.071158473171634,-0.0056471173799039,5,0.2,0.22798019373214773,-0.0016323412511242198,LKOH,range_v2_aggressive,0.00021647833051911504
atr_14_pct,band_pos,2,0.0045416534502148,0.0059489795918367,4,-0.071158473171634,-0.0056471173799039,5,0.2,0.22798019373214773,-0.0016323412511242198,LKOH,range_v2_balanced,0.00021647833051911504
atr_14_pct,band_pos,2,0.0045416534502148,0.0059489795918367,4,-0.071158473171634,-0.0056471173799039,5,0.2,0.22798019373214773,-0.0016323412511242198,LKOH,range_v2_conservative,0.00021647833051911504
atr_14_pct,band_pos,2,0.0045416534502148,0.0059489795918367,4,-0.071158473171634,-0.0056471173799039,5,0.2,0.22798019373214773,-0.0016323412511242198,LKOH,,0.00021647833051911504
atr_14_pct,band_pos,2,0.0045416534502148,0.0059489795918367,4,-0.071158473171634,-0.0056471173799039,7,0.42857142857142855,0.5764339245342543,-0.000588548313899257,MGNT,range_v0_aggressive,0.00030306966272676105
atr_14_pct,band_pos,2,0.0045416534502148,0.0059489795918367,4,-0.071158473171634,-0.0056471173799039,7,0.42857142857142855,0.5764339245342543,-0.000588548313899257,MGNT,range_v0_baseline,0.00030306966272676105
atr_14_pct,band_pos,2,0.0045416534502148,0.0059489795918367,4,-0.071158473171634,-0.0056471173799039,7,0.42857142857142855,0.5764339245342543,-0.000588548313899257,MGNT,range_v0_conservative,0.00030306966272676105
atr_14_pct,band_pos,2,0.0045416534502148,0.0059489795918367,4,-0.071158473171634,-0.0056471173799039,7,0.42857142857142855,0.5764339245342543,-0.000588548313899257,MGNT,range_v2_aggressive,0.00030306966272676105
atr_14_pct,band_pos,2,0.0045416534502148,0.0059489795918367,4,-0.071158473171634,-0.0056471173799039,7,0.42857142857142855,0.5764339245342543,-0.000588548313899257,MGNT,range_v2_balanced,0.00030306966272676105
atr_14_pct,band_pos,2,0.0045416534502148,0.0059489795918367,4,-0.071158473171634,-0.0056471173799039,7,0.42857142857142855,0.5764339245342543,-0.000588548313899257,MGNT,range_v2_conservative,0.00030306966272676105
atr_14_pct,band_pos,2,0.0045416534502148,0.0059489795918367,4,-0.071158473171634,-0.0056471173799039,7,0.42857142857142855,0.5764339245342543,-0.000588548313899257,MGNT,,0.00030306966272676105
atr_14_pct,band_pos,2,0.0045416534502148,0.0059489795918367,4,-0.071158473171634,-0.0056471173799039,5,0.6,1.3892415011743628,0.00031481506768376,MTSS,range_v0_aggressive,0.00021647833051911504
atr_14_pct,band_pos,2,0.0045416534502148,0.0059489795918367,4,-0.071158473171634,-0.0056471173799039,5,0.6,1.3892415011743628,0.00031481506768376,MTSS,range_v0_baseline,0.00021647833051911504
atr_14_pct,band_pos,2,0.0045416534502148,0.0059489795918367,4,-0.071158473171634,-0.0056471173799039,5,0.6,1.3892415011743628,0.00031481506768376,MTSS,range_v0_conservative,0.00021647833051911504
atr_14_pct,band_pos,2,0.0045416534502148,0.0059489795918367,4,-0.071158473171634,-0.0056471173799039,5,0.6,1.3892415011743628,0.00031481506768376,MTSS,range_v2_aggressive,0.00021647833051911504
atr_14_pct,band_pos,2,0.0045416534502148,0.0059489795918367,4,-0.071158473171634,-0.0056471173799039,5,0.6,1.3892415011743628,0.00031481506768376,MTSS,range_v2_balanced,0.00021647833051911504
atr_14_pct,band_pos,2,0.0045416534502148,0.0059489795918367,4,-0.071158473171634,-0.0056471173799039,5,0.6,1.3892415011743628,0.00031481506768376,MTSS,range_v2_conservative,0.00021647833051911504
atr_14_pct,band_pos,2,0.0045416534502148,0.0059489795918367,4,-0.071158473171634,-0.0056471173799039,5,0.6,1.3892415011743628,0.00031481506768376,MTSS,,0.00021647833051911504
atr_14_pct,band_pos,2,0.0045416534502148,0.0059489795918367,4,-0.071158473171634,-0.0056471173799039,7,0.42857142857142855,0.4429084831284856,-0.0006359884184480999,NLMK,range_v0_aggressive,0.00030306966272676105
atr_14_pct,band_pos,2,0.0045416534502148,0.0059489795918367,4,-0.071158473171634,-0.0056471173799039,7,0.42857142857142855,0.4429084831284856,-0.0006359884184480999,NLMK,range_v0_baseline,0.00030306966272676105
atr_14_pct,band_pos,2,0.0045416534502148,0.0059489795918367,4,-0.071158473171634,-0.0056471173799039,7,0.42857142857142855,0.4429084831284856,-0.0006359884184480999,NLMK,range_v0_conservative,0.00030306966272676105
atr_14_pct,band_pos,2,0.0045416534502148,0.0059489795918367,4,-0.071158473171634,-0.0056471173799039,7,0.42857142857142855,0.4429084831284856,-0.0006359884184480999,NLMK,range_v2_aggressive,0.00030306966272676105
atr_14_pct,band_pos,2,0.0045416534502148,0.0059489795918367,4,-0.071158473171634,-0.0056471173799039,7,0.42857142857142855,0.4429084831284856,-0.0006359884184480999,NLMK,range_v2_balanced,0.00030306966272676105
atr_14_pct,band_pos,2,0.0045416534502148,0.0059489795918367,4,-0.071158473171634,-0.0056471173799039,7,0.42857142857142855,0.4429084831284856,-0.0006359884184480999,NLMK,range_v2_conservative,0.00030306966272676105
atr_14_pct,band_pos,2,0.0045416534502148,0.0059489795918367,4,-0.071158473171634,-0.0056471173799039,7,0.42857142857142855,0.4429084831284856,-0.0006359884184480999,NLMK,,0.00030306966272676105
atr_14_pct,band_pos,2,0.0045416534502148,0.0059489795918367,4,-0.071158473171634,-0.0056471173799039,9,0.4444444444444444,0.5388310079588715,-0.0006453524848234222,NVTK,range_v0_aggressive,0.00038966099493440706
atr_14_pct,band_pos,2,0.0045416534502148,0.0059489795918367,4,-0.071158473171634,-0.0056471173799039,9,0.4444444444444444,0.5388310079588715,-0.0006453524848234222,NVTK,range_v0_baseline,0.00038966099493440706
atr_14_pct,band_pos,2,0.0045416534502148,0.0059489795918367,4,-0.071158473171634,-0.0056471173799039,9,0.4444444444444444,0.5388310079588715,-0.0006453524848234222,NVTK,range_v0_conservative,0.00038966099493440706
atr_14_pct,band_pos,2,0.0045416534502148,0.0059489795918367,4,-0.071158473171634,-0.0056471173799039,9,0.4444444444444444,0.5388310079588715,-0.0006453524848234222,NVTK,range_v2_aggressive,0.00038966099493440706
atr_14_pct,band_pos,2,0.0045416534502148,0.0059489795918367,4,-0.071158473171634,-0.0056471173799039,9,0.4444444444444444,0.5388310079588715,-0.0006453524848234222,NVTK,range_v2_balanced,0.00038966099493440706
atr_14_pct,band_pos,2,0.0045416534502148,0.0059489795918367,4,-0.071158473171634,-0.0056471173799039,9,0.4444444444444444,0.5388310079588715,-0.0006453524848234222,NVTK,range_v2_conservative,0.00038966099493440706
atr_14_pct,band_pos,2,0.0045416534502148,0.0059489795918367,4,-0.071158473171634,-0.0056471173799039,9,0.4444444444444444,0.5388310079588715,-0.0006453524848234222,NVTK,,0.00038966099493440706
atr_14_pct,band_pos,2,0.0045416534502148,0.0059489795918367,4,-0.071158473171634,-0.0056471173799039,10,0.5,1.1027711180208484,0.00010227839261062,PIKK,range_v0_aggressive,0.0004329566610382301
atr_14_pct,band_pos,2,0.0045416534502148,0.0059489795918367,4,-0.071158473171634,-0.0056471173799039,10,0.5,1.1027711180208484,0.00010227839261062,PIKK,range_v0_baseline,0.0004329566610382301
atr_14_pct,band_pos,2,0.0045416534502148,0.0059489795918367,4,-0.071158473171634,-0.0056471173799039,10,0.5,1.1027711180208484,0.00010227839261062,PIKK,range_v0_conservative,0.0004329566610382301
atr_14_pct,band_pos,2,0.0045416534502148,0.0059489795918367,4,-0.071158473171634,-0.0056471173799039,10,0.5,1.1027711180208484,0.00010227839261062,PIKK,range_v2_aggressive,0.0004329566610382301
atr_14_pct,band_pos,2,0.0045416534502148,0.0059489795918367,4,-0.071158473171634,-0.0056471173799039,10,0.5,1.1027711180208484,0.00010227839261062,PIKK,range_v2_balanced,0.0004329566610382301
atr_14_pct,band_pos,2,0.0045416534502148,0.0059489795918367,4,-0.071158473171634,-0.0056471173799039,10,0.5,1.1027711180208484,0.00010227839261062,PIKK,range_v2_conservative,0.0004329566610382301
atr_14_pct,band_pos,2,0.0045416534502148,0.0059489795918367,4,-0.071158473171634,-0.0056471173799039,10,0.5,1.1027711180208484,0.00010227839261062,PIKK,,0.0004329566610382301
atr_14_pct,band_pos,2,0.0045416534502148,0.0059489795918367,4,-0.071158473171634,-0.0056471173799039,6,0.8333333333333334,3.885559223390829,0.0014709326689916833,PLZL,range_v0_aggressive,0.000259773996622938
atr_14_pct,band_pos,2,0.0045416534502148,0.0059489795918367,4,-0.071158473171634,-0.0056471173799039,6,0.8333333333333334,3.885559223390829,0.0014709326689916833,PLZL,range_v0_baseline,0.000259773996622938
atr_14_pct,band_pos,2,0.0045416534502148,0.0059489795918367,4,-0.071158473171634,-0.0056471173799039,6,0.8333333333333334,3.885559223390829,0.0014709326689916833,PLZL,range_v0_conservative,0.000259773996622938
atr_14_pct,band_pos,2,0.0045416534502148,0.0059489795918367,4,-0.071158473171634,-0.0056471173799039,6,0.8333333333333334,3.885559223390829,0.0014709326689916833,PLZL,range_v2_aggressive,0.000259773996622938
atr_14_pct,band_pos,2,0.0045416534502148,0.0059489795918367,4,-0.071158473171634,-0.0056471173799039,6,0.8333333333333334,3.885559223390829,0.0014709326689916833,PLZL,range_v2_balanced,0.000259773996622938
atr_14_pct,band_pos,2,0.0045416534502148,0.0059489795918367,4,-0.071158473171634,-0.0056471173799039,6,0.8333333333333334,3.885559223390829,0.0014709326689916833,PLZL,range_v2_conservative,0.000259773996622938
atr_14_pct,band_pos,2,0.0045416534502148,0.0059489795918367,4,-0.071158473171634,-0.0056471173799039,6,0.8333333333333334,3.885559223390829,0.0014709326689916833,PLZL,,0.000259773996622938
atr_14_pct,band_pos,2,0.0045416534502148,0.0059489795918367,4,-0.071158473171634,-0.0056471173799039,10,0.6,1.0182000651247654,2.2324204292079823e-05,ROSN,range_v0_aggressive,0.0004329566610382301
atr_14_pct,band_pos,2,0.0045416534502148,0.0059489795918367,4,-0.071158473171634,-0.0056471173799039,10,0.6,1.0182000651247654,2.2324204292079823e-05,ROSN,range_v0_baseline,0.0004329566610382301
atr_14_pct,band_pos,2,0.0045416534502148,0.0059489795918367,4,-0.071158473171634,-0.0056471173799039,10,0.6,1.0182000651247654,2.2324204292079823e-05,ROSN,range_v0_conservative,0.0004329566610382301
atr_14_pct,band_pos,2,0.0045416534502148,0.0059489795918367,4,-0.071158473171634,-0.0056471173799039,10,0.6,1.0182000651247654,2.2324204292079823e-05,ROSN,range_v2_aggressive,0.0004329566610382301
atr_14_pct,band_pos,2,0.0045416534502148,0.0059489795918367,4,-0.071158473171634,-0.0056471173799039,10,0.6,1.0182000651247654,2.2324204292079823e-05,ROSN,range_v2_balanced,0.0004329566610382301
atr_14_pct,band_pos,2,0.0045416534502148,0.0059489795918367,4,-0.071158473171634,-0.0056471173799039,10,0.6,1.0182000651247654,2.2324204292079823e-05,ROSN,range_v2_conservative,0.0004329566610382301
atr_14_pct,band_pos,2,0.0045416534502148,0.0059489795918367,4,-0.071158473171634,-0.0056471173799039,10,0.6,1.0182000651247654,2.2324204292079823e-05,ROSN,,0.0004329566610382301
atr_14_pct,band_pos,2,0.0045416534502148,0.0059489795918367,4,-0.071158473171634,-0.0056471173799039,8,0.5,0.9832036326002515,-1.93967910405875e-05,SBER,range_v0_aggressive,0.0003463653288305841
atr_14_pct,band_pos,2,0.0045416534502148,0.0059489795918367,4,-0.071158473171634,-0.0056471173799039,8,0.5,0.9832036326002515,-1.93967910405875e-05,SBER,range_v0_baseline,0.0003463653288305841
atr_14_pct,band_pos,2,0.0045416534502148,0.0059489795918367,4,-0.071158473171634,-0.0056471173799039,8,0.5,0.9832036326002515,-1.93967910405875e-05,SBER,range_v0_conservative,0.0003463653288305841
atr_14_pct,band_pos,2,0.0045416534502148,0.0059489795918367,4,-0.071158473171634,-0.0056471173799039,17,0.5294117647058824,0.8650586810422506,-0.00014785444656100584,SBER,range_v2_aggressive,0.0007360263237649911
atr_14_pct,band_pos,2,0.0045416534502148,0.0059489795918367,4,-0.071158473171634,-0.0056471173799039,20,0.45,0.8806815737583572,-7.935285017074501e-05,SBER,range_v2_balanced,0.0008659133220764602
atr_14_pct,band_pos,2,0.0045416534502148,0.0059489795918367,4,-0.071158473171634,-0.0056471173799039,8,0.5,0.9832036326002515,-1.93967910405875e-05,SBER,range_v2_conservative,0.0003463653288305841
atr_14_pct,band_pos,2,0.0045416534502148,0.0059489795918367,4,-0.071158473171634,-0.0056471173799039,16,0.5,0.9832036326002515,-1.93967910405875e-05,SBER,,0.0006927306576611682
atr_14_pct,band_pos,2,0.0045416534502148,0.0059489795918367,4,-0.071158473171634,-0.0056471173799039,8,0.125,0.07762114965937664,-0.0021192371071335377,SNGS,range_v0_aggressive,0.0003463653288305841
atr_14_pct,band_pos,2,0.0045416534502148,0.0059489795918367,4,-0.071158473171634,-0.0056471173799039,8,0.125,0.07762114965937664,-0.0021192371071335377,SNGS,range_v0_baseline,0.0003463653288305841
atr_14_pct,band_pos,2,0.0045416534502148,0.0059489795918367,4,-0.071158473171634,-0.0056471173799039,8,0.125,0.07762114965937664,-0.0021192371071335377,SNGS,range_v0_conservative,0.0003463653288305841
atr_14_pct,band_pos,2,0.0045416534502148,0.0059489795918367,4,-0.071158473171634,-0.0056471173799039,8,0.125,0.07762114965937664,-0.0021192371071335377,SNGS,range_v2_aggressive,0.0003463653288305841
atr_14_pct,band_pos,2,0.0045416534502148,0.0059489795918367,4,-0.071158473171634,-0.0056471173799039,8,0.125,0.07762114965937664,-0.0021192371071335377,SNGS,range_v2_balanced,0.0003463653288305841
atr_14_pct,band_pos,2,0.0045416534502148,0.0059489795918367,4,-0.071158473171634,-0.0056471173799039,8,0.125,0.07762114965937664,-0.0021192371071335377,SNGS,range_v2_conservative,0.0003463653288305841
atr_14_pct,band_pos,2,0.0045416534502148,0.0059489795918367,4,-0.071158473171634,-0.0056471173799039,8,0.125,0.07762114965937664,-0.0021192371071335377,SNGS,,0.0003463653288305841
atr_14_pct,band_pos,2,0.0045416534502148,0.0059489795918367,4,-0.071158473171634,-0.0056471173799039,12,0.3333333333333333,0.4292118416252692,-0.0008262434568234251,TATN,range_v0_aggressive,0.000519547993245876
atr_14_pct,band_pos,2,0.0045416534502148,0.0059489795918367,4,-0.071158473171634,-0.0056471173799039,12,0.3333333333333333,0.4292118416252692,-0.0008262434568234251,TATN,range_v0_baseline,0.000519547993245876
atr_14_pct,band_pos,2,0.0045416534502148,0.0059489795918367,4,-0.071158473171634,-0.0056471173799039,12,0.3333333333333333,0.4292118416252692,-0.0008262434568234251,TATN,range_v0_conservative,0.000519547993245876
atr_14_pct,band_pos,2,0.0045416534502148,0.0059489795918367,4,-0.071158473171634,-0.0056471173799039,12,0.3333333333333333,0.4292118416252692,-0.0008262434568234251,TATN,range_v2_aggressive,0.000519547993245876
atr_14_pct,band_pos,2,0.0045416534502148,0.0059489795918367,4,-0.071158473171634,-0.0056471173799039,12,0.3333333333333333,0.4292118416252692,-0.0008262434568234251,TATN,range_v2_balanced,0.000519547993245876
atr_14_pct,band_pos,2,0.0045416534502148,0.0059489795918367,4,-0.071158473171634,-0.0056471173799039,12,0.3333333333333333,0.4292118416252692,-0.0008262434568234251,TATN,range_v2_conservative,0.000519547993245876
atr_14_pct,band_pos,2,0.0045416534502148,0.0059489795918367,4,-0.071158473171634,-0.0056471173799039,12,0.3333333333333333,0.4292118416252692,-0.0008262434568234251,TATN,,0.000519547993245876
atr_14_pct,band_pos,2,0.0045416534502148,0.0059489795918367,4,-0.071158473171634,-0.0056471173799039,4,0.5,0.35018076276490906,-0.001490488288255025,VKCO,range_v0_aggressive,0.00017318266441529204
atr_14_pct,band_pos,2,0.0045416534502148,0.0059489795918367,4,-0.071158473171634,-0.0056471173799039,4,0.5,0.35018076276490906,-0.001490488288255025,VKCO,range_v0_baseline,0.00017318266441529204
atr_14_pct,band_pos,2,0.0045416534502148,0.0059489795918367,4,-0.071158473171634,-0.0056471173799039,4,0.5,0.35018076276490906,-0.001490488288255025,VKCO,range_v0_conservative,0.00017318266441529204
atr_14_pct,band_pos,2,0.0045416534502148,0.0059489795918367,4,-0.071158473171634,-0.0056471173799039,4,0.5,0.35018076276490906,-0.001490488288255025,VKCO,range_v2_aggressive,0.00017318266441529204
atr_14_pct,band_pos,2,0.0045416534502148,0.0059489795918367,4,-0.071158473171634,-0.0056471173799039,4,0.5,0.35018076276490906,-0.001490488288255025,VKCO,range_v2_balanced,0.00017318266441529204
atr_14_pct,band_pos,2,0.0045416534502148,0.0059489795918367,4,-0.071158473171634,-0.0056471173799039,4,0.5,0.35018076276490906,-0.001490488288255025,VKCO,range_v2_conservative,0.00017318266441529204
atr_14_pct,band_pos,2,0.0045416534502148,0.0059489795918367,4,-0.071158473171634,-0.0056471173799039,4,0.5,0.35018076276490906,-0.001490488288255025,VKCO,,0.00017318266441529204
atr_14_pct,band_pos,2,0.0045416534502148,0.0059489795918367,4,-0.071158473171634,-0.0056471173799039,2,1.0,inf,0.0017624942254292,YNDX,range_v0_aggressive,8.659133220764602e-05
atr_14_pct,band_pos,2,0.0045416534502148,0.0059489795918367,4,-0.071158473171634,-0.0056471173799039,2,1.0,inf,0.0017624942254292,YNDX,range_v0_baseline,8.659133220764602e-05
atr_14_pct,band_pos,2,0.0045416534502148,0.0059489795918367,4,-0.071158473171634,-0.0056471173799039,2,1.0,inf,0.0017624942254292,YNDX,range_v0_conservative,8.659133220764602e-05
atr_14_pct,band_pos,2,0.0045416534502148,0.0059489795918367,4,-0.071158473171634,-0.0056471173799039,2,1.0,inf,0.0017624942254292,YNDX,range_v2_aggressive,8.659133220764602e-05
atr_14_pct,band_pos,2,0.0045416534502148,0.0059489795918367,4,-0.071158473171634,-0.0056471173799039,2,1.0,inf,0.0017624942254292,YNDX,range_v2_balanced,8.659133220764602e-05
atr_14_pct,band_pos,2,0.0045416534502148,0.0059489795918367,4,-0.071158473171634,-0.0056471173799039,2,1.0,inf,0.0017624942254292,YNDX,range_v2_conservative,8.659133220764602e-05
atr_14_pct,band_pos,2,0.0045416534502148,0.0059489795918367,4,-0.071158473171634,-0.0056471173799039,2,1.0,inf,0.0017624942254292,YNDX,,8.659133220764602e-05
atr_14_pct,band_pos,2,0.0045416534502148,0.0059489795918367,5,-0.0056471173799039,0.4996513928999424,10,0.6,1.002804284257047,3.1470685777200404e-06,CHMF,range_v0_aggressive,0.0004329566610382301
atr_14_pct,band_pos,2,0.0045416534502148,0.0059489795918367,5,-0.0056471173799039,0.4996513928999424,10,0.6,1.002804284257047,3.1470685777200404e-06,CHMF,range_v0_baseline,0.0004329566610382301
atr_14_pct,band_pos,2,0.0045416534502148,0.0059489795918367,5,-0.0056471173799039,0.4996513928999424,10,0.6,1.002804284257047,3.1470685777200404e-06,CHMF,range_v0_conservative,0.0004329566610382301
atr_14_pct,band_pos,2,0.0045416534502148,0.0059489795918367,5,-0.0056471173799039,0.4996513928999424,10,0.6,1.002804284257047,3.1470685777200404e-06,CHMF,range_v2_aggressive,0.0004329566610382301
atr_14_pct,band_pos,2,0.0045416534502148,0.0059489795918367,5,-0.0056471173799039,0.4996513928999424,10,0.6,1.002804284257047,3.1470685777200404e-06,CHMF,range_v2_balanced,0.0004329566610382301
atr_14_pct,band_pos,2,0.0045416534502148,0.0059489795918367,5,-0.0056471173799039,0.4996513928999424,10,0.6,1.002804284257047,3.1470685777200404e-06,CHMF,range_v2_conservative,0.0004329566610382301
atr_14_pct,band_pos,2,0.0045416534502148,0.0059489795918367,5,-0.0056471173799039,0.4996513928999424,10,0.6,1.002804284257047,3.1470685777200404e-06,CHMF,,0.0004329566610382301
atr_14_pct,band_pos,2,0.0045416534502148,0.0059489795918367,5,-0.0056471173799039,0.4996513928999424,1,1.0,inf,0.002408086553323,GAZP,range_v0_aggressive,4.329566610382301e-05
atr_14_pct,band_pos,2,0.0045416534502148,0.0059489795918367,5,-0.0056471173799039,0.4996513928999424,1,1.0,inf,0.002408086553323,GAZP,range_v0_baseline,4.329566610382301e-05
atr_14_pct,band_pos,2,0.0045416534502148,0.0059489795918367,5,-0.0056471173799039,0.4996513928999424,1,1.0,inf,0.002408086553323,GAZP,range_v0_conservative,4.329566610382301e-05
atr_14_pct,band_pos,2,0.0045416534502148,0.0059489795918367,5,-0.0056471173799039,0.4996513928999424,1,1.0,inf,0.002408086553323,GAZP,range_v2_aggressive,4.329566610382301e-05
atr_14_pct,band_pos,2,0.0045416534502148,0.0059489795918367,5,-0.0056471173799039,0.4996513928999424,1,1.0,inf,0.002408086553323,GAZP,range_v2_balanced,4.329566610382301e-05
atr_14_pct,band_pos,2,0.0045416534502148,0.0059489795918367,5,-0.0056471173799039,0.4996513928999424,1,1.0,inf,0.002408086553323,GAZP,range_v2_conservative,4.329566610382301e-05
atr_14_pct,band_pos,2,0.0045416534502148,0.0059489795918367,5,-0.0056471173799039,0.4996513928999424,1,1.0,inf,0.002408086553323,GAZP,,4.329566610382301e-05
atr_14_pct,band_pos,2,0.0045416534502148,0.0059489795918367,5,-0.0056471173799039,0.4996513928999424,5,0.4,0.2895466370935039,-0.0014149248605363,GMKN,range_v0_aggressive,0.00021647833051911504
atr_14_pct,band_pos,2,0.0045416534502148,0.0059489795918367,5,-0.0056471173799039,0.4996513928999424,5,0.4,0.2895466370935039,-0.0014149248605363,GMKN,range_v0_baseline,0.00021647833051911504
atr_14_pct,band_pos,2,0.0045416534502148,0.0059489795918367,5,-0.0056471173799039,0.4996513928999424,5,0.4,0.2895466370935039,-0.0014149248605363,GMKN,range_v0_conservative,0.00021647833051911504
atr_14_pct,band_pos,2,0.0045416534502148,0.0059489795918367,5,-0.0056471173799039,0.4996513928999424,5,0.4,0.2895466370935039,-0.0014149248605363,GMKN,range_v2_aggressive,0.00021647833051911504
atr_14_pct,band_pos,2,0.0045416534502148,0.0059489795918367,5,-0.0056471173799039,0.4996513928999424,5,0.4,0.2895466370935039,-0.0014149248605363,GMKN,range_v2_balanced,0.00021647833051911504
atr_14_pct,band_pos,2,0.0045416534502148,0.0059489795918367,5,-0.0056471173799039,0.4996513928999424,5,0.4,0.2895466370935039,-0.0014149248605363,GMKN,range_v2_conservative,0.00021647833051911504
atr_14_pct,band_pos,2,0.0045416534502148,0.0059489795918367,5,-0.0056471173799039,0.4996513928999424,5,0.4,0.2895466370935039,-0.0014149248605363,GMKN,,0.00021647833051911504
atr_14_pct,band_pos,2,0.0045416534502148,0.0059489795918367,5,-0.0056471173799039,0.4996513928999424,8,0.0,0.0,-0.003386576986680488,LKOH,range_v0_aggressive,0.0003463653288305841
atr_14_pct,band_pos,2,0.0045416534502148,0.0059489795918367,5,-0.0056471173799039,0.4996513928999424,8,0.0,0.0,-0.003386576986680488,LKOH,range_v0_baseline,0.0003463653288305841
atr_14_pct,band_pos,2,0.0045416534502148,0.0059489795918367,5,-0.0056471173799039,0.4996513928999424,8,0.0,0.0,-0.003386576986680488,LKOH,range_v0_conservative,0.0003463653288305841
atr_14_pct,band_pos,2,0.0045416534502148,0.0059489795918367,5,-0.0056471173799039,0.4996513928999424,8,0.0,0.0,-0.003386576986680488,LKOH,range_v2_aggressive,0.0003463653288305841
atr_14_pct,band_pos,2,0.0045416534502148,0.0059489795918367,5,-0.0056471173799039,0.4996513928999424,8,0.0,0.0,-0.003386576986680488,LKOH,range_v2_balanced,0.0003463653288305841
atr_14_pct,band_pos,2,0.0045416534502148,0.0059489795918367,5,-0.0056471173799039,0.4996513928999424,8,0.0,0.0,-0.003386576986680488,LKOH,range_v2_conservative,0.0003463653288305841
atr_14_pct,band_pos,2,0.0045416534502148,0.0059489795918367,5,-0.0056471173799039,0.4996513928999424,8,0.0,0.0,-0.003386576986680488,LKOH,,0.0003463653288305841
atr_14_pct,band_pos,2,0.0045416534502148,0.0059489795918367,5,-0.0056471173799039,0.4996513928999424,6,0.16666666666666666,0.1536285443524631,-0.0014195146759209333,MGNT,range_v0_aggressive,0.000259773996622938
atr_14_pct,band_pos,2,0.0045416534502148,0.0059489795918367,5,-0.0056471173799039,0.4996513928999424,6,0.16666666666666666,0.1536285443524631,-0.0014195146759209333,MGNT,range_v0_baseline,0.000259773996622938
atr_14_pct,band_pos,2,0.0045416534502148,0.0059489795918367,5,-0.0056471173799039,0.4996513928999424,6,0.16666666666666666,0.1536285443524631,-0.0014195146759209333,MGNT,range_v0_conservative,0.000259773996622938
atr_14_pct,band_pos,2,0.0045416534502148,0.0059489795918367,5,-0.0056471173799039,0.4996513928999424,6,0.16666666666666666,0.1536285443524631,-0.0014195146759209333,MGNT,range_v2_aggressive,0.000259773996622938
atr_14_pct,band_pos,2,0.0045416534502148,0.0059489795918367,5,-0.0056471173799039,0.4996513928999424,6,0.16666666666666666,0.1536285443524631,-0.0014195146759209333,MGNT,range_v2_balanced,0.000259773996622938
atr_14_pct,band_pos,2,0.0045416534502148,0.0059489795918367,5,-0.0056471173799039,0.4996513928999424,6,0.16666666666666666,0.1536285443524631,-0.0014195146759209333,MGNT,range_v2_conservative,0.000259773996622938
atr_14_pct,band_pos,2,0.0045416534502148,0.0059489795918367,5,-0.0056471173799039,0.4996513928999424,6,0.16666666666666666,0.1536285443524631,-0.0014195146759209333,MGNT,,0.000259773996622938
atr_14_pct,band_pos,2,0.0045416534502148,0.0059489795918367,5,-0.0056471173799039,0.4996513928999424,2,0.0,0.0,-0.0032574397821446,MTSS,range_v0_aggressive,8.659133220764602e-05
atr_14_pct,band_pos,2,0.0045416534502148,0.0059489795918367,5,-0.0056471173799039,0.4996513928999424,2,0.0,0.0,-0.0032574397821446,MTSS,range_v0_baseline,8.659133220764602e-05
atr_14_pct,band_pos,2,0.0045416534502148,0.0059489795918367,5,-0.0056471173799039,0.4996513928999424,2,0.0,0.0,-0.0032574397821446,MTSS,range_v0_conservative,8.659133220764602e-05
atr_14_pct,band_pos,2,0.0045416534502148,0.0059489795918367,5,-0.0056471173799039,0.4996513928999424,2,0.0,0.0,-0.0032574397821446,MTSS,range_v2_aggressive,8.659133220764602e-05
atr_14_pct,band_pos,2,0.0045416534502148,0.0059489795918367,5,-0.0056471173799039,0.4996513928999424,2,0.0,0.0,-0.0032574397821446,MTSS,range_v2_balanced,8.659133220764602e-05
atr_14_pct,band_pos,2,0.0045416534502148,0.0059489795918367,5,-0.0056471173799039,0.4996513928999424,2,0.0,0.0,-0.0032574397821446,MTSS,range_v2_conservative,8.659133220764602e-05
atr_14_pct,band_pos,2,0.0045416534502148,0.0059489795918367,5,-0.0056471173799039,0.4996513928999424,2,0.0,0.0,-0.0032574397821446,MTSS,,8.659133220764602e-05
atr_14_pct,band_pos,2,0.0045416534502148,0.0059489795918367,5,-0.0056471173799039,0.4996513928999424,5,0.2,0.411057450408001,-0.0011328383149143402,NLMK,range_v0_aggressive,0.00021647833051911504
atr_14_pct,band_pos,2,0.0045416534502148,0.0059489795918367,5,-0.0056471173799039,0.4996513928999424,5,0.2,0.411057450408001,-0.0011328383149143402,NLMK,range_v0_baseline,0.00021647833051911504
atr_14_pct,band_pos,2,0.0045416534502148,0.0059489795918367,5,-0.0056471173799039,0.4996513928999424,5,0.2,0.411057450408001,-0.0011328383149143402,NLMK,range_v0_conservative,0.00021647833051911504
atr_14_pct,band_pos,2,0.0045416534502148,0.0059489795918367,5,-0.0056471173799039,0.4996513928999424,5,0.2,0.411057450408001,-0.0011328383149143402,NLMK,range_v2_aggressive,0.00021647833051911504
atr_14_pct,band_pos,2,0.0045416534502148,0.0059489795918367,5,-0.0056471173799039,0.4996513928999424,5,0.2,0.411057450408001,-0.0011328383149143402,NLMK,range_v2_balanced,0.00021647833051911504
atr_14_pct,band_pos,2,0.0045416534502148,0.0059489795918367,5,-0.0056471173799039,0.4996513928999424,5,0.2,0.411057450408001,-0.0011328383149143402,NLMK,range_v2_conservative,0.00021647833051911504
atr_14_pct,band_pos,2,0.0045416534502148,0.0059489795918367,5,-0.0056471173799039,0.4996513928999424,5,0.2,0.411057450408001,-0.0011328383149143402,NLMK,,0.00021647833051911504
atr_14_pct,band_pos,2,0.0045416534502148,0.0059489795918367,5,-0.0056471173799039,0.4996513928999424,4,0.0,0.0,-0.00188129401480255,NVTK,range_v0_aggressive,0.00017318266441529204
atr_14_pct,band_pos,2,0.0045416534502148,0.0059489795918367,5,-0.0056471173799039,0.4996513928999424,4,0.0,0.0,-0.00188129401480255,NVTK,range_v0_baseline,0.00017318266441529204
atr_14_pct,band_pos,2,0.0045416534502148,0.0059489795918367,5,-0.0056471173799039,0.4996513928999424,4,0.0,0.0,-0.00188129401480255,NVTK,range_v0_conservative,0.00017318266441529204
atr_14_pct,band_pos,2,0.0045416534502148,0.0059489795918367,5,-0.0056471173799039,0.4996513928999424,4,0.0,0.0,-0.00188129401480255,NVTK,range_v2_aggressive,0.00017318266441529204
atr_14_pct,band_pos,2,0.0045416534502148,0.0059489795918367,5,-0.0056471173799039,0.4996513928999424,4,0.0,0.0,-0.00188129401480255,NVTK,range_v2_balanced,0.00017318266441529204
atr_14_pct,band_pos,2,0.0045416534502148,0.0059489795918367,5,-0.0056471173799039,0.4996513928999424,4,0.0,0.0,-0.00188129401480255,NVTK,range_v2_conservative,0.00017318266441529204
atr_14_pct,band_pos,2,0.0045416534502148,0.0059489795918367,5,-0.0056471173799039,0.4996513928999424,4,0.0,0.0,-0.00188129401480255,NVTK,,0.00017318266441529204
atr_14_pct,band_pos,2,0.0045416534502148,0.0059489795918367,5,-0.0056471173799039,0.4996513928999424,9,0.4444444444444444,1.3458668779349683,0.00036971355777882213,PIKK,range_v0_aggressive,0.00038966099493440706
atr_14_pct,band_pos,2,0.0045416534502148,0.0059489795918367,5,-0.0056471173799039,0.4996513928999424,9,0.4444444444444444,1.3458668779349683,0.00036971355777882213,PIKK,range_v0_baseline,0.00038966099493440706
atr_14_pct,band_pos,2,0.0045416534502148,0.0059489795918367,5,-0.0056471173799039,0.4996513928999424,9,0.4444444444444444,1.3458668779349683,0.00036971355777882213,PIKK,range_v0_conservative,0.00038966099493440706
atr_14_pct,band_pos,2,0.0045416534502148,0.0059489795918367,5,-0.0056471173799039,0.4996513928999424,9,0.4444444444444444,1.3458668779349683,0.00036971355777882213,PIKK,range_v2_aggressive,0.00038966099493440706
atr_14_pct,band_pos,2,0.0045416534502148,0.0059489795918367,5,-0.0056471173799039,0.4996513928999424,9,0.4444444444444444,1.3458668779349683,0.00036971355777882213,PIKK,range_v2_balanced,0.00038966099493440706
atr_14_pct,band_pos,2,0.0045416534502148,0.0059489795918367,5,-0.0056471173799039,0.4996513928999424,9,0.4444444444444444,1.3458668779349683,0.00036971355777882213,PIKK,range_v2_conservative,0.00038966099493440706
atr_14_pct,band_pos,2,0.0045416534502148,0.0059489795918367,5,-0.0056471173799039,0.4996513928999424,9,0.4444444444444444,1.3458668779349683,0.00036971355777882213,PIKK,,0.00038966099493440706
atr_14_pct,band_pos,2,0.0045416534502148,0.0059489795918367,5,-0.0056471173799039,0.4996513928999424,7,0.42857142857142855,0.46103721039720164,-0.000762966087280057,PLZL,range_v0_aggressive,0.00030306966272676105
atr_14_pct,band_pos,2,0.0045416534502148,0.0059489795918367,5,-0.0056471173799039,0.4996513928999424,7,0.42857142857142855,0.46103721039720164,-0.000762966087280057,PLZL,range_v0_baseline,0.00030306966272676105
atr_14_pct,band_pos,2,0.0045416534502148,0.0059489795918367,5,-0.0056471173799039,0.4996513928999424,7,0.42857142857142855,0.46103721039720164,-0.000762966087280057,PLZL,range_v0_conservative,0.00030306966272676105
atr_14_pct,band_pos,2,0.0045416534502148,0.0059489795918367,5,-0.0056471173799039,0.4996513928999424,7,0.42857142857142855,0.46103721039720164,-0.000762966087280057,PLZL,range_v2_aggressive,0.00030306966272676105
atr_14_pct,band_pos,2,0.0045416534502148,0.0059489795918367,5,-0.0056471173799039,0.4996513928999424,7,0.42857142857142855,0.46103721039720164,-0.000762966087280057,PLZL,range_v2_balanced,0.00030306966272676105
atr_14_pct,band_pos,2,0.0045416534502148,0.0059489795918367,5,-0.0056471173799039,0.4996513928999424,7,0.42857142857142855,0.46103721039720164,-0.000762966087280057,PLZL,range_v2_conservative,0.00030306966272676105
atr_14_pct,band_pos,2,0.0045416534502148,0.0059489795918367,5,-0.0056471173799039,0.4996513928999424,7,0.42857142857142855,0.46103721039720164,-0.000762966087280057,PLZL,,0.00030306966272676105
atr_14_pct,band_pos,2,0.0045416534502148,0.0059489795918367,5,-0.0056471173799039,0.4996513928999424,10,0.2,0.16116098670877352,-0.0016388173986782088,ROSN,range_v0_aggressive,0.0004329566610382301
atr_14_pct,band_pos,2,0.0045416534502148,0.0059489795918367,5,-0.0056471173799039,0.4996513928999424,10,0.2,0.16116098670877352,-0.0016388173986782088,ROSN,range_v0_baseline,0.0004329566610382301
atr_14_pct,band_pos,2,0.0045416534502148,0.0059489795918367,5,-0.0056471173799039,0.4996513928999424,10,0.2,0.16116098670877352,-0.0016388173986782088,ROSN,range_v0_conservative,0.0004329566610382301
atr_14_pct,band_pos,2,0.0045416534502148,0.0059489795918367,5,-0.0056471173799039,0.4996513928999424,10,0.2,0.16116098670877352,-0.0016388173986782088,ROSN,range_v2_aggressive,0.0004329566610382301
atr_14_pct,band_pos,2,0.0045416534502148,0.0059489795918367,5,-0.0056471173799039,0.4996513928999424,10,0.2,0.16116098670877352,-0.0016388173986782088,ROSN,range_v2_balanced,0.0004329566610382301
atr_14_pct,band_pos,2,0.0045416534502148,0.0059489795918367,5,-0.0056471173799039,0.4996513928999424,10,0.2,0.16116098670877352,-0.0016388173986782088,ROSN,range_v2_conservative,0.0004329566610382301
atr_14_pct,band_pos,2,0.0045416534502148,0.0059489795918367,5,-0.0056471173799039,0.4996513928999424,10,0.2,0.16116098670877352,-0.0016388173986782088,ROSN,,0.0004329566610382301
atr_14_pct,band_pos,2,0.0045416534502148,0.0059489795918367,5,-0.0056471173799039,0.4996513928999424,4,0.5,0.28742681754969435,-0.0009473201109899,SBER,range_v0_aggressive,0.00017318266441529204
atr_14_pct,band_pos,2,0.0045416534502148,0.0059489795918367,5,-0.0056471173799039,0.4996513928999424,4,0.5,0.28742681754969435,-0.0009473201109899,SBER,range_v0_baseline,0.00017318266441529204
atr_14_pct,band_pos,2,0.0045416534502148,0.0059489795918367,5,-0.0056471173799039,0.4996513928999424,4,0.5,0.28742681754969435,-0.0009473201109899,SBER,range_v0_conservative,0.00017318266441529204
atr_14_pct,band_pos,2,0.0045416534502148,0.0059489795918367,5,-0.0056471173799039,0.4996513928999424,20,0.45,0.3211744382932137,-0.0007270676992739751,SBER,range_v2_aggressive,0.0008659133220764602
atr_14_pct,band_pos,2,0.0045416534502148,0.0059489795918367,5,-0.0056471173799039,0.4996513928999424,41,0.43902439024390244,0.6003313664839172,-0.00022276413483207085,SBER,range_v2_balanced,0.0017751223102567433
atr_14_pct,band_pos,2,0.0045416534502148,0.0059489795918367,5,-0.0056471173799039,0.4996513928999424,4,0.5,0.28742681754969435,-0.0009473201109899,SBER,range_v2_conservative,0.00017318266441529204
atr_14_pct,band_pos,2,0.0045416534502148,0.0059489795918367,5,-0.0056471173799039,0.4996513928999424,8,0.5,0.28742681754969435,-0.0009473201109899001,SBER,,0.0003463653288305841
atr_14_pct,band_pos,2,0.0045416534502148,0.0059489795918367,5,-0.0056471173799039,0.4996513928999424,12,0.25,0.2837976508969728,-0.00151269314400165,TATN,range_v0_aggressive,0.000519547993245876
atr_14_pct,band_pos,2,0.0045416534502148,0.0059489795918367,5,-0.0056471173799039,0.4996513928999424,12,0.25,0.2837976508969728,-0.00151269314400165,TATN,range_v0_baseline,0.000519547993245876
atr_14_pct,band_pos,2,0.0045416534502148,0.0059489795918367,5,-0.0056471173799039,0.4996513928999424,12,0.25,0.2837976508969728,-0.00151269314400165,TATN,range_v0_conservative,0.000519547993245876
atr_14_pct,band_pos,2,0.0045416534502148,0.0059489795918367,5,-0.0056471173799039,0.4996513928999424,12,0.25,0.2837976508969728,-0.00151269314400165,TATN,range_v2_aggressive,0.000519547993245876
atr_14_pct,band_pos,2,0.0045416534502148,0.0059489795918367,5,-0.0056471173799039,0.4996513928999424,12,0.25,0.2837976508969728,-0.00151269314400165,TATN,range_v2_balanced,0.000519547993245876
atr_14_pct,band_pos,2,0.0045416534502148,0.0059489795918367,5,-0.0056471173799039,0.4996513928999424,12,0.25,0.2837976508969728,-0.00151269314400165,TATN,range_v2_conservative,0.000519547993245876
atr_14_pct,band_pos,2,0.0045416534502148,0.0059489795918367,5,-0.0056471173799039,0.4996513928999424,12,0.25,0.2837976508969728,-0.00151269314400165,TATN,,0.000519547993245876
atr_14_pct,band_pos,2,0.0045416534502148,0.0059489795918367,5,-0.0056471173799039,0.4996513928999424,3,0.6666666666666666,1.3435796821487507,0.00027363715004713327,YNDX,range_v0_aggressive,0.000129886998311469
atr_14_pct,band_pos,2,0.0045416534502148,0.0059489795918367,5,-0.0056471173799039,0.4996513928999424,3,0.6666666666666666,1.3435796821487507,0.00027363715004713327,YNDX,range_v0_baseline,0.000129886998311469
atr_14_pct,band_pos,2,0.0045416534502148,0.0059489795918367,5,-0.0056471173799039,0.4996513928999424,3,0.6666666666666666,1.3435796821487507,0.00027363715004713327,YNDX,range_v0_conservative,0.000129886998311469
atr_14_pct,band_pos,2,0.0045416534502148,0.0059489795918367,5,-0.0056471173799039,0.4996513928999424,3,0.6666666666666666,1.3435796821487507,0.00027363715004713327,YNDX,range_v2_aggressive,0.000129886998311469
atr_14_pct,band_pos,2,0.0045416534502148,0.0059489795918367,5,-0.0056471173799039,0.4996513928999424,3,0.6666666666666666,1.3435796821487507,0.00027363715004713327,YNDX,range_v2_balanced,0.000129886998311469
atr_14_pct,band_pos,2,0.0045416534502148,0.0059489795918367,5,-0.0056471173799039,0.4996513928999424,3,0.6666666666666666,1.3435796821487507,0.00027363715004713327,YNDX,range_v2_conservative,0.000129886998311469
atr_14_pct,band_pos,2,0.0045416534502148,0.0059489795918367,5,-0.0056471173799039,0.4996513928999424,3,0.6666666666666666,1.3435796821487507,0.00027363715004713327,YNDX,,0.000129886998311469
atr_14_pct,band_pos,3,0.0059489795918367,0.0078066914498141,0,-1.7111676770571271,-0.5006577883425565,5,0.4,1.0573155029241847,5.8815577900219945e-05,CHMF,range_v0_aggressive,0.00021647833051911504
atr_14_pct,band_pos,3,0.0059489795918367,0.0078066914498141,0,-1.7111676770571271,-0.5006577883425565,5,0.4,1.0573155029241847,5.8815577900219945e-05,CHMF,range_v0_baseline,0.00021647833051911504
atr_14_pct,band_pos,3,0.0059489795918367,0.0078066914498141,0,-1.7111676770571271,-0.5006577883425565,5,0.4,1.0573155029241847,5.8815577900219945e-05,CHMF,range_v0_conservative,0.00021647833051911504
atr_14_pct,band_pos,3,0.0059489795918367,0.0078066914498141,0,-1.7111676770571271,-0.5006577883425565,5,0.4,1.0573155029241847,5.8815577900219945e-05,CHMF,range_v2_aggressive,0.00021647833051911504
atr_14_pct,band_pos,3,0.0059489795918367,0.0078066914498141,0,-1.7111676770571271,-0.5006577883425565,5,0.4,1.0573155029241847,5.8815577900219945e-05,CHMF,range_v2_balanced,0.00021647833051911504
atr_14_pct,band_pos,3,0.0059489795918367,0.0078066914498141,0,-1.7111676770571271,-0.5006577883425565,5,0.4,1.0573155029241847,5.8815577900219945e-05,CHMF,range_v2_conservative,0.00021647833051911504
atr_14_pct,band_pos,3,0.0059489795918367,0.0078066914498141,0,-1.7111676770571271,-0.5006577883425565,5,0.4,1.0573155029241847,5.8815577900219945e-05,CHMF,,0.00021647833051911504
atr_14_pct,band_pos,3,0.0059489795918367,0.0078066914498141,0,-1.7111676770571271,-0.5006577883425565,4,0.5,1.0543323689042983,7.383140152962509e-05,GAZP,range_v0_aggressive,0.00017318266441529204
atr_14_pct,band_pos,3,0.0059489795918367,0.0078066914498141,0,-1.7111676770571271,-0.5006577883425565,4,0.5,1.0543323689042983,7.383140152962509e-05,GAZP,range_v0_baseline,0.00017318266441529204
atr_14_pct,band_pos,3,0.0059489795918367,0.0078066914498141,0,-1.7111676770571271,-0.5006577883425565,4,0.5,1.0543323689042983,7.383140152962509e-05,GAZP,range_v0_conservative,0.00017318266441529204
atr_14_pct,band_pos,3,0.0059489795918367,0.0078066914498141,0,-1.7111676770571271,-0.5006577883425565,4,0.5,1.0543323689042983,7.383140152962509e-05,GAZP,range_v2_aggressive,0.00017318266441529204
atr_14_pct,band_pos,3,0.0059489795918367,0.0078066914498141,0,-1.7111676770571271,-0.5006577883425565,4,0.5,1.0543323689042983,7.383140152962509e-05,GAZP,range_v2_balanced,0.00017318266441529204
atr_14_pct,band_pos,3,0.0059489795918367,0.0078066914498141,0,-1.7111676770571271,-0.5006577883425565,4,0.5,1.0543323689042983,7.383140152962509e-05,GAZP,range_v2_conservative,0.00017318266441529204
atr_14_pct,band_pos,3,0.0059489795918367,0.0078066914498141,0,-1.7111676770571271,-0.5006577883425565,4,0.5,1.0543323689042983,7.383140152962509e-05,GAZP,,0.00017318266441529204
atr_14_pct,band_pos,3,0.0059489795918367,0.0078066914498141,0,-1.7111676770571271,-0.5006577883425565,6,0.6666666666666666,1.6027255899054715,0.0005122297840057167,GMKN,range_v0_aggressive,0.000259773996622938
atr_14_pct,band_pos,3,0.0059489795918367,0.0078066914498141,0,-1.7111676770571271,-0.5006577883425565,6,0.6666666666666666,1.6027255899054715,0.0005122297840057167,GMKN,range_v0_baseline,0.000259773996622938
atr_14_pct,band_pos,3,0.0059489795918367,0.0078066914498141,0,-1.7111676770571271,-0.5006577883425565,6,0.6666666666666666,1.6027255899054715,0.0005122297840057167,GMKN,range_v0_conservative,0.000259773996622938
atr_14_pct,band_pos,3,0.0059489795918367,0.0078066914498141,0,-1.7111676770571271,-0.5006577883425565,6,0.6666666666666666,1.6027255899054715,0.0005122297840057167,GMKN,range_v2_aggressive,0.000259773996622938
atr_14_pct,band_pos,3,0.0059489795918367,0.0078066914498141,0,-1.7111676770571271,-0.5006577883425565,6,0.6666666666666666,1.6027255899054715,0.0005122297840057167,GMKN,range_v2_balanced,0.000259773996622938
atr_14_pct,band_pos,3,0.0059489795918367,0.0078066914498141,0,-1.7111676770571271,-0.5006577883425565,6,0.6666666666666666,1.6027255899054715,0.0005122297840057167,GMKN,range_v2_conservative,0.000259773996622938
atr_14_pct,band_pos,3,0.0059489795918367,0.0078066914498141,0,-1.7111676770571271,-0.5006577883425565,6,0.6666666666666666,1.6027255899054715,0.0005122297840057167,GMKN,,0.000259773996622938
atr_14_pct,band_pos,3,0.0059489795918367,0.0078066914498141,0,-1.7111676770571271,-0.5006577883425565,6,0.3333333333333333,0.9814637688207948,-2.8740441569316745e-05,LKOH,range_v0_aggressive,0.000259773996622938
atr_14_pct,band_pos,3,0.0059489795918367,0.0078066914498141,0,-1.7111676770571271,-0.5006577883425565,6,0.3333333333333333,0.9814637688207948,-2.8740441569316745e-05,LKOH,range_v0_baseline,0.000259773996622938
atr_14_pct,band_pos,3,0.0059489795918367,0.0078066914498141,0,-1.7111676770571271,-0.5006577883425565,6,0.3333333333333333,0.9814637688207948,-2.8740441569316745e-05,LKOH,range_v0_conservative,0.000259773996622938
atr_14_pct,band_pos,3,0.0059489795918367,0.0078066914498141,0,-1.7111676770571271,-0.5006577883425565,6,0.3333333333333333,0.9814637688207948,-2.8740441569316745e-05,LKOH,range_v2_aggressive,0.000259773996622938
atr_14_pct,band_pos,3,0.0059489795918367,0.0078066914498141,0,-1.7111676770571271,-0.5006577883425565,6,0.3333333333333333,0.9814637688207948,-2.8740441569316745e-05,LKOH,range_v2_balanced,0.000259773996622938
atr_14_pct,band_pos,3,0.0059489795918367,0.0078066914498141,0,-1.7111676770571271,-0.5006577883425565,6,0.3333333333333333,0.9814637688207948,-2.8740441569316745e-05,LKOH,range_v2_conservative,0.000259773996622938
atr_14_pct,band_pos,3,0.0059489795918367,0.0078066914498141,0,-1.7111676770571271,-0.5006577883425565,6,0.3333333333333333,0.9814637688207948,-2.8740441569316745e-05,LKOH,,0.000259773996622938
atr_14_pct,band_pos,3,0.0059489795918367,0.0078066914498141,0,-1.7111676770571271,-0.5006577883425565,5,0.8,2.5582314233382695,0.0008517016206137,MGNT,range_v0_aggressive,0.00021647833051911504
atr_14_pct,band_pos,3,0.0059489795918367,0.0078066914498141,0,-1.7111676770571271,-0.5006577883425565,5,0.8,2.5582314233382695,0.0008517016206137,MGNT,range_v0_baseline,0.00021647833051911504
atr_14_pct,band_pos,3,0.0059489795918367,0.0078066914498141,0,-1.7111676770571271,-0.5006577883425565,5,0.8,2.5582314233382695,0.0008517016206137,MGNT,range_v0_conservative,0.00021647833051911504
atr_14_pct,band_pos,3,0.0059489795918367,0.0078066914498141,0,-1.7111676770571271,-0.5006577883425565,5,0.8,2.5582314233382695,0.0008517016206137,MGNT,range_v2_aggressive,0.00021647833051911504
atr_14_pct,band_pos,3,0.0059489795918367,0.0078066914498141,0,-1.7111676770571271,-0.5006577883425565,5,0.8,2.5582314233382695,0.0008517016206137,MGNT,range_v2_balanced,0.00021647833051911504
atr_14_pct,band_pos,3,0.0059489795918367,0.0078066914498141,0,-1.7111676770571271,-0.5006577883425565,5,0.8,2.5582314233382695,0.0008517016206137,MGNT,range_v2_conservative,0.00021647833051911504
atr_14_pct,band_pos,3,0.0059489795918367,0.0078066914498141,0,-1.7111676770571271,-0.5006577883425565,5,0.8,2.5582314233382695,0.0008517016206137,MGNT,,0.00021647833051911504
atr_14_pct,band_pos,3,0.0059489795918367,0.0078066914498141,0,-1.7111676770571271,-0.5006577883425565,3,0.0,0.0,-0.0026004921367767334,MTSS,range_v0_aggressive,0.000129886998311469
atr_14_pct,band_pos,3,0.0059489795918367,0.0078066914498141,0,-1.7111676770571271,-0.5006577883425565,3,0.0,0.0,-0.0026004921367767334,MTSS,range_v0_baseline,0.000129886998311469
atr_14_pct,band_pos,3,0.0059489795918367,0.0078066914498141,0,-1.7111676770571271,-0.5006577883425565,3,0.0,0.0,-0.0026004921367767334,MTSS,range_v0_conservative,0.000129886998311469
atr_14_pct,band_pos,3,0.0059489795918367,0.0078066914498141,0,-1.7111676770571271,-0.5006577883425565,3,0.0,0.0,-0.0026004921367767334,MTSS,range_v2_aggressive,0.000129886998311469
atr_14_pct,band_pos,3,0.0059489795918367,0.0078066914498141,0,-1.7111676770571271,-0.5006577883425565,3,0.0,0.0,-0.0026004921367767334,MTSS,range_v2_balanced,0.000129886998311469
atr_14_pct,band_pos,3,0.0059489795918367,0.0078066914498141,0,-1.7111676770571271,-0.5006577883425565,3,0.0,0.0,-0.0026004921367767334,MTSS,range_v2_conservative,0.000129886998311469
atr_14_pct,band_pos,3,0.0059489795918367,0.0078066914498141,0,-1.7111676770571271,-0.5006577883425565,3,0.0,0.0,-0.0026004921367767334,MTSS,,0.000129886998311469
atr_14_pct,band_pos,3,0.0059489795918367,0.0078066914498141,0,-1.7111676770571271,-0.5006577883425565,7,0.2857142857142857,0.42573064151854045,-0.0011282896139549,NLMK,range_v0_aggressive,0.00030306966272676105
atr_14_pct,band_pos,3,0.0059489795918367,0.0078066914498141,0,-1.7111676770571271,-0.5006577883425565,7,0.2857142857142857,0.42573064151854045,-0.0011282896139549,NLMK,range_v0_baseline,0.00030306966272676105
atr_14_pct,band_pos,3,0.0059489795918367,0.0078066914498141,0,-1.7111676770571271,-0.5006577883425565,7,0.2857142857142857,0.42573064151854045,-0.0011282896139549,NLMK,range_v0_conservative,0.00030306966272676105
atr_14_pct,band_pos,3,0.0059489795918367,0.0078066914498141,0,-1.7111676770571271,-0.5006577883425565,7,0.2857142857142857,0.42573064151854045,-0.0011282896139549,NLMK,range_v2_aggressive,0.00030306966272676105
atr_14_pct,band_pos,3,0.0059489795918367,0.0078066914498141,0,-1.7111676770571271,-0.5006577883425565,7,0.2857142857142857,0.42573064151854045,-0.0011282896139549,NLMK,range_v2_balanced,0.00030306966272676105
atr_14_pct,band_pos,3,0.0059489795918367,0.0078066914498141,0,-1.7111676770571271,-0.5006577883425565,7,0.2857142857142857,0.42573064151854045,-0.0011282896139549,NLMK,range_v2_conservative,0.00030306966272676105
atr_14_pct,band_pos,3,0.0059489795918367,0.0078066914498141,0,-1.7111676770571271,-0.5006577883425565,7,0.2857142857142857,0.42573064151854045,-0.0011282896139549,NLMK,,0.00030306966272676105
atr_14_pct,band_pos,3,0.0059489795918367,0.0078066914498141,0,-1.7111676770571271,-0.5006577883425565,4,0.5,1.7645226709573083,0.0006651788758308252,NVTK,range_v0_aggressive,0.00017318266441529204
atr_14_pct,band_pos,3,0.0059489795918367,0.0078066914498141,0,-1.7111676770571271,-0.5006577883425565,4,0.5,1.7645226709573083,0.0006651788758308252,NVTK,range_v0_baseline,0.00017318266441529204
atr_14_pct,band_pos,3,0.0059489795918367,0.0078066914498141,0,-1.7111676770571271,-0.5006577883425565,4,0.5,1.7645226709573083,0.0006651788758308252,NVTK,range_v0_conservative,0.00017318266441529204
atr_14_pct,band_pos,3,0.0059489795918367,0.0078066914498141,0,-1.7111676770571271,-0.5006577883425565,4,0.5,1.7645226709573083,0.0006651788758308252,NVTK,range_v2_aggressive,0.00017318266441529204
atr_14_pct,band_pos,3,0.0059489795918367,0.0078066914498141,0,-1.7111676770571271,-0.5006577883425565,4,0.5,1.7645226709573083,0.0006651788758308252,NVTK,range_v2_balanced,0.00017318266441529204
atr_14_pct,band_pos,3,0.0059489795918367,0.0078066914498141,0,-1.7111676770571271,-0.5006577883425565,4,0.5,1.7645226709573083,0.0006651788758308252,NVTK,range_v2_conservative,0.00017318266441529204
atr_14_pct,band_pos,3,0.0059489795918367,0.0078066914498141,0,-1.7111676770571271,-0.5006577883425565,4,0.5,1.7645226709573083,0.0006651788758308252,NVTK,,0.00017318266441529204
atr_14_pct,band_pos,3,0.0059489795918367,0.0078066914498141,0,-1.7111676770571271,-0.5006577883425565,2,0.5,1.3605068978843635,0.00042695525198939996,OZON,range_v0_aggressive,8.659133220764602e-05
atr_14_pct,band_pos,3,0.0059489795918367,0.0078066914498141,0,-1.7111676770571271,-0.5006577883425565,2,0.5,1.3605068978843635,0.00042695525198939996,OZON,range_v0_baseline,8.659133220764602e-05
atr_14_pct,band_pos,3,0.0059489795918367,0.0078066914498141,0,-1.7111676770571271,-0.5006577883425565,2,0.5,1.3605068978843635,0.00042695525198939996,OZON,range_v0_conservative,8.659133220764602e-05
atr_14_pct,band_pos,3,0.0059489795918367,0.0078066914498141,0,-1.7111676770571271,-0.5006577883425565,2,0.5,1.3605068978843635,0.00042695525198939996,OZON,range_v2_aggressive,8.659133220764602e-05
atr_14_pct,band_pos,3,0.0059489795918367,0.0078066914498141,0,-1.7111676770571271,-0.5006577883425565,2,0.5,1.3605068978843635,0.00042695525198939996,OZON,range_v2_balanced,8.659133220764602e-05
atr_14_pct,band_pos,3,0.0059489795918367,0.0078066914498141,0,-1.7111676770571271,-0.5006577883425565,2,0.5,1.3605068978843635,0.00042695525198939996,OZON,range_v2_conservative,8.659133220764602e-05
atr_14_pct,band_pos,3,0.0059489795918367,0.0078066914498141,0,-1.7111676770571271,-0.5006577883425565,2,0.5,1.3605068978843635,0.00042695525198939996,OZON,,8.659133220764602e-05
atr_14_pct,band_pos,3,0.0059489795918367,0.0078066914498141,0,-1.7111676770571271,-0.5006577883425565,8,0.625,2.4395339511966627,0.001238181649417725,PIKK,range_v0_aggressive,0.0003463653288305841
atr_14_pct,band_pos,3,0.0059489795918367,0.0078066914498141,0,-1.7111676770571271,-0.5006577883425565,8,0.625,2.4395339511966627,0.001238181649417725,PIKK,range_v0_baseline,0.0003463653288305841
atr_14_pct,band_pos,3,0.0059489795918367,0.0078066914498141,0,-1.7111676770571271,-0.5006577883425565,8,0.625,2.4395339511966627,0.001238181649417725,PIKK,range_v0_conservative,0.0003463653288305841
atr_14_pct,band_pos,3,0.0059489795918367,0.0078066914498141,0,-1.7111676770571271,-0.5006577883425565,8,0.625,2.4395339511966627,0.001238181649417725,PIKK,range_v2_aggressive,0.0003463653288305841
atr_14_pct,band_pos,3,0.0059489795918367,0.0078066914498141,0,-1.7111676770571271,-0.5006577883425565,8,0.625,2.4395339511966627,0.001238181649417725,PIKK,range_v2_balanced,0.0003463653288305841
atr_14_pct,band_pos,3,0.0059489795918367,0.0078066914498141,0,-1.7111676770571271,-0.5006577883425565,8,0.625,2.4395339511966627,0.001238181649417725,PIKK,range_v2_conservative,0.0003463653288305841
atr_14_pct,band_pos,3,0.0059489795918367,0.0078066914498141,0,-1.7111676770571271,-0.5006577883425565,8,0.625,2.4395339511966627,0.001238181649417725,PIKK,,0.0003463653288305841
atr_14_pct,band_pos,3,0.0059489795918367,0.0078066914498141,0,-1.7111676770571271,-0.5006577883425565,6,0.5,0.7816279057167156,-0.0003888482855646167,PLZL,range_v0_aggressive,0.000259773996622938
atr_14_pct,band_pos,3,0.0059489795918367,0.0078066914498141,0,-1.7111676770571271,-0.5006577883425565,6,0.5,0.7816279057167156,-0.0003888482855646167,PLZL,range_v0_baseline,0.000259773996622938
atr_14_pct,band_pos,3,0.0059489795918367,0.0078066914498141,0,-1.7111676770571271,-0.5006577883425565,6,0.5,0.7816279057167156,-0.0003888482855646167,PLZL,range_v0_conservative,0.000259773996622938
atr_14_pct,band_pos,3,0.0059489795918367,0.0078066914498141,0,-1.7111676770571271,-0.5006577883425565,6,0.5,0.7816279057167156,-0.0003888482855646167,PLZL,range_v2_aggressive,0.000259773996622938
atr_14_pct,band_pos,3,0.0059489795918367,0.0078066914498141,0,-1.7111676770571271,-0.5006577883425565,6,0.5,0.7816279057167156,-0.0003888482855646167,PLZL,range_v2_balanced,0.000259773996622938
atr_14_pct,band_pos,3,0.0059489795918367,0.0078066914498141,0,-1.7111676770571271,-0.5006577883425565,6,0.5,0.7816279057167156,-0.0003888482855646167,PLZL,range_v2_conservative,0.000259773996622938
atr_14_pct,band_pos,3,0.0059489795918367,0.0078066914498141,0,-1.7111676770571271,-0.5006577883425565,6,0.5,0.7816279057167156,-0.0003888482855646167,PLZL,,0.000259773996622938
atr_14_pct,band_pos,3,0.0059489795918367,0.0078066914498141,0,-1.7111676770571271,-0.5006577883425565,7,0.42857142857142855,0.7643552577839524,-0.0003746705806790429,ROSN,range_v0_aggressive,0.00030306966272676105
atr_14_pct,band_pos,3,0.0059489795918367,0.0078066914498141,0,-1.7111676770571271,-0.5006577883425565,7,0.42857142857142855,0.7643552577839524,-0.0003746705806790429,ROSN,range_v0_baseline,0.00030306966272676105
atr_14_pct,band_pos,3,0.0059489795918367,0.0078066914498141,0,-1.7111676770571271,-0.5006577883425565,7,0.42857142857142855,0.7643552577839524,-0.0003746705806790429,ROSN,range_v0_conservative,0.00030306966272676105
atr_14_pct,band_pos,3,0.0059489795918367,0.0078066914498141,0,-1.7111676770571271,-0.5006577883425565,7,0.42857142857142855,0.7643552577839524,-0.0003746705806790429,ROSN,range_v2_aggressive,0.00030306966272676105
atr_14_pct,band_pos,3,0.0059489795918367,0.0078066914498141,0,-1.7111676770571271,-0.5006577883425565,7,0.42857142857142855,0.7643552577839524,-0.0003746705806790429,ROSN,range_v2_balanced,0.00030306966272676105
atr_14_pct,band_pos,3,0.0059489795918367,0.0078066914498141,0,-1.7111676770571271,-0.5006577883425565,7,0.42857142857142855,0.7643552577839524,-0.0003746705806790429,ROSN,range_v2_conservative,0.00030306966272676105
atr_14_pct,band_pos,3,0.0059489795918367,0.0078066914498141,0,-1.7111676770571271,-0.5006577883425565,7,0.42857142857142855,0.7643552577839524,-0.0003746705806790429,ROSN,,0.00030306966272676105
atr_14_pct,band_pos,3,0.0059489795918367,0.0078066914498141,0,-1.7111676770571271,-0.5006577883425565,6,0.3333333333333333,0.20102405636277182,-0.0014635822701519429,SBER,range_v0_aggressive,0.000259773996622938
atr_14_pct,band_pos,3,0.0059489795918367,0.0078066914498141,0,-1.7111676770571271,-0.5006577883425565,6,0.3333333333333333,0.20102405636277182,-0.0014635822701519429,SBER,range_v0_baseline,0.000259773996622938
atr_14_pct,band_pos,3,0.0059489795918367,0.0078066914498141,0,-1.7111676770571271,-0.5006577883425565,6,0.3333333333333333,0.20102405636277182,-0.0014635822701519429,SBER,range_v0_conservative,0.000259773996622938
atr_14_pct,band_pos,3,0.0059489795918367,0.0078066914498141,0,-1.7111676770571271,-0.5006577883425565,6,0.3333333333333333,0.20102405636277182,-0.0014635822701519429,SBER,range_v2_aggressive,0.000259773996622938
atr_14_pct,band_pos,3,0.0059489795918367,0.0078066914498141,0,-1.7111676770571271,-0.5006577883425565,6,0.3333333333333333,0.20102405636277182,-0.0014635822701519429,SBER,range_v2_balanced,0.000259773996622938
atr_14_pct,band_pos,3,0.0059489795918367,0.0078066914498141,0,-1.7111676770571271,-0.5006577883425565,6,0.3333333333333333,0.20102405636277182,-0.0014635822701519429,SBER,range_v2_conservative,0.000259773996622938
atr_14_pct,band_pos,3,0.0059489795918367,0.0078066914498141,0,-1.7111676770571271,-0.5006577883425565,12,0.3333333333333333,0.20102405636277182,-0.0014635822701519429,SBER,,0.000519547993245876
atr_14_pct,band_pos,3,0.0059489795918367,0.0078066914498141,0,-1.7111676770571271,-0.5006577883425565,5,0.2,0.16706757865323446,-0.0017941432027615803,SNGS,range_v0_aggressive,0.00021647833051911504
atr_14_pct,band_pos,3,0.0059489795918367,0.0078066914498141,0,-1.7111676770571271,-0.5006577883425565,5,0.2,0.16706757865323446,-0.0017941432027615803,SNGS,range_v0_baseline,0.00021647833051911504
atr_14_pct,band_pos,3,0.0059489795918367,0.0078066914498141,0,-1.7111676770571271,-0.5006577883425565,5,0.2,0.16706757865323446,-0.0017941432027615803,SNGS,range_v0_conservative,0.00021647833051911504
atr_14_pct,band_pos,3,0.0059489795918367,0.0078066914498141,0,-1.7111676770571271,-0.5006577883425565,5,0.2,0.16706757865323446,-0.0017941432027615803,SNGS,range_v2_aggressive,0.00021647833051911504
atr_14_pct,band_pos,3,0.0059489795918367,0.0078066914498141,0,-1.7111676770571271,-0.5006577883425565,5,0.2,0.16706757865323446,-0.0017941432027615803,SNGS,range_v2_balanced,0.00021647833051911504
atr_14_pct,band_pos,3,0.0059489795918367,0.0078066914498141,0,-1.7111676770571271,-0.5006577883425565,5,0.2,0.16706757865323446,-0.0017941432027615803,SNGS,range_v2_conservative,0.00021647833051911504
atr_14_pct,band_pos,3,0.0059489795918367,0.0078066914498141,0,-1.7111676770571271,-0.5006577883425565,5,0.2,0.16706757865323446,-0.0017941432027615803,SNGS,,0.00021647833051911504
atr_14_pct,band_pos,3,0.0059489795918367,0.0078066914498141,0,-1.7111676770571271,-0.5006577883425565,16,0.375,0.6743667637031225,-0.0004985847660977337,TATN,range_v0_aggressive,0.0006927306576611682
atr_14_pct,band_pos,3,0.0059489795918367,0.0078066914498141,0,-1.7111676770571271,-0.5006577883425565,16,0.375,0.6743667637031225,-0.0004985847660977337,TATN,range_v0_baseline,0.0006927306576611682
atr_14_pct,band_pos,3,0.0059489795918367,0.0078066914498141,0,-1.7111676770571271,-0.5006577883425565,16,0.375,0.6743667637031225,-0.0004985847660977337,TATN,range_v0_conservative,0.0006927306576611682
atr_14_pct,band_pos,3,0.0059489795918367,0.0078066914498141,0,-1.7111676770571271,-0.5006577883425565,16,0.375,0.6743667637031225,-0.0004985847660977337,TATN,range_v2_aggressive,0.0006927306576611682
atr_14_pct,band_pos,3,0.0059489795918367,0.0078066914498141,0,-1.7111676770571271,-0.5006577883425565,16,0.375,0.6743667637031225,-0.0004985847660977337,TATN,range_v2_balanced,0.0006927306576611682
atr_14_pct,band_pos,3,0.0059489795918367,0.0078066914498141,0,-1.7111676770571271,-0.5006577883425565,16,0.375,0.6743667637031225,-0.0004985847660977337,TATN,range_v2_conservative,0.0006927306576611682
atr_14_pct,band_pos,3,0.0059489795918367,0.0078066914498141,0,-1.7111676770571271,-0.5006577883425565,16,0.375,0.6743667637031225,-0.0004985847660977337,TATN,,0.0006927306576611682
atr_14_pct,band_pos,3,0.0059489795918367,0.0078066914498141,0,-1.7111676770571271,-0.5006577883425565,5,0.2,0.6046471946830323,-0.0006569302039156602,VKCO,range_v0_aggressive,0.00021647833051911504
atr_14_pct,band_pos,3,0.0059489795918367,0.0078066914498141,0,-1.7111676770571271,-0.5006577883425565,5,0.2,0.6046471946830323,-0.0006569302039156602,VKCO,range_v0_baseline,0.00021647833051911504
atr_14_pct,band_pos,3,0.0059489795918367,0.0078066914498141,0,-1.7111676770571271,-0.5006577883425565,5,0.2,0.6046471946830323,-0.0006569302039156602,VKCO,range_v0_conservative,0.00021647833051911504
atr_14_pct,band_pos,3,0.0059489795918367,0.0078066914498141,0,-1.7111676770571271,-0.5006577883425565,5,0.2,0.6046471946830323,-0.0006569302039156602,VKCO,range_v2_aggressive,0.00021647833051911504
atr_14_pct,band_pos,3,0.0059489795918367,0.0078066914498141,0,-1.7111676770571271,-0.5006577883425565,5,0.2,0.6046471946830323,-0.0006569302039156602,VKCO,range_v2_balanced,0.00021647833051911504
atr_14_pct,band_pos,3,0.0059489795918367,0.0078066914498141,0,-1.7111676770571271,-0.5006577883425565,5,0.2,0.6046471946830323,-0.0006569302039156602,VKCO,range_v2_conservative,0.00021647833051911504
atr_14_pct,band_pos,3,0.0059489795918367,0.0078066914498141,0,-1.7111676770571271,-0.5006577883425565,5,0.2,0.6046471946830323,-0.0006569302039156602,VKCO,,0.00021647833051911504
atr_14_pct,band_pos,3,0.0059489795918367,0.0078066914498141,0,-1.7111676770571271,-0.5006577883425565,5,0.4,0.8429941738001784,-0.00030534760836995985,YNDX,range_v0_aggressive,0.00021647833051911504
atr_14_pct,band_pos,3,0.0059489795918367,0.0078066914498141,0,-1.7111676770571271,-0.5006577883425565,5,0.4,0.8429941738001784,-0.00030534760836995985,YNDX,range_v0_baseline,0.00021647833051911504
atr_14_pct,band_pos,3,0.0059489795918367,0.0078066914498141,0,-1.7111676770571271,-0.5006577883425565,5,0.4,0.8429941738001784,-0.00030534760836995985,YNDX,range_v0_conservative,0.00021647833051911504
atr_14_pct,band_pos,3,0.0059489795918367,0.0078066914498141,0,-1.7111676770571271,-0.5006577883425565,5,0.4,0.8429941738001784,-0.00030534760836995985,YNDX,range_v2_aggressive,0.00021647833051911504
atr_14_pct,band_pos,3,0.0059489795918367,0.0078066914498141,0,-1.7111676770571271,-0.5006577883425565,5,0.4,0.8429941738001784,-0.00030534760836995985,YNDX,range_v2_balanced,0.00021647833051911504
atr_14_pct,band_pos,3,0.0059489795918367,0.0078066914498141,0,-1.7111676770571271,-0.5006577883425565,5,0.4,0.8429941738001784,-0.00030534760836995985,YNDX,range_v2_conservative,0.00021647833051911504
atr_14_pct,band_pos,3,0.0059489795918367,0.0078066914498141,0,-1.7111676770571271,-0.5006577883425565,5,0.4,0.8429941738001784,-0.00030534760836995985,YNDX,,0.00021647833051911504
atr_14_pct,band_pos,3,0.0059489795918367,0.0078066914498141,1,-0.5006577883425565,-0.30803081475310434,3,0.3333333333333333,0.9973416151374646,-3.875710122000092e-06,CHMF,range_v0_aggressive,0.000129886998311469
atr_14_pct,band_pos,3,0.0059489795918367,0.0078066914498141,1,-0.5006577883425565,-0.30803081475310434,3,0.3333333333333333,0.9973416151374646,-3.875710122000092e-06,CHMF,range_v0_baseline,0.000129886998311469
atr_14_pct,band_pos,3,0.0059489795918367,0.0078066914498141,1,-0.5006577883425565,-0.30803081475310434,3,0.3333333333333333,0.9973416151374646,-3.875710122000092e-06,CHMF,range_v0_conservative,0.000129886998311469
atr_14_pct,band_pos,3,0.0059489795918367,0.0078066914498141,1,-0.5006577883425565,-0.30803081475310434,3,0.3333333333333333,0.9973416151374646,-3.875710122000092e-06,CHMF,range_v2_aggressive,0.000129886998311469
atr_14_pct,band_pos,3,0.0059489795918367,0.0078066914498141,1,-0.5006577883425565,-0.30803081475310434,3,0.3333333333333333,0.9973416151374646,-3.875710122000092e-06,CHMF,range_v2_balanced,0.000129886998311469
atr_14_pct,band_pos,3,0.0059489795918367,0.0078066914498141,1,-0.5006577883425565,-0.30803081475310434,3,0.3333333333333333,0.9973416151374646,-3.875710122000092e-06,CHMF,range_v2_conservative,0.000129886998311469
atr_14_pct,band_pos,3,0.0059489795918367,0.0078066914498141,1,-0.5006577883425565,-0.30803081475310434,3,0.3333333333333333,0.9973416151374646,-3.875710122000092e-06,CHMF,,0.000129886998311469
atr_14_pct,band_pos,3,0.0059489795918367,0.0078066914498141,1,-0.5006577883425565,-0.30803081475310434,6,0.3333333333333333,0.650148922715443,-0.0005160701130955332,GAZP,range_v0_aggressive,0.000259773996622938
atr_14_pct,band_pos,3,0.0059489795918367,0.0078066914498141,1,-0.5006577883425565,-0.30803081475310434,6,0.3333333333333333,0.650148922715443,-0.0005160701130955332,GAZP,range_v0_baseline,0.000259773996622938
atr_14_pct,band_pos,3,0.0059489795918367,0.0078066914498141,1,-0.5006577883425565,-0.30803081475310434,6,0.3333333333333333,0.650148922715443,-0.0005160701130955332,GAZP,range_v0_conservative,0.000259773996622938
atr_14_pct,band_pos,3,0.0059489795918367,0.0078066914498141,1,-0.5006577883425565,-0.30803081475310434,6,0.3333333333333333,0.650148922715443,-0.0005160701130955332,GAZP,range_v2_aggressive,0.000259773996622938
atr_14_pct,band_pos,3,0.0059489795918367,0.0078066914498141,1,-0.5006577883425565,-0.30803081475310434,6,0.3333333333333333,0.650148922715443,-0.0005160701130955332,GAZP,range_v2_balanced,0.000259773996622938
atr_14_pct,band_pos,3,0.0059489795918367,0.0078066914498141,1,-0.5006577883425565,-0.30803081475310434,6,0.3333333333333333,0.650148922715443,-0.0005160701130955332,GAZP,range_v2_conservative,0.000259773996622938
atr_14_pct,band_pos,3,0.0059489795918367,0.0078066914498141,1,-0.5006577883425565,-0.30803081475310434,6,0.3333333333333333,0.650148922715443,-0.0005160701130955332,GAZP,,0.000259773996622938
atr_14_pct,band_pos,3,0.0059489795918367,0.0078066914498141,1,-0.5006577883425565,-0.30803081475310434,2,0.5,0.7286992831576504,-0.0003803059294449,GMKN,range_v0_aggressive,8.659133220764602e-05
atr_14_pct,band_pos,3,0.0059489795918367,0.0078066914498141,1,-0.5006577883425565,-0.30803081475310434,2,0.5,0.7286992831576504,-0.0003803059294449,GMKN,range_v0_baseline,8.659133220764602e-05
atr_14_pct,band_pos,3,0.0059489795918367,0.0078066914498141,1,-0.5006577883425565,-0.30803081475310434,2,0.5,0.7286992831576504,-0.0003803059294449,GMKN,range_v0_conservative,8.659133220764602e-05
atr_14_pct,band_pos,3,0.0059489795918367,0.0078066914498141,1,-0.5006577883425565,-0.30803081475310434,2,0.5,0.7286992831576504,-0.0003803059294449,GMKN,range_v2_aggressive,8.659133220764602e-05
atr_14_pct,band_pos,3,0.0059489795918367,0.0078066914498141,1,-0.5006577883425565,-0.30803081475310434,2,0.5,0.7286992831576504,-0.0003803059294449,GMKN,range_v2_balanced,8.659133220764602e-05
atr_14_pct,band_pos,3,0.0059489795918367,0.0078066914498141,1,-0.5006577883425565,-0.30803081475310434,2,0.5,0.7286992831576504,-0.0003803059294449,GMKN,range_v2_conservative,8.659133220764602e-05
atr_14_pct,band_pos,3,0.0059489795918367,0.0078066914498141,1,-0.5006577883425565,-0.30803081475310434,2,0.5,0.7286992831576504,-0.0003803059294449,GMKN,,8.659133220764602e-05
atr_14_pct,band_pos,3,0.0059489795918367,0.0078066914498141,1,-0.5006577883425565,-0.30803081475310434,6,0.5,2.00320347495979,0.0008077554026406335,LKOH,range_v0_aggressive,0.000259773996622938
atr_14_pct,band_pos,3,0.0059489795918367,0.0078066914498141,1,-0.5006577883425565,-0.30803081475310434,6,0.5,2.00320347495979,0.0008077554026406335,LKOH,range_v0_baseline,0.000259773996622938
atr_14_pct,band_pos,3,0.0059489795918367,0.0078066914498141,1,-0.5006577883425565,-0.30803081475310434,6,0.5,2.00320347495979,0.0008077554026406335,LKOH,range_v0_conservative,0.000259773996622938
atr_14_pct,band_pos,3,0.0059489795918367,0.0078066914498141,1,-0.5006577883425565,-0.30803081475310434,6,0.5,2.00320347495979,0.0008077554026406335,LKOH,range_v2_aggressive,0.000259773996622938
atr_14_pct,band_pos,3,0.0059489795918367,0.0078066914498141,1,-0.5006577883425565,-0.30803081475310434,6,0.5,2.00320347495979,0.0008077554026406335,LKOH,range_v2_balanced,0.000259773996622938
atr_14_pct,band_pos,3,0.0059489795918367,0.0078066914498141,1,-0.5006577883425565,-0.30803081475310434,6,0.5,2.00320347495979,0.0008077554026406335,LKOH,range_v2_conservative,0.000259773996622938
atr_14_pct,band_pos,3,0.0059489795918367,0.0078066914498141,1,-0.5006577883425565,-0.30803081475310434,6,0.5,2.00320347495979,0.0008077554026406335,LKOH,,0.000259773996622938
atr_14_pct,band_pos,3,0.0059489795918367,0.0078066914498141,1,-0.5006577883425565,-0.30803081475310434,7,0.7142857142857143,2.5002972693411305,0.0012806423142662858,MGNT,range_v0_aggressive,0.00030306966272676105
atr_14_pct,band_pos,3,0.0059489795918367,0.0078066914498141,1,-0.5006577883425565,-0.30803081475310434,7,0.7142857142857143,2.5002972693411305,0.0012806423142662858,MGNT,range_v0_baseline,0.00030306966272676105
atr_14_pct,band_pos,3,0.0059489795918367,0.0078066914498141,1,-0.5006577883425565,-0.30803081475310434,7,0.7142857142857143,2.5002972693411305,0.0012806423142662858,MGNT,range_v0_conservative,0.00030306966272676105
atr_14_pct,band_pos,3,0.0059489795918367,0.0078066914498141,1,-0.5006577883425565,-0.30803081475310434,7,0.7142857142857143,2.5002972693411305,0.0012806423142662858,MGNT,range_v2_aggressive,0.00030306966272676105
atr_14_pct,band_pos,3,0.0059489795918367,0.0078066914498141,1,-0.5006577883425565,-0.30803081475310434,7,0.7142857142857143,2.5002972693411305,0.0012806423142662858,MGNT,range_v2_balanced,0.00030306966272676105
atr_14_pct,band_pos,3,0.0059489795918367,0.0078066914498141,1,-0.5006577883425565,-0.30803081475310434,7,0.7142857142857143,2.5002972693411305,0.0012806423142662858,MGNT,range_v2_conservative,0.00030306966272676105
atr_14_pct,band_pos,3,0.0059489795918367,0.0078066914498141,1,-0.5006577883425565,-0.30803081475310434,7,0.7142857142857143,2.5002972693411305,0.0012806423142662858,MGNT,,0.00030306966272676105
atr_14_pct,band_pos,3,0.0059489795918367,0.0078066914498141,1,-0.5006577883425565,-0.30803081475310434,5,0.4,0.5482843190922468,-0.0007635289961565401,MTSS,range_v0_aggressive,0.00021647833051911504
atr_14_pct,band_pos,3,0.0059489795918367,0.0078066914498141,1,-0.5006577883425565,-0.30803081475310434,5,0.4,0.5482843190922468,-0.0007635289961565401,MTSS,range_v0_baseline,0.00021647833051911504
atr_14_pct,band_pos,3,0.0059489795918367,0.0078066914498141,1,-0.5006577883425565,-0.30803081475310434,5,0.4,0.5482843190922468,-0.0007635289961565401,MTSS,range_v0_conservative,0.00021647833051911504
atr_14_pct,band_pos,3,0.0059489795918367,0.0078066914498141,1,-0.5006577883425565,-0.30803081475310434,5,0.4,0.5482843190922468,-0.0007635289961565401,MTSS,range_v2_aggressive,0.00021647833051911504
atr_14_pct,band_pos,3,0.0059489795918367,0.0078066914498141,1,-0.5006577883425565,-0.30803081475310434,5,0.4,0.5482843190922468,-0.0007635289961565401,MTSS,range_v2_balanced,0.00021647833051911504
atr_14_pct,band_pos,3,0.0059489795918367,0.0078066914498141,1,-0.5006577883425565,-0.30803081475310434,5,0.4,0.5482843190922468,-0.0007635289961565401,MTSS,range_v2_conservative,0.00021647833051911504
atr_14_pct,band_pos,3,0.0059489795918367,0.0078066914498141,1,-0.5006577883425565,-0.30803081475310434,5,0.4,0.5482843190922468,-0.0007635289961565401,MTSS,,0.00021647833051911504
atr_14_pct,band_pos,3,0.0059489795918367,0.0078066914498141,1,-0.5006577883425565,-0.30803081475310434,3,1.0,inf,0.0037290348460832998,NLMK,range_v0_aggressive,0.000129886998311469
atr_14_pct,band_pos,3,0.0059489795918367,0.0078066914498141,1,-0.5006577883425565,-0.30803081475310434,3,1.0,inf,0.0037290348460832998,NLMK,range_v0_baseline,0.000129886998311469
atr_14_pct,band_pos,3,0.0059489795918367,0.0078066914498141,1,-0.5006577883425565,-0.30803081475310434,3,1.0,inf,0.0037290348460832998,NLMK,range_v0_conservative,0.000129886998311469
atr_14_pct,band_pos,3,0.0059489795918367,0.0078066914498141,1,-0.5006577883425565,-0.30803081475310434,3,1.0,inf,0.0037290348460832998,NLMK,range_v2_aggressive,0.000129886998311469
atr_14_pct,band_pos,3,0.0059489795918367,0.0078066914498141,1,-0.5006577883425565,-0.30803081475310434,3,1.0,inf,0.0037290348460832998,NLMK,range_v2_balanced,0.000129886998311469
atr_14_pct,band_pos,3,0.0059489795918367,0.0078066914498141,1,-0.5006577883425565,-0.30803081475310434,3,1.0,inf,0.0037290348460832998,NLMK,range_v2_conservative,0.000129886998311469
atr_14_pct,band_pos,3,0.0059489795918367,0.0078066914498141,1,-0.5006577883425565,-0.30803081475310434,3,1.0,inf,0.0037290348460832998,NLMK,,0.000129886998311469
atr_14_pct,band_pos,3,0.0059489795918367,0.0078066914498141,1,-0.5006577883425565,-0.30803081475310434,10,0.4,1.1635909395354955,0.00016300485441791187,NVTK,range_v0_aggressive,0.0004329566610382301
atr_14_pct,band_pos,3,0.0059489795918367,0.0078066914498141,1,-0.5006577883425565,-0.30803081475310434,10,0.4,1.1635909395354955,0.00016300485441791187,NVTK,range_v0_baseline,0.0004329566610382301
atr_14_pct,band_pos,3,0.0059489795918367,0.0078066914498141,1,-0.5006577883425565,-0.30803081475310434,10,0.4,1.1635909395354955,0.00016300485441791187,NVTK,range_v0_conservative,0.0004329566610382301
atr_14_pct,band_pos,3,0.0059489795918367,0.0078066914498141,1,-0.5006577883425565,-0.30803081475310434,10,0.4,1.1635909395354955,0.00016300485441791187,NVTK,range_v2_aggressive,0.0004329566610382301
atr_14_pct,band_pos,3,0.0059489795918367,0.0078066914498141,1,-0.5006577883425565,-0.30803081475310434,10,0.4,1.1635909395354955,0.00016300485441791187,NVTK,range_v2_balanced,0.0004329566610382301
atr_14_pct,band_pos,3,0.0059489795918367,0.0078066914498141,1,-0.5006577883425565,-0.30803081475310434,10,0.4,1.1635909395354955,0.00016300485441791187,NVTK,range_v2_conservative,0.0004329566610382301
atr_14_pct,band_pos,3,0.0059489795918367,0.0078066914498141,1,-0.5006577883425565,-0.30803081475310434,10,0.4,1.1635909395354955,0.00016300485441791187,NVTK,,0.0004329566610382301
atr_14_pct,band_pos,3,0.0059489795918367,0.0078066914498141,1,-0.5006577883425565,-0.30803081475310434,3,0.3333333333333333,0.2214578533855917,-0.0024178277144691336,OZON,range_v0_aggressive,0.000129886998311469
atr_14_pct,band_pos,3,0.0059489795918367,0.0078066914498141,1,-0.5006577883425565,-0.30803081475310434,3,0.3333333333333333,0.2214578533855917,-0.0024178277144691336,OZON,range_v0_baseline,0.000129886998311469
atr_14_pct,band_pos,3,0.0059489795918367,0.0078066914498141,1,-0.5006577883425565,-0.30803081475310434,3,0.3333333333333333,0.2214578533855917,-0.0024178277144691336,OZON,range_v0_conservative,0.000129886998311469
atr_14_pct,band_pos,3,0.0059489795918367,0.0078066914498141,1,-0.5006577883425565,-0.30803081475310434,3,0.3333333333333333,0.2214578533855917,-0.0024178277144691336,OZON,range_v2_aggressive,0.000129886998311469
atr_14_pct,band_pos,3,0.0059489795918367,0.0078066914498141,1,-0.5006577883425565,-0.30803081475310434,3,0.3333333333333333,0.2214578533855917,-0.0024178277144691336,OZON,range_v2_balanced,0.000129886998311469
atr_14_pct,band_pos,3,0.0059489795918367,0.0078066914498141,1,-0.5006577883425565,-0.30803081475310434,3,0.3333333333333333,0.2214578533855917,-0.0024178277144691336,OZON,range_v2_conservative,0.000129886998311469
atr_14_pct,band_pos,3,0.0059489795918367,0.0078066914498141,1,-0.5006577883425565,-0.30803081475310434,3,0.3333333333333333,0.2214578533855917,-0.0024178277144691336,OZON,,0.000129886998311469
atr_14_pct,band_pos,3,0.0059489795918367,0.0078066914498141,1,-0.5006577883425565,-0.30803081475310434,8,0.5,0.9052383207250452,-0.00011351014143303742,PIKK,range_v0_aggressive,0.0003463653288305841
atr_14_pct,band_pos,3,0.0059489795918367,0.0078066914498141,1,-0.5006577883425565,-0.30803081475310434,8,0.5,0.9052383207250452,-0.00011351014143303742,PIKK,range_v0_baseline,0.0003463653288305841
atr_14_pct,band_pos,3,0.0059489795918367,0.0078066914498141,1,-0.5006577883425565,-0.30803081475310434,8,0.5,0.9052383207250452,-0.00011351014143303742,PIKK,range_v0_conservative,0.0003463653288305841
atr_14_pct,band_pos,3,0.0059489795918367,0.0078066914498141,1,-0.5006577883425565,-0.30803081475310434,8,0.5,0.9052383207250452,-0.00011351014143303742,PIKK,range_v2_aggressive,0.0003463653288305841
atr_14_pct,band_pos,3,0.0059489795918367,0.0078066914498141,1,-0.5006577883425565,-0.30803081475310434,8,0.5,0.9052383207250452,-0.00011351014143303742,PIKK,range_v2_balanced,0.0003463653288305841
atr_14_pct,band_pos,3,0.0059489795918367,0.0078066914498141,1,-0.5006577883425565,-0.30803081475310434,8,0.5,0.9052383207250452,-0.00011351014143303742,PIKK,range_v2_conservative,0.0003463653288305841
atr_14_pct,band_pos,3,0.0059489795918367,0.0078066914498141,1,-0.5006577883425565,-0.30803081475310434,8,0.5,0.9052383207250452,-0.00011351014143303742,PIKK,,0.0003463653288305841
atr_14_pct,band_pos,3,0.0059489795918367,0.0078066914498141,1,-0.5006577883425565,-0.30803081475310434,2,1.0,inf,0.0012895359365794,PLZL,range_v0_aggressive,8.659133220764602e-05
atr_14_pct,band_pos,3,0.0059489795918367,0.0078066914498141,1,-0.5006577883425565,-0.30803081475310434,2,1.0,inf,0.0012895359365794,PLZL,range_v0_baseline,8.659133220764602e-05
atr_14_pct,band_pos,3,0.0059489795918367,0.0078066914498141,1,-0.5006577883425565,-0.30803081475310434,2,1.0,inf,0.0012895359365794,PLZL,range_v0_conservative,8.659133220764602e-05
atr_14_pct,band_pos,3,0.0059489795918367,0.0078066914498141,1,-0.5006577883425565,-0.30803081475310434,2,1.0,inf,0.0012895359365794,PLZL,range_v2_aggressive,8.659133220764602e-05
atr_14_pct,band_pos,3,0.0059489795918367,0.0078066914498141,1,-0.5006577883425565,-0.30803081475310434,2,1.0,inf,0.0012895359365794,PLZL,range_v2_balanced,8.659133220764602e-05
atr_14_pct,band_pos,3,0.0059489795918367,0.0078066914498141,1,-0.5006577883425565,-0.30803081475310434,2,1.0,inf,0.0012895359365794,PLZL,range_v2_conservative,8.659133220764602e-05
atr_14_pct,band_pos,3,0.0059489795918367,0.0078066914498141,1,-0.5006577883425565,-0.30803081475310434,2,1.0,inf,0.0012895359365794,PLZL,,8.659133220764602e-05
atr_14_pct,band_pos,3,0.0059489795918367,0.0078066914498141,1,-0.5006577883425565,-0.30803081475310434,6,0.0,0.0,-0.0023870876816515668,ROSN,range_v0_aggressive,0.000259773996622938
atr_14_pct,band_pos,3,0.0059489795918367,0.0078066914498141,1,-0.5006577883425565,-0.30803081475310434,6,0.0,0.0,-0.0023870876816515668,ROSN,range_v0_baseline,0.000259773996622938
atr_14_pct,band_pos,3,0.0059489795918367,0.0078066914498141,1,-0.5006577883425565,-0.30803081475310434,6,0.0,0.0,-0.0023870876816515668,ROSN,range_v0_conservative,0.000259773996622938
atr_14_pct,band_pos,3,0.0059489795918367,0.0078066914498141,1,-0.5006577883425565,-0.30803081475310434,6,0.0,0.0,-0.0023870876816515668,ROSN,range_v2_aggressive,0.000259773996622938
atr_14_pct,band_pos,3,0.0059489795918367,0.0078066914498141,1,-0.5006577883425565,-0.30803081475310434,6,0.0,0.0,-0.0023870876816515668,ROSN,range_v2_balanced,0.000259773996622938
atr_14_pct,band_pos,3,0.0059489795918367,0.0078066914498141,1,-0.5006577883425565,-0.30803081475310434,6,0.0,0.0,-0.0023870876816515668,ROSN,range_v2_conservative,0.000259773996622938
atr_14_pct,band_pos,3,0.0059489795918367,0.0078066914498141,1,-0.5006577883425565,-0.30803081475310434,6,0.0,0.0,-0.0023870876816515668,ROSN,,0.000259773996622938
atr_14_pct,band_pos,3,0.0059489795918367,0.0078066914498141,1,-0.5006577883425565,-0.30803081475310434,1,0.0,0.0,-0.0023220166666666,SBER,range_v0_aggressive,4.329566610382301e-05
atr_14_pct,band_pos,3,0.0059489795918367,0.0078066914498141,1,-0.5006577883425565,-0.30803081475310434,1,0.0,0.0,-0.0023220166666666,SBER,range_v0_baseline,4.329566610382301e-05
atr_14_pct,band_pos,3,0.0059489795918367,0.0078066914498141,1,-0.5006577883425565,-0.30803081475310434,1,0.0,0.0,-0.0023220166666666,SBER,range_v0_conservative,4.329566610382301e-05
atr_14_pct,band_pos,3,0.0059489795918367,0.0078066914498141,1,-0.5006577883425565,-0.30803081475310434,1,0.0,0.0,-0.0023220166666666,SBER,range_v2_aggressive,4.329566610382301e-05
atr_14_pct,band_pos,3,0.0059489795918367,0.0078066914498141,1,-0.5006577883425565,-0.30803081475310434,1,0.0,0.0,-0.0023220166666666,SBER,range_v2_balanced,4.329566610382301e-05
atr_14_pct,band_pos,3,0.0059489795918367,0.0078066914498141,1,-0.5006577883425565,-0.30803081475310434,1,0.0,0.0,-0.0023220166666666,SBER,range_v2_conservative,4.329566610382301e-05
atr_14_pct,band_pos,3,0.0059489795918367,0.0078066914498141,1,-0.5006577883425565,-0.30803081475310434,2,0.0,0.0,-0.0023220166666666,SBER,,8.659133220764602e-05
atr_14_pct,band_pos,3,0.0059489795918367,0.0078066914498141,1,-0.5006577883425565,-0.30803081475310434,4,0.0,0.0,-0.002029201944392275,SNGS,range_v0_aggressive,0.00017318266441529204
atr_14_pct,band_pos,3,0.0059489795918367,0.0078066914498141,1,-0.5006577883425565,-0.30803081475310434,4,0.0,0.0,-0.002029201944392275,SNGS,range_v0_baseline,0.00017318266441529204
atr_14_pct,band_pos,3,0.0059489795918367,0.0078066914498141,1,-0.5006577883425565,-0.30803081475310434,4,0.0,0.0,-0.002029201944392275,SNGS,range_v0_conservative,0.00017318266441529204
atr_14_pct,band_pos,3,0.0059489795918367,0.0078066914498141,1,-0.5006577883425565,-0.30803081475310434,4,0.0,0.0,-0.002029201944392275,SNGS,range_v2_aggressive,0.00017318266441529204
atr_14_pct,band_pos,3,0.0059489795918367,0.0078066914498141,1,-0.5006577883425565,-0.30803081475310434,4,0.0,0.0,-0.002029201944392275,SNGS,range_v2_balanced,0.00017318266441529204
atr_14_pct,band_pos,3,0.0059489795918367,0.0078066914498141,1,-0.5006577883425565,-0.30803081475310434,4,0.0,0.0,-0.002029201944392275,SNGS,range_v2_conservative,0.00017318266441529204
atr_14_pct,band_pos,3,0.0059489795918367,0.0078066914498141,1,-0.5006577883425565,-0.30803081475310434,4,0.0,0.0,-0.002029201944392275,SNGS,,0.00017318266441529204
atr_14_pct,band_pos,3,0.0059489795918367,0.0078066914498141,1,-0.5006577883425565,-0.30803081475310434,8,0.625,2.3320558063602883,0.0007539989146093875,TATN,range_v0_aggressive,0.0003463653288305841
atr_14_pct,band_pos,3,0.0059489795918367,0.0078066914498141,1,-0.5006577883425565,-0.30803081475310434,8,0.625,2.3320558063602883,0.0007539989146093875,TATN,range_v0_baseline,0.0003463653288305841
atr_14_pct,band_pos,3,0.0059489795918367,0.0078066914498141,1,-0.5006577883425565,-0.30803081475310434,8,0.625,2.3320558063602883,0.0007539989146093875,TATN,range_v0_conservative,0.0003463653288305841
atr_14_pct,band_pos,3,0.0059489795918367,0.0078066914498141,1,-0.5006577883425565,-0.30803081475310434,8,0.625,2.3320558063602883,0.0007539989146093875,TATN,range_v2_aggressive,0.0003463653288305841
atr_14_pct,band_pos,3,0.0059489795918367,0.0078066914498141,1,-0.5006577883425565,-0.30803081475310434,8,0.625,2.3320558063602883,0.0007539989146093875,TATN,range_v2_balanced,0.0003463653288305841
atr_14_pct,band_pos,3,0.0059489795918367,0.0078066914498141,1,-0.5006577883425565,-0.30803081475310434,8,0.625,2.3320558063602883,0.0007539989146093875,TATN,range_v2_conservative,0.0003463653288305841
atr_14_pct,band_pos,3,0.0059489795918367,0.0078066914498141,1,-0.5006577883425565,-0.30803081475310434,8,0.625,2.3320558063602883,0.0007539989146093875,TATN,,0.0003463653288305841
atr_14_pct,band_pos,3,0.0059489795918367,0.0078066914498141,1,-0.5006577883425565,-0.30803081475310434,2,0.0,0.0,-0.00203239534819395,VKCO,range_v0_aggressive,8.659133220764602e-05
atr_14_pct,band_pos,3,0.0059489795918367,0.0078066914498141,1,-0.5006577883425565,-0.30803081475310434,2,0.0,0.0,-0.00203239534819395,VKCO,range_v0_baseline,8.659133220764602e-05
atr_14_pct,band_pos,3,0.0059489795918367,0.0078066914498141,1,-0.5006577883425565,-0.30803081475310434,2,0.0,0.0,-0.00203239534819395,VKCO,range_v0_conservative,8.659133220764602e-05
atr_14_pct,band_pos,3,0.0059489795918367,0.0078066914498141,1,-0.5006577883425565,-0.30803081475310434,2,0.0,0.0,-0.00203239534819395,VKCO,range_v2_aggressive,8.659133220764602e-05
atr_14_pct,band_pos,3,0.0059489795918367,0.0078066914498141,1,-0.5006577883425565,-0.30803081475310434,2,0.0,0.0,-0.00203239534819395,VKCO,range_v2_balanced,8.659133220764602e-05
atr_14_pct,band_pos,3,0.0059489795918367,0.0078066914498141,1,-0.5006577883425565,-0.30803081475310434,2,0.0,0.0,-0.00203239534819395,VKCO,range_v2_conservative,8.659133220764602e-05
atr_14_pct,band_pos,3,0.0059489795918367,0.0078066914498141,1,-0.5006577883425565,-0.30803081475310434,2,0.0,0.0,-0.00203239534819395,VKCO,,8.659133220764602e-05
atr_14_pct,band_pos,3,0.0059489795918367,0.0078066914498141,1,-0.5006577883425565,-0.30803081475310434,5,0.4,0.7196532679350865,-0.00042741901063718,YNDX,range_v0_aggressive,0.00021647833051911504
atr_14_pct,band_pos,3,0.0059489795918367,0.0078066914498141,1,-0.5006577883425565,-0.30803081475310434,5,0.4,0.7196532679350865,-0.00042741901063718,YNDX,range_v0_baseline,0.00021647833051911504
atr_14_pct,band_pos,3,0.0059489795918367,0.0078066914498141,1,-0.5006577883425565,-0.30803081475310434,5,0.4,0.7196532679350865,-0.00042741901063718,YNDX,range_v0_conservative,0.00021647833051911504
atr_14_pct,band_pos,3,0.0059489795918367,0.0078066914498141,1,-0.5006577883425565,-0.30803081475310434,5,0.4,0.7196532679350865,-0.00042741901063718,YNDX,range_v2_aggressive,0.00021647833051911504
atr_14_pct,band_pos,3,0.0059489795918367,0.0078066914498141,1,-0.5006577883425565,-0.30803081475310434,5,0.4,0.7196532679350865,-0.00042741901063718,YNDX,range_v2_balanced,0.00021647833051911504
atr_14_pct,band_pos,3,0.0059489795918367,0.0078066914498141,1,-0.5006577883425565,-0.30803081475310434,5,0.4,0.7196532679350865,-0.00042741901063718,YNDX,range_v2_conservative,0.00021647833051911504
atr_14_pct,band_pos,3,0.0059489795918367,0.0078066914498141,1,-0.5006577883425565,-0.30803081475310434,5,0.4,0.7196532679350865,-0.00042741901063718,YNDX,,0.00021647833051911504
atr_14_pct,band_pos,3,0.0059489795918367,0.0078066914498141,2,-0.30803081475310434,-0.1711870966036377,12,0.5,1.0648686811932468,9.181191383709162e-05,CHMF,range_v0_aggressive,0.000519547993245876
atr_14_pct,band_pos,3,0.0059489795918367,0.0078066914498141,2,-0.30803081475310434,-0.1711870966036377,12,0.5,1.0648686811932468,9.181191383709162e-05,CHMF,range_v0_baseline,0.000519547993245876
atr_14_pct,band_pos,3,0.0059489795918367,0.0078066914498141,2,-0.30803081475310434,-0.1711870966036377,12,0.5,1.0648686811932468,9.181191383709162e-05,CHMF,range_v0_conservative,0.000519547993245876
atr_14_pct,band_pos,3,0.0059489795918367,0.0078066914498141,2,-0.30803081475310434,-0.1711870966036377,12,0.5,1.0648686811932468,9.181191383709162e-05,CHMF,range_v2_aggressive,0.000519547993245876
atr_14_pct,band_pos,3,0.0059489795918367,0.0078066914498141,2,-0.30803081475310434,-0.1711870966036377,12,0.5,1.0648686811932468,9.181191383709162e-05,CHMF,range_v2_balanced,0.000519547993245876
atr_14_pct,band_pos,3,0.0059489795918367,0.0078066914498141,2,-0.30803081475310434,-0.1711870966036377,12,0.5,1.0648686811932468,9.181191383709162e-05,CHMF,range_v2_conservative,0.000519547993245876
atr_14_pct,band_pos,3,0.0059489795918367,0.0078066914498141,2,-0.30803081475310434,-0.1711870966036377,12,0.5,1.0648686811932468,9.181191383709162e-05,CHMF,,0.000519547993245876
atr_14_pct,band_pos,3,0.0059489795918367,0.0078066914498141,2,-0.30803081475310434,-0.1711870966036377,6,0.5,0.8881745607468996,-0.00013727210079011662,GAZP,range_v0_aggressive,0.000259773996622938
atr_14_pct,band_pos,3,0.0059489795918367,0.0078066914498141,2,-0.30803081475310434,-0.1711870966036377,6,0.5,0.8881745607468996,-0.00013727210079011662,GAZP,range_v0_baseline,0.000259773996622938
atr_14_pct,band_pos,3,0.0059489795918367,0.0078066914498141,2,-0.30803081475310434,-0.1711870966036377,6,0.5,0.8881745607468996,-0.00013727210079011662,GAZP,range_v0_conservative,0.000259773996622938
atr_14_pct,band_pos,3,0.0059489795918367,0.0078066914498141,2,-0.30803081475310434,-0.1711870966036377,6,0.5,0.8881745607468996,-0.00013727210079011662,GAZP,range_v2_aggressive,0.000259773996622938
atr_14_pct,band_pos,3,0.0059489795918367,0.0078066914498141,2,-0.30803081475310434,-0.1711870966036377,6,0.5,0.8881745607468996,-0.00013727210079011662,GAZP,range_v2_balanced,0.000259773996622938
atr_14_pct,band_pos,3,0.0059489795918367,0.0078066914498141,2,-0.30803081475310434,-0.1711870966036377,6,0.5,0.8881745607468996,-0.00013727210079011662,GAZP,range_v2_conservative,0.000259773996622938
atr_14_pct,band_pos,3,0.0059489795918367,0.0078066914498141,2,-0.30803081475310434,-0.1711870966036377,6,0.5,0.8881745607468996,-0.00013727210079011662,GAZP,,0.000259773996622938
atr_14_pct,band_pos,3,0.0059489795918367,0.0078066914498141,2,-0.30803081475310434,-0.1711870966036377,4,0.25,0.026852913358667636,-0.0019884327893721497,GMKN,range_v0_aggressive,0.00017318266441529204
atr_14_pct,band_pos,3,0.0059489795918367,0.0078066914498141,2,-0.30803081475310434,-0.1711870966036377,4,0.25,0.026852913358667636,-0.0019884327893721497,GMKN,range_v0_baseline,0.00017318266441529204
atr_14_pct,band_pos,3,0.0059489795918367,0.0078066914498141,2,-0.30803081475310434,-0.1711870966036377,4,0.25,0.026852913358667636,-0.0019884327893721497,GMKN,range_v0_conservative,0.00017318266441529204
atr_14_pct,band_pos,3,0.0059489795918367,0.0078066914498141,2,-0.30803081475310434,-0.1711870966036377,4,0.25,0.026852913358667636,-0.0019884327893721497,GMKN,range_v2_aggressive,0.00017318266441529204
atr_14_pct,band_pos,3,0.0059489795918367,0.0078066914498141,2,-0.30803081475310434,-0.1711870966036377,4,0.25,0.026852913358667636,-0.0019884327893721497,GMKN,range_v2_balanced,0.00017318266441529204
atr_14_pct,band_pos,3,0.0059489795918367,0.0078066914498141,2,-0.30803081475310434,-0.1711870966036377,4,0.25,0.026852913358667636,-0.0019884327893721497,GMKN,range_v2_conservative,0.00017318266441529204
atr_14_pct,band_pos,3,0.0059489795918367,0.0078066914498141,2,-0.30803081475310434,-0.1711870966036377,4,0.25,0.026852913358667636,-0.0019884327893721497,GMKN,,0.00017318266441529204
atr_14_pct,band_pos,3,0.0059489795918367,0.0078066914498141,2,-0.30803081475310434,-0.1711870966036377,4,0.5,0.5090078096930964,-0.0008072547197604999,LKOH,range_v0_aggressive,0.00017318266441529204
atr_14_pct,band_pos,3,0.0059489795918367,0.0078066914498141,2,-0.30803081475310434,-0.1711870966036377,4,0.5,0.5090078096930964,-0.0008072547197604999,LKOH,range_v0_baseline,0.00017318266441529204
atr_14_pct,band_pos,3,0.0059489795918367,0.0078066914498141,2,-0.30803081475310434,-0.1711870966036377,4,0.5,0.5090078096930964,-0.0008072547197604999,LKOH,range_v0_conservative,0.00017318266441529204
atr_14_pct,band_pos,3,0.0059489795918367,0.0078066914498141,2,-0.30803081475310434,-0.1711870966036377,4,0.5,0.5090078096930964,-0.0008072547197604999,LKOH,range_v2_aggressive,0.00017318266441529204
atr_14_pct,band_pos,3,0.0059489795918367,0.0078066914498141,2,-0.30803081475310434,-0.1711870966036377,4,0.5,0.5090078096930964,-0.0008072547197604999,LKOH,range_v2_balanced,0.00017318266441529204
atr_14_pct,band_pos,3,0.0059489795918367,0.0078066914498141,2,-0.30803081475310434,-0.1711870966036377,4,0.5,0.5090078096930964,-0.0008072547197604999,LKOH,range_v2_conservative,0.00017318266441529204
atr_14_pct,band_pos,3,0.0059489795918367,0.0078066914498141,2,-0.30803081475310434,-0.1711870966036377,4,0.5,0.5090078096930964,-0.0008072547197604999,LKOH,,0.00017318266441529204
atr_14_pct,band_pos,3,0.0059489795918367,0.0078066914498141,2,-0.30803081475310434,-0.1711870966036377,1,0.0,0.0,-0.0022323862559241,MGNT,range_v0_aggressive,4.329566610382301e-05
atr_14_pct,band_pos,3,0.0059489795918367,0.0078066914498141,2,-0.30803081475310434,-0.1711870966036377,1,0.0,0.0,-0.0022323862559241,MGNT,range_v0_baseline,4.329566610382301e-05
atr_14_pct,band_pos,3,0.0059489795918367,0.0078066914498141,2,-0.30803081475310434,-0.1711870966036377,1,0.0,0.0,-0.0022323862559241,MGNT,range_v0_conservative,4.329566610382301e-05
atr_14_pct,band_pos,3,0.0059489795918367,0.0078066914498141,2,-0.30803081475310434,-0.1711870966036377,1,0.0,0.0,-0.0022323862559241,MGNT,range_v2_aggressive,4.329566610382301e-05
atr_14_pct,band_pos,3,0.0059489795918367,0.0078066914498141,2,-0.30803081475310434,-0.1711870966036377,1,0.0,0.0,-0.0022323862559241,MGNT,range_v2_balanced,4.329566610382301e-05
atr_14_pct,band_pos,3,0.0059489795918367,0.0078066914498141,2,-0.30803081475310434,-0.1711870966036377,1,0.0,0.0,-0.0022323862559241,MGNT,range_v2_conservative,4.329566610382301e-05
atr_14_pct,band_pos,3,0.0059489795918367,0.0078066914498141,2,-0.30803081475310434,-0.1711870966036377,1,0.0,0.0,-0.0022323862559241,MGNT,,4.329566610382301e-05
atr_14_pct,band_pos,3,0.0059489795918367,0.0078066914498141,2,-0.30803081475310434,-0.1711870966036377,2,1.0,inf,0.0039575926190476,MTSS,range_v0_aggressive,8.659133220764602e-05
atr_14_pct,band_pos,3,0.0059489795918367,0.0078066914498141,2,-0.30803081475310434,-0.1711870966036377,2,1.0,inf,0.0039575926190476,MTSS,range_v0_baseline,8.659133220764602e-05
atr_14_pct,band_pos,3,0.0059489795918367,0.0078066914498141,2,-0.30803081475310434,-0.1711870966036377,2,1.0,inf,0.0039575926190476,MTSS,range_v0_conservative,8.659133220764602e-05
atr_14_pct,band_pos,3,0.0059489795918367,0.0078066914498141,2,-0.30803081475310434,-0.1711870966036377,2,1.0,inf,0.0039575926190476,MTSS,range_v2_aggressive,8.659133220764602e-05
atr_14_pct,band_pos,3,0.0059489795918367,0.0078066914498141,2,-0.30803081475310434,-0.1711870966036377,2,1.0,inf,0.0039575926190476,MTSS,range_v2_balanced,8.659133220764602e-05
atr_14_pct,band_pos,3,0.0059489795918367,0.0078066914498141,2,-0.30803081475310434,-0.1711870966036377,2,1.0,inf,0.0039575926190476,MTSS,range_v2_conservative,8.659133220764602e-05
atr_14_pct,band_pos,3,0.0059489795918367,0.0078066914498141,2,-0.30803081475310434,-0.1711870966036377,2,1.0,inf,0.0039575926190476,MTSS,,8.659133220764602e-05
atr_14_pct,band_pos,3,0.0059489795918367,0.0078066914498141,2,-0.30803081475310434,-0.1711870966036377,8,0.125,0.10449980206617748,-0.002087235607845925,NLMK,range_v0_aggressive,0.0003463653288305841
atr_14_pct,band_pos,3,0.0059489795918367,0.0078066914498141,2,-0.30803081475310434,-0.1711870966036377,8,0.125,0.10449980206617748,-0.002087235607845925,NLMK,range_v0_baseline,0.0003463653288305841
atr_14_pct,band_pos,3,0.0059489795918367,0.0078066914498141,2,-0.30803081475310434,-0.1711870966036377,8,0.125,0.10449980206617748,-0.002087235607845925,NLMK,range_v0_conservative,0.0003463653288305841
atr_14_pct,band_pos,3,0.0059489795918367,0.0078066914498141,2,-0.30803081475310434,-0.1711870966036377,8,0.125,0.10449980206617748,-0.002087235607845925,NLMK,range_v2_aggressive,0.0003463653288305841
atr_14_pct,band_pos,3,0.0059489795918367,0.0078066914498141,2,-0.30803081475310434,-0.1711870966036377,8,0.125,0.10449980206617748,-0.002087235607845925,NLMK,range_v2_balanced,0.0003463653288305841
atr_14_pct,band_pos,3,0.0059489795918367,0.0078066914498141,2,-0.30803081475310434,-0.1711870966036377,8,0.125,0.10449980206617748,-0.002087235607845925,NLMK,range_v2_conservative,0.0003463653288305841
atr_14_pct,band_pos,3,0.0059489795918367,0.0078066914498141,2,-0.30803081475310434,-0.1711870966036377,8,0.125,0.10449980206617748,-0.002087235607845925,NLMK,,0.0003463653288305841
atr_14_pct,band_pos,3,0.0059489795918367,0.0078066914498141,2,-0.30803081475310434,-0.1711870966036377,6,0.0,0.0,-0.002023466777902717,NVTK,range_v0_aggressive,0.000259773996622938
atr_14_pct,band_pos,3,0.0059489795918367,0.0078066914498141,2,-0.30803081475310434,-0.1711870966036377,6,0.0,0.0,-0.002023466777902717,NVTK,range_v0_baseline,0.000259773996622938
atr_14_pct,band_pos,3,0.0059489795918367,0.0078066914498141,2,-0.30803081475310434,-0.1711870966036377,6,0.0,0.0,-0.002023466777902717,NVTK,range_v0_conservative,0.000259773996622938
atr_14_pct,band_pos,3,0.0059489795918367,0.0078066914498141,2,-0.30803081475310434,-0.1711870966036377,6,0.0,0.0,-0.002023466777902717,NVTK,range_v2_aggressive,0.000259773996622938
atr_14_pct,band_pos,3,0.0059489795918367,0.0078066914498141,2,-0.30803081475310434,-0.1711870966036377,6,0.0,0.0,-0.002023466777902717,NVTK,range_v2_balanced,0.000259773996622938
atr_14_pct,band_pos,3,0.0059489795918367,0.0078066914498141,2,-0.30803081475310434,-0.1711870966036377,6,0.0,0.0,-0.002023466777902717,NVTK,range_v2_conservative,0.000259773996622938
atr_14_pct,band_pos,3,0.0059489795918367,0.0078066914498141,2,-0.30803081475310434,-0.1711870966036377,6,0.0,0.0,-0.002023466777902717,NVTK,,0.000259773996622938
atr_14_pct,band_pos,3,0.0059489795918367,0.0078066914498141,2,-0.30803081475310434,-0.1711870966036377,3,0.0,0.0,-0.004181917757080901,OZON,range_v0_aggressive,0.000129886998311469
atr_14_pct,band_pos,3,0.0059489795918367,0.0078066914498141,2,-0.30803081475310434,-0.1711870966036377,3,0.0,0.0,-0.004181917757080901,OZON,range_v0_baseline,0.000129886998311469
atr_14_pct,band_pos,3,0.0059489795918367,0.0078066914498141,2,-0.30803081475310434,-0.1711870966036377,3,0.0,0.0,-0.004181917757080901,OZON,range_v0_conservative,0.000129886998311469
atr_14_pct,band_pos,3,0.0059489795918367,0.0078066914498141,2,-0.30803081475310434,-0.1711870966036377,3,0.0,0.0,-0.004181917757080901,OZON,range_v2_aggressive,0.000129886998311469
atr_14_pct,band_pos,3,0.0059489795918367,0.0078066914498141,2,-0.30803081475310434,-0.1711870966036377,3,0.0,0.0,-0.004181917757080901,OZON,range_v2_balanced,0.000129886998311469
atr_14_pct,band_pos,3,0.0059489795918367,0.0078066914498141,2,-0.30803081475310434,-0.1711870966036377,3,0.0,0.0,-0.004181917757080901,OZON,range_v2_conservative,0.000129886998311469
atr_14_pct,band_pos,3,0.0059489795918367,0.0078066914498141,2,-0.30803081475310434,-0.1711870966036377,3,0.0,0.0,-0.004181917757080901,OZON,,0.000129886998311469
atr_14_pct,band_pos,3,0.0059489795918367,0.0078066914498141,2,-0.30803081475310434,-0.1711870966036377,11,0.45454545454545453,0.8054912492911216,-0.0002596143811467727,PIKK,range_v0_aggressive,0.00047625232714205306
atr_14_pct,band_pos,3,0.0059489795918367,0.0078066914498141,2,-0.30803081475310434,-0.1711870966036377,11,0.45454545454545453,0.8054912492911216,-0.0002596143811467727,PIKK,range_v0_baseline,0.00047625232714205306
atr_14_pct,band_pos,3,0.0059489795918367,0.0078066914498141,2,-0.30803081475310434,-0.1711870966036377,11,0.45454545454545453,0.8054912492911216,-0.0002596143811467727,PIKK,range_v0_conservative,0.00047625232714205306
atr_14_pct,band_pos,3,0.0059489795918367,0.0078066914498141,2,-0.30803081475310434,-0.1711870966036377,11,0.45454545454545453,0.8054912492911216,-0.0002596143811467727,PIKK,range_v2_aggressive,0.00047625232714205306
atr_14_pct,band_pos,3,0.0059489795918367,0.0078066914498141,2,-0.30803081475310434,-0.1711870966036377,11,0.45454545454545453,0.8054912492911216,-0.0002596143811467727,PIKK,range_v2_balanced,0.00047625232714205306
atr_14_pct,band_pos,3,0.0059489795918367,0.0078066914498141,2,-0.30803081475310434,-0.1711870966036377,11,0.45454545454545453,0.8054912492911216,-0.0002596143811467727,PIKK,range_v2_conservative,0.00047625232714205306
atr_14_pct,band_pos,3,0.0059489795918367,0.0078066914498141,2,-0.30803081475310434,-0.1711870966036377,11,0.45454545454545453,0.8054912492911216,-0.0002596143811467727,PIKK,,0.00047625232714205306
atr_14_pct,band_pos,3,0.0059489795918367,0.0078066914498141,2,-0.30803081475310434,-0.1711870966036377,9,0.5555555555555556,0.8700494163135901,-0.00014797623847762227,PLZL,range_v0_aggressive,0.00038966099493440706
atr_14_pct,band_pos,3,0.0059489795918367,0.0078066914498141,2,-0.30803081475310434,-0.1711870966036377,9,0.5555555555555556,0.8700494163135901,-0.00014797623847762227,PLZL,range_v0_baseline,0.00038966099493440706
atr_14_pct,band_pos,3,0.0059489795918367,0.0078066914498141,2,-0.30803081475310434,-0.1711870966036377,9,0.5555555555555556,0.8700494163135901,-0.00014797623847762227,PLZL,range_v0_conservative,0.00038966099493440706
atr_14_pct,band_pos,3,0.0059489795918367,0.0078066914498141,2,-0.30803081475310434,-0.1711870966036377,9,0.5555555555555556,0.8700494163135901,-0.00014797623847762227,PLZL,range_v2_aggressive,0.00038966099493440706
atr_14_pct,band_pos,3,0.0059489795918367,0.0078066914498141,2,-0.30803081475310434,-0.1711870966036377,9,0.5555555555555556,0.8700494163135901,-0.00014797623847762227,PLZL,range_v2_balanced,0.00038966099493440706
atr_14_pct,band_pos,3,0.0059489795918367,0.0078066914498141,2,-0.30803081475310434,-0.1711870966036377,9,0.5555555555555556,0.8700494163135901,-0.00014797623847762227,PLZL,range_v2_conservative,0.00038966099493440706
atr_14_pct,band_pos,3,0.0059489795918367,0.0078066914498141,2,-0.30803081475310434,-0.1711870966036377,9,0.5555555555555556,0.8700494163135901,-0.00014797623847762227,PLZL,,0.00038966099493440706
atr_14_pct,band_pos,3,0.0059489795918367,0.0078066914498141,2,-0.30803081475310434,-0.1711870966036377,4,0.25,0.5263357446564014,-0.00054912365306295,ROSN,range_v0_aggressive,0.00017318266441529204
atr_14_pct,band_pos,3,0.0059489795918367,0.0078066914498141,2,-0.30803081475310434,-0.1711870966036377,4,0.25,0.5263357446564014,-0.00054912365306295,ROSN,range_v0_baseline,0.00017318266441529204
atr_14_pct,band_pos,3,0.0059489795918367,0.0078066914498141,2,-0.30803081475310434,-0.1711870966036377,4,0.25,0.5263357446564014,-0.00054912365306295,ROSN,range_v0_conservative,0.00017318266441529204
atr_14_pct,band_pos,3,0.0059489795918367,0.0078066914498141,2,-0.30803081475310434,-0.1711870966036377,4,0.25,0.5263357446564014,-0.00054912365306295,ROSN,range_v2_aggressive,0.00017318266441529204
atr_14_pct,band_pos,3,0.0059489795918367,0.0078066914498141,2,-0.30803081475310434,-0.1711870966036377,4,0.25,0.5263357446564014,-0.00054912365306295,ROSN,range_v2_balanced,0.00017318266441529204
atr_14_pct,band_pos,3,0.0059489795918367,0.0078066914498141,2,-0.30803081475310434,-0.1711870966036377,4,0.25,0.5263357446564014,-0.00054912365306295,ROSN,range_v2_conservative,0.00017318266441529204
atr_14_pct,band_pos,3,0.0059489795918367,0.0078066914498141,2,-0.30803081475310434,-0.1711870966036377,4,0.25,0.5263357446564014,-0.00054912365306295,ROSN,,0.00017318266441529204
atr_14_pct,band_pos,3,0.0059489795918367,0.0078066914498141,2,-0.30803081475310434,-0.1711870966036377,4,0.0,0.0,-0.001987253487493625,SBER,range_v0_aggressive,0.00017318266441529204
atr_14_pct,band_pos,3,0.0059489795918367,0.0078066914498141,2,-0.30803081475310434,-0.1711870966036377,4,0.0,0.0,-0.001987253487493625,SBER,range_v0_baseline,0.00017318266441529204
atr_14_pct,band_pos,3,0.0059489795918367,0.0078066914498141,2,-0.30803081475310434,-0.1711870966036377,4,0.0,0.0,-0.001987253487493625,SBER,range_v0_conservative,0.00017318266441529204
atr_14_pct,band_pos,3,0.0059489795918367,0.0078066914498141,2,-0.30803081475310434,-0.1711870966036377,11,0.2727272727272727,0.24713479146819378,-0.0008622795387803545,SBER,range_v2_aggressive,0.00047625232714205306
atr_14_pct,band_pos,3,0.0059489795918367,0.0078066914498141,2,-0.30803081475310434,-0.1711870966036377,4,0.0,0.0,-0.001987253487493625,SBER,range_v2_balanced,0.00017318266441529204
atr_14_pct,band_pos,3,0.0059489795918367,0.0078066914498141,2,-0.30803081475310434,-0.1711870966036377,4,0.0,0.0,-0.001987253487493625,SBER,range_v2_conservative,0.00017318266441529204
atr_14_pct,band_pos,3,0.0059489795918367,0.0078066914498141,2,-0.30803081475310434,-0.1711870966036377,8,0.0,0.0,-0.001987253487493625,SBER,,0.0003463653288305841
atr_14_pct,band_pos,3,0.0059489795918367,0.0078066914498141,2,-0.30803081475310434,-0.1711870966036377,6,0.5,0.9991593673819897,-9.644873332332292e-07,SNGS,range_v0_aggressive,0.000259773996622938
atr_14_pct,band_pos,3,0.0059489795918367,0.0078066914498141,2,-0.30803081475310434,-0.1711870966036377,6,0.5,0.9991593673819897,-9.644873332332292e-07,SNGS,range_v0_baseline,0.000259773996622938
atr_14_pct,band_pos,3,0.0059489795918367,0.0078066914498141,2,-0.30803081475310434,-0.1711870966036377,6,0.5,0.9991593673819897,-9.644873332332292e-07,SNGS,range_v0_conservative,0.000259773996622938
atr_14_pct,band_pos,3,0.0059489795918367,0.0078066914498141,2,-0.30803081475310434,-0.1711870966036377,6,0.5,0.9991593673819897,-9.644873332332292e-07,SNGS,range_v2_aggressive,0.000259773996622938
atr_14_pct,band_pos,3,0.0059489795918367,0.0078066914498141,2,-0.30803081475310434,-0.1711870966036377,6,0.5,0.9991593673819897,-9.644873332332292e-07,SNGS,range_v2_balanced,0.000259773996622938
atr_14_pct,band_pos,3,0.0059489795918367,0.0078066914498141,2,-0.30803081475310434,-0.1711870966036377,6,0.5,0.9991593673819897,-9.644873332332292e-07,SNGS,range_v2_conservative,0.000259773996622938
atr_14_pct,band_pos,3,0.0059489795918367,0.0078066914498141,2,-0.30803081475310434,-0.1711870966036377,6,0.5,0.9991593673819897,-9.644873332332292e-07,SNGS,,0.000259773996622938
atr_14_pct,band_pos,3,0.0059489795918367,0.0078066914498141,2,-0.30803081475310434,-0.1711870966036377,11,0.5454545454545454,1.1510872886792978,0.00014875286538113634,TATN,range_v0_aggressive,0.00047625232714205306
atr_14_pct,band_pos,3,0.0059489795918367,0.0078066914498141,2,-0.30803081475310434,-0.1711870966036377,11,0.5454545454545454,1.1510872886792978,0.00014875286538113634,TATN,range_v0_baseline,0.00047625232714205306
atr_14_pct,band_pos,3,0.0059489795918367,0.0078066914498141,2,-0.30803081475310434,-0.1711870966036377,11,0.5454545454545454,1.1510872886792978,0.00014875286538113634,TATN,range_v0_conservative,0.00047625232714205306
atr_14_pct,band_pos,3,0.0059489795918367,0.0078066914498141,2,-0.30803081475310434,-0.1711870966036377,11,0.5454545454545454,1.1510872886792978,0.00014875286538113634,TATN,range_v2_aggressive,0.00047625232714205306
atr_14_pct,band_pos,3,0.0059489795918367,0.0078066914498141,2,-0.30803081475310434,-0.1711870966036377,11,0.5454545454545454,1.1510872886792978,0.00014875286538113634,TATN,range_v2_balanced,0.00047625232714205306
atr_14_pct,band_pos,3,0.0059489795918367,0.0078066914498141,2,-0.30803081475310434,-0.1711870966036377,11,0.5454545454545454,1.1510872886792978,0.00014875286538113634,TATN,range_v2_conservative,0.00047625232714205306
atr_14_pct,band_pos,3,0.0059489795918367,0.0078066914498141,2,-0.30803081475310434,-0.1711870966036377,11,0.5454545454545454,1.1510872886792978,0.00014875286538113634,TATN,,0.00047625232714205306
atr_14_pct,band_pos,3,0.0059489795918367,0.0078066914498141,2,-0.30803081475310434,-0.1711870966036377,1,0.0,0.0,-0.0046430616033755,VKCO,range_v0_aggressive,4.329566610382301e-05
atr_14_pct,band_pos,3,0.0059489795918367,0.0078066914498141,2,-0.30803081475310434,-0.1711870966036377,1,0.0,0.0,-0.0046430616033755,VKCO,range_v0_baseline,4.329566610382301e-05
atr_14_pct,band_pos,3,0.0059489795918367,0.0078066914498141,2,-0.30803081475310434,-0.1711870966036377,1,0.0,0.0,-0.0046430616033755,VKCO,range_v0_conservative,4.329566610382301e-05
atr_14_pct,band_pos,3,0.0059489795918367,0.0078066914498141,2,-0.30803081475310434,-0.1711870966036377,1,0.0,0.0,-0.0046430616033755,VKCO,range_v2_aggressive,4.329566610382301e-05
atr_14_pct,band_pos,3,0.0059489795918367,0.0078066914498141,2,-0.30803081475310434,-0.1711870966036377,1,0.0,0.0,-0.0046430616033755,VKCO,range_v2_balanced,4.329566610382301e-05
atr_14_pct,band_pos,3,0.0059489795918367,0.0078066914498141,2,-0.30803081475310434,-0.1711870966036377,1,0.0,0.0,-0.0046430616033755,VKCO,range_v2_conservative,4.329566610382301e-05
atr_14_pct,band_pos,3,0.0059489795918367,0.0078066914498141,2,-0.30803081475310434,-0.1711870966036377,1,0.0,0.0,-0.0046430616033755,VKCO,,4.329566610382301e-05
atr_14_pct,band_pos,3,0.0059489795918367,0.0078066914498141,2,-0.30803081475310434,-0.1711870966036377,5,0.2,0.19175756888477535,-0.00175209334680788,YNDX,range_v0_aggressive,0.00021647833051911504
atr_14_pct,band_pos,3,0.0059489795918367,0.0078066914498141,2,-0.30803081475310434,-0.1711870966036377,5,0.2,0.19175756888477535,-0.00175209334680788,YNDX,range_v0_baseline,0.00021647833051911504
atr_14_pct,band_pos,3,0.0059489795918367,0.0078066914498141,2,-0.30803081475310434,-0.1711870966036377,5,0.2,0.19175756888477535,-0.00175209334680788,YNDX,range_v0_conservative,0.00021647833051911504
atr_14_pct,band_pos,3,0.0059489795918367,0.0078066914498141,2,-0.30803081475310434,-0.1711870966036377,5,0.2,0.19175756888477535,-0.00175209334680788,YNDX,range_v2_aggressive,0.00021647833051911504
atr_14_pct,band_pos,3,0.0059489795918367,0.0078066914498141,2,-0.30803081475310434,-0.1711870966036377,5,0.2,0.19175756888477535,-0.00175209334680788,YNDX,range_v2_balanced,0.00021647833051911504
atr_14_pct,band_pos,3,0.0059489795918367,0.0078066914498141,2,-0.30803081475310434,-0.1711870966036377,5,0.2,0.19175756888477535,-0.00175209334680788,YNDX,range_v2_conservative,0.00021647833051911504
atr_14_pct,band_pos,3,0.0059489795918367,0.0078066914498141,2,-0.30803081475310434,-0.1711870966036377,5,0.2,0.19175756888477535,-0.00175209334680788,YNDX,,0.00021647833051911504
atr_14_pct,band_pos,3,0.0059489795918367,0.0078066914498141,3,-0.1711870966036377,-0.071158473171634,7,0.42857142857142855,0.9976071486872082,-3.196754344685751e-06,CHMF,range_v0_aggressive,0.00030306966272676105
atr_14_pct,band_pos,3,0.0059489795918367,0.0078066914498141,3,-0.1711870966036377,-0.071158473171634,7,0.42857142857142855,0.9976071486872082,-3.196754344685751e-06,CHMF,range_v0_baseline,0.00030306966272676105
atr_14_pct,band_pos,3,0.0059489795918367,0.0078066914498141,3,-0.1711870966036377,-0.071158473171634,7,0.42857142857142855,0.9976071486872082,-3.196754344685751e-06,CHMF,range_v0_conservative,0.00030306966272676105
atr_14_pct,band_pos,3,0.0059489795918367,0.0078066914498141,3,-0.1711870966036377,-0.071158473171634,7,0.42857142857142855,0.9976071486872082,-3.196754344685751e-06,CHMF,range_v2_aggressive,0.00030306966272676105
atr_14_pct,band_pos,3,0.0059489795918367,0.0078066914498141,3,-0.1711870966036377,-0.071158473171634,7,0.42857142857142855,0.9976071486872082,-3.196754344685751e-06,CHMF,range_v2_balanced,0.00030306966272676105
atr_14_pct,band_pos,3,0.0059489795918367,0.0078066914498141,3,-0.1711870966036377,-0.071158473171634,7,0.42857142857142855,0.9976071486872082,-3.196754344685751e-06,CHMF,range_v2_conservative,0.00030306966272676105
atr_14_pct,band_pos,3,0.0059489795918367,0.0078066914498141,3,-0.1711870966036377,-0.071158473171634,7,0.42857142857142855,0.9976071486872082,-3.196754344685751e-06,CHMF,,0.00030306966272676105
atr_14_pct,band_pos,3,0.0059489795918367,0.0078066914498141,3,-0.1711870966036377,-0.071158473171634,3,0.0,0.0,-0.0019343047854655333,GAZP,range_v0_aggressive,0.000129886998311469
atr_14_pct,band_pos,3,0.0059489795918367,0.0078066914498141,3,-0.1711870966036377,-0.071158473171634,3,0.0,0.0,-0.0019343047854655333,GAZP,range_v0_baseline,0.000129886998311469
atr_14_pct,band_pos,3,0.0059489795918367,0.0078066914498141,3,-0.1711870966036377,-0.071158473171634,3,0.0,0.0,-0.0019343047854655333,GAZP,range_v0_conservative,0.000129886998311469
atr_14_pct,band_pos,3,0.0059489795918367,0.0078066914498141,3,-0.1711870966036377,-0.071158473171634,3,0.0,0.0,-0.0019343047854655333,GAZP,range_v2_aggressive,0.000129886998311469
atr_14_pct,band_pos,3,0.0059489795918367,0.0078066914498141,3,-0.1711870966036377,-0.071158473171634,3,0.0,0.0,-0.0019343047854655333,GAZP,range_v2_balanced,0.000129886998311469
atr_14_pct,band_pos,3,0.0059489795918367,0.0078066914498141,3,-0.1711870966036377,-0.071158473171634,3,0.0,0.0,-0.0019343047854655333,GAZP,range_v2_conservative,0.000129886998311469
atr_14_pct,band_pos,3,0.0059489795918367,0.0078066914498141,3,-0.1711870966036377,-0.071158473171634,3,0.0,0.0,-0.0019343047854655333,GAZP,,0.000129886998311469
atr_14_pct,band_pos,3,0.0059489795918367,0.0078066914498141,3,-0.1711870966036377,-0.071158473171634,3,0.3333333333333333,0.41188949348370824,-0.0009014634385287332,GMKN,range_v0_aggressive,0.000129886998311469
atr_14_pct,band_pos,3,0.0059489795918367,0.0078066914498141,3,-0.1711870966036377,-0.071158473171634,3,0.3333333333333333,0.41188949348370824,-0.0009014634385287332,GMKN,range_v0_baseline,0.000129886998311469
atr_14_pct,band_pos,3,0.0059489795918367,0.0078066914498141,3,-0.1711870966036377,-0.071158473171634,3,0.3333333333333333,0.41188949348370824,-0.0009014634385287332,GMKN,range_v0_conservative,0.000129886998311469
atr_14_pct,band_pos,3,0.0059489795918367,0.0078066914498141,3,-0.1711870966036377,-0.071158473171634,3,0.3333333333333333,0.41188949348370824,-0.0009014634385287332,GMKN,range_v2_aggressive,0.000129886998311469
atr_14_pct,band_pos,3,0.0059489795918367,0.0078066914498141,3,-0.1711870966036377,-0.071158473171634,3,0.3333333333333333,0.41188949348370824,-0.0009014634385287332,GMKN,range_v2_balanced,0.000129886998311469
atr_14_pct,band_pos,3,0.0059489795918367,0.0078066914498141,3,-0.1711870966036377,-0.071158473171634,3,0.3333333333333333,0.41188949348370824,-0.0009014634385287332,GMKN,range_v2_conservative,0.000129886998311469
atr_14_pct,band_pos,3,0.0059489795918367,0.0078066914498141,3,-0.1711870966036377,-0.071158473171634,3,0.3333333333333333,0.41188949348370824,-0.0009014634385287332,GMKN,,0.000129886998311469
atr_14_pct,band_pos,3,0.0059489795918367,0.0078066914498141,3,-0.1711870966036377,-0.071158473171634,4,0.75,1.3272672129902465,0.0005123643855264752,LKOH,range_v0_aggressive,0.00017318266441529204
atr_14_pct,band_pos,3,0.0059489795918367,0.0078066914498141,3,-0.1711870966036377,-0.071158473171634,4,0.75,1.3272672129902465,0.0005123643855264752,LKOH,range_v0_baseline,0.00017318266441529204
atr_14_pct,band_pos,3,0.0059489795918367,0.0078066914498141,3,-0.1711870966036377,-0.071158473171634,4,0.75,1.3272672129902465,0.0005123643855264752,LKOH,range_v0_conservative,0.00017318266441529204
atr_14_pct,band_pos,3,0.0059489795918367,0.0078066914498141,3,-0.1711870966036377,-0.071158473171634,4,0.75,1.3272672129902465,0.0005123643855264752,LKOH,range_v2_aggressive,0.00017318266441529204
atr_14_pct,band_pos,3,0.0059489795918367,0.0078066914498141,3,-0.1711870966036377,-0.071158473171634,4,0.75,1.3272672129902465,0.0005123643855264752,LKOH,range_v2_balanced,0.00017318266441529204
atr_14_pct,band_pos,3,0.0059489795918367,0.0078066914498141,3,-0.1711870966036377,-0.071158473171634,4,0.75,1.3272672129902465,0.0005123643855264752,LKOH,range_v2_conservative,0.00017318266441529204
atr_14_pct,band_pos,3,0.0059489795918367,0.0078066914498141,3,-0.1711870966036377,-0.071158473171634,4,0.75,1.3272672129902465,0.0005123643855264752,LKOH,,0.00017318266441529204
atr_14_pct,band_pos,3,0.0059489795918367,0.0078066914498141,3,-0.1711870966036377,-0.071158473171634,5,0.2,0.11874210997487318,-0.00197034119935394,MGNT,range_v0_aggressive,0.00021647833051911504
atr_14_pct,band_pos,3,0.0059489795918367,0.0078066914498141,3,-0.1711870966036377,-0.071158473171634,5,0.2,0.11874210997487318,-0.00197034119935394,MGNT,range_v0_baseline,0.00021647833051911504
atr_14_pct,band_pos,3,0.0059489795918367,0.0078066914498141,3,-0.1711870966036377,-0.071158473171634,5,0.2,0.11874210997487318,-0.00197034119935394,MGNT,range_v0_conservative,0.00021647833051911504
atr_14_pct,band_pos,3,0.0059489795918367,0.0078066914498141,3,-0.1711870966036377,-0.071158473171634,5,0.2,0.11874210997487318,-0.00197034119935394,MGNT,range_v2_aggressive,0.00021647833051911504
atr_14_pct,band_pos,3,0.0059489795918367,0.0078066914498141,3,-0.1711870966036377,-0.071158473171634,5,0.2,0.11874210997487318,-0.00197034119935394,MGNT,range_v2_balanced,0.00021647833051911504
atr_14_pct,band_pos,3,0.0059489795918367,0.0078066914498141,3,-0.1711870966036377,-0.071158473171634,5,0.2,0.11874210997487318,-0.00197034119935394,MGNT,range_v2_conservative,0.00021647833051911504
atr_14_pct,band_pos,3,0.0059489795918367,0.0078066914498141,3,-0.1711870966036377,-0.071158473171634,5,0.2,0.11874210997487318,-0.00197034119935394,MGNT,,0.00021647833051911504
atr_14_pct,band_pos,3,0.0059489795918367,0.0078066914498141,3,-0.1711870966036377,-0.071158473171634,5,0.0,0.0,-0.00201348514562898,MTSS,range_v0_aggressive,0.00021647833051911504
atr_14_pct,band_pos,3,0.0059489795918367,0.0078066914498141,3,-0.1711870966036377,-0.071158473171634,5,0.0,0.0,-0.00201348514562898,MTSS,range_v0_baseline,0.00021647833051911504
atr_14_pct,band_pos,3,0.0059489795918367,0.0078066914498141,3,-0.1711870966036377,-0.071158473171634,5,0.0,0.0,-0.00201348514562898,MTSS,range_v0_conservative,0.00021647833051911504
atr_14_pct,band_pos,3,0.0059489795918367,0.0078066914498141,3,-0.1711870966036377,-0.071158473171634,5,0.0,0.0,-0.00201348514562898,MTSS,range_v2_aggressive,0.00021647833051911504
atr_14_pct,band_pos,3,0.0059489795918367,0.0078066914498141,3,-0.1711870966036377,-0.071158473171634,5,0.0,0.0,-0.00201348514562898,MTSS,range_v2_balanced,0.00021647833051911504
atr_14_pct,band_pos,3,0.0059489795918367,0.0078066914498141,3,-0.1711870966036377,-0.071158473171634,5,0.0,0.0,-0.00201348514562898,MTSS,range_v2_conservative,0.00021647833051911504
atr_14_pct,band_pos,3,0.0059489795918367,0.0078066914498141,3,-0.1711870966036377,-0.071158473171634,5,0.0,0.0,-0.00201348514562898,MTSS,,0.00021647833051911504
atr_14_pct,band_pos,3,0.0059489795918367,0.0078066914498141,3,-0.1711870966036377,-0.071158473171634,4,0.25,0.08276758763891552,-0.0011574753480551251,NLMK,range_v0_aggressive,0.00017318266441529204
atr_14_pct,band_pos,3,0.0059489795918367,0.0078066914498141,3,-0.1711870966036377,-0.071158473171634,4,0.25,0.08276758763891552,-0.0011574753480551251,NLMK,range_v0_baseline,0.00017318266441529204
atr_14_pct,band_pos,3,0.0059489795918367,0.0078066914498141,3,-0.1711870966036377,-0.071158473171634,4,0.25,0.08276758763891552,-0.0011574753480551251,NLMK,range_v0_conservative,0.00017318266441529204
atr_14_pct,band_pos,3,0.0059489795918367,0.0078066914498141,3,-0.1711870966036377,-0.071158473171634,4,0.25,0.08276758763891552,-0.0011574753480551251,NLMK,range_v2_aggressive,0.00017318266441529204
atr_14_pct,band_pos,3,0.0059489795918367,0.0078066914498141,3,-0.1711870966036377,-0.071158473171634,4,0.25,0.08276758763891552,-0.0011574753480551251,NLMK,range_v2_balanced,0.00017318266441529204
atr_14_pct,band_pos,3,0.0059489795918367,0.0078066914498141,3,-0.1711870966036377,-0.071158473171634,4,0.25,0.08276758763891552,-0.0011574753480551251,NLMK,range_v2_conservative,0.00017318266441529204
atr_14_pct,band_pos,3,0.0059489795918367,0.0078066914498141,3,-0.1711870966036377,-0.071158473171634,4,0.25,0.08276758763891552,-0.0011574753480551251,NLMK,,0.00017318266441529204
atr_14_pct,band_pos,3,0.0059489795918367,0.0078066914498141,3,-0.1711870966036377,-0.071158473171634,6,0.5,0.5946191474302482,-0.0005735786431822332,NVTK,range_v0_aggressive,0.000259773996622938
atr_14_pct,band_pos,3,0.0059489795918367,0.0078066914498141,3,-0.1711870966036377,-0.071158473171634,6,0.5,0.5946191474302482,-0.0005735786431822332,NVTK,range_v0_baseline,0.000259773996622938
atr_14_pct,band_pos,3,0.0059489795918367,0.0078066914498141,3,-0.1711870966036377,-0.071158473171634,6,0.5,0.5946191474302482,-0.0005735786431822332,NVTK,range_v0_conservative,0.000259773996622938
atr_14_pct,band_pos,3,0.0059489795918367,0.0078066914498141,3,-0.1711870966036377,-0.071158473171634,6,0.5,0.5946191474302482,-0.0005735786431822332,NVTK,range_v2_aggressive,0.000259773996622938
atr_14_pct,band_pos,3,0.0059489795918367,0.0078066914498141,3,-0.1711870966036377,-0.071158473171634,6,0.5,0.5946191474302482,-0.0005735786431822332,NVTK,range_v2_balanced,0.000259773996622938
atr_14_pct,band_pos,3,0.0059489795918367,0.0078066914498141,3,-0.1711870966036377,-0.071158473171634,6,0.5,0.5946191474302482,-0.0005735786431822332,NVTK,range_v2_conservative,0.000259773996622938
atr_14_pct,band_pos,3,0.0059489795918367,0.0078066914498141,3,-0.1711870966036377,-0.071158473171634,6,0.5,0.5946191474302482,-0.0005735786431822332,NVTK,,0.000259773996622938
atr_14_pct,band_pos,3,0.0059489795918367,0.0078066914498141,3,-0.1711870966036377,-0.071158473171634,2,0.0,0.0,-0.0025494425117924503,OZON,range_v0_aggressive,8.659133220764602e-05
atr_14_pct,band_pos,3,0.0059489795918367,0.0078066914498141,3,-0.1711870966036377,-0.071158473171634,2,0.0,0.0,-0.0025494425117924503,OZON,range_v0_baseline,8.659133220764602e-05
atr_14_pct,band_pos,3,0.0059489795918367,0.0078066914498141,3,-0.1711870966036377,-0.071158473171634,2,0.0,0.0,-0.0025494425117924503,OZON,range_v0_conservative,8.659133220764602e-05
atr_14_pct,band_pos,3,0.0059489795918367,0.0078066914498141,3,-0.1711870966036377,-0.071158473171634,2,0.0,0.0,-0.0025494425117924503,OZON,range_v2_aggressive,8.659133220764602e-05
atr_14_pct,band_pos,3,0.0059489795918367,0.0078066914498141,3,-0.1711870966036377,-0.071158473171634,2,0.0,0.0,-0.0025494425117924503,OZON,range_v2_balanced,8.659133220764602e-05
atr_14_pct,band_pos,3,0.0059489795918367,0.0078066914498141,3,-0.1711870966036377,-0.071158473171634,2,0.0,0.0,-0.0025494425117924503,OZON,range_v2_conservative,8.659133220764602e-05
atr_14_pct,band_pos,3,0.0059489795918367,0.0078066914498141,3,-0.1711870966036377,-0.071158473171634,2,0.0,0.0,-0.0025494425117924503,OZON,,8.659133220764602e-05
atr_14_pct,band_pos,3,0.0059489795918367,0.0078066914498141,3,-0.1711870966036377,-0.071158473171634,8,0.625,1.234216169092428,0.00022593410692496238,PIKK,range_v0_aggressive,0.0003463653288305841
atr_14_pct,band_pos,3,0.0059489795918367,0.0078066914498141,3,-0.1711870966036377,-0.071158473171634,8,0.625,1.234216169092428,0.00022593410692496238,PIKK,range_v0_baseline,0.0003463653288305841
atr_14_pct,band_pos,3,0.0059489795918367,0.0078066914498141,3,-0.1711870966036377,-0.071158473171634,8,0.625,1.234216169092428,0.00022593410692496238,PIKK,range_v0_conservative,0.0003463653288305841
atr_14_pct,band_pos,3,0.0059489795918367,0.0078066914498141,3,-0.1711870966036377,-0.071158473171634,8,0.625,1.234216169092428,0.00022593410692496238,PIKK,range_v2_aggressive,0.0003463653288305841
atr_14_pct,band_pos,3,0.0059489795918367,0.0078066914498141,3,-0.1711870966036377,-0.071158473171634,8,0.625,1.234216169092428,0.00022593410692496238,PIKK,range_v2_balanced,0.0003463653288305841
atr_14_pct,band_pos,3,0.0059489795918367,0.0078066914498141,3,-0.1711870966036377,-0.071158473171634,8,0.625,1.234216169092428,0.00022593410692496238,PIKK,range_v2_conservative,0.0003463653288305841
atr_14_pct,band_pos,3,0.0059489795918367,0.0078066914498141,3,-0.1711870966036377,-0.071158473171634,8,0.625,1.234216169092428,0.00022593410692496238,PIKK,,0.0003463653288305841
atr_14_pct,band_pos,3,0.0059489795918367,0.0078066914498141,3,-0.1711870966036377,-0.071158473171634,5,0.6,1.419744759874605,0.00035954519269767993,PLZL,range_v0_aggressive,0.00021647833051911504
atr_14_pct,band_pos,3,0.0059489795918367,0.0078066914498141,3,-0.1711870966036377,-0.071158473171634,5,0.6,1.419744759874605,0.00035954519269767993,PLZL,range_v0_baseline,0.00021647833051911504
atr_14_pct,band_pos,3,0.0059489795918367,0.0078066914498141,3,-0.1711870966036377,-0.071158473171634,5,0.6,1.419744759874605,0.00035954519269767993,PLZL,range_v0_conservative,0.00021647833051911504
atr_14_pct,band_pos,3,0.0059489795918367,0.0078066914498141,3,-0.1711870966036377,-0.071158473171634,5,0.6,1.419744759874605,0.00035954519269767993,PLZL,range_v2_aggressive,0.00021647833051911504
atr_14_pct,band_pos,3,0.0059489795918367,0.0078066914498141,3,-0.1711870966036377,-0.071158473171634,5,0.6,1.419744759874605,0.00035954519269767993,PLZL,range_v2_balanced,0.00021647833051911504
atr_14_pct,band_pos,3,0.0059489795918367,0.0078066914498141,3,-0.1711870966036377,-0.071158473171634,5,0.6,1.419744759874605,0.00035954519269767993,PLZL,range_v2_conservative,0.00021647833051911504
atr_14_pct,band_pos,3,0.0059489795918367,0.0078066914498141,3,-0.1711870966036377,-0.071158473171634,5,0.6,1.419744759874605,0.00035954519269767993,PLZL,,0.00021647833051911504
atr_14_pct,band_pos,3,0.0059489795918367,0.0078066914498141,3,-0.1711870966036377,-0.071158473171634,6,0.16666666666666666,0.1426570081754307,-0.0028661304641766,ROSN,range_v0_aggressive,0.000259773996622938
atr_14_pct,band_pos,3,0.0059489795918367,0.0078066914498141,3,-0.1711870966036377,-0.071158473171634,6,0.16666666666666666,0.1426570081754307,-0.0028661304641766,ROSN,range_v0_baseline,0.000259773996622938
atr_14_pct,band_pos,3,0.0059489795918367,0.0078066914498141,3,-0.1711870966036377,-0.071158473171634,6,0.16666666666666666,0.1426570081754307,-0.0028661304641766,ROSN,range_v0_conservative,0.000259773996622938
atr_14_pct,band_pos,3,0.0059489795918367,0.0078066914498141,3,-0.1711870966036377,-0.071158473171634,6,0.16666666666666666,0.1426570081754307,-0.0028661304641766,ROSN,range_v2_aggressive,0.000259773996622938
atr_14_pct,band_pos,3,0.0059489795918367,0.0078066914498141,3,-0.1711870966036377,-0.071158473171634,6,0.16666666666666666,0.1426570081754307,-0.0028661304641766,ROSN,range_v2_balanced,0.000259773996622938
atr_14_pct,band_pos,3,0.0059489795918367,0.0078066914498141,3,-0.1711870966036377,-0.071158473171634,6,0.16666666666666666,0.1426570081754307,-0.0028661304641766,ROSN,range_v2_conservative,0.000259773996622938
atr_14_pct,band_pos,3,0.0059489795918367,0.0078066914498141,3,-0.1711870966036377,-0.071158473171634,6,0.16666666666666666,0.1426570081754307,-0.0028661304641766,ROSN,,0.000259773996622938
atr_14_pct,band_pos,3,0.0059489795918367,0.0078066914498141,3,-0.1711870966036377,-0.071158473171634,9,0.3333333333333333,0.39805981450578526,-0.0008750707428852777,SBER,range_v0_aggressive,0.00038966099493440706
atr_14_pct,band_pos,3,0.0059489795918367,0.0078066914498141,3,-0.1711870966036377,-0.071158473171634,9,0.3333333333333333,0.39805981450578526,-0.0008750707428852777,SBER,range_v0_baseline,0.00038966099493440706
atr_14_pct,band_pos,3,0.0059489795918367,0.0078066914498141,3,-0.1711870966036377,-0.071158473171634,9,0.3333333333333333,0.39805981450578526,-0.0008750707428852777,SBER,range_v0_conservative,0.00038966099493440706
atr_14_pct,band_pos,3,0.0059489795918367,0.0078066914498141,3,-0.1711870966036377,-0.071158473171634,18,0.3888888888888889,0.9295003972686088,-6.277528486699435e-05,SBER,range_v2_aggressive,0.0007793219898688141
atr_14_pct,band_pos,3,0.0059489795918367,0.0078066914498141,3,-0.1711870966036377,-0.071158473171634,9,0.3333333333333333,0.39805981450578526,-0.0008750707428852777,SBER,range_v2_balanced,0.00038966099493440706
atr_14_pct,band_pos,3,0.0059489795918367,0.0078066914498141,3,-0.1711870966036377,-0.071158473171634,9,0.3333333333333333,0.39805981450578526,-0.0008750707428852777,SBER,range_v2_conservative,0.00038966099493440706
atr_14_pct,band_pos,3,0.0059489795918367,0.0078066914498141,3,-0.1711870966036377,-0.071158473171634,18,0.3333333333333333,0.39805981450578537,-0.0008750707428852777,SBER,,0.0007793219898688141
atr_14_pct,band_pos,3,0.0059489795918367,0.0078066914498141,3,-0.1711870966036377,-0.071158473171634,6,0.0,0.0,-0.00198454386319585,SNGS,range_v0_aggressive,0.000259773996622938
atr_14_pct,band_pos,3,0.0059489795918367,0.0078066914498141,3,-0.1711870966036377,-0.071158473171634,6,0.0,0.0,-0.00198454386319585,SNGS,range_v0_baseline,0.000259773996622938
atr_14_pct,band_pos,3,0.0059489795918367,0.0078066914498141,3,-0.1711870966036377,-0.071158473171634,6,0.0,0.0,-0.00198454386319585,SNGS,range_v0_conservative,0.000259773996622938
atr_14_pct,band_pos,3,0.0059489795918367,0.0078066914498141,3,-0.1711870966036377,-0.071158473171634,6,0.0,0.0,-0.00198454386319585,SNGS,range_v2_aggressive,0.000259773996622938
atr_14_pct,band_pos,3,0.0059489795918367,0.0078066914498141,3,-0.1711870966036377,-0.071158473171634,6,0.0,0.0,-0.00198454386319585,SNGS,range_v2_balanced,0.000259773996622938
atr_14_pct,band_pos,3,0.0059489795918367,0.0078066914498141,3,-0.1711870966036377,-0.071158473171634,6,0.0,0.0,-0.00198454386319585,SNGS,range_v2_conservative,0.000259773996622938
atr_14_pct,band_pos,3,0.0059489795918367,0.0078066914498141,3,-0.1711870966036377,-0.071158473171634,6,0.0,0.0,-0.00198454386319585,SNGS,,0.000259773996622938
atr_14_pct,band_pos,3,0.0059489795918367,0.0078066914498141,3,-0.1711870966036377,-0.071158473171634,4,0.5,1.0373228684333997,3.866107874197502e-05,TATN,range_v0_aggressive,0.00017318266441529204
atr_14_pct,band_pos,3,0.0059489795918367,0.0078066914498141,3,-0.1711870966036377,-0.071158473171634,4,0.5,1.0373228684333997,3.866107874197502e-05,TATN,range_v0_baseline,0.00017318266441529204
atr_14_pct,band_pos,3,0.0059489795918367,0.0078066914498141,3,-0.1711870966036377,-0.071158473171634,4,0.5,1.0373228684333997,3.866107874197502e-05,TATN,range_v0_conservative,0.00017318266441529204
atr_14_pct,band_pos,3,0.0059489795918367,0.0078066914498141,3,-0.1711870966036377,-0.071158473171634,4,0.5,1.0373228684333997,3.866107874197502e-05,TATN,range_v2_aggressive,0.00017318266441529204
atr_14_pct,band_pos,3,0.0059489795918367,0.0078066914498141,3,-0.1711870966036377,-0.071158473171634,4,0.5,1.0373228684333997,3.866107874197502e-05,TATN,range_v2_balanced,0.00017318266441529204
atr_14_pct,band_pos,3,0.0059489795918367,0.0078066914498141,3,-0.1711870966036377,-0.071158473171634,4,0.5,1.0373228684333997,3.866107874197502e-05,TATN,range_v2_conservative,0.00017318266441529204
atr_14_pct,band_pos,3,0.0059489795918367,0.0078066914498141,3,-0.1711870966036377,-0.071158473171634,4,0.5,1.0373228684333997,3.866107874197502e-05,TATN,,0.00017318266441529204
atr_14_pct,band_pos,3,0.0059489795918367,0.0078066914498141,3,-0.1711870966036377,-0.071158473171634,8,0.5,1.009704426440608,9.117404453325053e-06,VKCO,range_v0_aggressive,0.0003463653288305841
atr_14_pct,band_pos,3,0.0059489795918367,0.0078066914498141,3,-0.1711870966036377,-0.071158473171634,8,0.5,1.009704426440608,9.117404453325053e-06,VKCO,range_v0_baseline,0.0003463653288305841
atr_14_pct,band_pos,3,0.0059489795918367,0.0078066914498141,3,-0.1711870966036377,-0.071158473171634,8,0.5,1.009704426440608,9.117404453325053e-06,VKCO,range_v0_conservative,0.0003463653288305841
atr_14_pct,band_pos,3,0.0059489795918367,0.0078066914498141,3,-0.1711870966036377,-0.071158473171634,8,0.5,1.009704426440608,9.117404453325053e-06,VKCO,range_v2_aggressive,0.0003463653288305841
atr_14_pct,band_pos,3,0.0059489795918367,0.0078066914498141,3,-0.1711870966036377,-0.071158473171634,8,0.5,1.009704426440608,9.117404453325053e-06,VKCO,range_v2_balanced,0.0003463653288305841
atr_14_pct,band_pos,3,0.0059489795918367,0.0078066914498141,3,-0.1711870966036377,-0.071158473171634,8,0.5,1.009704426440608,9.117404453325053e-06,VKCO,range_v2_conservative,0.0003463653288305841
atr_14_pct,band_pos,3,0.0059489795918367,0.0078066914498141,3,-0.1711870966036377,-0.071158473171634,8,0.5,1.009704426440608,9.117404453325053e-06,VKCO,,0.0003463653288305841
atr_14_pct,band_pos,3,0.0059489795918367,0.0078066914498141,3,-0.1711870966036377,-0.071158473171634,3,0.6666666666666666,1.3479927159981933,0.0003336944900959999,YNDX,range_v0_aggressive,0.000129886998311469
atr_14_pct,band_pos,3,0.0059489795918367,0.0078066914498141,3,-0.1711870966036377,-0.071158473171634,3,0.6666666666666666,1.3479927159981933,0.0003336944900959999,YNDX,range_v0_baseline,0.000129886998311469
atr_14_pct,band_pos,3,0.0059489795918367,0.0078066914498141,3,-0.1711870966036377,-0.071158473171634,3,0.6666666666666666,1.3479927159981933,0.0003336944900959999,YNDX,range_v0_conservative,0.000129886998311469
atr_14_pct,band_pos,3,0.0059489795918367,0.0078066914498141,3,-0.1711870966036377,-0.071158473171634,3,0.6666666666666666,1.3479927159981933,0.0003336944900959999,YNDX,range_v2_aggressive,0.000129886998311469
atr_14_pct,band_pos,3,0.0059489795918367,0.0078066914498141,3,-0.1711870966036377,-0.071158473171634,3,0.6666666666666666,1.3479927159981933,0.0003336944900959999,YNDX,range_v2_balanced,0.000129886998311469
atr_14_pct,band_pos,3,0.0059489795918367,0.0078066914498141,3,-0.1711870966036377,-0.071158473171634,3,0.6666666666666666,1.3479927159981933,0.0003336944900959999,YNDX,range_v2_conservative,0.000129886998311469
atr_14_pct,band_pos,3,0.0059489795918367,0.0078066914498141,3,-0.1711870966036377,-0.071158473171634,3,0.6666666666666666,1.3479927159981933,0.0003336944900959999,YNDX,,0.000129886998311469
atr_14_pct,band_pos,3,0.0059489795918367,0.0078066914498141,4,-0.071158473171634,-0.0056471173799039,8,0.375,0.5483062822042052,-0.0005348755442355249,CHMF,range_v0_aggressive,0.0003463653288305841
atr_14_pct,band_pos,3,0.0059489795918367,0.0078066914498141,4,-0.071158473171634,-0.0056471173799039,8,0.375,0.5483062822042052,-0.0005348755442355249,CHMF,range_v0_baseline,0.0003463653288305841
atr_14_pct,band_pos,3,0.0059489795918367,0.0078066914498141,4,-0.071158473171634,-0.0056471173799039,8,0.375,0.5483062822042052,-0.0005348755442355249,CHMF,range_v0_conservative,0.0003463653288305841
atr_14_pct,band_pos,3,0.0059489795918367,0.0078066914498141,4,-0.071158473171634,-0.0056471173799039,8,0.375,0.5483062822042052,-0.0005348755442355249,CHMF,range_v2_aggressive,0.0003463653288305841
atr_14_pct,band_pos,3,0.0059489795918367,0.0078066914498141,4,-0.071158473171634,-0.0056471173799039,8,0.375,0.5483062822042052,-0.0005348755442355249,CHMF,range_v2_balanced,0.0003463653288305841
atr_14_pct,band_pos,3,0.0059489795918367,0.0078066914498141,4,-0.071158473171634,-0.0056471173799039,8,0.375,0.5483062822042052,-0.0005348755442355249,CHMF,range_v2_conservative,0.0003463653288305841
atr_14_pct,band_pos,3,0.0059489795918367,0.0078066914498141,4,-0.071158473171634,-0.0056471173799039,8,0.375,0.5483062822042052,-0.0005348755442355249,CHMF,,0.0003463653288305841
atr_14_pct,band_pos,3,0.0059489795918367,0.0078066914498141,4,-0.071158473171634,-0.0056471173799039,4,0.25,0.15081259456553495,-0.00217362558833515,GAZP,range_v0_aggressive,0.00017318266441529204
atr_14_pct,band_pos,3,0.0059489795918367,0.0078066914498141,4,-0.071158473171634,-0.0056471173799039,4,0.25,0.15081259456553495,-0.00217362558833515,GAZP,range_v0_baseline,0.00017318266441529204
atr_14_pct,band_pos,3,0.0059489795918367,0.0078066914498141,4,-0.071158473171634,-0.0056471173799039,4,0.25,0.15081259456553495,-0.00217362558833515,GAZP,range_v0_conservative,0.00017318266441529204
atr_14_pct,band_pos,3,0.0059489795918367,0.0078066914498141,4,-0.071158473171634,-0.0056471173799039,4,0.25,0.15081259456553495,-0.00217362558833515,GAZP,range_v2_aggressive,0.00017318266441529204
atr_14_pct,band_pos,3,0.0059489795918367,0.0078066914498141,4,-0.071158473171634,-0.0056471173799039,4,0.25,0.15081259456553495,-0.00217362558833515,GAZP,range_v2_balanced,0.00017318266441529204
atr_14_pct,band_pos,3,0.0059489795918367,0.0078066914498141,4,-0.071158473171634,-0.0056471173799039,4,0.25,0.15081259456553495,-0.00217362558833515,GAZP,range_v2_conservative,0.00017318266441529204
atr_14_pct,band_pos,3,0.0059489795918367,0.0078066914498141,4,-0.071158473171634,-0.0056471173799039,4,0.25,0.15081259456553495,-0.00217362558833515,GAZP,,0.00017318266441529204
atr_14_pct,band_pos,3,0.0059489795918367,0.0078066914498141,4,-0.071158473171634,-0.0056471173799039,1,1.0,inf,0.0026055744593202,GMKN,range_v0_aggressive,4.329566610382301e-05
atr_14_pct,band_pos,3,0.0059489795918367,0.0078066914498141,4,-0.071158473171634,-0.0056471173799039,1,1.0,inf,0.0026055744593202,GMKN,range_v0_baseline,4.329566610382301e-05
atr_14_pct,band_pos,3,0.0059489795918367,0.0078066914498141,4,-0.071158473171634,-0.0056471173799039,1,1.0,inf,0.0026055744593202,GMKN,range_v0_conservative,4.329566610382301e-05
atr_14_pct,band_pos,3,0.0059489795918367,0.0078066914498141,4,-0.071158473171634,-0.0056471173799039,1,1.0,inf,0.0026055744593202,GMKN,range_v2_aggressive,4.329566610382301e-05
atr_14_pct,band_pos,3,0.0059489795918367,0.0078066914498141,4,-0.071158473171634,-0.0056471173799039,1,1.0,inf,0.0026055744593202,GMKN,range_v2_balanced,4.329566610382301e-05
atr_14_pct,band_pos,3,0.0059489795918367,0.0078066914498141,4,-0.071158473171634,-0.0056471173799039,1,1.0,inf,0.0026055744593202,GMKN,range_v2_conservative,4.329566610382301e-05
atr_14_pct,band_pos,3,0.0059489795918367,0.0078066914498141,4,-0.071158473171634,-0.0056471173799039,1,1.0,inf,0.0026055744593202,GMKN,,4.329566610382301e-05
atr_14_pct,band_pos,3,0.0059489795918367,0.0078066914498141,4,-0.071158473171634,-0.0056471173799039,5,0.0,0.0,-0.00139370178343514,LKOH,range_v0_aggressive,0.00021647833051911504
atr_14_pct,band_pos,3,0.0059489795918367,0.0078066914498141,4,-0.071158473171634,-0.0056471173799039,5,0.0,0.0,-0.00139370178343514,LKOH,range_v0_baseline,0.00021647833051911504
atr_14_pct,band_pos,3,0.0059489795918367,0.0078066914498141,4,-0.071158473171634,-0.0056471173799039,5,0.0,0.0,-0.00139370178343514,LKOH,range_v0_conservative,0.00021647833051911504
atr_14_pct,band_pos,3,0.0059489795918367,0.0078066914498141,4,-0.071158473171634,-0.0056471173799039,5,0.0,0.0,-0.00139370178343514,LKOH,range_v2_aggressive,0.00021647833051911504
atr_14_pct,band_pos,3,0.0059489795918367,0.0078066914498141,4,-0.071158473171634,-0.0056471173799039,5,0.0,0.0,-0.00139370178343514,LKOH,range_v2_balanced,0.00021647833051911504
atr_14_pct,band_pos,3,0.0059489795918367,0.0078066914498141,4,-0.071158473171634,-0.0056471173799039,5,0.0,0.0,-0.00139370178343514,LKOH,range_v2_conservative,0.00021647833051911504
atr_14_pct,band_pos,3,0.0059489795918367,0.0078066914498141,4,-0.071158473171634,-0.0056471173799039,5,0.0,0.0,-0.00139370178343514,LKOH,,0.00021647833051911504
atr_14_pct,band_pos,3,0.0059489795918367,0.0078066914498141,4,-0.071158473171634,-0.0056471173799039,4,0.25,0.15211736589136293,-0.00175510124010085,MGNT,range_v0_aggressive,0.00017318266441529204
atr_14_pct,band_pos,3,0.0059489795918367,0.0078066914498141,4,-0.071158473171634,-0.0056471173799039,4,0.25,0.15211736589136293,-0.00175510124010085,MGNT,range_v0_baseline,0.00017318266441529204
atr_14_pct,band_pos,3,0.0059489795918367,0.0078066914498141,4,-0.071158473171634,-0.0056471173799039,4,0.25,0.15211736589136293,-0.00175510124010085,MGNT,range_v0_conservative,0.00017318266441529204
atr_14_pct,band_pos,3,0.0059489795918367,0.0078066914498141,4,-0.071158473171634,-0.0056471173799039,4,0.25,0.15211736589136293,-0.00175510124010085,MGNT,range_v2_aggressive,0.00017318266441529204
atr_14_pct,band_pos,3,0.0059489795918367,0.0078066914498141,4,-0.071158473171634,-0.0056471173799039,4,0.25,0.15211736589136293,-0.00175510124010085,MGNT,range_v2_balanced,0.00017318266441529204
atr_14_pct,band_pos,3,0.0059489795918367,0.0078066914498141,4,-0.071158473171634,-0.0056471173799039,4,0.25,0.15211736589136293,-0.00175510124010085,MGNT,range_v2_conservative,0.00017318266441529204
atr_14_pct,band_pos,3,0.0059489795918367,0.0078066914498141,4,-0.071158473171634,-0.0056471173799039,4,0.25,0.15211736589136293,-0.00175510124010085,MGNT,,0.00017318266441529204
atr_14_pct,band_pos,3,0.0059489795918367,0.0078066914498141,4,-0.071158473171634,-0.0056471173799039,4,0.5,0.6077785111325611,-0.00029389374501365,MTSS,range_v0_aggressive,0.00017318266441529204
atr_14_pct,band_pos,3,0.0059489795918367,0.0078066914498141,4,-0.071158473171634,-0.0056471173799039,4,0.5,0.6077785111325611,-0.00029389374501365,MTSS,range_v0_baseline,0.00017318266441529204
atr_14_pct,band_pos,3,0.0059489795918367,0.0078066914498141,4,-0.071158473171634,-0.0056471173799039,4,0.5,0.6077785111325611,-0.00029389374501365,MTSS,range_v0_conservative,0.00017318266441529204
atr_14_pct,band_pos,3,0.0059489795918367,0.0078066914498141,4,-0.071158473171634,-0.0056471173799039,4,0.5,0.6077785111325611,-0.00029389374501365,MTSS,range_v2_aggressive,0.00017318266441529204
atr_14_pct,band_pos,3,0.0059489795918367,0.0078066914498141,4,-0.071158473171634,-0.0056471173799039,4,0.5,0.6077785111325611,-0.00029389374501365,MTSS,range_v2_balanced,0.00017318266441529204
atr_14_pct,band_pos,3,0.0059489795918367,0.0078066914498141,4,-0.071158473171634,-0.0056471173799039,4,0.5,0.6077785111325611,-0.00029389374501365,MTSS,range_v2_conservative,0.00017318266441529204
atr_14_pct,band_pos,3,0.0059489795918367,0.0078066914498141,4,-0.071158473171634,-0.0056471173799039,4,0.5,0.6077785111325611,-0.00029389374501365,MTSS,,0.00017318266441529204
atr_14_pct,band_pos,3,0.0059489795918367,0.0078066914498141,4,-0.071158473171634,-0.0056471173799039,7,0.2857142857142857,0.40259572198381055,-0.0009413873163375286,NLMK,range_v0_aggressive,0.00030306966272676105
atr_14_pct,band_pos,3,0.0059489795918367,0.0078066914498141,4,-0.071158473171634,-0.0056471173799039,7,0.2857142857142857,0.40259572198381055,-0.0009413873163375286,NLMK,range_v0_baseline,0.00030306966272676105
atr_14_pct,band_pos,3,0.0059489795918367,0.0078066914498141,4,-0.071158473171634,-0.0056471173799039,7,0.2857142857142857,0.40259572198381055,-0.0009413873163375286,NLMK,range_v0_conservative,0.00030306966272676105
atr_14_pct,band_pos,3,0.0059489795918367,0.0078066914498141,4,-0.071158473171634,-0.0056471173799039,7,0.2857142857142857,0.40259572198381055,-0.0009413873163375286,NLMK,range_v2_aggressive,0.00030306966272676105
atr_14_pct,band_pos,3,0.0059489795918367,0.0078066914498141,4,-0.071158473171634,-0.0056471173799039,7,0.2857142857142857,0.40259572198381055,-0.0009413873163375286,NLMK,range_v2_balanced,0.00030306966272676105
atr_14_pct,band_pos,3,0.0059489795918367,0.0078066914498141,4,-0.071158473171634,-0.0056471173799039,7,0.2857142857142857,0.40259572198381055,-0.0009413873163375286,NLMK,range_v2_conservative,0.00030306966272676105
atr_14_pct,band_pos,3,0.0059489795918367,0.0078066914498141,4,-0.071158473171634,-0.0056471173799039,7,0.2857142857142857,0.40259572198381055,-0.0009413873163375286,NLMK,,0.00030306966272676105
atr_14_pct,band_pos,3,0.0059489795918367,0.0078066914498141,4,-0.071158473171634,-0.0056471173799039,5,0.4,0.7088185770002986,-0.0003604832447225401,NVTK,range_v0_aggressive,0.00021647833051911504
atr_14_pct,band_pos,3,0.0059489795918367,0.0078066914498141,4,-0.071158473171634,-0.0056471173799039,5,0.4,0.7088185770002986,-0.0003604832447225401,NVTK,range_v0_baseline,0.00021647833051911504
atr_14_pct,band_pos,3,0.0059489795918367,0.0078066914498141,4,-0.071158473171634,-0.0056471173799039,5,0.4,0.7088185770002986,-0.0003604832447225401,NVTK,range_v0_conservative,0.00021647833051911504
atr_14_pct,band_pos,3,0.0059489795918367,0.0078066914498141,4,-0.071158473171634,-0.0056471173799039,5,0.4,0.7088185770002986,-0.0003604832447225401,NVTK,range_v2_aggressive,0.00021647833051911504
atr_14_pct,band_pos,3,0.0059489795918367,0.0078066914498141,4,-0.071158473171634,-0.0056471173799039,5,0.4,0.7088185770002986,-0.0003604832447225401,NVTK,range_v2_balanced,0.00021647833051911504
atr_14_pct,band_pos,3,0.0059489795918367,0.0078066914498141,4,-0.071158473171634,-0.0056471173799039,5,0.4,0.7088185770002986,-0.0003604832447225401,NVTK,range_v2_conservative,0.00021647833051911504
atr_14_pct,band_pos,3,0.0059489795918367,0.0078066914498141,4,-0.071158473171634,-0.0056471173799039,5,0.4,0.7088185770002986,-0.0003604832447225401,NVTK,,0.00021647833051911504
atr_14_pct,band_pos,3,0.0059489795918367,0.0078066914498141,4,-0.071158473171634,-0.0056471173799039,3,0.0,0.0,-0.0030057190808234335,OZON,range_v0_aggressive,0.000129886998311469
atr_14_pct,band_pos,3,0.0059489795918367,0.0078066914498141,4,-0.071158473171634,-0.0056471173799039,3,0.0,0.0,-0.0030057190808234335,OZON,range_v0_baseline,0.000129886998311469
atr_14_pct,band_pos,3,0.0059489795918367,0.0078066914498141,4,-0.071158473171634,-0.0056471173799039,3,0.0,0.0,-0.0030057190808234335,OZON,range_v0_conservative,0.000129886998311469
atr_14_pct,band_pos,3,0.0059489795918367,0.0078066914498141,4,-0.071158473171634,-0.0056471173799039,3,0.0,0.0,-0.0030057190808234335,OZON,range_v2_aggressive,0.000129886998311469
atr_14_pct,band_pos,3,0.0059489795918367,0.0078066914498141,4,-0.071158473171634,-0.0056471173799039,3,0.0,0.0,-0.0030057190808234335,OZON,range_v2_balanced,0.000129886998311469
atr_14_pct,band_pos,3,0.0059489795918367,0.0078066914498141,4,-0.071158473171634,-0.0056471173799039,3,0.0,0.0,-0.0030057190808234335,OZON,range_v2_conservative,0.000129886998311469
atr_14_pct,band_pos,3,0.0059489795918367,0.0078066914498141,4,-0.071158473171634,-0.0056471173799039,3,0.0,0.0,-0.0030057190808234335,OZON,,0.000129886998311469
atr_14_pct,band_pos,3,0.0059489795918367,0.0078066914498141,4,-0.071158473171634,-0.0056471173799039,11,0.5454545454545454,1.1348666867260426,0.00012791091899393636,PIKK,range_v0_aggressive,0.00047625232714205306
atr_14_pct,band_pos,3,0.0059489795918367,0.0078066914498141,4,-0.071158473171634,-0.0056471173799039,11,0.5454545454545454,1.1348666867260426,0.00012791091899393636,PIKK,range_v0_baseline,0.00047625232714205306
atr_14_pct,band_pos,3,0.0059489795918367,0.0078066914498141,4,-0.071158473171634,-0.0056471173799039,11,0.5454545454545454,1.1348666867260426,0.00012791091899393636,PIKK,range_v0_conservative,0.00047625232714205306
atr_14_pct,band_pos,3,0.0059489795918367,0.0078066914498141,4,-0.071158473171634,-0.0056471173799039,11,0.5454545454545454,1.1348666867260426,0.00012791091899393636,PIKK,range_v2_aggressive,0.00047625232714205306
atr_14_pct,band_pos,3,0.0059489795918367,0.0078066914498141,4,-0.071158473171634,-0.0056471173799039,11,0.5454545454545454,1.1348666867260426,0.00012791091899393636,PIKK,range_v2_balanced,0.00047625232714205306
atr_14_pct,band_pos,3,0.0059489795918367,0.0078066914498141,4,-0.071158473171634,-0.0056471173799039,11,0.5454545454545454,1.1348666867260426,0.00012791091899393636,PIKK,range_v2_conservative,0.00047625232714205306
atr_14_pct,band_pos,3,0.0059489795918367,0.0078066914498141,4,-0.071158473171634,-0.0056471173799039,11,0.5454545454545454,1.1348666867260426,0.00012791091899393636,PIKK,,0.00047625232714205306
atr_14_pct,band_pos,3,0.0059489795918367,0.0078066914498141,4,-0.071158473171634,-0.0056471173799039,4,0.25,0.20358477170195793,-0.0014021100268383,PLZL,range_v0_aggressive,0.00017318266441529204
atr_14_pct,band_pos,3,0.0059489795918367,0.0078066914498141,4,-0.071158473171634,-0.0056471173799039,4,0.25,0.20358477170195793,-0.0014021100268383,PLZL,range_v0_baseline,0.00017318266441529204
atr_14_pct,band_pos,3,0.0059489795918367,0.0078066914498141,4,-0.071158473171634,-0.0056471173799039,4,0.25,0.20358477170195793,-0.0014021100268383,PLZL,range_v0_conservative,0.00017318266441529204
atr_14_pct,band_pos,3,0.0059489795918367,0.0078066914498141,4,-0.071158473171634,-0.0056471173799039,4,0.25,0.20358477170195793,-0.0014021100268383,PLZL,range_v2_aggressive,0.00017318266441529204
atr_14_pct,band_pos,3,0.0059489795918367,0.0078066914498141,4,-0.071158473171634,-0.0056471173799039,4,0.25,0.20358477170195793,-0.0014021100268383,PLZL,range_v2_balanced,0.00017318266441529204
atr_14_pct,band_pos,3,0.0059489795918367,0.0078066914498141,4,-0.071158473171634,-0.0056471173799039,4,0.25,0.20358477170195793,-0.0014021100268383,PLZL,range_v2_conservative,0.00017318266441529204
atr_14_pct,band_pos,3,0.0059489795918367,0.0078066914498141,4,-0.071158473171634,-0.0056471173799039,4,0.25,0.20358477170195793,-0.0014021100268383,PLZL,,0.00017318266441529204
atr_14_pct,band_pos,3,0.0059489795918367,0.0078066914498141,4,-0.071158473171634,-0.0056471173799039,5,0.2,0.3387600278416968,-0.0009784504421171802,ROSN,range_v0_aggressive,0.00021647833051911504
atr_14_pct,band_pos,3,0.0059489795918367,0.0078066914498141,4,-0.071158473171634,-0.0056471173799039,5,0.2,0.3387600278416968,-0.0009784504421171802,ROSN,range_v0_baseline,0.00021647833051911504
atr_14_pct,band_pos,3,0.0059489795918367,0.0078066914498141,4,-0.071158473171634,-0.0056471173799039,5,0.2,0.3387600278416968,-0.0009784504421171802,ROSN,range_v0_conservative,0.00021647833051911504
atr_14_pct,band_pos,3,0.0059489795918367,0.0078066914498141,4,-0.071158473171634,-0.0056471173799039,5,0.2,0.3387600278416968,-0.0009784504421171802,ROSN,range_v2_aggressive,0.00021647833051911504
atr_14_pct,band_pos,3,0.0059489795918367,0.0078066914498141,4,-0.071158473171634,-0.0056471173799039,5,0.2,0.3387600278416968,-0.0009784504421171802,ROSN,range_v2_balanced,0.00021647833051911504
atr_14_pct,band_pos,3,0.0059489795918367,0.0078066914498141,4,-0.071158473171634,-0.0056471173799039,5,0.2,0.3387600278416968,-0.0009784504421171802,ROSN,range_v2_conservative,0.00021647833051911504
atr_14_pct,band_pos,3,0.0059489795918367,0.0078066914498141,4,-0.071158473171634,-0.0056471173799039,5,0.2,0.3387600278416968,-0.0009784504421171802,ROSN,,0.00021647833051911504
atr_14_pct,band_pos,3,0.0059489795918367,0.0078066914498141,4,-0.071158473171634,-0.0056471173799039,7,0.42857142857142855,0.6219199298670639,-0.0004521419082481001,SBER,range_v0_aggressive,0.00030306966272676105
atr_14_pct,band_pos,3,0.0059489795918367,0.0078066914498141,4,-0.071158473171634,-0.0056471173799039,7,0.42857142857142855,0.6219199298670639,-0.0004521419082481001,SBER,range_v0_baseline,0.00030306966272676105
atr_14_pct,band_pos,3,0.0059489795918367,0.0078066914498141,4,-0.071158473171634,-0.0056471173799039,7,0.42857142857142855,0.6219199298670639,-0.0004521419082481001,SBER,range_v0_conservative,0.00030306966272676105
atr_14_pct,band_pos,3,0.0059489795918367,0.0078066914498141,4,-0.071158473171634,-0.0056471173799039,19,0.47368421052631576,0.5882294776520093,-0.0003413984755306542,SBER,range_v2_aggressive,0.0008226176559726371
atr_14_pct,band_pos,3,0.0059489795918367,0.0078066914498141,4,-0.071158473171634,-0.0056471173799039,7,0.42857142857142855,0.6219199298670639,-0.0004521419082481001,SBER,range_v2_balanced,0.00030306966272676105
atr_14_pct,band_pos,3,0.0059489795918367,0.0078066914498141,4,-0.071158473171634,-0.0056471173799039,7,0.42857142857142855,0.6219199298670639,-0.0004521419082481001,SBER,range_v2_conservative,0.00030306966272676105
atr_14_pct,band_pos,3,0.0059489795918367,0.0078066914498141,4,-0.071158473171634,-0.0056471173799039,14,0.42857142857142855,0.6219199298670639,-0.0004521419082480999,SBER,,0.0006061393254535221
atr_14_pct,band_pos,3,0.0059489795918367,0.0078066914498141,4,-0.071158473171634,-0.0056471173799039,4,0.25,0.5114673916118128,-0.0008822987553178999,SNGS,range_v0_aggressive,0.00017318266441529204
atr_14_pct,band_pos,3,0.0059489795918367,0.0078066914498141,4,-0.071158473171634,-0.0056471173799039,4,0.25,0.5114673916118128,-0.0008822987553178999,SNGS,range_v0_baseline,0.00017318266441529204
atr_14_pct,band_pos,3,0.0059489795918367,0.0078066914498141,4,-0.071158473171634,-0.0056471173799039,4,0.25,0.5114673916118128,-0.0008822987553178999,SNGS,range_v0_conservative,0.00017318266441529204
atr_14_pct,band_pos,3,0.0059489795918367,0.0078066914498141,4,-0.071158473171634,-0.0056471173799039,4,0.25,0.5114673916118128,-0.0008822987553178999,SNGS,range_v2_aggressive,0.00017318266441529204
atr_14_pct,band_pos,3,0.0059489795918367,0.0078066914498141,4,-0.071158473171634,-0.0056471173799039,4,0.25,0.5114673916118128,-0.0008822987553178999,SNGS,range_v2_balanced,0.00017318266441529204
atr_14_pct,band_pos,3,0.0059489795918367,0.0078066914498141,4,-0.071158473171634,-0.0056471173799039,4,0.25,0.5114673916118128,-0.0008822987553178999,SNGS,range_v2_conservative,0.00017318266441529204
atr_14_pct,band_pos,3,0.0059489795918367,0.0078066914498141,4,-0.071158473171634,-0.0056471173799039,4,0.25,0.5114673916118128,-0.0008822987553178999,SNGS,,0.00017318266441529204
atr_14_pct,band_pos,3,0.0059489795918367,0.0078066914498141,4,-0.071158473171634,-0.0056471173799039,8,0.625,0.9736828237190561,-2.540508714535001e-05,TATN,range_v0_aggressive,0.0003463653288305841
atr_14_pct,band_pos,3,0.0059489795918367,0.0078066914498141,4,-0.071158473171634,-0.0056471173799039,8,0.625,0.9736828237190561,-2.540508714535001e-05,TATN,range_v0_baseline,0.0003463653288305841
atr_14_pct,band_pos,3,0.0059489795918367,0.0078066914498141,4,-0.071158473171634,-0.0056471173799039,8,0.625,0.9736828237190561,-2.540508714535001e-05,TATN,range_v0_conservative,0.0003463653288305841
atr_14_pct,band_pos,3,0.0059489795918367,0.0078066914498141,4,-0.071158473171634,-0.0056471173799039,8,0.625,0.9736828237190561,-2.540508714535001e-05,TATN,range_v2_aggressive,0.0003463653288305841
atr_14_pct,band_pos,3,0.0059489795918367,0.0078066914498141,4,-0.071158473171634,-0.0056471173799039,8,0.625,0.9736828237190561,-2.540508714535001e-05,TATN,range_v2_balanced,0.0003463653288305841
atr_14_pct,band_pos,3,0.0059489795918367,0.0078066914498141,4,-0.071158473171634,-0.0056471173799039,8,0.625,0.9736828237190561,-2.540508714535001e-05,TATN,range_v2_conservative,0.0003463653288305841
atr_14_pct,band_pos,3,0.0059489795918367,0.0078066914498141,4,-0.071158473171634,-0.0056471173799039,8,0.625,0.9736828237190561,-2.540508714535001e-05,TATN,,0.0003463653288305841
atr_14_pct,band_pos,3,0.0059489795918367,0.0078066914498141,4,-0.071158473171634,-0.0056471173799039,2,0.0,0.0,-0.0022607543793173998,VKCO,range_v0_aggressive,8.659133220764602e-05
atr_14_pct,band_pos,3,0.0059489795918367,0.0078066914498141,4,-0.071158473171634,-0.0056471173799039,2,0.0,0.0,-0.0022607543793173998,VKCO,range_v0_baseline,8.659133220764602e-05
atr_14_pct,band_pos,3,0.0059489795918367,0.0078066914498141,4,-0.071158473171634,-0.0056471173799039,2,0.0,0.0,-0.0022607543793173998,VKCO,range_v0_conservative,8.659133220764602e-05
atr_14_pct,band_pos,3,0.0059489795918367,0.0078066914498141,4,-0.071158473171634,-0.0056471173799039,2,0.0,0.0,-0.0022607543793173998,VKCO,range_v2_aggressive,8.659133220764602e-05
atr_14_pct,band_pos,3,0.0059489795918367,0.0078066914498141,4,-0.071158473171634,-0.0056471173799039,2,0.0,0.0,-0.0022607543793173998,VKCO,range_v2_balanced,8.659133220764602e-05
atr_14_pct,band_pos,3,0.0059489795918367,0.0078066914498141,4,-0.071158473171634,-0.0056471173799039,2,0.0,0.0,-0.0022607543793173998,VKCO,range_v2_conservative,8.659133220764602e-05
atr_14_pct,band_pos,3,0.0059489795918367,0.0078066914498141,4,-0.071158473171634,-0.0056471173799039,2,0.0,0.0,-0.0022607543793173998,VKCO,,8.659133220764602e-05
atr_14_pct,band_pos,3,0.0059489795918367,0.0078066914498141,4,-0.071158473171634,-0.0056471173799039,4,0.75,4.828344850006622,0.0017179348307273,YNDX,range_v0_aggressive,0.00017318266441529204
atr_14_pct,band_pos,3,0.0059489795918367,0.0078066914498141,4,-0.071158473171634,-0.0056471173799039,4,0.75,4.828344850006622,0.0017179348307273,YNDX,range_v0_baseline,0.00017318266441529204
atr_14_pct,band_pos,3,0.0059489795918367,0.0078066914498141,4,-0.071158473171634,-0.0056471173799039,4,0.75,4.828344850006622,0.0017179348307273,YNDX,range_v0_conservative,0.00017318266441529204
atr_14_pct,band_pos,3,0.0059489795918367,0.0078066914498141,4,-0.071158473171634,-0.0056471173799039,4,0.75,4.828344850006622,0.0017179348307273,YNDX,range_v2_aggressive,0.00017318266441529204
atr_14_pct,band_pos,3,0.0059489795918367,0.0078066914498141,4,-0.071158473171634,-0.0056471173799039,4,0.75,4.828344850006622,0.0017179348307273,YNDX,range_v2_balanced,0.00017318266441529204
atr_14_pct,band_pos,3,0.0059489795918367,0.0078066914498141,4,-0.071158473171634,-0.0056471173799039,4,0.75,4.828344850006622,0.0017179348307273,YNDX,range_v2_conservative,0.00017318266441529204
atr_14_pct,band_pos,3,0.0059489795918367,0.0078066914498141,4,-0.071158473171634,-0.0056471173799039,4,0.75,4.828344850006622,0.0017179348307273,YNDX,,0.00017318266441529204
atr_14_pct,band_pos,3,0.0059489795918367,0.0078066914498141,5,-0.0056471173799039,0.4996513928999424,3,0.0,0.0,-0.0017639653822242665,CHMF,range_v0_aggressive,0.000129886998311469
atr_14_pct,band_pos,3,0.0059489795918367,0.0078066914498141,5,-0.0056471173799039,0.4996513928999424,3,0.0,0.0,-0.0017639653822242665,CHMF,range_v0_baseline,0.000129886998311469
atr_14_pct,band_pos,3,0.0059489795918367,0.0078066914498141,5,-0.0056471173799039,0.4996513928999424,3,0.0,0.0,-0.0017639653822242665,CHMF,range_v0_conservative,0.000129886998311469
atr_14_pct,band_pos,3,0.0059489795918367,0.0078066914498141,5,-0.0056471173799039,0.4996513928999424,3,0.0,0.0,-0.0017639653822242665,CHMF,range_v2_aggressive,0.000129886998311469
atr_14_pct,band_pos,3,0.0059489795918367,0.0078066914498141,5,-0.0056471173799039,0.4996513928999424,3,0.0,0.0,-0.0017639653822242665,CHMF,range_v2_balanced,0.000129886998311469
atr_14_pct,band_pos,3,0.0059489795918367,0.0078066914498141,5,-0.0056471173799039,0.4996513928999424,3,0.0,0.0,-0.0017639653822242665,CHMF,range_v2_conservative,0.000129886998311469
atr_14_pct,band_pos,3,0.0059489795918367,0.0078066914498141,5,-0.0056471173799039,0.4996513928999424,3,0.0,0.0,-0.0017639653822242665,CHMF,,0.000129886998311469
atr_14_pct,band_pos,3,0.0059489795918367,0.0078066914498141,5,-0.0056471173799039,0.4996513928999424,5,0.4,0.8771200895054835,-0.00012977176518867996,GAZP,range_v0_aggressive,0.00021647833051911504
atr_14_pct,band_pos,3,0.0059489795918367,0.0078066914498141,5,-0.0056471173799039,0.4996513928999424,5,0.4,0.8771200895054835,-0.00012977176518867996,GAZP,range_v0_baseline,0.00021647833051911504
atr_14_pct,band_pos,3,0.0059489795918367,0.0078066914498141,5,-0.0056471173799039,0.4996513928999424,5,0.4,0.8771200895054835,-0.00012977176518867996,GAZP,range_v0_conservative,0.00021647833051911504
atr_14_pct,band_pos,3,0.0059489795918367,0.0078066914498141,5,-0.0056471173799039,0.4996513928999424,5,0.4,0.8771200895054835,-0.00012977176518867996,GAZP,range_v2_aggressive,0.00021647833051911504
atr_14_pct,band_pos,3,0.0059489795918367,0.0078066914498141,5,-0.0056471173799039,0.4996513928999424,5,0.4,0.8771200895054835,-0.00012977176518867996,GAZP,range_v2_balanced,0.00021647833051911504
atr_14_pct,band_pos,3,0.0059489795918367,0.0078066914498141,5,-0.0056471173799039,0.4996513928999424,5,0.4,0.8771200895054835,-0.00012977176518867996,GAZP,range_v2_conservative,0.00021647833051911504
atr_14_pct,band_pos,3,0.0059489795918367,0.0078066914498141,5,-0.0056471173799039,0.4996513928999424,5,0.4,0.8771200895054835,-0.00012977176518867996,GAZP,,0.00021647833051911504
atr_14_pct,band_pos,3,0.0059489795918367,0.0078066914498141,5,-0.0056471173799039,0.4996513928999424,3,0.3333333333333333,0.09430676204822255,-0.0008769946522505,GMKN,range_v0_aggressive,0.000129886998311469
atr_14_pct,band_pos,3,0.0059489795918367,0.0078066914498141,5,-0.0056471173799039,0.4996513928999424,3,0.3333333333333333,0.09430676204822255,-0.0008769946522505,GMKN,range_v0_baseline,0.000129886998311469
atr_14_pct,band_pos,3,0.0059489795918367,0.0078066914498141,5,-0.0056471173799039,0.4996513928999424,3,0.3333333333333333,0.09430676204822255,-0.0008769946522505,GMKN,range_v0_conservative,0.000129886998311469
atr_14_pct,band_pos,3,0.0059489795918367,0.0078066914498141,5,-0.0056471173799039,0.4996513928999424,3,0.3333333333333333,0.09430676204822255,-0.0008769946522505,GMKN,range_v2_aggressive,0.000129886998311469
atr_14_pct,band_pos,3,0.0059489795918367,0.0078066914498141,5,-0.0056471173799039,0.4996513928999424,3,0.3333333333333333,0.09430676204822255,-0.0008769946522505,GMKN,range_v2_balanced,0.000129886998311469
atr_14_pct,band_pos,3,0.0059489795918367,0.0078066914498141,5,-0.0056471173799039,0.4996513928999424,3,0.3333333333333333,0.09430676204822255,-0.0008769946522505,GMKN,range_v2_conservative,0.000129886998311469
atr_14_pct,band_pos,3,0.0059489795918367,0.0078066914498141,5,-0.0056471173799039,0.4996513928999424,3,0.3333333333333333,0.09430676204822255,-0.0008769946522505,GMKN,,0.000129886998311469
atr_14_pct,band_pos,3,0.0059489795918367,0.0078066914498141,5,-0.0056471173799039,0.4996513928999424,4,0.0,0.0,-0.00288170483407665,LKOH,range_v0_aggressive,0.00017318266441529204
atr_14_pct,band_pos,3,0.0059489795918367,0.0078066914498141,5,-0.0056471173799039,0.4996513928999424,4,0.0,0.0,-0.00288170483407665,LKOH,range_v0_baseline,0.00017318266441529204
atr_14_pct,band_pos,3,0.0059489795918367,0.0078066914498141,5,-0.0056471173799039,0.4996513928999424,4,0.0,0.0,-0.00288170483407665,LKOH,range_v0_conservative,0.00017318266441529204
atr_14_pct,band_pos,3,0.0059489795918367,0.0078066914498141,5,-0.0056471173799039,0.4996513928999424,4,0.0,0.0,-0.00288170483407665,LKOH,range_v2_aggressive,0.00017318266441529204
atr_14_pct,band_pos,3,0.0059489795918367,0.0078066914498141,5,-0.0056471173799039,0.4996513928999424,4,0.0,0.0,-0.00288170483407665,LKOH,range_v2_balanced,0.00017318266441529204
atr_14_pct,band_pos,3,0.0059489795918367,0.0078066914498141,5,-0.0056471173799039,0.4996513928999424,4,0.0,0.0,-0.00288170483407665,LKOH,range_v2_conservative,0.00017318266441529204
atr_14_pct,band_pos,3,0.0059489795918367,0.0078066914498141,5,-0.0056471173799039,0.4996513928999424,4,0.0,0.0,-0.00288170483407665,LKOH,,0.00017318266441529204
atr_14_pct,band_pos,3,0.0059489795918367,0.0078066914498141,5,-0.0056471173799039,0.4996513928999424,7,0.7142857142857143,1.4072247404520501,0.0002562830160644143,MGNT,range_v0_aggressive,0.00030306966272676105
atr_14_pct,band_pos,3,0.0059489795918367,0.0078066914498141,5,-0.0056471173799039,0.4996513928999424,7,0.7142857142857143,1.4072247404520501,0.0002562830160644143,MGNT,range_v0_baseline,0.00030306966272676105
atr_14_pct,band_pos,3,0.0059489795918367,0.0078066914498141,5,-0.0056471173799039,0.4996513928999424,7,0.7142857142857143,1.4072247404520501,0.0002562830160644143,MGNT,range_v0_conservative,0.00030306966272676105
atr_14_pct,band_pos,3,0.0059489795918367,0.0078066914498141,5,-0.0056471173799039,0.4996513928999424,7,0.7142857142857143,1.4072247404520501,0.0002562830160644143,MGNT,range_v2_aggressive,0.00030306966272676105
atr_14_pct,band_pos,3,0.0059489795918367,0.0078066914498141,5,-0.0056471173799039,0.4996513928999424,7,0.7142857142857143,1.4072247404520501,0.0002562830160644143,MGNT,range_v2_balanced,0.00030306966272676105
atr_14_pct,band_pos,3,0.0059489795918367,0.0078066914498141,5,-0.0056471173799039,0.4996513928999424,7,0.7142857142857143,1.4072247404520501,0.0002562830160644143,MGNT,range_v2_conservative,0.00030306966272676105
atr_14_pct,band_pos,3,0.0059489795918367,0.0078066914498141,5,-0.0056471173799039,0.4996513928999424,7,0.7142857142857143,1.4072247404520501,0.0002562830160644143,MGNT,,0.00030306966272676105
atr_14_pct,band_pos,3,0.0059489795918367,0.0078066914498141,5,-0.0056471173799039,0.4996513928999424,5,0.4,0.2281813411778287,-0.0012557286401103803,MTSS,range_v0_aggressive,0.00021647833051911504
atr_14_pct,band_pos,3,0.0059489795918367,0.0078066914498141,5,-0.0056471173799039,0.4996513928999424,5,0.4,0.2281813411778287,-0.0012557286401103803,MTSS,range_v0_baseline,0.00021647833051911504
atr_14_pct,band_pos,3,0.0059489795918367,0.0078066914498141,5,-0.0056471173799039,0.4996513928999424,5,0.4,0.2281813411778287,-0.0012557286401103803,MTSS,range_v0_conservative,0.00021647833051911504
atr_14_pct,band_pos,3,0.0059489795918367,0.0078066914498141,5,-0.0056471173799039,0.4996513928999424,5,0.4,0.2281813411778287,-0.0012557286401103803,MTSS,range_v2_aggressive,0.00021647833051911504
atr_14_pct,band_pos,3,0.0059489795918367,0.0078066914498141,5,-0.0056471173799039,0.4996513928999424,5,0.4,0.2281813411778287,-0.0012557286401103803,MTSS,range_v2_balanced,0.00021647833051911504
atr_14_pct,band_pos,3,0.0059489795918367,0.0078066914498141,5,-0.0056471173799039,0.4996513928999424,5,0.4,0.2281813411778287,-0.0012557286401103803,MTSS,range_v2_conservative,0.00021647833051911504
atr_14_pct,band_pos,3,0.0059489795918367,0.0078066914498141,5,-0.0056471173799039,0.4996513928999424,5,0.4,0.2281813411778287,-0.0012557286401103803,MTSS,,0.00021647833051911504
atr_14_pct,band_pos,3,0.0059489795918367,0.0078066914498141,5,-0.0056471173799039,0.4996513928999424,6,0.3333333333333333,0.15409591775948714,-0.0014994042378983499,NLMK,range_v0_aggressive,0.000259773996622938
atr_14_pct,band_pos,3,0.0059489795918367,0.0078066914498141,5,-0.0056471173799039,0.4996513928999424,6,0.3333333333333333,0.15409591775948714,-0.0014994042378983499,NLMK,range_v0_baseline,0.000259773996622938
atr_14_pct,band_pos,3,0.0059489795918367,0.0078066914498141,5,-0.0056471173799039,0.4996513928999424,6,0.3333333333333333,0.15409591775948714,-0.0014994042378983499,NLMK,range_v0_conservative,0.000259773996622938
atr_14_pct,band_pos,3,0.0059489795918367,0.0078066914498141,5,-0.0056471173799039,0.4996513928999424,6,0.3333333333333333,0.15409591775948714,-0.0014994042378983499,NLMK,range_v2_aggressive,0.000259773996622938
atr_14_pct,band_pos,3,0.0059489795918367,0.0078066914498141,5,-0.0056471173799039,0.4996513928999424,6,0.3333333333333333,0.15409591775948714,-0.0014994042378983499,NLMK,range_v2_balanced,0.000259773996622938
atr_14_pct,band_pos,3,0.0059489795918367,0.0078066914498141,5,-0.0056471173799039,0.4996513928999424,6,0.3333333333333333,0.15409591775948714,-0.0014994042378983499,NLMK,range_v2_conservative,0.000259773996622938
atr_14_pct,band_pos,3,0.0059489795918367,0.0078066914498141,5,-0.0056471173799039,0.4996513928999424,6,0.3333333333333333,0.15409591775948714,-0.0014994042378983499,NLMK,,0.000259773996622938
atr_14_pct,band_pos,3,0.0059489795918367,0.0078066914498141,5,-0.0056471173799039,0.4996513928999424,9,0.1111111111111111,0.08018752679192043,-0.0015275990898653011,NVTK,range_v0_aggressive,0.00038966099493440706
atr_14_pct,band_pos,3,0.0059489795918367,0.0078066914498141,5,-0.0056471173799039,0.4996513928999424,9,0.1111111111111111,0.08018752679192043,-0.0015275990898653011,NVTK,range_v0_baseline,0.00038966099493440706
atr_14_pct,band_pos,3,0.0059489795918367,0.0078066914498141,5,-0.0056471173799039,0.4996513928999424,9,0.1111111111111111,0.08018752679192043,-0.0015275990898653011,NVTK,range_v0_conservative,0.00038966099493440706
atr_14_pct,band_pos,3,0.0059489795918367,0.0078066914498141,5,-0.0056471173799039,0.4996513928999424,9,0.1111111111111111,0.08018752679192043,-0.0015275990898653011,NVTK,range_v2_aggressive,0.00038966099493440706
atr_14_pct,band_pos,3,0.0059489795918367,0.0078066914498141,5,-0.0056471173799039,0.4996513928999424,9,0.1111111111111111,0.08018752679192043,-0.0015275990898653011,NVTK,range_v2_balanced,0.00038966099493440706
atr_14_pct,band_pos,3,0.0059489795918367,0.0078066914498141,5,-0.0056471173799039,0.4996513928999424,9,0.1111111111111111,0.08018752679192043,-0.0015275990898653011,NVTK,range_v2_conservative,0.00038966099493440706
atr_14_pct,band_pos,3,0.0059489795918367,0.0078066914498141,5,-0.0056471173799039,0.4996513928999424,9,0.1111111111111111,0.08018752679192043,-0.0015275990898653011,NVTK,,0.00038966099493440706
atr_14_pct,band_pos,3,0.0059489795918367,0.0078066914498141,5,-0.0056471173799039,0.4996513928999424,3,0.6666666666666666,1.599069660863353,0.0006583198065985,OZON,range_v0_aggressive,0.000129886998311469
atr_14_pct,band_pos,3,0.0059489795918367,0.0078066914498141,5,-0.0056471173799039,0.4996513928999424,3,0.6666666666666666,1.599069660863353,0.0006583198065985,OZON,range_v0_baseline,0.000129886998311469
atr_14_pct,band_pos,3,0.0059489795918367,0.0078066914498141,5,-0.0056471173799039,0.4996513928999424,3,0.6666666666666666,1.599069660863353,0.0006583198065985,OZON,range_v0_conservative,0.000129886998311469
atr_14_pct,band_pos,3,0.0059489795918367,0.0078066914498141,5,-0.0056471173799039,0.4996513928999424,3,0.6666666666666666,1.599069660863353,0.0006583198065985,OZON,range_v2_aggressive,0.000129886998311469
atr_14_pct,band_pos,3,0.0059489795918367,0.0078066914498141,5,-0.0056471173799039,0.4996513928999424,3,0.6666666666666666,1.599069660863353,0.0006583198065985,OZON,range_v2_balanced,0.000129886998311469
atr_14_pct,band_pos,3,0.0059489795918367,0.0078066914498141,5,-0.0056471173799039,0.4996513928999424,3,0.6666666666666666,1.599069660863353,0.0006583198065985,OZON,range_v2_conservative,0.000129886998311469
atr_14_pct,band_pos,3,0.0059489795918367,0.0078066914498141,5,-0.0056471173799039,0.4996513928999424,3,0.6666666666666666,1.599069660863353,0.0006583198065985,OZON,,0.000129886998311469
atr_14_pct,band_pos,3,0.0059489795918367,0.0078066914498141,5,-0.0056471173799039,0.4996513928999424,11,0.2727272727272727,0.09037713457484972,-0.0014770296864798102,PIKK,range_v0_aggressive,0.00047625232714205306
atr_14_pct,band_pos,3,0.0059489795918367,0.0078066914498141,5,-0.0056471173799039,0.4996513928999424,11,0.2727272727272727,0.09037713457484972,-0.0014770296864798102,PIKK,range_v0_baseline,0.00047625232714205306
atr_14_pct,band_pos,3,0.0059489795918367,0.0078066914498141,5,-0.0056471173799039,0.4996513928999424,11,0.2727272727272727,0.09037713457484972,-0.0014770296864798102,PIKK,range_v0_conservative,0.00047625232714205306
atr_14_pct,band_pos,3,0.0059489795918367,0.0078066914498141,5,-0.0056471173799039,0.4996513928999424,11,0.2727272727272727,0.09037713457484972,-0.0014770296864798102,PIKK,range_v2_aggressive,0.00047625232714205306
atr_14_pct,band_pos,3,0.0059489795918367,0.0078066914498141,5,-0.0056471173799039,0.4996513928999424,11,0.2727272727272727,0.09037713457484972,-0.0014770296864798102,PIKK,range_v2_balanced,0.00047625232714205306
atr_14_pct,band_pos,3,0.0059489795918367,0.0078066914498141,5,-0.0056471173799039,0.4996513928999424,11,0.2727272727272727,0.09037713457484972,-0.0014770296864798102,PIKK,range_v2_conservative,0.00047625232714205306
atr_14_pct,band_pos,3,0.0059489795918367,0.0078066914498141,5,-0.0056471173799039,0.4996513928999424,11,0.2727272727272727,0.09037713457484972,-0.0014770296864798102,PIKK,,0.00047625232714205306
atr_14_pct,band_pos,3,0.0059489795918367,0.0078066914498141,5,-0.0056471173799039,0.4996513928999424,5,0.4,0.21339648163300406,-0.000894382624814918,PLZL,range_v0_aggressive,0.00021647833051911504
atr_14_pct,band_pos,3,0.0059489795918367,0.0078066914498141,5,-0.0056471173799039,0.4996513928999424,5,0.4,0.21339648163300406,-0.000894382624814918,PLZL,range_v0_baseline,0.00021647833051911504
atr_14_pct,band_pos,3,0.0059489795918367,0.0078066914498141,5,-0.0056471173799039,0.4996513928999424,5,0.4,0.21339648163300406,-0.000894382624814918,PLZL,range_v0_conservative,0.00021647833051911504
atr_14_pct,band_pos,3,0.0059489795918367,0.0078066914498141,5,-0.0056471173799039,0.4996513928999424,5,0.4,0.21339648163300406,-0.000894382624814918,PLZL,range_v2_aggressive,0.00021647833051911504
atr_14_pct,band_pos,3,0.0059489795918367,0.0078066914498141,5,-0.0056471173799039,0.4996513928999424,5,0.4,0.21339648163300406,-0.000894382624814918,PLZL,range_v2_balanced,0.00021647833051911504
atr_14_pct,band_pos,3,0.0059489795918367,0.0078066914498141,5,-0.0056471173799039,0.4996513928999424,5,0.4,0.21339648163300406,-0.000894382624814918,PLZL,range_v2_conservative,0.00021647833051911504
atr_14_pct,band_pos,3,0.0059489795918367,0.0078066914498141,5,-0.0056471173799039,0.4996513928999424,5,0.4,0.21339648163300406,-0.000894382624814918,PLZL,,0.00021647833051911504
atr_14_pct,band_pos,3,0.0059489795918367,0.0078066914498141,5,-0.0056471173799039,0.4996513928999424,7,0.42857142857142855,0.19982186025403573,-0.0010933434721388125,ROSN,range_v0_aggressive,0.00030306966272676105
atr_14_pct,band_pos,3,0.0059489795918367,0.0078066914498141,5,-0.0056471173799039,0.4996513928999424,7,0.42857142857142855,0.19982186025403573,-0.0010933434721388125,ROSN,range_v0_baseline,0.00030306966272676105
atr_14_pct,band_pos,3,0.0059489795918367,0.0078066914498141,5,-0.0056471173799039,0.4996513928999424,7,0.42857142857142855,0.19982186025403573,-0.0010933434721388125,ROSN,range_v0_conservative,0.00030306966272676105
atr_14_pct,band_pos,3,0.0059489795918367,0.0078066914498141,5,-0.0056471173799039,0.4996513928999424,7,0.42857142857142855,0.19982186025403573,-0.0010933434721388125,ROSN,range_v2_aggressive,0.00030306966272676105
atr_14_pct,band_pos,3,0.0059489795918367,0.0078066914498141,5,-0.0056471173799039,0.4996513928999424,7,0.42857142857142855,0.19982186025403573,-0.0010933434721388125,ROSN,range_v2_balanced,0.00030306966272676105
atr_14_pct,band_pos,3,0.0059489795918367,0.0078066914498141,5,-0.0056471173799039,0.4996513928999424,7,0.42857142857142855,0.19982186025403573,-0.0010933434721388125,ROSN,range_v2_conservative,0.00030306966272676105
atr_14_pct,band_pos,3,0.0059489795918367,0.0078066914498141,5,-0.0056471173799039,0.4996513928999424,7,0.42857142857142855,0.19982186025403573,-0.0010933434721388125,ROSN,,0.00030306966272676105
atr_14_pct,band_pos,3,0.0059489795918367,0.0078066914498141,5,-0.0056471173799039,0.4996513928999424,3,0.0,0.0,-0.0022382454758580667,SBER,range_v0_aggressive,0.000129886998311469
atr_14_pct,band_pos,3,0.0059489795918367,0.0078066914498141,5,-0.0056471173799039,0.4996513928999424,3,0.0,0.0,-0.0022382454758580667,SBER,range_v0_baseline,0.000129886998311469
atr_14_pct,band_pos,3,0.0059489795918367,0.0078066914498141,5,-0.0056471173799039,0.4996513928999424,3,0.0,0.0,-0.0022382454758580667,SBER,range_v0_conservative,0.000129886998311469
atr_14_pct,band_pos,3,0.0059489795918367,0.0078066914498141,5,-0.0056471173799039,0.4996513928999424,15,0.5333333333333333,0.4221029126142286,-0.0004849280788702533,SBER,range_v2_aggressive,0.0006494349915573451
atr_14_pct,band_pos,3,0.0059489795918367,0.0078066914498141,5,-0.0056471173799039,0.4996513928999424,3,0.0,0.0,-0.0022382454758580667,SBER,range_v2_balanced,0.000129886998311469
atr_14_pct,band_pos,3,0.0059489795918367,0.0078066914498141,5,-0.0056471173799039,0.4996513928999424,3,0.0,0.0,-0.0022382454758580667,SBER,range_v2_conservative,0.000129886998311469
atr_14_pct,band_pos,3,0.0059489795918367,0.0078066914498141,5,-0.0056471173799039,0.4996513928999424,6,0.0,0.0,-0.0022382454758580667,SBER,,0.000259773996622938
atr_14_pct,band_pos,3,0.0059489795918367,0.0078066914498141,5,-0.0056471173799039,0.4996513928999424,7,0.42857142857142855,0.29141514178734357,-0.0007826405866916857,SNGS,range_v0_aggressive,0.00030306966272676105
atr_14_pct,band_pos,3,0.0059489795918367,0.0078066914498141,5,-0.0056471173799039,0.4996513928999424,7,0.42857142857142855,0.29141514178734357,-0.0007826405866916857,SNGS,range_v0_baseline,0.00030306966272676105
atr_14_pct,band_pos,3,0.0059489795918367,0.0078066914498141,5,-0.0056471173799039,0.4996513928999424,7,0.42857142857142855,0.29141514178734357,-0.0007826405866916857,SNGS,range_v0_conservative,0.00030306966272676105
atr_14_pct,band_pos,3,0.0059489795918367,0.0078066914498141,5,-0.0056471173799039,0.4996513928999424,7,0.42857142857142855,0.29141514178734357,-0.0007826405866916857,SNGS,range_v2_aggressive,0.00030306966272676105
atr_14_pct,band_pos,3,0.0059489795918367,0.0078066914498141,5,-0.0056471173799039,0.4996513928999424,7,0.42857142857142855,0.29141514178734357,-0.0007826405866916857,SNGS,range_v2_balanced,0.00030306966272676105
atr_14_pct,band_pos,3,0.0059489795918367,0.0078066914498141,5,-0.0056471173799039,0.4996513928999424,7,0.42857142857142855,0.29141514178734357,-0.0007826405866916857,SNGS,range_v2_conservative,0.00030306966272676105
atr_14_pct,band_pos,3,0.0059489795918367,0.0078066914498141,5,-0.0056471173799039,0.4996513928999424,7,0.42857142857142855,0.29141514178734357,-0.0007826405866916857,SNGS,,0.00030306966272676105
atr_14_pct,band_pos,3,0.0059489795918367,0.0078066914498141,5,-0.0056471173799039,0.4996513928999424,2,0.0,0.0,-0.00192742526553665,TATN,range_v0_aggressive,8.659133220764602e-05
atr_14_pct,band_pos,3,0.0059489795918367,0.0078066914498141,5,-0.0056471173799039,0.4996513928999424,2,0.0,0.0,-0.00192742526553665,TATN,range_v0_baseline,8.659133220764602e-05
atr_14_pct,band_pos,3,0.0059489795918367,0.0078066914498141,5,-0.0056471173799039,0.4996513928999424,2,0.0,0.0,-0.00192742526553665,TATN,range_v0_conservative,8.659133220764602e-05
atr_14_pct,band_pos,3,0.0059489795918367,0.0078066914498141,5,-0.0056471173799039,0.4996513928999424,2,0.0,0.0,-0.00192742526553665,TATN,range_v2_aggressive,8.659133220764602e-05
atr_14_pct,band_pos,3,0.0059489795918367,0.0078066914498141,5,-0.0056471173799039,0.4996513928999424,2,0.0,0.0,-0.00192742526553665,TATN,range_v2_balanced,8.659133220764602e-05
atr_14_pct,band_pos,3,0.0059489795918367,0.0078066914498141,5,-0.0056471173799039,0.4996513928999424,2,0.0,0.0,-0.00192742526553665,TATN,range_v2_conservative,8.659133220764602e-05
atr_14_pct,band_pos,3,0.0059489795918367,0.0078066914498141,5,-0.0056471173799039,0.4996513928999424,2,0.0,0.0,-0.00192742526553665,TATN,,8.659133220764602e-05
atr_14_pct,band_pos,3,0.0059489795918367,0.0078066914498141,5,-0.0056471173799039,0.4996513928999424,4,0.5,0.4576902970587957,-0.000696527460360175,VKCO,range_v0_aggressive,0.00017318266441529204
atr_14_pct,band_pos,3,0.0059489795918367,0.0078066914498141,5,-0.0056471173799039,0.4996513928999424,4,0.5,0.4576902970587957,-0.000696527460360175,VKCO,range_v0_baseline,0.00017318266441529204
atr_14_pct,band_pos,3,0.0059489795918367,0.0078066914498141,5,-0.0056471173799039,0.4996513928999424,4,0.5,0.4576902970587957,-0.000696527460360175,VKCO,range_v0_conservative,0.00017318266441529204
atr_14_pct,band_pos,3,0.0059489795918367,0.0078066914498141,5,-0.0056471173799039,0.4996513928999424,4,0.5,0.4576902970587957,-0.000696527460360175,VKCO,range_v2_aggressive,0.00017318266441529204
atr_14_pct,band_pos,3,0.0059489795918367,0.0078066914498141,5,-0.0056471173799039,0.4996513928999424,4,0.5,0.4576902970587957,-0.000696527460360175,VKCO,range_v2_balanced,0.00017318266441529204
atr_14_pct,band_pos,3,0.0059489795918367,0.0078066914498141,5,-0.0056471173799039,0.4996513928999424,4,0.5,0.4576902970587957,-0.000696527460360175,VKCO,range_v2_conservative,0.00017318266441529204
atr_14_pct,band_pos,3,0.0059489795918367,0.0078066914498141,5,-0.0056471173799039,0.4996513928999424,4,0.5,0.4576902970587957,-0.000696527460360175,VKCO,,0.00017318266441529204
atr_14_pct,band_pos,3,0.0059489795918367,0.0078066914498141,5,-0.0056471173799039,0.4996513928999424,4,0.5,1.1338283074391453,7.838149062774991e-05,YNDX,range_v0_aggressive,0.00017318266441529204
atr_14_pct,band_pos,3,0.0059489795918367,0.0078066914498141,5,-0.0056471173799039,0.4996513928999424,4,0.5,1.1338283074391453,7.838149062774991e-05,YNDX,range_v0_baseline,0.00017318266441529204
atr_14_pct,band_pos,3,0.0059489795918367,0.0078066914498141,5,-0.0056471173799039,0.4996513928999424,4,0.5,1.1338283074391453,7.838149062774991e-05,YNDX,range_v0_conservative,0.00017318266441529204
atr_14_pct,band_pos,3,0.0059489795918367,0.0078066914498141,5,-0.0056471173799039,0.4996513928999424,4,0.5,1.1338283074391453,7.838149062774991e-05,YNDX,range_v2_aggressive,0.00017318266441529204
atr_14_pct,band_pos,3,0.0059489795918367,0.0078066914498141,5,-0.0056471173799039,0.4996513928999424,4,0.5,1.1338283074391453,7.838149062774991e-05,YNDX,range_v2_balanced,0.00017318266441529204
atr_14_pct,band_pos,3,0.0059489795918367,0.0078066914498141,5,-0.0056471173799039,0.4996513928999424,4,0.5,1.1338283074391453,7.838149062774991e-05,YNDX,range_v2_conservative,0.00017318266441529204
atr_14_pct,band_pos,3,0.0059489795918367,0.0078066914498141,5,-0.0056471173799039,0.4996513928999424,4,0.5,1.1338283074391453,7.838149062774991e-05,YNDX,,0.00017318266441529204
atr_14_pct,band_pos,4,0.0078066914498141,0.0110365053638959,0,-1.7111676770571271,-0.5006577883425565,12,0.16666666666666666,0.2293641884036754,-0.0020066663727218497,CHMF,range_v0_aggressive,0.000519547993245876
atr_14_pct,band_pos,4,0.0078066914498141,0.0110365053638959,0,-1.7111676770571271,-0.5006577883425565,12,0.16666666666666666,0.2293641884036754,-0.0020066663727218497,CHMF,range_v0_baseline,0.000519547993245876
atr_14_pct,band_pos,4,0.0078066914498141,0.0110365053638959,0,-1.7111676770571271,-0.5006577883425565,12,0.16666666666666666,0.2293641884036754,-0.0020066663727218497,CHMF,range_v0_conservative,0.000519547993245876
atr_14_pct,band_pos,4,0.0078066914498141,0.0110365053638959,0,-1.7111676770571271,-0.5006577883425565,12,0.16666666666666666,0.2293641884036754,-0.0020066663727218497,CHMF,range_v2_aggressive,0.000519547993245876
atr_14_pct,band_pos,4,0.0078066914498141,0.0110365053638959,0,-1.7111676770571271,-0.5006577883425565,12,0.16666666666666666,0.2293641884036754,-0.0020066663727218497,CHMF,range_v2_balanced,0.000519547993245876
atr_14_pct,band_pos,4,0.0078066914498141,0.0110365053638959,0,-1.7111676770571271,-0.5006577883425565,12,0.16666666666666666,0.2293641884036754,-0.0020066663727218497,CHMF,range_v2_conservative,0.000519547993245876
atr_14_pct,band_pos,4,0.0078066914498141,0.0110365053638959,0,-1.7111676770571271,-0.5006577883425565,12,0.16666666666666666,0.2293641884036754,-0.0020066663727218497,CHMF,,0.000519547993245876
atr_14_pct,band_pos,4,0.0078066914498141,0.0110365053638959,0,-1.7111676770571271,-0.5006577883425565,5,0.4,1.0100393985828982,1.5788457002859816e-05,GAZP,range_v0_aggressive,0.00021647833051911504
atr_14_pct,band_pos,4,0.0078066914498141,0.0110365053638959,0,-1.7111676770571271,-0.5006577883425565,5,0.4,1.0100393985828982,1.5788457002859816e-05,GAZP,range_v0_baseline,0.00021647833051911504
atr_14_pct,band_pos,4,0.0078066914498141,0.0110365053638959,0,-1.7111676770571271,-0.5006577883425565,5,0.4,1.0100393985828982,1.5788457002859816e-05,GAZP,range_v0_conservative,0.00021647833051911504
atr_14_pct,band_pos,4,0.0078066914498141,0.0110365053638959,0,-1.7111676770571271,-0.5006577883425565,5,0.4,1.0100393985828982,1.5788457002859816e-05,GAZP,range_v2_aggressive,0.00021647833051911504
atr_14_pct,band_pos,4,0.0078066914498141,0.0110365053638959,0,-1.7111676770571271,-0.5006577883425565,5,0.4,1.0100393985828982,1.5788457002859816e-05,GAZP,range_v2_balanced,0.00021647833051911504
atr_14_pct,band_pos,4,0.0078066914498141,0.0110365053638959,0,-1.7111676770571271,-0.5006577883425565,5,0.4,1.0100393985828982,1.5788457002859816e-05,GAZP,range_v2_conservative,0.00021647833051911504
atr_14_pct,band_pos,4,0.0078066914498141,0.0110365053638959,0,-1.7111676770571271,-0.5006577883425565,5,0.4,1.0100393985828982,1.5788457002859816e-05,GAZP,,0.00021647833051911504
atr_14_pct,band_pos,4,0.0078066914498141,0.0110365053638959,0,-1.7111676770571271,-0.5006577883425565,2,0.0,0.0,-0.0019087337740265001,GMKN,range_v0_aggressive,8.659133220764602e-05
atr_14_pct,band_pos,4,0.0078066914498141,0.0110365053638959,0,-1.7111676770571271,-0.5006577883425565,2,0.0,0.0,-0.0019087337740265001,GMKN,range_v0_baseline,8.659133220764602e-05
atr_14_pct,band_pos,4,0.0078066914498141,0.0110365053638959,0,-1.7111676770571271,-0.5006577883425565,2,0.0,0.0,-0.0019087337740265001,GMKN,range_v0_conservative,8.659133220764602e-05
atr_14_pct,band_pos,4,0.0078066914498141,0.0110365053638959,0,-1.7111676770571271,-0.5006577883425565,2,0.0,0.0,-0.0019087337740265001,GMKN,range_v2_aggressive,8.659133220764602e-05
atr_14_pct,band_pos,4,0.0078066914498141,0.0110365053638959,0,-1.7111676770571271,-0.5006577883425565,2,0.0,0.0,-0.0019087337740265001,GMKN,range_v2_balanced,8.659133220764602e-05
atr_14_pct,band_pos,4,0.0078066914498141,0.0110365053638959,0,-1.7111676770571271,-0.5006577883425565,2,0.0,0.0,-0.0019087337740265001,GMKN,range_v2_conservative,8.659133220764602e-05
atr_14_pct,band_pos,4,0.0078066914498141,0.0110365053638959,0,-1.7111676770571271,-0.5006577883425565,2,0.0,0.0,-0.0019087337740265001,GMKN,,8.659133220764602e-05
atr_14_pct,band_pos,4,0.0078066914498141,0.0110365053638959,0,-1.7111676770571271,-0.5006577883425565,1,1.0,inf,0.0019638910798122,LKOH,range_v0_aggressive,4.329566610382301e-05
atr_14_pct,band_pos,4,0.0078066914498141,0.0110365053638959,0,-1.7111676770571271,-0.5006577883425565,1,1.0,inf,0.0019638910798122,LKOH,range_v0_baseline,4.329566610382301e-05
atr_14_pct,band_pos,4,0.0078066914498141,0.0110365053638959,0,-1.7111676770571271,-0.5006577883425565,1,1.0,inf,0.0019638910798122,LKOH,range_v0_conservative,4.329566610382301e-05
atr_14_pct,band_pos,4,0.0078066914498141,0.0110365053638959,0,-1.7111676770571271,-0.5006577883425565,1,1.0,inf,0.0019638910798122,LKOH,range_v2_aggressive,4.329566610382301e-05
atr_14_pct,band_pos,4,0.0078066914498141,0.0110365053638959,0,-1.7111676770571271,-0.5006577883425565,1,1.0,inf,0.0019638910798122,LKOH,range_v2_balanced,4.329566610382301e-05
atr_14_pct,band_pos,4,0.0078066914498141,0.0110365053638959,0,-1.7111676770571271,-0.5006577883425565,1,1.0,inf,0.0019638910798122,LKOH,range_v2_conservative,4.329566610382301e-05
atr_14_pct,band_pos,4,0.0078066914498141,0.0110365053638959,0,-1.7111676770571271,-0.5006577883425565,1,1.0,inf,0.0019638910798122,LKOH,,4.329566610382301e-05
atr_14_pct,band_pos,4,0.0078066914498141,0.0110365053638959,0,-1.7111676770571271,-0.5006577883425565,5,0.6,1.427809905262046,0.0004835477525297001,MGNT,range_v0_aggressive,0.00021647833051911504
atr_14_pct,band_pos,4,0.0078066914498141,0.0110365053638959,0,-1.7111676770571271,-0.5006577883425565,5,0.6,1.427809905262046,0.0004835477525297001,MGNT,range_v0_baseline,0.00021647833051911504
atr_14_pct,band_pos,4,0.0078066914498141,0.0110365053638959,0,-1.7111676770571271,-0.5006577883425565,5,0.6,1.427809905262046,0.0004835477525297001,MGNT,range_v0_conservative,0.00021647833051911504
atr_14_pct,band_pos,4,0.0078066914498141,0.0110365053638959,0,-1.7111676770571271,-0.5006577883425565,5,0.6,1.427809905262046,0.0004835477525297001,MGNT,range_v2_aggressive,0.00021647833051911504
atr_14_pct,band_pos,4,0.0078066914498141,0.0110365053638959,0,-1.7111676770571271,-0.5006577883425565,5,0.6,1.427809905262046,0.0004835477525297001,MGNT,range_v2_balanced,0.00021647833051911504
atr_14_pct,band_pos,4,0.0078066914498141,0.0110365053638959,0,-1.7111676770571271,-0.5006577883425565,5,0.6,1.427809905262046,0.0004835477525297001,MGNT,range_v2_conservative,0.00021647833051911504
atr_14_pct,band_pos,4,0.0078066914498141,0.0110365053638959,0,-1.7111676770571271,-0.5006577883425565,5,0.6,1.427809905262046,0.0004835477525297001,MGNT,,0.00021647833051911504
atr_14_pct,band_pos,4,0.0078066914498141,0.0110365053638959,0,-1.7111676770571271,-0.5006577883425565,5,0.8,15.15688710845658,0.00241640944069602,MTSS,range_v0_aggressive,0.00021647833051911504
atr_14_pct,band_pos,4,0.0078066914498141,0.0110365053638959,0,-1.7111676770571271,-0.5006577883425565,5,0.8,15.15688710845658,0.00241640944069602,MTSS,range_v0_baseline,0.00021647833051911504
atr_14_pct,band_pos,4,0.0078066914498141,0.0110365053638959,0,-1.7111676770571271,-0.5006577883425565,5,0.8,15.15688710845658,0.00241640944069602,MTSS,range_v0_conservative,0.00021647833051911504
atr_14_pct,band_pos,4,0.0078066914498141,0.0110365053638959,0,-1.7111676770571271,-0.5006577883425565,5,0.8,15.15688710845658,0.00241640944069602,MTSS,range_v2_aggressive,0.00021647833051911504
atr_14_pct,band_pos,4,0.0078066914498141,0.0110365053638959,0,-1.7111676770571271,-0.5006577883425565,5,0.8,15.15688710845658,0.00241640944069602,MTSS,range_v2_balanced,0.00021647833051911504
atr_14_pct,band_pos,4,0.0078066914498141,0.0110365053638959,0,-1.7111676770571271,-0.5006577883425565,5,0.8,15.15688710845658,0.00241640944069602,MTSS,range_v2_conservative,0.00021647833051911504
atr_14_pct,band_pos,4,0.0078066914498141,0.0110365053638959,0,-1.7111676770571271,-0.5006577883425565,5,0.8,15.15688710845658,0.00241640944069602,MTSS,,0.00021647833051911504
atr_14_pct,band_pos,4,0.0078066914498141,0.0110365053638959,0,-1.7111676770571271,-0.5006577883425565,3,0.6666666666666666,1.1532679714192198,0.00011677211995400002,NLMK,range_v0_aggressive,0.000129886998311469
atr_14_pct,band_pos,4,0.0078066914498141,0.0110365053638959,0,-1.7111676770571271,-0.5006577883425565,3,0.6666666666666666,1.1532679714192198,0.00011677211995400002,NLMK,range_v0_baseline,0.000129886998311469
atr_14_pct,band_pos,4,0.0078066914498141,0.0110365053638959,0,-1.7111676770571271,-0.5006577883425565,3,0.6666666666666666,1.1532679714192198,0.00011677211995400002,NLMK,range_v0_conservative,0.000129886998311469
atr_14_pct,band_pos,4,0.0078066914498141,0.0110365053638959,0,-1.7111676770571271,-0.5006577883425565,3,0.6666666666666666,1.1532679714192198,0.00011677211995400002,NLMK,range_v2_aggressive,0.000129886998311469
atr_14_pct,band_pos,4,0.0078066914498141,0.0110365053638959,0,-1.7111676770571271,-0.5006577883425565,3,0.6666666666666666,1.1532679714192198,0.00011677211995400002,NLMK,range_v2_balanced,0.000129886998311469
atr_14_pct,band_pos,4,0.0078066914498141,0.0110365053638959,0,-1.7111676770571271,-0.5006577883425565,3,0.6666666666666666,1.1532679714192198,0.00011677211995400002,NLMK,range_v2_conservative,0.000129886998311469
atr_14_pct,band_pos,4,0.0078066914498141,0.0110365053638959,0,-1.7111676770571271,-0.5006577883425565,3,0.6666666666666666,1.1532679714192198,0.00011677211995400002,NLMK,,0.000129886998311469
atr_14_pct,band_pos,4,0.0078066914498141,0.0110365053638959,0,-1.7111676770571271,-0.5006577883425565,6,0.3333333333333333,0.26663389884822547,-0.0009663430128351549,NVTK,range_v0_aggressive,0.000259773996622938
atr_14_pct,band_pos,4,0.0078066914498141,0.0110365053638959,0,-1.7111676770571271,-0.5006577883425565,6,0.3333333333333333,0.26663389884822547,-0.0009663430128351549,NVTK,range_v0_baseline,0.000259773996622938
atr_14_pct,band_pos,4,0.0078066914498141,0.0110365053638959,0,-1.7111676770571271,-0.5006577883425565,6,0.3333333333333333,0.26663389884822547,-0.0009663430128351549,NVTK,range_v0_conservative,0.000259773996622938
atr_14_pct,band_pos,4,0.0078066914498141,0.0110365053638959,0,-1.7111676770571271,-0.5006577883425565,6,0.3333333333333333,0.26663389884822547,-0.0009663430128351549,NVTK,range_v2_aggressive,0.000259773996622938
atr_14_pct,band_pos,4,0.0078066914498141,0.0110365053638959,0,-1.7111676770571271,-0.5006577883425565,6,0.3333333333333333,0.26663389884822547,-0.0009663430128351549,NVTK,range_v2_balanced,0.000259773996622938
atr_14_pct,band_pos,4,0.0078066914498141,0.0110365053638959,0,-1.7111676770571271,-0.5006577883425565,6,0.3333333333333333,0.26663389884822547,-0.0009663430128351549,NVTK,range_v2_conservative,0.000259773996622938
atr_14_pct,band_pos,4,0.0078066914498141,0.0110365053638959,0,-1.7111676770571271,-0.5006577883425565,6,0.3333333333333333,0.26663389884822547,-0.0009663430128351549,NVTK,,0.000259773996622938
atr_14_pct,band_pos,4,0.0078066914498141,0.0110365053638959,0,-1.7111676770571271,-0.5006577883425565,4,0.5,1.429279397071189,0.00042580990425600013,OZON,range_v0_aggressive,0.00017318266441529204
atr_14_pct,band_pos,4,0.0078066914498141,0.0110365053638959,0,-1.7111676770571271,-0.5006577883425565,4,0.5,1.429279397071189,0.00042580990425600013,OZON,range_v0_baseline,0.00017318266441529204
atr_14_pct,band_pos,4,0.0078066914498141,0.0110365053638959,0,-1.7111676770571271,-0.5006577883425565,4,0.5,1.429279397071189,0.00042580990425600013,OZON,range_v0_conservative,0.00017318266441529204
atr_14_pct,band_pos,4,0.0078066914498141,0.0110365053638959,0,-1.7111676770571271,-0.5006577883425565,4,0.5,1.429279397071189,0.00042580990425600013,OZON,range_v2_aggressive,0.00017318266441529204
atr_14_pct,band_pos,4,0.0078066914498141,0.0110365053638959,0,-1.7111676770571271,-0.5006577883425565,4,0.5,1.429279397071189,0.00042580990425600013,OZON,range_v2_balanced,0.00017318266441529204
atr_14_pct,band_pos,4,0.0078066914498141,0.0110365053638959,0,-1.7111676770571271,-0.5006577883425565,4,0.5,1.429279397071189,0.00042580990425600013,OZON,range_v2_conservative,0.00017318266441529204
atr_14_pct,band_pos,4,0.0078066914498141,0.0110365053638959,0,-1.7111676770571271,-0.5006577883425565,4,0.5,1.429279397071189,0.00042580990425600013,OZON,,0.00017318266441529204
atr_14_pct,band_pos,4,0.0078066914498141,0.0110365053638959,0,-1.7111676770571271,-0.5006577883425565,12,0.3333333333333333,0.6033288181088965,-0.00047894473817612263,PIKK,range_v0_aggressive,0.000519547993245876
atr_14_pct,band_pos,4,0.0078066914498141,0.0110365053638959,0,-1.7111676770571271,-0.5006577883425565,12,0.3333333333333333,0.6033288181088965,-0.00047894473817612263,PIKK,range_v0_baseline,0.000519547993245876
atr_14_pct,band_pos,4,0.0078066914498141,0.0110365053638959,0,-1.7111676770571271,-0.5006577883425565,12,0.3333333333333333,0.6033288181088965,-0.00047894473817612263,PIKK,range_v0_conservative,0.000519547993245876
atr_14_pct,band_pos,4,0.0078066914498141,0.0110365053638959,0,-1.7111676770571271,-0.5006577883425565,12,0.3333333333333333,0.6033288181088965,-0.00047894473817612263,PIKK,range_v2_aggressive,0.000519547993245876
atr_14_pct,band_pos,4,0.0078066914498141,0.0110365053638959,0,-1.7111676770571271,-0.5006577883425565,12,0.3333333333333333,0.6033288181088965,-0.00047894473817612263,PIKK,range_v2_balanced,0.000519547993245876
atr_14_pct,band_pos,4,0.0078066914498141,0.0110365053638959,0,-1.7111676770571271,-0.5006577883425565,12,0.3333333333333333,0.6033288181088965,-0.00047894473817612263,PIKK,range_v2_conservative,0.000519547993245876
atr_14_pct,band_pos,4,0.0078066914498141,0.0110365053638959,0,-1.7111676770571271,-0.5006577883425565,12,0.3333333333333333,0.6033288181088965,-0.00047894473817612263,PIKK,,0.000519547993245876
atr_14_pct,band_pos,4,0.0078066914498141,0.0110365053638959,0,-1.7111676770571271,-0.5006577883425565,4,0.5,1.2585467944186683,0.00031777487245707517,PLZL,range_v0_aggressive,0.00017318266441529204
atr_14_pct,band_pos,4,0.0078066914498141,0.0110365053638959,0,-1.7111676770571271,-0.5006577883425565,4,0.5,1.2585467944186683,0.00031777487245707517,PLZL,range_v0_baseline,0.00017318266441529204
atr_14_pct,band_pos,4,0.0078066914498141,0.0110365053638959,0,-1.7111676770571271,-0.5006577883425565,4,0.5,1.2585467944186683,0.00031777487245707517,PLZL,range_v0_conservative,0.00017318266441529204
atr_14_pct,band_pos,4,0.0078066914498141,0.0110365053638959,0,-1.7111676770571271,-0.5006577883425565,4,0.5,1.2585467944186683,0.00031777487245707517,PLZL,range_v2_aggressive,0.00017318266441529204
atr_14_pct,band_pos,4,0.0078066914498141,0.0110365053638959,0,-1.7111676770571271,-0.5006577883425565,4,0.5,1.2585467944186683,0.00031777487245707517,PLZL,range_v2_balanced,0.00017318266441529204
atr_14_pct,band_pos,4,0.0078066914498141,0.0110365053638959,0,-1.7111676770571271,-0.5006577883425565,4,0.5,1.2585467944186683,0.00031777487245707517,PLZL,range_v2_conservative,0.00017318266441529204
atr_14_pct,band_pos,4,0.0078066914498141,0.0110365053638959,0,-1.7111676770571271,-0.5006577883425565,4,0.5,1.2585467944186683,0.00031777487245707517,PLZL,,0.00017318266441529204
atr_14_pct,band_pos,4,0.0078066914498141,0.0110365053638959,0,-1.7111676770571271,-0.5006577883425565,4,0.5,1.2615479372433742,0.00039088085435239983,ROSN,range_v0_aggressive,0.00017318266441529204
atr_14_pct,band_pos,4,0.0078066914498141,0.0110365053638959,0,-1.7111676770571271,-0.5006577883425565,4,0.5,1.2615479372433742,0.00039088085435239983,ROSN,range_v0_baseline,0.00017318266441529204
atr_14_pct,band_pos,4,0.0078066914498141,0.0110365053638959,0,-1.7111676770571271,-0.5006577883425565,4,0.5,1.2615479372433742,0.00039088085435239983,ROSN,range_v0_conservative,0.00017318266441529204
atr_14_pct,band_pos,4,0.0078066914498141,0.0110365053638959,0,-1.7111676770571271,-0.5006577883425565,4,0.5,1.2615479372433742,0.00039088085435239983,ROSN,range_v2_aggressive,0.00017318266441529204
atr_14_pct,band_pos,4,0.0078066914498141,0.0110365053638959,0,-1.7111676770571271,-0.5006577883425565,4,0.5,1.2615479372433742,0.00039088085435239983,ROSN,range_v2_balanced,0.00017318266441529204
atr_14_pct,band_pos,4,0.0078066914498141,0.0110365053638959,0,-1.7111676770571271,-0.5006577883425565,4,0.5,1.2615479372433742,0.00039088085435239983,ROSN,range_v2_conservative,0.00017318266441529204
atr_14_pct,band_pos,4,0.0078066914498141,0.0110365053638959,0,-1.7111676770571271,-0.5006577883425565,4,0.5,1.2615479372433742,0.00039088085435239983,ROSN,,0.00017318266441529204
atr_14_pct,band_pos,4,0.0078066914498141,0.0110365053638959,0,-1.7111676770571271,-0.5006577883425565,6,0.6666666666666666,1.64442118430315,0.0006432753707216668,SBER,range_v0_aggressive,0.000259773996622938
atr_14_pct,band_pos,4,0.0078066914498141,0.0110365053638959,0,-1.7111676770571271,-0.5006577883425565,6,0.6666666666666666,1.64442118430315,0.0006432753707216668,SBER,range_v0_baseline,0.000259773996622938
atr_14_pct,band_pos,4,0.0078066914498141,0.0110365053638959,0,-1.7111676770571271,-0.5006577883425565,6,0.6666666666666666,1.64442118430315,0.0006432753707216668,SBER,range_v0_conservative,0.000259773996622938
atr_14_pct,band_pos,4,0.0078066914498141,0.0110365053638959,0,-1.7111676770571271,-0.5006577883425565,6,0.6666666666666666,1.64442118430315,0.0006432753707216668,SBER,range_v2_aggressive,0.000259773996622938
atr_14_pct,band_pos,4,0.0078066914498141,0.0110365053638959,0,-1.7111676770571271,-0.5006577883425565,6,0.6666666666666666,1.64442118430315,0.0006432753707216668,SBER,range_v2_balanced,0.000259773996622938
atr_14_pct,band_pos,4,0.0078066914498141,0.0110365053638959,0,-1.7111676770571271,-0.5006577883425565,6,0.6666666666666666,1.64442118430315,0.0006432753707216668,SBER,range_v2_conservative,0.000259773996622938
atr_14_pct,band_pos,4,0.0078066914498141,0.0110365053638959,0,-1.7111676770571271,-0.5006577883425565,12,0.6666666666666666,1.6444211843031495,0.0006432753707216666,SBER,,0.000519547993245876
atr_14_pct,band_pos,4,0.0078066914498141,0.0110365053638959,0,-1.7111676770571271,-0.5006577883425565,7,0.42857142857142855,0.550605611106803,-0.0008289618205599428,SNGS,range_v0_aggressive,0.00030306966272676105
atr_14_pct,band_pos,4,0.0078066914498141,0.0110365053638959,0,-1.7111676770571271,-0.5006577883425565,7,0.42857142857142855,0.550605611106803,-0.0008289618205599428,SNGS,range_v0_baseline,0.00030306966272676105
atr_14_pct,band_pos,4,0.0078066914498141,0.0110365053638959,0,-1.7111676770571271,-0.5006577883425565,7,0.42857142857142855,0.550605611106803,-0.0008289618205599428,SNGS,range_v0_conservative,0.00030306966272676105
atr_14_pct,band_pos,4,0.0078066914498141,0.0110365053638959,0,-1.7111676770571271,-0.5006577883425565,7,0.42857142857142855,0.550605611106803,-0.0008289618205599428,SNGS,range_v2_aggressive,0.00030306966272676105
atr_14_pct,band_pos,4,0.0078066914498141,0.0110365053638959,0,-1.7111676770571271,-0.5006577883425565,7,0.42857142857142855,0.550605611106803,-0.0008289618205599428,SNGS,range_v2_balanced,0.00030306966272676105
atr_14_pct,band_pos,4,0.0078066914498141,0.0110365053638959,0,-1.7111676770571271,-0.5006577883425565,7,0.42857142857142855,0.550605611106803,-0.0008289618205599428,SNGS,range_v2_conservative,0.00030306966272676105
atr_14_pct,band_pos,4,0.0078066914498141,0.0110365053638959,0,-1.7111676770571271,-0.5006577883425565,7,0.42857142857142855,0.550605611106803,-0.0008289618205599428,SNGS,,0.00030306966272676105
atr_14_pct,band_pos,4,0.0078066914498141,0.0110365053638959,0,-1.7111676770571271,-0.5006577883425565,8,0.375,0.34065990652031997,-0.0016899589686808127,TATN,range_v0_aggressive,0.0003463653288305841
atr_14_pct,band_pos,4,0.0078066914498141,0.0110365053638959,0,-1.7111676770571271,-0.5006577883425565,8,0.375,0.34065990652031997,-0.0016899589686808127,TATN,range_v0_baseline,0.0003463653288305841
atr_14_pct,band_pos,4,0.0078066914498141,0.0110365053638959,0,-1.7111676770571271,-0.5006577883425565,8,0.375,0.34065990652031997,-0.0016899589686808127,TATN,range_v0_conservative,0.0003463653288305841
atr_14_pct,band_pos,4,0.0078066914498141,0.0110365053638959,0,-1.7111676770571271,-0.5006577883425565,8,0.375,0.34065990652031997,-0.0016899589686808127,TATN,range_v2_aggressive,0.0003463653288305841
atr_14_pct,band_pos,4,0.0078066914498141,0.0110365053638959,0,-1.7111676770571271,-0.5006577883425565,8,0.375,0.34065990652031997,-0.0016899589686808127,TATN,range_v2_balanced,0.0003463653288305841
atr_14_pct,band_pos,4,0.0078066914498141,0.0110365053638959,0,-1.7111676770571271,-0.5006577883425565,8,0.375,0.34065990652031997,-0.0016899589686808127,TATN,range_v2_conservative,0.0003463653288305841
atr_14_pct,band_pos,4,0.0078066914498141,0.0110365053638959,0,-1.7111676770571271,-0.5006577883425565,8,0.375,0.34065990652031997,-0.0016899589686808127,TATN,,0.0003463653288305841
atr_14_pct,band_pos,4,0.0078066914498141,0.0110365053638959,0,-1.7111676770571271,-0.5006577883425565,8,0.375,1.1031710508988213,0.000169134798871525,VKCO,range_v0_aggressive,0.0003463653288305841
atr_14_pct,band_pos,4,0.0078066914498141,0.0110365053638959,0,-1.7111676770571271,-0.5006577883425565,8,0.375,1.1031710508988213,0.000169134798871525,VKCO,range_v0_baseline,0.0003463653288305841
atr_14_pct,band_pos,4,0.0078066914498141,0.0110365053638959,0,-1.7111676770571271,-0.5006577883425565,8,0.375,1.1031710508988213,0.000169134798871525,VKCO,range_v0_conservative,0.0003463653288305841
atr_14_pct,band_pos,4,0.0078066914498141,0.0110365053638959,0,-1.7111676770571271,-0.5006577883425565,8,0.375,1.1031710508988213,0.000169134798871525,VKCO,range_v2_aggressive,0.0003463653288305841
atr_14_pct,band_pos,4,0.0078066914498141,0.0110365053638959,0,-1.7111676770571271,-0.5006577883425565,8,0.375,1.1031710508988213,0.000169134798871525,VKCO,range_v2_balanced,0.0003463653288305841
atr_14_pct,band_pos,4,0.0078066914498141,0.0110365053638959,0,-1.7111676770571271,-0.5006577883425565,8,0.375,1.1031710508988213,0.000169134798871525,VKCO,range_v2_conservative,0.0003463653288305841
atr_14_pct,band_pos,4,0.0078066914498141,0.0110365053638959,0,-1.7111676770571271,-0.5006577883425565,8,0.375,1.1031710508988213,0.000169134798871525,VKCO,,0.0003463653288305841
atr_14_pct,band_pos,4,0.0078066914498141,0.0110365053638959,0,-1.7111676770571271,-0.5006577883425565,8,0.125,0.1780134136647155,-0.001574388087808025,YNDX,range_v0_aggressive,0.0003463653288305841
atr_14_pct,band_pos,4,0.0078066914498141,0.0110365053638959,0,-1.7111676770571271,-0.5006577883425565,8,0.125,0.1780134136647155,-0.001574388087808025,YNDX,range_v0_baseline,0.0003463653288305841
atr_14_pct,band_pos,4,0.0078066914498141,0.0110365053638959,0,-1.7111676770571271,-0.5006577883425565,8,0.125,0.1780134136647155,-0.001574388087808025,YNDX,range_v0_conservative,0.0003463653288305841
atr_14_pct,band_pos,4,0.0078066914498141,0.0110365053638959,0,-1.7111676770571271,-0.5006577883425565,8,0.125,0.1780134136647155,-0.001574388087808025,YNDX,range_v2_aggressive,0.0003463653288305841
atr_14_pct,band_pos,4,0.0078066914498141,0.0110365053638959,0,-1.7111676770571271,-0.5006577883425565,8,0.125,0.1780134136647155,-0.001574388087808025,YNDX,range_v2_balanced,0.0003463653288305841
atr_14_pct,band_pos,4,0.0078066914498141,0.0110365053638959,0,-1.7111676770571271,-0.5006577883425565,8,0.125,0.1780134136647155,-0.001574388087808025,YNDX,range_v2_conservative,0.0003463653288305841
atr_14_pct,band_pos,4,0.0078066914498141,0.0110365053638959,0,-1.7111676770571271,-0.5006577883425565,8,0.125,0.1780134136647155,-0.001574388087808025,YNDX,,0.0003463653288305841
atr_14_pct,band_pos,4,0.0078066914498141,0.0110365053638959,1,-0.5006577883425565,-0.30803081475310434,6,0.8333333333333334,8.602332724954556,0.0023395805980854167,CHMF,range_v0_aggressive,0.000259773996622938
atr_14_pct,band_pos,4,0.0078066914498141,0.0110365053638959,1,-0.5006577883425565,-0.30803081475310434,6,0.8333333333333334,8.602332724954556,0.0023395805980854167,CHMF,range_v0_baseline,0.000259773996622938
atr_14_pct,band_pos,4,0.0078066914498141,0.0110365053638959,1,-0.5006577883425565,-0.30803081475310434,6,0.8333333333333334,8.602332724954556,0.0023395805980854167,CHMF,range_v0_conservative,0.000259773996622938
atr_14_pct,band_pos,4,0.0078066914498141,0.0110365053638959,1,-0.5006577883425565,-0.30803081475310434,6,0.8333333333333334,8.602332724954556,0.0023395805980854167,CHMF,range_v2_aggressive,0.000259773996622938
atr_14_pct,band_pos,4,0.0078066914498141,0.0110365053638959,1,-0.5006577883425565,-0.30803081475310434,6,0.8333333333333334,8.602332724954556,0.0023395805980854167,CHMF,range_v2_balanced,0.000259773996622938
atr_14_pct,band_pos,4,0.0078066914498141,0.0110365053638959,1,-0.5006577883425565,-0.30803081475310434,6,0.8333333333333334,8.602332724954556,0.0023395805980854167,CHMF,range_v2_conservative,0.000259773996622938
atr_14_pct,band_pos,4,0.0078066914498141,0.0110365053638959,1,-0.5006577883425565,-0.30803081475310434,6,0.8333333333333334,8.602332724954556,0.0023395805980854167,CHMF,,0.000259773996622938
atr_14_pct,band_pos,4,0.0078066914498141,0.0110365053638959,1,-0.5006577883425565,-0.30803081475310434,5,0.6,2.4967953218538703,0.00122201478677388,GAZP,range_v0_aggressive,0.00021647833051911504
atr_14_pct,band_pos,4,0.0078066914498141,0.0110365053638959,1,-0.5006577883425565,-0.30803081475310434,5,0.6,2.4967953218538703,0.00122201478677388,GAZP,range_v0_baseline,0.00021647833051911504
atr_14_pct,band_pos,4,0.0078066914498141,0.0110365053638959,1,-0.5006577883425565,-0.30803081475310434,5,0.6,2.4967953218538703,0.00122201478677388,GAZP,range_v0_conservative,0.00021647833051911504
atr_14_pct,band_pos,4,0.0078066914498141,0.0110365053638959,1,-0.5006577883425565,-0.30803081475310434,5,0.6,2.4967953218538703,0.00122201478677388,GAZP,range_v2_aggressive,0.00021647833051911504
atr_14_pct,band_pos,4,0.0078066914498141,0.0110365053638959,1,-0.5006577883425565,-0.30803081475310434,5,0.6,2.4967953218538703,0.00122201478677388,GAZP,range_v2_balanced,0.00021647833051911504
atr_14_pct,band_pos,4,0.0078066914498141,0.0110365053638959,1,-0.5006577883425565,-0.30803081475310434,5,0.6,2.4967953218538703,0.00122201478677388,GAZP,range_v2_conservative,0.00021647833051911504
atr_14_pct,band_pos,4,0.0078066914498141,0.0110365053638959,1,-0.5006577883425565,-0.30803081475310434,5,0.6,2.4967953218538703,0.00122201478677388,GAZP,,0.00021647833051911504
atr_14_pct,band_pos,4,0.0078066914498141,0.0110365053638959,1,-0.5006577883425565,-0.30803081475310434,2,0.0,0.0,-0.00331604171929575,GMKN,range_v0_aggressive,8.659133220764602e-05
atr_14_pct,band_pos,4,0.0078066914498141,0.0110365053638959,1,-0.5006577883425565,-0.30803081475310434,2,0.0,0.0,-0.00331604171929575,GMKN,range_v0_baseline,8.659133220764602e-05
atr_14_pct,band_pos,4,0.0078066914498141,0.0110365053638959,1,-0.5006577883425565,-0.30803081475310434,2,0.0,0.0,-0.00331604171929575,GMKN,range_v0_conservative,8.659133220764602e-05
atr_14_pct,band_pos,4,0.0078066914498141,0.0110365053638959,1,-0.5006577883425565,-0.30803081475310434,2,0.0,0.0,-0.00331604171929575,GMKN,range_v2_aggressive,8.659133220764602e-05
atr_14_pct,band_pos,4,0.0078066914498141,0.0110365053638959,1,-0.5006577883425565,-0.30803081475310434,2,0.0,0.0,-0.00331604171929575,GMKN,range_v2_balanced,8.659133220764602e-05
atr_14_pct,band_pos,4,0.0078066914498141,0.0110365053638959,1,-0.5006577883425565,-0.30803081475310434,2,0.0,0.0,-0.00331604171929575,GMKN,range_v2_conservative,8.659133220764602e-05
atr_14_pct,band_pos,4,0.0078066914498141,0.0110365053638959,1,-0.5006577883425565,-0.30803081475310434,2,0.0,0.0,-0.00331604171929575,GMKN,,8.659133220764602e-05
atr_14_pct,band_pos,4,0.0078066914498141,0.0110365053638959,1,-0.5006577883425565,-0.30803081475310434,3,0.6666666666666666,1.5517926036424101,0.0005147867949710667,LKOH,range_v0_aggressive,0.000129886998311469
atr_14_pct,band_pos,4,0.0078066914498141,0.0110365053638959,1,-0.5006577883425565,-0.30803081475310434,3,0.6666666666666666,1.5517926036424101,0.0005147867949710667,LKOH,range_v0_baseline,0.000129886998311469
atr_14_pct,band_pos,4,0.0078066914498141,0.0110365053638959,1,-0.5006577883425565,-0.30803081475310434,3,0.6666666666666666,1.5517926036424101,0.0005147867949710667,LKOH,range_v0_conservative,0.000129886998311469
atr_14_pct,band_pos,4,0.0078066914498141,0.0110365053638959,1,-0.5006577883425565,-0.30803081475310434,3,0.6666666666666666,1.5517926036424101,0.0005147867949710667,LKOH,range_v2_aggressive,0.000129886998311469
atr_14_pct,band_pos,4,0.0078066914498141,0.0110365053638959,1,-0.5006577883425565,-0.30803081475310434,3,0.6666666666666666,1.5517926036424101,0.0005147867949710667,LKOH,range_v2_balanced,0.000129886998311469
atr_14_pct,band_pos,4,0.0078066914498141,0.0110365053638959,1,-0.5006577883425565,-0.30803081475310434,3,0.6666666666666666,1.5517926036424101,0.0005147867949710667,LKOH,range_v2_conservative,0.000129886998311469
atr_14_pct,band_pos,4,0.0078066914498141,0.0110365053638959,1,-0.5006577883425565,-0.30803081475310434,3,0.6666666666666666,1.5517926036424101,0.0005147867949710667,LKOH,,0.000129886998311469
atr_14_pct,band_pos,4,0.0078066914498141,0.0110365053638959,1,-0.5006577883425565,-0.30803081475310434,6,0.5,0.5049932810310469,-0.0007394344817573667,MGNT,range_v0_aggressive,0.000259773996622938
atr_14_pct,band_pos,4,0.0078066914498141,0.0110365053638959,1,-0.5006577883425565,-0.30803081475310434,6,0.5,0.5049932810310469,-0.0007394344817573667,MGNT,range_v0_baseline,0.000259773996622938
atr_14_pct,band_pos,4,0.0078066914498141,0.0110365053638959,1,-0.5006577883425565,-0.30803081475310434,6,0.5,0.5049932810310469,-0.0007394344817573667,MGNT,range_v0_conservative,0.000259773996622938
atr_14_pct,band_pos,4,0.0078066914498141,0.0110365053638959,1,-0.5006577883425565,-0.30803081475310434,6,0.5,0.5049932810310469,-0.0007394344817573667,MGNT,range_v2_aggressive,0.000259773996622938
atr_14_pct,band_pos,4,0.0078066914498141,0.0110365053638959,1,-0.5006577883425565,-0.30803081475310434,6,0.5,0.5049932810310469,-0.0007394344817573667,MGNT,range_v2_balanced,0.000259773996622938
atr_14_pct,band_pos,4,0.0078066914498141,0.0110365053638959,1,-0.5006577883425565,-0.30803081475310434,6,0.5,0.5049932810310469,-0.0007394344817573667,MGNT,range_v2_conservative,0.000259773996622938
atr_14_pct,band_pos,4,0.0078066914498141,0.0110365053638959,1,-0.5006577883425565,-0.30803081475310434,6,0.5,0.5049932810310469,-0.0007394344817573667,MGNT,,0.000259773996622938
atr_14_pct,band_pos,4,0.0078066914498141,0.0110365053638959,1,-0.5006577883425565,-0.30803081475310434,8,0.375,0.4688096581702725,-0.0010866120478561323,MTSS,range_v0_aggressive,0.0003463653288305841
atr_14_pct,band_pos,4,0.0078066914498141,0.0110365053638959,1,-0.5006577883425565,-0.30803081475310434,8,0.375,0.4688096581702725,-0.0010866120478561323,MTSS,range_v0_baseline,0.0003463653288305841
atr_14_pct,band_pos,4,0.0078066914498141,0.0110365053638959,1,-0.5006577883425565,-0.30803081475310434,8,0.375,0.4688096581702725,-0.0010866120478561323,MTSS,range_v0_conservative,0.0003463653288305841
atr_14_pct,band_pos,4,0.0078066914498141,0.0110365053638959,1,-0.5006577883425565,-0.30803081475310434,8,0.375,0.4688096581702725,-0.0010866120478561323,MTSS,range_v2_aggressive,0.0003463653288305841
atr_14_pct,band_pos,4,0.0078066914498141,0.0110365053638959,1,-0.5006577883425565,-0.30803081475310434,8,0.375,0.4688096581702725,-0.0010866120478561323,MTSS,range_v2_balanced,0.0003463653288305841
atr_14_pct,band_pos,4,0.0078066914498141,0.0110365053638959,1,-0.5006577883425565,-0.30803081475310434,8,0.375,0.4688096581702725,-0.0010866120478561323,MTSS,range_v2_conservative,0.0003463653288305841
atr_14_pct,band_pos,4,0.0078066914498141,0.0110365053638959,1,-0.5006577883425565,-0.30803081475310434,8,0.375,0.4688096581702725,-0.0010866120478561323,MTSS,,0.0003463653288305841
atr_14_pct,band_pos,4,0.0078066914498141,0.0110365053638959,1,-0.5006577883425565,-0.30803081475310434,6,0.5,1.3352377047742112,0.00026735248490333347,NLMK,range_v0_aggressive,0.000259773996622938
atr_14_pct,band_pos,4,0.0078066914498141,0.0110365053638959,1,-0.5006577883425565,-0.30803081475310434,6,0.5,1.3352377047742112,0.00026735248490333347,NLMK,range_v0_baseline,0.000259773996622938
atr_14_pct,band_pos,4,0.0078066914498141,0.0110365053638959,1,-0.5006577883425565,-0.30803081475310434,6,0.5,1.3352377047742112,0.00026735248490333347,NLMK,range_v0_conservative,0.000259773996622938
atr_14_pct,band_pos,4,0.0078066914498141,0.0110365053638959,1,-0.5006577883425565,-0.30803081475310434,6,0.5,1.3352377047742112,0.00026735248490333347,NLMK,range_v2_aggressive,0.000259773996622938
atr_14_pct,band_pos,4,0.0078066914498141,0.0110365053638959,1,-0.5006577883425565,-0.30803081475310434,6,0.5,1.3352377047742112,0.00026735248490333347,NLMK,range_v2_balanced,0.000259773996622938
atr_14_pct,band_pos,4,0.0078066914498141,0.0110365053638959,1,-0.5006577883425565,-0.30803081475310434,6,0.5,1.3352377047742112,0.00026735248490333347,NLMK,range_v2_conservative,0.000259773996622938
atr_14_pct,band_pos,4,0.0078066914498141,0.0110365053638959,1,-0.5006577883425565,-0.30803081475310434,6,0.5,1.3352377047742112,0.00026735248490333347,NLMK,,0.000259773996622938
atr_14_pct,band_pos,4,0.0078066914498141,0.0110365053638959,1,-0.5006577883425565,-0.30803081475310434,7,0.2857142857142857,0.35995828971803245,-0.0008725069468272152,NVTK,range_v0_aggressive,0.00030306966272676105
atr_14_pct,band_pos,4,0.0078066914498141,0.0110365053638959,1,-0.5006577883425565,-0.30803081475310434,7,0.2857142857142857,0.35995828971803245,-0.0008725069468272152,NVTK,range_v0_baseline,0.00030306966272676105
atr_14_pct,band_pos,4,0.0078066914498141,0.0110365053638959,1,-0.5006577883425565,-0.30803081475310434,7,0.2857142857142857,0.35995828971803245,-0.0008725069468272152,NVTK,range_v0_conservative,0.00030306966272676105
atr_14_pct,band_pos,4,0.0078066914498141,0.0110365053638959,1,-0.5006577883425565,-0.30803081475310434,7,0.2857142857142857,0.35995828971803245,-0.0008725069468272152,NVTK,range_v2_aggressive,0.00030306966272676105
atr_14_pct,band_pos,4,0.0078066914498141,0.0110365053638959,1,-0.5006577883425565,-0.30803081475310434,7,0.2857142857142857,0.35995828971803245,-0.0008725069468272152,NVTK,range_v2_balanced,0.00030306966272676105
atr_14_pct,band_pos,4,0.0078066914498141,0.0110365053638959,1,-0.5006577883425565,-0.30803081475310434,7,0.2857142857142857,0.35995828971803245,-0.0008725069468272152,NVTK,range_v2_conservative,0.00030306966272676105
atr_14_pct,band_pos,4,0.0078066914498141,0.0110365053638959,1,-0.5006577883425565,-0.30803081475310434,7,0.2857142857142857,0.35995828971803245,-0.0008725069468272152,NVTK,,0.00030306966272676105
atr_14_pct,band_pos,4,0.0078066914498141,0.0110365053638959,1,-0.5006577883425565,-0.30803081475310434,6,0.6666666666666666,1.6436318565019665,0.0005968495555841667,OZON,range_v0_aggressive,0.000259773996622938
atr_14_pct,band_pos,4,0.0078066914498141,0.0110365053638959,1,-0.5006577883425565,-0.30803081475310434,6,0.6666666666666666,1.6436318565019665,0.0005968495555841667,OZON,range_v0_baseline,0.000259773996622938
atr_14_pct,band_pos,4,0.0078066914498141,0.0110365053638959,1,-0.5006577883425565,-0.30803081475310434,6,0.6666666666666666,1.6436318565019665,0.0005968495555841667,OZON,range_v0_conservative,0.000259773996622938
atr_14_pct,band_pos,4,0.0078066914498141,0.0110365053638959,1,-0.5006577883425565,-0.30803081475310434,6,0.6666666666666666,1.6436318565019665,0.0005968495555841667,OZON,range_v2_aggressive,0.000259773996622938
atr_14_pct,band_pos,4,0.0078066914498141,0.0110365053638959,1,-0.5006577883425565,-0.30803081475310434,6,0.6666666666666666,1.6436318565019665,0.0005968495555841667,OZON,range_v2_balanced,0.000259773996622938
atr_14_pct,band_pos,4,0.0078066914498141,0.0110365053638959,1,-0.5006577883425565,-0.30803081475310434,6,0.6666666666666666,1.6436318565019665,0.0005968495555841667,OZON,range_v2_conservative,0.000259773996622938
atr_14_pct,band_pos,4,0.0078066914498141,0.0110365053638959,1,-0.5006577883425565,-0.30803081475310434,6,0.6666666666666666,1.6436318565019665,0.0005968495555841667,OZON,,0.000259773996622938
atr_14_pct,band_pos,4,0.0078066914498141,0.0110365053638959,1,-0.5006577883425565,-0.30803081475310434,8,0.375,0.7093073689387603,-0.00045250164965021254,PIKK,range_v0_aggressive,0.0003463653288305841
atr_14_pct,band_pos,4,0.0078066914498141,0.0110365053638959,1,-0.5006577883425565,-0.30803081475310434,8,0.375,0.7093073689387603,-0.00045250164965021254,PIKK,range_v0_baseline,0.0003463653288305841
atr_14_pct,band_pos,4,0.0078066914498141,0.0110365053638959,1,-0.5006577883425565,-0.30803081475310434,8,0.375,0.7093073689387603,-0.00045250164965021254,PIKK,range_v0_conservative,0.0003463653288305841
atr_14_pct,band_pos,4,0.0078066914498141,0.0110365053638959,1,-0.5006577883425565,-0.30803081475310434,8,0.375,0.7093073689387603,-0.00045250164965021254,PIKK,range_v2_aggressive,0.0003463653288305841
atr_14_pct,band_pos,4,0.0078066914498141,0.0110365053638959,1,-0.5006577883425565,-0.30803081475310434,8,0.375,0.7093073689387603,-0.00045250164965021254,PIKK,range_v2_balanced,0.0003463653288305841
atr_14_pct,band_pos,4,0.0078066914498141,0.0110365053638959,1,-0.5006577883425565,-0.30803081475310434,8,0.375,0.7093073689387603,-0.00045250164965021254,PIKK,range_v2_conservative,0.0003463653288305841
atr_14_pct,band_pos,4,0.0078066914498141,0.0110365053638959,1,-0.5006577883425565,-0.30803081475310434,8,0.375,0.7093073689387603,-0.00045250164965021254,PIKK,,0.0003463653288305841
atr_14_pct,band_pos,4,0.0078066914498141,0.0110365053638959,1,-0.5006577883425565,-0.30803081475310434,12,0.4166666666666667,0.6935878354620747,-0.00038297510335412503,PLZL,range_v0_aggressive,0.000519547993245876
atr_14_pct,band_pos,4,0.0078066914498141,0.0110365053638959,1,-0.5006577883425565,-0.30803081475310434,12,0.4166666666666667,0.6935878354620747,-0.00038297510335412503,PLZL,range_v0_baseline,0.000519547993245876
atr_14_pct,band_pos,4,0.0078066914498141,0.0110365053638959,1,-0.5006577883425565,-0.30803081475310434,12,0.4166666666666667,0.6935878354620747,-0.00038297510335412503,PLZL,range_v0_conservative,0.000519547993245876
atr_14_pct,band_pos,4,0.0078066914498141,0.0110365053638959,1,-0.5006577883425565,-0.30803081475310434,12,0.4166666666666667,0.6935878354620747,-0.00038297510335412503,PLZL,range_v2_aggressive,0.000519547993245876
atr_14_pct,band_pos,4,0.0078066914498141,0.0110365053638959,1,-0.5006577883425565,-0.30803081475310434,12,0.4166666666666667,0.6935878354620747,-0.00038297510335412503,PLZL,range_v2_balanced,0.000519547993245876
atr_14_pct,band_pos,4,0.0078066914498141,0.0110365053638959,1,-0.5006577883425565,-0.30803081475310434,12,0.4166666666666667,0.6935878354620747,-0.00038297510335412503,PLZL,range_v2_conservative,0.000519547993245876
atr_14_pct,band_pos,4,0.0078066914498141,0.0110365053638959,1,-0.5006577883425565,-0.30803081475310434,12,0.4166666666666667,0.6935878354620747,-0.00038297510335412503,PLZL,,0.000519547993245876
atr_14_pct,band_pos,4,0.0078066914498141,0.0110365053638959,1,-0.5006577883425565,-0.30803081475310434,4,0.75,1.9944935243242023,0.00079590176925705,ROSN,range_v0_aggressive,0.00017318266441529204
atr_14_pct,band_pos,4,0.0078066914498141,0.0110365053638959,1,-0.5006577883425565,-0.30803081475310434,4,0.75,1.9944935243242023,0.00079590176925705,ROSN,range_v0_baseline,0.00017318266441529204
atr_14_pct,band_pos,4,0.0078066914498141,0.0110365053638959,1,-0.5006577883425565,-0.30803081475310434,4,0.75,1.9944935243242023,0.00079590176925705,ROSN,range_v0_conservative,0.00017318266441529204
atr_14_pct,band_pos,4,0.0078066914498141,0.0110365053638959,1,-0.5006577883425565,-0.30803081475310434,4,0.75,1.9944935243242023,0.00079590176925705,ROSN,range_v2_aggressive,0.00017318266441529204
atr_14_pct,band_pos,4,0.0078066914498141,0.0110365053638959,1,-0.5006577883425565,-0.30803081475310434,4,0.75,1.9944935243242023,0.00079590176925705,ROSN,range_v2_balanced,0.00017318266441529204
atr_14_pct,band_pos,4,0.0078066914498141,0.0110365053638959,1,-0.5006577883425565,-0.30803081475310434,4,0.75,1.9944935243242023,0.00079590176925705,ROSN,range_v2_conservative,0.00017318266441529204
atr_14_pct,band_pos,4,0.0078066914498141,0.0110365053638959,1,-0.5006577883425565,-0.30803081475310434,4,0.75,1.9944935243242023,0.00079590176925705,ROSN,,0.00017318266441529204
atr_14_pct,band_pos,4,0.0078066914498141,0.0110365053638959,1,-0.5006577883425565,-0.30803081475310434,6,0.3333333333333333,0.23303314289756044,-0.00122849689071515,SBER,range_v0_aggressive,0.000259773996622938
atr_14_pct,band_pos,4,0.0078066914498141,0.0110365053638959,1,-0.5006577883425565,-0.30803081475310434,6,0.3333333333333333,0.23303314289756044,-0.00122849689071515,SBER,range_v0_baseline,0.000259773996622938
atr_14_pct,band_pos,4,0.0078066914498141,0.0110365053638959,1,-0.5006577883425565,-0.30803081475310434,6,0.3333333333333333,0.23303314289756044,-0.00122849689071515,SBER,range_v0_conservative,0.000259773996622938
atr_14_pct,band_pos,4,0.0078066914498141,0.0110365053638959,1,-0.5006577883425565,-0.30803081475310434,6,0.3333333333333333,0.23303314289756044,-0.00122849689071515,SBER,range_v2_aggressive,0.000259773996622938
atr_14_pct,band_pos,4,0.0078066914498141,0.0110365053638959,1,-0.5006577883425565,-0.30803081475310434,6,0.3333333333333333,0.23303314289756044,-0.00122849689071515,SBER,range_v2_balanced,0.000259773996622938
atr_14_pct,band_pos,4,0.0078066914498141,0.0110365053638959,1,-0.5006577883425565,-0.30803081475310434,6,0.3333333333333333,0.23303314289756044,-0.00122849689071515,SBER,range_v2_conservative,0.000259773996622938
atr_14_pct,band_pos,4,0.0078066914498141,0.0110365053638959,1,-0.5006577883425565,-0.30803081475310434,12,0.3333333333333333,0.2330331428975604,-0.0012284968907151502,SBER,,0.000519547993245876
atr_14_pct,band_pos,4,0.0078066914498141,0.0110365053638959,1,-0.5006577883425565,-0.30803081475310434,10,0.5,1.776120744449483,0.0005527597223472339,SNGS,range_v0_aggressive,0.0004329566610382301
atr_14_pct,band_pos,4,0.0078066914498141,0.0110365053638959,1,-0.5006577883425565,-0.30803081475310434,10,0.5,1.776120744449483,0.0005527597223472339,SNGS,range_v0_baseline,0.0004329566610382301
atr_14_pct,band_pos,4,0.0078066914498141,0.0110365053638959,1,-0.5006577883425565,-0.30803081475310434,10,0.5,1.776120744449483,0.0005527597223472339,SNGS,range_v0_conservative,0.0004329566610382301
atr_14_pct,band_pos,4,0.0078066914498141,0.0110365053638959,1,-0.5006577883425565,-0.30803081475310434,10,0.5,1.776120744449483,0.0005527597223472339,SNGS,range_v2_aggressive,0.0004329566610382301
atr_14_pct,band_pos,4,0.0078066914498141,0.0110365053638959,1,-0.5006577883425565,-0.30803081475310434,10,0.5,1.776120744449483,0.0005527597223472339,SNGS,range_v2_balanced,0.0004329566610382301
atr_14_pct,band_pos,4,0.0078066914498141,0.0110365053638959,1,-0.5006577883425565,-0.30803081475310434,10,0.5,1.776120744449483,0.0005527597223472339,SNGS,range_v2_conservative,0.0004329566610382301
atr_14_pct,band_pos,4,0.0078066914498141,0.0110365053638959,1,-0.5006577883425565,-0.30803081475310434,10,0.5,1.776120744449483,0.0005527597223472339,SNGS,,0.0004329566610382301
atr_14_pct,band_pos,4,0.0078066914498141,0.0110365053638959,1,-0.5006577883425565,-0.30803081475310434,7,0.42857142857142855,0.6920216324339735,-0.0005041980402565857,TATN,range_v0_aggressive,0.00030306966272676105
atr_14_pct,band_pos,4,0.0078066914498141,0.0110365053638959,1,-0.5006577883425565,-0.30803081475310434,7,0.42857142857142855,0.6920216324339735,-0.0005041980402565857,TATN,range_v0_baseline,0.00030306966272676105
atr_14_pct,band_pos,4,0.0078066914498141,0.0110365053638959,1,-0.5006577883425565,-0.30803081475310434,7,0.42857142857142855,0.6920216324339735,-0.0005041980402565857,TATN,range_v0_conservative,0.00030306966272676105
atr_14_pct,band_pos,4,0.0078066914498141,0.0110365053638959,1,-0.5006577883425565,-0.30803081475310434,7,0.42857142857142855,0.6920216324339735,-0.0005041980402565857,TATN,range_v2_aggressive,0.00030306966272676105
atr_14_pct,band_pos,4,0.0078066914498141,0.0110365053638959,1,-0.5006577883425565,-0.30803081475310434,7,0.42857142857142855,0.6920216324339735,-0.0005041980402565857,TATN,range_v2_balanced,0.00030306966272676105
atr_14_pct,band_pos,4,0.0078066914498141,0.0110365053638959,1,-0.5006577883425565,-0.30803081475310434,7,0.42857142857142855,0.6920216324339735,-0.0005041980402565857,TATN,range_v2_conservative,0.00030306966272676105
atr_14_pct,band_pos,4,0.0078066914498141,0.0110365053638959,1,-0.5006577883425565,-0.30803081475310434,7,0.42857142857142855,0.6920216324339735,-0.0005041980402565857,TATN,,0.00030306966272676105
atr_14_pct,band_pos,4,0.0078066914498141,0.0110365053638959,1,-0.5006577883425565,-0.30803081475310434,4,0.5,1.473358223195789,0.0005161156227296501,VKCO,range_v0_aggressive,0.00017318266441529204
atr_14_pct,band_pos,4,0.0078066914498141,0.0110365053638959,1,-0.5006577883425565,-0.30803081475310434,4,0.5,1.473358223195789,0.0005161156227296501,VKCO,range_v0_baseline,0.00017318266441529204
atr_14_pct,band_pos,4,0.0078066914498141,0.0110365053638959,1,-0.5006577883425565,-0.30803081475310434,4,0.5,1.473358223195789,0.0005161156227296501,VKCO,range_v0_conservative,0.00017318266441529204
atr_14_pct,band_pos,4,0.0078066914498141,0.0110365053638959,1,-0.5006577883425565,-0.30803081475310434,4,0.5,1.473358223195789,0.0005161156227296501,VKCO,range_v2_aggressive,0.00017318266441529204
atr_14_pct,band_pos,4,0.0078066914498141,0.0110365053638959,1,-0.5006577883425565,-0.30803081475310434,4,0.5,1.473358223195789,0.0005161156227296501,VKCO,range_v2_balanced,0.00017318266441529204
atr_14_pct,band_pos,4,0.0078066914498141,0.0110365053638959,1,-0.5006577883425565,-0.30803081475310434,4,0.5,1.473358223195789,0.0005161156227296501,VKCO,range_v2_conservative,0.00017318266441529204
atr_14_pct,band_pos,4,0.0078066914498141,0.0110365053638959,1,-0.5006577883425565,-0.30803081475310434,4,0.5,1.473358223195789,0.0005161156227296501,VKCO,,0.00017318266441529204
atr_14_pct,band_pos,4,0.0078066914498141,0.0110365053638959,1,-0.5006577883425565,-0.30803081475310434,5,0.4,0.4839753876246195,-0.0006606812017017599,YNDX,range_v0_aggressive,0.00021647833051911504
atr_14_pct,band_pos,4,0.0078066914498141,0.0110365053638959,1,-0.5006577883425565,-0.30803081475310434,5,0.4,0.4839753876246195,-0.0006606812017017599,YNDX,range_v0_baseline,0.00021647833051911504
atr_14_pct,band_pos,4,0.0078066914498141,0.0110365053638959,1,-0.5006577883425565,-0.30803081475310434,5,0.4,0.4839753876246195,-0.0006606812017017599,YNDX,range_v0_conservative,0.00021647833051911504
atr_14_pct,band_pos,4,0.0078066914498141,0.0110365053638959,1,-0.5006577883425565,-0.30803081475310434,5,0.4,0.4839753876246195,-0.0006606812017017599,YNDX,range_v2_aggressive,0.00021647833051911504
atr_14_pct,band_pos,4,0.0078066914498141,0.0110365053638959,1,-0.5006577883425565,-0.30803081475310434,5,0.4,0.4839753876246195,-0.0006606812017017599,YNDX,range_v2_balanced,0.00021647833051911504
atr_14_pct,band_pos,4,0.0078066914498141,0.0110365053638959,1,-0.5006577883425565,-0.30803081475310434,5,0.4,0.4839753876246195,-0.0006606812017017599,YNDX,range_v2_conservative,0.00021647833051911504
atr_14_pct,band_pos,4,0.0078066914498141,0.0110365053638959,1,-0.5006577883425565,-0.30803081475310434,5,0.4,0.4839753876246195,-0.0006606812017017599,YNDX,,0.00021647833051911504
atr_14_pct,band_pos,4,0.0078066914498141,0.0110365053638959,2,-0.30803081475310434,-0.1711870966036377,6,0.3333333333333333,0.30065635649133843,-0.0010616406634407667,CHMF,range_v0_aggressive,0.000259773996622938
atr_14_pct,band_pos,4,0.0078066914498141,0.0110365053638959,2,-0.30803081475310434,-0.1711870966036377,6,0.3333333333333333,0.30065635649133843,-0.0010616406634407667,CHMF,range_v0_baseline,0.000259773996622938
atr_14_pct,band_pos,4,0.0078066914498141,0.0110365053638959,2,-0.30803081475310434,-0.1711870966036377,6,0.3333333333333333,0.30065635649133843,-0.0010616406634407667,CHMF,range_v0_conservative,0.000259773996622938
atr_14_pct,band_pos,4,0.0078066914498141,0.0110365053638959,2,-0.30803081475310434,-0.1711870966036377,6,0.3333333333333333,0.30065635649133843,-0.0010616406634407667,CHMF,range_v2_aggressive,0.000259773996622938
atr_14_pct,band_pos,4,0.0078066914498141,0.0110365053638959,2,-0.30803081475310434,-0.1711870966036377,6,0.3333333333333333,0.30065635649133843,-0.0010616406634407667,CHMF,range_v2_balanced,0.000259773996622938
atr_14_pct,band_pos,4,0.0078066914498141,0.0110365053638959,2,-0.30803081475310434,-0.1711870966036377,6,0.3333333333333333,0.30065635649133843,-0.0010616406634407667,CHMF,range_v2_conservative,0.000259773996622938
atr_14_pct,band_pos,4,0.0078066914498141,0.0110365053638959,2,-0.30803081475310434,-0.1711870966036377,6,0.3333333333333333,0.30065635649133843,-0.0010616406634407667,CHMF,,0.000259773996622938
atr_14_pct,band_pos,4,0.0078066914498141,0.0110365053638959,2,-0.30803081475310434,-0.1711870966036377,5,0.4,0.574964196505142,-0.0004511390913052601,GAZP,range_v0_aggressive,0.00021647833051911504
atr_14_pct,band_pos,4,0.0078066914498141,0.0110365053638959,2,-0.30803081475310434,-0.1711870966036377,5,0.4,0.574964196505142,-0.0004511390913052601,GAZP,range_v0_baseline,0.00021647833051911504
atr_14_pct,band_pos,4,0.0078066914498141,0.0110365053638959,2,-0.30803081475310434,-0.1711870966036377,5,0.4,0.574964196505142,-0.0004511390913052601,GAZP,range_v0_conservative,0.00021647833051911504
atr_14_pct,band_pos,4,0.0078066914498141,0.0110365053638959,2,-0.30803081475310434,-0.1711870966036377,5,0.4,0.574964196505142,-0.0004511390913052601,GAZP,range_v2_aggressive,0.00021647833051911504
atr_14_pct,band_pos,4,0.0078066914498141,0.0110365053638959,2,-0.30803081475310434,-0.1711870966036377,5,0.4,0.574964196505142,-0.0004511390913052601,GAZP,range_v2_balanced,0.00021647833051911504
atr_14_pct,band_pos,4,0.0078066914498141,0.0110365053638959,2,-0.30803081475310434,-0.1711870966036377,5,0.4,0.574964196505142,-0.0004511390913052601,GAZP,range_v2_conservative,0.00021647833051911504
atr_14_pct,band_pos,4,0.0078066914498141,0.0110365053638959,2,-0.30803081475310434,-0.1711870966036377,5,0.4,0.574964196505142,-0.0004511390913052601,GAZP,,0.00021647833051911504
atr_14_pct,band_pos,4,0.0078066914498141,0.0110365053638959,2,-0.30803081475310434,-0.1711870966036377,2,0.0,0.0,-0.0017995303833997001,GMKN,range_v0_aggressive,8.659133220764602e-05
atr_14_pct,band_pos,4,0.0078066914498141,0.0110365053638959,2,-0.30803081475310434,-0.1711870966036377,2,0.0,0.0,-0.0017995303833997001,GMKN,range_v0_baseline,8.659133220764602e-05
atr_14_pct,band_pos,4,0.0078066914498141,0.0110365053638959,2,-0.30803081475310434,-0.1711870966036377,2,0.0,0.0,-0.0017995303833997001,GMKN,range_v0_conservative,8.659133220764602e-05
atr_14_pct,band_pos,4,0.0078066914498141,0.0110365053638959,2,-0.30803081475310434,-0.1711870966036377,2,0.0,0.0,-0.0017995303833997001,GMKN,range_v2_aggressive,8.659133220764602e-05
atr_14_pct,band_pos,4,0.0078066914498141,0.0110365053638959,2,-0.30803081475310434,-0.1711870966036377,2,0.0,0.0,-0.0017995303833997001,GMKN,range_v2_balanced,8.659133220764602e-05
atr_14_pct,band_pos,4,0.0078066914498141,0.0110365053638959,2,-0.30803081475310434,-0.1711870966036377,2,0.0,0.0,-0.0017995303833997001,GMKN,range_v2_conservative,8.659133220764602e-05
atr_14_pct,band_pos,4,0.0078066914498141,0.0110365053638959,2,-0.30803081475310434,-0.1711870966036377,2,0.0,0.0,-0.0017995303833997001,GMKN,,8.659133220764602e-05
atr_14_pct,band_pos,4,0.0078066914498141,0.0110365053638959,2,-0.30803081475310434,-0.1711870966036377,9,0.5555555555555556,2.0316074349561895,0.0008348944062412222,LKOH,range_v0_aggressive,0.00038966099493440706
atr_14_pct,band_pos,4,0.0078066914498141,0.0110365053638959,2,-0.30803081475310434,-0.1711870966036377,9,0.5555555555555556,2.0316074349561895,0.0008348944062412222,LKOH,range_v0_baseline,0.00038966099493440706
atr_14_pct,band_pos,4,0.0078066914498141,0.0110365053638959,2,-0.30803081475310434,-0.1711870966036377,9,0.5555555555555556,2.0316074349561895,0.0008348944062412222,LKOH,range_v0_conservative,0.00038966099493440706
atr_14_pct,band_pos,4,0.0078066914498141,0.0110365053638959,2,-0.30803081475310434,-0.1711870966036377,9,0.5555555555555556,2.0316074349561895,0.0008348944062412222,LKOH,range_v2_aggressive,0.00038966099493440706
atr_14_pct,band_pos,4,0.0078066914498141,0.0110365053638959,2,-0.30803081475310434,-0.1711870966036377,9,0.5555555555555556,2.0316074349561895,0.0008348944062412222,LKOH,range_v2_balanced,0.00038966099493440706
atr_14_pct,band_pos,4,0.0078066914498141,0.0110365053638959,2,-0.30803081475310434,-0.1711870966036377,9,0.5555555555555556,2.0316074349561895,0.0008348944062412222,LKOH,range_v2_conservative,0.00038966099493440706
atr_14_pct,band_pos,4,0.0078066914498141,0.0110365053638959,2,-0.30803081475310434,-0.1711870966036377,9,0.5555555555555556,2.0316074349561895,0.0008348944062412222,LKOH,,0.00038966099493440706
atr_14_pct,band_pos,4,0.0078066914498141,0.0110365053638959,2,-0.30803081475310434,-0.1711870966036377,6,0.5,0.7380371223617493,-0.00027469300134529986,MGNT,range_v0_aggressive,0.000259773996622938
atr_14_pct,band_pos,4,0.0078066914498141,0.0110365053638959,2,-0.30803081475310434,-0.1711870966036377,6,0.5,0.7380371223617493,-0.00027469300134529986,MGNT,range_v0_baseline,0.000259773996622938
atr_14_pct,band_pos,4,0.0078066914498141,0.0110365053638959,2,-0.30803081475310434,-0.1711870966036377,6,0.5,0.7380371223617493,-0.00027469300134529986,MGNT,range_v0_conservative,0.000259773996622938
atr_14_pct,band_pos,4,0.0078066914498141,0.0110365053638959,2,-0.30803081475310434,-0.1711870966036377,6,0.5,0.7380371223617493,-0.00027469300134529986,MGNT,range_v2_aggressive,0.000259773996622938
atr_14_pct,band_pos,4,0.0078066914498141,0.0110365053638959,2,-0.30803081475310434,-0.1711870966036377,6,0.5,0.7380371223617493,-0.00027469300134529986,MGNT,range_v2_balanced,0.000259773996622938
atr_14_pct,band_pos,4,0.0078066914498141,0.0110365053638959,2,-0.30803081475310434,-0.1711870966036377,6,0.5,0.7380371223617493,-0.00027469300134529986,MGNT,range_v2_conservative,0.000259773996622938
atr_14_pct,band_pos,4,0.0078066914498141,0.0110365053638959,2,-0.30803081475310434,-0.1711870966036377,6,0.5,0.7380371223617493,-0.00027469300134529986,MGNT,,0.000259773996622938
atr_14_pct,band_pos,4,0.0078066914498141,0.0110365053638959,2,-0.30803081475310434,-0.1711870966036377,2,0.0,0.0,-0.0037271176945816,MTSS,range_v0_aggressive,8.659133220764602e-05
atr_14_pct,band_pos,4,0.0078066914498141,0.0110365053638959,2,-0.30803081475310434,-0.1711870966036377,2,0.0,0.0,-0.0037271176945816,MTSS,range_v0_baseline,8.659133220764602e-05
atr_14_pct,band_pos,4,0.0078066914498141,0.0110365053638959,2,-0.30803081475310434,-0.1711870966036377,2,0.0,0.0,-0.0037271176945816,MTSS,range_v0_conservative,8.659133220764602e-05
atr_14_pct,band_pos,4,0.0078066914498141,0.0110365053638959,2,-0.30803081475310434,-0.1711870966036377,2,0.0,0.0,-0.0037271176945816,MTSS,range_v2_aggressive,8.659133220764602e-05
atr_14_pct,band_pos,4,0.0078066914498141,0.0110365053638959,2,-0.30803081475310434,-0.1711870966036377,2,0.0,0.0,-0.0037271176945816,MTSS,range_v2_balanced,8.659133220764602e-05
atr_14_pct,band_pos,4,0.0078066914498141,0.0110365053638959,2,-0.30803081475310434,-0.1711870966036377,2,0.0,0.0,-0.0037271176945816,MTSS,range_v2_conservative,8.659133220764602e-05
atr_14_pct,band_pos,4,0.0078066914498141,0.0110365053638959,2,-0.30803081475310434,-0.1711870966036377,2,0.0,0.0,-0.0037271176945816,MTSS,,8.659133220764602e-05
atr_14_pct,band_pos,4,0.0078066914498141,0.0110365053638959,2,-0.30803081475310434,-0.1711870966036377,7,0.42857142857142855,1.0994675037674293,8.503009414665712e-05,NLMK,range_v0_aggressive,0.00030306966272676105
atr_14_pct,band_pos,4,0.0078066914498141,0.0110365053638959,2,-0.30803081475310434,-0.1711870966036377,7,0.42857142857142855,1.0994675037674293,8.503009414665712e-05,NLMK,range_v0_baseline,0.00030306966272676105
atr_14_pct,band_pos,4,0.0078066914498141,0.0110365053638959,2,-0.30803081475310434,-0.1711870966036377,7,0.42857142857142855,1.0994675037674293,8.503009414665712e-05,NLMK,range_v0_conservative,0.00030306966272676105
atr_14_pct,band_pos,4,0.0078066914498141,0.0110365053638959,2,-0.30803081475310434,-0.1711870966036377,7,0.42857142857142855,1.0994675037674293,8.503009414665712e-05,NLMK,range_v2_aggressive,0.00030306966272676105
atr_14_pct,band_pos,4,0.0078066914498141,0.0110365053638959,2,-0.30803081475310434,-0.1711870966036377,7,0.42857142857142855,1.0994675037674293,8.503009414665712e-05,NLMK,range_v2_balanced,0.00030306966272676105
atr_14_pct,band_pos,4,0.0078066914498141,0.0110365053638959,2,-0.30803081475310434,-0.1711870966036377,7,0.42857142857142855,1.0994675037674293,8.503009414665712e-05,NLMK,range_v2_conservative,0.00030306966272676105
atr_14_pct,band_pos,4,0.0078066914498141,0.0110365053638959,2,-0.30803081475310434,-0.1711870966036377,7,0.42857142857142855,1.0994675037674293,8.503009414665712e-05,NLMK,,0.00030306966272676105
atr_14_pct,band_pos,4,0.0078066914498141,0.0110365053638959,2,-0.30803081475310434,-0.1711870966036377,7,0.2857142857142857,0.2706916810459411,-0.0011545049849494286,NVTK,range_v0_aggressive,0.00030306966272676105
atr_14_pct,band_pos,4,0.0078066914498141,0.0110365053638959,2,-0.30803081475310434,-0.1711870966036377,7,0.2857142857142857,0.2706916810459411,-0.0011545049849494286,NVTK,range_v0_baseline,0.00030306966272676105
atr_14_pct,band_pos,4,0.0078066914498141,0.0110365053638959,2,-0.30803081475310434,-0.1711870966036377,7,0.2857142857142857,0.2706916810459411,-0.0011545049849494286,NVTK,range_v0_conservative,0.00030306966272676105
atr_14_pct,band_pos,4,0.0078066914498141,0.0110365053638959,2,-0.30803081475310434,-0.1711870966036377,7,0.2857142857142857,0.2706916810459411,-0.0011545049849494286,NVTK,range_v2_aggressive,0.00030306966272676105
atr_14_pct,band_pos,4,0.0078066914498141,0.0110365053638959,2,-0.30803081475310434,-0.1711870966036377,7,0.2857142857142857,0.2706916810459411,-0.0011545049849494286,NVTK,range_v2_balanced,0.00030306966272676105
atr_14_pct,band_pos,4,0.0078066914498141,0.0110365053638959,2,-0.30803081475310434,-0.1711870966036377,7,0.2857142857142857,0.2706916810459411,-0.0011545049849494286,NVTK,range_v2_conservative,0.00030306966272676105
atr_14_pct,band_pos,4,0.0078066914498141,0.0110365053638959,2,-0.30803081475310434,-0.1711870966036377,7,0.2857142857142857,0.2706916810459411,-0.0011545049849494286,NVTK,,0.00030306966272676105
atr_14_pct,band_pos,4,0.0078066914498141,0.0110365053638959,2,-0.30803081475310434,-0.1711870966036377,4,0.25,0.21886107864282356,-0.0021242230576571,OZON,range_v0_aggressive,0.00017318266441529204
atr_14_pct,band_pos,4,0.0078066914498141,0.0110365053638959,2,-0.30803081475310434,-0.1711870966036377,4,0.25,0.21886107864282356,-0.0021242230576571,OZON,range_v0_baseline,0.00017318266441529204
atr_14_pct,band_pos,4,0.0078066914498141,0.0110365053638959,2,-0.30803081475310434,-0.1711870966036377,4,0.25,0.21886107864282356,-0.0021242230576571,OZON,range_v0_conservative,0.00017318266441529204
atr_14_pct,band_pos,4,0.0078066914498141,0.0110365053638959,2,-0.30803081475310434,-0.1711870966036377,4,0.25,0.21886107864282356,-0.0021242230576571,OZON,range_v2_aggressive,0.00017318266441529204
atr_14_pct,band_pos,4,0.0078066914498141,0.0110365053638959,2,-0.30803081475310434,-0.1711870966036377,4,0.25,0.21886107864282356,-0.0021242230576571,OZON,range_v2_balanced,0.00017318266441529204
atr_14_pct,band_pos,4,0.0078066914498141,0.0110365053638959,2,-0.30803081475310434,-0.1711870966036377,4,0.25,0.21886107864282356,-0.0021242230576571,OZON,range_v2_conservative,0.00017318266441529204
atr_14_pct,band_pos,4,0.0078066914498141,0.0110365053638959,2,-0.30803081475310434,-0.1711870966036377,4,0.25,0.21886107864282356,-0.0021242230576571,OZON,,0.00017318266441529204
atr_14_pct,band_pos,4,0.0078066914498141,0.0110365053638959,2,-0.30803081475310434,-0.1711870966036377,11,0.36363636363636365,0.7099465508155928,-0.0003722533881857636,PIKK,range_v0_aggressive,0.00047625232714205306
atr_14_pct,band_pos,4,0.0078066914498141,0.0110365053638959,2,-0.30803081475310434,-0.1711870966036377,11,0.36363636363636365,0.7099465508155928,-0.0003722533881857636,PIKK,range_v0_baseline,0.00047625232714205306
atr_14_pct,band_pos,4,0.0078066914498141,0.0110365053638959,2,-0.30803081475310434,-0.1711870966036377,11,0.36363636363636365,0.7099465508155928,-0.0003722533881857636,PIKK,range_v0_conservative,0.00047625232714205306
atr_14_pct,band_pos,4,0.0078066914498141,0.0110365053638959,2,-0.30803081475310434,-0.1711870966036377,11,0.36363636363636365,0.7099465508155928,-0.0003722533881857636,PIKK,range_v2_aggressive,0.00047625232714205306
atr_14_pct,band_pos,4,0.0078066914498141,0.0110365053638959,2,-0.30803081475310434,-0.1711870966036377,11,0.36363636363636365,0.7099465508155928,-0.0003722533881857636,PIKK,range_v2_balanced,0.00047625232714205306
atr_14_pct,band_pos,4,0.0078066914498141,0.0110365053638959,2,-0.30803081475310434,-0.1711870966036377,11,0.36363636363636365,0.7099465508155928,-0.0003722533881857636,PIKK,range_v2_conservative,0.00047625232714205306
atr_14_pct,band_pos,4,0.0078066914498141,0.0110365053638959,2,-0.30803081475310434,-0.1711870966036377,11,0.36363636363636365,0.7099465508155928,-0.0003722533881857636,PIKK,,0.00047625232714205306
atr_14_pct,band_pos,4,0.0078066914498141,0.0110365053638959,2,-0.30803081475310434,-0.1711870966036377,8,0.375,0.7773782898828873,-0.00023782609856975003,PLZL,range_v0_aggressive,0.0003463653288305841
atr_14_pct,band_pos,4,0.0078066914498141,0.0110365053638959,2,-0.30803081475310434,-0.1711870966036377,8,0.375,0.7773782898828873,-0.00023782609856975003,PLZL,range_v0_baseline,0.0003463653288305841
atr_14_pct,band_pos,4,0.0078066914498141,0.0110365053638959,2,-0.30803081475310434,-0.1711870966036377,8,0.375,0.7773782898828873,-0.00023782609856975003,PLZL,range_v0_conservative,0.0003463653288305841
atr_14_pct,band_pos,4,0.0078066914498141,0.0110365053638959,2,-0.30803081475310434,-0.1711870966036377,8,0.375,0.7773782898828873,-0.00023782609856975003,PLZL,range_v2_aggressive,0.0003463653288305841
atr_14_pct,band_pos,4,0.0078066914498141,0.0110365053638959,2,-0.30803081475310434,-0.1711870966036377,8,0.375,0.7773782898828873,-0.00023782609856975003,PLZL,range_v2_balanced,0.0003463653288305841
atr_14_pct,band_pos,4,0.0078066914498141,0.0110365053638959,2,-0.30803081475310434,-0.1711870966036377,8,0.375,0.7773782898828873,-0.00023782609856975003,PLZL,range_v2_conservative,0.0003463653288305841
atr_14_pct,band_pos,4,0.0078066914498141,0.0110365053638959,2,-0.30803081475310434,-0.1711870966036377,8,0.375,0.7773782898828873,-0.00023782609856975003,PLZL,,0.0003463653288305841
atr_14_pct,band_pos,4,0.0078066914498141,0.0110365053638959,2,-0.30803081475310434,-0.1711870966036377,6,0.5,1.006516461249491,5.87247471973335e-06,ROSN,range_v0_aggressive,0.000259773996622938
atr_14_pct,band_pos,4,0.0078066914498141,0.0110365053638959,2,-0.30803081475310434,-0.1711870966036377,6,0.5,1.006516461249491,5.87247471973335e-06,ROSN,range_v0_baseline,0.000259773996622938
atr_14_pct,band_pos,4,0.0078066914498141,0.0110365053638959,2,-0.30803081475310434,-0.1711870966036377,6,0.5,1.006516461249491,5.87247471973335e-06,ROSN,range_v0_conservative,0.000259773996622938
atr_14_pct,band_pos,4,0.0078066914498141,0.0110365053638959,2,-0.30803081475310434,-0.1711870966036377,6,0.5,1.006516461249491,5.87247471973335e-06,ROSN,range_v2_aggressive,0.000259773996622938
atr_14_pct,band_pos,4,0.0078066914498141,0.0110365053638959,2,-0.30803081475310434,-0.1711870966036377,6,0.5,1.006516461249491,5.87247471973335e-06,ROSN,range_v2_balanced,0.000259773996622938
atr_14_pct,band_pos,4,0.0078066914498141,0.0110365053638959,2,-0.30803081475310434,-0.1711870966036377,6,0.5,1.006516461249491,5.87247471973335e-06,ROSN,range_v2_conservative,0.000259773996622938
atr_14_pct,band_pos,4,0.0078066914498141,0.0110365053638959,2,-0.30803081475310434,-0.1711870966036377,6,0.5,1.006516461249491,5.87247471973335e-06,ROSN,,0.000259773996622938
atr_14_pct,band_pos,4,0.0078066914498141,0.0110365053638959,2,-0.30803081475310434,-0.1711870966036377,5,0.2,0.2877164584484266,-0.00111781614554904,SBER,range_v0_aggressive,0.00021647833051911504
atr_14_pct,band_pos,4,0.0078066914498141,0.0110365053638959,2,-0.30803081475310434,-0.1711870966036377,5,0.2,0.2877164584484266,-0.00111781614554904,SBER,range_v0_baseline,0.00021647833051911504
atr_14_pct,band_pos,4,0.0078066914498141,0.0110365053638959,2,-0.30803081475310434,-0.1711870966036377,5,0.2,0.2877164584484266,-0.00111781614554904,SBER,range_v0_conservative,0.00021647833051911504
atr_14_pct,band_pos,4,0.0078066914498141,0.0110365053638959,2,-0.30803081475310434,-0.1711870966036377,12,0.16666666666666666,0.27531345057671436,-0.0007691046387682984,SBER,range_v2_aggressive,0.000519547993245876
atr_14_pct,band_pos,4,0.0078066914498141,0.0110365053638959,2,-0.30803081475310434,-0.1711870966036377,5,0.2,0.2877164584484266,-0.00111781614554904,SBER,range_v2_balanced,0.00021647833051911504
atr_14_pct,band_pos,4,0.0078066914498141,0.0110365053638959,2,-0.30803081475310434,-0.1711870966036377,5,0.2,0.2877164584484266,-0.00111781614554904,SBER,range_v2_conservative,0.00021647833051911504
atr_14_pct,band_pos,4,0.0078066914498141,0.0110365053638959,2,-0.30803081475310434,-0.1711870966036377,10,0.2,0.2877164584484266,-0.00111781614554904,SBER,,0.0004329566610382301
atr_14_pct,band_pos,4,0.0078066914498141,0.0110365053638959,2,-0.30803081475310434,-0.1711870966036377,5,0.4,0.8468233851881234,-0.0001900912348263002,SNGS,range_v0_aggressive,0.00021647833051911504
atr_14_pct,band_pos,4,0.0078066914498141,0.0110365053638959,2,-0.30803081475310434,-0.1711870966036377,5,0.4,0.8468233851881234,-0.0001900912348263002,SNGS,range_v0_baseline,0.00021647833051911504
atr_14_pct,band_pos,4,0.0078066914498141,0.0110365053638959,2,-0.30803081475310434,-0.1711870966036377,5,0.4,0.8468233851881234,-0.0001900912348263002,SNGS,range_v0_conservative,0.00021647833051911504
atr_14_pct,band_pos,4,0.0078066914498141,0.0110365053638959,2,-0.30803081475310434,-0.1711870966036377,5,0.4,0.8468233851881234,-0.0001900912348263002,SNGS,range_v2_aggressive,0.00021647833051911504
atr_14_pct,band_pos,4,0.0078066914498141,0.0110365053638959,2,-0.30803081475310434,-0.1711870966036377,5,0.4,0.8468233851881234,-0.0001900912348263002,SNGS,range_v2_balanced,0.00021647833051911504
atr_14_pct,band_pos,4,0.0078066914498141,0.0110365053638959,2,-0.30803081475310434,-0.1711870966036377,5,0.4,0.8468233851881234,-0.0001900912348263002,SNGS,range_v2_conservative,0.00021647833051911504
atr_14_pct,band_pos,4,0.0078066914498141,0.0110365053638959,2,-0.30803081475310434,-0.1711870966036377,5,0.4,0.8468233851881234,-0.0001900912348263002,SNGS,,0.00021647833051911504
atr_14_pct,band_pos,4,0.0078066914498141,0.0110365053638959,2,-0.30803081475310434,-0.1711870966036377,5,0.4,1.3055029966386218,0.00034414683278063995,TATN,range_v0_aggressive,0.00021647833051911504
atr_14_pct,band_pos,4,0.0078066914498141,0.0110365053638959,2,-0.30803081475310434,-0.1711870966036377,5,0.4,1.3055029966386218,0.00034414683278063995,TATN,range_v0_baseline,0.00021647833051911504
atr_14_pct,band_pos,4,0.0078066914498141,0.0110365053638959,2,-0.30803081475310434,-0.1711870966036377,5,0.4,1.3055029966386218,0.00034414683278063995,TATN,range_v0_conservative,0.00021647833051911504
atr_14_pct,band_pos,4,0.0078066914498141,0.0110365053638959,2,-0.30803081475310434,-0.1711870966036377,5,0.4,1.3055029966386218,0.00034414683278063995,TATN,range_v2_aggressive,0.00021647833051911504
atr_14_pct,band_pos,4,0.0078066914498141,0.0110365053638959,2,-0.30803081475310434,-0.1711870966036377,5,0.4,1.3055029966386218,0.00034414683278063995,TATN,range_v2_balanced,0.00021647833051911504
atr_14_pct,band_pos,4,0.0078066914498141,0.0110365053638959,2,-0.30803081475310434,-0.1711870966036377,5,0.4,1.3055029966386218,0.00034414683278063995,TATN,range_v2_conservative,0.00021647833051911504
atr_14_pct,band_pos,4,0.0078066914498141,0.0110365053638959,2,-0.30803081475310434,-0.1711870966036377,5,0.4,1.3055029966386218,0.00034414683278063995,TATN,,0.00021647833051911504
atr_14_pct,band_pos,4,0.0078066914498141,0.0110365053638959,2,-0.30803081475310434,-0.1711870966036377,13,0.3076923076923077,0.23564643573917865,-0.001417181387184723,VKCO,range_v0_aggressive,0.0005628436593496991
atr_14_pct,band_pos,4,0.0078066914498141,0.0110365053638959,2,-0.30803081475310434,-0.1711870966036377,13,0.3076923076923077,0.23564643573917865,-0.001417181387184723,VKCO,range_v0_baseline,0.0005628436593496991
atr_14_pct,band_pos,4,0.0078066914498141,0.0110365053638959,2,-0.30803081475310434,-0.1711870966036377,13,0.3076923076923077,0.23564643573917865,-0.001417181387184723,VKCO,range_v0_conservative,0.0005628436593496991
atr_14_pct,band_pos,4,0.0078066914498141,0.0110365053638959,2,-0.30803081475310434,-0.1711870966036377,13,0.3076923076923077,0.23564643573917865,-0.001417181387184723,VKCO,range_v2_aggressive,0.0005628436593496991
atr_14_pct,band_pos,4,0.0078066914498141,0.0110365053638959,2,-0.30803081475310434,-0.1711870966036377,13,0.3076923076923077,0.23564643573917865,-0.001417181387184723,VKCO,range_v2_balanced,0.0005628436593496991
atr_14_pct,band_pos,4,0.0078066914498141,0.0110365053638959,2,-0.30803081475310434,-0.1711870966036377,13,0.3076923076923077,0.23564643573917865,-0.001417181387184723,VKCO,range_v2_conservative,0.0005628436593496991
atr_14_pct,band_pos,4,0.0078066914498141,0.0110365053638959,2,-0.30803081475310434,-0.1711870966036377,13,0.3076923076923077,0.23564643573917865,-0.001417181387184723,VKCO,,0.0005628436593496991
atr_14_pct,band_pos,4,0.0078066914498141,0.0110365053638959,2,-0.30803081475310434,-0.1711870966036377,7,0.2857142857142857,0.3042820126599354,-0.0016486300666831283,YNDX,range_v0_aggressive,0.00030306966272676105
atr_14_pct,band_pos,4,0.0078066914498141,0.0110365053638959,2,-0.30803081475310434,-0.1711870966036377,7,0.2857142857142857,0.3042820126599354,-0.0016486300666831283,YNDX,range_v0_baseline,0.00030306966272676105
atr_14_pct,band_pos,4,0.0078066914498141,0.0110365053638959,2,-0.30803081475310434,-0.1711870966036377,7,0.2857142857142857,0.3042820126599354,-0.0016486300666831283,YNDX,range_v0_conservative,0.00030306966272676105
atr_14_pct,band_pos,4,0.0078066914498141,0.0110365053638959,2,-0.30803081475310434,-0.1711870966036377,7,0.2857142857142857,0.3042820126599354,-0.0016486300666831283,YNDX,range_v2_aggressive,0.00030306966272676105
atr_14_pct,band_pos,4,0.0078066914498141,0.0110365053638959,2,-0.30803081475310434,-0.1711870966036377,7,0.2857142857142857,0.3042820126599354,-0.0016486300666831283,YNDX,range_v2_balanced,0.00030306966272676105
atr_14_pct,band_pos,4,0.0078066914498141,0.0110365053638959,2,-0.30803081475310434,-0.1711870966036377,7,0.2857142857142857,0.3042820126599354,-0.0016486300666831283,YNDX,range_v2_conservative,0.00030306966272676105
atr_14_pct,band_pos,4,0.0078066914498141,0.0110365053638959,2,-0.30803081475310434,-0.1711870966036377,7,0.2857142857142857,0.3042820126599354,-0.0016486300666831283,YNDX,,0.00030306966272676105
atr_14_pct,band_pos,4,0.0078066914498141,0.0110365053638959,3,-0.1711870966036377,-0.071158473171634,8,0.5,1.399622883158778,0.00035442182543867504,CHMF,range_v0_aggressive,0.0003463653288305841
atr_14_pct,band_pos,4,0.0078066914498141,0.0110365053638959,3,-0.1711870966036377,-0.071158473171634,8,0.5,1.399622883158778,0.00035442182543867504,CHMF,range_v0_baseline,0.0003463653288305841
atr_14_pct,band_pos,4,0.0078066914498141,0.0110365053638959,3,-0.1711870966036377,-0.071158473171634,8,0.5,1.399622883158778,0.00035442182543867504,CHMF,range_v0_conservative,0.0003463653288305841
atr_14_pct,band_pos,4,0.0078066914498141,0.0110365053638959,3,-0.1711870966036377,-0.071158473171634,8,0.5,1.399622883158778,0.00035442182543867504,CHMF,range_v2_aggressive,0.0003463653288305841
atr_14_pct,band_pos,4,0.0078066914498141,0.0110365053638959,3,-0.1711870966036377,-0.071158473171634,8,0.5,1.399622883158778,0.00035442182543867504,CHMF,range_v2_balanced,0.0003463653288305841
atr_14_pct,band_pos,4,0.0078066914498141,0.0110365053638959,3,-0.1711870966036377,-0.071158473171634,8,0.5,1.399622883158778,0.00035442182543867504,CHMF,range_v2_conservative,0.0003463653288305841
atr_14_pct,band_pos,4,0.0078066914498141,0.0110365053638959,3,-0.1711870966036377,-0.071158473171634,8,0.5,1.399622883158778,0.00035442182543867504,CHMF,,0.0003463653288305841
atr_14_pct,band_pos,4,0.0078066914498141,0.0110365053638959,3,-0.1711870966036377,-0.071158473171634,1,0.0,0.0,-0.0020718681738366,GAZP,range_v0_aggressive,4.329566610382301e-05
atr_14_pct,band_pos,4,0.0078066914498141,0.0110365053638959,3,-0.1711870966036377,-0.071158473171634,1,0.0,0.0,-0.0020718681738366,GAZP,range_v0_baseline,4.329566610382301e-05
atr_14_pct,band_pos,4,0.0078066914498141,0.0110365053638959,3,-0.1711870966036377,-0.071158473171634,1,0.0,0.0,-0.0020718681738366,GAZP,range_v0_conservative,4.329566610382301e-05
atr_14_pct,band_pos,4,0.0078066914498141,0.0110365053638959,3,-0.1711870966036377,-0.071158473171634,1,0.0,0.0,-0.0020718681738366,GAZP,range_v2_aggressive,4.329566610382301e-05
atr_14_pct,band_pos,4,0.0078066914498141,0.0110365053638959,3,-0.1711870966036377,-0.071158473171634,1,0.0,0.0,-0.0020718681738366,GAZP,range_v2_balanced,4.329566610382301e-05
atr_14_pct,band_pos,4,0.0078066914498141,0.0110365053638959,3,-0.1711870966036377,-0.071158473171634,1,0.0,0.0,-0.0020718681738366,GAZP,range_v2_conservative,4.329566610382301e-05
atr_14_pct,band_pos,4,0.0078066914498141,0.0110365053638959,3,-0.1711870966036377,-0.071158473171634,1,0.0,0.0,-0.0020718681738366,GAZP,,4.329566610382301e-05
atr_14_pct,band_pos,4,0.0078066914498141,0.0110365053638959,3,-0.1711870966036377,-0.071158473171634,2,1.0,inf,0.0015679247951629499,GMKN,range_v0_aggressive,8.659133220764602e-05
atr_14_pct,band_pos,4,0.0078066914498141,0.0110365053638959,3,-0.1711870966036377,-0.071158473171634,2,1.0,inf,0.0015679247951629499,GMKN,range_v0_baseline,8.659133220764602e-05
atr_14_pct,band_pos,4,0.0078066914498141,0.0110365053638959,3,-0.1711870966036377,-0.071158473171634,2,1.0,inf,0.0015679247951629499,GMKN,range_v0_conservative,8.659133220764602e-05
atr_14_pct,band_pos,4,0.0078066914498141,0.0110365053638959,3,-0.1711870966036377,-0.071158473171634,2,1.0,inf,0.0015679247951629499,GMKN,range_v2_aggressive,8.659133220764602e-05
atr_14_pct,band_pos,4,0.0078066914498141,0.0110365053638959,3,-0.1711870966036377,-0.071158473171634,2,1.0,inf,0.0015679247951629499,GMKN,range_v2_balanced,8.659133220764602e-05
atr_14_pct,band_pos,4,0.0078066914498141,0.0110365053638959,3,-0.1711870966036377,-0.071158473171634,2,1.0,inf,0.0015679247951629499,GMKN,range_v2_conservative,8.659133220764602e-05
atr_14_pct,band_pos,4,0.0078066914498141,0.0110365053638959,3,-0.1711870966036377,-0.071158473171634,2,1.0,inf,0.0015679247951629499,GMKN,,8.659133220764602e-05
atr_14_pct,band_pos,4,0.0078066914498141,0.0110365053638959,3,-0.1711870966036377,-0.071158473171634,6,0.16666666666666666,0.05881247090746515,-0.0015858966498691833,LKOH,range_v0_aggressive,0.000259773996622938
atr_14_pct,band_pos,4,0.0078066914498141,0.0110365053638959,3,-0.1711870966036377,-0.071158473171634,6,0.16666666666666666,0.05881247090746515,-0.0015858966498691833,LKOH,range_v0_baseline,0.000259773996622938
atr_14_pct,band_pos,4,0.0078066914498141,0.0110365053638959,3,-0.1711870966036377,-0.071158473171634,6,0.16666666666666666,0.05881247090746515,-0.0015858966498691833,LKOH,range_v0_conservative,0.000259773996622938
atr_14_pct,band_pos,4,0.0078066914498141,0.0110365053638959,3,-0.1711870966036377,-0.071158473171634,6,0.16666666666666666,0.05881247090746515,-0.0015858966498691833,LKOH,range_v2_aggressive,0.000259773996622938
atr_14_pct,band_pos,4,0.0078066914498141,0.0110365053638959,3,-0.1711870966036377,-0.071158473171634,6,0.16666666666666666,0.05881247090746515,-0.0015858966498691833,LKOH,range_v2_balanced,0.000259773996622938
atr_14_pct,band_pos,4,0.0078066914498141,0.0110365053638959,3,-0.1711870966036377,-0.071158473171634,6,0.16666666666666666,0.05881247090746515,-0.0015858966498691833,LKOH,range_v2_conservative,0.000259773996622938
atr_14_pct,band_pos,4,0.0078066914498141,0.0110365053638959,3,-0.1711870966036377,-0.071158473171634,6,0.16666666666666666,0.05881247090746515,-0.0015858966498691833,LKOH,,0.000259773996622938
atr_14_pct,band_pos,4,0.0078066914498141,0.0110365053638959,3,-0.1711870966036377,-0.071158473171634,3,0.6666666666666666,0.8759227865421203,-0.00013855883984876662,MGNT,range_v0_aggressive,0.000129886998311469
atr_14_pct,band_pos,4,0.0078066914498141,0.0110365053638959,3,-0.1711870966036377,-0.071158473171634,3,0.6666666666666666,0.8759227865421203,-0.00013855883984876662,MGNT,range_v0_baseline,0.000129886998311469
atr_14_pct,band_pos,4,0.0078066914498141,0.0110365053638959,3,-0.1711870966036377,-0.071158473171634,3,0.6666666666666666,0.8759227865421203,-0.00013855883984876662,MGNT,range_v0_conservative,0.000129886998311469
atr_14_pct,band_pos,4,0.0078066914498141,0.0110365053638959,3,-0.1711870966036377,-0.071158473171634,3,0.6666666666666666,0.8759227865421203,-0.00013855883984876662,MGNT,range_v2_aggressive,0.000129886998311469
atr_14_pct,band_pos,4,0.0078066914498141,0.0110365053638959,3,-0.1711870966036377,-0.071158473171634,3,0.6666666666666666,0.8759227865421203,-0.00013855883984876662,MGNT,range_v2_balanced,0.000129886998311469
atr_14_pct,band_pos,4,0.0078066914498141,0.0110365053638959,3,-0.1711870966036377,-0.071158473171634,3,0.6666666666666666,0.8759227865421203,-0.00013855883984876662,MGNT,range_v2_conservative,0.000129886998311469
atr_14_pct,band_pos,4,0.0078066914498141,0.0110365053638959,3,-0.1711870966036377,-0.071158473171634,3,0.6666666666666666,0.8759227865421203,-0.00013855883984876662,MGNT,,0.000129886998311469
atr_14_pct,band_pos,4,0.0078066914498141,0.0110365053638959,3,-0.1711870966036377,-0.071158473171634,5,0.6,1.595748988095064,0.00055121936163154,MTSS,range_v0_aggressive,0.00021647833051911504
atr_14_pct,band_pos,4,0.0078066914498141,0.0110365053638959,3,-0.1711870966036377,-0.071158473171634,5,0.6,1.595748988095064,0.00055121936163154,MTSS,range_v0_baseline,0.00021647833051911504
atr_14_pct,band_pos,4,0.0078066914498141,0.0110365053638959,3,-0.1711870966036377,-0.071158473171634,5,0.6,1.595748988095064,0.00055121936163154,MTSS,range_v0_conservative,0.00021647833051911504
atr_14_pct,band_pos,4,0.0078066914498141,0.0110365053638959,3,-0.1711870966036377,-0.071158473171634,5,0.6,1.595748988095064,0.00055121936163154,MTSS,range_v2_aggressive,0.00021647833051911504
atr_14_pct,band_pos,4,0.0078066914498141,0.0110365053638959,3,-0.1711870966036377,-0.071158473171634,5,0.6,1.595748988095064,0.00055121936163154,MTSS,range_v2_balanced,0.00021647833051911504
atr_14_pct,band_pos,4,0.0078066914498141,0.0110365053638959,3,-0.1711870966036377,-0.071158473171634,5,0.6,1.595748988095064,0.00055121936163154,MTSS,range_v2_conservative,0.00021647833051911504
atr_14_pct,band_pos,4,0.0078066914498141,0.0110365053638959,3,-0.1711870966036377,-0.071158473171634,5,0.6,1.595748988095064,0.00055121936163154,MTSS,,0.00021647833051911504
atr_14_pct,band_pos,4,0.0078066914498141,0.0110365053638959,3,-0.1711870966036377,-0.071158473171634,8,0.375,0.4846027093111279,-0.0006985703408673375,NLMK,range_v0_aggressive,0.0003463653288305841
atr_14_pct,band_pos,4,0.0078066914498141,0.0110365053638959,3,-0.1711870966036377,-0.071158473171634,8,0.375,0.4846027093111279,-0.0006985703408673375,NLMK,range_v0_baseline,0.0003463653288305841
atr_14_pct,band_pos,4,0.0078066914498141,0.0110365053638959,3,-0.1711870966036377,-0.071158473171634,8,0.375,0.4846027093111279,-0.0006985703408673375,NLMK,range_v0_conservative,0.0003463653288305841
atr_14_pct,band_pos,4,0.0078066914498141,0.0110365053638959,3,-0.1711870966036377,-0.071158473171634,8,0.375,0.4846027093111279,-0.0006985703408673375,NLMK,range_v2_aggressive,0.0003463653288305841
atr_14_pct,band_pos,4,0.0078066914498141,0.0110365053638959,3,-0.1711870966036377,-0.071158473171634,8,0.375,0.4846027093111279,-0.0006985703408673375,NLMK,range_v2_balanced,0.0003463653288305841
atr_14_pct,band_pos,4,0.0078066914498141,0.0110365053638959,3,-0.1711870966036377,-0.071158473171634,8,0.375,0.4846027093111279,-0.0006985703408673375,NLMK,range_v2_conservative,0.0003463653288305841
atr_14_pct,band_pos,4,0.0078066914498141,0.0110365053638959,3,-0.1711870966036377,-0.071158473171634,8,0.375,0.4846027093111279,-0.0006985703408673375,NLMK,,0.0003463653288305841
atr_14_pct,band_pos,4,0.0078066914498141,0.0110365053638959,3,-0.1711870966036377,-0.071158473171634,5,0.0,0.0,-0.00201954097079682,NVTK,range_v0_aggressive,0.00021647833051911504
atr_14_pct,band_pos,4,0.0078066914498141,0.0110365053638959,3,-0.1711870966036377,-0.071158473171634,5,0.0,0.0,-0.00201954097079682,NVTK,range_v0_baseline,0.00021647833051911504
atr_14_pct,band_pos,4,0.0078066914498141,0.0110365053638959,3,-0.1711870966036377,-0.071158473171634,5,0.0,0.0,-0.00201954097079682,NVTK,range_v0_conservative,0.00021647833051911504
atr_14_pct,band_pos,4,0.0078066914498141,0.0110365053638959,3,-0.1711870966036377,-0.071158473171634,5,0.0,0.0,-0.00201954097079682,NVTK,range_v2_aggressive,0.00021647833051911504
atr_14_pct,band_pos,4,0.0078066914498141,0.0110365053638959,3,-0.1711870966036377,-0.071158473171634,5,0.0,0.0,-0.00201954097079682,NVTK,range_v2_balanced,0.00021647833051911504
atr_14_pct,band_pos,4,0.0078066914498141,0.0110365053638959,3,-0.1711870966036377,-0.071158473171634,5,0.0,0.0,-0.00201954097079682,NVTK,range_v2_conservative,0.00021647833051911504
atr_14_pct,band_pos,4,0.0078066914498141,0.0110365053638959,3,-0.1711870966036377,-0.071158473171634,5,0.0,0.0,-0.00201954097079682,NVTK,,0.00021647833051911504
atr_14_pct,band_pos,4,0.0078066914498141,0.0110365053638959,3,-0.1711870966036377,-0.071158473171634,3,0.3333333333333333,0.08897391001503097,-0.0018283561422822333,OZON,range_v0_aggressive,0.000129886998311469
atr_14_pct,band_pos,4,0.0078066914498141,0.0110365053638959,3,-0.1711870966036377,-0.071158473171634,3,0.3333333333333333,0.08897391001503097,-0.0018283561422822333,OZON,range_v0_baseline,0.000129886998311469
atr_14_pct,band_pos,4,0.0078066914498141,0.0110365053638959,3,-0.1711870966036377,-0.071158473171634,3,0.3333333333333333,0.08897391001503097,-0.0018283561422822333,OZON,range_v0_conservative,0.000129886998311469
atr_14_pct,band_pos,4,0.0078066914498141,0.0110365053638959,3,-0.1711870966036377,-0.071158473171634,3,0.3333333333333333,0.08897391001503097,-0.0018283561422822333,OZON,range_v2_aggressive,0.000129886998311469
atr_14_pct,band_pos,4,0.0078066914498141,0.0110365053638959,3,-0.1711870966036377,-0.071158473171634,3,0.3333333333333333,0.08897391001503097,-0.0018283561422822333,OZON,range_v2_balanced,0.000129886998311469
atr_14_pct,band_pos,4,0.0078066914498141,0.0110365053638959,3,-0.1711870966036377,-0.071158473171634,3,0.3333333333333333,0.08897391001503097,-0.0018283561422822333,OZON,range_v2_conservative,0.000129886998311469
atr_14_pct,band_pos,4,0.0078066914498141,0.0110365053638959,3,-0.1711870966036377,-0.071158473171634,3,0.3333333333333333,0.08897391001503097,-0.0018283561422822333,OZON,,0.000129886998311469
atr_14_pct,band_pos,4,0.0078066914498141,0.0110365053638959,3,-0.1711870966036377,-0.071158473171634,13,0.38461538461538464,0.5799208830488926,-0.000537694805790177,PIKK,range_v0_aggressive,0.0005628436593496991
atr_14_pct,band_pos,4,0.0078066914498141,0.0110365053638959,3,-0.1711870966036377,-0.071158473171634,13,0.38461538461538464,0.5799208830488926,-0.000537694805790177,PIKK,range_v0_baseline,0.0005628436593496991
atr_14_pct,band_pos,4,0.0078066914498141,0.0110365053638959,3,-0.1711870966036377,-0.071158473171634,13,0.38461538461538464,0.5799208830488926,-0.000537694805790177,PIKK,range_v0_conservative,0.0005628436593496991
atr_14_pct,band_pos,4,0.0078066914498141,0.0110365053638959,3,-0.1711870966036377,-0.071158473171634,13,0.38461538461538464,0.5799208830488926,-0.000537694805790177,PIKK,range_v2_aggressive,0.0005628436593496991
atr_14_pct,band_pos,4,0.0078066914498141,0.0110365053638959,3,-0.1711870966036377,-0.071158473171634,13,0.38461538461538464,0.5799208830488926,-0.000537694805790177,PIKK,range_v2_balanced,0.0005628436593496991
atr_14_pct,band_pos,4,0.0078066914498141,0.0110365053638959,3,-0.1711870966036377,-0.071158473171634,13,0.38461538461538464,0.5799208830488926,-0.000537694805790177,PIKK,range_v2_conservative,0.0005628436593496991
atr_14_pct,band_pos,4,0.0078066914498141,0.0110365053638959,3,-0.1711870966036377,-0.071158473171634,13,0.38461538461538464,0.5799208830488926,-0.000537694805790177,PIKK,,0.0005628436593496991
atr_14_pct,band_pos,4,0.0078066914498141,0.0110365053638959,3,-0.1711870966036377,-0.071158473171634,5,0.2,0.13635298091696818,-0.00152044816540544,PLZL,range_v0_aggressive,0.00021647833051911504
atr_14_pct,band_pos,4,0.0078066914498141,0.0110365053638959,3,-0.1711870966036377,-0.071158473171634,5,0.2,0.13635298091696818,-0.00152044816540544,PLZL,range_v0_baseline,0.00021647833051911504
atr_14_pct,band_pos,4,0.0078066914498141,0.0110365053638959,3,-0.1711870966036377,-0.071158473171634,5,0.2,0.13635298091696818,-0.00152044816540544,PLZL,range_v0_conservative,0.00021647833051911504
atr_14_pct,band_pos,4,0.0078066914498141,0.0110365053638959,3,-0.1711870966036377,-0.071158473171634,5,0.2,0.13635298091696818,-0.00152044816540544,PLZL,range_v2_aggressive,0.00021647833051911504
atr_14_pct,band_pos,4,0.0078066914498141,0.0110365053638959,3,-0.1711870966036377,-0.071158473171634,5,0.2,0.13635298091696818,-0.00152044816540544,PLZL,range_v2_balanced,0.00021647833051911504
atr_14_pct,band_pos,4,0.0078066914498141,0.0110365053638959,3,-0.1711870966036377,-0.071158473171634,5,0.2,0.13635298091696818,-0.00152044816540544,PLZL,range_v2_conservative,0.00021647833051911504
atr_14_pct,band_pos,4,0.0078066914498141,0.0110365053638959,3,-0.1711870966036377,-0.071158473171634,5,0.2,0.13635298091696818,-0.00152044816540544,PLZL,,0.00021647833051911504
atr_14_pct,band_pos,4,0.0078066914498141,0.0110365053638959,3,-0.1711870966036377,-0.071158473171634,3,0.6666666666666666,9.54491868850309,0.0025911619019272,ROSN,range_v0_aggressive,0.000129886998311469
atr_14_pct,band_pos,4,0.0078066914498141,0.0110365053638959,3,-0.1711870966036377,-0.071158473171634,3,0.6666666666666666,9.54491868850309,0.0025911619019272,ROSN,range_v0_baseline,0.000129886998311469
atr_14_pct,band_pos,4,0.0078066914498141,0.0110365053638959,3,-0.1711870966036377,-0.071158473171634,3,0.6666666666666666,9.54491868850309,0.0025911619019272,ROSN,range_v0_conservative,0.000129886998311469
atr_14_pct,band_pos,4,0.0078066914498141,0.0110365053638959,3,-0.1711870966036377,-0.071158473171634,3,0.6666666666666666,9.54491868850309,0.0025911619019272,ROSN,range_v2_aggressive,0.000129886998311469
atr_14_pct,band_pos,4,0.0078066914498141,0.0110365053638959,3,-0.1711870966036377,-0.071158473171634,3,0.6666666666666666,9.54491868850309,0.0025911619019272,ROSN,range_v2_balanced,0.000129886998311469
atr_14_pct,band_pos,4,0.0078066914498141,0.0110365053638959,3,-0.1711870966036377,-0.071158473171634,3,0.6666666666666666,9.54491868850309,0.0025911619019272,ROSN,range_v2_conservative,0.000129886998311469
atr_14_pct,band_pos,4,0.0078066914498141,0.0110365053638959,3,-0.1711870966036377,-0.071158473171634,3,0.6666666666666666,9.54491868850309,0.0025911619019272,ROSN,,0.000129886998311469
atr_14_pct,band_pos,4,0.0078066914498141,0.0110365053638959,3,-0.1711870966036377,-0.071158473171634,2,0.5,1.055000738462043,4.173720649805002e-05,SBER,range_v0_aggressive,8.659133220764602e-05
atr_14_pct,band_pos,4,0.0078066914498141,0.0110365053638959,3,-0.1711870966036377,-0.071158473171634,2,0.5,1.055000738462043,4.173720649805002e-05,SBER,range_v0_baseline,8.659133220764602e-05
atr_14_pct,band_pos,4,0.0078066914498141,0.0110365053638959,3,-0.1711870966036377,-0.071158473171634,2,0.5,1.055000738462043,4.173720649805002e-05,SBER,range_v0_conservative,8.659133220764602e-05
atr_14_pct,band_pos,4,0.0078066914498141,0.0110365053638959,3,-0.1711870966036377,-0.071158473171634,12,0.3333333333333333,0.2978971608805089,-0.0006636565106976749,SBER,range_v2_aggressive,0.000519547993245876
atr_14_pct,band_pos,4,0.0078066914498141,0.0110365053638959,3,-0.1711870966036377,-0.071158473171634,2,0.5,1.055000738462043,4.173720649805002e-05,SBER,range_v2_balanced,8.659133220764602e-05
atr_14_pct,band_pos,4,0.0078066914498141,0.0110365053638959,3,-0.1711870966036377,-0.071158473171634,2,0.5,1.055000738462043,4.173720649805002e-05,SBER,range_v2_conservative,8.659133220764602e-05
atr_14_pct,band_pos,4,0.0078066914498141,0.0110365053638959,3,-0.1711870966036377,-0.071158473171634,4,0.5,1.055000738462043,4.173720649805002e-05,SBER,,0.00017318266441529204
atr_14_pct,band_pos,4,0.0078066914498141,0.0110365053638959,3,-0.1711870966036377,-0.071158473171634,4,0.5,1.2135833423559002,0.00024162684154405004,SNGS,range_v0_aggressive,0.00017318266441529204
atr_14_pct,band_pos,4,0.0078066914498141,0.0110365053638959,3,-0.1711870966036377,-0.071158473171634,4,0.5,1.2135833423559002,0.00024162684154405004,SNGS,range_v0_baseline,0.00017318266441529204
atr_14_pct,band_pos,4,0.0078066914498141,0.0110365053638959,3,-0.1711870966036377,-0.071158473171634,4,0.5,1.2135833423559002,0.00024162684154405004,SNGS,range_v0_conservative,0.00017318266441529204
atr_14_pct,band_pos,4,0.0078066914498141,0.0110365053638959,3,-0.1711870966036377,-0.071158473171634,4,0.5,1.2135833423559002,0.00024162684154405004,SNGS,range_v2_aggressive,0.00017318266441529204
atr_14_pct,band_pos,4,0.0078066914498141,0.0110365053638959,3,-0.1711870966036377,-0.071158473171634,4,0.5,1.2135833423559002,0.00024162684154405004,SNGS,range_v2_balanced,0.00017318266441529204
atr_14_pct,band_pos,4,0.0078066914498141,0.0110365053638959,3,-0.1711870966036377,-0.071158473171634,4,0.5,1.2135833423559002,0.00024162684154405004,SNGS,range_v2_conservative,0.00017318266441529204
atr_14_pct,band_pos,4,0.0078066914498141,0.0110365053638959,3,-0.1711870966036377,-0.071158473171634,4,0.5,1.2135833423559002,0.00024162684154405004,SNGS,,0.00017318266441529204
atr_14_pct,band_pos,4,0.0078066914498141,0.0110365053638959,3,-0.1711870966036377,-0.071158473171634,5,1.0,inf,0.0026039090797996198,TATN,range_v0_aggressive,0.00021647833051911504
atr_14_pct,band_pos,4,0.0078066914498141,0.0110365053638959,3,-0.1711870966036377,-0.071158473171634,5,1.0,inf,0.0026039090797996198,TATN,range_v0_baseline,0.00021647833051911504
atr_14_pct,band_pos,4,0.0078066914498141,0.0110365053638959,3,-0.1711870966036377,-0.071158473171634,5,1.0,inf,0.0026039090797996198,TATN,range_v0_conservative,0.00021647833051911504
atr_14_pct,band_pos,4,0.0078066914498141,0.0110365053638959,3,-0.1711870966036377,-0.071158473171634,5,1.0,inf,0.0026039090797996198,TATN,range_v2_aggressive,0.00021647833051911504
atr_14_pct,band_pos,4,0.0078066914498141,0.0110365053638959,3,-0.1711870966036377,-0.071158473171634,5,1.0,inf,0.0026039090797996198,TATN,range_v2_balanced,0.00021647833051911504
atr_14_pct,band_pos,4,0.0078066914498141,0.0110365053638959,3,-0.1711870966036377,-0.071158473171634,5,1.0,inf,0.0026039090797996198,TATN,range_v2_conservative,0.00021647833051911504
atr_14_pct,band_pos,4,0.0078066914498141,0.0110365053638959,3,-0.1711870966036377,-0.071158473171634,5,1.0,inf,0.0026039090797996198,TATN,,0.00021647833051911504
atr_14_pct,band_pos,4,0.0078066914498141,0.0110365053638959,3,-0.1711870966036377,-0.071158473171634,4,0.25,0.22607732692130292,-0.001070417029546375,VKCO,range_v0_aggressive,0.00017318266441529204
atr_14_pct,band_pos,4,0.0078066914498141,0.0110365053638959,3,-0.1711870966036377,-0.071158473171634,4,0.25,0.22607732692130292,-0.001070417029546375,VKCO,range_v0_baseline,0.00017318266441529204
atr_14_pct,band_pos,4,0.0078066914498141,0.0110365053638959,3,-0.1711870966036377,-0.071158473171634,4,0.25,0.22607732692130292,-0.001070417029546375,VKCO,range_v0_conservative,0.00017318266441529204
atr_14_pct,band_pos,4,0.0078066914498141,0.0110365053638959,3,-0.1711870966036377,-0.071158473171634,4,0.25,0.22607732692130292,-0.001070417029546375,VKCO,range_v2_aggressive,0.00017318266441529204
atr_14_pct,band_pos,4,0.0078066914498141,0.0110365053638959,3,-0.1711870966036377,-0.071158473171634,4,0.25,0.22607732692130292,-0.001070417029546375,VKCO,range_v2_balanced,0.00017318266441529204
atr_14_pct,band_pos,4,0.0078066914498141,0.0110365053638959,3,-0.1711870966036377,-0.071158473171634,4,0.25,0.22607732692130292,-0.001070417029546375,VKCO,range_v2_conservative,0.00017318266441529204
atr_14_pct,band_pos,4,0.0078066914498141,0.0110365053638959,3,-0.1711870966036377,-0.071158473171634,4,0.25,0.22607732692130292,-0.001070417029546375,VKCO,,0.00017318266441529204
atr_14_pct,band_pos,4,0.0078066914498141,0.0110365053638959,3,-0.1711870966036377,-0.071158473171634,11,0.45454545454545453,0.7244823491351908,-0.0003728654567659726,YNDX,range_v0_aggressive,0.00047625232714205306
atr_14_pct,band_pos,4,0.0078066914498141,0.0110365053638959,3,-0.1711870966036377,-0.071158473171634,11,0.45454545454545453,0.7244823491351908,-0.0003728654567659726,YNDX,range_v0_baseline,0.00047625232714205306
atr_14_pct,band_pos,4,0.0078066914498141,0.0110365053638959,3,-0.1711870966036377,-0.071158473171634,11,0.45454545454545453,0.7244823491351908,-0.0003728654567659726,YNDX,range_v0_conservative,0.00047625232714205306
atr_14_pct,band_pos,4,0.0078066914498141,0.0110365053638959,3,-0.1711870966036377,-0.071158473171634,11,0.45454545454545453,0.7244823491351908,-0.0003728654567659726,YNDX,range_v2_aggressive,0.00047625232714205306
atr_14_pct,band_pos,4,0.0078066914498141,0.0110365053638959,3,-0.1711870966036377,-0.071158473171634,11,0.45454545454545453,0.7244823491351908,-0.0003728654567659726,YNDX,range_v2_balanced,0.00047625232714205306
atr_14_pct,band_pos,4,0.0078066914498141,0.0110365053638959,3,-0.1711870966036377,-0.071158473171634,11,0.45454545454545453,0.7244823491351908,-0.0003728654567659726,YNDX,range_v2_conservative,0.00047625232714205306
atr_14_pct,band_pos,4,0.0078066914498141,0.0110365053638959,3,-0.1711870966036377,-0.071158473171634,11,0.45454545454545453,0.7244823491351908,-0.0003728654567659726,YNDX,,0.00047625232714205306
atr_14_pct,band_pos,4,0.0078066914498141,0.0110365053638959,4,-0.071158473171634,-0.0056471173799039,5,0.2,0.11414693023378035,-0.00119823773007294,CHMF,range_v0_aggressive,0.00021647833051911504
atr_14_pct,band_pos,4,0.0078066914498141,0.0110365053638959,4,-0.071158473171634,-0.0056471173799039,5,0.2,0.11414693023378035,-0.00119823773007294,CHMF,range_v0_baseline,0.00021647833051911504
atr_14_pct,band_pos,4,0.0078066914498141,0.0110365053638959,4,-0.071158473171634,-0.0056471173799039,5,0.2,0.11414693023378035,-0.00119823773007294,CHMF,range_v0_conservative,0.00021647833051911504
atr_14_pct,band_pos,4,0.0078066914498141,0.0110365053638959,4,-0.071158473171634,-0.0056471173799039,5,0.2,0.11414693023378035,-0.00119823773007294,CHMF,range_v2_aggressive,0.00021647833051911504
atr_14_pct,band_pos,4,0.0078066914498141,0.0110365053638959,4,-0.071158473171634,-0.0056471173799039,5,0.2,0.11414693023378035,-0.00119823773007294,CHMF,range_v2_balanced,0.00021647833051911504
atr_14_pct,band_pos,4,0.0078066914498141,0.0110365053638959,4,-0.071158473171634,-0.0056471173799039,5,0.2,0.11414693023378035,-0.00119823773007294,CHMF,range_v2_conservative,0.00021647833051911504
atr_14_pct,band_pos,4,0.0078066914498141,0.0110365053638959,4,-0.071158473171634,-0.0056471173799039,5,0.2,0.11414693023378035,-0.00119823773007294,CHMF,,0.00021647833051911504
atr_14_pct,band_pos,4,0.0078066914498141,0.0110365053638959,4,-0.071158473171634,-0.0056471173799039,4,0.5,1.6528089728216344,0.0006123117316369498,GAZP,range_v0_aggressive,0.00017318266441529204
atr_14_pct,band_pos,4,0.0078066914498141,0.0110365053638959,4,-0.071158473171634,-0.0056471173799039,4,0.5,1.6528089728216344,0.0006123117316369498,GAZP,range_v0_baseline,0.00017318266441529204
atr_14_pct,band_pos,4,0.0078066914498141,0.0110365053638959,4,-0.071158473171634,-0.0056471173799039,4,0.5,1.6528089728216344,0.0006123117316369498,GAZP,range_v0_conservative,0.00017318266441529204
atr_14_pct,band_pos,4,0.0078066914498141,0.0110365053638959,4,-0.071158473171634,-0.0056471173799039,4,0.5,1.6528089728216344,0.0006123117316369498,GAZP,range_v2_aggressive,0.00017318266441529204
atr_14_pct,band_pos,4,0.0078066914498141,0.0110365053638959,4,-0.071158473171634,-0.0056471173799039,4,0.5,1.6528089728216344,0.0006123117316369498,GAZP,range_v2_balanced,0.00017318266441529204
atr_14_pct,band_pos,4,0.0078066914498141,0.0110365053638959,4,-0.071158473171634,-0.0056471173799039,4,0.5,1.6528089728216344,0.0006123117316369498,GAZP,range_v2_conservative,0.00017318266441529204
atr_14_pct,band_pos,4,0.0078066914498141,0.0110365053638959,4,-0.071158473171634,-0.0056471173799039,4,0.5,1.6528089728216344,0.0006123117316369498,GAZP,,0.00017318266441529204
atr_14_pct,band_pos,4,0.0078066914498141,0.0110365053638959,4,-0.071158473171634,-0.0056471173799039,1,1.0,inf,0.0049929330188679,GMKN,range_v0_aggressive,4.329566610382301e-05
atr_14_pct,band_pos,4,0.0078066914498141,0.0110365053638959,4,-0.071158473171634,-0.0056471173799039,1,1.0,inf,0.0049929330188679,GMKN,range_v0_baseline,4.329566610382301e-05
atr_14_pct,band_pos,4,0.0078066914498141,0.0110365053638959,4,-0.071158473171634,-0.0056471173799039,1,1.0,inf,0.0049929330188679,GMKN,range_v0_conservative,4.329566610382301e-05
atr_14_pct,band_pos,4,0.0078066914498141,0.0110365053638959,4,-0.071158473171634,-0.0056471173799039,1,1.0,inf,0.0049929330188679,GMKN,range_v2_aggressive,4.329566610382301e-05
atr_14_pct,band_pos,4,0.0078066914498141,0.0110365053638959,4,-0.071158473171634,-0.0056471173799039,1,1.0,inf,0.0049929330188679,GMKN,range_v2_balanced,4.329566610382301e-05
atr_14_pct,band_pos,4,0.0078066914498141,0.0110365053638959,4,-0.071158473171634,-0.0056471173799039,1,1.0,inf,0.0049929330188679,GMKN,range_v2_conservative,4.329566610382301e-05
atr_14_pct,band_pos,4,0.0078066914498141,0.0110365053638959,4,-0.071158473171634,-0.0056471173799039,1,1.0,inf,0.0049929330188679,GMKN,,4.329566610382301e-05
atr_14_pct,band_pos,4,0.0078066914498141,0.0110365053638959,4,-0.071158473171634,-0.0056471173799039,2,0.0,0.0,-0.00195231742719935,LKOH,range_v0_aggressive,8.659133220764602e-05
atr_14_pct,band_pos,4,0.0078066914498141,0.0110365053638959,4,-0.071158473171634,-0.0056471173799039,2,0.0,0.0,-0.00195231742719935,LKOH,range_v0_baseline,8.659133220764602e-05
atr_14_pct,band_pos,4,0.0078066914498141,0.0110365053638959,4,-0.071158473171634,-0.0056471173799039,2,0.0,0.0,-0.00195231742719935,LKOH,range_v0_conservative,8.659133220764602e-05
atr_14_pct,band_pos,4,0.0078066914498141,0.0110365053638959,4,-0.071158473171634,-0.0056471173799039,2,0.0,0.0,-0.00195231742719935,LKOH,range_v2_aggressive,8.659133220764602e-05
atr_14_pct,band_pos,4,0.0078066914498141,0.0110365053638959,4,-0.071158473171634,-0.0056471173799039,2,0.0,0.0,-0.00195231742719935,LKOH,range_v2_balanced,8.659133220764602e-05
atr_14_pct,band_pos,4,0.0078066914498141,0.0110365053638959,4,-0.071158473171634,-0.0056471173799039,2,0.0,0.0,-0.00195231742719935,LKOH,range_v2_conservative,8.659133220764602e-05
atr_14_pct,band_pos,4,0.0078066914498141,0.0110365053638959,4,-0.071158473171634,-0.0056471173799039,2,0.0,0.0,-0.00195231742719935,LKOH,,8.659133220764602e-05
atr_14_pct,band_pos,4,0.0078066914498141,0.0110365053638959,4,-0.071158473171634,-0.0056471173799039,4,0.25,0.2752656199803747,-0.001128616107422225,MGNT,range_v0_aggressive,0.00017318266441529204
atr_14_pct,band_pos,4,0.0078066914498141,0.0110365053638959,4,-0.071158473171634,-0.0056471173799039,4,0.25,0.2752656199803747,-0.001128616107422225,MGNT,range_v0_baseline,0.00017318266441529204
atr_14_pct,band_pos,4,0.0078066914498141,0.0110365053638959,4,-0.071158473171634,-0.0056471173799039,4,0.25,0.2752656199803747,-0.001128616107422225,MGNT,range_v0_conservative,0.00017318266441529204
atr_14_pct,band_pos,4,0.0078066914498141,0.0110365053638959,4,-0.071158473171634,-0.0056471173799039,4,0.25,0.2752656199803747,-0.001128616107422225,MGNT,range_v2_aggressive,0.00017318266441529204
atr_14_pct,band_pos,4,0.0078066914498141,0.0110365053638959,4,-0.071158473171634,-0.0056471173799039,4,0.25,0.2752656199803747,-0.001128616107422225,MGNT,range_v2_balanced,0.00017318266441529204
atr_14_pct,band_pos,4,0.0078066914498141,0.0110365053638959,4,-0.071158473171634,-0.0056471173799039,4,0.25,0.2752656199803747,-0.001128616107422225,MGNT,range_v2_conservative,0.00017318266441529204
atr_14_pct,band_pos,4,0.0078066914498141,0.0110365053638959,4,-0.071158473171634,-0.0056471173799039,4,0.25,0.2752656199803747,-0.001128616107422225,MGNT,,0.00017318266441529204
atr_14_pct,band_pos,4,0.0078066914498141,0.0110365053638959,4,-0.071158473171634,-0.0056471173799039,1,0.0,0.0,-0.001717898765432,MTSS,range_v0_aggressive,4.329566610382301e-05
atr_14_pct,band_pos,4,0.0078066914498141,0.0110365053638959,4,-0.071158473171634,-0.0056471173799039,1,0.0,0.0,-0.001717898765432,MTSS,range_v0_baseline,4.329566610382301e-05
atr_14_pct,band_pos,4,0.0078066914498141,0.0110365053638959,4,-0.071158473171634,-0.0056471173799039,1,0.0,0.0,-0.001717898765432,MTSS,range_v0_conservative,4.329566610382301e-05
atr_14_pct,band_pos,4,0.0078066914498141,0.0110365053638959,4,-0.071158473171634,-0.0056471173799039,1,0.0,0.0,-0.001717898765432,MTSS,range_v2_aggressive,4.329566610382301e-05
atr_14_pct,band_pos,4,0.0078066914498141,0.0110365053638959,4,-0.071158473171634,-0.0056471173799039,1,0.0,0.0,-0.001717898765432,MTSS,range_v2_balanced,4.329566610382301e-05
atr_14_pct,band_pos,4,0.0078066914498141,0.0110365053638959,4,-0.071158473171634,-0.0056471173799039,1,0.0,0.0,-0.001717898765432,MTSS,range_v2_conservative,4.329566610382301e-05
atr_14_pct,band_pos,4,0.0078066914498141,0.0110365053638959,4,-0.071158473171634,-0.0056471173799039,1,0.0,0.0,-0.001717898765432,MTSS,,4.329566610382301e-05
atr_14_pct,band_pos,4,0.0078066914498141,0.0110365053638959,4,-0.071158473171634,-0.0056471173799039,4,0.5,1.0151586200756884,1.3947505754275096e-05,NLMK,range_v0_aggressive,0.00017318266441529204
atr_14_pct,band_pos,4,0.0078066914498141,0.0110365053638959,4,-0.071158473171634,-0.0056471173799039,4,0.5,1.0151586200756884,1.3947505754275096e-05,NLMK,range_v0_baseline,0.00017318266441529204
atr_14_pct,band_pos,4,0.0078066914498141,0.0110365053638959,4,-0.071158473171634,-0.0056471173799039,4,0.5,1.0151586200756884,1.3947505754275096e-05,NLMK,range_v0_conservative,0.00017318266441529204
atr_14_pct,band_pos,4,0.0078066914498141,0.0110365053638959,4,-0.071158473171634,-0.0056471173799039,4,0.5,1.0151586200756884,1.3947505754275096e-05,NLMK,range_v2_aggressive,0.00017318266441529204
atr_14_pct,band_pos,4,0.0078066914498141,0.0110365053638959,4,-0.071158473171634,-0.0056471173799039,4,0.5,1.0151586200756884,1.3947505754275096e-05,NLMK,range_v2_balanced,0.00017318266441529204
atr_14_pct,band_pos,4,0.0078066914498141,0.0110365053638959,4,-0.071158473171634,-0.0056471173799039,4,0.5,1.0151586200756884,1.3947505754275096e-05,NLMK,range_v2_conservative,0.00017318266441529204
atr_14_pct,band_pos,4,0.0078066914498141,0.0110365053638959,4,-0.071158473171634,-0.0056471173799039,4,0.5,1.0151586200756884,1.3947505754275096e-05,NLMK,,0.00017318266441529204
atr_14_pct,band_pos,4,0.0078066914498141,0.0110365053638959,4,-0.071158473171634,-0.0056471173799039,9,0.5555555555555556,1.21401737790751,0.00019657649221548884,NVTK,range_v0_aggressive,0.00038966099493440706
atr_14_pct,band_pos,4,0.0078066914498141,0.0110365053638959,4,-0.071158473171634,-0.0056471173799039,9,0.5555555555555556,1.21401737790751,0.00019657649221548884,NVTK,range_v0_baseline,0.00038966099493440706
atr_14_pct,band_pos,4,0.0078066914498141,0.0110365053638959,4,-0.071158473171634,-0.0056471173799039,9,0.5555555555555556,1.21401737790751,0.00019657649221548884,NVTK,range_v0_conservative,0.00038966099493440706
atr_14_pct,band_pos,4,0.0078066914498141,0.0110365053638959,4,-0.071158473171634,-0.0056471173799039,9,0.5555555555555556,1.21401737790751,0.00019657649221548884,NVTK,range_v2_aggressive,0.00038966099493440706
atr_14_pct,band_pos,4,0.0078066914498141,0.0110365053638959,4,-0.071158473171634,-0.0056471173799039,9,0.5555555555555556,1.21401737790751,0.00019657649221548884,NVTK,range_v2_balanced,0.00038966099493440706
atr_14_pct,band_pos,4,0.0078066914498141,0.0110365053638959,4,-0.071158473171634,-0.0056471173799039,9,0.5555555555555556,1.21401737790751,0.00019657649221548884,NVTK,range_v2_conservative,0.00038966099493440706
atr_14_pct,band_pos,4,0.0078066914498141,0.0110365053638959,4,-0.071158473171634,-0.0056471173799039,9,0.5555555555555556,1.21401737790751,0.00019657649221548884,NVTK,,0.00038966099493440706
atr_14_pct,band_pos,4,0.0078066914498141,0.0110365053638959,4,-0.071158473171634,-0.0056471173799039,4,0.5,1.5793404701478888,0.0006862807535418002,OZON,range_v0_aggressive,0.00017318266441529204
atr_14_pct,band_pos,4,0.0078066914498141,0.0110365053638959,4,-0.071158473171634,-0.0056471173799039,4,0.5,1.5793404701478888,0.0006862807535418002,OZON,range_v0_baseline,0.00017318266441529204
atr_14_pct,band_pos,4,0.0078066914498141,0.0110365053638959,4,-0.071158473171634,-0.0056471173799039,4,0.5,1.5793404701478888,0.0006862807535418002,OZON,range_v0_conservative,0.00017318266441529204
atr_14_pct,band_pos,4,0.0078066914498141,0.0110365053638959,4,-0.071158473171634,-0.0056471173799039,4,0.5,1.5793404701478888,0.0006862807535418002,OZON,range_v2_aggressive,0.00017318266441529204
atr_14_pct,band_pos,4,0.0078066914498141,0.0110365053638959,4,-0.071158473171634,-0.0056471173799039,4,0.5,1.5793404701478888,0.0006862807535418002,OZON,range_v2_balanced,0.00017318266441529204
atr_14_pct,band_pos,4,0.0078066914498141,0.0110365053638959,4,-0.071158473171634,-0.0056471173799039,4,0.5,1.5793404701478888,0.0006862807535418002,OZON,range_v2_conservative,0.00017318266441529204
atr_14_pct,band_pos,4,0.0078066914498141,0.0110365053638959,4,-0.071158473171634,-0.0056471173799039,4,0.5,1.5793404701478888,0.0006862807535418002,OZON,,0.00017318266441529204
atr_14_pct,band_pos,4,0.0078066914498141,0.0110365053638959,4,-0.071158473171634,-0.0056471173799039,7,0.5714285714285714,1.8086301570380536,0.0005597980461579716,PIKK,range_v0_aggressive,0.00030306966272676105
atr_14_pct,band_pos,4,0.0078066914498141,0.0110365053638959,4,-0.071158473171634,-0.0056471173799039,7,0.5714285714285714,1.8086301570380536,0.0005597980461579716,PIKK,range_v0_baseline,0.00030306966272676105
atr_14_pct,band_pos,4,0.0078066914498141,0.0110365053638959,4,-0.071158473171634,-0.0056471173799039,7,0.5714285714285714,1.8086301570380536,0.0005597980461579716,PIKK,range_v0_conservative,0.00030306966272676105
atr_14_pct,band_pos,4,0.0078066914498141,0.0110365053638959,4,-0.071158473171634,-0.0056471173799039,7,0.5714285714285714,1.8086301570380536,0.0005597980461579716,PIKK,range_v2_aggressive,0.00030306966272676105
atr_14_pct,band_pos,4,0.0078066914498141,0.0110365053638959,4,-0.071158473171634,-0.0056471173799039,7,0.5714285714285714,1.8086301570380536,0.0005597980461579716,PIKK,range_v2_balanced,0.00030306966272676105
atr_14_pct,band_pos,4,0.0078066914498141,0.0110365053638959,4,-0.071158473171634,-0.0056471173799039,7,0.5714285714285714,1.8086301570380536,0.0005597980461579716,PIKK,range_v2_conservative,0.00030306966272676105
atr_14_pct,band_pos,4,0.0078066914498141,0.0110365053638959,4,-0.071158473171634,-0.0056471173799039,7,0.5714285714285714,1.8086301570380536,0.0005597980461579716,PIKK,,0.00030306966272676105
atr_14_pct,band_pos,4,0.0078066914498141,0.0110365053638959,4,-0.071158473171634,-0.0056471173799039,7,0.2857142857142857,0.6097101437114806,-0.0005107465109904143,PLZL,range_v0_aggressive,0.00030306966272676105
atr_14_pct,band_pos,4,0.0078066914498141,0.0110365053638959,4,-0.071158473171634,-0.0056471173799039,7,0.2857142857142857,0.6097101437114806,-0.0005107465109904143,PLZL,range_v0_baseline,0.00030306966272676105
atr_14_pct,band_pos,4,0.0078066914498141,0.0110365053638959,4,-0.071158473171634,-0.0056471173799039,7,0.2857142857142857,0.6097101437114806,-0.0005107465109904143,PLZL,range_v0_conservative,0.00030306966272676105
atr_14_pct,band_pos,4,0.0078066914498141,0.0110365053638959,4,-0.071158473171634,-0.0056471173799039,7,0.2857142857142857,0.6097101437114806,-0.0005107465109904143,PLZL,range_v2_aggressive,0.00030306966272676105
atr_14_pct,band_pos,4,0.0078066914498141,0.0110365053638959,4,-0.071158473171634,-0.0056471173799039,7,0.2857142857142857,0.6097101437114806,-0.0005107465109904143,PLZL,range_v2_balanced,0.00030306966272676105
atr_14_pct,band_pos,4,0.0078066914498141,0.0110365053638959,4,-0.071158473171634,-0.0056471173799039,7,0.2857142857142857,0.6097101437114806,-0.0005107465109904143,PLZL,range_v2_conservative,0.00030306966272676105
atr_14_pct,band_pos,4,0.0078066914498141,0.0110365053638959,4,-0.071158473171634,-0.0056471173799039,7,0.2857142857142857,0.6097101437114806,-0.0005107465109904143,PLZL,,0.00030306966272676105
atr_14_pct,band_pos,4,0.0078066914498141,0.0110365053638959,4,-0.071158473171634,-0.0056471173799039,3,0.3333333333333333,0.34946786960329873,-0.0010050963601611,ROSN,range_v0_aggressive,0.000129886998311469
atr_14_pct,band_pos,4,0.0078066914498141,0.0110365053638959,4,-0.071158473171634,-0.0056471173799039,3,0.3333333333333333,0.34946786960329873,-0.0010050963601611,ROSN,range_v0_baseline,0.000129886998311469
atr_14_pct,band_pos,4,0.0078066914498141,0.0110365053638959,4,-0.071158473171634,-0.0056471173799039,3,0.3333333333333333,0.34946786960329873,-0.0010050963601611,ROSN,range_v0_conservative,0.000129886998311469
atr_14_pct,band_pos,4,0.0078066914498141,0.0110365053638959,4,-0.071158473171634,-0.0056471173799039,3,0.3333333333333333,0.34946786960329873,-0.0010050963601611,ROSN,range_v2_aggressive,0.000129886998311469
atr_14_pct,band_pos,4,0.0078066914498141,0.0110365053638959,4,-0.071158473171634,-0.0056471173799039,3,0.3333333333333333,0.34946786960329873,-0.0010050963601611,ROSN,range_v2_balanced,0.000129886998311469
atr_14_pct,band_pos,4,0.0078066914498141,0.0110365053638959,4,-0.071158473171634,-0.0056471173799039,3,0.3333333333333333,0.34946786960329873,-0.0010050963601611,ROSN,range_v2_conservative,0.000129886998311469
atr_14_pct,band_pos,4,0.0078066914498141,0.0110365053638959,4,-0.071158473171634,-0.0056471173799039,3,0.3333333333333333,0.34946786960329873,-0.0010050963601611,ROSN,,0.000129886998311469
atr_14_pct,band_pos,4,0.0078066914498141,0.0110365053638959,4,-0.071158473171634,-0.0056471173799039,5,0.2,0.1795248050889494,-0.00142602509550726,SBER,range_v0_aggressive,0.00021647833051911504
atr_14_pct,band_pos,4,0.0078066914498141,0.0110365053638959,4,-0.071158473171634,-0.0056471173799039,5,0.2,0.1795248050889494,-0.00142602509550726,SBER,range_v0_baseline,0.00021647833051911504
atr_14_pct,band_pos,4,0.0078066914498141,0.0110365053638959,4,-0.071158473171634,-0.0056471173799039,5,0.2,0.1795248050889494,-0.00142602509550726,SBER,range_v0_conservative,0.00021647833051911504
atr_14_pct,band_pos,4,0.0078066914498141,0.0110365053638959,4,-0.071158473171634,-0.0056471173799039,12,0.5,0.4300119881335831,-0.0005882098541551501,SBER,range_v2_aggressive,0.000519547993245876
atr_14_pct,band_pos,4,0.0078066914498141,0.0110365053638959,4,-0.071158473171634,-0.0056471173799039,5,0.2,0.1795248050889494,-0.00142602509550726,SBER,range_v2_balanced,0.00021647833051911504
atr_14_pct,band_pos,4,0.0078066914498141,0.0110365053638959,4,-0.071158473171634,-0.0056471173799039,5,0.2,0.1795248050889494,-0.00142602509550726,SBER,range_v2_conservative,0.00021647833051911504
atr_14_pct,band_pos,4,0.0078066914498141,0.0110365053638959,4,-0.071158473171634,-0.0056471173799039,10,0.2,0.1795248050889494,-0.00142602509550726,SBER,,0.0004329566610382301
atr_14_pct,band_pos,4,0.0078066914498141,0.0110365053638959,4,-0.071158473171634,-0.0056471173799039,7,0.42857142857142855,0.5665840153581448,-0.0005107876842295714,SNGS,range_v0_aggressive,0.00030306966272676105
atr_14_pct,band_pos,4,0.0078066914498141,0.0110365053638959,4,-0.071158473171634,-0.0056471173799039,7,0.42857142857142855,0.5665840153581448,-0.0005107876842295714,SNGS,range_v0_baseline,0.00030306966272676105
atr_14_pct,band_pos,4,0.0078066914498141,0.0110365053638959,4,-0.071158473171634,-0.0056471173799039,7,0.42857142857142855,0.5665840153581448,-0.0005107876842295714,SNGS,range_v0_conservative,0.00030306966272676105
atr_14_pct,band_pos,4,0.0078066914498141,0.0110365053638959,4,-0.071158473171634,-0.0056471173799039,7,0.42857142857142855,0.5665840153581448,-0.0005107876842295714,SNGS,range_v2_aggressive,0.00030306966272676105
atr_14_pct,band_pos,4,0.0078066914498141,0.0110365053638959,4,-0.071158473171634,-0.0056471173799039,7,0.42857142857142855,0.5665840153581448,-0.0005107876842295714,SNGS,range_v2_balanced,0.00030306966272676105
atr_14_pct,band_pos,4,0.0078066914498141,0.0110365053638959,4,-0.071158473171634,-0.0056471173799039,7,0.42857142857142855,0.5665840153581448,-0.0005107876842295714,SNGS,range_v2_conservative,0.00030306966272676105
atr_14_pct,band_pos,4,0.0078066914498141,0.0110365053638959,4,-0.071158473171634,-0.0056471173799039,7,0.42857142857142855,0.5665840153581448,-0.0005107876842295714,SNGS,,0.00030306966272676105
atr_14_pct,band_pos,4,0.0078066914498141,0.0110365053638959,4,-0.071158473171634,-0.0056471173799039,5,0.8,4.803316562435476,0.0013133068392453002,TATN,range_v0_aggressive,0.00021647833051911504
atr_14_pct,band_pos,4,0.0078066914498141,0.0110365053638959,4,-0.071158473171634,-0.0056471173799039,5,0.8,4.803316562435476,0.0013133068392453002,TATN,range_v0_baseline,0.00021647833051911504
atr_14_pct,band_pos,4,0.0078066914498141,0.0110365053638959,4,-0.071158473171634,-0.0056471173799039,5,0.8,4.803316562435476,0.0013133068392453002,TATN,range_v0_conservative,0.00021647833051911504
atr_14_pct,band_pos,4,0.0078066914498141,0.0110365053638959,4,-0.071158473171634,-0.0056471173799039,5,0.8,4.803316562435476,0.0013133068392453002,TATN,range_v2_aggressive,0.00021647833051911504
atr_14_pct,band_pos,4,0.0078066914498141,0.0110365053638959,4,-0.071158473171634,-0.0056471173799039,5,0.8,4.803316562435476,0.0013133068392453002,TATN,range_v2_balanced,0.00021647833051911504
atr_14_pct,band_pos,4,0.0078066914498141,0.0110365053638959,4,-0.071158473171634,-0.0056471173799039,5,0.8,4.803316562435476,0.0013133068392453002,TATN,range_v2_conservative,0.00021647833051911504
atr_14_pct,band_pos,4,0.0078066914498141,0.0110365053638959,4,-0.071158473171634,-0.0056471173799039,5,0.8,4.803316562435476,0.0013133068392453002,TATN,,0.00021647833051911504
atr_14_pct,band_pos,4,0.0078066914498141,0.0110365053638959,4,-0.071158473171634,-0.0056471173799039,6,0.16666666666666666,0.2077254188396595,-0.0014542391577209999,VKCO,range_v0_aggressive,0.000259773996622938
atr_14_pct,band_pos,4,0.0078066914498141,0.0110365053638959,4,-0.071158473171634,-0.0056471173799039,6,0.16666666666666666,0.2077254188396595,-0.0014542391577209999,VKCO,range_v0_baseline,0.000259773996622938
atr_14_pct,band_pos,4,0.0078066914498141,0.0110365053638959,4,-0.071158473171634,-0.0056471173799039,6,0.16666666666666666,0.2077254188396595,-0.0014542391577209999,VKCO,range_v0_conservative,0.000259773996622938
atr_14_pct,band_pos,4,0.0078066914498141,0.0110365053638959,4,-0.071158473171634,-0.0056471173799039,6,0.16666666666666666,0.2077254188396595,-0.0014542391577209999,VKCO,range_v2_aggressive,0.000259773996622938
atr_14_pct,band_pos,4,0.0078066914498141,0.0110365053638959,4,-0.071158473171634,-0.0056471173799039,6,0.16666666666666666,0.2077254188396595,-0.0014542391577209999,VKCO,range_v2_balanced,0.000259773996622938
atr_14_pct,band_pos,4,0.0078066914498141,0.0110365053638959,4,-0.071158473171634,-0.0056471173799039,6,0.16666666666666666,0.2077254188396595,-0.0014542391577209999,VKCO,range_v2_conservative,0.000259773996622938
atr_14_pct,band_pos,4,0.0078066914498141,0.0110365053638959,4,-0.071158473171634,-0.0056471173799039,6,0.16666666666666666,0.2077254188396595,-0.0014542391577209999,VKCO,,0.000259773996622938
atr_14_pct,band_pos,4,0.0078066914498141,0.0110365053638959,4,-0.071158473171634,-0.0056471173799039,2,0.0,0.0,-0.0015941595036711648,YNDX,range_v0_aggressive,8.659133220764602e-05
atr_14_pct,band_pos,4,0.0078066914498141,0.0110365053638959,4,-0.071158473171634,-0.0056471173799039,2,0.0,0.0,-0.0015941595036711648,YNDX,range_v0_baseline,8.659133220764602e-05
atr_14_pct,band_pos,4,0.0078066914498141,0.0110365053638959,4,-0.071158473171634,-0.0056471173799039,2,0.0,0.0,-0.0015941595036711648,YNDX,range_v0_conservative,8.659133220764602e-05
atr_14_pct,band_pos,4,0.0078066914498141,0.0110365053638959,4,-0.071158473171634,-0.0056471173799039,2,0.0,0.0,-0.0015941595036711648,YNDX,range_v2_aggressive,8.659133220764602e-05
atr_14_pct,band_pos,4,0.0078066914498141,0.0110365053638959,4,-0.071158473171634,-0.0056471173799039,2,0.0,0.0,-0.0015941595036711648,YNDX,range_v2_balanced,8.659133220764602e-05
atr_14_pct,band_pos,4,0.0078066914498141,0.0110365053638959,4,-0.071158473171634,-0.0056471173799039,2,0.0,0.0,-0.0015941595036711648,YNDX,range_v2_conservative,8.659133220764602e-05
atr_14_pct,band_pos,4,0.0078066914498141,0.0110365053638959,4,-0.071158473171634,-0.0056471173799039,2,0.0,0.0,-0.0015941595036711648,YNDX,,8.659133220764602e-05
atr_14_pct,band_pos,4,0.0078066914498141,0.0110365053638959,5,-0.0056471173799039,0.4996513928999424,6,0.3333333333333333,0.5916044316728905,-0.00041223335583475,CHMF,range_v0_aggressive,0.000259773996622938
atr_14_pct,band_pos,4,0.0078066914498141,0.0110365053638959,5,-0.0056471173799039,0.4996513928999424,6,0.3333333333333333,0.5916044316728905,-0.00041223335583475,CHMF,range_v0_baseline,0.000259773996622938
atr_14_pct,band_pos,4,0.0078066914498141,0.0110365053638959,5,-0.0056471173799039,0.4996513928999424,6,0.3333333333333333,0.5916044316728905,-0.00041223335583475,CHMF,range_v0_conservative,0.000259773996622938
atr_14_pct,band_pos,4,0.0078066914498141,0.0110365053638959,5,-0.0056471173799039,0.4996513928999424,6,0.3333333333333333,0.5916044316728905,-0.00041223335583475,CHMF,range_v2_aggressive,0.000259773996622938
atr_14_pct,band_pos,4,0.0078066914498141,0.0110365053638959,5,-0.0056471173799039,0.4996513928999424,6,0.3333333333333333,0.5916044316728905,-0.00041223335583475,CHMF,range_v2_balanced,0.000259773996622938
atr_14_pct,band_pos,4,0.0078066914498141,0.0110365053638959,5,-0.0056471173799039,0.4996513928999424,6,0.3333333333333333,0.5916044316728905,-0.00041223335583475,CHMF,range_v2_conservative,0.000259773996622938
atr_14_pct,band_pos,4,0.0078066914498141,0.0110365053638959,5,-0.0056471173799039,0.4996513928999424,6,0.3333333333333333,0.5916044316728905,-0.00041223335583475,CHMF,,0.000259773996622938
atr_14_pct,band_pos,4,0.0078066914498141,0.0110365053638959,5,-0.0056471173799039,0.4996513928999424,6,0.3333333333333333,0.3401677101686629,-0.0009144326037537833,GAZP,range_v0_aggressive,0.000259773996622938
atr_14_pct,band_pos,4,0.0078066914498141,0.0110365053638959,5,-0.0056471173799039,0.4996513928999424,6,0.3333333333333333,0.3401677101686629,-0.0009144326037537833,GAZP,range_v0_baseline,0.000259773996622938
atr_14_pct,band_pos,4,0.0078066914498141,0.0110365053638959,5,-0.0056471173799039,0.4996513928999424,6,0.3333333333333333,0.3401677101686629,-0.0009144326037537833,GAZP,range_v0_conservative,0.000259773996622938
atr_14_pct,band_pos,4,0.0078066914498141,0.0110365053638959,5,-0.0056471173799039,0.4996513928999424,6,0.3333333333333333,0.3401677101686629,-0.0009144326037537833,GAZP,range_v2_aggressive,0.000259773996622938
atr_14_pct,band_pos,4,0.0078066914498141,0.0110365053638959,5,-0.0056471173799039,0.4996513928999424,6,0.3333333333333333,0.3401677101686629,-0.0009144326037537833,GAZP,range_v2_balanced,0.000259773996622938
atr_14_pct,band_pos,4,0.0078066914498141,0.0110365053638959,5,-0.0056471173799039,0.4996513928999424,6,0.3333333333333333,0.3401677101686629,-0.0009144326037537833,GAZP,range_v2_conservative,0.000259773996622938
atr_14_pct,band_pos,4,0.0078066914498141,0.0110365053638959,5,-0.0056471173799039,0.4996513928999424,6,0.3333333333333333,0.3401677101686629,-0.0009144326037537833,GAZP,,0.000259773996622938
atr_14_pct,band_pos,4,0.0078066914498141,0.0110365053638959,5,-0.0056471173799039,0.4996513928999424,1,0.0,0.0,-0.0007721,GMKN,range_v0_aggressive,4.329566610382301e-05
atr_14_pct,band_pos,4,0.0078066914498141,0.0110365053638959,5,-0.0056471173799039,0.4996513928999424,1,0.0,0.0,-0.0007721,GMKN,range_v0_baseline,4.329566610382301e-05
atr_14_pct,band_pos,4,0.0078066914498141,0.0110365053638959,5,-0.0056471173799039,0.4996513928999424,1,0.0,0.0,-0.0007721,GMKN,range_v0_conservative,4.329566610382301e-05
atr_14_pct,band_pos,4,0.0078066914498141,0.0110365053638959,5,-0.0056471173799039,0.4996513928999424,1,0.0,0.0,-0.0007721,GMKN,range_v2_aggressive,4.329566610382301e-05
atr_14_pct,band_pos,4,0.0078066914498141,0.0110365053638959,5,-0.0056471173799039,0.4996513928999424,1,0.0,0.0,-0.0007721,GMKN,range_v2_balanced,4.329566610382301e-05
atr_14_pct,band_pos,4,0.0078066914498141,0.0110365053638959,5,-0.0056471173799039,0.4996513928999424,1,0.0,0.0,-0.0007721,GMKN,range_v2_conservative,4.329566610382301e-05
atr_14_pct,band_pos,4,0.0078066914498141,0.0110365053638959,5,-0.0056471173799039,0.4996513928999424,1,0.0,0.0,-0.0007721,GMKN,,4.329566610382301e-05
atr_14_pct,band_pos,4,0.0078066914498141,0.0110365053638959,5,-0.0056471173799039,0.4996513928999424,2,0.5,0.21789683030268558,-0.0007748536941899499,LKOH,range_v0_aggressive,8.659133220764602e-05
atr_14_pct,band_pos,4,0.0078066914498141,0.0110365053638959,5,-0.0056471173799039,0.4996513928999424,2,0.5,0.21789683030268558,-0.0007748536941899499,LKOH,range_v0_baseline,8.659133220764602e-05
atr_14_pct,band_pos,4,0.0078066914498141,0.0110365053638959,5,-0.0056471173799039,0.4996513928999424,2,0.5,0.21789683030268558,-0.0007748536941899499,LKOH,range_v0_conservative,8.659133220764602e-05
atr_14_pct,band_pos,4,0.0078066914498141,0.0110365053638959,5,-0.0056471173799039,0.4996513928999424,2,0.5,0.21789683030268558,-0.0007748536941899499,LKOH,range_v2_aggressive,8.659133220764602e-05
atr_14_pct,band_pos,4,0.0078066914498141,0.0110365053638959,5,-0.0056471173799039,0.4996513928999424,2,0.5,0.21789683030268558,-0.0007748536941899499,LKOH,range_v2_balanced,8.659133220764602e-05
atr_14_pct,band_pos,4,0.0078066914498141,0.0110365053638959,5,-0.0056471173799039,0.4996513928999424,2,0.5,0.21789683030268558,-0.0007748536941899499,LKOH,range_v2_conservative,8.659133220764602e-05
atr_14_pct,band_pos,4,0.0078066914498141,0.0110365053638959,5,-0.0056471173799039,0.4996513928999424,2,0.5,0.21789683030268558,-0.0007748536941899499,LKOH,,8.659133220764602e-05
atr_14_pct,band_pos,4,0.0078066914498141,0.0110365053638959,5,-0.0056471173799039,0.4996513928999424,3,0.6666666666666666,1.6135667775800195,0.0004609265404021667,MGNT,range_v0_aggressive,0.000129886998311469
atr_14_pct,band_pos,4,0.0078066914498141,0.0110365053638959,5,-0.0056471173799039,0.4996513928999424,3,0.6666666666666666,1.6135667775800195,0.0004609265404021667,MGNT,range_v0_baseline,0.000129886998311469
atr_14_pct,band_pos,4,0.0078066914498141,0.0110365053638959,5,-0.0056471173799039,0.4996513928999424,3,0.6666666666666666,1.6135667775800195,0.0004609265404021667,MGNT,range_v0_conservative,0.000129886998311469
atr_14_pct,band_pos,4,0.0078066914498141,0.0110365053638959,5,-0.0056471173799039,0.4996513928999424,3,0.6666666666666666,1.6135667775800195,0.0004609265404021667,MGNT,range_v2_aggressive,0.000129886998311469
atr_14_pct,band_pos,4,0.0078066914498141,0.0110365053638959,5,-0.0056471173799039,0.4996513928999424,3,0.6666666666666666,1.6135667775800195,0.0004609265404021667,MGNT,range_v2_balanced,0.000129886998311469
atr_14_pct,band_pos,4,0.0078066914498141,0.0110365053638959,5,-0.0056471173799039,0.4996513928999424,3,0.6666666666666666,1.6135667775800195,0.0004609265404021667,MGNT,range_v2_conservative,0.000129886998311469
atr_14_pct,band_pos,4,0.0078066914498141,0.0110365053638959,5,-0.0056471173799039,0.4996513928999424,3,0.6666666666666666,1.6135667775800195,0.0004609265404021667,MGNT,,0.000129886998311469
atr_14_pct,band_pos,4,0.0078066914498141,0.0110365053638959,5,-0.0056471173799039,0.4996513928999424,2,0.0,0.0,-0.001435050995574,MTSS,range_v0_aggressive,8.659133220764602e-05
atr_14_pct,band_pos,4,0.0078066914498141,0.0110365053638959,5,-0.0056471173799039,0.4996513928999424,2,0.0,0.0,-0.001435050995574,MTSS,range_v0_baseline,8.659133220764602e-05
atr_14_pct,band_pos,4,0.0078066914498141,0.0110365053638959,5,-0.0056471173799039,0.4996513928999424,2,0.0,0.0,-0.001435050995574,MTSS,range_v0_conservative,8.659133220764602e-05
atr_14_pct,band_pos,4,0.0078066914498141,0.0110365053638959,5,-0.0056471173799039,0.4996513928999424,2,0.0,0.0,-0.001435050995574,MTSS,range_v2_aggressive,8.659133220764602e-05
atr_14_pct,band_pos,4,0.0078066914498141,0.0110365053638959,5,-0.0056471173799039,0.4996513928999424,2,0.0,0.0,-0.001435050995574,MTSS,range_v2_balanced,8.659133220764602e-05
atr_14_pct,band_pos,4,0.0078066914498141,0.0110365053638959,5,-0.0056471173799039,0.4996513928999424,2,0.0,0.0,-0.001435050995574,MTSS,range_v2_conservative,8.659133220764602e-05
atr_14_pct,band_pos,4,0.0078066914498141,0.0110365053638959,5,-0.0056471173799039,0.4996513928999424,2,0.0,0.0,-0.001435050995574,MTSS,,8.659133220764602e-05
atr_14_pct,band_pos,4,0.0078066914498141,0.0110365053638959,5,-0.0056471173799039,0.4996513928999424,1,1.0,inf,0.0011698199270959,NLMK,range_v0_aggressive,4.329566610382301e-05
atr_14_pct,band_pos,4,0.0078066914498141,0.0110365053638959,5,-0.0056471173799039,0.4996513928999424,1,1.0,inf,0.0011698199270959,NLMK,range_v0_baseline,4.329566610382301e-05
atr_14_pct,band_pos,4,0.0078066914498141,0.0110365053638959,5,-0.0056471173799039,0.4996513928999424,1,1.0,inf,0.0011698199270959,NLMK,range_v0_conservative,4.329566610382301e-05
atr_14_pct,band_pos,4,0.0078066914498141,0.0110365053638959,5,-0.0056471173799039,0.4996513928999424,1,1.0,inf,0.0011698199270959,NLMK,range_v2_aggressive,4.329566610382301e-05
atr_14_pct,band_pos,4,0.0078066914498141,0.0110365053638959,5,-0.0056471173799039,0.4996513928999424,1,1.0,inf,0.0011698199270959,NLMK,range_v2_balanced,4.329566610382301e-05
atr_14_pct,band_pos,4,0.0078066914498141,0.0110365053638959,5,-0.0056471173799039,0.4996513928999424,1,1.0,inf,0.0011698199270959,NLMK,range_v2_conservative,4.329566610382301e-05
atr_14_pct,band_pos,4,0.0078066914498141,0.0110365053638959,5,-0.0056471173799039,0.4996513928999424,1,1.0,inf,0.0011698199270959,NLMK,,4.329566610382301e-05
atr_14_pct,band_pos,4,0.0078066914498141,0.0110365053638959,5,-0.0056471173799039,0.4996513928999424,2,0.5,3.9843682364312114,0.00119156791427365,OZON,range_v0_aggressive,8.659133220764602e-05
atr_14_pct,band_pos,4,0.0078066914498141,0.0110365053638959,5,-0.0056471173799039,0.4996513928999424,2,0.5,3.9843682364312114,0.00119156791427365,OZON,range_v0_baseline,8.659133220764602e-05
atr_14_pct,band_pos,4,0.0078066914498141,0.0110365053638959,5,-0.0056471173799039,0.4996513928999424,2,0.5,3.9843682364312114,0.00119156791427365,OZON,range_v0_conservative,8.659133220764602e-05
atr_14_pct,band_pos,4,0.0078066914498141,0.0110365053638959,5,-0.0056471173799039,0.4996513928999424,2,0.5,3.9843682364312114,0.00119156791427365,OZON,range_v2_aggressive,8.659133220764602e-05
atr_14_pct,band_pos,4,0.0078066914498141,0.0110365053638959,5,-0.0056471173799039,0.4996513928999424,2,0.5,3.9843682364312114,0.00119156791427365,OZON,range_v2_balanced,8.659133220764602e-05
atr_14_pct,band_pos,4,0.0078066914498141,0.0110365053638959,5,-0.0056471173799039,0.4996513928999424,2,0.5,3.9843682364312114,0.00119156791427365,OZON,range_v2_conservative,8.659133220764602e-05
atr_14_pct,band_pos,4,0.0078066914498141,0.0110365053638959,5,-0.0056471173799039,0.4996513928999424,2,0.5,3.9843682364312114,0.00119156791427365,OZON,,8.659133220764602e-05
atr_14_pct,band_pos,4,0.0078066914498141,0.0110365053638959,5,-0.0056471173799039,0.4996513928999424,5,0.6,0.7902709249628078,-0.0005027582521929198,PIKK,range_v0_aggressive,0.00021647833051911504
atr_14_pct,band_pos,4,0.0078066914498141,0.0110365053638959,5,-0.0056471173799039,0.4996513928999424,5,0.6,0.7902709249628078,-0.0005027582521929198,PIKK,range_v0_baseline,0.00021647833051911504
atr_14_pct,band_pos,4,0.0078066914498141,0.0110365053638959,5,-0.0056471173799039,0.4996513928999424,5,0.6,0.7902709249628078,-0.0005027582521929198,PIKK,range_v0_conservative,0.00021647833051911504
atr_14_pct,band_pos,4,0.0078066914498141,0.0110365053638959,5,-0.0056471173799039,0.4996513928999424,5,0.6,0.7902709249628078,-0.0005027582521929198,PIKK,range_v2_aggressive,0.00021647833051911504
atr_14_pct,band_pos,4,0.0078066914498141,0.0110365053638959,5,-0.0056471173799039,0.4996513928999424,5,0.6,0.7902709249628078,-0.0005027582521929198,PIKK,range_v2_balanced,0.00021647833051911504
atr_14_pct,band_pos,4,0.0078066914498141,0.0110365053638959,5,-0.0056471173799039,0.4996513928999424,5,0.6,0.7902709249628078,-0.0005027582521929198,PIKK,range_v2_conservative,0.00021647833051911504
atr_14_pct,band_pos,4,0.0078066914498141,0.0110365053638959,5,-0.0056471173799039,0.4996513928999424,5,0.6,0.7902709249628078,-0.0005027582521929198,PIKK,,0.00021647833051911504
atr_14_pct,band_pos,4,0.0078066914498141,0.0110365053638959,5,-0.0056471173799039,0.4996513928999424,10,0.3,0.27290905317393227,-0.00118567203019402,PLZL,range_v0_aggressive,0.0004329566610382301
atr_14_pct,band_pos,4,0.0078066914498141,0.0110365053638959,5,-0.0056471173799039,0.4996513928999424,10,0.3,0.27290905317393227,-0.00118567203019402,PLZL,range_v0_baseline,0.0004329566610382301
atr_14_pct,band_pos,4,0.0078066914498141,0.0110365053638959,5,-0.0056471173799039,0.4996513928999424,10,0.3,0.27290905317393227,-0.00118567203019402,PLZL,range_v0_conservative,0.0004329566610382301
atr_14_pct,band_pos,4,0.0078066914498141,0.0110365053638959,5,-0.0056471173799039,0.4996513928999424,10,0.3,0.27290905317393227,-0.00118567203019402,PLZL,range_v2_aggressive,0.0004329566610382301
atr_14_pct,band_pos,4,0.0078066914498141,0.0110365053638959,5,-0.0056471173799039,0.4996513928999424,10,0.3,0.27290905317393227,-0.00118567203019402,PLZL,range_v2_balanced,0.0004329566610382301
atr_14_pct,band_pos,4,0.0078066914498141,0.0110365053638959,5,-0.0056471173799039,0.4996513928999424,10,0.3,0.27290905317393227,-0.00118567203019402,PLZL,range_v2_conservative,0.0004329566610382301
atr_14_pct,band_pos,4,0.0078066914498141,0.0110365053638959,5,-0.0056471173799039,0.4996513928999424,10,0.3,0.27290905317393227,-0.00118567203019402,PLZL,,0.0004329566610382301
atr_14_pct,band_pos,4,0.0078066914498141,0.0110365053638959,5,-0.0056471173799039,0.4996513928999424,2,0.0,0.0,-0.00218603434063605,ROSN,range_v0_aggressive,8.659133220764602e-05
atr_14_pct,band_pos,4,0.0078066914498141,0.0110365053638959,5,-0.0056471173799039,0.4996513928999424,2,0.0,0.0,-0.00218603434063605,ROSN,range_v0_baseline,8.659133220764602e-05
atr_14_pct,band_pos,4,0.0078066914498141,0.0110365053638959,5,-0.0056471173799039,0.4996513928999424,2,0.0,0.0,-0.00218603434063605,ROSN,range_v0_conservative,8.659133220764602e-05
atr_14_pct,band_pos,4,0.0078066914498141,0.0110365053638959,5,-0.0056471173799039,0.4996513928999424,2,0.0,0.0,-0.00218603434063605,ROSN,range_v2_aggressive,8.659133220764602e-05
atr_14_pct,band_pos,4,0.0078066914498141,0.0110365053638959,5,-0.0056471173799039,0.4996513928999424,2,0.0,0.0,-0.00218603434063605,ROSN,range_v2_balanced,8.659133220764602e-05
atr_14_pct,band_pos,4,0.0078066914498141,0.0110365053638959,5,-0.0056471173799039,0.4996513928999424,2,0.0,0.0,-0.00218603434063605,ROSN,range_v2_conservative,8.659133220764602e-05
atr_14_pct,band_pos,4,0.0078066914498141,0.0110365053638959,5,-0.0056471173799039,0.4996513928999424,2,0.0,0.0,-0.00218603434063605,ROSN,,8.659133220764602e-05
atr_14_pct,band_pos,4,0.0078066914498141,0.0110365053638959,5,-0.0056471173799039,0.4996513928999424,5,0.2,0.16893336577155374,-0.00160649679080458,SBER,range_v0_aggressive,0.00021647833051911504
atr_14_pct,band_pos,4,0.0078066914498141,0.0110365053638959,5,-0.0056471173799039,0.4996513928999424,5,0.2,0.16893336577155374,-0.00160649679080458,SBER,range_v0_baseline,0.00021647833051911504
atr_14_pct,band_pos,4,0.0078066914498141,0.0110365053638959,5,-0.0056471173799039,0.4996513928999424,5,0.2,0.16893336577155374,-0.00160649679080458,SBER,range_v0_conservative,0.00021647833051911504
atr_14_pct,band_pos,4,0.0078066914498141,0.0110365053638959,5,-0.0056471173799039,0.4996513928999424,23,0.43478260869565216,0.4505660001492738,-0.00041732245806150135,SBER,range_v2_aggressive,0.000995800320387929
atr_14_pct,band_pos,4,0.0078066914498141,0.0110365053638959,5,-0.0056471173799039,0.4996513928999424,5,0.2,0.16893336577155374,-0.00160649679080458,SBER,range_v2_balanced,0.00021647833051911504
atr_14_pct,band_pos,4,0.0078066914498141,0.0110365053638959,5,-0.0056471173799039,0.4996513928999424,5,0.2,0.16893336577155374,-0.00160649679080458,SBER,range_v2_conservative,0.00021647833051911504
atr_14_pct,band_pos,4,0.0078066914498141,0.0110365053638959,5,-0.0056471173799039,0.4996513928999424,10,0.2,0.16893336577155374,-0.0016064967908045798,SBER,,0.0004329566610382301
atr_14_pct,band_pos,4,0.0078066914498141,0.0110365053638959,5,-0.0056471173799039,0.4996513928999424,3,0.3333333333333333,0.20374599705430319,-0.0016451963900553333,SNGS,range_v0_aggressive,0.000129886998311469
atr_14_pct,band_pos,4,0.0078066914498141,0.0110365053638959,5,-0.0056471173799039,0.4996513928999424,3,0.3333333333333333,0.20374599705430319,-0.0016451963900553333,SNGS,range_v0_baseline,0.000129886998311469
atr_14_pct,band_pos,4,0.0078066914498141,0.0110365053638959,5,-0.0056471173799039,0.4996513928999424,3,0.3333333333333333,0.20374599705430319,-0.0016451963900553333,SNGS,range_v0_conservative,0.000129886998311469
atr_14_pct,band_pos,4,0.0078066914498141,0.0110365053638959,5,-0.0056471173799039,0.4996513928999424,3,0.3333333333333333,0.20374599705430319,-0.0016451963900553333,SNGS,range_v2_aggressive,0.000129886998311469
atr_14_pct,band_pos,4,0.0078066914498141,0.0110365053638959,5,-0.0056471173799039,0.4996513928999424,3,0.3333333333333333,0.20374599705430319,-0.0016451963900553333,SNGS,range_v2_balanced,0.000129886998311469
atr_14_pct,band_pos,4,0.0078066914498141,0.0110365053638959,5,-0.0056471173799039,0.4996513928999424,3,0.3333333333333333,0.20374599705430319,-0.0016451963900553333,SNGS,range_v2_conservative,0.000129886998311469
atr_14_pct,band_pos,4,0.0078066914498141,0.0110365053638959,5,-0.0056471173799039,0.4996513928999424,3,0.3333333333333333,0.20374599705430319,-0.0016451963900553333,SNGS,,0.000129886998311469
atr_14_pct,band_pos,4,0.0078066914498141,0.0110365053638959,5,-0.0056471173799039,0.4996513928999424,6,0.16666666666666666,0.059068027036630506,-0.001411533940653517,TATN,range_v0_aggressive,0.000259773996622938
atr_14_pct,band_pos,4,0.0078066914498141,0.0110365053638959,5,-0.0056471173799039,0.4996513928999424,6,0.16666666666666666,0.059068027036630506,-0.001411533940653517,TATN,range_v0_baseline,0.000259773996622938
atr_14_pct,band_pos,4,0.0078066914498141,0.0110365053638959,5,-0.0056471173799039,0.4996513928999424,6,0.16666666666666666,0.059068027036630506,-0.001411533940653517,TATN,range_v0_conservative,0.000259773996622938
atr_14_pct,band_pos,4,0.0078066914498141,0.0110365053638959,5,-0.0056471173799039,0.4996513928999424,6,0.16666666666666666,0.059068027036630506,-0.001411533940653517,TATN,range_v2_aggressive,0.000259773996622938
atr_14_pct,band_pos,4,0.0078066914498141,0.0110365053638959,5,-0.0056471173799039,0.4996513928999424,6,0.16666666666666666,0.059068027036630506,-0.001411533940653517,TATN,range_v2_balanced,0.000259773996622938
atr_14_pct,band_pos,4,0.0078066914498141,0.0110365053638959,5,-0.0056471173799039,0.4996513928999424,6,0.16666666666666666,0.059068027036630506,-0.001411533940653517,TATN,range_v2_conservative,0.000259773996622938
atr_14_pct,band_pos,4,0.0078066914498141,0.0110365053638959,5,-0.0056471173799039,0.4996513928999424,6,0.16666666666666666,0.059068027036630506,-0.001411533940653517,TATN,,0.000259773996622938
atr_14_pct,band_pos,4,0.0078066914498141,0.0110365053638959,5,-0.0056471173799039,0.4996513928999424,8,0.375,1.5108924031163737,0.0005376665328984126,VKCO,range_v0_aggressive,0.0003463653288305841
atr_14_pct,band_pos,4,0.0078066914498141,0.0110365053638959,5,-0.0056471173799039,0.4996513928999424,8,0.375,1.5108924031163737,0.0005376665328984126,VKCO,range_v0_baseline,0.0003463653288305841
atr_14_pct,band_pos,4,0.0078066914498141,0.0110365053638959,5,-0.0056471173799039,0.4996513928999424,8,0.375,1.5108924031163737,0.0005376665328984126,VKCO,range_v0_conservative,0.0003463653288305841
atr_14_pct,band_pos,4,0.0078066914498141,0.0110365053638959,5,-0.0056471173799039,0.4996513928999424,8,0.375,1.5108924031163737,0.0005376665328984126,VKCO,range_v2_aggressive,0.0003463653288305841
atr_14_pct,band_pos,4,0.0078066914498141,0.0110365053638959,5,-0.0056471173799039,0.4996513928999424,8,0.375,1.5108924031163737,0.0005376665328984126,VKCO,range_v2_balanced,0.0003463653288305841
atr_14_pct,band_pos,4,0.0078066914498141,0.0110365053638959,5,-0.0056471173799039,0.4996513928999424,8,0.375,1.5108924031163737,0.0005376665328984126,VKCO,range_v2_conservative,0.0003463653288305841
atr_14_pct,band_pos,4,0.0078066914498141,0.0110365053638959,5,-0.0056471173799039,0.4996513928999424,8,0.375,1.5108924031163737,0.0005376665328984126,VKCO,,0.0003463653288305841
atr_14_pct,band_pos,4,0.0078066914498141,0.0110365053638959,5,-0.0056471173799039,0.4996513928999424,1,1.0,inf,0.0009492022626262,YNDX,range_v0_aggressive,4.329566610382301e-05
atr_14_pct,band_pos,4,0.0078066914498141,0.0110365053638959,5,-0.0056471173799039,0.4996513928999424,1,1.0,inf,0.0009492022626262,YNDX,range_v0_baseline,4.329566610382301e-05
atr_14_pct,band_pos,4,0.0078066914498141,0.0110365053638959,5,-0.0056471173799039,0.4996513928999424,1,1.0,inf,0.0009492022626262,YNDX,range_v0_conservative,4.329566610382301e-05
atr_14_pct,band_pos,4,0.0078066914498141,0.0110365053638959,5,-0.0056471173799039,0.4996513928999424,1,1.0,inf,0.0009492022626262,YNDX,range_v2_aggressive,4.329566610382301e-05
atr_14_pct,band_pos,4,0.0078066914498141,0.0110365053638959,5,-0.0056471173799039,0.4996513928999424,1,1.0,inf,0.0009492022626262,YNDX,range_v2_balanced,4.329566610382301e-05
atr_14_pct,band_pos,4,0.0078066914498141,0.0110365053638959,5,-0.0056471173799039,0.4996513928999424,1,1.0,inf,0.0009492022626262,YNDX,range_v2_conservative,4.329566610382301e-05
atr_14_pct,band_pos,4,0.0078066914498141,0.0110365053638959,5,-0.0056471173799039,0.4996513928999424,1,1.0,inf,0.0009492022626262,YNDX,,4.329566610382301e-05
atr_14_pct,band_pos,5,0.0110365053638959,0.0299909631749378,0,-1.7111676770571271,-0.5006577883425565,7,0.42857142857142855,0.6889612147427937,-0.0004966738524814286,CHMF,range_v0_aggressive,0.00030306966272676105
atr_14_pct,band_pos,5,0.0110365053638959,0.0299909631749378,0,-1.7111676770571271,-0.5006577883425565,7,0.42857142857142855,0.6889612147427937,-0.0004966738524814286,CHMF,range_v0_baseline,0.00030306966272676105
atr_14_pct,band_pos,5,0.0110365053638959,0.0299909631749378,0,-1.7111676770571271,-0.5006577883425565,7,0.42857142857142855,0.6889612147427937,-0.0004966738524814286,CHMF,range_v0_conservative,0.00030306966272676105
atr_14_pct,band_pos,5,0.0110365053638959,0.0299909631749378,0,-1.7111676770571271,-0.5006577883425565,7,0.42857142857142855,0.6889612147427937,-0.0004966738524814286,CHMF,range_v2_aggressive,0.00030306966272676105
atr_14_pct,band_pos,5,0.0110365053638959,0.0299909631749378,0,-1.7111676770571271,-0.5006577883425565,7,0.42857142857142855,0.6889612147427937,-0.0004966738524814286,CHMF,range_v2_balanced,0.00030306966272676105
atr_14_pct,band_pos,5,0.0110365053638959,0.0299909631749378,0,-1.7111676770571271,-0.5006577883425565,7,0.42857142857142855,0.6889612147427937,-0.0004966738524814286,CHMF,range_v2_conservative,0.00030306966272676105
atr_14_pct,band_pos,5,0.0110365053638959,0.0299909631749378,0,-1.7111676770571271,-0.5006577883425565,7,0.42857142857142855,0.6889612147427937,-0.0004966738524814286,CHMF,,0.00030306966272676105
atr_14_pct,band_pos,5,0.0110365053638959,0.0299909631749378,0,-1.7111676770571271,-0.5006577883425565,2,0.5,0.7764036817137898,-0.00034466300456104993,GAZP,range_v0_aggressive,8.659133220764602e-05
atr_14_pct,band_pos,5,0.0110365053638959,0.0299909631749378,0,-1.7111676770571271,-0.5006577883425565,2,0.5,0.7764036817137898,-0.00034466300456104993,GAZP,range_v0_baseline,8.659133220764602e-05
atr_14_pct,band_pos,5,0.0110365053638959,0.0299909631749378,0,-1.7111676770571271,-0.5006577883425565,2,0.5,0.7764036817137898,-0.00034466300456104993,GAZP,range_v0_conservative,8.659133220764602e-05
atr_14_pct,band_pos,5,0.0110365053638959,0.0299909631749378,0,-1.7111676770571271,-0.5006577883425565,2,0.5,0.7764036817137898,-0.00034466300456104993,GAZP,range_v2_aggressive,8.659133220764602e-05
atr_14_pct,band_pos,5,0.0110365053638959,0.0299909631749378,0,-1.7111676770571271,-0.5006577883425565,2,0.5,0.7764036817137898,-0.00034466300456104993,GAZP,range_v2_balanced,8.659133220764602e-05
atr_14_pct,band_pos,5,0.0110365053638959,0.0299909631749378,0,-1.7111676770571271,-0.5006577883425565,2,0.5,0.7764036817137898,-0.00034466300456104993,GAZP,range_v2_conservative,8.659133220764602e-05
atr_14_pct,band_pos,5,0.0110365053638959,0.0299909631749378,0,-1.7111676770571271,-0.5006577883425565,2,0.5,0.7764036817137898,-0.00034466300456104993,GAZP,,8.659133220764602e-05
atr_14_pct,band_pos,5,0.0110365053638959,0.0299909631749378,0,-1.7111676770571271,-0.5006577883425565,3,0.6666666666666666,0.975518154480536,-3.131680802066671e-05,GMKN,range_v0_aggressive,0.000129886998311469
atr_14_pct,band_pos,5,0.0110365053638959,0.0299909631749378,0,-1.7111676770571271,-0.5006577883425565,3,0.6666666666666666,0.975518154480536,-3.131680802066671e-05,GMKN,range_v0_baseline,0.000129886998311469
atr_14_pct,band_pos,5,0.0110365053638959,0.0299909631749378,0,-1.7111676770571271,-0.5006577883425565,3,0.6666666666666666,0.975518154480536,-3.131680802066671e-05,GMKN,range_v0_conservative,0.000129886998311469
atr_14_pct,band_pos,5,0.0110365053638959,0.0299909631749378,0,-1.7111676770571271,-0.5006577883425565,3,0.6666666666666666,0.975518154480536,-3.131680802066671e-05,GMKN,range_v2_aggressive,0.000129886998311469
atr_14_pct,band_pos,5,0.0110365053638959,0.0299909631749378,0,-1.7111676770571271,-0.5006577883425565,3,0.6666666666666666,0.975518154480536,-3.131680802066671e-05,GMKN,range_v2_balanced,0.000129886998311469
atr_14_pct,band_pos,5,0.0110365053638959,0.0299909631749378,0,-1.7111676770571271,-0.5006577883425565,3,0.6666666666666666,0.975518154480536,-3.131680802066671e-05,GMKN,range_v2_conservative,0.000129886998311469
atr_14_pct,band_pos,5,0.0110365053638959,0.0299909631749378,0,-1.7111676770571271,-0.5006577883425565,3,0.6666666666666666,0.975518154480536,-3.131680802066671e-05,GMKN,,0.000129886998311469
atr_14_pct,band_pos,5,0.0110365053638959,0.0299909631749378,0,-1.7111676770571271,-0.5006577883425565,1,1.0,inf,0.0029727849562081,LKOH,range_v0_aggressive,4.329566610382301e-05
atr_14_pct,band_pos,5,0.0110365053638959,0.0299909631749378,0,-1.7111676770571271,-0.5006577883425565,1,1.0,inf,0.0029727849562081,LKOH,range_v0_baseline,4.329566610382301e-05
atr_14_pct,band_pos,5,0.0110365053638959,0.0299909631749378,0,-1.7111676770571271,-0.5006577883425565,1,1.0,inf,0.0029727849562081,LKOH,range_v0_conservative,4.329566610382301e-05
atr_14_pct,band_pos,5,0.0110365053638959,0.0299909631749378,0,-1.7111676770571271,-0.5006577883425565,1,1.0,inf,0.0029727849562081,LKOH,range_v2_aggressive,4.329566610382301e-05
atr_14_pct,band_pos,5,0.0110365053638959,0.0299909631749378,0,-1.7111676770571271,-0.5006577883425565,1,1.0,inf,0.0029727849562081,LKOH,range_v2_balanced,4.329566610382301e-05
atr_14_pct,band_pos,5,0.0110365053638959,0.0299909631749378,0,-1.7111676770571271,-0.5006577883425565,1,1.0,inf,0.0029727849562081,LKOH,range_v2_conservative,4.329566610382301e-05
atr_14_pct,band_pos,5,0.0110365053638959,0.0299909631749378,0,-1.7111676770571271,-0.5006577883425565,1,1.0,inf,0.0029727849562081,LKOH,,4.329566610382301e-05
atr_14_pct,band_pos,5,0.0110365053638959,0.0299909631749378,0,-1.7111676770571271,-0.5006577883425565,8,0.625,1.240042831357213,0.0002196463120905874,MGNT,range_v0_aggressive,0.0003463653288305841
atr_14_pct,band_pos,5,0.0110365053638959,0.0299909631749378,0,-1.7111676770571271,-0.5006577883425565,8,0.625,1.240042831357213,0.0002196463120905874,MGNT,range_v0_baseline,0.0003463653288305841
atr_14_pct,band_pos,5,0.0110365053638959,0.0299909631749378,0,-1.7111676770571271,-0.5006577883425565,8,0.625,1.240042831357213,0.0002196463120905874,MGNT,range_v0_conservative,0.0003463653288305841
atr_14_pct,band_pos,5,0.0110365053638959,0.0299909631749378,0,-1.7111676770571271,-0.5006577883425565,8,0.625,1.240042831357213,0.0002196463120905874,MGNT,range_v2_aggressive,0.0003463653288305841
atr_14_pct,band_pos,5,0.0110365053638959,0.0299909631749378,0,-1.7111676770571271,-0.5006577883425565,8,0.625,1.240042831357213,0.0002196463120905874,MGNT,range_v2_balanced,0.0003463653288305841
atr_14_pct,band_pos,5,0.0110365053638959,0.0299909631749378,0,-1.7111676770571271,-0.5006577883425565,8,0.625,1.240042831357213,0.0002196463120905874,MGNT,range_v2_conservative,0.0003463653288305841
atr_14_pct,band_pos,5,0.0110365053638959,0.0299909631749378,0,-1.7111676770571271,-0.5006577883425565,8,0.625,1.240042831357213,0.0002196463120905874,MGNT,,0.0003463653288305841
atr_14_pct,band_pos,5,0.0110365053638959,0.0299909631749378,0,-1.7111676770571271,-0.5006577883425565,4,0.5,1.8856939377603976,0.00083949822072545,MTSS,range_v0_aggressive,0.00017318266441529204
atr_14_pct,band_pos,5,0.0110365053638959,0.0299909631749378,0,-1.7111676770571271,-0.5006577883425565,4,0.5,1.8856939377603976,0.00083949822072545,MTSS,range_v0_baseline,0.00017318266441529204
atr_14_pct,band_pos,5,0.0110365053638959,0.0299909631749378,0,-1.7111676770571271,-0.5006577883425565,4,0.5,1.8856939377603976,0.00083949822072545,MTSS,range_v0_conservative,0.00017318266441529204
atr_14_pct,band_pos,5,0.0110365053638959,0.0299909631749378,0,-1.7111676770571271,-0.5006577883425565,4,0.5,1.8856939377603976,0.00083949822072545,MTSS,range_v2_aggressive,0.00017318266441529204
atr_14_pct,band_pos,5,0.0110365053638959,0.0299909631749378,0,-1.7111676770571271,-0.5006577883425565,4,0.5,1.8856939377603976,0.00083949822072545,MTSS,range_v2_balanced,0.00017318266441529204
atr_14_pct,band_pos,5,0.0110365053638959,0.0299909631749378,0,-1.7111676770571271,-0.5006577883425565,4,0.5,1.8856939377603976,0.00083949822072545,MTSS,range_v2_conservative,0.00017318266441529204
atr_14_pct,band_pos,5,0.0110365053638959,0.0299909631749378,0,-1.7111676770571271,-0.5006577883425565,4,0.5,1.8856939377603976,0.00083949822072545,MTSS,,0.00017318266441529204
atr_14_pct,band_pos,5,0.0110365053638959,0.0299909631749378,0,-1.7111676770571271,-0.5006577883425565,4,0.5,0.3843520126359223,-0.000794756305603175,NLMK,range_v0_aggressive,0.00017318266441529204
atr_14_pct,band_pos,5,0.0110365053638959,0.0299909631749378,0,-1.7111676770571271,-0.5006577883425565,4,0.5,0.3843520126359223,-0.000794756305603175,NLMK,range_v0_baseline,0.00017318266441529204
atr_14_pct,band_pos,5,0.0110365053638959,0.0299909631749378,0,-1.7111676770571271,-0.5006577883425565,4,0.5,0.3843520126359223,-0.000794756305603175,NLMK,range_v0_conservative,0.00017318266441529204
atr_14_pct,band_pos,5,0.0110365053638959,0.0299909631749378,0,-1.7111676770571271,-0.5006577883425565,4,0.5,0.3843520126359223,-0.000794756305603175,NLMK,range_v2_aggressive,0.00017318266441529204
atr_14_pct,band_pos,5,0.0110365053638959,0.0299909631749378,0,-1.7111676770571271,-0.5006577883425565,4,0.5,0.3843520126359223,-0.000794756305603175,NLMK,range_v2_balanced,0.00017318266441529204
atr_14_pct,band_pos,5,0.0110365053638959,0.0299909631749378,0,-1.7111676770571271,-0.5006577883425565,4,0.5,0.3843520126359223,-0.000794756305603175,NLMK,range_v2_conservative,0.00017318266441529204
atr_14_pct,band_pos,5,0.0110365053638959,0.0299909631749378,0,-1.7111676770571271,-0.5006577883425565,4,0.5,0.3843520126359223,-0.000794756305603175,NLMK,,0.00017318266441529204
atr_14_pct,band_pos,5,0.0110365053638959,0.0299909631749378,0,-1.7111676770571271,-0.5006577883425565,3,0.3333333333333333,0.43218558636998394,-0.0012046390692856,NVTK,range_v0_aggressive,0.000129886998311469
atr_14_pct,band_pos,5,0.0110365053638959,0.0299909631749378,0,-1.7111676770571271,-0.5006577883425565,3,0.3333333333333333,0.43218558636998394,-0.0012046390692856,NVTK,range_v0_baseline,0.000129886998311469
atr_14_pct,band_pos,5,0.0110365053638959,0.0299909631749378,0,-1.7111676770571271,-0.5006577883425565,3,0.3333333333333333,0.43218558636998394,-0.0012046390692856,NVTK,range_v0_conservative,0.000129886998311469
atr_14_pct,band_pos,5,0.0110365053638959,0.0299909631749378,0,-1.7111676770571271,-0.5006577883425565,3,0.3333333333333333,0.43218558636998394,-0.0012046390692856,NVTK,range_v2_aggressive,0.000129886998311469
atr_14_pct,band_pos,5,0.0110365053638959,0.0299909631749378,0,-1.7111676770571271,-0.5006577883425565,3,0.3333333333333333,0.43218558636998394,-0.0012046390692856,NVTK,range_v2_balanced,0.000129886998311469
atr_14_pct,band_pos,5,0.0110365053638959,0.0299909631749378,0,-1.7111676770571271,-0.5006577883425565,3,0.3333333333333333,0.43218558636998394,-0.0012046390692856,NVTK,range_v2_conservative,0.000129886998311469
atr_14_pct,band_pos,5,0.0110365053638959,0.0299909631749378,0,-1.7111676770571271,-0.5006577883425565,3,0.3333333333333333,0.43218558636998394,-0.0012046390692856,NVTK,,0.000129886998311469
atr_14_pct,band_pos,5,0.0110365053638959,0.0299909631749378,0,-1.7111676770571271,-0.5006577883425565,12,0.25,0.5401434309873165,-0.0006919102430236916,OZON,range_v0_aggressive,0.000519547993245876
atr_14_pct,band_pos,5,0.0110365053638959,0.0299909631749378,0,-1.7111676770571271,-0.5006577883425565,12,0.25,0.5401434309873165,-0.0006919102430236916,OZON,range_v0_baseline,0.000519547993245876
atr_14_pct,band_pos,5,0.0110365053638959,0.0299909631749378,0,-1.7111676770571271,-0.5006577883425565,12,0.25,0.5401434309873165,-0.0006919102430236916,OZON,range_v0_conservative,0.000519547993245876
atr_14_pct,band_pos,5,0.0110365053638959,0.0299909631749378,0,-1.7111676770571271,-0.5006577883425565,12,0.25,0.5401434309873165,-0.0006919102430236916,OZON,range_v2_aggressive,0.000519547993245876
atr_14_pct,band_pos,5,0.0110365053638959,0.0299909631749378,0,-1.7111676770571271,-0.5006577883425565,12,0.25,0.5401434309873165,-0.0006919102430236916,OZON,range_v2_balanced,0.000519547993245876
atr_14_pct,band_pos,5,0.0110365053638959,0.0299909631749378,0,-1.7111676770571271,-0.5006577883425565,12,0.25,0.5401434309873165,-0.0006919102430236916,OZON,range_v2_conservative,0.000519547993245876
atr_14_pct,band_pos,5,0.0110365053638959,0.0299909631749378,0,-1.7111676770571271,-0.5006577883425565,12,0.25,0.5401434309873165,-0.0006919102430236916,OZON,,0.000519547993245876
atr_14_pct,band_pos,5,0.0110365053638959,0.0299909631749378,0,-1.7111676770571271,-0.5006577883425565,7,0.5714285714285714,1.8224768441091437,0.0005305951899857144,PIKK,range_v0_aggressive,0.00030306966272676105
atr_14_pct,band_pos,5,0.0110365053638959,0.0299909631749378,0,-1.7111676770571271,-0.5006577883425565,7,0.5714285714285714,1.8224768441091437,0.0005305951899857144,PIKK,range_v0_baseline,0.00030306966272676105
atr_14_pct,band_pos,5,0.0110365053638959,0.0299909631749378,0,-1.7111676770571271,-0.5006577883425565,7,0.5714285714285714,1.8224768441091437,0.0005305951899857144,PIKK,range_v0_conservative,0.00030306966272676105
atr_14_pct,band_pos,5,0.0110365053638959,0.0299909631749378,0,-1.7111676770571271,-0.5006577883425565,7,0.5714285714285714,1.8224768441091437,0.0005305951899857144,PIKK,range_v2_aggressive,0.00030306966272676105
atr_14_pct,band_pos,5,0.0110365053638959,0.0299909631749378,0,-1.7111676770571271,-0.5006577883425565,7,0.5714285714285714,1.8224768441091437,0.0005305951899857144,PIKK,range_v2_balanced,0.00030306966272676105
atr_14_pct,band_pos,5,0.0110365053638959,0.0299909631749378,0,-1.7111676770571271,-0.5006577883425565,7,0.5714285714285714,1.8224768441091437,0.0005305951899857144,PIKK,range_v2_conservative,0.00030306966272676105
atr_14_pct,band_pos,5,0.0110365053638959,0.0299909631749378,0,-1.7111676770571271,-0.5006577883425565,7,0.5714285714285714,1.8224768441091437,0.0005305951899857144,PIKK,,0.00030306966272676105
atr_14_pct,band_pos,5,0.0110365053638959,0.0299909631749378,0,-1.7111676770571271,-0.5006577883425565,3,0.6666666666666666,0.9255536580577829,-9.797749926509986e-05,PLZL,range_v0_aggressive,0.000129886998311469
atr_14_pct,band_pos,5,0.0110365053638959,0.0299909631749378,0,-1.7111676770571271,-0.5006577883425565,3,0.6666666666666666,0.9255536580577829,-9.797749926509986e-05,PLZL,range_v0_baseline,0.000129886998311469
atr_14_pct,band_pos,5,0.0110365053638959,0.0299909631749378,0,-1.7111676770571271,-0.5006577883425565,3,0.6666666666666666,0.9255536580577829,-9.797749926509986e-05,PLZL,range_v0_conservative,0.000129886998311469
atr_14_pct,band_pos,5,0.0110365053638959,0.0299909631749378,0,-1.7111676770571271,-0.5006577883425565,3,0.6666666666666666,0.9255536580577829,-9.797749926509986e-05,PLZL,range_v2_aggressive,0.000129886998311469
atr_14_pct,band_pos,5,0.0110365053638959,0.0299909631749378,0,-1.7111676770571271,-0.5006577883425565,3,0.6666666666666666,0.9255536580577829,-9.797749926509986e-05,PLZL,range_v2_balanced,0.000129886998311469
atr_14_pct,band_pos,5,0.0110365053638959,0.0299909631749378,0,-1.7111676770571271,-0.5006577883425565,3,0.6666666666666666,0.9255536580577829,-9.797749926509986e-05,PLZL,range_v2_conservative,0.000129886998311469
atr_14_pct,band_pos,5,0.0110365053638959,0.0299909631749378,0,-1.7111676770571271,-0.5006577883425565,3,0.6666666666666666,0.9255536580577829,-9.797749926509986e-05,PLZL,,0.000129886998311469
atr_14_pct,band_pos,5,0.0110365053638959,0.0299909631749378,0,-1.7111676770571271,-0.5006577883425565,6,0.6666666666666666,3.3343675695187027,0.0016574794304671833,ROSN,range_v0_aggressive,0.000259773996622938
atr_14_pct,band_pos,5,0.0110365053638959,0.0299909631749378,0,-1.7111676770571271,-0.5006577883425565,6,0.6666666666666666,3.3343675695187027,0.0016574794304671833,ROSN,range_v0_baseline,0.000259773996622938
atr_14_pct,band_pos,5,0.0110365053638959,0.0299909631749378,0,-1.7111676770571271,-0.5006577883425565,6,0.6666666666666666,3.3343675695187027,0.0016574794304671833,ROSN,range_v0_conservative,0.000259773996622938
atr_14_pct,band_pos,5,0.0110365053638959,0.0299909631749378,0,-1.7111676770571271,-0.5006577883425565,6,0.6666666666666666,3.3343675695187027,0.0016574794304671833,ROSN,range_v2_aggressive,0.000259773996622938
atr_14_pct,band_pos,5,0.0110365053638959,0.0299909631749378,0,-1.7111676770571271,-0.5006577883425565,6,0.6666666666666666,3.3343675695187027,0.0016574794304671833,ROSN,range_v2_balanced,0.000259773996622938
atr_14_pct,band_pos,5,0.0110365053638959,0.0299909631749378,0,-1.7111676770571271,-0.5006577883425565,6,0.6666666666666666,3.3343675695187027,0.0016574794304671833,ROSN,range_v2_conservative,0.000259773996622938
atr_14_pct,band_pos,5,0.0110365053638959,0.0299909631749378,0,-1.7111676770571271,-0.5006577883425565,6,0.6666666666666666,3.3343675695187027,0.0016574794304671833,ROSN,,0.000259773996622938
atr_14_pct,band_pos,5,0.0110365053638959,0.0299909631749378,0,-1.7111676770571271,-0.5006577883425565,8,0.375,0.4596428965312331,-0.0009379137904108625,SBER,range_v0_aggressive,0.0003463653288305841
atr_14_pct,band_pos,5,0.0110365053638959,0.0299909631749378,0,-1.7111676770571271,-0.5006577883425565,8,0.375,0.4596428965312331,-0.0009379137904108625,SBER,range_v0_baseline,0.0003463653288305841
atr_14_pct,band_pos,5,0.0110365053638959,0.0299909631749378,0,-1.7111676770571271,-0.5006577883425565,8,0.375,0.4596428965312331,-0.0009379137904108625,SBER,range_v0_conservative,0.0003463653288305841
atr_14_pct,band_pos,5,0.0110365053638959,0.0299909631749378,0,-1.7111676770571271,-0.5006577883425565,8,0.375,0.4596428965312331,-0.0009379137904108625,SBER,range_v2_aggressive,0.0003463653288305841
atr_14_pct,band_pos,5,0.0110365053638959,0.0299909631749378,0,-1.7111676770571271,-0.5006577883425565,8,0.375,0.4596428965312331,-0.0009379137904108625,SBER,range_v2_balanced,0.0003463653288305841
atr_14_pct,band_pos,5,0.0110365053638959,0.0299909631749378,0,-1.7111676770571271,-0.5006577883425565,8,0.375,0.4596428965312331,-0.0009379137904108625,SBER,range_v2_conservative,0.0003463653288305841
atr_14_pct,band_pos,5,0.0110365053638959,0.0299909631749378,0,-1.7111676770571271,-0.5006577883425565,16,0.375,0.459642896531233,-0.0009379137904108625,SBER,,0.0006927306576611682
atr_14_pct,band_pos,5,0.0110365053638959,0.0299909631749378,0,-1.7111676770571271,-0.5006577883425565,3,0.3333333333333333,0.22700147332781137,-0.0024983167858615997,SNGS,range_v0_aggressive,0.000129886998311469
atr_14_pct,band_pos,5,0.0110365053638959,0.0299909631749378,0,-1.7111676770571271,-0.5006577883425565,3,0.3333333333333333,0.22700147332781137,-0.0024983167858615997,SNGS,range_v0_baseline,0.000129886998311469
atr_14_pct,band_pos,5,0.0110365053638959,0.0299909631749378,0,-1.7111676770571271,-0.5006577883425565,3,0.3333333333333333,0.22700147332781137,-0.0024983167858615997,SNGS,range_v0_conservative,0.000129886998311469
atr_14_pct,band_pos,5,0.0110365053638959,0.0299909631749378,0,-1.7111676770571271,-0.5006577883425565,3,0.3333333333333333,0.22700147332781137,-0.0024983167858615997,SNGS,range_v2_aggressive,0.000129886998311469
atr_14_pct,band_pos,5,0.0110365053638959,0.0299909631749378,0,-1.7111676770571271,-0.5006577883425565,3,0.3333333333333333,0.22700147332781137,-0.0024983167858615997,SNGS,range_v2_balanced,0.000129886998311469
atr_14_pct,band_pos,5,0.0110365053638959,0.0299909631749378,0,-1.7111676770571271,-0.5006577883425565,3,0.3333333333333333,0.22700147332781137,-0.0024983167858615997,SNGS,range_v2_conservative,0.000129886998311469
atr_14_pct,band_pos,5,0.0110365053638959,0.0299909631749378,0,-1.7111676770571271,-0.5006577883425565,3,0.3333333333333333,0.22700147332781137,-0.0024983167858615997,SNGS,,0.000129886998311469
atr_14_pct,band_pos,5,0.0110365053638959,0.0299909631749378,0,-1.7111676770571271,-0.5006577883425565,7,0.5714285714285714,1.5113127269538962,0.0006270491729124713,TATN,range_v0_aggressive,0.00030306966272676105
atr_14_pct,band_pos,5,0.0110365053638959,0.0299909631749378,0,-1.7111676770571271,-0.5006577883425565,7,0.5714285714285714,1.5113127269538962,0.0006270491729124713,TATN,range_v0_baseline,0.00030306966272676105
atr_14_pct,band_pos,5,0.0110365053638959,0.0299909631749378,0,-1.7111676770571271,-0.5006577883425565,7,0.5714285714285714,1.5113127269538962,0.0006270491729124713,TATN,range_v0_conservative,0.00030306966272676105
atr_14_pct,band_pos,5,0.0110365053638959,0.0299909631749378,0,-1.7111676770571271,-0.5006577883425565,7,0.5714285714285714,1.5113127269538962,0.0006270491729124713,TATN,range_v2_aggressive,0.00030306966272676105
atr_14_pct,band_pos,5,0.0110365053638959,0.0299909631749378,0,-1.7111676770571271,-0.5006577883425565,7,0.5714285714285714,1.5113127269538962,0.0006270491729124713,TATN,range_v2_balanced,0.00030306966272676105
atr_14_pct,band_pos,5,0.0110365053638959,0.0299909631749378,0,-1.7111676770571271,-0.5006577883425565,7,0.5714285714285714,1.5113127269538962,0.0006270491729124713,TATN,range_v2_conservative,0.00030306966272676105
atr_14_pct,band_pos,5,0.0110365053638959,0.0299909631749378,0,-1.7111676770571271,-0.5006577883425565,7,0.5714285714285714,1.5113127269538962,0.0006270491729124713,TATN,,0.00030306966272676105
atr_14_pct,band_pos,5,0.0110365053638959,0.0299909631749378,0,-1.7111676770571271,-0.5006577883425565,15,0.5333333333333333,1.2087351625256975,0.00020071308977999338,VKCO,range_v0_aggressive,0.0006494349915573451
atr_14_pct,band_pos,5,0.0110365053638959,0.0299909631749378,0,-1.7111676770571271,-0.5006577883425565,15,0.5333333333333333,1.2087351625256975,0.00020071308977999338,VKCO,range_v0_baseline,0.0006494349915573451
atr_14_pct,band_pos,5,0.0110365053638959,0.0299909631749378,0,-1.7111676770571271,-0.5006577883425565,15,0.5333333333333333,1.2087351625256975,0.00020071308977999338,VKCO,range_v0_conservative,0.0006494349915573451
atr_14_pct,band_pos,5,0.0110365053638959,0.0299909631749378,0,-1.7111676770571271,-0.5006577883425565,15,0.5333333333333333,1.2087351625256975,0.00020071308977999338,VKCO,range_v2_aggressive,0.0006494349915573451
atr_14_pct,band_pos,5,0.0110365053638959,0.0299909631749378,0,-1.7111676770571271,-0.5006577883425565,15,0.5333333333333333,1.2087351625256975,0.00020071308977999338,VKCO,range_v2_balanced,0.0006494349915573451
atr_14_pct,band_pos,5,0.0110365053638959,0.0299909631749378,0,-1.7111676770571271,-0.5006577883425565,15,0.5333333333333333,1.2087351625256975,0.00020071308977999338,VKCO,range_v2_conservative,0.0006494349915573451
atr_14_pct,band_pos,5,0.0110365053638959,0.0299909631749378,0,-1.7111676770571271,-0.5006577883425565,15,0.5333333333333333,1.2087351625256975,0.00020071308977999338,VKCO,,0.0006494349915573451
atr_14_pct,band_pos,5,0.0110365053638959,0.0299909631749378,0,-1.7111676770571271,-0.5006577883425565,14,0.35714285714285715,0.6100336980319945,-0.0005969661624733001,YNDX,range_v0_aggressive,0.0006061393254535221
atr_14_pct,band_pos,5,0.0110365053638959,0.0299909631749378,0,-1.7111676770571271,-0.5006577883425565,14,0.35714285714285715,0.6100336980319945,-0.0005969661624733001,YNDX,range_v0_baseline,0.0006061393254535221
atr_14_pct,band_pos,5,0.0110365053638959,0.0299909631749378,0,-1.7111676770571271,-0.5006577883425565,14,0.35714285714285715,0.6100336980319945,-0.0005969661624733001,YNDX,range_v0_conservative,0.0006061393254535221
atr_14_pct,band_pos,5,0.0110365053638959,0.0299909631749378,0,-1.7111676770571271,-0.5006577883425565,14,0.35714285714285715,0.6100336980319945,-0.0005969661624733001,YNDX,range_v2_aggressive,0.0006061393254535221
atr_14_pct,band_pos,5,0.0110365053638959,0.0299909631749378,0,-1.7111676770571271,-0.5006577883425565,14,0.35714285714285715,0.6100336980319945,-0.0005969661624733001,YNDX,range_v2_balanced,0.0006061393254535221
atr_14_pct,band_pos,5,0.0110365053638959,0.0299909631749378,0,-1.7111676770571271,-0.5006577883425565,14,0.35714285714285715,0.6100336980319945,-0.0005969661624733001,YNDX,range_v2_conservative,0.0006061393254535221
atr_14_pct,band_pos,5,0.0110365053638959,0.0299909631749378,0,-1.7111676770571271,-0.5006577883425565,14,0.35714285714285715,0.6100336980319945,-0.0005969661624733001,YNDX,,0.0006061393254535221
atr_14_pct,band_pos,5,0.0110365053638959,0.0299909631749378,1,-0.5006577883425565,-0.30803081475310434,8,0.625,0.39842029667535767,-0.0008233267316310376,CHMF,range_v0_aggressive,0.0003463653288305841
atr_14_pct,band_pos,5,0.0110365053638959,0.0299909631749378,1,-0.5006577883425565,-0.30803081475310434,8,0.625,0.39842029667535767,-0.0008233267316310376,CHMF,range_v0_baseline,0.0003463653288305841
atr_14_pct,band_pos,5,0.0110365053638959,0.0299909631749378,1,-0.5006577883425565,-0.30803081475310434,8,0.625,0.39842029667535767,-0.0008233267316310376,CHMF,range_v0_conservative,0.0003463653288305841
atr_14_pct,band_pos,5,0.0110365053638959,0.0299909631749378,1,-0.5006577883425565,-0.30803081475310434,8,0.625,0.39842029667535767,-0.0008233267316310376,CHMF,range_v2_aggressive,0.0003463653288305841
atr_14_pct,band_pos,5,0.0110365053638959,0.0299909631749378,1,-0.5006577883425565,-0.30803081475310434,8,0.625,0.39842029667535767,-0.0008233267316310376,CHMF,range_v2_balanced,0.0003463653288305841
atr_14_pct,band_pos,5,0.0110365053638959,0.0299909631749378,1,-0.5006577883425565,-0.30803081475310434,8,0.625,0.39842029667535767,-0.0008233267316310376,CHMF,range_v2_conservative,0.0003463653288305841
atr_14_pct,band_pos,5,0.0110365053638959,0.0299909631749378,1,-0.5006577883425565,-0.30803081475310434,8,0.625,0.39842029667535767,-0.0008233267316310376,CHMF,,0.0003463653288305841
atr_14_pct,band_pos,5,0.0110365053638959,0.0299909631749378,1,-0.5006577883425565,-0.30803081475310434,4,0.5,0.1014145502005062,-0.0009477713453590598,GAZP,range_v0_aggressive,0.00017318266441529204
atr_14_pct,band_pos,5,0.0110365053638959,0.0299909631749378,1,-0.5006577883425565,-0.30803081475310434,4,0.5,0.1014145502005062,-0.0009477713453590598,GAZP,range_v0_baseline,0.00017318266441529204
atr_14_pct,band_pos,5,0.0110365053638959,0.0299909631749378,1,-0.5006577883425565,-0.30803081475310434,4,0.5,0.1014145502005062,-0.0009477713453590598,GAZP,range_v0_conservative,0.00017318266441529204
atr_14_pct,band_pos,5,0.0110365053638959,0.0299909631749378,1,-0.5006577883425565,-0.30803081475310434,4,0.5,0.1014145502005062,-0.0009477713453590598,GAZP,range_v2_aggressive,0.00017318266441529204
atr_14_pct,band_pos,5,0.0110365053638959,0.0299909631749378,1,-0.5006577883425565,-0.30803081475310434,4,0.5,0.1014145502005062,-0.0009477713453590598,GAZP,range_v2_balanced,0.00017318266441529204
atr_14_pct,band_pos,5,0.0110365053638959,0.0299909631749378,1,-0.5006577883425565,-0.30803081475310434,4,0.5,0.1014145502005062,-0.0009477713453590598,GAZP,range_v2_conservative,0.00017318266441529204
atr_14_pct,band_pos,5,0.0110365053638959,0.0299909631749378,1,-0.5006577883425565,-0.30803081475310434,4,0.5,0.1014145502005062,-0.0009477713453590598,GAZP,,0.00017318266441529204
atr_14_pct,band_pos,5,0.0110365053638959,0.0299909631749378,1,-0.5006577883425565,-0.30803081475310434,1,0.0,0.0,-7.232807215332898e-05,GMKN,range_v0_aggressive,4.329566610382301e-05
atr_14_pct,band_pos,5,0.0110365053638959,0.0299909631749378,1,-0.5006577883425565,-0.30803081475310434,1,0.0,0.0,-7.232807215332898e-05,GMKN,range_v0_baseline,4.329566610382301e-05
atr_14_pct,band_pos,5,0.0110365053638959,0.0299909631749378,1,-0.5006577883425565,-0.30803081475310434,1,0.0,0.0,-7.232807215332898e-05,GMKN,range_v0_conservative,4.329566610382301e-05
atr_14_pct,band_pos,5,0.0110365053638959,0.0299909631749378,1,-0.5006577883425565,-0.30803081475310434,1,0.0,0.0,-7.232807215332898e-05,GMKN,range_v2_aggressive,4.329566610382301e-05
atr_14_pct,band_pos,5,0.0110365053638959,0.0299909631749378,1,-0.5006577883425565,-0.30803081475310434,1,0.0,0.0,-7.232807215332898e-05,GMKN,range_v2_balanced,4.329566610382301e-05
atr_14_pct,band_pos,5,0.0110365053638959,0.0299909631749378,1,-0.5006577883425565,-0.30803081475310434,1,0.0,0.0,-7.232807215332898e-05,GMKN,range_v2_conservative,4.329566610382301e-05
atr_14_pct,band_pos,5,0.0110365053638959,0.0299909631749378,1,-0.5006577883425565,-0.30803081475310434,1,0.0,0.0,-7.232807215332898e-05,GMKN,,4.329566610382301e-05
atr_14_pct,band_pos,5,0.0110365053638959,0.0299909631749378,1,-0.5006577883425565,-0.30803081475310434,7,0.2857142857142857,0.3981211370020683,-0.0008947826720218714,LKOH,range_v0_aggressive,0.00030306966272676105
atr_14_pct,band_pos,5,0.0110365053638959,0.0299909631749378,1,-0.5006577883425565,-0.30803081475310434,7,0.2857142857142857,0.3981211370020683,-0.0008947826720218714,LKOH,range_v0_baseline,0.00030306966272676105
atr_14_pct,band_pos,5,0.0110365053638959,0.0299909631749378,1,-0.5006577883425565,-0.30803081475310434,7,0.2857142857142857,0.3981211370020683,-0.0008947826720218714,LKOH,range_v0_conservative,0.00030306966272676105
atr_14_pct,band_pos,5,0.0110365053638959,0.0299909631749378,1,-0.5006577883425565,-0.30803081475310434,7,0.2857142857142857,0.3981211370020683,-0.0008947826720218714,LKOH,range_v2_aggressive,0.00030306966272676105
atr_14_pct,band_pos,5,0.0110365053638959,0.0299909631749378,1,-0.5006577883425565,-0.30803081475310434,7,0.2857142857142857,0.3981211370020683,-0.0008947826720218714,LKOH,range_v2_balanced,0.00030306966272676105
atr_14_pct,band_pos,5,0.0110365053638959,0.0299909631749378,1,-0.5006577883425565,-0.30803081475310434,7,0.2857142857142857,0.3981211370020683,-0.0008947826720218714,LKOH,range_v2_conservative,0.00030306966272676105
atr_14_pct,band_pos,5,0.0110365053638959,0.0299909631749378,1,-0.5006577883425565,-0.30803081475310434,7,0.2857142857142857,0.3981211370020683,-0.0008947826720218714,LKOH,,0.00030306966272676105
atr_14_pct,band_pos,5,0.0110365053638959,0.0299909631749378,1,-0.5006577883425565,-0.30803081475310434,4,0.75,3.6642041640361023,0.0011900470527589748,MGNT,range_v0_aggressive,0.00017318266441529204
atr_14_pct,band_pos,5,0.0110365053638959,0.0299909631749378,1,-0.5006577883425565,-0.30803081475310434,4,0.75,3.6642041640361023,0.0011900470527589748,MGNT,range_v0_baseline,0.00017318266441529204
atr_14_pct,band_pos,5,0.0110365053638959,0.0299909631749378,1,-0.5006577883425565,-0.30803081475310434,4,0.75,3.6642041640361023,0.0011900470527589748,MGNT,range_v0_conservative,0.00017318266441529204
atr_14_pct,band_pos,5,0.0110365053638959,0.0299909631749378,1,-0.5006577883425565,-0.30803081475310434,4,0.75,3.6642041640361023,0.0011900470527589748,MGNT,range_v2_aggressive,0.00017318266441529204
atr_14_pct,band_pos,5,0.0110365053638959,0.0299909631749378,1,-0.5006577883425565,-0.30803081475310434,4,0.75,3.6642041640361023,0.0011900470527589748,MGNT,range_v2_balanced,0.00017318266441529204
atr_14_pct,band_pos,5,0.0110365053638959,0.0299909631749378,1,-0.5006577883425565,-0.30803081475310434,4,0.75,3.6642041640361023,0.0011900470527589748,MGNT,range_v2_conservative,0.00017318266441529204
atr_14_pct,band_pos,5,0.0110365053638959,0.0299909631749378,1,-0.5006577883425565,-0.30803081475310434,4,0.75,3.6642041640361023,0.0011900470527589748,MGNT,,0.00017318266441529204
atr_14_pct,band_pos,5,0.0110365053638959,0.0299909631749378,1,-0.5006577883425565,-0.30803081475310434,2,0.0,0.0,-0.0022563804897551,MTSS,range_v0_aggressive,8.659133220764602e-05
atr_14_pct,band_pos,5,0.0110365053638959,0.0299909631749378,1,-0.5006577883425565,-0.30803081475310434,2,0.0,0.0,-0.0022563804897551,MTSS,range_v0_baseline,8.659133220764602e-05
atr_14_pct,band_pos,5,0.0110365053638959,0.0299909631749378,1,-0.5006577883425565,-0.30803081475310434,2,0.0,0.0,-0.0022563804897551,MTSS,range_v0_conservative,8.659133220764602e-05
atr_14_pct,band_pos,5,0.0110365053638959,0.0299909631749378,1,-0.5006577883425565,-0.30803081475310434,2,0.0,0.0,-0.0022563804897551,MTSS,range_v2_aggressive,8.659133220764602e-05
atr_14_pct,band_pos,5,0.0110365053638959,0.0299909631749378,1,-0.5006577883425565,-0.30803081475310434,2,0.0,0.0,-0.0022563804897551,MTSS,range_v2_balanced,8.659133220764602e-05
atr_14_pct,band_pos,5,0.0110365053638959,0.0299909631749378,1,-0.5006577883425565,-0.30803081475310434,2,0.0,0.0,-0.0022563804897551,MTSS,range_v2_conservative,8.659133220764602e-05
atr_14_pct,band_pos,5,0.0110365053638959,0.0299909631749378,1,-0.5006577883425565,-0.30803081475310434,2,0.0,0.0,-0.0022563804897551,MTSS,,8.659133220764602e-05
atr_14_pct,band_pos,5,0.0110365053638959,0.0299909631749378,1,-0.5006577883425565,-0.30803081475310434,2,0.0,0.0,-0.00446344496538125,NLMK,range_v0_aggressive,8.659133220764602e-05
atr_14_pct,band_pos,5,0.0110365053638959,0.0299909631749378,1,-0.5006577883425565,-0.30803081475310434,2,0.0,0.0,-0.00446344496538125,NLMK,range_v0_baseline,8.659133220764602e-05
atr_14_pct,band_pos,5,0.0110365053638959,0.0299909631749378,1,-0.5006577883425565,-0.30803081475310434,2,0.0,0.0,-0.00446344496538125,NLMK,range_v0_conservative,8.659133220764602e-05
atr_14_pct,band_pos,5,0.0110365053638959,0.0299909631749378,1,-0.5006577883425565,-0.30803081475310434,2,0.0,0.0,-0.00446344496538125,NLMK,range_v2_aggressive,8.659133220764602e-05
atr_14_pct,band_pos,5,0.0110365053638959,0.0299909631749378,1,-0.5006577883425565,-0.30803081475310434,2,0.0,0.0,-0.00446344496538125,NLMK,range_v2_balanced,8.659133220764602e-05
atr_14_pct,band_pos,5,0.0110365053638959,0.0299909631749378,1,-0.5006577883425565,-0.30803081475310434,2,0.0,0.0,-0.00446344496538125,NLMK,range_v2_conservative,8.659133220764602e-05
atr_14_pct,band_pos,5,0.0110365053638959,0.0299909631749378,1,-0.5006577883425565,-0.30803081475310434,2,0.0,0.0,-0.00446344496538125,NLMK,,8.659133220764602e-05
atr_14_pct,band_pos,5,0.0110365053638959,0.0299909631749378,1,-0.5006577883425565,-0.30803081475310434,5,0.6,0.5274124664387924,-0.00098660427803886,NVTK,range_v0_aggressive,0.00021647833051911504
atr_14_pct,band_pos,5,0.0110365053638959,0.0299909631749378,1,-0.5006577883425565,-0.30803081475310434,5,0.6,0.5274124664387924,-0.00098660427803886,NVTK,range_v0_baseline,0.00021647833051911504
atr_14_pct,band_pos,5,0.0110365053638959,0.0299909631749378,1,-0.5006577883425565,-0.30803081475310434,5,0.6,0.5274124664387924,-0.00098660427803886,NVTK,range_v0_conservative,0.00021647833051911504
atr_14_pct,band_pos,5,0.0110365053638959,0.0299909631749378,1,-0.5006577883425565,-0.30803081475310434,5,0.6,0.5274124664387924,-0.00098660427803886,NVTK,range_v2_aggressive,0.00021647833051911504
atr_14_pct,band_pos,5,0.0110365053638959,0.0299909631749378,1,-0.5006577883425565,-0.30803081475310434,5,0.6,0.5274124664387924,-0.00098660427803886,NVTK,range_v2_balanced,0.00021647833051911504
atr_14_pct,band_pos,5,0.0110365053638959,0.0299909631749378,1,-0.5006577883425565,-0.30803081475310434,5,0.6,0.5274124664387924,-0.00098660427803886,NVTK,range_v2_conservative,0.00021647833051911504
atr_14_pct,band_pos,5,0.0110365053638959,0.0299909631749378,1,-0.5006577883425565,-0.30803081475310434,5,0.6,0.5274124664387924,-0.00098660427803886,NVTK,,0.00021647833051911504
atr_14_pct,band_pos,5,0.0110365053638959,0.0299909631749378,1,-0.5006577883425565,-0.30803081475310434,15,0.3333333333333333,0.9938750294985362,-6.901008665599906e-06,OZON,range_v0_aggressive,0.0006494349915573451
atr_14_pct,band_pos,5,0.0110365053638959,0.0299909631749378,1,-0.5006577883425565,-0.30803081475310434,15,0.3333333333333333,0.9938750294985362,-6.901008665599906e-06,OZON,range_v0_baseline,0.0006494349915573451
atr_14_pct,band_pos,5,0.0110365053638959,0.0299909631749378,1,-0.5006577883425565,-0.30803081475310434,15,0.3333333333333333,0.9938750294985362,-6.901008665599906e-06,OZON,range_v0_conservative,0.0006494349915573451
atr_14_pct,band_pos,5,0.0110365053638959,0.0299909631749378,1,-0.5006577883425565,-0.30803081475310434,15,0.3333333333333333,0.9938750294985362,-6.901008665599906e-06,OZON,range_v2_aggressive,0.0006494349915573451
atr_14_pct,band_pos,5,0.0110365053638959,0.0299909631749378,1,-0.5006577883425565,-0.30803081475310434,15,0.3333333333333333,0.9938750294985362,-6.901008665599906e-06,OZON,range_v2_balanced,0.0006494349915573451
atr_14_pct,band_pos,5,0.0110365053638959,0.0299909631749378,1,-0.5006577883425565,-0.30803081475310434,15,0.3333333333333333,0.9938750294985362,-6.901008665599906e-06,OZON,range_v2_conservative,0.0006494349915573451
atr_14_pct,band_pos,5,0.0110365053638959,0.0299909631749378,1,-0.5006577883425565,-0.30803081475310434,15,0.3333333333333333,0.9938750294985362,-6.901008665599906e-06,OZON,,0.0006494349915573451
atr_14_pct,band_pos,5,0.0110365053638959,0.0299909631749378,1,-0.5006577883425565,-0.30803081475310434,9,0.1111111111111111,0.2997138885796713,-0.0011209263830324876,PIKK,range_v0_aggressive,0.00038966099493440706
atr_14_pct,band_pos,5,0.0110365053638959,0.0299909631749378,1,-0.5006577883425565,-0.30803081475310434,9,0.1111111111111111,0.2997138885796713,-0.0011209263830324876,PIKK,range_v0_baseline,0.00038966099493440706
atr_14_pct,band_pos,5,0.0110365053638959,0.0299909631749378,1,-0.5006577883425565,-0.30803081475310434,9,0.1111111111111111,0.2997138885796713,-0.0011209263830324876,PIKK,range_v0_conservative,0.00038966099493440706
atr_14_pct,band_pos,5,0.0110365053638959,0.0299909631749378,1,-0.5006577883425565,-0.30803081475310434,9,0.1111111111111111,0.2997138885796713,-0.0011209263830324876,PIKK,range_v2_aggressive,0.00038966099493440706
atr_14_pct,band_pos,5,0.0110365053638959,0.0299909631749378,1,-0.5006577883425565,-0.30803081475310434,9,0.1111111111111111,0.2997138885796713,-0.0011209263830324876,PIKK,range_v2_balanced,0.00038966099493440706
atr_14_pct,band_pos,5,0.0110365053638959,0.0299909631749378,1,-0.5006577883425565,-0.30803081475310434,9,0.1111111111111111,0.2997138885796713,-0.0011209263830324876,PIKK,range_v2_conservative,0.00038966099493440706
atr_14_pct,band_pos,5,0.0110365053638959,0.0299909631749378,1,-0.5006577883425565,-0.30803081475310434,9,0.1111111111111111,0.2997138885796713,-0.0011209263830324876,PIKK,,0.00038966099493440706
atr_14_pct,band_pos,5,0.0110365053638959,0.0299909631749378,1,-0.5006577883425565,-0.30803081475310434,7,0.42857142857142855,1.7183390313297373,0.0007052967639441856,PLZL,range_v0_aggressive,0.00030306966272676105
atr_14_pct,band_pos,5,0.0110365053638959,0.0299909631749378,1,-0.5006577883425565,-0.30803081475310434,7,0.42857142857142855,1.7183390313297373,0.0007052967639441856,PLZL,range_v0_baseline,0.00030306966272676105
atr_14_pct,band_pos,5,0.0110365053638959,0.0299909631749378,1,-0.5006577883425565,-0.30803081475310434,7,0.42857142857142855,1.7183390313297373,0.0007052967639441856,PLZL,range_v0_conservative,0.00030306966272676105
atr_14_pct,band_pos,5,0.0110365053638959,0.0299909631749378,1,-0.5006577883425565,-0.30803081475310434,7,0.42857142857142855,1.7183390313297373,0.0007052967639441856,PLZL,range_v2_aggressive,0.00030306966272676105
atr_14_pct,band_pos,5,0.0110365053638959,0.0299909631749378,1,-0.5006577883425565,-0.30803081475310434,7,0.42857142857142855,1.7183390313297373,0.0007052967639441856,PLZL,range_v2_balanced,0.00030306966272676105
atr_14_pct,band_pos,5,0.0110365053638959,0.0299909631749378,1,-0.5006577883425565,-0.30803081475310434,7,0.42857142857142855,1.7183390313297373,0.0007052967639441856,PLZL,range_v2_conservative,0.00030306966272676105
atr_14_pct,band_pos,5,0.0110365053638959,0.0299909631749378,1,-0.5006577883425565,-0.30803081475310434,7,0.42857142857142855,1.7183390313297373,0.0007052967639441856,PLZL,,0.00030306966272676105
atr_14_pct,band_pos,5,0.0110365053638959,0.0299909631749378,1,-0.5006577883425565,-0.30803081475310434,5,0.2,0.10424215959870563,-0.0026413478135206,ROSN,range_v0_aggressive,0.00021647833051911504
atr_14_pct,band_pos,5,0.0110365053638959,0.0299909631749378,1,-0.5006577883425565,-0.30803081475310434,5,0.2,0.10424215959870563,-0.0026413478135206,ROSN,range_v0_baseline,0.00021647833051911504
atr_14_pct,band_pos,5,0.0110365053638959,0.0299909631749378,1,-0.5006577883425565,-0.30803081475310434,5,0.2,0.10424215959870563,-0.0026413478135206,ROSN,range_v0_conservative,0.00021647833051911504
atr_14_pct,band_pos,5,0.0110365053638959,0.0299909631749378,1,-0.5006577883425565,-0.30803081475310434,5,0.2,0.10424215959870563,-0.0026413478135206,ROSN,range_v2_aggressive,0.00021647833051911504
atr_14_pct,band_pos,5,0.0110365053638959,0.0299909631749378,1,-0.5006577883425565,-0.30803081475310434,5,0.2,0.10424215959870563,-0.0026413478135206,ROSN,range_v2_balanced,0.00021647833051911504
atr_14_pct,band_pos,5,0.0110365053638959,0.0299909631749378,1,-0.5006577883425565,-0.30803081475310434,5,0.2,0.10424215959870563,-0.0026413478135206,ROSN,range_v2_conservative,0.00021647833051911504
atr_14_pct,band_pos,5,0.0110365053638959,0.0299909631749378,1,-0.5006577883425565,-0.30803081475310434,5,0.2,0.10424215959870563,-0.0026413478135206,ROSN,,0.00021647833051911504
atr_14_pct,band_pos,5,0.0110365053638959,0.0299909631749378,1,-0.5006577883425565,-0.30803081475310434,6,0.5,0.9068229221535805,-0.00011610465165361675,SBER,range_v0_aggressive,0.000259773996622938
atr_14_pct,band_pos,5,0.0110365053638959,0.0299909631749378,1,-0.5006577883425565,-0.30803081475310434,6,0.5,0.9068229221535805,-0.00011610465165361675,SBER,range_v0_baseline,0.000259773996622938
atr_14_pct,band_pos,5,0.0110365053638959,0.0299909631749378,1,-0.5006577883425565,-0.30803081475310434,6,0.5,0.9068229221535805,-0.00011610465165361675,SBER,range_v0_conservative,0.000259773996622938
atr_14_pct,band_pos,5,0.0110365053638959,0.0299909631749378,1,-0.5006577883425565,-0.30803081475310434,6,0.5,0.9068229221535805,-0.00011610465165361675,SBER,range_v2_aggressive,0.000259773996622938
atr_14_pct,band_pos,5,0.0110365053638959,0.0299909631749378,1,-0.5006577883425565,-0.30803081475310434,6,0.5,0.9068229221535805,-0.00011610465165361675,SBER,range_v2_balanced,0.000259773996622938
atr_14_pct,band_pos,5,0.0110365053638959,0.0299909631749378,1,-0.5006577883425565,-0.30803081475310434,6,0.5,0.9068229221535805,-0.00011610465165361675,SBER,range_v2_conservative,0.000259773996622938
atr_14_pct,band_pos,5,0.0110365053638959,0.0299909631749378,1,-0.5006577883425565,-0.30803081475310434,12,0.5,0.9068229221535805,-0.00011610465165361675,SBER,,0.000519547993245876
atr_14_pct,band_pos,5,0.0110365053638959,0.0299909631749378,1,-0.5006577883425565,-0.30803081475310434,5,0.6,0.6488290333804934,-0.0007114271373502201,SNGS,range_v0_aggressive,0.00021647833051911504
atr_14_pct,band_pos,5,0.0110365053638959,0.0299909631749378,1,-0.5006577883425565,-0.30803081475310434,5,0.6,0.6488290333804934,-0.0007114271373502201,SNGS,range_v0_baseline,0.00021647833051911504
atr_14_pct,band_pos,5,0.0110365053638959,0.0299909631749378,1,-0.5006577883425565,-0.30803081475310434,5,0.6,0.6488290333804934,-0.0007114271373502201,SNGS,range_v0_conservative,0.00021647833051911504
atr_14_pct,band_pos,5,0.0110365053638959,0.0299909631749378,1,-0.5006577883425565,-0.30803081475310434,5,0.6,0.6488290333804934,-0.0007114271373502201,SNGS,range_v2_aggressive,0.00021647833051911504
atr_14_pct,band_pos,5,0.0110365053638959,0.0299909631749378,1,-0.5006577883425565,-0.30803081475310434,5,0.6,0.6488290333804934,-0.0007114271373502201,SNGS,range_v2_balanced,0.00021647833051911504
atr_14_pct,band_pos,5,0.0110365053638959,0.0299909631749378,1,-0.5006577883425565,-0.30803081475310434,5,0.6,0.6488290333804934,-0.0007114271373502201,SNGS,range_v2_conservative,0.00021647833051911504
atr_14_pct,band_pos,5,0.0110365053638959,0.0299909631749378,1,-0.5006577883425565,-0.30803081475310434,5,0.6,0.6488290333804934,-0.0007114271373502201,SNGS,,0.00021647833051911504
atr_14_pct,band_pos,5,0.0110365053638959,0.0299909631749378,1,-0.5006577883425565,-0.30803081475310434,6,0.6666666666666666,1.722712274695936,0.00044164975577498335,TATN,range_v0_aggressive,0.000259773996622938
atr_14_pct,band_pos,5,0.0110365053638959,0.0299909631749378,1,-0.5006577883425565,-0.30803081475310434,6,0.6666666666666666,1.722712274695936,0.00044164975577498335,TATN,range_v0_baseline,0.000259773996622938
atr_14_pct,band_pos,5,0.0110365053638959,0.0299909631749378,1,-0.5006577883425565,-0.30803081475310434,6,0.6666666666666666,1.722712274695936,0.00044164975577498335,TATN,range_v0_conservative,0.000259773996622938
atr_14_pct,band_pos,5,0.0110365053638959,0.0299909631749378,1,-0.5006577883425565,-0.30803081475310434,6,0.6666666666666666,1.722712274695936,0.00044164975577498335,TATN,range_v2_aggressive,0.000259773996622938
atr_14_pct,band_pos,5,0.0110365053638959,0.0299909631749378,1,-0.5006577883425565,-0.30803081475310434,6,0.6666666666666666,1.722712274695936,0.00044164975577498335,TATN,range_v2_balanced,0.000259773996622938
atr_14_pct,band_pos,5,0.0110365053638959,0.0299909631749378,1,-0.5006577883425565,-0.30803081475310434,6,0.6666666666666666,1.722712274695936,0.00044164975577498335,TATN,range_v2_conservative,0.000259773996622938
atr_14_pct,band_pos,5,0.0110365053638959,0.0299909631749378,1,-0.5006577883425565,-0.30803081475310434,6,0.6666666666666666,1.722712274695936,0.00044164975577498335,TATN,,0.000259773996622938
atr_14_pct,band_pos,5,0.0110365053638959,0.0299909631749378,1,-0.5006577883425565,-0.30803081475310434,20,0.35,0.49817412434134145,-0.0008326709366293699,VKCO,range_v0_aggressive,0.0008659133220764602
atr_14_pct,band_pos,5,0.0110365053638959,0.0299909631749378,1,-0.5006577883425565,-0.30803081475310434,20,0.35,0.49817412434134145,-0.0008326709366293699,VKCO,range_v0_baseline,0.0008659133220764602
atr_14_pct,band_pos,5,0.0110365053638959,0.0299909631749378,1,-0.5006577883425565,-0.30803081475310434,20,0.35,0.49817412434134145,-0.0008326709366293699,VKCO,range_v0_conservative,0.0008659133220764602
atr_14_pct,band_pos,5,0.0110365053638959,0.0299909631749378,1,-0.5006577883425565,-0.30803081475310434,20,0.35,0.49817412434134145,-0.0008326709366293699,VKCO,range_v2_aggressive,0.0008659133220764602
atr_14_pct,band_pos,5,0.0110365053638959,0.0299909631749378,1,-0.5006577883425565,-0.30803081475310434,20,0.35,0.49817412434134145,-0.0008326709366293699,VKCO,range_v2_balanced,0.0008659133220764602
atr_14_pct,band_pos,5,0.0110365053638959,0.0299909631749378,1,-0.5006577883425565,-0.30803081475310434,20,0.35,0.49817412434134145,-0.0008326709366293699,VKCO,range_v2_conservative,0.0008659133220764602
atr_14_pct,band_pos,5,0.0110365053638959,0.0299909631749378,1,-0.5006577883425565,-0.30803081475310434,20,0.35,0.49817412434134145,-0.0008326709366293699,VKCO,,0.0008659133220764602
atr_14_pct,band_pos,5,0.0110365053638959,0.0299909631749378,1,-0.5006577883425565,-0.30803081475310434,19,0.3684210526315789,0.5744927776391838,-0.000701134047365742,YNDX,range_v0_aggressive,0.0008226176559726371
atr_14_pct,band_pos,5,0.0110365053638959,0.0299909631749378,1,-0.5006577883425565,-0.30803081475310434,19,0.3684210526315789,0.5744927776391838,-0.000701134047365742,YNDX,range_v0_baseline,0.0008226176559726371
atr_14_pct,band_pos,5,0.0110365053638959,0.0299909631749378,1,-0.5006577883425565,-0.30803081475310434,19,0.3684210526315789,0.5744927776391838,-0.000701134047365742,YNDX,range_v0_conservative,0.0008226176559726371
atr_14_pct,band_pos,5,0.0110365053638959,0.0299909631749378,1,-0.5006577883425565,-0.30803081475310434,19,0.3684210526315789,0.5744927776391838,-0.000701134047365742,YNDX,range_v2_aggressive,0.0008226176559726371
atr_14_pct,band_pos,5,0.0110365053638959,0.0299909631749378,1,-0.5006577883425565,-0.30803081475310434,19,0.3684210526315789,0.5744927776391838,-0.000701134047365742,YNDX,range_v2_balanced,0.0008226176559726371
atr_14_pct,band_pos,5,0.0110365053638959,0.0299909631749378,1,-0.5006577883425565,-0.30803081475310434,19,0.3684210526315789,0.5744927776391838,-0.000701134047365742,YNDX,range_v2_conservative,0.0008226176559726371
atr_14_pct,band_pos,5,0.0110365053638959,0.0299909631749378,1,-0.5006577883425565,-0.30803081475310434,19,0.3684210526315789,0.5744927776391838,-0.000701134047365742,YNDX,,0.0008226176559726371
atr_14_pct,band_pos,5,0.0110365053638959,0.0299909631749378,2,-0.30803081475310434,-0.1711870966036377,5,0.2,0.027834030030626854,-0.0014413777626198,CHMF,range_v0_aggressive,0.00021647833051911504
atr_14_pct,band_pos,5,0.0110365053638959,0.0299909631749378,2,-0.30803081475310434,-0.1711870966036377,5,0.2,0.027834030030626854,-0.0014413777626198,CHMF,range_v0_baseline,0.00021647833051911504
atr_14_pct,band_pos,5,0.0110365053638959,0.0299909631749378,2,-0.30803081475310434,-0.1711870966036377,5,0.2,0.027834030030626854,-0.0014413777626198,CHMF,range_v0_conservative,0.00021647833051911504
atr_14_pct,band_pos,5,0.0110365053638959,0.0299909631749378,2,-0.30803081475310434,-0.1711870966036377,5,0.2,0.027834030030626854,-0.0014413777626198,CHMF,range_v2_aggressive,0.00021647833051911504
atr_14_pct,band_pos,5,0.0110365053638959,0.0299909631749378,2,-0.30803081475310434,-0.1711870966036377,5,0.2,0.027834030030626854,-0.0014413777626198,CHMF,range_v2_balanced,0.00021647833051911504
atr_14_pct,band_pos,5,0.0110365053638959,0.0299909631749378,2,-0.30803081475310434,-0.1711870966036377,5,0.2,0.027834030030626854,-0.0014413777626198,CHMF,range_v2_conservative,0.00021647833051911504
atr_14_pct,band_pos,5,0.0110365053638959,0.0299909631749378,2,-0.30803081475310434,-0.1711870966036377,5,0.2,0.027834030030626854,-0.0014413777626198,CHMF,,0.00021647833051911504
atr_14_pct,band_pos,5,0.0110365053638959,0.0299909631749378,2,-0.30803081475310434,-0.1711870966036377,3,1.0,inf,0.0026559393149718,GAZP,range_v0_aggressive,0.000129886998311469
atr_14_pct,band_pos,5,0.0110365053638959,0.0299909631749378,2,-0.30803081475310434,-0.1711870966036377,3,1.0,inf,0.0026559393149718,GAZP,range_v0_baseline,0.000129886998311469
atr_14_pct,band_pos,5,0.0110365053638959,0.0299909631749378,2,-0.30803081475310434,-0.1711870966036377,3,1.0,inf,0.0026559393149718,GAZP,range_v0_conservative,0.000129886998311469
atr_14_pct,band_pos,5,0.0110365053638959,0.0299909631749378,2,-0.30803081475310434,-0.1711870966036377,3,1.0,inf,0.0026559393149718,GAZP,range_v2_aggressive,0.000129886998311469
atr_14_pct,band_pos,5,0.0110365053638959,0.0299909631749378,2,-0.30803081475310434,-0.1711870966036377,3,1.0,inf,0.0026559393149718,GAZP,range_v2_balanced,0.000129886998311469
atr_14_pct,band_pos,5,0.0110365053638959,0.0299909631749378,2,-0.30803081475310434,-0.1711870966036377,3,1.0,inf,0.0026559393149718,GAZP,range_v2_conservative,0.000129886998311469
atr_14_pct,band_pos,5,0.0110365053638959,0.0299909631749378,2,-0.30803081475310434,-0.1711870966036377,3,1.0,inf,0.0026559393149718,GAZP,,0.000129886998311469
atr_14_pct,band_pos,5,0.0110365053638959,0.0299909631749378,2,-0.30803081475310434,-0.1711870966036377,5,0.4,0.19428229663691707,-0.0021659260087337996,LKOH,range_v0_aggressive,0.00021647833051911504
atr_14_pct,band_pos,5,0.0110365053638959,0.0299909631749378,2,-0.30803081475310434,-0.1711870966036377,5,0.4,0.19428229663691707,-0.0021659260087337996,LKOH,range_v0_baseline,0.00021647833051911504
atr_14_pct,band_pos,5,0.0110365053638959,0.0299909631749378,2,-0.30803081475310434,-0.1711870966036377,5,0.4,0.19428229663691707,-0.0021659260087337996,LKOH,range_v0_conservative,0.00021647833051911504
atr_14_pct,band_pos,5,0.0110365053638959,0.0299909631749378,2,-0.30803081475310434,-0.1711870966036377,5,0.4,0.19428229663691707,-0.0021659260087337996,LKOH,range_v2_aggressive,0.00021647833051911504
atr_14_pct,band_pos,5,0.0110365053638959,0.0299909631749378,2,-0.30803081475310434,-0.1711870966036377,5,0.4,0.19428229663691707,-0.0021659260087337996,LKOH,range_v2_balanced,0.00021647833051911504
atr_14_pct,band_pos,5,0.0110365053638959,0.0299909631749378,2,-0.30803081475310434,-0.1711870966036377,5,0.4,0.19428229663691707,-0.0021659260087337996,LKOH,range_v2_conservative,0.00021647833051911504
atr_14_pct,band_pos,5,0.0110365053638959,0.0299909631749378,2,-0.30803081475310434,-0.1711870966036377,5,0.4,0.19428229663691707,-0.0021659260087337996,LKOH,,0.00021647833051911504
atr_14_pct,band_pos,5,0.0110365053638959,0.0299909631749378,2,-0.30803081475310434,-0.1711870966036377,2,0.0,0.0,-0.0025182493443277,MGNT,range_v0_aggressive,8.659133220764602e-05
atr_14_pct,band_pos,5,0.0110365053638959,0.0299909631749378,2,-0.30803081475310434,-0.1711870966036377,2,0.0,0.0,-0.0025182493443277,MGNT,range_v0_baseline,8.659133220764602e-05
atr_14_pct,band_pos,5,0.0110365053638959,0.0299909631749378,2,-0.30803081475310434,-0.1711870966036377,2,0.0,0.0,-0.0025182493443277,MGNT,range_v0_conservative,8.659133220764602e-05
atr_14_pct,band_pos,5,0.0110365053638959,0.0299909631749378,2,-0.30803081475310434,-0.1711870966036377,2,0.0,0.0,-0.0025182493443277,MGNT,range_v2_aggressive,8.659133220764602e-05
atr_14_pct,band_pos,5,0.0110365053638959,0.0299909631749378,2,-0.30803081475310434,-0.1711870966036377,2,0.0,0.0,-0.0025182493443277,MGNT,range_v2_balanced,8.659133220764602e-05
atr_14_pct,band_pos,5,0.0110365053638959,0.0299909631749378,2,-0.30803081475310434,-0.1711870966036377,2,0.0,0.0,-0.0025182493443277,MGNT,range_v2_conservative,8.659133220764602e-05
atr_14_pct,band_pos,5,0.0110365053638959,0.0299909631749378,2,-0.30803081475310434,-0.1711870966036377,2,0.0,0.0,-0.0025182493443277,MGNT,,8.659133220764602e-05
atr_14_pct,band_pos,5,0.0110365053638959,0.0299909631749378,2,-0.30803081475310434,-0.1711870966036377,2,0.0,0.0,-0.0036568322646901,MTSS,range_v0_aggressive,8.659133220764602e-05
atr_14_pct,band_pos,5,0.0110365053638959,0.0299909631749378,2,-0.30803081475310434,-0.1711870966036377,2,0.0,0.0,-0.0036568322646901,MTSS,range_v0_baseline,8.659133220764602e-05
atr_14_pct,band_pos,5,0.0110365053638959,0.0299909631749378,2,-0.30803081475310434,-0.1711870966036377,2,0.0,0.0,-0.0036568322646901,MTSS,range_v0_conservative,8.659133220764602e-05
atr_14_pct,band_pos,5,0.0110365053638959,0.0299909631749378,2,-0.30803081475310434,-0.1711870966036377,2,0.0,0.0,-0.0036568322646901,MTSS,range_v2_aggressive,8.659133220764602e-05
atr_14_pct,band_pos,5,0.0110365053638959,0.0299909631749378,2,-0.30803081475310434,-0.1711870966036377,2,0.0,0.0,-0.0036568322646901,MTSS,range_v2_balanced,8.659133220764602e-05
atr_14_pct,band_pos,5,0.0110365053638959,0.0299909631749378,2,-0.30803081475310434,-0.1711870966036377,2,0.0,0.0,-0.0036568322646901,MTSS,range_v2_conservative,8.659133220764602e-05
atr_14_pct,band_pos,5,0.0110365053638959,0.0299909631749378,2,-0.30803081475310434,-0.1711870966036377,2,0.0,0.0,-0.0036568322646901,MTSS,,8.659133220764602e-05
atr_14_pct,band_pos,5,0.0110365053638959,0.0299909631749378,2,-0.30803081475310434,-0.1711870966036377,2,0.0,0.0,-0.00146189501467775,NLMK,range_v0_aggressive,8.659133220764602e-05
atr_14_pct,band_pos,5,0.0110365053638959,0.0299909631749378,2,-0.30803081475310434,-0.1711870966036377,2,0.0,0.0,-0.00146189501467775,NLMK,range_v0_baseline,8.659133220764602e-05
atr_14_pct,band_pos,5,0.0110365053638959,0.0299909631749378,2,-0.30803081475310434,-0.1711870966036377,2,0.0,0.0,-0.00146189501467775,NLMK,range_v0_conservative,8.659133220764602e-05
atr_14_pct,band_pos,5,0.0110365053638959,0.0299909631749378,2,-0.30803081475310434,-0.1711870966036377,2,0.0,0.0,-0.00146189501467775,NLMK,range_v2_aggressive,8.659133220764602e-05
atr_14_pct,band_pos,5,0.0110365053638959,0.0299909631749378,2,-0.30803081475310434,-0.1711870966036377,2,0.0,0.0,-0.00146189501467775,NLMK,range_v2_balanced,8.659133220764602e-05
atr_14_pct,band_pos,5,0.0110365053638959,0.0299909631749378,2,-0.30803081475310434,-0.1711870966036377,2,0.0,0.0,-0.00146189501467775,NLMK,range_v2_conservative,8.659133220764602e-05
atr_14_pct,band_pos,5,0.0110365053638959,0.0299909631749378,2,-0.30803081475310434,-0.1711870966036377,2,0.0,0.0,-0.00146189501467775,NLMK,,8.659133220764602e-05
atr_14_pct,band_pos,5,0.0110365053638959,0.0299909631749378,2,-0.30803081475310434,-0.1711870966036377,5,0.4,0.845746597286526,-0.00016404358647948,NVTK,range_v0_aggressive,0.00021647833051911504
atr_14_pct,band_pos,5,0.0110365053638959,0.0299909631749378,2,-0.30803081475310434,-0.1711870966036377,5,0.4,0.845746597286526,-0.00016404358647948,NVTK,range_v0_baseline,0.00021647833051911504
atr_14_pct,band_pos,5,0.0110365053638959,0.0299909631749378,2,-0.30803081475310434,-0.1711870966036377,5,0.4,0.845746597286526,-0.00016404358647948,NVTK,range_v0_conservative,0.00021647833051911504
atr_14_pct,band_pos,5,0.0110365053638959,0.0299909631749378,2,-0.30803081475310434,-0.1711870966036377,5,0.4,0.845746597286526,-0.00016404358647948,NVTK,range_v2_aggressive,0.00021647833051911504
atr_14_pct,band_pos,5,0.0110365053638959,0.0299909631749378,2,-0.30803081475310434,-0.1711870966036377,5,0.4,0.845746597286526,-0.00016404358647948,NVTK,range_v2_balanced,0.00021647833051911504
atr_14_pct,band_pos,5,0.0110365053638959,0.0299909631749378,2,-0.30803081475310434,-0.1711870966036377,5,0.4,0.845746597286526,-0.00016404358647948,NVTK,range_v2_conservative,0.00021647833051911504
atr_14_pct,band_pos,5,0.0110365053638959,0.0299909631749378,2,-0.30803081475310434,-0.1711870966036377,5,0.4,0.845746597286526,-0.00016404358647948,NVTK,,0.00021647833051911504
atr_14_pct,band_pos,5,0.0110365053638959,0.0299909631749378,2,-0.30803081475310434,-0.1711870966036377,18,0.2777777777777778,0.47471649116580433,-0.0008814445435847888,OZON,range_v0_aggressive,0.0007793219898688141
atr_14_pct,band_pos,5,0.0110365053638959,0.0299909631749378,2,-0.30803081475310434,-0.1711870966036377,18,0.2777777777777778,0.47471649116580433,-0.0008814445435847888,OZON,range_v0_baseline,0.0007793219898688141
atr_14_pct,band_pos,5,0.0110365053638959,0.0299909631749378,2,-0.30803081475310434,-0.1711870966036377,18,0.2777777777777778,0.47471649116580433,-0.0008814445435847888,OZON,range_v0_conservative,0.0007793219898688141
atr_14_pct,band_pos,5,0.0110365053638959,0.0299909631749378,2,-0.30803081475310434,-0.1711870966036377,18,0.2777777777777778,0.47471649116580433,-0.0008814445435847888,OZON,range_v2_aggressive,0.0007793219898688141
atr_14_pct,band_pos,5,0.0110365053638959,0.0299909631749378,2,-0.30803081475310434,-0.1711870966036377,18,0.2777777777777778,0.47471649116580433,-0.0008814445435847888,OZON,range_v2_balanced,0.0007793219898688141
atr_14_pct,band_pos,5,0.0110365053638959,0.0299909631749378,2,-0.30803081475310434,-0.1711870966036377,18,0.2777777777777778,0.47471649116580433,-0.0008814445435847888,OZON,range_v2_conservative,0.0007793219898688141
atr_14_pct,band_pos,5,0.0110365053638959,0.0299909631749378,2,-0.30803081475310434,-0.1711870966036377,18,0.2777777777777778,0.47471649116580433,-0.0008814445435847888,OZON,,0.0007793219898688141
atr_14_pct,band_pos,5,0.0110365053638959,0.0299909631749378,2,-0.30803081475310434,-0.1711870966036377,7,0.5714285714285714,1.3045369282921075,0.00031254986451992843,PIKK,range_v0_aggressive,0.00030306966272676105
atr_14_pct,band_pos,5,0.0110365053638959,0.0299909631749378,2,-0.30803081475310434,-0.1711870966036377,7,0.5714285714285714,1.3045369282921075,0.00031254986451992843,PIKK,range_v0_baseline,0.00030306966272676105
atr_14_pct,band_pos,5,0.0110365053638959,0.0299909631749378,2,-0.30803081475310434,-0.1711870966036377,7,0.5714285714285714,1.3045369282921075,0.00031254986451992843,PIKK,range_v0_conservative,0.00030306966272676105
atr_14_pct,band_pos,5,0.0110365053638959,0.0299909631749378,2,-0.30803081475310434,-0.1711870966036377,7,0.5714285714285714,1.3045369282921075,0.00031254986451992843,PIKK,range_v2_aggressive,0.00030306966272676105
atr_14_pct,band_pos,5,0.0110365053638959,0.0299909631749378,2,-0.30803081475310434,-0.1711870966036377,7,0.5714285714285714,1.3045369282921075,0.00031254986451992843,PIKK,range_v2_balanced,0.00030306966272676105
atr_14_pct,band_pos,5,0.0110365053638959,0.0299909631749378,2,-0.30803081475310434,-0.1711870966036377,7,0.5714285714285714,1.3045369282921075,0.00031254986451992843,PIKK,range_v2_conservative,0.00030306966272676105
atr_14_pct,band_pos,5,0.0110365053638959,0.0299909631749378,2,-0.30803081475310434,-0.1711870966036377,7,0.5714285714285714,1.3045369282921075,0.00031254986451992843,PIKK,,0.00030306966272676105
atr_14_pct,band_pos,5,0.0110365053638959,0.0299909631749378,2,-0.30803081475310434,-0.1711870966036377,1,0.0,0.0,-0.0107162453125,PLZL,range_v0_aggressive,4.329566610382301e-05
atr_14_pct,band_pos,5,0.0110365053638959,0.0299909631749378,2,-0.30803081475310434,-0.1711870966036377,1,0.0,0.0,-0.0107162453125,PLZL,range_v0_baseline,4.329566610382301e-05
atr_14_pct,band_pos,5,0.0110365053638959,0.0299909631749378,2,-0.30803081475310434,-0.1711870966036377,1,0.0,0.0,-0.0107162453125,PLZL,range_v0_conservative,4.329566610382301e-05
atr_14_pct,band_pos,5,0.0110365053638959,0.0299909631749378,2,-0.30803081475310434,-0.1711870966036377,1,0.0,0.0,-0.0107162453125,PLZL,range_v2_aggressive,4.329566610382301e-05
atr_14_pct,band_pos,5,0.0110365053638959,0.0299909631749378,2,-0.30803081475310434,-0.1711870966036377,1,0.0,0.0,-0.0107162453125,PLZL,range_v2_balanced,4.329566610382301e-05
atr_14_pct,band_pos,5,0.0110365053638959,0.0299909631749378,2,-0.30803081475310434,-0.1711870966036377,1,0.0,0.0,-0.0107162453125,PLZL,range_v2_conservative,4.329566610382301e-05
atr_14_pct,band_pos,5,0.0110365053638959,0.0299909631749378,2,-0.30803081475310434,-0.1711870966036377,1,0.0,0.0,-0.0107162453125,PLZL,,4.329566610382301e-05
atr_14_pct,band_pos,5,0.0110365053638959,0.0299909631749378,2,-0.30803081475310434,-0.1711870966036377,4,0.25,0.33588161276062783,-0.00094786927103285,ROSN,range_v0_aggressive,0.00017318266441529204
atr_14_pct,band_pos,5,0.0110365053638959,0.0299909631749378,2,-0.30803081475310434,-0.1711870966036377,4,0.25,0.33588161276062783,-0.00094786927103285,ROSN,range_v0_baseline,0.00017318266441529204
atr_14_pct,band_pos,5,0.0110365053638959,0.0299909631749378,2,-0.30803081475310434,-0.1711870966036377,4,0.25,0.33588161276062783,-0.00094786927103285,ROSN,range_v0_conservative,0.00017318266441529204
atr_14_pct,band_pos,5,0.0110365053638959,0.0299909631749378,2,-0.30803081475310434,-0.1711870966036377,4,0.25,0.33588161276062783,-0.00094786927103285,ROSN,range_v2_aggressive,0.00017318266441529204
atr_14_pct,band_pos,5,0.0110365053638959,0.0299909631749378,2,-0.30803081475310434,-0.1711870966036377,4,0.25,0.33588161276062783,-0.00094786927103285,ROSN,range_v2_balanced,0.00017318266441529204
atr_14_pct,band_pos,5,0.0110365053638959,0.0299909631749378,2,-0.30803081475310434,-0.1711870966036377,4,0.25,0.33588161276062783,-0.00094786927103285,ROSN,range_v2_conservative,0.00017318266441529204
atr_14_pct,band_pos,5,0.0110365053638959,0.0299909631749378,2,-0.30803081475310434,-0.1711870966036377,4,0.25,0.33588161276062783,-0.00094786927103285,ROSN,,0.00017318266441529204
atr_14_pct,band_pos,5,0.0110365053638959,0.0299909631749378,2,-0.30803081475310434,-0.1711870966036377,5,0.6,1.10066116667269,0.00010235108535039998,SBER,range_v0_aggressive,0.00021647833051911504
atr_14_pct,band_pos,5,0.0110365053638959,0.0299909631749378,2,-0.30803081475310434,-0.1711870966036377,5,0.6,1.10066116667269,0.00010235108535039998,SBER,range_v0_baseline,0.00021647833051911504
atr_14_pct,band_pos,5,0.0110365053638959,0.0299909631749378,2,-0.30803081475310434,-0.1711870966036377,5,0.6,1.10066116667269,0.00010235108535039998,SBER,range_v0_conservative,0.00021647833051911504
atr_14_pct,band_pos,5,0.0110365053638959,0.0299909631749378,2,-0.30803081475310434,-0.1711870966036377,5,0.6,1.10066116667269,0.00010235108535039998,SBER,range_v2_aggressive,0.00021647833051911504
atr_14_pct,band_pos,5,0.0110365053638959,0.0299909631749378,2,-0.30803081475310434,-0.1711870966036377,5,0.6,1.10066116667269,0.00010235108535039998,SBER,range_v2_balanced,0.00021647833051911504
atr_14_pct,band_pos,5,0.0110365053638959,0.0299909631749378,2,-0.30803081475310434,-0.1711870966036377,5,0.6,1.10066116667269,0.00010235108535039998,SBER,range_v2_conservative,0.00021647833051911504
atr_14_pct,band_pos,5,0.0110365053638959,0.0299909631749378,2,-0.30803081475310434,-0.1711870966036377,10,0.6,1.10066116667269,0.00010235108535039999,SBER,,0.0004329566610382301
atr_14_pct,band_pos,5,0.0110365053638959,0.0299909631749378,2,-0.30803081475310434,-0.1711870966036377,1,1.0,inf,0.0044525932647333,SNGS,range_v0_aggressive,4.329566610382301e-05
atr_14_pct,band_pos,5,0.0110365053638959,0.0299909631749378,2,-0.30803081475310434,-0.1711870966036377,1,1.0,inf,0.0044525932647333,SNGS,range_v0_baseline,4.329566610382301e-05
atr_14_pct,band_pos,5,0.0110365053638959,0.0299909631749378,2,-0.30803081475310434,-0.1711870966036377,1,1.0,inf,0.0044525932647333,SNGS,range_v0_conservative,4.329566610382301e-05
atr_14_pct,band_pos,5,0.0110365053638959,0.0299909631749378,2,-0.30803081475310434,-0.1711870966036377,1,1.0,inf,0.0044525932647333,SNGS,range_v2_aggressive,4.329566610382301e-05
atr_14_pct,band_pos,5,0.0110365053638959,0.0299909631749378,2,-0.30803081475310434,-0.1711870966036377,1,1.0,inf,0.0044525932647333,SNGS,range_v2_balanced,4.329566610382301e-05
atr_14_pct,band_pos,5,0.0110365053638959,0.0299909631749378,2,-0.30803081475310434,-0.1711870966036377,1,1.0,inf,0.0044525932647333,SNGS,range_v2_conservative,4.329566610382301e-05
atr_14_pct,band_pos,5,0.0110365053638959,0.0299909631749378,2,-0.30803081475310434,-0.1711870966036377,1,1.0,inf,0.0044525932647333,SNGS,,4.329566610382301e-05
atr_14_pct,band_pos,5,0.0110365053638959,0.0299909631749378,2,-0.30803081475310434,-0.1711870966036377,3,0.0,0.0,-0.0036908873716945665,TATN,range_v0_aggressive,0.000129886998311469
atr_14_pct,band_pos,5,0.0110365053638959,0.0299909631749378,2,-0.30803081475310434,-0.1711870966036377,3,0.0,0.0,-0.0036908873716945665,TATN,range_v0_baseline,0.000129886998311469
atr_14_pct,band_pos,5,0.0110365053638959,0.0299909631749378,2,-0.30803081475310434,-0.1711870966036377,3,0.0,0.0,-0.0036908873716945665,TATN,range_v0_conservative,0.000129886998311469
atr_14_pct,band_pos,5,0.0110365053638959,0.0299909631749378,2,-0.30803081475310434,-0.1711870966036377,3,0.0,0.0,-0.0036908873716945665,TATN,range_v2_aggressive,0.000129886998311469
atr_14_pct,band_pos,5,0.0110365053638959,0.0299909631749378,2,-0.30803081475310434,-0.1711870966036377,3,0.0,0.0,-0.0036908873716945665,TATN,range_v2_balanced,0.000129886998311469
atr_14_pct,band_pos,5,0.0110365053638959,0.0299909631749378,2,-0.30803081475310434,-0.1711870966036377,3,0.0,0.0,-0.0036908873716945665,TATN,range_v2_conservative,0.000129886998311469
atr_14_pct,band_pos,5,0.0110365053638959,0.0299909631749378,2,-0.30803081475310434,-0.1711870966036377,3,0.0,0.0,-0.0036908873716945665,TATN,,0.000129886998311469
atr_14_pct,band_pos,5,0.0110365053638959,0.0299909631749378,2,-0.30803081475310434,-0.1711870966036377,10,0.1,0.17768606183381946,-0.0017499788217401654,VKCO,range_v0_aggressive,0.0004329566610382301
atr_14_pct,band_pos,5,0.0110365053638959,0.0299909631749378,2,-0.30803081475310434,-0.1711870966036377,10,0.1,0.17768606183381946,-0.0017499788217401654,VKCO,range_v0_baseline,0.0004329566610382301
atr_14_pct,band_pos,5,0.0110365053638959,0.0299909631749378,2,-0.30803081475310434,-0.1711870966036377,10,0.1,0.17768606183381946,-0.0017499788217401654,VKCO,range_v0_conservative,0.0004329566610382301
atr_14_pct,band_pos,5,0.0110365053638959,0.0299909631749378,2,-0.30803081475310434,-0.1711870966036377,10,0.1,0.17768606183381946,-0.0017499788217401654,VKCO,range_v2_aggressive,0.0004329566610382301
atr_14_pct,band_pos,5,0.0110365053638959,0.0299909631749378,2,-0.30803081475310434,-0.1711870966036377,10,0.1,0.17768606183381946,-0.0017499788217401654,VKCO,range_v2_balanced,0.0004329566610382301
atr_14_pct,band_pos,5,0.0110365053638959,0.0299909631749378,2,-0.30803081475310434,-0.1711870966036377,10,0.1,0.17768606183381946,-0.0017499788217401654,VKCO,range_v2_conservative,0.0004329566610382301
atr_14_pct,band_pos,5,0.0110365053638959,0.0299909631749378,2,-0.30803081475310434,-0.1711870966036377,10,0.1,0.17768606183381946,-0.0017499788217401654,VKCO,,0.0004329566610382301
atr_14_pct,band_pos,5,0.0110365053638959,0.0299909631749378,2,-0.30803081475310434,-0.1711870966036377,12,0.3333333333333333,0.5756641916219634,-0.0004922762100708463,YNDX,range_v0_aggressive,0.000519547993245876
atr_14_pct,band_pos,5,0.0110365053638959,0.0299909631749378,2,-0.30803081475310434,-0.1711870966036377,12,0.3333333333333333,0.5756641916219634,-0.0004922762100708463,YNDX,range_v0_baseline,0.000519547993245876
atr_14_pct,band_pos,5,0.0110365053638959,0.0299909631749378,2,-0.30803081475310434,-0.1711870966036377,12,0.3333333333333333,0.5756641916219634,-0.0004922762100708463,YNDX,range_v0_conservative,0.000519547993245876
atr_14_pct,band_pos,5,0.0110365053638959,0.0299909631749378,2,-0.30803081475310434,-0.1711870966036377,12,0.3333333333333333,0.5756641916219634,-0.0004922762100708463,YNDX,range_v2_aggressive,0.000519547993245876
atr_14_pct,band_pos,5,0.0110365053638959,0.0299909631749378,2,-0.30803081475310434,-0.1711870966036377,12,0.3333333333333333,0.5756641916219634,-0.0004922762100708463,YNDX,range_v2_balanced,0.000519547993245876
atr_14_pct,band_pos,5,0.0110365053638959,0.0299909631749378,2,-0.30803081475310434,-0.1711870966036377,12,0.3333333333333333,0.5756641916219634,-0.0004922762100708463,YNDX,range_v2_conservative,0.000519547993245876
atr_14_pct,band_pos,5,0.0110365053638959,0.0299909631749378,2,-0.30803081475310434,-0.1711870966036377,12,0.3333333333333333,0.5756641916219634,-0.0004922762100708463,YNDX,,0.000519547993245876
atr_14_pct,band_pos,5,0.0110365053638959,0.0299909631749378,3,-0.1711870966036377,-0.071158473171634,3,0.3333333333333333,1.4531514182780254,0.00045243598315850003,CHMF,range_v0_aggressive,0.000129886998311469
atr_14_pct,band_pos,5,0.0110365053638959,0.0299909631749378,3,-0.1711870966036377,-0.071158473171634,3,0.3333333333333333,1.4531514182780254,0.00045243598315850003,CHMF,range_v0_baseline,0.000129886998311469
atr_14_pct,band_pos,5,0.0110365053638959,0.0299909631749378,3,-0.1711870966036377,-0.071158473171634,3,0.3333333333333333,1.4531514182780254,0.00045243598315850003,CHMF,range_v0_conservative,0.000129886998311469
atr_14_pct,band_pos,5,0.0110365053638959,0.0299909631749378,3,-0.1711870966036377,-0.071158473171634,3,0.3333333333333333,1.4531514182780254,0.00045243598315850003,CHMF,range_v2_aggressive,0.000129886998311469
atr_14_pct,band_pos,5,0.0110365053638959,0.0299909631749378,3,-0.1711870966036377,-0.071158473171634,3,0.3333333333333333,1.4531514182780254,0.00045243598315850003,CHMF,range_v2_balanced,0.000129886998311469
atr_14_pct,band_pos,5,0.0110365053638959,0.0299909631749378,3,-0.1711870966036377,-0.071158473171634,3,0.3333333333333333,1.4531514182780254,0.00045243598315850003,CHMF,range_v2_conservative,0.000129886998311469
atr_14_pct,band_pos,5,0.0110365053638959,0.0299909631749378,3,-0.1711870966036377,-0.071158473171634,3,0.3333333333333333,1.4531514182780254,0.00045243598315850003,CHMF,,0.000129886998311469
atr_14_pct,band_pos,5,0.0110365053638959,0.0299909631749378,3,-0.1711870966036377,-0.071158473171634,3,0.0,0.0,-0.005218818756242433,GAZP,range_v0_aggressive,0.000129886998311469
atr_14_pct,band_pos,5,0.0110365053638959,0.0299909631749378,3,-0.1711870966036377,-0.071158473171634,3,0.0,0.0,-0.005218818756242433,GAZP,range_v0_baseline,0.000129886998311469
atr_14_pct,band_pos,5,0.0110365053638959,0.0299909631749378,3,-0.1711870966036377,-0.071158473171634,3,0.0,0.0,-0.005218818756242433,GAZP,range_v0_conservative,0.000129886998311469
atr_14_pct,band_pos,5,0.0110365053638959,0.0299909631749378,3,-0.1711870966036377,-0.071158473171634,3,0.0,0.0,-0.005218818756242433,GAZP,range_v2_aggressive,0.000129886998311469
atr_14_pct,band_pos,5,0.0110365053638959,0.0299909631749378,3,-0.1711870966036377,-0.071158473171634,3,0.0,0.0,-0.005218818756242433,GAZP,range_v2_balanced,0.000129886998311469
atr_14_pct,band_pos,5,0.0110365053638959,0.0299909631749378,3,-0.1711870966036377,-0.071158473171634,3,0.0,0.0,-0.005218818756242433,GAZP,range_v2_conservative,0.000129886998311469
atr_14_pct,band_pos,5,0.0110365053638959,0.0299909631749378,3,-0.1711870966036377,-0.071158473171634,3,0.0,0.0,-0.005218818756242433,GAZP,,0.000129886998311469
atr_14_pct,band_pos,5,0.0110365053638959,0.0299909631749378,3,-0.1711870966036377,-0.071158473171634,1,0.0,0.0,-0.000748684164859,GMKN,range_v0_aggressive,4.329566610382301e-05
atr_14_pct,band_pos,5,0.0110365053638959,0.0299909631749378,3,-0.1711870966036377,-0.071158473171634,1,0.0,0.0,-0.000748684164859,GMKN,range_v0_baseline,4.329566610382301e-05
atr_14_pct,band_pos,5,0.0110365053638959,0.0299909631749378,3,-0.1711870966036377,-0.071158473171634,1,0.0,0.0,-0.000748684164859,GMKN,range_v0_conservative,4.329566610382301e-05
atr_14_pct,band_pos,5,0.0110365053638959,0.0299909631749378,3,-0.1711870966036377,-0.071158473171634,1,0.0,0.0,-0.000748684164859,GMKN,range_v2_aggressive,4.329566610382301e-05
atr_14_pct,band_pos,5,0.0110365053638959,0.0299909631749378,3,-0.1711870966036377,-0.071158473171634,1,0.0,0.0,-0.000748684164859,GMKN,range_v2_balanced,4.329566610382301e-05
atr_14_pct,band_pos,5,0.0110365053638959,0.0299909631749378,3,-0.1711870966036377,-0.071158473171634,1,0.0,0.0,-0.000748684164859,GMKN,range_v2_conservative,4.329566610382301e-05
atr_14_pct,band_pos,5,0.0110365053638959,0.0299909631749378,3,-0.1711870966036377,-0.071158473171634,1,0.0,0.0,-0.000748684164859,GMKN,,4.329566610382301e-05
atr_14_pct,band_pos,5,0.0110365053638959,0.0299909631749378,3,-0.1711870966036377,-0.071158473171634,2,0.5,0.7209503783586924,-0.00024140551922615001,LKOH,range_v0_aggressive,8.659133220764602e-05
atr_14_pct,band_pos,5,0.0110365053638959,0.0299909631749378,3,-0.1711870966036377,-0.071158473171634,2,0.5,0.7209503783586924,-0.00024140551922615001,LKOH,range_v0_baseline,8.659133220764602e-05
atr_14_pct,band_pos,5,0.0110365053638959,0.0299909631749378,3,-0.1711870966036377,-0.071158473171634,2,0.5,0.7209503783586924,-0.00024140551922615001,LKOH,range_v0_conservative,8.659133220764602e-05
atr_14_pct,band_pos,5,0.0110365053638959,0.0299909631749378,3,-0.1711870966036377,-0.071158473171634,2,0.5,0.7209503783586924,-0.00024140551922615001,LKOH,range_v2_aggressive,8.659133220764602e-05
atr_14_pct,band_pos,5,0.0110365053638959,0.0299909631749378,3,-0.1711870966036377,-0.071158473171634,2,0.5,0.7209503783586924,-0.00024140551922615001,LKOH,range_v2_balanced,8.659133220764602e-05
atr_14_pct,band_pos,5,0.0110365053638959,0.0299909631749378,3,-0.1711870966036377,-0.071158473171634,2,0.5,0.7209503783586924,-0.00024140551922615001,LKOH,range_v2_conservative,8.659133220764602e-05
atr_14_pct,band_pos,5,0.0110365053638959,0.0299909631749378,3,-0.1711870966036377,-0.071158473171634,2,0.5,0.7209503783586924,-0.00024140551922615001,LKOH,,8.659133220764602e-05
atr_14_pct,band_pos,5,0.0110365053638959,0.0299909631749378,3,-0.1711870966036377,-0.071158473171634,3,1.0,inf,0.002295837016164567,MGNT,range_v0_aggressive,0.000129886998311469
atr_14_pct,band_pos,5,0.0110365053638959,0.0299909631749378,3,-0.1711870966036377,-0.071158473171634,3,1.0,inf,0.002295837016164567,MGNT,range_v0_baseline,0.000129886998311469
atr_14_pct,band_pos,5,0.0110365053638959,0.0299909631749378,3,-0.1711870966036377,-0.071158473171634,3,1.0,inf,0.002295837016164567,MGNT,range_v0_conservative,0.000129886998311469
atr_14_pct,band_pos,5,0.0110365053638959,0.0299909631749378,3,-0.1711870966036377,-0.071158473171634,3,1.0,inf,0.002295837016164567,MGNT,range_v2_aggressive,0.000129886998311469
atr_14_pct,band_pos,5,0.0110365053638959,0.0299909631749378,3,-0.1711870966036377,-0.071158473171634,3,1.0,inf,0.002295837016164567,MGNT,range_v2_balanced,0.000129886998311469
atr_14_pct,band_pos,5,0.0110365053638959,0.0299909631749378,3,-0.1711870966036377,-0.071158473171634,3,1.0,inf,0.002295837016164567,MGNT,range_v2_conservative,0.000129886998311469
atr_14_pct,band_pos,5,0.0110365053638959,0.0299909631749378,3,-0.1711870966036377,-0.071158473171634,3,1.0,inf,0.002295837016164567,MGNT,,0.000129886998311469
atr_14_pct,band_pos,5,0.0110365053638959,0.0299909631749378,3,-0.1711870966036377,-0.071158473171634,1,0.0,0.0,-0.0010689847368421,MTSS,range_v0_aggressive,4.329566610382301e-05
atr_14_pct,band_pos,5,0.0110365053638959,0.0299909631749378,3,-0.1711870966036377,-0.071158473171634,1,0.0,0.0,-0.0010689847368421,MTSS,range_v0_baseline,4.329566610382301e-05
atr_14_pct,band_pos,5,0.0110365053638959,0.0299909631749378,3,-0.1711870966036377,-0.071158473171634,1,0.0,0.0,-0.0010689847368421,MTSS,range_v0_conservative,4.329566610382301e-05
atr_14_pct,band_pos,5,0.0110365053638959,0.0299909631749378,3,-0.1711870966036377,-0.071158473171634,1,0.0,0.0,-0.0010689847368421,MTSS,range_v2_aggressive,4.329566610382301e-05
atr_14_pct,band_pos,5,0.0110365053638959,0.0299909631749378,3,-0.1711870966036377,-0.071158473171634,1,0.0,0.0,-0.0010689847368421,MTSS,range_v2_balanced,4.329566610382301e-05
atr_14_pct,band_pos,5,0.0110365053638959,0.0299909631749378,3,-0.1711870966036377,-0.071158473171634,1,0.0,0.0,-0.0010689847368421,MTSS,range_v2_conservative,4.329566610382301e-05
atr_14_pct,band_pos,5,0.0110365053638959,0.0299909631749378,3,-0.1711870966036377,-0.071158473171634,1,0.0,0.0,-0.0010689847368421,MTSS,,4.329566610382301e-05
atr_14_pct,band_pos,5,0.0110365053638959,0.0299909631749378,3,-0.1711870966036377,-0.071158473171634,3,0.6666666666666666,2.0726946613548556,0.0008710835984941666,NLMK,range_v0_aggressive,0.000129886998311469
atr_14_pct,band_pos,5,0.0110365053638959,0.0299909631749378,3,-0.1711870966036377,-0.071158473171634,3,0.6666666666666666,2.0726946613548556,0.0008710835984941666,NLMK,range_v0_baseline,0.000129886998311469
atr_14_pct,band_pos,5,0.0110365053638959,0.0299909631749378,3,-0.1711870966036377,-0.071158473171634,3,0.6666666666666666,2.0726946613548556,0.0008710835984941666,NLMK,range_v0_conservative,0.000129886998311469
atr_14_pct,band_pos,5,0.0110365053638959,0.0299909631749378,3,-0.1711870966036377,-0.071158473171634,3,0.6666666666666666,2.0726946613548556,0.0008710835984941666,NLMK,range_v2_aggressive,0.000129886998311469
atr_14_pct,band_pos,5,0.0110365053638959,0.0299909631749378,3,-0.1711870966036377,-0.071158473171634,3,0.6666666666666666,2.0726946613548556,0.0008710835984941666,NLMK,range_v2_balanced,0.000129886998311469
atr_14_pct,band_pos,5,0.0110365053638959,0.0299909631749378,3,-0.1711870966036377,-0.071158473171634,3,0.6666666666666666,2.0726946613548556,0.0008710835984941666,NLMK,range_v2_conservative,0.000129886998311469
atr_14_pct,band_pos,5,0.0110365053638959,0.0299909631749378,3,-0.1711870966036377,-0.071158473171634,3,0.6666666666666666,2.0726946613548556,0.0008710835984941666,NLMK,,0.000129886998311469
atr_14_pct,band_pos,5,0.0110365053638959,0.0299909631749378,3,-0.1711870966036377,-0.071158473171634,4,0.5,1.158792564110037,0.00013694536073225003,NVTK,range_v0_aggressive,0.00017318266441529204
atr_14_pct,band_pos,5,0.0110365053638959,0.0299909631749378,3,-0.1711870966036377,-0.071158473171634,4,0.5,1.158792564110037,0.00013694536073225003,NVTK,range_v0_baseline,0.00017318266441529204
atr_14_pct,band_pos,5,0.0110365053638959,0.0299909631749378,3,-0.1711870966036377,-0.071158473171634,4,0.5,1.158792564110037,0.00013694536073225003,NVTK,range_v0_conservative,0.00017318266441529204
atr_14_pct,band_pos,5,0.0110365053638959,0.0299909631749378,3,-0.1711870966036377,-0.071158473171634,4,0.5,1.158792564110037,0.00013694536073225003,NVTK,range_v2_aggressive,0.00017318266441529204
atr_14_pct,band_pos,5,0.0110365053638959,0.0299909631749378,3,-0.1711870966036377,-0.071158473171634,4,0.5,1.158792564110037,0.00013694536073225003,NVTK,range_v2_balanced,0.00017318266441529204
atr_14_pct,band_pos,5,0.0110365053638959,0.0299909631749378,3,-0.1711870966036377,-0.071158473171634,4,0.5,1.158792564110037,0.00013694536073225003,NVTK,range_v2_conservative,0.00017318266441529204
atr_14_pct,band_pos,5,0.0110365053638959,0.0299909631749378,3,-0.1711870966036377,-0.071158473171634,4,0.5,1.158792564110037,0.00013694536073225003,NVTK,,0.00017318266441529204
atr_14_pct,band_pos,5,0.0110365053638959,0.0299909631749378,3,-0.1711870966036377,-0.071158473171634,21,0.3333333333333333,0.7513658779091987,-0.00030569719297345727,OZON,range_v0_aggressive,0.0009092089881802832
atr_14_pct,band_pos,5,0.0110365053638959,0.0299909631749378,3,-0.1711870966036377,-0.071158473171634,21,0.3333333333333333,0.7513658779091987,-0.00030569719297345727,OZON,range_v0_baseline,0.0009092089881802832
atr_14_pct,band_pos,5,0.0110365053638959,0.0299909631749378,3,-0.1711870966036377,-0.071158473171634,21,0.3333333333333333,0.7513658779091987,-0.00030569719297345727,OZON,range_v0_conservative,0.0009092089881802832
atr_14_pct,band_pos,5,0.0110365053638959,0.0299909631749378,3,-0.1711870966036377,-0.071158473171634,21,0.3333333333333333,0.7513658779091987,-0.00030569719297345727,OZON,range_v2_aggressive,0.0009092089881802832
atr_14_pct,band_pos,5,0.0110365053638959,0.0299909631749378,3,-0.1711870966036377,-0.071158473171634,21,0.3333333333333333,0.7513658779091987,-0.00030569719297345727,OZON,range_v2_balanced,0.0009092089881802832
atr_14_pct,band_pos,5,0.0110365053638959,0.0299909631749378,3,-0.1711870966036377,-0.071158473171634,21,0.3333333333333333,0.7513658779091987,-0.00030569719297345727,OZON,range_v2_conservative,0.0009092089881802832
atr_14_pct,band_pos,5,0.0110365053638959,0.0299909631749378,3,-0.1711870966036377,-0.071158473171634,21,0.3333333333333333,0.7513658779091987,-0.00030569719297345727,OZON,,0.0009092089881802832
atr_14_pct,band_pos,5,0.0110365053638959,0.0299909631749378,3,-0.1711870966036377,-0.071158473171634,7,0.2857142857142857,0.7930610525344783,-0.00018179715109809997,PIKK,range_v0_aggressive,0.00030306966272676105
atr_14_pct,band_pos,5,0.0110365053638959,0.0299909631749378,3,-0.1711870966036377,-0.071158473171634,7,0.2857142857142857,0.7930610525344783,-0.00018179715109809997,PIKK,range_v0_baseline,0.00030306966272676105
atr_14_pct,band_pos,5,0.0110365053638959,0.0299909631749378,3,-0.1711870966036377,-0.071158473171634,7,0.2857142857142857,0.7930610525344783,-0.00018179715109809997,PIKK,range_v0_conservative,0.00030306966272676105
atr_14_pct,band_pos,5,0.0110365053638959,0.0299909631749378,3,-0.1711870966036377,-0.071158473171634,7,0.2857142857142857,0.7930610525344783,-0.00018179715109809997,PIKK,range_v2_aggressive,0.00030306966272676105
atr_14_pct,band_pos,5,0.0110365053638959,0.0299909631749378,3,-0.1711870966036377,-0.071158473171634,7,0.2857142857142857,0.7930610525344783,-0.00018179715109809997,PIKK,range_v2_balanced,0.00030306966272676105
atr_14_pct,band_pos,5,0.0110365053638959,0.0299909631749378,3,-0.1711870966036377,-0.071158473171634,7,0.2857142857142857,0.7930610525344783,-0.00018179715109809997,PIKK,range_v2_conservative,0.00030306966272676105
atr_14_pct,band_pos,5,0.0110365053638959,0.0299909631749378,3,-0.1711870966036377,-0.071158473171634,7,0.2857142857142857,0.7930610525344783,-0.00018179715109809997,PIKK,,0.00030306966272676105
atr_14_pct,band_pos,5,0.0110365053638959,0.0299909631749378,3,-0.1711870966036377,-0.071158473171634,4,0.25,0.3000909451368824,-0.00125448096616225,PLZL,range_v0_aggressive,0.00017318266441529204
atr_14_pct,band_pos,5,0.0110365053638959,0.0299909631749378,3,-0.1711870966036377,-0.071158473171634,4,0.25,0.3000909451368824,-0.00125448096616225,PLZL,range_v0_baseline,0.00017318266441529204
atr_14_pct,band_pos,5,0.0110365053638959,0.0299909631749378,3,-0.1711870966036377,-0.071158473171634,4,0.25,0.3000909451368824,-0.00125448096616225,PLZL,range_v0_conservative,0.00017318266441529204
atr_14_pct,band_pos,5,0.0110365053638959,0.0299909631749378,3,-0.1711870966036377,-0.071158473171634,4,0.25,0.3000909451368824,-0.00125448096616225,PLZL,range_v2_aggressive,0.00017318266441529204
atr_14_pct,band_pos,5,0.0110365053638959,0.0299909631749378,3,-0.1711870966036377,-0.071158473171634,4,0.25,0.3000909451368824,-0.00125448096616225,PLZL,range_v2_balanced,0.00017318266441529204
atr_14_pct,band_pos,5,0.0110365053638959,0.0299909631749378,3,-0.1711870966036377,-0.071158473171634,4,0.25,0.3000909451368824,-0.00125448096616225,PLZL,range_v2_conservative,0.00017318266441529204
atr_14_pct,band_pos,5,0.0110365053638959,0.0299909631749378,3,-0.1711870966036377,-0.071158473171634,4,0.25,0.3000909451368824,-0.00125448096616225,PLZL,,0.00017318266441529204
atr_14_pct,band_pos,5,0.0110365053638959,0.0299909631749378,3,-0.1711870966036377,-0.071158473171634,2,0.5,1.216388350949045,0.00033693813351984986,ROSN,range_v0_aggressive,8.659133220764602e-05
atr_14_pct,band_pos,5,0.0110365053638959,0.0299909631749378,3,-0.1711870966036377,-0.071158473171634,2,0.5,1.216388350949045,0.00033693813351984986,ROSN,range_v0_baseline,8.659133220764602e-05
atr_14_pct,band_pos,5,0.0110365053638959,0.0299909631749378,3,-0.1711870966036377,-0.071158473171634,2,0.5,1.216388350949045,0.00033693813351984986,ROSN,range_v0_conservative,8.659133220764602e-05
atr_14_pct,band_pos,5,0.0110365053638959,0.0299909631749378,3,-0.1711870966036377,-0.071158473171634,2,0.5,1.216388350949045,0.00033693813351984986,ROSN,range_v2_aggressive,8.659133220764602e-05
atr_14_pct,band_pos,5,0.0110365053638959,0.0299909631749378,3,-0.1711870966036377,-0.071158473171634,2,0.5,1.216388350949045,0.00033693813351984986,ROSN,range_v2_balanced,8.659133220764602e-05
atr_14_pct,band_pos,5,0.0110365053638959,0.0299909631749378,3,-0.1711870966036377,-0.071158473171634,2,0.5,1.216388350949045,0.00033693813351984986,ROSN,range_v2_conservative,8.659133220764602e-05
atr_14_pct,band_pos,5,0.0110365053638959,0.0299909631749378,3,-0.1711870966036377,-0.071158473171634,2,0.5,1.216388350949045,0.00033693813351984986,ROSN,,8.659133220764602e-05
atr_14_pct,band_pos,5,0.0110365053638959,0.0299909631749378,3,-0.1711870966036377,-0.071158473171634,5,0.6,1.2855480087446842,0.0003525015928409998,SBER,range_v0_aggressive,0.00021647833051911504
atr_14_pct,band_pos,5,0.0110365053638959,0.0299909631749378,3,-0.1711870966036377,-0.071158473171634,5,0.6,1.2855480087446842,0.0003525015928409998,SBER,range_v0_baseline,0.00021647833051911504
atr_14_pct,band_pos,5,0.0110365053638959,0.0299909631749378,3,-0.1711870966036377,-0.071158473171634,5,0.6,1.2855480087446842,0.0003525015928409998,SBER,range_v0_conservative,0.00021647833051911504
atr_14_pct,band_pos,5,0.0110365053638959,0.0299909631749378,3,-0.1711870966036377,-0.071158473171634,5,0.6,1.2855480087446842,0.0003525015928409998,SBER,range_v2_aggressive,0.00021647833051911504
atr_14_pct,band_pos,5,0.0110365053638959,0.0299909631749378,3,-0.1711870966036377,-0.071158473171634,5,0.6,1.2855480087446842,0.0003525015928409998,SBER,range_v2_balanced,0.00021647833051911504
atr_14_pct,band_pos,5,0.0110365053638959,0.0299909631749378,3,-0.1711870966036377,-0.071158473171634,5,0.6,1.2855480087446842,0.0003525015928409998,SBER,range_v2_conservative,0.00021647833051911504
atr_14_pct,band_pos,5,0.0110365053638959,0.0299909631749378,3,-0.1711870966036377,-0.071158473171634,10,0.6,1.2855480087446842,0.00035250159284099983,SBER,,0.0004329566610382301
atr_14_pct,band_pos,5,0.0110365053638959,0.0299909631749378,3,-0.1711870966036377,-0.071158473171634,5,0.6,1.264023627421679,0.00032479512879658,TATN,range_v0_aggressive,0.00021647833051911504
atr_14_pct,band_pos,5,0.0110365053638959,0.0299909631749378,3,-0.1711870966036377,-0.071158473171634,5,0.6,1.264023627421679,0.00032479512879658,TATN,range_v0_baseline,0.00021647833051911504
atr_14_pct,band_pos,5,0.0110365053638959,0.0299909631749378,3,-0.1711870966036377,-0.071158473171634,5,0.6,1.264023627421679,0.00032479512879658,TATN,range_v0_conservative,0.00021647833051911504
atr_14_pct,band_pos,5,0.0110365053638959,0.0299909631749378,3,-0.1711870966036377,-0.071158473171634,5,0.6,1.264023627421679,0.00032479512879658,TATN,range_v2_aggressive,0.00021647833051911504
atr_14_pct,band_pos,5,0.0110365053638959,0.0299909631749378,3,-0.1711870966036377,-0.071158473171634,5,0.6,1.264023627421679,0.00032479512879658,TATN,range_v2_balanced,0.00021647833051911504
atr_14_pct,band_pos,5,0.0110365053638959,0.0299909631749378,3,-0.1711870966036377,-0.071158473171634,5,0.6,1.264023627421679,0.00032479512879658,TATN,range_v2_conservative,0.00021647833051911504
atr_14_pct,band_pos,5,0.0110365053638959,0.0299909631749378,3,-0.1711870966036377,-0.071158473171634,5,0.6,1.264023627421679,0.00032479512879658,TATN,,0.00021647833051911504
atr_14_pct,band_pos,5,0.0110365053638959,0.0299909631749378,3,-0.1711870966036377,-0.071158473171634,14,0.35714285714285715,0.8415651494381609,-0.00020266254021522143,VKCO,range_v0_aggressive,0.0006061393254535221
atr_14_pct,band_pos,5,0.0110365053638959,0.0299909631749378,3,-0.1711870966036377,-0.071158473171634,14,0.35714285714285715,0.8415651494381609,-0.00020266254021522143,VKCO,range_v0_baseline,0.0006061393254535221
atr_14_pct,band_pos,5,0.0110365053638959,0.0299909631749378,3,-0.1711870966036377,-0.071158473171634,14,0.35714285714285715,0.8415651494381609,-0.00020266254021522143,VKCO,range_v0_conservative,0.0006061393254535221
atr_14_pct,band_pos,5,0.0110365053638959,0.0299909631749378,3,-0.1711870966036377,-0.071158473171634,14,0.35714285714285715,0.8415651494381609,-0.00020266254021522143,VKCO,range_v2_aggressive,0.0006061393254535221
atr_14_pct,band_pos,5,0.0110365053638959,0.0299909631749378,3,-0.1711870966036377,-0.071158473171634,14,0.35714285714285715,0.8415651494381609,-0.00020266254021522143,VKCO,range_v2_balanced,0.0006061393254535221
atr_14_pct,band_pos,5,0.0110365053638959,0.0299909631749378,3,-0.1711870966036377,-0.071158473171634,14,0.35714285714285715,0.8415651494381609,-0.00020266254021522143,VKCO,range_v2_conservative,0.0006061393254535221
atr_14_pct,band_pos,5,0.0110365053638959,0.0299909631749378,3,-0.1711870966036377,-0.071158473171634,14,0.35714285714285715,0.8415651494381609,-0.00020266254021522143,VKCO,,0.0006061393254535221
atr_14_pct,band_pos,5,0.0110365053638959,0.0299909631749378,3,-0.1711870966036377,-0.071158473171634,10,0.5,1.47746114398948,0.0004875053591612201,YNDX,range_v0_aggressive,0.0004329566610382301
atr_14_pct,band_pos,5,0.0110365053638959,0.0299909631749378,3,-0.1711870966036377,-0.071158473171634,10,0.5,1.47746114398948,0.0004875053591612201,YNDX,range_v0_baseline,0.0004329566610382301
atr_14_pct,band_pos,5,0.0110365053638959,0.0299909631749378,3,-0.1711870966036377,-0.071158473171634,10,0.5,1.47746114398948,0.0004875053591612201,YNDX,range_v0_conservative,0.0004329566610382301
atr_14_pct,band_pos,5,0.0110365053638959,0.0299909631749378,3,-0.1711870966036377,-0.071158473171634,10,0.5,1.47746114398948,0.0004875053591612201,YNDX,range_v2_aggressive,0.0004329566610382301
atr_14_pct,band_pos,5,0.0110365053638959,0.0299909631749378,3,-0.1711870966036377,-0.071158473171634,10,0.5,1.47746114398948,0.0004875053591612201,YNDX,range_v2_balanced,0.0004329566610382301
atr_14_pct,band_pos,5,0.0110365053638959,0.0299909631749378,3,-0.1711870966036377,-0.071158473171634,10,0.5,1.47746114398948,0.0004875053591612201,YNDX,range_v2_conservative,0.0004329566610382301
atr_14_pct,band_pos,5,0.0110365053638959,0.0299909631749378,3,-0.1711870966036377,-0.071158473171634,10,0.5,1.47746114398948,0.0004875053591612201,YNDX,,0.0004329566610382301
atr_14_pct,band_pos,5,0.0110365053638959,0.0299909631749378,4,-0.071158473171634,-0.0056471173799039,2,0.5,1.4673395802819893,0.00035503274980334997,CHMF,range_v0_aggressive,8.659133220764602e-05
atr_14_pct,band_pos,5,0.0110365053638959,0.0299909631749378,4,-0.071158473171634,-0.0056471173799039,2,0.5,1.4673395802819893,0.00035503274980334997,CHMF,range_v0_baseline,8.659133220764602e-05
atr_14_pct,band_pos,5,0.0110365053638959,0.0299909631749378,4,-0.071158473171634,-0.0056471173799039,2,0.5,1.4673395802819893,0.00035503274980334997,CHMF,range_v0_conservative,8.659133220764602e-05
atr_14_pct,band_pos,5,0.0110365053638959,0.0299909631749378,4,-0.071158473171634,-0.0056471173799039,2,0.5,1.4673395802819893,0.00035503274980334997,CHMF,range_v2_aggressive,8.659133220764602e-05
atr_14_pct,band_pos,5,0.0110365053638959,0.0299909631749378,4,-0.071158473171634,-0.0056471173799039,2,0.5,1.4673395802819893,0.00035503274980334997,CHMF,range_v2_balanced,8.659133220764602e-05
atr_14_pct,band_pos,5,0.0110365053638959,0.0299909631749378,4,-0.071158473171634,-0.0056471173799039,2,0.5,1.4673395802819893,0.00035503274980334997,CHMF,range_v2_conservative,8.659133220764602e-05
atr_14_pct,band_pos,5,0.0110365053638959,0.0299909631749378,4,-0.071158473171634,-0.0056471173799039,2,0.5,1.4673395802819893,0.00035503274980334997,CHMF,,8.659133220764602e-05
atr_14_pct,band_pos,5,0.0110365053638959,0.0299909631749378,4,-0.071158473171634,-0.0056471173799039,4,0.25,0.5739683299316934,-0.0005652970856959501,GAZP,range_v0_aggressive,0.00017318266441529204
atr_14_pct,band_pos,5,0.0110365053638959,0.0299909631749378,4,-0.071158473171634,-0.0056471173799039,4,0.25,0.5739683299316934,-0.0005652970856959501,GAZP,range_v0_baseline,0.00017318266441529204
atr_14_pct,band_pos,5,0.0110365053638959,0.0299909631749378,4,-0.071158473171634,-0.0056471173799039,4,0.25,0.5739683299316934,-0.0005652970856959501,GAZP,range_v0_conservative,0.00017318266441529204
atr_14_pct,band_pos,5,0.0110365053638959,0.0299909631749378,4,-0.071158473171634,-0.0056471173799039,4,0.25,0.5739683299316934,-0.0005652970856959501,GAZP,range_v2_aggressive,0.00017318266441529204
atr_14_pct,band_pos,5,0.0110365053638959,0.0299909631749378,4,-0.071158473171634,-0.0056471173799039,4,0.25,0.5739683299316934,-0.0005652970856959501,GAZP,range_v2_balanced,0.00017318266441529204
atr_14_pct,band_pos,5,0.0110365053638959,0.0299909631749378,4,-0.071158473171634,-0.0056471173799039,4,0.25,0.5739683299316934,-0.0005652970856959501,GAZP,range_v2_conservative,0.00017318266441529204
atr_14_pct,band_pos,5,0.0110365053638959,0.0299909631749378,4,-0.071158473171634,-0.0056471173799039,4,0.25,0.5739683299316934,-0.0005652970856959501,GAZP,,0.00017318266441529204
atr_14_pct,band_pos,5,0.0110365053638959,0.0299909631749378,4,-0.071158473171634,-0.0056471173799039,1,1.0,inf,0.0011985441872561,GMKN,range_v0_aggressive,4.329566610382301e-05
atr_14_pct,band_pos,5,0.0110365053638959,0.0299909631749378,4,-0.071158473171634,-0.0056471173799039,1,1.0,inf,0.0011985441872561,GMKN,range_v0_baseline,4.329566610382301e-05
atr_14_pct,band_pos,5,0.0110365053638959,0.0299909631749378,4,-0.071158473171634,-0.0056471173799039,1,1.0,inf,0.0011985441872561,GMKN,range_v0_conservative,4.329566610382301e-05
atr_14_pct,band_pos,5,0.0110365053638959,0.0299909631749378,4,-0.071158473171634,-0.0056471173799039,1,1.0,inf,0.0011985441872561,GMKN,range_v2_aggressive,4.329566610382301e-05
atr_14_pct,band_pos,5,0.0110365053638959,0.0299909631749378,4,-0.071158473171634,-0.0056471173799039,1,1.0,inf,0.0011985441872561,GMKN,range_v2_balanced,4.329566610382301e-05
atr_14_pct,band_pos,5,0.0110365053638959,0.0299909631749378,4,-0.071158473171634,-0.0056471173799039,1,1.0,inf,0.0011985441872561,GMKN,range_v2_conservative,4.329566610382301e-05
atr_14_pct,band_pos,5,0.0110365053638959,0.0299909631749378,4,-0.071158473171634,-0.0056471173799039,1,1.0,inf,0.0011985441872561,GMKN,,4.329566610382301e-05
atr_14_pct,band_pos,5,0.0110365053638959,0.0299909631749378,4,-0.071158473171634,-0.0056471173799039,1,1.0,inf,0.0036772760268231,LKOH,range_v0_aggressive,4.329566610382301e-05
atr_14_pct,band_pos,5,0.0110365053638959,0.0299909631749378,4,-0.071158473171634,-0.0056471173799039,1,1.0,inf,0.0036772760268231,LKOH,range_v0_baseline,4.329566610382301e-05
atr_14_pct,band_pos,5,0.0110365053638959,0.0299909631749378,4,-0.071158473171634,-0.0056471173799039,1,1.0,inf,0.0036772760268231,LKOH,range_v0_conservative,4.329566610382301e-05
atr_14_pct,band_pos,5,0.0110365053638959,0.0299909631749378,4,-0.071158473171634,-0.0056471173799039,1,1.0,inf,0.0036772760268231,LKOH,range_v2_aggressive,4.329566610382301e-05
atr_14_pct,band_pos,5,0.0110365053638959,0.0299909631749378,4,-0.071158473171634,-0.0056471173799039,1,1.0,inf,0.0036772760268231,LKOH,range_v2_balanced,4.329566610382301e-05
atr_14_pct,band_pos,5,0.0110365053638959,0.0299909631749378,4,-0.071158473171634,-0.0056471173799039,1,1.0,inf,0.0036772760268231,LKOH,range_v2_conservative,4.329566610382301e-05
atr_14_pct,band_pos,5,0.0110365053638959,0.0299909631749378,4,-0.071158473171634,-0.0056471173799039,1,1.0,inf,0.0036772760268231,LKOH,,4.329566610382301e-05
atr_14_pct,band_pos,5,0.0110365053638959,0.0299909631749378,4,-0.071158473171634,-0.0056471173799039,3,0.0,0.0,-0.0023862303346495668,MGNT,range_v0_aggressive,0.000129886998311469
atr_14_pct,band_pos,5,0.0110365053638959,0.0299909631749378,4,-0.071158473171634,-0.0056471173799039,3,0.0,0.0,-0.0023862303346495668,MGNT,range_v0_baseline,0.000129886998311469
atr_14_pct,band_pos,5,0.0110365053638959,0.0299909631749378,4,-0.071158473171634,-0.0056471173799039,3,0.0,0.0,-0.0023862303346495668,MGNT,range_v0_conservative,0.000129886998311469
atr_14_pct,band_pos,5,0.0110365053638959,0.0299909631749378,4,-0.071158473171634,-0.0056471173799039,3,0.0,0.0,-0.0023862303346495668,MGNT,range_v2_aggressive,0.000129886998311469
atr_14_pct,band_pos,5,0.0110365053638959,0.0299909631749378,4,-0.071158473171634,-0.0056471173799039,3,0.0,0.0,-0.0023862303346495668,MGNT,range_v2_balanced,0.000129886998311469
atr_14_pct,band_pos,5,0.0110365053638959,0.0299909631749378,4,-0.071158473171634,-0.0056471173799039,3,0.0,0.0,-0.0023862303346495668,MGNT,range_v2_conservative,0.000129886998311469
atr_14_pct,band_pos,5,0.0110365053638959,0.0299909631749378,4,-0.071158473171634,-0.0056471173799039,3,0.0,0.0,-0.0023862303346495668,MGNT,,0.000129886998311469
atr_14_pct,band_pos,5,0.0110365053638959,0.0299909631749378,4,-0.071158473171634,-0.0056471173799039,3,0.3333333333333333,1.4479871809474758,0.0005198689358530665,MTSS,range_v0_aggressive,0.000129886998311469
atr_14_pct,band_pos,5,0.0110365053638959,0.0299909631749378,4,-0.071158473171634,-0.0056471173799039,3,0.3333333333333333,1.4479871809474758,0.0005198689358530665,MTSS,range_v0_baseline,0.000129886998311469
atr_14_pct,band_pos,5,0.0110365053638959,0.0299909631749378,4,-0.071158473171634,-0.0056471173799039,3,0.3333333333333333,1.4479871809474758,0.0005198689358530665,MTSS,range_v0_conservative,0.000129886998311469
atr_14_pct,band_pos,5,0.0110365053638959,0.0299909631749378,4,-0.071158473171634,-0.0056471173799039,3,0.3333333333333333,1.4479871809474758,0.0005198689358530665,MTSS,range_v2_aggressive,0.000129886998311469
atr_14_pct,band_pos,5,0.0110365053638959,0.0299909631749378,4,-0.071158473171634,-0.0056471173799039,3,0.3333333333333333,1.4479871809474758,0.0005198689358530665,MTSS,range_v2_balanced,0.000129886998311469
atr_14_pct,band_pos,5,0.0110365053638959,0.0299909631749378,4,-0.071158473171634,-0.0056471173799039,3,0.3333333333333333,1.4479871809474758,0.0005198689358530665,MTSS,range_v2_conservative,0.000129886998311469
atr_14_pct,band_pos,5,0.0110365053638959,0.0299909631749378,4,-0.071158473171634,-0.0056471173799039,3,0.3333333333333333,1.4479871809474758,0.0005198689358530665,MTSS,,0.000129886998311469
atr_14_pct,band_pos,5,0.0110365053638959,0.0299909631749378,4,-0.071158473171634,-0.0056471173799039,2,0.5,0.8642177271958751,-0.00010138042793965006,NLMK,range_v0_aggressive,8.659133220764602e-05
atr_14_pct,band_pos,5,0.0110365053638959,0.0299909631749378,4,-0.071158473171634,-0.0056471173799039,2,0.5,0.8642177271958751,-0.00010138042793965006,NLMK,range_v0_baseline,8.659133220764602e-05
atr_14_pct,band_pos,5,0.0110365053638959,0.0299909631749378,4,-0.071158473171634,-0.0056471173799039,2,0.5,0.8642177271958751,-0.00010138042793965006,NLMK,range_v0_conservative,8.659133220764602e-05
atr_14_pct,band_pos,5,0.0110365053638959,0.0299909631749378,4,-0.071158473171634,-0.0056471173799039,2,0.5,0.8642177271958751,-0.00010138042793965006,NLMK,range_v2_aggressive,8.659133220764602e-05
atr_14_pct,band_pos,5,0.0110365053638959,0.0299909631749378,4,-0.071158473171634,-0.0056471173799039,2,0.5,0.8642177271958751,-0.00010138042793965006,NLMK,range_v2_balanced,8.659133220764602e-05
atr_14_pct,band_pos,5,0.0110365053638959,0.0299909631749378,4,-0.071158473171634,-0.0056471173799039,2,0.5,0.8642177271958751,-0.00010138042793965006,NLMK,range_v2_conservative,8.659133220764602e-05
atr_14_pct,band_pos,5,0.0110365053638959,0.0299909631749378,4,-0.071158473171634,-0.0056471173799039,2,0.5,0.8642177271958751,-0.00010138042793965006,NLMK,,8.659133220764602e-05
atr_14_pct,band_pos,5,0.0110365053638959,0.0299909631749378,4,-0.071158473171634,-0.0056471173799039,4,0.5,1.6780104931556332,0.0007263712966165248,NVTK,range_v0_aggressive,0.00017318266441529204
atr_14_pct,band_pos,5,0.0110365053638959,0.0299909631749378,4,-0.071158473171634,-0.0056471173799039,4,0.5,1.6780104931556332,0.0007263712966165248,NVTK,range_v0_baseline,0.00017318266441529204
atr_14_pct,band_pos,5,0.0110365053638959,0.0299909631749378,4,-0.071158473171634,-0.0056471173799039,4,0.5,1.6780104931556332,0.0007263712966165248,NVTK,range_v0_conservative,0.00017318266441529204
atr_14_pct,band_pos,5,0.0110365053638959,0.0299909631749378,4,-0.071158473171634,-0.0056471173799039,4,0.5,1.6780104931556332,0.0007263712966165248,NVTK,range_v2_aggressive,0.00017318266441529204
atr_14_pct,band_pos,5,0.0110365053638959,0.0299909631749378,4,-0.071158473171634,-0.0056471173799039,4,0.5,1.6780104931556332,0.0007263712966165248,NVTK,range_v2_balanced,0.00017318266441529204
atr_14_pct,band_pos,5,0.0110365053638959,0.0299909631749378,4,-0.071158473171634,-0.0056471173799039,4,0.5,1.6780104931556332,0.0007263712966165248,NVTK,range_v2_conservative,0.00017318266441529204
atr_14_pct,band_pos,5,0.0110365053638959,0.0299909631749378,4,-0.071158473171634,-0.0056471173799039,4,0.5,1.6780104931556332,0.0007263712966165248,NVTK,,0.00017318266441529204
atr_14_pct,band_pos,5,0.0110365053638959,0.0299909631749378,4,-0.071158473171634,-0.0056471173799039,12,0.16666666666666666,0.0453903245625027,-0.0018839729387190585,OZON,range_v0_aggressive,0.000519547993245876
atr_14_pct,band_pos,5,0.0110365053638959,0.0299909631749378,4,-0.071158473171634,-0.0056471173799039,12,0.16666666666666666,0.0453903245625027,-0.0018839729387190585,OZON,range_v0_baseline,0.000519547993245876
atr_14_pct,band_pos,5,0.0110365053638959,0.0299909631749378,4,-0.071158473171634,-0.0056471173799039,12,0.16666666666666666,0.0453903245625027,-0.0018839729387190585,OZON,range_v0_conservative,0.000519547993245876
atr_14_pct,band_pos,5,0.0110365053638959,0.0299909631749378,4,-0.071158473171634,-0.0056471173799039,12,0.16666666666666666,0.0453903245625027,-0.0018839729387190585,OZON,range_v2_aggressive,0.000519547993245876
atr_14_pct,band_pos,5,0.0110365053638959,0.0299909631749378,4,-0.071158473171634,-0.0056471173799039,12,0.16666666666666666,0.0453903245625027,-0.0018839729387190585,OZON,range_v2_balanced,0.000519547993245876
atr_14_pct,band_pos,5,0.0110365053638959,0.0299909631749378,4,-0.071158473171634,-0.0056471173799039,12,0.16666666666666666,0.0453903245625027,-0.0018839729387190585,OZON,range_v2_conservative,0.000519547993245876
atr_14_pct,band_pos,5,0.0110365053638959,0.0299909631749378,4,-0.071158473171634,-0.0056471173799039,12,0.16666666666666666,0.0453903245625027,-0.0018839729387190585,OZON,,0.000519547993245876
atr_14_pct,band_pos,5,0.0110365053638959,0.0299909631749378,4,-0.071158473171634,-0.0056471173799039,9,0.3333333333333333,0.5813053201663407,-0.0005215988906985667,PIKK,range_v0_aggressive,0.00038966099493440706
atr_14_pct,band_pos,5,0.0110365053638959,0.0299909631749378,4,-0.071158473171634,-0.0056471173799039,9,0.3333333333333333,0.5813053201663407,-0.0005215988906985667,PIKK,range_v0_baseline,0.00038966099493440706
atr_14_pct,band_pos,5,0.0110365053638959,0.0299909631749378,4,-0.071158473171634,-0.0056471173799039,9,0.3333333333333333,0.5813053201663407,-0.0005215988906985667,PIKK,range_v0_conservative,0.00038966099493440706
atr_14_pct,band_pos,5,0.0110365053638959,0.0299909631749378,4,-0.071158473171634,-0.0056471173799039,9,0.3333333333333333,0.5813053201663407,-0.0005215988906985667,PIKK,range_v2_aggressive,0.00038966099493440706
atr_14_pct,band_pos,5,0.0110365053638959,0.0299909631749378,4,-0.071158473171634,-0.0056471173799039,9,0.3333333333333333,0.5813053201663407,-0.0005215988906985667,PIKK,range_v2_balanced,0.00038966099493440706
atr_14_pct,band_pos,5,0.0110365053638959,0.0299909631749378,4,-0.071158473171634,-0.0056471173799039,9,0.3333333333333333,0.5813053201663407,-0.0005215988906985667,PIKK,range_v2_conservative,0.00038966099493440706
atr_14_pct,band_pos,5,0.0110365053638959,0.0299909631749378,4,-0.071158473171634,-0.0056471173799039,9,0.3333333333333333,0.5813053201663407,-0.0005215988906985667,PIKK,,0.00038966099493440706
atr_14_pct,band_pos,5,0.0110365053638959,0.0299909631749378,4,-0.071158473171634,-0.0056471173799039,2,0.5,1.5192817767364226,0.0003002514830494499,PLZL,range_v0_aggressive,8.659133220764602e-05
atr_14_pct,band_pos,5,0.0110365053638959,0.0299909631749378,4,-0.071158473171634,-0.0056471173799039,2,0.5,1.5192817767364226,0.0003002514830494499,PLZL,range_v0_baseline,8.659133220764602e-05
atr_14_pct,band_pos,5,0.0110365053638959,0.0299909631749378,4,-0.071158473171634,-0.0056471173799039,2,0.5,1.5192817767364226,0.0003002514830494499,PLZL,range_v0_conservative,8.659133220764602e-05
atr_14_pct,band_pos,5,0.0110365053638959,0.0299909631749378,4,-0.071158473171634,-0.0056471173799039,2,0.5,1.5192817767364226,0.0003002514830494499,PLZL,range_v2_aggressive,8.659133220764602e-05
atr_14_pct,band_pos,5,0.0110365053638959,0.0299909631749378,4,-0.071158473171634,-0.0056471173799039,2,0.5,1.5192817767364226,0.0003002514830494499,PLZL,range_v2_balanced,8.659133220764602e-05
atr_14_pct,band_pos,5,0.0110365053638959,0.0299909631749378,4,-0.071158473171634,-0.0056471173799039,2,0.5,1.5192817767364226,0.0003002514830494499,PLZL,range_v2_conservative,8.659133220764602e-05
atr_14_pct,band_pos,5,0.0110365053638959,0.0299909631749378,4,-0.071158473171634,-0.0056471173799039,2,0.5,1.5192817767364226,0.0003002514830494499,PLZL,,8.659133220764602e-05
atr_14_pct,band_pos,5,0.0110365053638959,0.0299909631749378,4,-0.071158473171634,-0.0056471173799039,4,0.5,1.8766018505875264,0.0004170349353385,ROSN,range_v0_aggressive,0.00017318266441529204
atr_14_pct,band_pos,5,0.0110365053638959,0.0299909631749378,4,-0.071158473171634,-0.0056471173799039,4,0.5,1.8766018505875264,0.0004170349353385,ROSN,range_v0_baseline,0.00017318266441529204
atr_14_pct,band_pos,5,0.0110365053638959,0.0299909631749378,4,-0.071158473171634,-0.0056471173799039,4,0.5,1.8766018505875264,0.0004170349353385,ROSN,range_v0_conservative,0.00017318266441529204
atr_14_pct,band_pos,5,0.0110365053638959,0.0299909631749378,4,-0.071158473171634,-0.0056471173799039,4,0.5,1.8766018505875264,0.0004170349353385,ROSN,range_v2_aggressive,0.00017318266441529204
atr_14_pct,band_pos,5,0.0110365053638959,0.0299909631749378,4,-0.071158473171634,-0.0056471173799039,4,0.5,1.8766018505875264,0.0004170349353385,ROSN,range_v2_balanced,0.00017318266441529204
atr_14_pct,band_pos,5,0.0110365053638959,0.0299909631749378,4,-0.071158473171634,-0.0056471173799039,4,0.5,1.8766018505875264,0.0004170349353385,ROSN,range_v2_conservative,0.00017318266441529204
atr_14_pct,band_pos,5,0.0110365053638959,0.0299909631749378,4,-0.071158473171634,-0.0056471173799039,4,0.5,1.8766018505875264,0.0004170349353385,ROSN,,0.00017318266441529204
atr_14_pct,band_pos,5,0.0110365053638959,0.0299909631749378,4,-0.071158473171634,-0.0056471173799039,5,0.2,0.36105342796180767,-0.00086849417948062,SBER,range_v0_aggressive,0.00021647833051911504
atr_14_pct,band_pos,5,0.0110365053638959,0.0299909631749378,4,-0.071158473171634,-0.0056471173799039,5,0.2,0.36105342796180767,-0.00086849417948062,SBER,range_v0_baseline,0.00021647833051911504
atr_14_pct,band_pos,5,0.0110365053638959,0.0299909631749378,4,-0.071158473171634,-0.0056471173799039,5,0.2,0.36105342796180767,-0.00086849417948062,SBER,range_v0_conservative,0.00021647833051911504
atr_14_pct,band_pos,5,0.0110365053638959,0.0299909631749378,4,-0.071158473171634,-0.0056471173799039,5,0.2,0.36105342796180767,-0.00086849417948062,SBER,range_v2_aggressive,0.00021647833051911504
atr_14_pct,band_pos,5,0.0110365053638959,0.0299909631749378,4,-0.071158473171634,-0.0056471173799039,5,0.2,0.36105342796180767,-0.00086849417948062,SBER,range_v2_balanced,0.00021647833051911504
atr_14_pct,band_pos,5,0.0110365053638959,0.0299909631749378,4,-0.071158473171634,-0.0056471173799039,5,0.2,0.36105342796180767,-0.00086849417948062,SBER,range_v2_conservative,0.00021647833051911504
atr_14_pct,band_pos,5,0.0110365053638959,0.0299909631749378,4,-0.071158473171634,-0.0056471173799039,10,0.2,0.3610534279618076,-0.00086849417948062,SBER,,0.0004329566610382301
atr_14_pct,band_pos,5,0.0110365053638959,0.0299909631749378,4,-0.071158473171634,-0.0056471173799039,2,0.5,4.23122404659695,0.00095875972983665,SNGS,range_v0_aggressive,8.659133220764602e-05
atr_14_pct,band_pos,5,0.0110365053638959,0.0299909631749378,4,-0.071158473171634,-0.0056471173799039,2,0.5,4.23122404659695,0.00095875972983665,SNGS,range_v0_baseline,8.659133220764602e-05
atr_14_pct,band_pos,5,0.0110365053638959,0.0299909631749378,4,-0.071158473171634,-0.0056471173799039,2,0.5,4.23122404659695,0.00095875972983665,SNGS,range_v0_conservative,8.659133220764602e-05
atr_14_pct,band_pos,5,0.0110365053638959,0.0299909631749378,4,-0.071158473171634,-0.0056471173799039,2,0.5,4.23122404659695,0.00095875972983665,SNGS,range_v2_aggressive,8.659133220764602e-05
atr_14_pct,band_pos,5,0.0110365053638959,0.0299909631749378,4,-0.071158473171634,-0.0056471173799039,2,0.5,4.23122404659695,0.00095875972983665,SNGS,range_v2_balanced,8.659133220764602e-05
atr_14_pct,band_pos,5,0.0110365053638959,0.0299909631749378,4,-0.071158473171634,-0.0056471173799039,2,0.5,4.23122404659695,0.00095875972983665,SNGS,range_v2_conservative,8.659133220764602e-05
atr_14_pct,band_pos,5,0.0110365053638959,0.0299909631749378,4,-0.071158473171634,-0.0056471173799039,2,0.5,4.23122404659695,0.00095875972983665,SNGS,,8.659133220764602e-05
atr_14_pct,band_pos,5,0.0110365053638959,0.0299909631749378,4,-0.071158473171634,-0.0056471173799039,3,0.6666666666666666,2.4883186004640496,0.0009410489125595669,TATN,range_v0_aggressive,0.000129886998311469
atr_14_pct,band_pos,5,0.0110365053638959,0.0299909631749378,4,-0.071158473171634,-0.0056471173799039,3,0.6666666666666666,2.4883186004640496,0.0009410489125595669,TATN,range_v0_baseline,0.000129886998311469
atr_14_pct,band_pos,5,0.0110365053638959,0.0299909631749378,4,-0.071158473171634,-0.0056471173799039,3,0.6666666666666666,2.4883186004640496,0.0009410489125595669,TATN,range_v0_conservative,0.000129886998311469
atr_14_pct,band_pos,5,0.0110365053638959,0.0299909631749378,4,-0.071158473171634,-0.0056471173799039,3,0.6666666666666666,2.4883186004640496,0.0009410489125595669,TATN,range_v2_aggressive,0.000129886998311469
atr_14_pct,band_pos,5,0.0110365053638959,0.0299909631749378,4,-0.071158473171634,-0.0056471173799039,3,0.6666666666666666,2.4883186004640496,0.0009410489125595669,TATN,range_v2_balanced,0.000129886998311469
atr_14_pct,band_pos,5,0.0110365053638959,0.0299909631749378,4,-0.071158473171634,-0.0056471173799039,3,0.6666666666666666,2.4883186004640496,0.0009410489125595669,TATN,range_v2_conservative,0.000129886998311469
atr_14_pct,band_pos,5,0.0110365053638959,0.0299909631749378,4,-0.071158473171634,-0.0056471173799039,3,0.6666666666666666,2.4883186004640496,0.0009410489125595669,TATN,,0.000129886998311469
atr_14_pct,band_pos,5,0.0110365053638959,0.0299909631749378,4,-0.071158473171634,-0.0056471173799039,15,0.4,1.0052899497793277,4.846441451797038e-06,VKCO,range_v0_aggressive,0.0006494349915573451
atr_14_pct,band_pos,5,0.0110365053638959,0.0299909631749378,4,-0.071158473171634,-0.0056471173799039,15,0.4,1.0052899497793277,4.846441451797038e-06,VKCO,range_v0_baseline,0.0006494349915573451
atr_14_pct,band_pos,5,0.0110365053638959,0.0299909631749378,4,-0.071158473171634,-0.0056471173799039,15,0.4,1.0052899497793277,4.846441451797038e-06,VKCO,range_v0_conservative,0.0006494349915573451
atr_14_pct,band_pos,5,0.0110365053638959,0.0299909631749378,4,-0.071158473171634,-0.0056471173799039,15,0.4,1.0052899497793277,4.846441451797038e-06,VKCO,range_v2_aggressive,0.0006494349915573451
atr_14_pct,band_pos,5,0.0110365053638959,0.0299909631749378,4,-0.071158473171634,-0.0056471173799039,15,0.4,1.0052899497793277,4.846441451797038e-06,VKCO,range_v2_balanced,0.0006494349915573451
atr_14_pct,band_pos,5,0.0110365053638959,0.0299909631749378,4,-0.071158473171634,-0.0056471173799039,15,0.4,1.0052899497793277,4.846441451797038e-06,VKCO,range_v2_conservative,0.0006494349915573451
atr_14_pct,band_pos,5,0.0110365053638959,0.0299909631749378,4,-0.071158473171634,-0.0056471173799039,15,0.4,1.0052899497793277,4.846441451797038e-06,VKCO,,0.0006494349915573451
atr_14_pct,band_pos,5,0.0110365053638959,0.0299909631749378,4,-0.071158473171634,-0.0056471173799039,6,0.3333333333333333,0.8624420184635918,-0.00020490426472161656,YNDX,range_v0_aggressive,0.000259773996622938
atr_14_pct,band_pos,5,0.0110365053638959,0.0299909631749378,4,-0.071158473171634,-0.0056471173799039,6,0.3333333333333333,0.8624420184635918,-0.00020490426472161656,YNDX,range_v0_baseline,0.000259773996622938
atr_14_pct,band_pos,5,0.0110365053638959,0.0299909631749378,4,-0.071158473171634,-0.0056471173799039,6,0.3333333333333333,0.8624420184635918,-0.00020490426472161656,YNDX,range_v0_conservative,0.000259773996622938
atr_14_pct,band_pos,5,0.0110365053638959,0.0299909631749378,4,-0.071158473171634,-0.0056471173799039,6,0.3333333333333333,0.8624420184635918,-0.00020490426472161656,YNDX,range_v2_aggressive,0.000259773996622938
atr_14_pct,band_pos,5,0.0110365053638959,0.0299909631749378,4,-0.071158473171634,-0.0056471173799039,6,0.3333333333333333,0.8624420184635918,-0.00020490426472161656,YNDX,range_v2_balanced,0.000259773996622938
atr_14_pct,band_pos,5,0.0110365053638959,0.0299909631749378,4,-0.071158473171634,-0.0056471173799039,6,0.3333333333333333,0.8624420184635918,-0.00020490426472161656,YNDX,range_v2_conservative,0.000259773996622938
atr_14_pct,band_pos,5,0.0110365053638959,0.0299909631749378,4,-0.071158473171634,-0.0056471173799039,6,0.3333333333333333,0.8624420184635918,-0.00020490426472161656,YNDX,,0.000259773996622938
atr_14_pct,band_pos,5,0.0110365053638959,0.0299909631749378,5,-0.0056471173799039,0.4996513928999424,5,0.4,1.0285350105377011,1.1693117834880038e-05,CHMF,range_v0_aggressive,0.00021647833051911504
atr_14_pct,band_pos,5,0.0110365053638959,0.0299909631749378,5,-0.0056471173799039,0.4996513928999424,5,0.4,1.0285350105377011,1.1693117834880038e-05,CHMF,range_v0_baseline,0.00021647833051911504
atr_14_pct,band_pos,5,0.0110365053638959,0.0299909631749378,5,-0.0056471173799039,0.4996513928999424,5,0.4,1.0285350105377011,1.1693117834880038e-05,CHMF,range_v0_conservative,0.00021647833051911504
atr_14_pct,band_pos,5,0.0110365053638959,0.0299909631749378,5,-0.0056471173799039,0.4996513928999424,5,0.4,1.0285350105377011,1.1693117834880038e-05,CHMF,range_v2_aggressive,0.00021647833051911504
atr_14_pct,band_pos,5,0.0110365053638959,0.0299909631749378,5,-0.0056471173799039,0.4996513928999424,5,0.4,1.0285350105377011,1.1693117834880038e-05,CHMF,range_v2_balanced,0.00021647833051911504
atr_14_pct,band_pos,5,0.0110365053638959,0.0299909631749378,5,-0.0056471173799039,0.4996513928999424,5,0.4,1.0285350105377011,1.1693117834880038e-05,CHMF,range_v2_conservative,0.00021647833051911504
atr_14_pct,band_pos,5,0.0110365053638959,0.0299909631749378,5,-0.0056471173799039,0.4996513928999424,5,0.4,1.0285350105377011,1.1693117834880038e-05,CHMF,,0.00021647833051911504
atr_14_pct,band_pos,5,0.0110365053638959,0.0299909631749378,5,-0.0056471173799039,0.4996513928999424,5,0.8,3.7860018103140445,0.00138140616939996,GAZP,range_v0_aggressive,0.00021647833051911504
atr_14_pct,band_pos,5,0.0110365053638959,0.0299909631749378,5,-0.0056471173799039,0.4996513928999424,5,0.8,3.7860018103140445,0.00138140616939996,GAZP,range_v0_baseline,0.00021647833051911504
atr_14_pct,band_pos,5,0.0110365053638959,0.0299909631749378,5,-0.0056471173799039,0.4996513928999424,5,0.8,3.7860018103140445,0.00138140616939996,GAZP,range_v0_conservative,0.00021647833051911504
atr_14_pct,band_pos,5,0.0110365053638959,0.0299909631749378,5,-0.0056471173799039,0.4996513928999424,5,0.8,3.7860018103140445,0.00138140616939996,GAZP,range_v2_aggressive,0.00021647833051911504
atr_14_pct,band_pos,5,0.0110365053638959,0.0299909631749378,5,-0.0056471173799039,0.4996513928999424,5,0.8,3.7860018103140445,0.00138140616939996,GAZP,range_v2_balanced,0.00021647833051911504
atr_14_pct,band_pos,5,0.0110365053638959,0.0299909631749378,5,-0.0056471173799039,0.4996513928999424,5,0.8,3.7860018103140445,0.00138140616939996,GAZP,range_v2_conservative,0.00021647833051911504
atr_14_pct,band_pos,5,0.0110365053638959,0.0299909631749378,5,-0.0056471173799039,0.4996513928999424,5,0.8,3.7860018103140445,0.00138140616939996,GAZP,,0.00021647833051911504
atr_14_pct,band_pos,5,0.0110365053638959,0.0299909631749378,5,-0.0056471173799039,0.4996513928999424,2,0.0,0.0,-0.00434389304082185,GMKN,range_v0_aggressive,8.659133220764602e-05
atr_14_pct,band_pos,5,0.0110365053638959,0.0299909631749378,5,-0.0056471173799039,0.4996513928999424,2,0.0,0.0,-0.00434389304082185,GMKN,range_v0_baseline,8.659133220764602e-05
atr_14_pct,band_pos,5,0.0110365053638959,0.0299909631749378,5,-0.0056471173799039,0.4996513928999424,2,0.0,0.0,-0.00434389304082185,GMKN,range_v0_conservative,8.659133220764602e-05
atr_14_pct,band_pos,5,0.0110365053638959,0.0299909631749378,5,-0.0056471173799039,0.4996513928999424,2,0.0,0.0,-0.00434389304082185,GMKN,range_v2_aggressive,8.659133220764602e-05
atr_14_pct,band_pos,5,0.0110365053638959,0.0299909631749378,5,-0.0056471173799039,0.4996513928999424,2,0.0,0.0,-0.00434389304082185,GMKN,range_v2_balanced,8.659133220764602e-05
atr_14_pct,band_pos,5,0.0110365053638959,0.0299909631749378,5,-0.0056471173799039,0.4996513928999424,2,0.0,0.0,-0.00434389304082185,GMKN,range_v2_conservative,8.659133220764602e-05
atr_14_pct,band_pos,5,0.0110365053638959,0.0299909631749378,5,-0.0056471173799039,0.4996513928999424,2,0.0,0.0,-0.00434389304082185,GMKN,,8.659133220764602e-05
atr_14_pct,band_pos,5,0.0110365053638959,0.0299909631749378,5,-0.0056471173799039,0.4996513928999424,4,0.5,2.2585948588228484,0.0006317456136165075,LKOH,range_v0_aggressive,0.00017318266441529204
atr_14_pct,band_pos,5,0.0110365053638959,0.0299909631749378,5,-0.0056471173799039,0.4996513928999424,4,0.5,2.2585948588228484,0.0006317456136165075,LKOH,range_v0_baseline,0.00017318266441529204
atr_14_pct,band_pos,5,0.0110365053638959,0.0299909631749378,5,-0.0056471173799039,0.4996513928999424,4,0.5,2.2585948588228484,0.0006317456136165075,LKOH,range_v0_conservative,0.00017318266441529204
atr_14_pct,band_pos,5,0.0110365053638959,0.0299909631749378,5,-0.0056471173799039,0.4996513928999424,4,0.5,2.2585948588228484,0.0006317456136165075,LKOH,range_v2_aggressive,0.00017318266441529204
atr_14_pct,band_pos,5,0.0110365053638959,0.0299909631749378,5,-0.0056471173799039,0.4996513928999424,4,0.5,2.2585948588228484,0.0006317456136165075,LKOH,range_v2_balanced,0.00017318266441529204
atr_14_pct,band_pos,5,0.0110365053638959,0.0299909631749378,5,-0.0056471173799039,0.4996513928999424,4,0.5,2.2585948588228484,0.0006317456136165075,LKOH,range_v2_conservative,0.00017318266441529204
atr_14_pct,band_pos,5,0.0110365053638959,0.0299909631749378,5,-0.0056471173799039,0.4996513928999424,4,0.5,2.2585948588228484,0.0006317456136165075,LKOH,,0.00017318266441529204
atr_14_pct,band_pos,5,0.0110365053638959,0.0299909631749378,5,-0.0056471173799039,0.4996513928999424,3,1.0,inf,0.0004675525106195,MGNT,range_v0_aggressive,0.000129886998311469
atr_14_pct,band_pos,5,0.0110365053638959,0.0299909631749378,5,-0.0056471173799039,0.4996513928999424,3,1.0,inf,0.0004675525106195,MGNT,range_v0_baseline,0.000129886998311469
atr_14_pct,band_pos,5,0.0110365053638959,0.0299909631749378,5,-0.0056471173799039,0.4996513928999424,3,1.0,inf,0.0004675525106195,MGNT,range_v0_conservative,0.000129886998311469
atr_14_pct,band_pos,5,0.0110365053638959,0.0299909631749378,5,-0.0056471173799039,0.4996513928999424,3,1.0,inf,0.0004675525106195,MGNT,range_v2_aggressive,0.000129886998311469
atr_14_pct,band_pos,5,0.0110365053638959,0.0299909631749378,5,-0.0056471173799039,0.4996513928999424,3,1.0,inf,0.0004675525106195,MGNT,range_v2_balanced,0.000129886998311469
atr_14_pct,band_pos,5,0.0110365053638959,0.0299909631749378,5,-0.0056471173799039,0.4996513928999424,3,1.0,inf,0.0004675525106195,MGNT,range_v2_conservative,0.000129886998311469
atr_14_pct,band_pos,5,0.0110365053638959,0.0299909631749378,5,-0.0056471173799039,0.4996513928999424,3,1.0,inf,0.0004675525106195,MGNT,,0.000129886998311469
atr_14_pct,band_pos,5,0.0110365053638959,0.0299909631749378,5,-0.0056471173799039,0.4996513928999424,2,1.0,inf,0.00228576442233825,MTSS,range_v0_aggressive,8.659133220764602e-05
atr_14_pct,band_pos,5,0.0110365053638959,0.0299909631749378,5,-0.0056471173799039,0.4996513928999424,2,1.0,inf,0.00228576442233825,MTSS,range_v0_baseline,8.659133220764602e-05
atr_14_pct,band_pos,5,0.0110365053638959,0.0299909631749378,5,-0.0056471173799039,0.4996513928999424,2,1.0,inf,0.00228576442233825,MTSS,range_v0_conservative,8.659133220764602e-05
atr_14_pct,band_pos,5,0.0110365053638959,0.0299909631749378,5,-0.0056471173799039,0.4996513928999424,2,1.0,inf,0.00228576442233825,MTSS,range_v2_aggressive,8.659133220764602e-05
atr_14_pct,band_pos,5,0.0110365053638959,0.0299909631749378,5,-0.0056471173799039,0.4996513928999424,2,1.0,inf,0.00228576442233825,MTSS,range_v2_balanced,8.659133220764602e-05
atr_14_pct,band_pos,5,0.0110365053638959,0.0299909631749378,5,-0.0056471173799039,0.4996513928999424,2,1.0,inf,0.00228576442233825,MTSS,range_v2_conservative,8.659133220764602e-05
atr_14_pct,band_pos,5,0.0110365053638959,0.0299909631749378,5,-0.0056471173799039,0.4996513928999424,2,1.0,inf,0.00228576442233825,MTSS,,8.659133220764602e-05
atr_14_pct,band_pos,5,0.0110365053638959,0.0299909631749378,5,-0.0056471173799039,0.4996513928999424,1,0.0,0.0,-0.0053960937198067,NLMK,range_v0_aggressive,4.329566610382301e-05
atr_14_pct,band_pos,5,0.0110365053638959,0.0299909631749378,5,-0.0056471173799039,0.4996513928999424,1,0.0,0.0,-0.0053960937198067,NLMK,range_v0_baseline,4.329566610382301e-05
atr_14_pct,band_pos,5,0.0110365053638959,0.0299909631749378,5,-0.0056471173799039,0.4996513928999424,1,0.0,0.0,-0.0053960937198067,NLMK,range_v0_conservative,4.329566610382301e-05
atr_14_pct,band_pos,5,0.0110365053638959,0.0299909631749378,5,-0.0056471173799039,0.4996513928999424,1,0.0,0.0,-0.0053960937198067,NLMK,range_v2_aggressive,4.329566610382301e-05
atr_14_pct,band_pos,5,0.0110365053638959,0.0299909631749378,5,-0.0056471173799039,0.4996513928999424,1,0.0,0.0,-0.0053960937198067,NLMK,range_v2_balanced,4.329566610382301e-05
atr_14_pct,band_pos,5,0.0110365053638959,0.0299909631749378,5,-0.0056471173799039,0.4996513928999424,1,0.0,0.0,-0.0053960937198067,NLMK,range_v2_conservative,4.329566610382301e-05
atr_14_pct,band_pos,5,0.0110365053638959,0.0299909631749378,5,-0.0056471173799039,0.4996513928999424,1,0.0,0.0,-0.0053960937198067,NLMK,,4.329566610382301e-05
atr_14_pct,band_pos,5,0.0110365053638959,0.0299909631749378,5,-0.0056471173799039,0.4996513928999424,2,0.5,3.9442981808245867,0.00038229258296184997,NVTK,range_v0_aggressive,8.659133220764602e-05
atr_14_pct,band_pos,5,0.0110365053638959,0.0299909631749378,5,-0.0056471173799039,0.4996513928999424,2,0.5,3.9442981808245867,0.00038229258296184997,NVTK,range_v0_baseline,8.659133220764602e-05
atr_14_pct,band_pos,5,0.0110365053638959,0.0299909631749378,5,-0.0056471173799039,0.4996513928999424,2,0.5,3.9442981808245867,0.00038229258296184997,NVTK,range_v0_conservative,8.659133220764602e-05
atr_14_pct,band_pos,5,0.0110365053638959,0.0299909631749378,5,-0.0056471173799039,0.4996513928999424,2,0.5,3.9442981808245867,0.00038229258296184997,NVTK,range_v2_aggressive,8.659133220764602e-05
atr_14_pct,band_pos,5,0.0110365053638959,0.0299909631749378,5,-0.0056471173799039,0.4996513928999424,2,0.5,3.9442981808245867,0.00038229258296184997,NVTK,range_v2_balanced,8.659133220764602e-05
atr_14_pct,band_pos,5,0.0110365053638959,0.0299909631749378,5,-0.0056471173799039,0.4996513928999424,2,0.5,3.9442981808245867,0.00038229258296184997,NVTK,range_v2_conservative,8.659133220764602e-05
atr_14_pct,band_pos,5,0.0110365053638959,0.0299909631749378,5,-0.0056471173799039,0.4996513928999424,2,0.5,3.9442981808245867,0.00038229258296184997,NVTK,,8.659133220764602e-05
atr_14_pct,band_pos,5,0.0110365053638959,0.0299909631749378,5,-0.0056471173799039,0.4996513928999424,8,0.375,0.1344305581819606,-0.000612826188166025,OZON,range_v0_aggressive,0.0003463653288305841
atr_14_pct,band_pos,5,0.0110365053638959,0.0299909631749378,5,-0.0056471173799039,0.4996513928999424,8,0.375,0.1344305581819606,-0.000612826188166025,OZON,range_v0_baseline,0.0003463653288305841
atr_14_pct,band_pos,5,0.0110365053638959,0.0299909631749378,5,-0.0056471173799039,0.4996513928999424,8,0.375,0.1344305581819606,-0.000612826188166025,OZON,range_v0_conservative,0.0003463653288305841
atr_14_pct,band_pos,5,0.0110365053638959,0.0299909631749378,5,-0.0056471173799039,0.4996513928999424,8,0.375,0.1344305581819606,-0.000612826188166025,OZON,range_v2_aggressive,0.0003463653288305841
atr_14_pct,band_pos,5,0.0110365053638959,0.0299909631749378,5,-0.0056471173799039,0.4996513928999424,8,0.375,0.1344305581819606,-0.000612826188166025,OZON,range_v2_balanced,0.0003463653288305841
atr_14_pct,band_pos,5,0.0110365053638959,0.0299909631749378,5,-0.0056471173799039,0.4996513928999424,8,0.375,0.1344305581819606,-0.000612826188166025,OZON,range_v2_conservative,0.0003463653288305841
atr_14_pct,band_pos,5,0.0110365053638959,0.0299909631749378,5,-0.0056471173799039,0.4996513928999424,8,0.375,0.1344305581819606,-0.000612826188166025,OZON,,0.0003463653288305841
atr_14_pct,band_pos,5,0.0110365053638959,0.0299909631749378,5,-0.0056471173799039,0.4996513928999424,3,0.3333333333333333,1.0131193660330744,1.6120334861600076e-05,PIKK,range_v0_aggressive,0.000129886998311469
atr_14_pct,band_pos,5,0.0110365053638959,0.0299909631749378,5,-0.0056471173799039,0.4996513928999424,3,0.3333333333333333,1.0131193660330744,1.6120334861600076e-05,PIKK,range_v0_baseline,0.000129886998311469
atr_14_pct,band_pos,5,0.0110365053638959,0.0299909631749378,5,-0.0056471173799039,0.4996513928999424,3,0.3333333333333333,1.0131193660330744,1.6120334861600076e-05,PIKK,range_v0_conservative,0.000129886998311469
atr_14_pct,band_pos,5,0.0110365053638959,0.0299909631749378,5,-0.0056471173799039,0.4996513928999424,3,0.3333333333333333,1.0131193660330744,1.6120334861600076e-05,PIKK,range_v2_aggressive,0.000129886998311469
atr_14_pct,band_pos,5,0.0110365053638959,0.0299909631749378,5,-0.0056471173799039,0.4996513928999424,3,0.3333333333333333,1.0131193660330744,1.6120334861600076e-05,PIKK,range_v2_balanced,0.000129886998311469
atr_14_pct,band_pos,5,0.0110365053638959,0.0299909631749378,5,-0.0056471173799039,0.4996513928999424,3,0.3333333333333333,1.0131193660330744,1.6120334861600076e-05,PIKK,range_v2_conservative,0.000129886998311469
atr_14_pct,band_pos,5,0.0110365053638959,0.0299909631749378,5,-0.0056471173799039,0.4996513928999424,3,0.3333333333333333,1.0131193660330744,1.6120334861600076e-05,PIKK,,0.000129886998311469
atr_14_pct,band_pos,5,0.0110365053638959,0.0299909631749378,5,-0.0056471173799039,0.4996513928999424,2,1.0,inf,0.0004958843874936,PLZL,range_v0_aggressive,8.659133220764602e-05
atr_14_pct,band_pos,5,0.0110365053638959,0.0299909631749378,5,-0.0056471173799039,0.4996513928999424,2,1.0,inf,0.0004958843874936,PLZL,range_v0_baseline,8.659133220764602e-05
atr_14_pct,band_pos,5,0.0110365053638959,0.0299909631749378,5,-0.0056471173799039,0.4996513928999424,2,1.0,inf,0.0004958843874936,PLZL,range_v0_conservative,8.659133220764602e-05
atr_14_pct,band_pos,5,0.0110365053638959,0.0299909631749378,5,-0.0056471173799039,0.4996513928999424,2,1.0,inf,0.0004958843874936,PLZL,range_v2_aggressive,8.659133220764602e-05
atr_14_pct,band_pos,5,0.0110365053638959,0.0299909631749378,5,-0.0056471173799039,0.4996513928999424,2,1.0,inf,0.0004958843874936,PLZL,range_v2_balanced,8.659133220764602e-05
atr_14_pct,band_pos,5,0.0110365053638959,0.0299909631749378,5,-0.0056471173799039,0.4996513928999424,2,1.0,inf,0.0004958843874936,PLZL,range_v2_conservative,8.659133220764602e-05
atr_14_pct,band_pos,5,0.0110365053638959,0.0299909631749378,5,-0.0056471173799039,0.4996513928999424,2,1.0,inf,0.0004958843874936,PLZL,,8.659133220764602e-05
atr_14_pct,band_pos,5,0.0110365053638959,0.0299909631749378,5,-0.0056471173799039,0.4996513928999424,4,0.5,1.5780834741996412,0.0002013583217408722,ROSN,range_v0_aggressive,0.00017318266441529204
atr_14_pct,band_pos,5,0.0110365053638959,0.0299909631749378,5,-0.0056471173799039,0.4996513928999424,4,0.5,1.5780834741996412,0.0002013583217408722,ROSN,range_v0_baseline,0.00017318266441529204
atr_14_pct,band_pos,5,0.0110365053638959,0.0299909631749378,5,-0.0056471173799039,0.4996513928999424,4,0.5,1.5780834741996412,0.0002013583217408722,ROSN,range_v0_conservative,0.00017318266441529204
atr_14_pct,band_pos,5,0.0110365053638959,0.0299909631749378,5,-0.0056471173799039,0.4996513928999424,4,0.5,1.5780834741996412,0.0002013583217408722,ROSN,range_v2_aggressive,0.00017318266441529204
atr_14_pct,band_pos,5,0.0110365053638959,0.0299909631749378,5,-0.0056471173799039,0.4996513928999424,4,0.5,1.5780834741996412,0.0002013583217408722,ROSN,range_v2_balanced,0.00017318266441529204
atr_14_pct,band_pos,5,0.0110365053638959,0.0299909631749378,5,-0.0056471173799039,0.4996513928999424,4,0.5,1.5780834741996412,0.0002013583217408722,ROSN,range_v2_conservative,0.00017318266441529204
atr_14_pct,band_pos,5,0.0110365053638959,0.0299909631749378,5,-0.0056471173799039,0.4996513928999424,4,0.5,1.5780834741996412,0.0002013583217408722,ROSN,,0.00017318266441529204
atr_14_pct,band_pos,5,0.0110365053638959,0.0299909631749378,5,-0.0056471173799039,0.4996513928999424,3,1.0,inf,0.0011197989770226,SBER,range_v0_aggressive,0.000129886998311469
atr_14_pct,band_pos,5,0.0110365053638959,0.0299909631749378,5,-0.0056471173799039,0.4996513928999424,3,1.0,inf,0.0011197989770226,SBER,range_v0_baseline,0.000129886998311469
atr_14_pct,band_pos,5,0.0110365053638959,0.0299909631749378,5,-0.0056471173799039,0.4996513928999424,3,1.0,inf,0.0011197989770226,SBER,range_v0_conservative,0.000129886998311469
atr_14_pct,band_pos,5,0.0110365053638959,0.0299909631749378,5,-0.0056471173799039,0.4996513928999424,3,1.0,inf,0.0011197989770226,SBER,range_v2_aggressive,0.000129886998311469
atr_14_pct,band_pos,5,0.0110365053638959,0.0299909631749378,5,-0.0056471173799039,0.4996513928999424,3,1.0,inf,0.0011197989770226,SBER,range_v2_balanced,0.000129886998311469
atr_14_pct,band_pos,5,0.0110365053638959,0.0299909631749378,5,-0.0056471173799039,0.4996513928999424,3,1.0,inf,0.0011197989770226,SBER,range_v2_conservative,0.000129886998311469
atr_14_pct,band_pos,5,0.0110365053638959,0.0299909631749378,5,-0.0056471173799039,0.4996513928999424,6,1.0,inf,0.0011197989770226,SBER,,0.000259773996622938
atr_14_pct,band_pos,5,0.0110365053638959,0.0299909631749378,5,-0.0056471173799039,0.4996513928999424,1,1.0,inf,0.001094773076923,SNGS,range_v0_aggressive,4.329566610382301e-05
atr_14_pct,band_pos,5,0.0110365053638959,0.0299909631749378,5,-0.0056471173799039,0.4996513928999424,1,1.0,inf,0.001094773076923,SNGS,range_v0_baseline,4.329566610382301e-05
atr_14_pct,band_pos,5,0.0110365053638959,0.0299909631749378,5,-0.0056471173799039,0.4996513928999424,1,1.0,inf,0.001094773076923,SNGS,range_v0_conservative,4.329566610382301e-05
atr_14_pct,band_pos,5,0.0110365053638959,0.0299909631749378,5,-0.0056471173799039,0.4996513928999424,1,1.0,inf,0.001094773076923,SNGS,range_v2_aggressive,4.329566610382301e-05
atr_14_pct,band_pos,5,0.0110365053638959,0.0299909631749378,5,-0.0056471173799039,0.4996513928999424,1,1.0,inf,0.001094773076923,SNGS,range_v2_balanced,4.329566610382301e-05
atr_14_pct,band_pos,5,0.0110365053638959,0.0299909631749378,5,-0.0056471173799039,0.4996513928999424,1,1.0,inf,0.001094773076923,SNGS,range_v2_conservative,4.329566610382301e-05
atr_14_pct,band_pos,5,0.0110365053638959,0.0299909631749378,5,-0.0056471173799039,0.4996513928999424,1,1.0,inf,0.001094773076923,SNGS,,4.329566610382301e-05
atr_14_pct,band_pos,5,0.0110365053638959,0.0299909631749378,5,-0.0056471173799039,0.4996513928999424,2,1.0,inf,0.00101351917974105,TATN,range_v0_aggressive,8.659133220764602e-05
atr_14_pct,band_pos,5,0.0110365053638959,0.0299909631749378,5,-0.0056471173799039,0.4996513928999424,2,1.0,inf,0.00101351917974105,TATN,range_v0_baseline,8.659133220764602e-05
atr_14_pct,band_pos,5,0.0110365053638959,0.0299909631749378,5,-0.0056471173799039,0.4996513928999424,2,1.0,inf,0.00101351917974105,TATN,range_v0_conservative,8.659133220764602e-05
atr_14_pct,band_pos,5,0.0110365053638959,0.0299909631749378,5,-0.0056471173799039,0.4996513928999424,2,1.0,inf,0.00101351917974105,TATN,range_v2_aggressive,8.659133220764602e-05
atr_14_pct,band_pos,5,0.0110365053638959,0.0299909631749378,5,-0.0056471173799039,0.4996513928999424,2,1.0,inf,0.00101351917974105,TATN,range_v2_balanced,8.659133220764602e-05
atr_14_pct,band_pos,5,0.0110365053638959,0.0299909631749378,5,-0.0056471173799039,0.4996513928999424,2,1.0,inf,0.00101351917974105,TATN,range_v2_conservative,8.659133220764602e-05
atr_14_pct,band_pos,5,0.0110365053638959,0.0299909631749378,5,-0.0056471173799039,0.4996513928999424,2,1.0,inf,0.00101351917974105,TATN,,8.659133220764602e-05
atr_14_pct,band_pos,5,0.0110365053638959,0.0299909631749378,5,-0.0056471173799039,0.4996513928999424,6,0.8333333333333334,3.8445928673593746,0.0011068638662430168,VKCO,range_v0_aggressive,0.000259773996622938
atr_14_pct,band_pos,5,0.0110365053638959,0.0299909631749378,5,-0.0056471173799039,0.4996513928999424,6,0.8333333333333334,3.8445928673593746,0.0011068638662430168,VKCO,range_v0_baseline,0.000259773996622938
atr_14_pct,band_pos,5,0.0110365053638959,0.0299909631749378,5,-0.0056471173799039,0.4996513928999424,6,0.8333333333333334,3.8445928673593746,0.0011068638662430168,VKCO,range_v0_conservative,0.000259773996622938
atr_14_pct,band_pos,5,0.0110365053638959,0.0299909631749378,5,-0.0056471173799039,0.4996513928999424,6,0.8333333333333334,3.8445928673593746,0.0011068638662430168,VKCO,range_v2_aggressive,0.000259773996622938
atr_14_pct,band_pos,5,0.0110365053638959,0.0299909631749378,5,-0.0056471173799039,0.4996513928999424,6,0.8333333333333334,3.8445928673593746,0.0011068638662430168,VKCO,range_v2_balanced,0.000259773996622938
atr_14_pct,band_pos,5,0.0110365053638959,0.0299909631749378,5,-0.0056471173799039,0.4996513928999424,6,0.8333333333333334,3.8445928673593746,0.0011068638662430168,VKCO,range_v2_conservative,0.000259773996622938
atr_14_pct,band_pos,5,0.0110365053638959,0.0299909631749378,5,-0.0056471173799039,0.4996513928999424,6,0.8333333333333334,3.8445928673593746,0.0011068638662430168,VKCO,,0.000259773996622938
atr_14_pct,band_pos,5,0.0110365053638959,0.0299909631749378,5,-0.0056471173799039,0.4996513928999424,9,0.4444444444444444,1.2788761534006563,0.0001741532885915052,YNDX,range_v0_aggressive,0.00038966099493440706
atr_14_pct,band_pos,5,0.0110365053638959,0.0299909631749378,5,-0.0056471173799039,0.4996513928999424,9,0.4444444444444444,1.2788761534006563,0.0001741532885915052,YNDX,range_v0_baseline,0.00038966099493440706
atr_14_pct,band_pos,5,0.0110365053638959,0.0299909631749378,5,-0.0056471173799039,0.4996513928999424,9,0.4444444444444444,1.2788761534006563,0.0001741532885915052,YNDX,range_v0_conservative,0.00038966099493440706
atr_14_pct,band_pos,5,0.0110365053638959,0.0299909631749378,5,-0.0056471173799039,0.4996513928999424,9,0.4444444444444444,1.2788761534006563,0.0001741532885915052,YNDX,range_v2_aggressive,0.00038966099493440706
atr_14_pct,band_pos,5,0.0110365053638959,0.0299909631749378,5,-0.0056471173799039,0.4996513928999424,9,0.4444444444444444,1.2788761534006563,0.0001741532885915052,YNDX,range_v2_balanced,0.00038966099493440706
atr_14_pct,band_pos,5,0.0110365053638959,0.0299909631749378,5,-0.0056471173799039,0.4996513928999424,9,0.4444444444444444,1.2788761534006563,0.0001741532885915052,YNDX,range_v2_conservative,0.00038966099493440706
atr_14_pct,band_pos,5,0.0110365053638959,0.0299909631749378,5,-0.0056471173799039,0.4996513928999424,9,0.4444444444444444,1.2788761534006563,0.0001741532885915052,YNDX,,0.00038966099493440706
