symbol,entry_dt,exit_dt,direction,begin,ma_close,std_close,band_lower,band_upper,dist_from_ma,band_pos,atr_14,atr_14_pct,bar_range,bar_range_pct,bar_body,bar_body_pct,pnl_rel,pnl_abs,bars_in_trade,max_adverse_excursion,profile
SBER,2022-01-05 10:00:00+00:00,2022-01-05 14:00:00+00:00,1,2022-01-05 10:00:00+00:00,304.73580000000004,1.8212768452213162,302.00388473216805,307.46771526783203,-0.006450833804233234,0.14021578137009952,1.0042857142857062,0.0033169921534026035,1.8899999999999864,0.00624236218912041,0.0,0.0,-0.003454786770981522,-3454.7867709815223,9,-1.5299999999999727,range_v2_aggressive
SBER,2022-01-05 14:00:00+00:00,2022-01-05 14:30:00+00:00,1,2022-01-05 14:00:00+00:00,304.3156,2.1520784068867362,301.0874823896699,307.54371761033013,-0.015397173197824961,-0.22574803114451267,1.355000000000002,0.004522244101057978,2.2600000000000477,0.007542635917631905,1.5900000000000318,0.005306544738510936,-0.001208968265682657,-1204.79153811184,2,0.0,range_v2_aggressive
SBER,2022-01-05 15:00:00+00:00,2022-01-05 18:00:00+00:00,1,2022-01-05 15:00:00+00:00,303.9584,2.279949301262377,300.5384760481064,307.37832395189355,-0.014700695884699928,-0.15328938053226032,1.3971428571428615,0.0046650734820623775,1.4700000000000273,0.004908344185114786,1.170000000000016,0.003906641290193382,-0.001501272392638019,-1494.2770963612422,7,-0.7200000000000273,range_v2_aggressive
SBER,2022-01-05 18:30:00+00:00,2022-01-05 19:00:00+00:00,1,2022-01-05 18:30:00+00:00,302.79740000000004,2.3183736470523413,299.31983952942153,306.27496047057855,-0.016405028576863784,-0.21420756619851133,1.1600000000000048,0.0038948393378773287,0.7699999999999818,0.0025853674915219484,0.1099999999999568,0.0003693382130744277,-0.0012813249999999673,-1273.4399112225733,2,0.0,range_v2_aggressive
SBER,2022-01-10 18:00:00+00:00,2022-01-10 19:00:00+00:00,1,2022-01-10 18:00:00+00:00,293.0272,2.3781239733558173,289.46001403996627,296.5943859600337,-0.012890270937305456,-0.02943693464810035,1.335714285714285,0.0046178540560563005,1.1399999999999864,0.003941227312013781,0.2699999999999818,0.0009334485738979493,0.000786334331550806,780.4939942527362,3,-0.30000000000001137,range_v2_aggressive
SBER,2022-01-11 17:30:00+00:00,2022-01-11 19:00:00+00:00,1,2022-01-11 17:30:00+00:00,291.7436,1.409364830157636,289.62955275476355,293.8576472452365,-0.007964527756564322,-0.049561984774871115,1.028571428571427,0.0035539058412391226,2.1000000000000227,0.007255891092529966,1.0299999999999727,0.0035588418215740884,0.0011666336111110954,1158.8792292819774,4,0.0,range_v2_aggressive
SBER,2022-01-12 13:00:00+00:00,2022-01-12 13:30:00+00:00,1,2022-01-12 13:00:00+00:00,291.11060000000003,1.0577959565573851,289.52390606516394,292.6972939348361,-0.006941004552908957,-0.1367327547038208,1.5321428571428644,0.005299881895405806,4.449999999999989,0.015393130167075959,1.4099999999999682,0.004877373828219476,-0.0006704453146852982,-666.765963030593,2,0.0,range_v2_aggressive
SBER,2022-01-12 14:00:00+00:00,2022-01-12 14:30:00+00:00,1,2022-01-12 14:00:00+00:00,290.9724,1.0829806940422317,289.3479289589366,292.59687104106337,-0.0040292481348745855,0.13914407509765978,1.585714285714289,0.005471753918958899,2.069999999999993,0.007142857142857119,1.2800000000000296,0.004416839199447997,-0.0012971227027027056,-1289.1393170969905,2,0.0,range_v2_aggressive
SBER,2022-01-12 15:00:00+00:00,2022-01-12 17:30:00+00:00,1,2022-01-12 15:00:00+00:00,290.8294,1.1836943379559,289.0538584930662,292.60494150693387,-0.00766566241239709,-0.12780847175178414,1.652857142857142,0.005727155727155723,1.4499999999999886,0.005024255024254984,0.5800000000000409,0.0020097020097021513,0.0013127577355228758,1302.9857935567186,6,0.0,range_v2_aggressive
SBER,2022-01-13 11:30:00+00:00,2022-01-13 14:00:00+00:00,1,2022-01-13 11:30:00+00:00,289.9866,1.2230767659897017,288.15198485101547,291.82121514898455,-0.00660927091113871,-0.02234388260144251,0.9749999999999984,0.0033845940222862443,1.3199999999999932,0.004582219599402899,0.6500000000000341,0.0022563960148576185,-0.0028453035897435734,-2827.8310311527684,6,-0.14999999999997726,range_v2_aggressive
SBER,2022-01-14 10:00:00+00:00,2022-01-14 10:30:00+00:00,1,2022-01-14 10:00:00+00:00,281.982,7.406435701192805,270.8723464482108,293.09165355178925,-0.028306771354200008,0.1407628751521906,2.232142857142857,0.00814650677789364,3.900000000000034,0.01423357664233589,2.3999999999999773,0.008759124087591158,-0.0021130090240000076,-2094.0581378399456,2,0.0,range_v2_aggressive
SBER,2022-01-14 10:30:00+00:00,2022-01-14 11:00:00+00:00,1,2022-01-14 10:30:00+00:00,281.5588,7.499743299007302,270.30918505148907,292.808414948511,-0.04254457683439493,-0.032409333778379706,2.5828571428571405,0.009581041408328292,6.8799999999999955,0.025521181096520497,4.439999999999998,0.016470064544847535,0.0011923787610619461,1179.187795877842,2,0.0,range_v2_aggressive
SBER,2022-01-17 10:00:00+00:00,2022-01-17 10:30:00+00:00,1,2022-01-17 10:00:00+00:00,264.4202,7.501631248449891,253.1677531273252,275.6726468726749,-0.018607504267828336,0.2813719959901287,2.4657142857142844,0.00950178915496834,3.490000000000009,0.013448940269749554,0.8500000000000227,0.0032755298651253283,-0.0017605381228273484,-1743.1377686702926,2,0.0,range_v2_aggressive
SBER,2022-01-24 10:00:00+00:00,2022-01-24 10:30:00+00:00,1,2022-01-24 10:00:00+00:00,250.8508,3.3662774449943313,245.8013838325085,255.9002161674915,-0.02878523807777371,-0.21501335604777633,1.722142857142854,0.007068681431444626,6.25,0.02565365513278332,3.7700000000000102,0.01547428477609494,-0.0017971099128992062,-1776.215489720487,2,0.0,range_v2_aggressive
SBER,2022-02-01 18:00:00+00:00,2022-02-01 19:00:00+00:00,1,2022-02-01 18:00:00+00:00,266.4364,2.2993164556560806,262.9874253165159,269.8853746834841,-0.013986076977470093,-0.04021852028146322,1.7235714285714323,0.0065607378043143864,1.6800000000000068,0.006394884092725846,0.7900000000000205,0.003007118115031862,0.00030177339411520995,297.7287566345765,3,-0.1099999999999568,range_v2_aggressive
SBER,2022-02-02 10:30:00+00:00,2022-02-02 11:00:00+00:00,1,2022-02-02 10:30:00+00:00,265.3776,2.8415823128671382,261.11522653069926,269.6399734693007,-0.017136337053315687,-0.03345865076741747,1.6457142857142912,0.0063095283737081296,3.3999999999999773,0.013035310355403817,2.569999999999993,0.00985316106276116,-0.0015278836805555271,-1507.8605090707201,2,0.0,range_v2_aggressive
SBER,2022-02-02 11:30:00+00:00,2022-02-02 12:30:00+00:00,1,2022-02-02 11:30:00+00:00,265.0338,3.090785442738374,260.39762183589244,269.66997816410753,-0.022766152845410607,-0.1507299532525057,2.125,0.008204633204633204,2.8899999999999864,0.011158301158301106,0.2400000000000091,0.0009266409266409617,-0.0015724865882352954,-1549.5077977489402,3,-1.0600000000000023,range_v2_aggressive
SBER,2022-02-02 13:00:00+00:00,2022-02-02 15:30:00+00:00,1,2022-02-02 13:00:00+00:00,264.4202,3.4957498918119496,259.1765751622821,269.6638248377179,-0.021368261577595207,-0.03876852128680178,2.464999999999997,0.009525833751980513,4.280000000000001,0.016539784364493573,2.829999999999984,0.010936352745681433,0.0012258466531440187,1206.033862774581,6,0.0,range_v2_aggressive
SBER,2022-02-02 18:00:00+00:00,2022-02-02 19:00:00+00:00,1,2022-02-02 18:00:00+00:00,262.62159999999994,2.4671427413303526,258.9208858880044,266.32231411199547,-0.013675950493028647,0.014742304957017484,2.4828571428571484,0.009585210758820016,1.8400000000000318,0.007103424313786171,0.3800000000000523,0.001467011543064712,-0.0006739831990793947,-663.9027680827194,3,-0.38999999999998636,range_v2_aggressive
SBER,2022-02-03 11:00:00+00:00,2022-02-03 12:30:00+00:00,1,2022-02-03 11:00:00+00:00,260.04740000000004,3.1273336168356654,255.35639957474655,264.73840042525353,-0.02433171798679794,-0.17441903926688734,1.9564285714285765,0.007710974978041055,2.6499999999999773,0.010444584581428256,0.8599999999999852,0.003389563298123858,-0.0015722587805768544,-1547.6994621834526,4,-0.46999999999999886,range_v2_aggressive
SBER,2022-02-03 13:00:00+00:00,2022-02-03 16:30:00+00:00,1,2022-02-03 13:00:00+00:00,259.22180000000003,3.6861487506898913,253.69257687396518,264.75102312603485,-0.03090712278056869,-0.22449599314194243,2.410714285714288,0.009596410515959905,2.3000000000000114,0.009155686477449191,0.3499999999999943,0.0013932566378726736,-6.892977777781564e-06,-6.774638417534447,8,0.0,range_v2_aggressive
SBER,2022-02-03 17:00:00+00:00,2022-02-03 19:00:00+00:00,1,2022-02-03 17:00:00+00:00,257.2126,3.457411329593708,252.02648300560944,262.39871699439055,-0.023492628277152913,-0.08257459352882345,2.135714285714284,0.008503062808911431,1.549999999999983,0.006171119162320274,0.2600000000000193,0.0010351554723892955,0.0007733197324414755,760.0380597884222,5,-0.21999999999999886,range_v2_aggressive
SBER,2022-02-11 10:30:00+00:00,2022-02-11 11:00:00+00:00,1,2022-02-11 10:30:00+00:00,276.6258,2.2144802587390475,273.30407961189144,279.9475203881086,-0.017481377369717523,-0.22790593954139923,1.6207142857142816,0.005963112276810336,2.080000000000041,0.007652967364509514,0.03000000000002956,0.00011037933698822456,-0.0008008006170119017,-787.6556024451638,2,0.0,range_v2_aggressive
SBER,2022-02-11 13:30:00+00:00,2022-02-11 14:00:00+00:00,1,2022-02-11 13:30:00+00:00,275.356,3.4995136688377055,270.1067294967434,280.6052705032566,-0.02584290881622331,-0.17780846839435188,2.5828571428571405,0.009628903753568225,3.5500000000000114,0.013234416940053725,1.1200000000000045,0.004175365344467658,-0.0006092694690265606,-598.7885132338539,2,0.0,range_v2_aggressive
SBER,2022-02-11 17:00:00+00:00,2022-02-11 17:30:00+00:00,1,2022-02-11 17:00:00+00:00,274.0522,4.334727960299992,267.55010805955004,280.55429194045,-0.022011135104918134,0.036133904653570706,2.607857142857138,0.009730084108861795,1.0900000000000318,0.004066860682038773,0.20000000000004547,0.0007462129691815741,-0.0008982727471925343,-882.2823381708383,2,0.0,range_v2_aggressive
SBER,2022-02-11 18:00:00+00:00,2022-02-11 19:00:00+00:00,1,2022-02-11 18:00:00+00:00,273.6708,4.59730881348426,266.7748367797736,280.5667632202264,-0.027335031724246752,-0.04240428502128675,2.5907142857142804,0.009732575550224578,0.9499999999999886,0.003568879371877188,0.20999999999997954,0.0007889101769412057,0.0001221748001102895,119.8921390270014,3,0.0,range_v2_aggressive
SBER,2022-02-17 10:00:00+00:00,2022-02-17 11:00:00+00:00,1,2022-02-17 10:00:00+00:00,275.198,3.318732238896484,270.21990164165527,280.1760983583447,-0.02517460155960435,-0.1958480428964102,2.1128571428571457,0.007875860673415386,2.920000000000016,0.010884556603421986,1.670000000000016,0.006225071756066709,-0.0012034045977011478,-1181.0649858290249,3,-0.03999999999996362,range_v2_aggressive
SBER,2022-02-17 15:00:00+00:00,2022-02-17 17:00:00+00:00,1,2022-02-17 15:00:00+00:00,274.0016,4.655934269121963,267.0176985963171,280.9855014036829,-0.027158965495091978,-0.03276811697797652,2.5900000000000114,0.009716386554621892,2.4700000000000273,0.00926620648259314,0.12999999999999545,0.0004876950780311954,-0.002330845945945936,-2284.823998744121,5,-3.569999999999993,range_v2_aggressive
SBER,2022-02-17 18:00:00+00:00,2022-02-17 19:00:00+00:00,1,2022-02-17 18:00:00+00:00,272.06339999999994,5.65670294465698,263.5783455830145,280.5484544169854,-0.04400959482238321,-0.20555823284005717,2.2828571428571456,0.008777181525076496,1.160000000000025,0.0044599946172479725,0.23999999999995225,0.0009227575070166184,0.0012486313516896295,1221.124547406535,3,0.0,range_v2_aggressive
SBER,2022-02-18 10:00:00+00:00,2022-02-18 14:30:00+00:00,1,2022-02-18 10:00:00+00:00,266.7772,5.483829676271514,258.5514554855927,275.00294451440726,-0.01809449982982056,0.2065797514410254,1.8992857142857125,0.00725056581135985,4.399999999999977,0.016797098682954675,2.650000000000034,0.01011643443405243,-0.001703219255359153,-1667.7779205977333,10,-3.349999999999966,range_v2_aggressive
SBER,2022-04-12 18:30:00+00:00,2022-04-13 09:30:00+00:00,1,2022-04-12 18:30:00+00:00,139.47799999999998,5.017104213925008,131.95234367911246,147.0036563208875,-0.02938097764521993,0.22773138811654525,1.2521428571428512,0.009249097777683936,0.47999999999998977,0.003545575417343698,0.47999999999998977,0.003545575417343698,0.0009979228750713154,975.4933436026264,2,0.0,range_v2_aggressive
SBER,2022-04-13 10:00:00+00:00,2022-04-13 10:30:00+00:00,1,2022-04-13 10:00:00+00:00,139.0708,4.869465394064809,131.76660190890277,146.3749980910972,-0.028120928332906657,0.23229094068747227,1.348571428571422,0.00997759269437276,3.589999999999975,0.026561112755252848,1.6200000000000045,0.011985794613791097,0.0002527007415254317,247.2674926180721,2,0.0,range_v2_aggressive
SBER,2022-04-13 17:00:00+00:00,2022-04-13 18:30:00+00:00,1,2022-04-13 17:00:00+00:00,136.3702,3.8581842455958237,130.58292363160626,142.15747636839376,-0.011000937154891659,0.37038808028997017,1.317142857142857,0.009766018070311092,0.6500000000000057,0.004819455772225148,0.37999999999999545,0.002817527989916182,0.00036514642082429154,357.3857972371451,4,0.0,range_v2_aggressive
SBER,2022-04-14 15:00:00+00:00,2022-04-14 16:30:00+00:00,1,2022-04-14 15:00:00+00:00,133.94219999999999,1.4888624473873444,131.70890632891897,136.175493671081,-0.020174373722396503,-0.10498089324096596,1.018571428571428,0.007761135542299817,1.3599999999999852,0.01036269430051802,0.8100000000000023,0.006171898811338024,-0.0009458953716690259,-926.1298750636975,4,-0.2300000000000182,range_v2_aggressive
SBER,2022-04-14 17:00:00+00:00,2022-04-14 18:00:00+00:00,1,2022-04-14 17:00:00+00:00,133.6388,1.531196197553522,131.3420057036697,135.9355942963303,-0.02041921956796983,-0.09404536234697962,1.0507142857142884,0.008026233944803975,1.2199999999999989,0.009319379726529669,0.5,0.003819417920708884,-0.0011923127124404994,-1166.2938252257986,3,0.0,range_v2_aggressive
SBER,2022-04-15 18:00:00+00:00,2022-04-18 09:30:00+00:00,1,2022-04-15 18:00:00+00:00,131.83700000000002,2.447367807083908,128.16594828937414,135.5080517106259,-0.010748120785515673,0.30700353581256873,1.2578571428571388,0.009644664490546994,0.8799999999999955,0.006747431375555862,0.5700000000000216,0.004370495322803417,0.0006721343554798504,656.6829985813021,3,0.0,range_v2_aggressive
SBER,2022-04-18 17:00:00+00:00,2022-04-19 09:30:00+00:00,1,2022-04-18 17:00:00+00:00,129.3016,2.2814525983792096,125.8794211024312,132.72377889756882,-0.03203053945194809,-0.1051115566959825,1.162142857142857,0.009285257727251974,0.8299999999999983,0.0066315116650686986,0.75,0.005992329817833174,-0.0012444554394591295,-1216.6644952292397,5,-1.3100000000000023,range_v2_aggressive
SBER,2022-04-22 18:00:00+00:00,2022-04-25 09:30:00+00:00,1,2022-04-22 18:00:00+00:00,119.81819999999999,2.380736200542329,116.2470956991865,123.38930430081348,-0.024271771734177227,0.09281502932615081,1.0949999999999989,0.009366179112137532,1.0699999999999932,0.00915233940638092,0.009999999999990905,8.553588230254816e-05,-0.000947579908675797,-925.2658459917145,3,0.0,range_v2_aggressive
SBER,2022-04-25 18:00:00+00:00,2022-04-26 09:30:00+00:00,1,2022-04-25 18:00:00+00:00,116.42800000000001,3.0613075770083573,111.83603863448748,121.01996136551254,-0.03545538873810435,0.050518866403913266,1.0485714285714312,0.009337234448543466,0.730000000000004,0.006500445235975102,0.09999999999999432,0.0008904719501335202,0.00014892833787466013,145.28350418836393,3,-0.3999999999999915,range_v2_aggressive
SBER,2022-04-26 10:00:00+00:00,2022-04-26 13:30:00+00:00,1,2022-04-26 10:00:00+00:00,115.9942,2.9998252261039298,111.49446216084411,120.4939378391559,-0.009433230282203772,0.3784151389355984,1.0421428571428575,0.009069998756682832,3.239999999999995,0.02819843342036549,2.3200000000000074,0.020191470844212422,0.0016327867032213824,1593.063520023114,8,-0.4100000000000108,range_v2_aggressive
SBER,2022-05-05 10:00:00+00:00,2022-05-06 09:30:00+00:00,1,2022-05-05 10:00:00+00:00,125.7892,1.9570300696031186,122.85365489559531,128.72474510440466,-0.006432984707749076,0.36217210582358134,1.2164285714285714,0.009732985849164438,2.0400000000000063,0.016322611617858907,0.7700000000000102,0.006160985757721317,-0.00031009958896066516,-303.049352389065,19,-1.5700000000000074,range_v2_aggressive
SBER,2022-05-06 10:00:00+00:00,2022-05-06 15:30:00+00:00,1,2022-05-06 10:00:00+00:00,125.212,2.021546185236156,122.17968072214578,128.24431927785423,-0.02605181611986072,-0.037872120495883684,0.8200000000000003,0.006724067240672409,3.3499999999999943,0.02747027470274698,2.789999999999992,0.022878228782287756,0.0015662109756097574,1530.1279115715488,12,0.0,range_v2_aggressive
SBER,2022-05-12 10:00:00+00:00,2022-05-12 15:30:00+00:00,1,2022-05-12 10:00:00+00:00,123.4958,0.8459147683795813,122.22692784743063,124.76467215256937,-0.011302408664910129,-0.05001601113777169,0.710714285714287,0.005820755820755831,1.9899999999999949,0.016298116298116255,1.0,0.00819000819000819,-0.0019317833165829043,-1890.2339101679986,12,-0.030000000000001137,range_v2_aggressive
SBER,2022-05-12 18:00:00+00:00,2022-05-12 18:30:00+00:00,1,2022-05-12 18:00:00+00:00,122.7348,1.3281600589907678,120.74255991151385,124.72704008848616,-0.02342285969423511,-0.22149938569514546,0.9750000000000014,0.008134490238611725,0.6000000000000085,0.005005840146838049,0.14000000000000057,0.001168029367595533,-0.0008626307692307616,-842.446459945004,2,0.0,range_v2_aggressive
SBER,2022-05-13 10:30:00+00:00,2022-05-13 11:30:00+00:00,1,2022-05-13 10:30:00+00:00,122.498,1.6094085614931986,120.0838871577602,124.91211284223981,-0.025290208819735822,-0.1416435772583209,1.1757142857142873,0.00984685331419001,1.0700000000000074,0.008961474036850983,0.5,0.0041876046901172526,-0.0001371991494532207,-133.87330534105362,3,0.0,range_v2_aggressive
SBER,2022-05-13 14:00:00+00:00,2022-05-16 09:30:00+00:00,1,2022-05-13 14:00:00+00:00,122.1026,1.7976853710580771,119.40607194341288,124.79912805658711,-0.017465639552310896,0.10456558299283139,1.1528571428571428,0.00960954524345372,1.0499999999999972,0.008752188047011729,0.46000000000000796,0.0038342919063099772,0.0006913345724907123,674.4833822415699,11,0.0,range_v2_aggressive
SBER,2022-05-16 10:00:00+00:00,2022-05-16 10:30:00+00:00,1,2022-05-16 10:00:00+00:00,121.3216,1.534597414283413,119.01970387857489,123.62349612142512,-0.005618125708859783,0.3519481410008153,0.8807142857142846,0.007300350511557399,3.5,0.029011936339522548,0.060000000000002274,0.0004973474801061197,0.0007907025141930243,771.9625590006011,2,0.0,range_v2_aggressive
SBER,2022-05-20 14:30:00+00:00,2022-05-20 17:30:00+00:00,1,2022-05-20 14:30:00+00:00,126.3458,2.157148618598405,123.11007707210238,129.5815229278976,-0.027035326856927496,-0.027826404812012488,0.8435714285714317,0.00686220961987661,1.2000000000000028,0.009761652973236824,1.019999999999996,0.008297405027251249,-0.0018536071126164276,-1811.1068229194157,7,-1.1100000000000136,range_v2_aggressive
SBER,2022-05-20 17:30:00+00:00,2022-05-23 09:30:00+00:00,1,2022-05-20 17:30:00+00:00,125.495,2.238558437254497,122.13716234411825,128.85283765588176,-0.031833937607076014,-0.0948768834911014,0.941428571428573,0.007748383303938872,1.2000000000000028,0.009876543209876567,0.7000000000000028,0.005761316872428007,-0.00014196509863429417,-138.45294870931323,4,0.0,range_v2_aggressive
SBER,2022-05-23 10:00:00+00:00,2022-05-23 17:00:00+00:00,1,2022-05-23 10:00:00+00:00,124.82780000000001,2.025193656514937,121.79000951522761,127.86559048477241,-0.0316259679334252,-0.14978148094630597,0.9685714285714317,0.008012668998770945,1.690000000000012,0.013980807412309828,0.6300000000000097,0.005211780277961695,-0.0017461303834808227,-1702.6901802415064,15,-0.9599999999999937,range_v2_aggressive
SBER,2022-05-23 17:00:00+00:00,2022-05-24 09:30:00+00:00,1,2022-05-23 17:00:00+00:00,123.15279999999998,2.01747067334574,120.12659398998137,126.1790060100186,-0.0311223130939775,-0.13326818916343688,0.8950000000000021,0.007500838082467333,0.9399999999999977,0.007877975192758948,0.5400000000000063,0.004525645323499885,-1.5586592178663116e-06,-1.5172290054870246,5,-0.269999999999996,range_v2_aggressive
SBER,2022-05-24 10:00:00+00:00,2022-05-24 15:00:00+00:00,1,2022-05-24 10:00:00+00:00,122.5536,2.2140919360950577,119.23246209585741,125.87473790414259,-0.03307613974620087,-0.1102727614748826,0.7364285714285715,0.006214587100663051,2.0999999999999943,0.017721518987341724,0.9500000000000028,0.008016877637130826,0.0036209485935984444,3524.6958460430924,11,-0.9399999999999977,range_v2_aggressive
SBER,2022-05-27 12:30:00+00:00,2022-05-30 09:30:00+00:00,1,2022-05-27 12:30:00+00:00,123.05059999999999,1.1705944937637578,121.29470825935435,124.80649174064563,-0.01593328273084394,-0.05829182250127708,0.760714285714282,0.006282222196005302,0.8999999999999915,0.007432488231893563,0.5699999999999932,0.0047072425468659106,0.0004945877934272204,483.1838377170841,14,0.0,range_v2_aggressive
SBER,2022-05-30 10:00:00+00:00,2022-05-30 16:00:00+00:00,1,2022-05-30 10:00:00+00:00,122.6902,1.3021214869541862,120.73701776956872,124.64338223043129,-0.0064406122086360495,0.2977147273591786,0.5635714285714286,0.00462322746982304,1.75,0.014356029532403608,0.30000000000001137,0.0024610336341264263,-0.002098997465145774,-2051.6140426610154,13,-0.710000000000008,range_v2_aggressive
SBER,2022-05-30 16:00:00+00:00,2022-05-31 09:30:00+00:00,1,2022-05-30 16:00:00+00:00,122.2752,1.1413172480356484,120.56322412794653,123.98717587205347,-0.011655675067389003,0.08375581593608783,0.595714285714285,0.004929369348070211,0.730000000000004,0.006040546131568093,0.3500000000000085,0.002896152254861469,-0.0016484412470023906,-1607.8468556952587,7,-0.1799999999999926,range_v2_aggressive
SBER,2022-05-31 13:30:00+00:00,2022-05-31 17:00:00+00:00,1,2022-05-31 13:30:00+00:00,121.1354,1.2980931224440957,119.18826031633387,123.08253968366614,-0.022251133855173685,-0.19214346115246878,0.7835714285714295,0.006615766874125545,0.3299999999999983,0.00278622087132724,0.21999999999999886,0.0018574805808848267,0.00027991194165908077,272.5687955075043,8,0.0,range_v2_aggressive
SBER,2022-05-31 18:30:00+00:00,2022-06-01 09:30:00+00:00,1,2022-05-31 18:30:00+00:00,120.42119999999998,1.3872122093311705,118.34038168600323,122.50201831399674,-0.017614838583239395,-0.009703318577023117,0.3528571428571417,0.002982731554160116,0.3199999999999932,0.002704987320371878,0.20000000000000284,0.0016906170752324838,-0.0026335020242914987,-2565.133142214903,2,0.0,range_v2_aggressive
SBER,2022-06-01 10:00:00+00:00,2022-06-01 10:30:00+00:00,1,2022-06-01 10:00:00+00:00,120.295,1.427361272948401,118.1539580905774,122.4360419094226,-0.006608753481025825,0.3143427280658883,0.577142857142855,0.004829647340107573,2.989999999999995,0.02502092050209201,2.0,0.016736401673640166,0.0011395462871287279,1107.0392060767097,2,0.0,range_v2_aggressive
SBER,2022-06-03 11:30:00+00:00,2022-06-06 09:30:00+00:00,1,2022-06-03 11:30:00+00:00,120.0202,1.3499546324355711,117.99526805134664,122.04513194865336,-0.018915149283204015,-0.060562047902338725,0.615714285714284,0.00522899605702152,1.1699999999999875,0.00993630573248397,0.5999999999999943,0.005095541401273837,0.0022393730858468824,2177.971049045171,16,-0.18999999999999773,range_v2_aggressive
SBER,2022-06-06 10:00:00+00:00,2022-06-06 10:30:00+00:00,1,2022-06-06 10:00:00+00:00,119.6022,1.4447290401416268,117.43510643978756,121.76929356021243,-0.0030283723877988986,0.41643184986334975,0.5728571428571415,0.004804236354051841,1.789999999999992,0.015011741026501107,0.12000000000000455,0.0010063737001006756,0.0009567620947631065,932.6121504157722,2,0.0,range_v2_aggressive
SBER,2022-06-07 10:00:00+00:00,2022-06-07 17:30:00+00:00,1,2022-06-07 10:00:00+00:00,118.72380000000001,0.544718200349947,117.9067226994751,119.54087730052493,-0.007359939624574154,-0.03471073020793878,0.42571428571428527,0.0036123401418267738,1.0699999999999932,0.0090793381417055,0.8000000000000114,0.006788290199406122,0.0020418976510067134,1992.2617444254272,16,-0.3499999999999943,range_v2_aggressive
SBER,2022-06-14 10:00:00+00:00,2022-06-14 11:00:00+00:00,1,2022-06-14 10:00:00+00:00,118.6732,0.8466318378212924,117.40325224326806,119.94314775673193,-0.014941873986712996,-0.1981389551658061,0.5085714285714309,0.004350482708053301,2.4000000000000057,0.020530367835757107,1.1400000000000006,0.009751924721984606,0.0043628581460673855,4265.494629344131,3,0.0,range_v2_aggressive
SBER,2022-06-29 12:30:00+00:00,2022-06-29 14:30:00+00:00,1,2022-06-29 12:30:00+00:00,139.6458,1.2441669450940704,137.7795495823589,141.51205041764112,-0.014721531188191875,-0.05078353380852244,0.7364285714285757,0.005352340805498769,0.46999999999999886,0.0034159459263027755,0.21999999999999886,0.001598953412311933,-0.002959032395732283,-2905.619026522499,5,0.0,range_v2_aggressive
SBER,2022-06-29 16:00:00+00:00,2022-06-29 17:00:00+00:00,1,2022-06-29 16:00:00+00:00,139.4574,1.5901646813442172,137.07215297798368,141.84264702201634,-0.023070844573324884,-0.17443748389636832,1.164285714285715,0.008545843469507597,1.0800000000000125,0.007927187316500385,0.4000000000000057,0.0029359953024075576,-0.001432802944785284,-1402.7762996476538,3,-0.4900000000000091,range_v2_aggressive
SBER,2022-06-30 10:00:00+00:00,2022-06-30 10:30:00+00:00,1,2022-06-30 10:00:00+00:00,138.5778,2.4415445846203503,134.91548312306946,142.24011687693053,-0.032023888386162935,-0.10587329675844802,1.335000000000004,0.009952288653645476,2.530000000000001,0.01886089160578501,1.6399999999999864,0.012226032503354604,-0.003380334831460647,-3304.752730930228,2,0.0,range_v2_aggressive
SBER,2022-07-08 10:30:00+00:00,2022-07-11 09:30:00+00:00,1,2022-07-08 10:30:00+00:00,134.1908,1.3223939946312435,132.20720900805313,136.17439099194686,-0.019530399997615355,-0.1606200599418233,1.001428571428568,0.007611374716337828,1.6099999999999852,0.012236832104583,1.25,0.009500646043930987,0.0010823737517831886,1054.595597128698,18,-0.07999999999998408,range_v2_aggressive
SBER,2022-07-11 10:00:00+00:00,2022-07-11 12:00:00+00:00,1,2022-07-11 10:00:00+00:00,133.2594,1.232969552685547,131.40994567097167,135.10885432902833,-0.012452404858494073,0.05138119012870647,0.7935714285714296,0.0060301780286582795,2.569999999999993,0.019528875379939158,1.1500000000000057,0.00873860182370825,-0.0015166801080108022,-1479.3553531749835,5,-0.22999999999998977,range_v2_aggressive
SBER,2022-07-11 15:00:00+00:00,2022-07-11 15:30:00+00:00,1,2022-07-11 15:00:00+00:00,132.1776,1.5670478677712565,129.82702819834313,134.5281718016569,-0.02328382418806226,-0.1546492214853133,1.27,0.00983733539891557,1.4499999999999886,0.011231603408210602,0.5900000000000034,0.004570100697134032,-0.0005522787401574821,-537.8704142674802,2,0.0,range_v2_aggressive
SBER,2022-07-13 17:00:00+00:00,2022-07-14 09:30:00+00:00,1,2022-07-13 17:00:00+00:00,127.56119999999999,1.250716757553542,125.68512486366967,129.4372751363303,-0.015061006011232137,-0.012026400967590407,1.1471428571428604,0.009130395233547122,0.9400000000000119,0.007481693728112161,0.730000000000004,0.005810251512257275,0.0001668780821917789,162.4346635312633,5,0.0,range_v2_aggressive
SBER,2022-07-14 10:00:00+00:00,2022-07-14 11:30:00+00:00,1,2022-07-14 10:00:00+00:00,127.2264,1.026563038946073,125.6865554415809,128.76624455841912,-0.002486905233505008,0.39726235733662557,1.1214285714285737,0.008836408253317891,2.8900000000000006,0.02277204318020645,0.9599999999999937,0.007564415727680985,0.0004634026751592317,451.13904706313133,4,-0.5,range_v2_aggressive
SBER,2022-07-14 16:00:00+00:00,2022-07-15 09:30:00+00:00,1,2022-07-14 16:00:00+00:00,126.865,1.0112050799641321,125.3481923800538,128.3818076199462,-0.012808891341189454,-0.03566450307575785,0.9692857142857159,0.007739426016334365,0.8900000000000006,0.007106355796870014,0.29000000000000625,0.002315554136058817,0.0007029238025055334,684.6385314620079,7,0.0,range_v2_aggressive
SBER,2022-07-15 10:00:00+00:00,2022-07-15 13:00:00+00:00,1,2022-07-15 10:00:00+00:00,126.80940000000001,1.0184450129277072,125.28173248060845,128.33706751939158,-0.003622759826953021,0.34964005774535534,0.8492857142857143,0.006721691446661768,1.2000000000000028,0.009497427779976279,0.14999999999999147,0.0011871784724969646,0.000941945668629114,918.0875752594494,7,-0.9299999999999926,range_v2_aggressive
SBER,2022-07-19 13:30:00+00:00,2022-07-19 18:30:00+00:00,1,2022-07-19 13:30:00+00:00,127.54220000000001,1.082644701867797,125.91823294719832,129.1661670528017,-0.013267765492519446,-0.021008106993491194,0.6314285714285707,0.005017310857596906,0.8599999999999994,0.006833531982518868,0.6400000000000006,0.005085419149781491,0.0028023185520362195,2733.9127334919613,11,0.0,range_v2_aggressive
SBER,2022-07-21 10:00:00+00:00,2022-07-21 10:30:00+00:00,1,2022-07-21 10:00:00+00:00,127.4158,0.993667890702197,125.9252981639467,128.9063018360533,-0.016448509525506343,-0.20305180084497024,0.6464285714285692,0.005158223519219352,1.9200000000000017,0.015320778806256,1.0800000000000125,0.008617938078519091,-0.002515688618784531,-2461.1572351198147,2,0.0,range_v2_aggressive
SBER,2022-07-21 12:30:00+00:00,2022-07-22 09:30:00+00:00,1,2022-07-21 12:30:00+00:00,126.9984,1.4179021005721573,124.87154684914177,129.12525315085824,-0.013688361428175462,0.09132110289360816,0.9578571428571456,0.007646951483770921,1.7600000000000051,0.014050774389270358,1.5200000000000102,0.012134759699824447,0.00010643549589857753,103.86638987119153,14,-1.240000000000009,range_v2_aggressive
SBER,2022-07-28 11:00:00+00:00,2022-07-29 09:30:00+00:00,1,2022-07-28 11:00:00+00:00,132.5356,0.887029346021746,131.20505598096736,133.86614401903262,-0.011661772384174358,-0.08081505680800617,0.8392857142857143,0.006407250280828416,1.6699999999999875,0.012749064814107852,1.009999999999991,0.007710512252843658,0.0006138374468085065,599.0845915247166,17,-0.3300000000000125,range_v2_aggressive
SBER,2022-07-29 13:30:00+00:00,2022-07-29 18:00:00+00:00,1,2022-07-29 13:30:00+00:00,132.2356,0.9377962875962078,130.8289055686057,133.6422944313943,-0.01085638058132601,-0.010274288417081159,0.7692857142857109,0.00588138925294886,0.9399999999999977,0.007186544342507627,0.8199999999999932,0.0062691131498470425,0.0011763704735375873,1148.8025493060063,10,-0.160000000000025,range_v2_aggressive
SBER,2022-08-01 10:00:00+00:00,2022-08-01 11:00:00+00:00,1,2022-08-01 10:00:00+00:00,131.7126,0.6978883890407619,130.66576741643885,132.75943258356116,-0.008295333931605666,-0.021859950271683342,0.6292857142857103,0.004817682700089651,1.3900000000000148,0.010641555657632942,1.1500000000000057,0.008804164752717851,-0.002180772531214572,-2132.1719931603316,3,-0.3900000000000148,range_v2_aggressive
SBER,2022-08-01 12:00:00+00:00,2022-08-01 15:30:00+00:00,1,2022-08-01 12:00:00+00:00,131.48940000000002,0.8523758150532371,130.21083627742016,132.76796372257988,-0.014141063842408756,-0.22714404732529134,0.5985714285714262,0.004617537827442924,0.3199999999999932,0.002468564375530303,0.12000000000000455,0.0009257116408239185,-0.0021907260143197967,-2137.2326490124274,8,-0.5099999999999909,range_v2_aggressive
SBER,2022-08-01 16:30:00+00:00,2022-08-01 17:00:00+00:00,1,2022-08-01 16:30:00+00:00,130.889,1.0434954013000501,129.32375689804994,132.45424310195008,-0.01748810060432898,-0.23119632252275765,0.6607142857142877,0.005137747167296172,0.6999999999999886,0.005443234836702867,0.15000000000000568,0.0011664074650078204,-0.0007583671351351106,-738.2284441394717,2,0.0,range_v2_aggressive
SBER,2022-08-01 17:30:00+00:00,2022-08-01 18:00:00+00:00,1,2022-08-01 17:30:00+00:00,130.7892,1.1597657044716692,129.0495514432925,132.5288485567075,-0.018114645551773438,-0.18094213364681527,0.5564285714285729,0.004332880948672894,0.4199999999999875,0.0032705186108081884,0.1599999999999966,0.0012459118517364632,-0.0011873761232348808,-1154.9684013327494,2,0.0,range_v2_aggressive
SBER,2022-08-02 11:00:00+00:00,2022-08-02 11:30:00+00:00,1,2022-08-02 11:00:00+00:00,130.28560000000002,1.6974821208163713,127.73937681877545,132.83182318122456,-0.02790484903934134,-0.21392013606826388,0.6600000000000007,0.00521121200157916,1.029999999999987,0.008132649032767366,0.2400000000000091,0.0018949861823924917,-0.0013310621212121335,-1293.1953621595878,2,0.0,range_v2_aggressive
SBER,2022-08-02 12:00:00+00:00,2022-08-03 09:30:00+00:00,1,2022-08-02 12:00:00+00:00,130.075,1.8788155733476646,127.2567766399785,132.8932233600215,-0.03025177782048809,-0.1981348703265978,0.7071428571428565,0.005606015991302176,0.3400000000000034,0.0026954177897574394,0.23000000000000398,0.0018233708577771047,0.0025018212121212294,2427.4127357974758,15,0.0,range_v2_aggressive
SBER,2022-08-03 10:00:00+00:00,2022-08-03 11:30:00+00:00,1,2022-08-03 10:00:00+00:00,128.8664,1.682025940576288,126.34336108913557,131.38943891086444,-0.004084850667047386,0.3956813551837675,0.7414285714285721,0.005777065384358517,1.4000000000000057,0.010908524232507447,0.28000000000000114,0.002181704846501489,0.00038891541425819766,378.29245752554874,4,0.0,range_v2_aggressive
SBER,2022-08-05 13:30:00+00:00,2022-08-05 18:00:00+00:00,1,2022-08-05 13:30:00+00:00,126.804,1.4360191572071892,124.64997126418922,128.95802873581079,-0.022270590833096734,-0.15551586036224246,0.8214285714285724,0.006625492590970902,0.8200000000000074,0.006613969995160569,0.23000000000000398,0.0018551379254718823,-0.0018198563478260842,-1770.8366627715443,10,-1.1700000000000017,range_v2_aggressive
SBER,2022-08-05 18:00:00+00:00,2022-08-08 09:30:00+00:00,1,2022-08-05 18:00:00+00:00,125.9196,1.7881286077410619,123.23740708838841,128.6017929116116,-0.026204022249117675,-0.11509371412390981,0.7664285714285738,0.0062504368898105836,0.8400000000000034,0.006850432229652613,0.3299999999999983,0.002691241233077787,0.004372591425908647,4247.068075231766,3,-0.21999999999999886,range_v2_aggressive
SBER,2022-08-11 17:00:00+00:00,2022-08-11 17:30:00+00:00,1,2022-08-11 17:00:00+00:00,125.5632,0.7734297848585608,124.40305532271215,126.72334467728784,-0.010936325292760913,-0.09182273852698518,0.5728571428571436,0.004612747748265912,0.7599999999999909,0.00611965536677664,0.6500000000000057,0.005233915774216971,-0.0007441471321695612,-725.9454514268862,2,0.0,range_v2_aggressive
SBER,2022-08-12 10:00:00+00:00,2022-08-15 09:30:00+00:00,1,2022-08-12 10:00:00+00:00,125.4908,0.8965667847143604,124.14594982292846,126.83565017707153,-0.009170393367481837,0.0721456487792929,0.6178571428571443,0.004969093958960466,1.8800000000000097,0.015119832716744488,0.8599999999999994,0.00691651922148946,0.00013430936416184748,130.92668437938778,19,-0.980000000000004,range_v2_aggressive
SBER,2022-08-15 10:00:00+00:00,2022-08-15 14:30:00+00:00,1,2022-08-15 10:00:00+00:00,124.976,0.9687589364760913,123.52286159528586,126.42913840471414,-0.0031686083728075854,0.36374319241879033,0.6014285714285735,0.004827649473660086,1.9300000000000068,0.015492053299084981,0.01999999999999602,0.0001605394124257186,-0.002021603325415668,-1970.95244569131,10,-0.8299999999999983,range_v2_aggressive
SBER,2022-08-15 14:30:00+00:00,2022-08-15 17:00:00+00:00,1,2022-08-15 14:30:00+00:00,124.5858,0.883342653984215,123.26078601902368,125.91081398097633,-0.008715278948323212,0.0902684742994388,0.6007142857142844,0.004864083285135906,0.5799999999999983,0.00469635627530363,0.3499999999999943,0.0028340080971659457,0.0015531060642092669,1511.1321944186739,6,0.0,range_v2_aggressive
SBER,2022-08-25 14:30:00+00:00,2022-08-26 09:30:00+00:00,1,2022-08-25 14:30:00+00:00,129.10219999999998,0.9361586510166914,127.69796202347494,130.506437976525,-0.013417277164912587,-0.11677579903034782,0.6478571428571455,0.005086418645341489,1.1500000000000057,0.009028813692392288,0.8199999999999932,0.006437936719792676,0.000785941786108054,765.8887749481088,10,0.0,range_v2_aggressive
SBER,2022-08-26 10:00:00+00:00,2022-08-26 14:00:00+00:00,1,2022-08-26 10:00:00+00:00,128.9978,0.8017208274575098,127.79521875881375,130.20038124118628,-0.007269891424504991,0.11008871256176715,0.5442857142857146,0.0042502398429307715,1.1099999999999852,0.00866781196314216,0.07999999999998408,0.0006247071685146344,0.001723260367454038,1680.6118485075706,9,-0.14000000000000057,range_v2_aggressive
SBER,2022-09-06 15:30:00+00:00,2022-09-06 16:30:00+00:00,1,2022-09-06 15:30:00+00:00,140.7852,1.8890697849912268,137.95159532251316,143.61880467748685,-0.025465744978875722,-0.13262176768775064,1.23142857142857,0.00897542690545605,1.759999999999991,0.012827988338192355,0.44999999999998863,0.0032798833819241155,0.0007616203016241337,744.0511486006154,3,0.0,range_v2_aggressive
SBER,2022-09-06 17:00:00+00:00,2022-09-07 09:30:00+00:00,1,2022-09-06 17:00:00+00:00,140.7552,1.9278816119537938,137.86337758206932,143.64702241793069,-0.018579775383076546,0.047828389498517636,1.335714285714287,0.009669279612815166,0.8400000000000034,0.00608078760677576,0.13000000000002387,0.00094107427247737,-0.0009962130481283252,-973.9735135504937,5,-0.9799999999999898,range_v2_aggressive
SBER,2022-09-07 10:00:00+00:00,2022-09-08 09:30:00+00:00,1,2022-09-07 10:00:00+00:00,140.394,2.112278004158359,137.22558299376246,143.56241700623755,-0.029588159038135504,-0.15553239864294502,1.2335714285714292,0.009054399798674612,1.8100000000000023,0.013285378743394026,0.7199999999999989,0.005284791544333521,0.0002429052692530306,237.24605056053153,19,0.0,range_v2_aggressive
SBER,2022-09-08 10:00:00+00:00,2022-09-08 11:00:00+00:00,1,2022-09-08 10:00:00+00:00,138.62279999999998,1.7385779315257361,136.01493310271138,141.2306668972886,-0.009542441791681979,0.2463827618320385,0.9264285714285754,0.006747476849443375,1.6800000000000068,0.012235979606700705,0.6200000000000045,0.004515659140568132,-0.002082267386276014,-2034.2486298753558,3,-1.1100000000000136,range_v2_aggressive
SBER,2022-09-08 11:00:00+00:00,2022-09-08 16:30:00+00:00,1,2022-09-08 11:00:00+00:00,138.4218,1.75762907312138,135.78535639031793,141.05824360968205,-0.020963460957739172,-0.050324685372261646,0.9921428571428622,0.007321006915162796,1.2900000000000205,0.009518890200708533,0.6799999999999784,0.005017709563163949,-0.0015799236861051196,-1540.275420835626,12,-0.7600000000000193,range_v2_aggressive
SBER,2022-09-08 17:00:00+00:00,2022-09-09 09:30:00+00:00,1,2022-09-08 17:00:00+00:00,137.1586,1.4512443779017574,134.98173343314738,139.33546656685263,-0.022518456735487337,-0.2094141751796942,0.8628571428571438,0.006435870387537434,0.46999999999999886,0.003505631386589087,0.06999999999999318,0.0005221153128961974,0.00022268923841059976,216.7578378846441,5,0.0,range_v2_aggressive
SBER,2022-09-13 15:30:00+00:00,2022-09-13 19:00:00+00:00,1,2022-09-13 15:30:00+00:00,138.2442,0.97797602298729,136.77723596551908,139.71116403448093,-0.013267826064312352,-0.1251687011021474,0.6164285714285731,0.004518939750960876,1.950000000000017,0.014295139652518269,1.710000000000008,0.012535737849131354,0.0014580667439165848,1419.5467078371744,8,0.0,range_v2_aggressive
SBER,2022-09-14 11:30:00+00:00,2022-09-14 16:30:00+00:00,1,2022-09-14 11:30:00+00:00,137.6482,0.7804490854664681,136.4775263718003,138.8188736281997,-0.011320162559336041,-0.1655142656609845,0.46428571428571835,0.0034116078645434517,0.5699999999999932,0.004188404732162489,0.21000000000000796,0.0015430964802704678,0.002216314153846149,2160.908468125802,11,-0.4300000000000068,range_v2_aggressive
SBER,2022-09-16 15:00:00+00:00,2022-09-16 19:00:00+00:00,1,2022-09-16 15:00:00+00:00,139.1244,0.7089260629750724,138.0610109055374,140.18778909446263,-0.01016644096937705,-0.16504349506930036,0.9085714285714245,0.006597715696546543,1.3300000000000125,0.009657976907995152,0.7099999999999795,0.00515576210877917,-3.479418238993227e-05,-33.99954891121962,9,-0.3400000000000034,range_v2_aggressive
SBER,2022-09-19 10:00:00+00:00,2022-09-19 12:30:00+00:00,1,2022-09-19 10:00:00+00:00,138.814,1.002348262988139,137.31047760551778,140.3175223944822,-0.0032705634878324903,0.3490212045839438,0.375,0.002710320901994796,1.7600000000000193,0.012720439433362382,0.910000000000025,0.006577045388840886,-0.0030962266666667185,-3025.4094210200615,6,-0.5,range_v2_aggressive
SBER,2022-09-19 12:30:00+00:00,2022-09-19 19:00:00+00:00,1,2022-09-19 12:30:00+00:00,138.67340000000002,0.9992152224235988,137.17457716636463,140.1722228336354,-0.00954328660002582,0.0585202032217107,0.6000000000000004,0.0043684018929741565,0.9699999999999989,0.007062249726974874,0.6899999999999977,0.0050236621769202605,0.000580608333333333,565.5720161055681,14,0.0,range_v2_aggressive
SBER,2022-09-20 10:00:00+00:00,2022-09-20 10:30:00+00:00,1,2022-09-20 10:00:00+00:00,137.80360000000002,0.26941932931026485,137.39947100603462,138.20772899396542,-0.0032190741025633837,-0.048834662476583086,0.27142857142857835,0.001976037939928497,1.289999999999992,0.00939138031450198,0.5,0.003640069889341875,-0.004273628947368383,-4165.369591579589,2,0.0,range_v2_aggressive
SBER,2022-09-20 11:30:00+00:00,2022-09-20 12:00:00+00:00,1,2022-09-20 11:30:00+00:00,137.7362,0.3622823900051203,137.19277641499232,138.27962358500767,-0.005708012853556349,-0.22337677429744496,0.38928571428571956,0.002842538987117339,0.549999999999983,0.004016064257027988,0.0,0.0,-0.002157505321100882,-2093.8646966313604,2,0.0,range_v2_aggressive
SBER,2022-09-23 11:00:00+00:00,2022-09-23 14:00:00+00:00,1,2022-09-23 11:00:00+00:00,122.66599999999998,1.9328988485253196,119.76665172721201,125.56534827278796,-0.026625144701873195,-0.06323002494271485,0.8671428571428572,0.007262502991146207,4.140000000000001,0.034673366834170855,3.089999999999989,0.02587939698492453,-0.0009117459637561902,-882.9428287830194,7,-0.25,range_v2_aggressive
SBER,2022-09-26 10:00:00+00:00,2022-09-26 11:00:00+00:00,1,2022-09-26 10:00:00+00:00,121.2592,2.985872750315199,116.78039087452721,125.7380091254728,-0.03883581616900004,-0.025720104169754742,1.047142857142861,0.008984494698780446,4.170000000000002,0.03577863577863579,1.5600000000000023,0.013384813384813404,-0.001362540927694399,-1318.2936000953284,3,-0.7599999999999909,range_v2_aggressive
SBER,2022-09-29 13:00:00+00:00,2022-09-29 14:00:00+00:00,1,2022-09-29 13:00:00+00:00,111.3686,0.9544632209918579,109.93690516851221,112.80029483148779,-0.018664147704110446,-0.2259228553056779,0.9557142857142844,0.008744755107642825,2.3599999999999994,0.02159392442126452,1.2299999999999898,0.011254460609387774,-0.0007738055306427563,-747.6567684214357,3,-0.04000000000000625,range_v2_aggressive
SBER,2022-09-29 18:00:00+00:00,2022-09-29 19:00:00+00:00,1,2022-09-29 18:00:00+00:00,110.84859999999999,1.3946720920367126,108.75659186194493,112.94060813805505,-0.016045308646207505,0.0749060513565788,1.0735714285714266,0.009842957995520553,0.5499999999999972,0.005042633171357818,0.1799999999999926,0.0016503163106261357,0.0010140843646041342,979.0578118423861,3,0.0,range_v2_aggressive
SBER,2022-10-05 12:00:00+00:00,2022-10-05 19:00:00+00:00,1,2022-10-05 12:00:00+00:00,111.806,2.0477762950365284,108.7343355574452,114.87766444255479,-0.04003362967998139,-0.22859521013909673,0.6778571428571415,0.006315635356909918,0.7000000000000028,0.006521941675207331,0.060000000000002274,0.0005590235721606473,0.002610960168598531,2523.333682417049,15,-0.3299999999999983,range_v2_aggressive
SBER,2022-10-07 10:00:00+00:00,2022-10-07 11:00:00+00:00,1,2022-10-07 10:00:00+00:00,108.59800000000001,0.49428158484276774,107.85657762273586,109.33942237726417,-0.005506547081898498,0.09672110099601518,0.38500000000000006,0.0035648148148148154,1.6300000000000097,0.015092592592592682,0.28000000000000114,0.002592592592592603,-0.002228535064935051,-2159.3664928604153,3,-0.4399999999999977,range_v2_aggressive
SBER,2022-10-07 12:30:00+00:00,2022-10-07 13:00:00+00:00,1,2022-10-07 12:30:00+00:00,108.486,0.6457237668488512,107.51741434972672,109.45458565027329,-0.012868019836660959,-0.2206383862935219,0.5085714285714289,0.00474900951135894,0.38000000000000966,0.003548417219161543,0.10999999999999943,0.0010271734055467311,-0.00127261573033708,-1230.3686388544847,2,0.0,range_v2_aggressive
SBER,2022-10-07 14:00:00+00:00,2022-10-07 16:00:00+00:00,1,2022-10-07 14:00:00+00:00,108.3698,0.7701669308925211,107.21454960366121,109.52505039633878,-0.01383964905351854,-0.14912334362885823,0.5799999999999983,0.005427154486759598,0.37999999999999545,0.0035557219051183253,0.14000000000000057,0.0013100028071488777,-0.0020454827586207083,-1975.0620618230018,5,-0.3200000000000074,range_v2_aggressive
SBER,2022-10-13 10:00:00+00:00,2022-10-13 11:30:00+00:00,1,2022-10-13 10:00:00+00:00,106.68260000000001,0.7840965419823913,105.50645518702642,107.8587448129736,-0.013147411105466184,-0.0962701125441694,0.3164285714285689,0.0030055905340859506,1.3299999999999983,0.012632978723404239,0.4200000000000017,0.003989361702127676,0.005379381489842007,5183.558644385562,4,0.0,range_v2_aggressive
SBER,2022-10-19 11:30:00+00:00,2022-10-19 15:30:00+00:00,1,2022-10-19 11:30:00+00:00,112.23219999999999,1.1302452142397226,110.53683217864041,113.92756782135957,-0.016592386142301293,-0.04920235495168704,0.980714285714287,0.00888569616484812,1.230000000000004,0.011144332699103053,0.8200000000000074,0.007429555132735411,0.001057715804806987,1024.6950546700896,9,-0.35999999999999943,range_v2_aggressive
SBER,2022-10-19 16:30:00+00:00,2022-10-19 19:00:00+00:00,1,2022-10-19 16:30:00+00:00,112.0072,1.2924222470690965,110.06856662939636,113.94583337060364,-0.004974680199130008,0.35629051669875644,1.115714285714286,0.010010895340639623,0.5799999999999983,0.005204127411395229,0.25,0.0022431583669807087,-3.8256209987197424e-05,-37.10109319485716,6,-0.39000000000000057,range_v2_aggressive
SBER,2022-11-03 13:00:00+00:00,2022-11-03 19:00:00+00:00,1,2022-11-03 13:00:00+00:00,126.6366,0.8738224960304488,125.32586625595432,127.94733374404568,-0.011581170056681873,-0.05945763457391027,0.8542857142857139,0.006825003709241143,0.9399999999999977,0.007509786690101444,0.4899999999999949,0.003914676040584764,9.606973244147026e-05,93.16541657947394,13,-0.3200000000000074,range_v2_aggressive
SBER,2022-11-09 12:00:00+00:00,2022-11-09 12:30:00+00:00,1,2022-11-09 12:00:00+00:00,131.1914,0.5567654761228754,130.3562517858157,132.0265482141843,-0.009081387956832441,-0.21328656384881456,0.5328571428571435,0.004098901098901104,0.44999999999998863,0.003461538461538374,0.3300000000000125,0.0025384615384616348,-0.001505608042895434,-1460.2317786852182,2,0.0,range_v2_aggressive
SBER,2022-11-09 14:30:00+00:00,2022-11-09 18:30:00+00:00,1,2022-11-09 14:30:00+00:00,131.0282,0.7672683852431172,129.8772974221353,132.17910257786468,-0.012121054856893406,-0.18998020794542467,0.6599999999999946,0.005098887515451132,0.6299999999999955,0.00486711990111245,0.4399999999999977,0.0033992583436340987,-0.0019562409090909338,-1894.4268318866543,9,-0.4399999999999977,range_v2_aggressive
SBER,2022-11-18 10:00:00+00:00,2022-11-18 12:30:00+00:00,1,2022-11-18 10:00:00+00:00,138.3246,0.7579812336261281,137.18762814956082,139.46157185043919,-0.008780795317680225,-0.03413811411901853,0.3357142857142849,0.0024485032872458967,0.75,0.005470060535336591,0.010000000000019327,7.29341404712955e-05,-0.003067647234042632,-2964.903065135128,6,-0.46000000000000796,range_v2_aggressive
SBER,2022-11-18 13:30:00+00:00,2022-11-18 19:00:00+00:00,1,2022-11-18 13:30:00+00:00,138.0272,0.9361886254196147,136.62291706187057,139.43148293812942,-0.013817566392710923,-0.1790654319778577,0.5249999999999996,0.0038568909785483365,0.5200000000000102,0.003820158683514621,0.06999999999999318,0.0005142521304730618,-5.688380952380092e-05,-54.809955121689796,12,-0.11000000000001364,range_v2_aggressive
SBER,2022-11-21 14:30:00+00:00,2022-11-21 18:30:00+00:00,1,2022-11-21 14:30:00+00:00,136.14079999999998,1.3533855354866795,134.11072169676996,138.17087830323,-0.019103751410304574,-0.1405664244236043,0.7171428571428525,0.005370247544876835,0.7299999999999898,0.005466526883330761,0.2699999999999818,0.0020218661075331874,-0.00042769442231075505,-412.0782138822706,9,-0.4099999999999966,range_v2_aggressive
SBER,2022-11-22 10:00:00+00:00,2022-11-22 10:30:00+00:00,1,2022-11-22 10:00:00+00:00,134.8198,1.2836435544991533,132.89433466825125,136.74526533174873,-0.004819766829501298,0.3312615684932016,0.5535714285714265,0.004125895718651163,1.2800000000000011,0.009540135648803766,0.3800000000000239,0.002832227770738793,0.0012310967741935755,1185.6389994890324,2,0.0,range_v2_aggressive
SBER,2022-11-25 10:00:00+00:00,2022-11-25 10:30:00+00:00,1,2022-11-25 10:00:00+00:00,137.0346,0.4695512833203439,136.3302730750195,137.73892692498052,-0.006090432635261628,-0.09248054447380542,0.40428571428571203,0.002968323893434009,1.6100000000000136,0.0118208516886932,1.0,0.007342143906020559,-0.0015071371024734561,-1453.273565384016,2,0.0,range_v2_aggressive
SBER,2022-11-25 11:00:00+00:00,2022-11-25 19:00:00+00:00,1,2022-11-25 11:00:00+00:00,136.9886,0.5179985417935854,136.2116021873096,137.76559781269037,-0.00619467605333586,-0.04607618331749051,0.4492857142857117,0.0033001741904341983,0.5800000000000125,0.00426032025855746,0.4099999999999966,0.003011605700014666,-2.205278219392592e-05,-21.23258960975761,17,-0.339999999999975,range_v2_aggressive
SBER,2022-11-28 10:30:00+00:00,2022-11-28 12:30:00+00:00,1,2022-11-28 10:30:00+00:00,136.4402,0.5584873516486055,135.6024689725271,137.2779310274729,-0.005351795145418992,0.06417992407257517,0.4142857142857131,0.0030527279808835977,1.1200000000000045,0.008252892196595715,0.5300000000000011,0.0039053864858890363,-0.002144575517241407,-2064.768393994747,5,-0.30000000000001137,range_v2_aggressive
SBER,2022-11-28 14:30:00+00:00,2022-11-28 19:00:00+00:00,1,2022-11-28 14:30:00+00:00,136.113,0.6141802230942902,135.19172966535857,137.03427033464143,-0.00905864979832936,-0.16918468642534623,0.6385714285714305,0.004734367056431128,0.4399999999999977,0.0032621589561091175,0.07999999999998408,0.0005931198102015427,0.0010347174496644301,994.0755581850802,10,0.0,range_v2_aggressive
SBER,2022-11-30 15:00:00+00:00,2022-11-30 19:00:00+00:00,1,2022-11-30 15:00:00+00:00,136.2452,0.433426028234116,135.59506095764883,136.8953390423512,-0.005029168000047039,-0.0269641994749525,0.31999999999999523,0.0023605783416936798,0.4399999999999977,0.0032457952198288414,0.3499999999999943,0.002581882561227459,6.467812499996191e-05,62.20197632913312,9,-0.17000000000001592,range_v2_aggressive
SBER,2022-12-07 12:30:00+00:00,2022-12-07 16:00:00+00:00,1,2022-12-07 12:30:00+00:00,141.1112,0.9046493060099926,139.754226040985,142.468173959015,-0.013898258961726575,-0.22263730153804706,0.6357142857142841,0.004568553975668589,0.27000000000001023,0.0019403521379806699,0.009999999999990905,7.1864893999216e-05,0.003184664943820244,3062.9407655263567,8,0.0,range_v2_aggressive
SBER,2022-12-12 12:00:00+00:00,2022-12-12 12:30:00+00:00,1,2022-12-12 12:00:00+00:00,140.0978,0.2223555700085234,139.76426664498723,140.43133335501278,-0.0034818533909882444,-0.231261195722551,0.3685714285714263,0.002640007367462404,0.4399999999999977,0.003151636702241943,0.2799999999999727,0.002005586992335597,-0.0009587042635659438,-924.9971492199313,2,0.0,range_v2_aggressive
SBER,2022-12-12 15:30:00+00:00,2022-12-12 19:00:00+00:00,1,2022-12-12 15:30:00+00:00,139.9708,0.3551707831841643,139.43804382522376,140.50355617477624,-0.004149436882549865,-0.04508988116745015,0.4442857142857162,0.0031873571582302623,0.46999999999999886,0.0033718344214075536,0.18999999999999773,0.0013630820001434662,-9.779742765270196e-05,-94.26850237515285,8,-0.06999999999999318,range_v2_aggressive
SBER,2022-12-13 10:00:00+00:00,2022-12-13 13:00:00+00:00,1,2022-12-13 10:00:00+00:00,139.714,0.327650883644837,139.22252367453274,140.20547632546726,-0.0026768970897690656,0.11951371752807967,0.2521428571428511,0.0018095511492956158,0.8199999999999932,0.005884885890627194,0.3100000000000023,0.0022247739342615347,-0.004490295750708282,-4327.844492318658,7,-0.2400000000000091,range_v2_aggressive
SBER,2022-12-13 16:30:00+00:00,2022-12-13 19:00:00+00:00,1,2022-12-13 16:30:00+00:00,139.25539999999998,0.7899346650330534,138.0704980024504,140.44030199754957,-0.007937932748029697,0.03354792114201244,0.5600000000000023,0.004053564965617099,0.7300000000000182,0.0052841114730366855,0.6400000000000148,0.004632645674991059,-0.0005389285714285794,-517.098653847615,6,-0.27000000000001023,range_v2_aggressive
SBER,2022-12-14 10:00:00+00:00,2022-12-14 19:00:00+00:00,1,2022-12-14 10:00:00+00:00,138.6868,0.8057204657300365,137.47821930140495,139.89538069859506,-0.009855299855501836,-0.06545665572389202,0.3164285714285699,0.0023043152594565243,1.0999999999999943,0.00801048645499559,0.9300000000000068,0.006772502184678174,0.0009116243792325029,874.2265923642005,19,-0.3199999999999932,range_v2_aggressive
SBER,2022-12-15 13:00:00+00:00,2022-12-15 15:00:00+00:00,1,2022-12-15 13:00:00+00:00,137.3982,0.7401039361050655,136.2880440958424,138.5083559041576,-0.011413541079868516,-0.2062971939918422,0.5314285714285754,0.003912453592200363,0.5,0.0036810719281454756,0.46000000000000796,0.0033865861738938963,-0.001559315860215055,-1496.7108648366539,5,0.0,range_v2_aggressive
SBER,2022-12-15 16:30:00+00:00,2022-12-15 19:00:00+00:00,1,2022-12-15 16:30:00+00:00,137.0284,0.9792445232100195,135.55953321518498,138.49726678481503,-0.014072995087149893,-0.15642440142822786,0.683571428571428,0.005059744104895841,0.45000000000001705,0.0033308660251666696,0.12000000000000455,0.0008882309400444452,4.5630929989560664e-05,43.730596802395354,6,0.0,range_v2_aggressive
SBER,2022-12-16 10:00:00+00:00,2022-12-16 16:00:00+00:00,1,2022-12-16 10:00:00+00:00,136.1674,1.0818367032782512,134.5446449450826,137.79015505491736,-0.006957612468182456,0.20808903132696613,0.4178571428571424,0.003090202210154877,1.4699999999999989,0.010871172903416645,0.7199999999999989,0.005324656115959169,0.0007914905982905748,758.5630104110182,13,-0.44999999999998863,range_v2_aggressive
SBER,2022-12-19 10:00:00+00:00,2022-12-19 10:30:00+00:00,1,2022-12-19 10:00:00+00:00,135.2366,0.31716608586926237,134.7608508711961,135.7123491288039,-0.004707305566688423,-0.1690500953732908,0.3114285714285643,0.0023137338144767036,1.0800000000000125,0.008023774145616735,0.5300000000000011,0.003937592867756324,-0.0028489550458715633,-2732.5939443331645,2,0.0,range_v2_aggressive
SBER,2022-12-19 12:00:00+00:00,2022-12-19 12:30:00+00:00,1,2022-12-19 12:00:00+00:00,135.1424,0.4482326285429871,134.47005105718551,135.8147489428145,-0.007047381132790386,-0.20826317954275791,0.413571428571428,0.003081983967295834,0.4800000000000182,0.0035770176615248393,0.18000000000000682,0.0013413816230718148,-0.0006709022452504217,-641.6669916402985,2,0.0,range_v2_aggressive
SBER,2022-12-19 15:00:00+00:00,2022-12-19 16:00:00+00:00,1,2022-12-19 15:00:00+00:00,134.9136,0.7067250132772213,133.85351248008416,135.97368751991584,-0.0101072093547277,-0.1431544445067363,0.5535714285714326,0.0041450500080227074,0.29999999999998295,0.0022463496817670004,0.20000000000001705,0.0014975664545115465,0.0030909272258064025,2954.2535550095986,3,0.0,range_v2_aggressive
SBER,2022-12-28 10:00:00+00:00,2022-12-28 10:30:00+00:00,1,2022-12-28 10:00:00+00:00,140.45600000000002,0.3378503465443048,139.94922448018357,140.96277551981646,-0.0051688785099962085,-0.2162934786816343,0.3192857142857162,0.002285019067385073,0.700000000000017,0.005009661490016582,0.060000000000002274,0.00042939955628714147,-0.001232247427292997,-1181.400660338866,2,0.0,range_v2_aggressive
SBER,2022-12-28 11:00:00+00:00,2022-12-28 13:30:00+00:00,1,2022-12-28 11:00:00+00:00,140.417,0.3825171725193226,139.843224241221,140.990775758779,-0.005818383813925716,-0.21195060744514616,0.3535714285714318,0.002532746623004526,0.5200000000000102,0.003724928366762251,0.10999999999998522,0.0007879656160457394,-0.0016491349494949536,-1579.137680443202,6,-0.07999999999998408,range_v2_aggressive
SBER,2022-12-28 14:30:00+00:00,2022-12-28 19:00:00+00:00,1,2022-12-28 14:30:00+00:00,140.2628,0.5301753267244697,139.4675370099133,141.0580629900867,-0.007577205075044916,-0.16820662676891734,0.4278571428571435,0.003073686371100169,0.6100000000000136,0.004382183908046075,0.2699999999999818,0.0019396551724136625,0.0003425208681135486,327.441737064364,10,-0.08999999999997499,range_v2_aggressive
SBER,2023-01-04 12:30:00+00:00,2023-01-04 19:00:00+00:00,1,2023-01-04 12:30:00+00:00,141.67860000000002,0.44697171477466047,141.00814242783804,142.349057572162,-0.005142625632946885,-0.04336025891285084,0.3364285714285679,0.0023868646429838093,0.700000000000017,0.004966300106420838,0.5500000000000114,0.0039020929407592156,0.00022204416135886742,212.34160068345176,14,-0.01999999999998181,range_v2_aggressive
SBER,2023-01-05 10:30:00+00:00,2023-01-05 11:00:00+00:00,1,2023-01-05 10:30:00+00:00,141.5056,0.31453340812736125,141.03379988780895,141.97740011219102,-0.0036436720525546543,-0.04641784378297243,0.22214285714285406,0.001575593000516732,0.37000000000000455,0.0026242995957160404,0.09000000000000341,0.0006383431449039181,-0.0018223138263665849,-1743.0719778073362,2,0.0,range_v2_aggressive
SBER,2023-01-05 11:30:00+00:00,2023-01-05 18:00:00+00:00,1,2023-01-05 11:30:00+00:00,141.46620000000001,0.32515547228143254,140.97846679157786,141.95393320842217,-0.002517915940344769,0.13484134989256968,0.2707142857142872,0.001918462800044555,0.4800000000000182,0.0034016015874142025,0.37000000000000455,0.0026220678902983807,0.0009394701846965521,896.9805164633461,14,-0.22000000000002728,range_v2_aggressive
SBER,2023-01-06 13:00:00+00:00,2023-01-06 14:30:00+00:00,1,2023-01-06 13:00:00+00:00,141.2558,0.17956966566499055,140.98644550150252,141.52515449849747,-0.0020940733053084236,-0.04909051389530705,0.22571428571428548,0.001601264796497485,0.25,0.0017735527809307605,0.1699999999999875,0.0012060158910328284,0.0007734601265822088,739.172418121219,4,0.0,range_v2_aggressive
SBER,2023-01-13 10:00:00+00:00,2023-01-13 13:30:00+00:00,1,2023-01-13 10:00:00+00:00,149.0416,0.5416014043493118,148.22919789347603,149.85400210652395,-0.006451889942136799,-0.09182515178006466,0.3335714285714297,0.0022526433588021992,2.019999999999982,0.013641274986493663,1.4899999999999807,0.010062128579146276,0.01053166937901489,10072.582185086008,8,0.0,range_v2_aggressive
SBER,2023-01-17 11:00:00+00:00,2023-01-17 19:00:00+00:00,1,2023-01-17 11:00:00+00:00,152.6292,0.7929403814647854,151.43978942780282,153.81861057219717,-0.011329417961962664,-0.22691467539491994,0.6042857142857108,0.004004544163589866,1.0600000000000023,0.007024519549370459,0.710000000000008,0.004705102717031199,-1.020378250591584e-05,-9.86176670373598,17,0.0,range_v2_aggressive
SBER,2023-01-18 10:00:00+00:00,2023-01-18 13:30:00+00:00,1,2023-01-18 10:00:00+00:00,152.0742,1.1485627041173951,150.3513559438239,153.79704405617608,-0.012455761726841133,-0.04973054386716463,0.5714285714285613,0.003804957860091632,1.670000000000016,0.011119989346118098,0.21999999999999886,0.0014649087761352967,0.0030672075000000324,2964.3689616604797,8,0.0,range_v2_aggressive
SBER,2023-01-19 11:30:00+00:00,2023-01-19 12:00:00+00:00,1,2023-01-19 11:30:00+00:00,151.358,0.6442556213911528,150.39161656791327,152.32438343208673,-0.007518598290146575,-0.0887932068240765,0.5435714285714275,0.003618502386975286,1.0600000000000023,0.007056317401145003,0.25,0.0016642258021568367,-0.0013147067017083023,-1274.52397453093,2,0.0,range_v2_aggressive
SBER,2023-01-19 12:30:00+00:00,2023-01-19 19:00:00+00:00,1,2023-01-19 12:30:00+00:00,151.2796,0.7149024762802807,150.20724628557957,152.3519537144204,-0.01017718185399736,-0.21786015159750696,0.6749999999999992,0.004507813543475352,0.75,0.0050086817149726185,0.0700000000000216,0.00046747696006425534,-0.0008951555555555533,-866.6551024598244,14,-0.3400000000000034,range_v2_aggressive
SBER,2023-01-20 10:00:00+00:00,2023-01-20 15:30:00+00:00,1,2023-01-20 10:00:00+00:00,150.556,1.134282115672768,148.85457682649087,152.25742317350915,-0.008608092669837274,0.11914236852462338,0.5142857142857115,0.003445569571792252,1.0200000000000102,0.006833712984054738,0.4399999999999977,0.0029478761892000383,0.001273440000000049,1231.7918862000781,12,-0.2599999999999909,range_v2_aggressive
SBER,2023-01-25 10:00:00+00:00,2023-01-25 13:30:00+00:00,1,2023-01-25 10:00:00+00:00,153.50639999999999,0.6376031645934771,152.54999525310976,154.4628047468902,-0.00427604321383337,0.15683984623963343,0.413571428571426,0.0027057339127996467,1.420000000000016,0.00929015374550223,0.4000000000000057,0.00261694471704289,-0.0027976932642486754,-2709.6403137713187,8,-0.710000000000008,range_v2_aggressive
SBER,2023-01-25 13:30:00+00:00,2023-01-25 19:00:00+00:00,1,2023-01-25 13:30:00+00:00,153.38,0.711511756173073,152.31273236574037,154.44726763425962,-0.009910027382970282,-0.21209879846793372,0.6071428571428571,0.003998043310568003,0.8000000000000114,0.005268010009219092,0.2699999999999818,0.0017779533781112984,0.0005474889411764706,528.7740985048061,12,0.0,range_v2_aggressive
SBER,2023-01-26 18:00:00+00:00,2023-01-26 19:00:00+00:00,1,2023-01-26 18:00:00+00:00,152.7566,0.47872965357328445,152.03850551964007,153.47469448035991,-0.005083904721629062,-0.04073664485678448,0.4364285714285724,0.0028716184460361393,0.7300000000000182,0.00480326358731424,0.46999999999999886,0.0030925121726542893,-3.973846153844844e-05,-38.40109233034309,3,-0.1799999999999784,range_v2_aggressive
SBER,2023-01-27 10:00:00+00:00,2023-01-27 13:00:00+00:00,1,2023-01-27 10:00:00+00:00,152.6688,0.4896589395981309,151.93431159060282,153.4032884093972,-0.004904734955668853,-0.009742557145711678,0.3050000000000068,0.002007635597683036,0.8100000000000023,0.005331753554502385,0.4800000000000182,0.0031595576619274503,0.003251186885245911,3141.6456907994707,7,0.0,range_v2_aggressive
SBER,2023-02-08 13:30:00+00:00,2023-02-08 19:00:00+00:00,1,2023-02-08 13:30:00+00:00,165.6146,0.7668148005952476,164.46437779910713,166.76482220089287,-0.008541517474908656,-0.11492466364408195,0.5978571428571391,0.003641030102662236,1.5900000000000034,0.009683313032886744,1.490000000000009,0.009074299634592017,-0.0005694403823177995,-552.0433905185021,12,-0.39999999999997726,range_v2_aggressive
SBER,2023-02-09 10:00:00+00:00,2023-02-09 10:30:00+00:00,1,2023-02-09 10:00:00+00:00,164.71399999999997,0.6323329009243418,163.76550064861345,165.6624993513865,-0.0034848282477505494,0.1974167672540257,0.3357142857142869,0.002045292346254947,1.3899999999999864,0.008468380650663986,0.21000000000000796,0.0012793956378701595,-0.00354302170212762,-3432.8228281725887,2,0.0,range_v2_aggressive
SBER,2023-02-09 13:30:00+00:00,2023-02-09 16:00:00+00:00,1,2023-02-09 13:30:00+00:00,164.2998,1.0062934410131714,162.79035983848024,165.80924016151977,-0.012780295532922231,-0.19555589334719187,0.6492857142857125,0.004002994539369374,0.44999999999998863,0.0027743526510480188,0.09999999999999432,0.0006165228113439847,0.006048275687568795,5839.393049170188,6,0.0,range_v2_aggressive
SBER,2023-02-13 15:30:00+00:00,2023-02-13 19:00:00+00:00,1,2023-02-13 15:30:00+00:00,165.5466,0.29525920753898566,165.10371118869153,165.9894888113085,-0.002939353632149557,-0.04934781323826032,0.5635714285714296,0.003414342836371196,0.47999999999998977,0.0029080334423845253,0.3100000000000023,0.0018781049315400597,0.0004222570342205094,410.13973271624434,8,0.0,range_v2_aggressive
SBER,2023-02-14 12:30:00+00:00,2023-02-14 15:30:00+00:00,1,2023-02-14 12:30:00+00:00,165.095,0.8674317003292712,163.7938524495061,166.3961475504939,-0.010751385565886342,-0.18209020542144716,0.5157142857142816,0.0031576921731219787,0.5999999999999943,0.0036737692872887235,0.37999999999999545,0.002326720548616186,-0.003098789473684211,-3011.135979732869,7,-0.20999999999997954,range_v2_aggressive
SBER,2023-02-14 16:30:00+00:00,2023-02-14 19:00:00+00:00,1,2023-02-14 16:30:00+00:00,164.67899999999997,1.179171708445875,162.91024243733116,166.44775756266878,-0.014749907395599766,-0.18664017366375218,0.7157142857142844,0.004411182038300675,0.789999999999992,0.004869029275808887,0.37999999999999545,0.002342064714946043,-0.0003191497005988189,-309.16111213610077,6,-0.12999999999999545,range_v2_aggressive
SBER,2023-02-15 10:30:00+00:00,2023-02-15 11:00:00+00:00,1,2023-02-15 10:30:00+00:00,163.3598,1.5233294495510492,161.07480582567342,165.6447941743266,-0.019342579998261618,-0.19142408228048324,0.44357142857143117,0.0027688603531300323,0.7599999999999909,0.004744069912609182,0.040000000000020464,0.0002496878901374561,-0.0021763146537841886,-2107.528609219186,2,0.0,range_v2_aggressive
SBER,2023-02-15 11:30:00+00:00,2023-02-15 17:30:00+00:00,1,2023-02-15 11:30:00+00:00,163.13739999999999,1.6425512881847146,160.6735730677229,165.60122693227706,-0.020028515840021854,-0.16307417075359365,0.5707142857142884,0.0035698648008650052,0.8499999999999943,0.005316819916181862,0.4200000000000159,0.0026271345468193903,-0.0038261632040049723,-3697.1672033496234,13,-0.27000000000001023,range_v2_aggressive
SBER,2023-02-16 10:00:00+00:00,2023-02-16 19:00:00+00:00,1,2023-02-16 10:00:00+00:00,159.8504,2.366781988100576,156.30022701784915,163.40057298215086,-0.015454449910666548,0.15207329158038202,1.2528571428571422,0.007960713831853743,2.1299999999999955,0.013534121235226812,0.03999999999999204,0.0002541619011309699,-6.642177879133143e-05,-63.93684976999825,19,-0.7599999999999909,range_v2_aggressive
SBER,2023-02-20 11:30:00+00:00,2023-02-20 16:30:00+00:00,1,2023-02-20 11:30:00+00:00,158.62640000000002,0.8592919721936688,157.33746204170953,159.9153379582905,-0.00930740406388856,-0.07271957525331658,0.480000000000004,0.0030544066178810306,0.8599999999999852,0.0054724785237033734,0.6399999999999864,0.004072542157174587,0.0031776354166666164,3058.5525888673533,11,-0.28000000000000114,range_v2_aggressive
SBER,2023-03-02 12:30:00+00:00,2023-03-02 13:00:00+00:00,1,2023-03-02 12:30:00+00:00,170.07920000000001,0.4795909818424423,169.35981352723635,170.79858647276367,-0.00575731776725208,-0.18057993656611152,0.42714285714285233,0.0025259778660133196,0.8999999999999773,0.005322294500295549,0.37000000000000455,0.0021880544056771412,-0.003779618394648888,-3649.5362381925265,2,0.0,range_v2_aggressive
SBER,2023-03-02 14:00:00+00:00,2023-03-02 16:30:00+00:00,1,2023-03-02 14:00:00+00:00,170.0084,0.6478736331709439,169.03658955024358,170.9802104497564,-0.007990193425736546,-0.19890172530068398,0.7764285714285636,0.0046037863707593454,1.4799999999999898,0.008775570708567978,0.4300000000000068,0.002549659057219133,-0.0007278158233670667,-700.1105827062449,6,0.0,range_v2_aggressive
SBER,2023-03-02 17:00:00+00:00,2023-03-02 19:00:00+00:00,1,2023-03-02 17:00:00+00:00,169.90259999999998,0.7598840134818845,168.76277397977717,171.0424260202228,-0.0073724592796106285,-0.04946982161150989,0.9514285714285649,0.005641438312650844,0.4399999999999977,0.002608953453898593,0.37000000000000455,0.002193892677142037,2.5492192192200708e-05,24.503951921971577,5,-0.12999999999999545,range_v2_aggressive
SBER,2023-03-03 10:00:00+00:00,2023-03-03 11:00:00+00:00,1,2023-03-03 10:00:00+00:00,169.4238,0.8125392044946941,168.20499119325797,170.64260880674203,-0.004862362902968802,0.1620470760290595,0.42285714285714604,0.0025080494831384702,0.9300000000000068,0.005516014234875486,0.4000000000000057,0.002372479240806677,0.002301637837837812,2212.46804648108,3,-0.25,range_v2_aggressive
SBER,2023-03-10 11:00:00+00:00,2023-03-10 19:00:00+00:00,1,2023-03-10 11:00:00+00:00,173.23,0.7235823576123713,172.14462646358143,174.31537353641855,-0.007389020377532767,-0.08965874745005216,0.5207142857142851,0.0030282889544302714,0.960000000000008,0.005583018319278907,0.6299999999999955,0.0036638557720267257,0.0006342883401920642,611.1181561365465,17,-0.19999999999998863,range_v2_aggressive
SBER,2023-03-13 17:30:00+00:00,2023-03-13 18:30:00+00:00,1,2023-03-13 17:30:00+00:00,172.14219999999997,0.827245959326341,170.90133106101047,173.38306893898948,-0.00547338189008846,0.12034668997063491,0.7878571428571389,0.00460196929238983,0.9799999999999898,0.005724299065420501,0.9599999999999795,0.0056074766355138994,0.0010288413417951093,991.8871097549887,3,0.0,range_v2_aggressive
SBER,2023-03-16 15:00:00+00:00,2023-03-16 18:00:00+00:00,1,2023-03-16 15:00:00+00:00,175.0698,0.7236457864013695,173.98433132039793,176.15526867960205,-0.0070246267488737815,-0.0664834108575281,0.634999999999999,0.0036527841693511217,0.6299999999999955,0.00362402208927747,0.3199999999999932,0.0018407731247123398,0.001964081889763779,1895.483554592046,7,-0.17000000000001592,range_v2_aggressive
SBER,2023-03-24 10:00:00+00:00,2023-03-24 10:30:00+00:00,1,2023-03-24 10:00:00+00:00,203.1394,0.31985589843220047,202.6596161523517,203.6191838476483,-0.0005877737159801822,0.37556896654062505,0.3000000000000012,0.0014776869273963216,0.6899999999999977,0.0033986799330115148,0.17000000000001592,0.0008373559255246573,8.80099999999995e-05,85.10294790291368,2,0.0,range_v2_aggressive
SBER,2023-03-24 11:30:00+00:00,2023-03-24 12:00:00+00:00,1,2023-03-24 11:30:00+00:00,203.1338,0.3300271476876119,202.6387592784686,203.62884072153142,-0.0027262818890799825,-0.05934792423420571,0.45142857142857096,0.0022283965417542254,1.490000000000009,0.007355118965347068,0.9099999999999966,0.004492052522460246,0.0015642319620252706,1512.6970472630437,2,0.0,range_v2_aggressive
SBER,2023-03-31 15:30:00+00:00,2023-03-31 19:00:00+00:00,1,2023-03-31 15:30:00+00:00,216.64620000000002,1.7376431257798581,214.03973531133025,219.2526646886698,-0.01581472465245189,-0.15725041564798742,1.085714285714285,0.0050919908344164945,0.8400000000000034,0.0039395929087327804,0.8000000000000114,0.00375199324641221,0.0022036782894736813,2134.4097846192126,8,-0.4000000000000057,range_v2_aggressive
SBER,2023-04-04 17:00:00+00:00,2023-04-04 17:30:00+00:00,1,2023-04-04 17:00:00+00:00,216.2518,0.5980297241236128,215.3547554138146,217.14884458618542,-0.004170138699423582,-0.0026506005876555895,0.5914285714285735,0.0027463597465919366,0.5999999999999943,0.0027861620617598993,0.46000000000000796,0.0021360575806826467,-0.0026299591787439405,-2552.904742135626,2,0.0,range_v2_aggressive
SBER,2023-04-05 10:30:00+00:00,2023-04-05 18:30:00+00:00,1,2023-04-05 10:30:00+00:00,215.56920000000002,0.8305219405823387,214.3234170891265,216.81498291087354,-0.006351556715894639,-0.04953394690571813,0.6685714285714275,0.003121248499399755,1.8199999999999932,0.008496732026143759,0.839999999999975,0.003921568627450864,0.002321982264957299,2248.023358062225,17,-0.7299999999999898,range_v2_aggressive
SBER,2023-04-07 10:00:00+00:00,2023-04-07 16:30:00+00:00,1,2023-04-07 10:00:00+00:00,215.2934,0.8024213610852399,214.08976795837214,216.49703204162785,-0.006054063896059898,-0.04144454240234209,0.595714285714288,0.002783841701548147,1.7699999999999818,0.008271414552081788,0.5099999999999909,0.0023832889387354122,0.0022039189448440875,2138.675007740311,14,0.0,range_v2_aggressive
SBER,2023-04-12 10:30:00+00:00,2023-04-12 19:00:00+00:00,1,2023-04-12 10:30:00+00:00,220.58199999999997,1.3729158601762748,218.52262620973556,222.64137379026437,-0.011478724465278011,-0.11474998175898686,0.7335714285714273,0.0033642349395616934,1.5,0.00687915615684476,0.5300000000000011,0.002430635175418487,0.0012253626095423398,1191.7081161440824,18,-0.37000000000000455,range_v2_aggressive
SBER,2023-04-24 17:00:00+00:00,2023-04-24 19:00:00+00:00,1,2023-04-24 17:00:00+00:00,235.6702,0.5673622821513838,234.8191565767729,236.52124342322708,-0.0036924481754586824,-0.011254758717399055,0.461428571428572,0.0019651983450961327,0.789999999999992,0.003364565587734208,0.7399999999999807,0.0031516183986370554,0.0003278275541795589,319.21446941919487,5,0.0,range_v2_aggressive
SBER,2023-04-25 11:00:00+00:00,2023-04-25 15:00:00+00:00,1,2023-04-25 11:00:00+00:00,235.28600000000003,0.2992916808505307,234.83706247872422,235.73493752127584,-0.0008755302057921731,0.27056941084519065,0.3235714285714287,0.0013764311237511853,0.9699999999999989,0.004126254891951671,0.6100000000000136,0.00259486132380472,-0.00024348874172192095,-237.16923408709647,9,-0.27000000000001023,range_v2_aggressive
SBER,2023-05-03 16:00:00+00:00,2023-05-03 19:00:00+00:00,1,2023-05-03 16:00:00+00:00,241.93960000000004,1.6176386923027641,239.5131419615459,244.36605803845418,-0.010042175815782328,-0.0006474378489373902,1.2471428571428578,0.00520705965155049,1.289999999999992,0.005385996409335694,0.75,0.003131393261241702,-0.003415054639175256,-3325.6103535052985,7,-1.509999999999991,range_v2_aggressive
SBER,2023-05-04 10:00:00+00:00,2023-05-04 19:00:00+00:00,1,2023-05-04 10:00:00+00:00,240.25600000000003,2.544788191348335,236.43881771297754,244.07318228702252,-0.008932139051678271,0.2189026042460818,1.528571428571429,0.006419601984676951,3.0400000000000205,0.012767208433077234,1.6000000000000227,0.006719583385830174,-0.0005699766355140276,-553.152758845468,19,-1.490000000000009,range_v2_aggressive
SBER,2023-05-10 16:30:00+00:00,2023-05-10 19:00:00+00:00,1,2023-05-10 16:30:00+00:00,233.29399999999998,8.032757170182181,221.2448642447267,245.34313575527327,-0.04673930748326145,0.047519414609139936,1.4764285714285745,0.006638916189705358,1.1200000000000045,0.005036197670758598,0.5,0.002248302531588651,0.0007003135945815183,679.2552097776929,6,-0.18999999999999773,range_v2_aggressive
SBER,2023-05-17 10:00:00+00:00,2023-05-17 18:00:00+00:00,1,2023-05-17 10:00:00+00:00,230.3818,0.6865610545515072,229.35195841817273,231.41164158182727,-0.005303370318315083,-0.09319803237704563,0.49214285714285416,0.002147594943021706,1.7800000000000011,0.007767498690871013,0.700000000000017,0.00305463431663474,0.0019031364296081348,1847.2019547541386,17,-0.19999999999998863,range_v2_aggressive
SBER,2023-05-22 14:30:00+00:00,2023-05-22 15:00:00+00:00,1,2023-05-22 14:30:00+00:00,231.285,0.4071015016585299,230.6743477475122,231.8956522524878,-0.003048187301381344,-0.07725161671623709,0.7785714285714269,0.003376578318030301,0.9099999999999966,0.003946569520339997,0.6299999999999955,0.00273224043715845,-0.0008261400000000208,-803.385230589734,2,0.0,range_v2_aggressive
SBER,2023-05-22 15:30:00+00:00,2023-05-22 17:00:00+00:00,1,2023-05-22 15:30:00+00:00,231.226,0.4465742619406229,230.55613860708905,231.89586139291094,-0.004177730878015483,-0.22104468941116642,0.8000000000000013,0.003474333362286117,0.46000000000000796,0.0019977416833145485,0.09000000000000341,0.00039086250325720236,0.0009070450000000213,881.3331188971523,4,0.0,range_v2_aggressive
SBER,2023-05-23 11:30:00+00:00,2023-05-23 15:00:00+00:00,1,2023-05-23 11:30:00+00:00,231.0864,0.3950084473373344,230.493887328994,231.678912671006,-0.002970317595496714,-0.07922811915108792,0.45142857142857096,0.0019593253968253946,1.1899999999999977,0.005164930555555546,1.0300000000000011,0.004470486111111116,0.0011866572784809963,1154.0651065550794,8,0.0,range_v2_aggressive
SBER,2023-05-30 16:00:00+00:00,2023-05-30 16:30:00+00:00,1,2023-05-30 16:00:00+00:00,249.9646,1.1667785933153605,248.21443211002696,251.71476788997302,-0.007299433599797746,-0.021264277116900737,1.0757142857142878,0.004335110363965051,1.3600000000000136,0.005480776980736736,1.1300000000000239,0.004553880873700427,-0.0010709033200531149,-1042.7262841815216,2,0.0,range_v2_aggressive
SBER,2023-05-31 10:00:00+00:00,2023-05-31 10:30:00+00:00,1,2023-05-31 10:00:00+00:00,248.6196,2.739129133184541,244.51090630022318,252.7282936997768,-0.022200984958547103,-0.17169767367908592,0.970000000000003,0.0039901275195392966,2.9000000000000057,0.011929247223364895,0.9000000000000057,0.0037021801727684317,-0.0021293092783504913,-2071.0637437596038,2,0.0,range_v2_aggressive
SBER,2023-05-31 11:00:00+00:00,2023-05-31 13:00:00+00:00,1,2023-05-31 11:00:00+00:00,248.305,3.0292103436733626,243.76118448448997,252.84881551551004,-0.02297577575965048,-0.12777636773834103,1.1785714285714286,0.004858085031209517,2.5,0.010305028854080791,1.299999999999983,0.005358615004121941,0.003307863151515165,3210.5284326838623,5,-0.3100000000000023,range_v2_aggressive
SBER,2023-05-31 13:00:00+00:00,2023-05-31 14:30:00+00:00,1,2023-05-31 13:00:00+00:00,247.851,3.2011676760033376,243.04924848599498,252.65275151400502,-0.00436149137990159,0.38743690746521425,1.3621428571428567,0.005519888386525334,1.9099999999999966,0.007740000810471275,1.8300000000000125,0.007415812294849505,-0.002017937388568446,-1965.0377104204235,4,-1.5300000000000011,range_v2_aggressive
SBER,2023-05-31 14:30:00+00:00,2023-05-31 19:00:00+00:00,1,2023-05-31 14:30:00+00:00,247.4606,3.090230431948319,242.8252543520775,252.0959456479225,-0.012812544704086257,0.15799745684326327,1.4749999999999983,0.006037905767735063,1.0500000000000114,0.004298170207540265,0.950000000000017,0.0038888206639650295,0.0009826366101694918,954.9461415025331,10,0.0,range_v2_aggressive
SBER,2023-06-01 13:00:00+00:00,2023-06-01 19:00:00+00:00,1,2023-06-01 13:00:00+00:00,245.09879999999998,1.1854124228817313,243.3206813656774,246.87691863432258,-0.009011876027136798,-0.12110591424105864,0.8878571428571413,0.0036553878004740477,1.0600000000000023,0.004364115443204752,0.8300000000000125,0.0034171847338301804,-0.0013584899436846337,-1321.5053011684086,13,-0.5,range_v2_aggressive
SBER,2023-06-02 10:00:00+00:00,2023-06-02 13:30:00+00:00,1,2023-06-02 10:00:00+00:00,244.12740000000002,1.7043723005398352,241.57084154919028,246.68395845080977,-0.006952927037276503,0.16803027729282038,0.8071428571428559,0.0033293852128154764,2.9799999999999898,0.012292208060058532,0.4200000000000159,0.0017324588541022807,0.0013774624778761027,1338.1409875882534,8,-0.8700000000000045,range_v2_aggressive
SBER,2023-06-05 14:30:00+00:00,2023-06-05 15:00:00+00:00,1,2023-06-05 14:30:00+00:00,243.1054,1.2104244659710117,241.28976330104348,244.92103669895653,-0.00890724763826721,-0.09631973765580297,0.885714285714282,0.003676078217457799,1.5300000000000011,0.006350128662737616,0.6200000000000045,0.0025732547522204887,-0.0012127420967742012,-1179.745587773304,2,0.0,range_v2_aggressive
SBER,2023-06-05 15:30:00+00:00,2023-06-05 17:30:00+00:00,1,2023-06-05 15:30:00+00:00,243.05100000000002,1.290048646474185,241.11592703028873,244.9860729697113,-0.007080818429053999,0.05531392693248711,1.1964285714285674,0.004957645429198887,2.259999999999991,0.009364770231632995,1.210000000000008,0.00501388140720179,-0.001791494328358235,-1740.6375151515876,5,-1.1400000000000148,range_v2_aggressive
SBER,2023-06-05 18:30:00+00:00,2023-06-05 19:00:00+00:00,1,2023-06-05 18:30:00+00:00,242.8602,1.579642803870487,240.49073579419425,245.22966420580573,-0.011859497768675157,-0.10777453251727519,1.4199999999999915,0.005917159763313575,0.8199999999999932,0.0034169514126176897,0.7599999999999909,0.003166930577548091,-0.0011707309859154838,-1135.4585399209918,2,0.0,range_v2_aggressive
SBER,2023-06-06 10:30:00+00:00,2023-06-06 17:30:00+00:00,1,2023-06-06 10:30:00+00:00,241.3284,3.1999830101677538,236.52842548474837,246.1283745152516,-0.026554686477016382,-0.16754521087952748,1.3807142857142847,0.005877380749677697,2.140000000000015,0.009109484079686765,1.299999999999983,0.005533798739996522,0.003350591101914136,3245.838138859341,15,-0.9499999999999886,range_v2_aggressive
SBER,2023-06-09 17:30:00+00:00,2023-06-09 19:00:00+00:00,1,2023-06-09 17:30:00+00:00,241.435,0.5641473610276213,240.58877895845856,242.28122104154144,-0.00449396317849528,-0.14108545328985078,0.5914285714285695,0.002460697197539295,0.6299999999999955,0.002621177449552717,0.5900000000000034,0.0024547534845017825,0.0005494594202898625,534.0645637304739,4,0.0,range_v2_aggressive
SBER,2023-06-15 13:30:00+00:00,2023-06-15 15:00:00+00:00,1,2023-06-15 13:30:00+00:00,244.7666,0.873210379818127,243.45678443027282,246.0764155697272,-0.005379001873621737,-0.0025898418180520773,0.9207142857142847,0.0037819440776926875,0.6800000000000068,0.002793181351406888,0.6500000000000057,0.0026699527623742277,0.001651148487199403,1605.768120699512,4,-0.06999999999999318,range_v2_aggressive
SBER,2023-06-16 15:30:00+00:00,2023-06-16 18:30:00+00:00,1,2023-06-16 15:30:00+00:00,244.6654,0.5586945791106835,243.82735813133397,245.50344186866604,-0.003537075532543604,-0.01632265186076107,0.6385714285714243,0.002619242939177294,0.8700000000000045,0.0035684987694832014,0.7099999999999795,0.0029122231337160766,0.00145715883668903,1419.4499646216705,7,0.0,range_v2_aggressive
SBER,2023-06-19 11:30:00+00:00,2023-06-19 12:00:00+00:00,1,2023-06-19 11:30:00+00:00,244.39859999999996,0.7164652747126335,243.323902087931,245.47329791206892,-0.006295453410944031,-0.21582906355419823,0.5564285714285708,0.002291149515888046,0.9900000000000091,0.004076422630322034,0.5600000000000023,0.0023058552252326536,-0.0022214513478819513,-2167.1170827624037,2,0.0,range_v2_aggressive
SBER,2023-06-19 13:30:00+00:00,2023-06-19 19:00:00+00:00,1,2023-06-19 13:30:00+00:00,244.1708,0.9469259394302055,242.7504110908547,245.59118890914533,-0.007498030067477399,-0.14447137970883234,0.7142857142857163,0.0029474528112804995,0.37999999999999545,0.0015680448956012026,0.18000000000000682,0.000742758108442712,-0.0008346954000000151,-812.4707827341459,12,-0.11000000000001364,range_v2_aggressive
SBER,2023-06-20 10:00:00+00:00,2023-06-20 10:30:00+00:00,1,2023-06-20 10:00:00+00:00,243.06599999999997,0.951872483348343,241.63819127497746,244.4938087250225,-0.005373026256243091,0.0426558273835354,0.3892857142857216,0.00161021556206867,1.1000000000000227,0.004549966909331663,0.18999999999999773,0.0007859033752481707,-0.0036596770642201054,-3559.2610450920965,2,0.0,range_v2_aggressive
SBER,2023-06-20 11:00:00+00:00,2023-06-20 19:00:00+00:00,1,2023-06-20 11:00:00+00:00,242.9198,1.0165316984446224,241.39500245233307,244.44459754766694,-0.008397010041997456,-0.1688756822573181,0.5221428571428633,0.002167647198367915,1.0,0.004151444702756559,0.3100000000000023,0.001286947857854543,0.0003342916552667495,323.9293651576314,17,-0.28999999999999204,range_v2_aggressive
SBER,2023-06-23 11:00:00+00:00,2023-06-23 17:00:00+00:00,1,2023-06-23 11:00:00+00:00,242.1116,0.924110957236914,240.72543356414465,243.49776643585537,-0.006243401803135477,-0.04524477036094744,0.700000000000007,0.002909393183707427,1.420000000000016,0.00590191188694936,0.8700000000000045,0.0036159600997506423,-0.0018907057142856986,-1832.710540947638,13,-0.9399999999999977,range_v2_aggressive
SBER,2023-06-23 17:00:00+00:00,2023-06-23 19:00:00+00:00,1,2023-06-23 17:00:00+00:00,241.3826,1.0197614967536432,239.85295775486952,242.91224224513047,-0.00763352453739418,-0.10229769603507352,0.6135714285714248,0.0025614570784479617,0.4399999999999977,0.0018368539701093668,0.3400000000000034,0.001419387158720896,0.0010357653084982694,1002.0961682568764,5,-0.4899999999999807,range_v2_aggressive
SBER,2023-06-26 10:00:00+00:00,2023-06-26 16:30:00+00:00,1,2023-06-26 10:00:00+00:00,240.3674,1.7354018649019354,237.7642972026471,242.9705027973529,-0.0060632182234363185,0.22006483925989445,1.5378571428571368,0.006436972679490757,2.259999999999991,0.009459629149051907,0.6899999999999977,0.002888116864091071,0.00020584551788203402,199.36047055607293,14,-1.8899999999999864,range_v2_aggressive
SBER,2023-06-30 10:30:00+00:00,2023-06-30 11:00:00+00:00,1,2023-06-30 10:30:00+00:00,239.937,0.3408168459727903,239.42577473104083,240.4482252689592,-0.0029882844246615276,-0.20125641623679574,0.5042857142857124,0.0021080416114276084,1.1999999999999886,0.005016302984700229,0.30000000000001137,0.0012540757461751166,-0.0009774002832861023,-946.8026917817015,2,0.0,range_v2_aggressive
SBER,2023-06-30 12:00:00+00:00,2023-06-30 16:30:00+00:00,1,2023-06-30 12:00:00+00:00,239.8788,0.4195412461158178,239.24948813082628,240.50811186917375,-0.003580141304692212,-0.1823325937961249,0.5142857142857115,0.0021516430185160714,0.6899999999999977,0.002886787716509069,0.3200000000000216,0.0013388001004100978,0.0012562608333333337,1215.7440595914984,10,0.0,range_v2_aggressive
SBER,2023-07-05 10:00:00+00:00,2023-07-05 14:00:00+00:00,1,2023-07-05 10:00:00+00:00,242.44359999999998,0.8911624145141416,241.10685637822877,243.78034362177118,-0.004057026046470054,0.13209100683918643,0.5442857142857146,0.0022541444309024873,0.7399999999999807,0.0030646898036941136,0.01999999999998181,8.282945415382178e-05,-0.0023415918635170947,-2268.917899944212,9,-0.6200000000000045,range_v2_aggressive
SBER,2023-07-05 14:00:00+00:00,2023-07-05 19:00:00+00:00,1,2023-07-05 14:00:00+00:00,242.0838,0.9037335032846481,240.72819974507303,243.43940025492697,-0.0067489026527178106,-0.10261127646661082,0.5364285714285687,0.0022309360425392753,0.5999999999999943,0.0024953212726138256,0.45000000000001705,0.0018714909544604577,-4.615525965377825e-05,-44.61805624244943,11,0.0,range_v2_aggressive
SBER,2023-07-13 10:00:00+00:00,2023-07-13 10:30:00+00:00,1,2023-07-13 10:00:00+00:00,248.07780000000002,0.45855269219501976,247.3899709617075,248.76562903829256,-0.0015229093453748624,0.2253678029224484,0.5707142857142884,0.0023040544437395575,0.8499999999999943,0.003431570448122706,0.2600000000000193,0.0010496568429552659,-0.0017201058823528973,-1662.7409154169375,2,0.0,range_v2_aggressive
SBER,2023-07-13 11:30:00+00:00,2023-07-13 12:30:00+00:00,1,2023-07-13 11:30:00+00:00,247.98640000000003,0.5319880312529602,247.1884179531206,248.78438204687947,-0.003372765603275123,-0.024071940760335274,0.6785714285714286,0.002745585387705558,0.8400000000000034,0.0033987457009913144,0.5800000000000125,0.0023467529840178534,-0.001696058736842099,-1636.6756280641225,3,-0.2600000000000193,range_v2_aggressive
SBER,2023-07-13 14:30:00+00:00,2023-07-13 19:00:00+00:00,1,2023-07-13 14:30:00+00:00,247.789,0.8293770714336895,246.54493439284946,249.03306560715052,-0.007260209290969245,-0.22303260762930957,0.6471428571428552,0.0026307689627336687,0.5199999999999818,0.002113907069392991,0.2300000000000182,0.0009349973576162372,-0.000155724503311278,-150.0173422051779,10,-0.11000000000001364,range_v2_aggressive
SBER,2023-07-14 10:00:00+00:00,2023-07-14 10:30:00+00:00,1,2023-07-14 10:00:00+00:00,246.9826,0.9380087681173412,245.57558684782398,248.389613152176,-0.004140372641635415,0.1366060976692051,0.33214285714285147,0.0013503937922542343,0.9300000000000068,0.0037811026183119482,0.3400000000000034,0.001382338591640931,-0.0038220180645161944,-3681.3712171647785,2,0.0,range_v2_aggressive
SBER,2023-07-14 10:30:00+00:00,2023-07-14 14:00:00+00:00,1,2023-07-14 10:30:00+00:00,246.90600000000003,0.9437657959663898,245.49035130605046,248.3216486939496,-0.00788154196333838,-0.18731741438294242,0.38857142857142435,0.0015862648129140444,1.450000000000017,0.0059193337687786455,1.0,0.004082299150881777,0.0022885573529411924,2195.915459477804,8,0.0,range_v2_aggressive
SBER,2023-07-17 10:00:00+00:00,2023-07-17 13:00:00+00:00,1,2023-07-17 10:00:00+00:00,246.21220000000002,0.4231480178137123,245.57747797327946,246.8469220267206,-0.0018772424762055824,0.13590360776662855,0.5400000000000021,0.0021973550356052985,2.2700000000000102,0.009237029501525983,0.9900000000000091,0.004028484231943069,-0.0017954722222221942,-1726.73335529935,7,-0.28000000000000114,range_v2_aggressive
SBER,2023-07-17 14:00:00+00:00,2023-07-17 16:30:00+00:00,1,2023-07-17 14:00:00+00:00,246.10240000000002,0.5152988434300871,245.3294517348549,246.87534826514513,-0.002610295551770357,0.08444825548615388,0.6557142857142841,0.0026713692076683945,0.5400000000000205,0.00219995111219759,0.5100000000000193,0.0020777316059643904,-0.0016914104575163492,-1623.734934781839,6,-0.21000000000000796,range_v2_aggressive
SBER,2023-07-17 17:00:00+00:00,2023-07-17 18:30:00+00:00,1,2023-07-17 17:00:00+00:00,245.9636,0.6052348507565829,245.05574772386515,246.87145227613487,-0.004608812035602021,-0.12433064816792162,0.4699999999999968,0.001919699383245504,0.4900000000000091,0.0020013887187028106,0.21000000000000796,0.000857738022301221,0.002338680851063795,2241.3098038872004,4,0.0,range_v2_aggressive
SBER,2023-07-20 10:00:00+00:00,2023-07-20 11:00:00+00:00,1,2023-07-20 10:00:00+00:00,246.4032,0.5456373918161807,245.58474391227574,247.22165608772426,-0.0037061206997311283,-0.05787965518050579,0.4000000000000057,0.0016293942726791546,0.9099999999999966,0.00370687197034501,0.7599999999999909,0.0030958491180903126,-0.002597979999999989,-2495.6359030469202,3,-0.14000000000001478,range_v2_aggressive
SBER,2023-07-20 14:00:00+00:00,2023-07-20 19:00:00+00:00,1,2023-07-20 14:00:00+00:00,246.08540000000002,0.8167486812015106,244.86027697819776,247.31052302180228,-0.006442478911792496,-0.1470370614976125,0.5421428571428655,0.002217353198948325,0.5100000000000193,0.002085889570552226,0.18000000000000682,0.0007361963190184328,-0.0022648901185770547,-2170.01533008551,11,-0.11000000000001364,range_v2_aggressive
SBER,2023-07-21 10:00:00+00:00,2023-07-21 14:00:00+00:00,1,2023-07-21 10:00:00+00:00,244.8222,1.1449895998429807,243.10471560023555,246.53968439976447,-0.008014796043822806,-0.07124245212040882,0.6785714285714286,0.0027940847754732295,1.0200000000000102,0.004199950588816644,0.30999999999997385,0.0012764555711108204,0.0002981808421052615,285.0431816576392,9,0.0,range_v2_aggressive
SBER,2023-08-04 15:30:00+00:00,2023-08-04 17:00:00+00:00,1,2023-08-04 15:30:00+00:00,269.36600000000004,1.075468573809249,267.75279713928614,270.97920286071394,-0.008597967078250524,-0.21782664672907948,1.8835714285714167,0.007053253804798414,3.5499999999999545,0.01329339075079556,1.670000000000016,0.006253510578543404,-0.0004794530147895438,-458.46528118551674,4,0.0,range_v2_aggressive
SBER,2023-08-04 17:30:00+00:00,2023-08-04 18:00:00+00:00,1,2023-08-04 17:30:00+00:00,269.2682,1.2022643433163993,267.46480348502536,271.0715965149746,-0.007457991697497098,-0.056782710658683885,2.0685714285714147,0.007739921531734696,1.4699999999999704,0.005500261917234043,0.8100000000000023,0.0030307565666392363,-0.0009871841850828797,-943.5182709412047,2,0.0,range_v2_aggressive
SBER,2023-08-07 10:00:00+00:00,2023-08-07 11:00:00+00:00,1,2023-08-07 10:00:00+00:00,267.895,2.4710984503259543,264.1883523245111,271.6016476754889,-0.007036338864107173,0.24572711449418266,1.6657142857142853,0.006261848373047199,2.269999999999982,0.008533513777677464,0.4900000000000091,0.0018420360136837304,0.0009277491423670864,885.8368579260226,3,-0.21999999999997044,range_v2_aggressive
SBER,2023-08-08 10:00:00+00:00,2023-08-08 11:00:00+00:00,1,2023-08-08 10:00:00+00:00,264.6562,2.093603367735013,261.5157949483975,267.7966050516025,-0.012454648710289042,-0.02480491303470546,0.864285714285724,0.003306878306878344,2.32000000000005,0.008876645240281795,0.5500000000000114,0.0021043771043771477,-0.002574799008264431,-2460.7599375486225,3,-0.8500000000000227,range_v2_aggressive
SBER,2023-08-08 11:30:00+00:00,2023-08-08 15:00:00+00:00,1,2023-08-08 11:30:00+00:00,264.21,2.160311768921357,260.96953234661794,267.450467653382,-0.014041860641156579,-0.07244823847074867,1.0000000000000082,0.0038387715930902427,1.6899999999999977,0.006487523992322448,1.1000000000000227,0.00422264875239932,0.0027600949999999885,2631.057150622836,8,-1.1000000000000227,range_v2_aggressive
SBER,2023-08-15 10:00:00+00:00,2023-08-15 19:00:00+00:00,1,2023-08-15 10:00:00+00:00,264.971,2.774037247989037,260.80994412801647,269.13205587198354,-0.01347694653377172,0.07090218085707115,1.4507142857142858,0.005549786861952127,4.8700000000000045,0.01863045141545526,2.2999999999999545,0.008798775822494088,-3.295204332840337e-05,-31.498193323299745,19,-0.39999999999997726,range_v2_aggressive
SBER,2023-08-16 10:00:00+00:00,2023-08-16 11:30:00+00:00,1,2023-08-16 10:00:00+00:00,262.22360000000003,2.0456920988803997,259.1550618516794,265.29213814832065,-0.011416211202958142,0.01221072456954968,0.8750000000000081,0.0033753809358485053,2.8000000000000114,0.01080121899471516,2.0600000000000023,0.007946611117540416,-0.0016044811428571333,-1533.6406115641587,4,-0.1400000000000432,range_v2_aggressive
SBER,2023-08-16 13:00:00+00:00,2023-08-16 14:00:00+00:00,1,2023-08-16 13:00:00+00:00,261.2168,1.7205901218764217,258.6359148171853,263.79768518281463,-0.013692840582994631,-0.1929405507491843,1.1657142857142873,0.004524585800785155,1.9099999999999682,0.0074134451172177,1.4300000000000068,0.005550380375718083,-0.000997187745098034,-951.6309074127,3,-0.2400000000000091,range_v2_aggressive
SBER,2023-08-16 15:30:00+00:00,2023-08-16 19:00:00+00:00,1,2023-08-16 15:30:00+00:00,260.6456,2.203709451603811,257.3400358225943,263.9511641774057,-0.017554871442295623,-0.19210575781213077,1.490714285714284,0.005821510859195861,1.7499999999999716,0.0068340688093098435,0.22999999999998977,0.0008981919006521255,0.0010171922376617242,969.7534968312483,8,-0.21999999999999886,range_v2_aggressive
SBER,2023-08-17 10:00:00+00:00,2023-08-17 18:00:00+00:00,1,2023-08-17 10:00:00+00:00,258.8548,2.733046621789576,254.75523006731564,262.95436993268436,-0.006856353446024673,0.2835382699719077,0.8021428571428625,0.0031202071617506713,1.4599999999999795,0.005679166018359964,0.11000000000001364,0.00042788237124635775,-0.0001906530721282324,-181.94648132505935,17,-1.1999999999999886,range_v2_aggressive
SBER,2023-08-23 12:30:00+00:00,2023-08-23 14:00:00+00:00,1,2023-08-23 12:30:00+00:00,260.9734,0.4217485953786154,260.3407771069321,261.606022893068,-0.002580339605492418,-0.03222860520769139,0.5407142857142974,0.0020772734756599976,0.8100000000000023,0.0031117940837495283,0.2599999999999909,0.0009988474836726503,-0.0026355434610303013,-2514.706059033521,4,0.0,range_v2_aggressive
SBER,2023-08-23 17:30:00+00:00,2023-08-23 19:00:00+00:00,1,2023-08-23 17:30:00+00:00,260.475,1.1658530205203155,258.7262204692195,262.2237795307805,-0.007467127363470774,-0.05610211743843411,1.0628571428571507,0.004111155931060808,1.1499999999999773,0.0044482265114299206,0.7199999999999704,0.002784976598460413,0.00022114448924734657,210.4490911390874,4,0.0,range_v2_aggressive
SBER,2023-08-24 10:00:00+00:00,2023-08-24 19:00:00+00:00,1,2023-08-24 10:00:00+00:00,259.57399999999996,1.7370335962298438,256.96844960565517,262.17955039434474,-0.009877722730319543,0.00797343901599587,1.027142857142869,0.003996509307586743,1.990000000000009,0.007742889381736155,0.6100000000000136,0.0023734485039493157,0.0015336162726008306,1459.7674389201661,19,0.0,range_v2_aggressive
SBER,2023-08-30 18:00:00+00:00,2023-08-30 19:00:00+00:00,1,2023-08-30 18:00:00+00:00,265.9166,0.7584156688188568,264.77897649677175,267.0542235032283,-0.0058537150369702496,-0.1841454996239051,0.7071428571428596,0.0026749238052007096,0.8199999999999932,0.0031018308367377558,0.4800000000000182,0.0018157058556514533,0.0005493317171717248,523.6814252990238,3,0.0,range_v2_aggressive
SBER,2023-08-31 10:00:00+00:00,2023-08-31 10:30:00+00:00,1,2023-08-31 10:00:00+00:00,265.52,0.7145885073741105,264.44811723893883,266.59188276106113,-0.0004896053028020318,0.43935903966246387,0.5150000000000026,0.00194054033686274,1.0699999999999932,0.004031802253287589,0.339999999999975,0.0012811334262782133,0.0007908757281553138,754.3610365670808,2,0.0,range_v2_aggressive
SBER,2023-09-01 14:30:00+00:00,2023-09-01 19:00:00+00:00,1,2023-09-01 14:30:00+00:00,265.0746,0.36883274259689564,264.52135088610464,265.6278491138953,-0.00209224120304244,-0.0012208660355087747,0.4449999999999932,0.0016822924542567413,0.40999999999996817,0.0015499773174049909,0.060000000000002274,0.00022682594888856147,-0.00022737303370787366,-217.04675382323427,10,-0.3100000000000023,range_v2_aggressive
SBER,2023-09-05 18:30:00+00:00,2023-09-05 19:00:00+00:00,1,2023-09-05 18:30:00+00:00,266.9036,0.8477190525296119,265.6320214212056,268.1751785787944,-0.005221360820910592,-0.047980291285377404,0.7064285714285664,0.0026606477022657017,0.29000000000002046,0.0010922375805055195,0.21000000000003638,0.0007909306617454574,-0.0016012050556117052,-1528.137851104595,2,0.0,range_v2_aggressive
SBER,2023-09-06 11:00:00+00:00,2023-09-06 14:30:00+00:00,1,2023-09-06 11:00:00+00:00,266.1214,1.2025890608018297,264.31751640879725,267.92528359120274,-0.00887339387212003,-0.15453225793398578,0.8492857142857174,0.0032199185406646853,1.2200000000000273,0.004625417045799315,0.5099999999999909,0.001933575978161931,-0.0019059227922623796,-1816.0380019985348,8,-0.5600000000000023,range_v2_aggressive
SBER,2023-09-06 14:30:00+00:00,2023-09-06 19:00:00+00:00,1,2023-09-06 14:30:00+00:00,265.5966,1.4497721285317795,263.42194180720236,267.7712581927977,-0.011922592382583273,-0.22806844093651188,0.7871428571428599,0.0029994393062639938,1.25,0.004763174941889266,1.079999999999984,0.004115383149792265,0.0008515239564428024,809.8190294122203,10,0.0,range_v2_aggressive
SBER,2023-09-07 10:00:00+00:00,2023-09-07 11:00:00+00:00,1,2023-09-07 10:00:00+00:00,264.24440000000004,1.0782377157190342,262.6270434264215,265.8617565735786,-0.0033090578267695996,0.22968236742459702,0.4307142857142878,0.0016353961564122255,1.4700000000000273,0.005581501309944288,0.14999999999997726,0.0005695409499942183,0.0019480431177445906,1854.211742469438,3,0.0,range_v2_aggressive
SBER,2023-09-08 10:00:00+00:00,2023-09-08 19:00:00+00:00,1,2023-09-08 10:00:00+00:00,261.2862,2.573510974301126,257.4259335385483,265.1464664614517,-0.017475855977085588,-0.09143585625469852,0.8264285714285629,0.00321918265592304,4.029999999999973,0.015698036771579823,1.7299999999999613,0.006738859457774857,-0.0004867450302506589,-464.2025151211697,19,-1.0700000000000216,range_v2_aggressive
SBER,2023-09-14 10:30:00+00:00,2023-09-14 12:30:00+00:00,1,2023-09-14 10:30:00+00:00,260.04380000000003,1.3782344370284845,257.9764483444573,262.11115165554276,-0.011512675941514549,-0.22406646251338574,0.7250000000000065,0.002820462944952369,1.1400000000000432,0.004434934837580405,0.17000000000001592,0.0006613499319199219,-0.0018366896551724134,-1750.774856692694,5,-0.13999999999998636,range_v2_aggressive
SBER,2023-09-14 13:00:00+00:00,2023-09-14 16:30:00+00:00,1,2023-09-14 13:00:00+00:00,259.8302,1.666061578639405,257.33110763204087,262.3292923679591,-0.01185466508512094,-0.11626373628507157,1.1085714285714292,0.004317707608846852,1.009999999999991,0.00393378773125605,0.7599999999999909,0.0029600778967867223,0.002601625773195889,2475.374710893524,8,-0.20999999999997954,range_v2_aggressive
SBER,2023-09-19 10:00:00+00:00,2023-09-19 10:30:00+00:00,1,2023-09-19 10:00:00+00:00,260.35400000000004,0.8744724357941802,259.0422913463088,261.6657086536913,-0.007236301343555368,-0.21814727862711158,0.41142857142857076,0.0015917846226972984,1.2300000000000182,0.004758772778272209,0.45999999999997954,0.001779703640654542,-0.0016379222222223302,-1562.4920025295507,2,0.0,range_v2_aggressive
SBER,2023-09-19 16:30:00+00:00,2023-09-19 17:00:00+00:00,1,2023-09-19 16:30:00+00:00,258.9598,2.4054008024754983,255.3516987962867,262.56790120371323,-0.019770636214578363,-0.20948675091637545,1.384285714285712,0.005453378956372959,1.509999999999991,0.00594862905767409,1.039999999999992,0.004097069019854995,-0.0008150694530443729,-776.2600238195935,2,0.0,range_v2_aggressive
SBER,2023-09-19 18:00:00+00:00,2023-09-19 19:00:00+00:00,1,2023-09-19 18:00:00+00:00,258.469,2.7785396619808744,254.30119050702868,262.6368094929713,-0.022319891360279204,-0.19209017467436768,1.4214285714285697,0.005624964667307359,1.4000000000000057,0.005540166204986172,0.29999999999998295,0.0011871784724969646,0.00057746130653268,549.5172991136167,3,0.0,range_v2_aggressive
SBER,2023-09-20 10:00:00+00:00,2023-09-20 11:00:00+00:00,1,2023-09-20 10:00:00+00:00,256.37919999999997,3.0423626962676615,251.8156559555985,260.9427440444015,-0.014623651216635256,0.08922276595539123,0.9378571428571466,0.0037123743928161603,3.5900000000000034,0.014210505482325945,0.18000000000000682,0.0007125044531528592,-0.0028099130236100265,-2675.4822419914653,3,-1.2800000000000011,range_v2_aggressive
SBER,2023-09-20 11:00:00+00:00,2023-09-20 12:30:00+00:00,1,2023-09-20 11:00:00+00:00,256.022,3.153113136109917,251.29233029583511,260.75166970416484,-0.022466819257719966,-0.10807628859736847,1.0428571428571445,0.004166928288876591,1.8899999999999864,0.007551844008470796,1.079999999999984,0.004315339433411851,0.003979289041095864,3778.2669031958135,4,0.0,range_v2_aggressive
SBER,2023-09-20 12:30:00+00:00,2023-09-20 16:00:00+00:00,1,2023-09-20 12:30:00+00:00,255.65140000000002,3.012478815257075,251.1326817771144,260.17011822288566,-0.0037214738507202975,0.3947267838939854,1.461428571428574,0.0057378428403163486,1.8400000000000034,0.007224185316058122,0.589999999999975,0.002316450726344621,0.000150044965786901,143.03203934432517,8,-1.1999999999999886,range_v2_aggressive
SBER,2023-09-21 10:30:00+00:00,2023-09-21 11:00:00+00:00,1,2023-09-21 10:30:00+00:00,253.5388,1.0527682459642647,251.9596476310536,255.11795236894642,-0.007844164285703007,-0.12970490976969476,0.9350000000000023,0.0037169548797455865,2.4499999999999886,0.009739614390777135,1.339999999999975,0.0053269727688331344,-0.0015672684491978548,-1494.240322114799,2,0.0,range_v2_aggressive
SBER,2023-09-21 11:30:00+00:00,2023-09-21 19:00:00+00:00,1,2023-09-21 11:30:00+00:00,253.44519999999997,1.183033527271756,251.67064970909234,255.2197502909076,-0.009056001060584165,-0.14669905715268383,1.0135714285714283,0.004035721395864736,1.4399999999999977,0.005733625323511836,0.789999999999992,0.003145530559426606,-0.0013566434108527076,-1291.4023746277412,16,-1.1400000000000148,range_v2_aggressive
SBER,2023-09-22 10:00:00+00:00,2023-09-22 14:30:00+00:00,1,2023-09-22 10:00:00+00:00,252.29780000000002,1.8474000373694848,249.5266999439458,255.06890005605425,-0.0004669085501340748,0.4787449031761501,0.779999999999997,0.0030930287889602546,3.780000000000001,0.014989293361884372,2.3300000000000125,0.009239432151637769,-0.000714217948717953,-678.9488360659842,10,-1.210000000000008,range_v2_aggressive
SBER,2023-10-02 18:00:00+00:00,2023-10-02 19:00:00+00:00,1,2023-10-02 18:00:00+00:00,260.2808,1.25368491962542,258.40027262056185,262.16132737943815,-0.00899336408985988,-0.12237860123561971,0.7507142857142851,0.0029104221358233896,1.089999999999975,0.00422578894316498,0.8500000000000227,0.0032953400015508366,-0.00036464605137965085,-346.3917273050959,3,0.0,range_v2_aggressive
SBER,2023-10-03 10:00:00+00:00,2023-10-03 16:00:00+00:00,1,2023-10-03 10:00:00+00:00,259.8568,1.1603965543765602,258.11620516843516,261.5973948315649,-0.006260371096696345,0.0326884894466089,0.5935714285714246,0.0022986152986540086,1.829999999999984,0.007086705650001874,0.7599999999999909,0.0029431127289625174,0.002937664981949432,2789.5867401423016,13,-0.17000000000001592,range_v2_aggressive
SBER,2023-10-06 10:30:00+00:00,2023-10-06 11:30:00+00:00,1,2023-10-06 10:30:00+00:00,259.5444,0.494785709273943,258.8022214360891,260.2865785639109,-0.0031378060940632038,-0.04865502697121204,0.4342857142857172,0.0016785286371341444,0.5099999999999909,0.001971166853476562,0.2699999999999818,0.0010435589224287163,-0.001989393092105344,-1894.6637704380482,3,-0.08000000000004093,range_v2_aggressive
SBER,2023-10-06 13:00:00+00:00,2023-10-06 15:30:00+00:00,1,2023-10-06 13:00:00+00:00,259.44379999999995,0.6262257858281132,258.5044613212578,260.3831386787421,-0.004601381879235324,-0.13544705813590802,0.5364285714285748,0.0020771677499654396,0.57000000000005,0.002207163601161859,0.20999999999997954,0.0008131655372700079,0.002114658055925449,2009.9574018631943,6,0.0,range_v2_aggressive
SBER,2023-10-11 10:00:00+00:00,2023-10-11 10:30:00+00:00,1,2023-10-11 10:00:00+00:00,264.22180000000003,0.7165669003025814,263.1469496495462,265.2966503504539,-0.002958877730755117,0.1363214657417584,1.065714285714291,0.004045377640883279,1.759999999999991,0.006680838141512264,0.2599999999999909,0.0009869419981779187,-0.0012935784182305334,-1232.1309819297867,2,0.0,range_v2_aggressive
SBER,2023-10-11 11:30:00+00:00,2023-10-11 19:00:00+00:00,1,2023-10-11 11:30:00+00:00,264.0696,0.7462777292263602,262.9501834061604,265.18901659383954,-0.0010588117678065156,0.37511351826537553,0.6714285714285779,0.0025453147254580455,1.589999999999975,0.006027521892414326,1.4500000000000455,0.005496796694340366,-0.0013248006382978934,-1260.237759222647,16,-0.9300000000000068,range_v2_aggressive
SBER,2023-10-12 10:00:00+00:00,2023-10-12 16:00:00+00:00,1,2023-10-12 10:00:00+00:00,263.1798,1.020245048672054,261.6494324269919,264.7101675730081,-0.00391291428901467,0.16354488354198557,0.9607142857142931,0.0036647502792839714,2.7799999999999727,0.010604615678046816,2.1200000000000045,0.008086973106999828,0.0007811802230483424,742.1256868463627,13,-0.6399999999999864,range_v2_aggressive
SBER,2023-10-18 16:00:00+00:00,2023-10-18 19:00:00+00:00,1,2023-10-18 16:00:00+00:00,269.6748,1.1738846031027521,267.91397309534585,271.43562690465416,-0.009251142487173432,-0.20841716281306108,0.9685714285714206,0.0036251644156427153,2.009999999999991,0.0075230181899842465,0.9399999999999977,0.0035182274122314457,0.0005422418879056021,515.5353113483839,7,0.0,range_v2_aggressive
SBER,2023-10-19 10:00:00+00:00,2023-10-19 15:00:00+00:00,1,2023-10-19 10:00:00+00:00,269.3136,1.2241094389568952,267.47743584156467,271.14976415843535,-0.006697025326608152,0.008867442021924058,0.37285714285715293,0.0013938063730595228,0.839999999999975,0.0031400695301109305,0.37000000000000455,0.0013831258644536823,0.0034704712643678077,3301.3322579188125,11,-0.38999999999998636,range_v2_aggressive
SBER,2023-10-26 17:00:00+00:00,2023-10-26 18:00:00+00:00,1,2023-10-26 17:00:00+00:00,272.92560000000003,1.315910734590081,270.9517338981149,274.89946610188514,-0.0074584428869994045,-0.01563781303503298,1.191428571428572,0.004398200640217697,1.5400000000000205,0.005684964376684339,1.3400000000000318,0.004946657314777334,-0.0011807321342925772,-1127.085241178326,3,-0.5199999999999818,range_v2_aggressive
SBER,2023-10-26 18:30:00+00:00,2023-10-26 19:00:00+00:00,1,2023-10-26 18:30:00+00:00,272.8522,1.4381412181875768,270.69498817271864,275.0094118272813,-0.010453278368288701,-0.16108482345808997,1.1107142857142784,0.004113756613756587,0.8799999999999955,0.0032592592592592426,0.29000000000002046,0.0010740740740741498,0.0005060293247588581,482.46740337911854,2,0.0,range_v2_aggressive
SBER,2023-10-27 10:00:00+00:00,2023-10-27 13:30:00+00:00,1,2023-10-27 10:00:00+00:00,272.62600000000003,1.675613807784264,270.1125792883236,275.13942071167645,-0.005083887817009471,0.2242801426833988,0.7449999999999842,0.002746645037605015,1.509999999999991,0.0055670255124612555,1.240000000000009,0.004571597109570893,-0.004194967785234966,-4001.664105407993,8,-0.6800000000000068,range_v2_aggressive
SBER,2023-10-27 13:30:00+00:00,2023-10-27 19:00:00+00:00,1,2023-10-27 13:30:00+00:00,272.3322,1.8191221139576434,269.60351682906355,275.06088317093645,-0.014402263118353156,-0.21869831605512602,0.9942857142857154,0.003704354212904569,4.199999999999989,0.015647703140717516,2.42999999999995,0.0090533139599864,0.001973540373563207,1874.7023924606995,12,-0.4399999999999977,range_v2_aggressive
SBER,2023-10-31 10:30:00+00:00,2023-10-31 11:00:00+00:00,1,2023-10-31 10:30:00+00:00,269.8974,0.6100244559956811,268.98236331600646,270.81243668399355,-0.004844062966149469,-0.214397588025688,0.6250000000000041,0.0023269667522990587,1.7300000000000182,0.00644104397036382,1.0900000000000318,0.0040582300160096505,-0.0005046831999999676,-480.35400872008285,2,0.0,range_v2_aggressive
SBER,2023-10-31 13:30:00+00:00,2023-10-31 14:00:00+00:00,1,2023-10-31 13:30:00+00:00,269.7218,0.8811233322914345,268.4001150015628,271.0434849984371,-0.00716219452784296,-0.2308095356625237,0.6592857142857237,0.0024619504622492385,0.6100000000000136,0.002277904328018274,0.20000000000004547,0.0007468538780389315,-0.0011437575297941884,-1088.0711646301645,2,0.0,range_v2_aggressive
SBER,2023-10-31 14:30:00+00:00,2023-10-31 19:00:00+00:00,1,2023-10-31 14:30:00+00:00,269.6244,0.9544442982934515,268.1927335525598,271.0560664474402,-0.004912018348487633,0.037462094481579826,0.749285714285719,0.0027927160428092394,1.1200000000000045,0.004174431606410751,0.9399999999999977,0.0035035408125232864,-0.00016724861773115024,-158.9237704489136,10,-0.11000000000001364,range_v2_aggressive
SBER,2023-11-01 10:00:00+00:00,2023-11-01 10:30:00+00:00,1,2023-11-01 10:00:00+00:00,268.8736,0.826716544574786,267.6335251831378,270.1136748168622,-0.0006084643490473993,0.4340362380658643,0.3771428571428511,0.0014035311567967368,0.8299999999999841,0.0030888318261322024,0.4199999999999591,0.0015630233337053296,-0.0029026162878787137,-2757.6764459270626,2,0.0,range_v2_aggressive
SBER,2023-11-01 10:30:00+00:00,2023-11-01 11:30:00+00:00,1,2023-11-01 10:30:00+00:00,268.8448,0.8348242881064105,267.5925635678404,270.09703643215965,-0.0034770990549194015,0.12674780257438317,0.40642857142856315,0.001517033971962835,0.8899999999999864,0.003322011123138316,0.7999999999999545,0.0029860774140567895,0.002199623901581761,2083.7215757961353,3,0.0,range_v2_aggressive
SBER,2023-11-02 18:30:00+00:00,2023-11-02 19:00:00+00:00,1,2023-11-02 18:30:00+00:00,269.45459999999997,0.598266918941053,268.5571996215884,270.35200037841156,-0.0034684878268917627,-0.020726323769911625,0.4857142857142784,0.0018088570151730912,0.5,0.0018620586920899747,0.4500000000000455,0.0016758528228811467,0.0005846852941177401,555.0954462325886,2,0.0,range_v2_aggressive
SBER,2023-11-03 10:30:00+00:00,2023-11-03 11:00:00+00:00,1,2023-11-03 10:30:00+00:00,269.4756,0.4554081373947837,268.7924877939078,270.15871220609216,-0.00332349199704909,-0.1555292029719302,0.40928571428571153,0.001523887535504176,1.6200000000000045,0.006031722391838575,1.1100000000000136,0.004132846824037582,-0.0015272338568935143,-1450.7911195299512,2,0.0,range_v2_aggressive
SBER,2023-11-03 12:00:00+00:00,2023-11-03 17:00:00+00:00,1,2023-11-03 12:00:00+00:00,269.4,0.531651259192675,268.602523111211,270.19747688878897,-0.002783964365256125,0.02976693710904164,0.529999999999993,0.0019728270984552135,0.9699999999999704,0.0036106458217009885,0.5499999999999545,0.0020472734040571545,0.0006486433962265052,615.23575928683,11,-0.5600000000000023,range_v2_aggressive
SBER,2023-11-15 10:00:00+00:00,2023-11-15 11:00:00+00:00,1,2023-11-15 10:00:00+00:00,282.6278,1.154019223218538,280.8967711651722,284.35882883482776,-0.005971811690145066,0.012486457174499201,0.4942857142857195,0.0017593995667605877,1.7200000000000273,0.006122303694739187,0.06999999999999318,0.00024916352246028754,-0.0045659604046242065,-4333.604973469681,3,-0.7900000000000205,range_v2_aggressive
SBER,2023-11-15 11:30:00+00:00,2023-11-15 16:30:00+00:00,1,2023-11-15 11:30:00+00:00,282.42440000000005,1.3704850326435893,280.3686724510347,284.4801275489654,-0.010354629415872169,-0.2112810259005093,0.6342857142857261,0.0022693585484283582,1.2100000000000364,0.004329159212880273,0.5,0.0017889087656529517,0.004113821171171119,3886.646806479366,11,-0.45999999999997954,range_v2_aggressive
SBER,2023-11-17 10:00:00+00:00,2023-11-17 11:30:00+00:00,1,2023-11-17 10:00:00+00:00,281.86120000000005,1.1209646721136655,280.17975299182956,283.54264700817055,-0.00231035701260079,0.306357263465408,0.7099999999999957,0.002524803527612801,2.099999999999966,0.007467728743643419,1.5199999999999818,0.00540521318587526,-0.0029680999999999536,-2815.730865769594,4,-0.6099999999999568,range_v2_aggressive
SBER,2023-11-17 12:00:00+00:00,2023-11-17 15:30:00+00:00,1,2023-11-17 12:00:00+00:00,281.8794,1.1065821807066893,280.21952672893997,283.53927327106,-0.007873579977820127,-0.16854501445843065,0.8907142857142796,0.003184989936759921,1.0900000000000318,0.0038975899306301644,0.2400000000000091,0.0008581849388543556,0.0024582787489976113,2325.1597329017095,8,0.0,range_v2_aggressive
SBER,2023-11-24 15:30:00+00:00,2023-11-24 18:00:00+00:00,1,2023-11-24 15:30:00+00:00,286.2744,0.5810938315323199,285.4027592527015,287.1460407472985,-0.003403727332936521,-0.058945874788430726,0.6092857142857123,0.0021355966150918763,0.5999999999999659,0.0021030494216612893,0.40999999999996817,0.0014370837714685178,0.0012719336459554142,1206.0142209181088,6,0.0,range_v2_aggressive
SBER,2023-11-28 10:00:00+00:00,2023-11-28 10:30:00+00:00,1,2023-11-28 10:00:00+00:00,284.9026,2.3161260848751186,281.4284108726873,288.3767891273127,-0.01250462438742234,-0.01272395794349492,0.8000000000000033,0.0028435345134001683,1.9800000000000182,0.007037747920665452,1.0600000000000023,0.0037676832302552155,-0.003907964999999976,-3710.143277663584,2,0.0,range_v2_aggressive
SBER,2023-11-28 11:00:00+00:00,2023-11-28 19:00:00+00:00,1,2023-11-28 11:00:00+00:00,284.6308,2.5683265734669662,280.7783101397996,288.48328986020044,-0.016866762135369882,-0.1230775646675267,1.048571428571425,0.0037471730285224066,1.7299999999999613,0.006182324983025271,1.3199999999999932,0.004717149698030923,-0.00021734427792911707,-205.53590246783054,17,-1.349999999999966,range_v2_aggressive
SBER,2023-11-29 10:00:00+00:00,2023-11-29 10:30:00+00:00,1,2023-11-29 10:00:00+00:00,280.9026,1.8229252226990544,278.16821216595145,283.63698783404857,-0.004174400664144755,0.28558272067356566,0.5907142857142925,0.0021117301888045345,1.8700000000000045,0.006685017695635093,0.25,0.0008937189432667214,-0.002279543651753334,-2155.2268789769996,2,0.0,range_v2_aggressive
SBER,2023-11-29 13:00:00+00:00,2023-11-29 19:00:00+00:00,1,2023-11-29 13:00:00+00:00,280.13399999999996,1.4587372230516125,277.94589416542254,282.32210583457737,-0.009366945818786606,-0.0996053660966397,0.9185714285714296,0.003310048029157254,0.8299999999999841,0.0029908832114157475,0.5199999999999818,0.0018738063493206798,-0.00025620000000000715,-241.67575485708247,13,-0.40999999999996817,range_v2_aggressive
SBER,2023-11-30 11:00:00+00:00,2023-11-30 16:30:00+00:00,1,2023-11-30 11:00:00+00:00,278.2946,1.5542216505277209,275.96326752420845,280.62593247579156,-0.012197865140035147,-0.22803858635552612,0.6792857142857015,0.002471028425921068,1.6099999999999568,0.005856675154601517,0.18999999999999773,0.0006911604219716178,-0.0032097274447950063,-3026.988935823771,12,-0.5099999999999909,range_v2_aggressive
SBER,2023-11-30 17:00:00+00:00,2023-11-30 19:00:00+00:00,1,2023-11-30 17:00:00+00:00,277.0688,1.690903200316616,274.5324451995251,279.6051548004749,-0.011292502078906077,-0.11679067916960773,0.9957142857142978,0.0036347896828294434,1.2100000000000364,0.004417025626049633,0.910000000000025,0.0033218953055414507,0.0029978951219512043,2818.1422076138,5,0.0,range_v2_aggressive
SBER,2023-12-01 17:00:00+00:00,2023-12-01 19:00:00+00:00,1,2023-12-01 17:00:00+00:00,276.06800000000004,1.171087058310613,274.31136941253413,277.82463058746595,-0.006440442209890388,-0.006082500409189833,1.1128571428571499,0.0040572282724749345,1.3500000000000227,0.004921798096904818,0.7199999999999704,0.002624958985015751,-6.467317073174165e-05,-60.977644529974384,5,0.0,range_v2_aggressive
SBER,2023-12-04 10:30:00+00:00,2023-12-04 19:00:00+00:00,1,2023-12-04 10:30:00+00:00,275.517,1.4638100273257373,273.3212849590114,277.7127150409886,-0.009752574251316658,-0.11187356962090404,0.8042857142857258,0.0029479372293579366,1.7900000000000205,0.006560862075285051,0.40999999999996817,0.001502767290986945,-0.0013170406749555648,-1241.7025993243624,18,-0.839999999999975,range_v2_aggressive
SBER,2023-12-05 10:00:00+00:00,2023-12-05 11:30:00+00:00,1,2023-12-05 10:00:00+00:00,273.2964,1.3515777024964644,271.2690334462553,275.3237665537447,-0.0073048894899456936,0.007637137371012911,0.884285714285718,0.003259438681480715,2.159999999999968,0.007961666052340464,0.6700000000000159,0.0024695908588279244,-0.0003261852988691526,-307.121645203336,4,-0.30000000000001137,range_v2_aggressive
SBER,2023-12-06 18:00:00+00:00,2023-12-06 19:00:00+00:00,1,2023-12-06 18:00:00+00:00,274.1414,3.196906674566728,269.34603998814987,278.9367600118501,-0.019228762966848393,-0.049635479606691964,1.6978571428571334,0.006314788346997186,1.7999999999999545,0.006694685163833654,1.2900000000000205,0.004797857700747649,-0.0005213088767354023,-490.6812675538843,3,0.0,range_v2_aggressive
SBER,2023-12-07 10:00:00+00:00,2023-12-07 11:00:00+00:00,1,2023-12-07 10:00:00+00:00,273.12379999999996,4.191914905099962,266.83592764235004,279.4116723576499,-0.013670723679151998,0.2030951180602944,0.9957142857142814,0.0036961813197011082,2.8500000000000227,0.010579457292401437,1.6499999999999773,0.006124948958758593,-0.003698450502152083,-3479.3467186757125,3,-0.5500000000000114,range_v2_aggressive
SBER,2023-12-07 11:00:00+00:00,2023-12-07 14:30:00+00:00,1,2023-12-07 11:00:00+00:00,272.794,4.312215681271268,266.3256764780931,279.26232352190686,-0.024905239851316315,-0.025174720852327612,1.2085714285714257,0.004543501611170774,3.2999999999999545,0.012406015037593815,2.8500000000000227,0.0107142857142858,-0.0023166516548463333,-2171.3480311613325,8,-0.8299999999999841,range_v2_aggressive
SBER,2023-12-07 14:30:00+00:00,2023-12-07 19:00:00+00:00,1,2023-12-07 14:30:00+00:00,271.25179999999995,4.7615460917475,264.1094808623787,278.3941191376212,-0.028614740989736983,-0.043366926795222804,1.6007142857142955,0.006075047575673822,1.8700000000000045,0.007097043531063814,1.6899999999999977,0.006413905651068343,0.0008985101294065209,840.2033424044484,10,0.0,range_v2_aggressive
SBER,2023-12-08 10:00:00+00:00,2023-12-08 11:00:00+00:00,1,2023-12-08 10:00:00+00:00,267.0034,1.9900862559863013,264.0182706160206,269.9885293839794,-0.0012861259444635318,0.44248155509725456,0.7042857142857153,0.0026411374570078573,1.9599999999999795,0.007350183754593787,0.6500000000000341,0.0024375609390236033,0.0007890817444218573,738.5390546137489,3,-0.11000000000001364,range_v2_aggressive
SBER,2023-12-08 16:00:00+00:00,2023-12-08 19:00:00+00:00,1,2023-12-08 16:00:00+00:00,266.2016,1.240864346602753,264.3403034800959,268.0628965199041,-0.008120161561763583,-0.08067051028262155,1.0635714285714275,0.004028069340143264,1.349999999999966,0.0051128616876229575,1.0299999999999727,0.0039009241024086224,0.0003561763599730982,333.6254096666833,7,0.0,range_v2_aggressive
SBER,2023-12-11 10:00:00+00:00,2023-12-11 10:30:00+00:00,1,2023-12-11 10:00:00+00:00,265.4682,0.9483964770530602,264.04560528442045,266.8907947155796,-0.00745173998241603,-0.1952788374424963,0.7228571428571432,0.0027433949783944103,4.270000000000039,0.016205548597669886,1.6800000000000068,0.006375953546624186,-0.0019624845849802305,-1838.8865693070134,2,0.0,range_v2_aggressive
SBER,2023-12-11 17:00:00+00:00,2023-12-11 19:00:00+00:00,1,2023-12-11 17:00:00+00:00,263.8524,2.957542112475515,259.4160868312867,268.2887131687133,-0.022635382509312,-0.17312650988210332,1.4407142857142827,0.0055867623922533066,1.0500000000000114,0.004071661237785061,0.2599999999999909,0.001008220877927683,-0.0018123683688646432,-1694.891988968148,5,-1.0600000000000023,range_v2_aggressive
SBER,2023-12-12 10:00:00+00:00,2023-12-12 10:30:00+00:00,1,2023-12-12 10:00:00+00:00,260.9746,3.693356534361105,255.43456519845836,266.51463480154166,-0.007987750532044202,0.31186038764414153,0.8614285714285675,0.003327392218427006,2.159999999999968,0.008343311831279572,2.099999999999966,0.008111553169299571,-0.0010843197346600117,-1012.1971250024114,2,0.0,range_v2_aggressive
SBER,2023-12-15 10:00:00+00:00,2023-12-15 13:30:00+00:00,1,2023-12-15 10:00:00+00:00,259.0742,1.5826083997756886,256.7002874003365,261.44811259966355,-0.004184901468382455,0.27164281445035465,0.8721428571428577,0.003380529699379269,1.7099999999999795,0.0066281638823209406,1.3799999999999955,0.005349044536609928,0.0036260298116297966,3381.1772499110434,8,-1.079999999999984,range_v2_aggressive
SBER,2023-12-19 16:00:00+00:00,2023-12-19 19:00:00+00:00,1,2023-12-19 16:00:00+00:00,268.13100000000003,0.8889554751966899,266.79756678720497,269.4644332127951,-0.004926696279057723,0.004662105561691148,1.0428571428571405,0.003908613406008547,1.740000000000009,0.0065214946966006115,1.5400000000000205,0.005771897605037369,0.0002837013698629903,265.50329620607954,7,-0.44999999999998863,range_v2_aggressive
SBER,2023-12-20 10:00:00+00:00,2023-12-20 11:00:00+00:00,1,2023-12-20 10:00:00+00:00,267.7742,0.9106985209519046,266.4081522185721,269.1402477814279,-0.0006505481110576927,0.43623941915929915,0.49071428571428605,0.0018337604099935949,1.670000000000016,0.00624065769805686,0.08000000000004093,0.00029895366218251463,0.000825062590975231,772.3578645776145,3,-0.28000000000002956,range_v2_aggressive
SBER,2023-12-21 11:30:00+00:00,2023-12-21 13:30:00+00:00,1,2023-12-21 11:30:00+00:00,267.2396,0.7128470083304512,266.1703294875043,268.3088705124957,-0.004825632129370075,-0.10302794518764048,0.5785714285714221,0.002175489485134131,1.0300000000000296,0.0038729084414364716,0.45999999999997954,0.0017296484301559676,-0.0020767427160493512,-1945.6850643446344,5,-0.40999999999996817,range_v2_aggressive
SBER,2023-12-21 14:30:00+00:00,2023-12-21 15:00:00+00:00,1,2023-12-21 14:30:00+00:00,267.0542,0.9469415645500288,265.6337876531749,268.47461234682504,-0.006980605435151301,-0.15621789481304052,0.7128571428571442,0.0026880996374567074,0.8400000000000318,0.0031675402541575166,0.5099999999999909,0.0019231494400240993,-0.001628309418837679,-1522.3830100695634,2,0.0,range_v2_aggressive
SBER,2023-12-21 16:30:00+00:00,2023-12-21 19:00:00+00:00,1,2023-12-21 16:30:00+00:00,266.80060000000003,1.2317689453929153,264.9529465819107,268.6482534180894,-0.00899773088966087,-0.1496348223365674,0.9242857142857223,0.003495785606224366,0.7800000000000296,0.0029500756429653163,0.48999999999995225,0.0018532526475036016,0.0009281707882535065,866.3774647245058,6,0.0,range_v2_aggressive
SBER,2023-12-22 10:00:00+00:00,2023-12-22 10:30:00+00:00,1,2023-12-22 10:00:00+00:00,266.08279999999996,1.0781523121990344,264.4655715317014,267.7000284682985,-0.001476232210424596,0.37855766587722084,0.46785714285715585,0.0017609136318911358,0.9300000000000068,0.0035003199217133007,0.37999999999999545,0.001430238247581751,0.00977303450381653,9130.858148551117,2,0.0,range_v2_aggressive
SBER,2023-12-28 10:00:00+00:00,2023-12-28 11:00:00+00:00,1,2023-12-28 10:00:00+00:00,271.664,0.44410423505270186,270.99784364742095,272.330156352579,-0.0010085988574121006,0.2943425751783311,0.37714285714285517,0.0013896711637969535,1.240000000000009,0.004569070341574889,0.39999999999997726,0.0014738936585724503,-0.003148806818181799,-2970.653169354464,3,-0.5799999999999841,range_v2_aggressive
SBER,2023-12-28 13:30:00+00:00,2023-12-28 16:30:00+00:00,1,2023-12-28 13:30:00+00:00,271.38460000000003,0.8420679356946588,270.121498096458,272.64770190354204,-0.005359920938771129,-0.07580468999413977,0.6835714285714322,0.002532402580563228,0.910000000000025,0.003371244396695532,0.7800000000000296,0.002889638054310486,0.0017575734587251736,1652.9120715127974,7,-0.07999999999998408,range_v2_aggressive
SBER,2024-01-05 12:00:00+00:00,2024-01-05 13:30:00+00:00,1,2024-01-05 12:00:00+00:00,274.08459999999997,0.32124254961906235,273.60273617557135,274.5664638244286,-0.0022423733402020364,-0.1377320405082496,0.36785714285713716,0.0013451462422098845,0.4300000000000068,0.001572384539437623,0.19000000000005457,0.0006947745639377429,-0.001523773592233163,-1435.553369854172,4,-0.1400000000000432,range_v2_aggressive
SBER,2024-01-05 14:00:00+00:00,2024-01-05 18:00:00+00:00,1,2024-01-05 14:00:00+00:00,274.0186,0.3725149499419911,273.459827575087,274.577372424913,-0.0020020538751747688,0.009102475766069562,0.4407142857142828,0.0016115635562009827,0.3199999999999932,0.0011701466340000482,0.27000000000003865,0.0009873112224377029,-0.0010452145867099504,-983.2005006975246,9,-0.3900000000000432,range_v2_aggressive
SBER,2024-01-10 13:30:00+00:00,2024-01-10 15:00:00+00:00,1,2024-01-10 13:30:00+00:00,275.8322,0.42976163324613,275.1875575501308,276.4768424498692,-0.002582004566544427,-0.05239924096257426,0.41428571428571914,0.0015058364142400377,0.37000000000000455,0.0013448676940971379,0.2699999999999818,0.000981389938935671,0.0013189762068965907,1239.4226318125202,4,0.0,range_v2_aggressive
SBER,2024-01-11 10:00:00+00:00,2024-01-11 11:00:00+00:00,1,2024-01-11 10:00:00+00:00,275.4598,0.4634761735503351,274.7645857396745,276.15501426032546,-0.0007253326982738752,0.35630329281044987,0.5221428571428532,0.0018969078585441156,1.490000000000009,0.0054130640122066745,0.6399999999999864,0.0023250744750417294,-0.0023590536251710294,-2219.6920194870336,3,-0.40999999999996817,range_v2_aggressive
SBER,2024-01-11 11:30:00+00:00,2024-01-11 17:30:00+00:00,1,2024-01-11 11:30:00+00:00,275.407,0.5175383256828145,274.6306925114758,276.1833074885242,-0.003656406699902345,-0.14858320632354585,0.5649999999999977,0.0020590379008746276,0.3900000000000432,0.0014212827988339769,0.060000000000002274,0.0002186588921282882,0.0015166088495575725,1423.6484475513776,13,0.0,range_v2_aggressive
SBER,2024-01-16 10:30:00+00:00,2024-01-16 11:00:00+00:00,1,2024-01-16 10:30:00+00:00,276.02279999999996,0.4627558974185448,275.3286661538721,276.7169338461278,-0.003560575430725073,-0.20793263106416482,0.42000000000000376,0.001527050610820258,1.509999999999991,0.005490110529377512,0.5600000000000023,0.0020360674810936674,-0.0009819595238095475,-923.168368929485,2,0.0,range_v2_aggressive
SBER,2024-01-16 12:00:00+00:00,2024-01-16 18:00:00+00:00,1,2024-01-16 12:00:00+00:00,275.96299999999997,0.5409185311393528,275.1516222032909,276.774377796709,-0.004033149371473505,-0.18587038277006668,0.4164285714285825,0.0015151121390888937,0.35000000000002274,0.001273421866472704,0.09000000000003183,0.0003274513370930756,0.002032521440823219,1908.9554597752942,13,-0.07000000000005002,range_v2_aggressive
SBER,2024-01-19 12:00:00+00:00,2024-01-19 15:00:00+00:00,1,2024-01-19 12:00:00+00:00,277.5096,0.6439227994292686,276.5437158008561,278.47548419914386,-0.004863255181081854,-0.1986344746068803,0.5485714285714371,0.001986426088395992,0.7200000000000273,0.0026071842410197972,0.34000000000003183,0.0012311703360371952,-0.0022472059895833106,-2114.878200055663,7,-0.26000000000004775,range_v2_aggressive
SBER,2024-01-19 17:00:00+00:00,2024-01-19 19:00:00+00:00,1,2024-01-19 17:00:00+00:00,276.971,1.1087688521690795,275.3078467217464,278.6341532782536,-0.008018890064302774,-0.16770754958080292,0.6871428571428494,0.0025009749122578686,0.44999999999998863,0.0016378525932665645,0.37999999999999545,0.0013830755232028952,-0.0003526064449064456,-331.0973276332144,5,-0.08999999999997499,range_v2_aggressive
SBER,2024-01-22 10:00:00+00:00,2024-01-22 14:30:00+00:00,1,2024-01-22 10:00:00+00:00,276.04420000000005,1.2108069329005566,274.2279896006492,277.8604103993509,-0.0059200664241451945,0.050107190063406484,0.39285714285714285,0.001431642953453383,1.339999999999975,0.004883203964869993,0.47999999999996135,0.0017492073904010834,0.0011894959999999533,1116.5424862949753,10,-0.21000000000003638,range_v2_aggressive
SBER,2024-01-24 14:00:00+00:00,2024-01-24 19:00:00+00:00,1,2024-01-24 14:00:00+00:00,275.743,0.7276051015906214,274.65159234761404,276.83440765238595,-0.005305665057680603,-0.17023535926366354,0.4285714285714164,0.0015625325527614715,1.0,0.0036459092897768706,0.5500000000000114,0.0020052501093773202,-0.001379907666666621,-1296.81665500419,11,-0.2999999999999545,range_v2_aggressive
SBER,2024-01-25 11:30:00+00:00,2024-01-25 19:00:00+00:00,1,2024-01-25 11:30:00+00:00,274.87760000000003,1.2032295996901012,273.07275560046486,276.6824443995352,-0.009231745329557789,-0.20299689010687072,0.4757142857142794,0.0017467661221791857,0.37999999999999545,0.0013953146801791712,0.010000000000047748,3.671880737331185e-05,0.00021018078078085525,197.25219869940088,16,-0.23999999999995225,range_v2_aggressive
SBER,2024-02-09 10:30:00+00:00,2024-02-09 12:00:00+00:00,1,2024-02-09 10:30:00+00:00,283.06820000000005,0.7084668415138927,282.0054997377292,284.13090026227087,-0.004338883703644818,-0.07786755287685822,0.7342857142857083,0.002605328251084688,1.589999999999975,0.005641498722679447,1.5200000000000387,0.005393130854385604,0.002012850000000044,1889.4331663545652,4,0.0,range_v2_aggressive
SBER,2024-02-16 15:00:00+00:00,2024-02-16 19:00:00+00:00,1,2024-02-16 15:00:00+00:00,289.6414,0.9568101981833083,288.206184702725,291.07661529727494,-0.0052181766833055655,-0.026541210531154106,0.8899999999999986,0.0030888834900912733,1.4599999999999795,0.005067157185992363,1.0600000000000023,0.0036788949432547888,-0.0003897865168539026,-366.6234382085913,9,-0.7199999999999704,range_v2_aggressive
SBER,2024-02-19 10:00:00+00:00,2024-02-19 12:00:00+00:00,1,2024-02-19 10:00:00+00:00,289.3456,1.234423206726732,287.4939651899099,291.1972348100901,-0.005410830508568361,0.07723845126787378,0.6700000000000037,0.002328167350059086,2.660000000000025,0.009243171867398795,0.8100000000000023,0.002814650079922171,0.0019129582089552467,1798.5792590394537,5,0.0,range_v2_aggressive
SBER,2024-02-20 11:30:00+00:00,2024-02-20 12:00:00+00:00,1,2024-02-20 11:30:00+00:00,288.746,0.6654659256498936,287.7478011115251,289.74419888847484,-0.004038151177851804,-0.08405194268524906,0.508571428571433,0.00176845200838526,1.490000000000009,0.005181166979623094,1.2900000000000205,0.004485708324640171,-0.001996903370786477,-1881.096789145156,2,0.0,range_v2_aggressive
SBER,2024-02-20 12:30:00+00:00,2024-02-20 18:00:00+00:00,1,2024-02-20 12:30:00+00:00,288.7038,0.7366883705772557,287.5987674441341,289.8088325558659,-0.005174161199125268,-0.17590768799997827,0.6399999999999986,0.0022283346680129473,1.009999999999991,0.0035165906479579087,0.3299999999999841,0.001148985063194123,-0.0019451687500000152,-1828.7033677927097,12,-0.08999999999997499,range_v2_aggressive
SBER,2024-02-20 18:30:00+00:00,2024-02-20 19:00:00+00:00,1,2024-02-20 18:30:00+00:00,288.5374,0.9357105999034664,287.1338341001448,289.9409658998552,-0.0047390736868079325,0.012883577414842143,1.0114285714285731,0.0035220551291171537,1.150000000000034,0.004004596580422864,0.8900000000000432,0.0030992095274577536,-0.0014777009887005693,-1386.5225782038042,2,0.0,range_v2_aggressive
SBER,2024-02-21 10:00:00+00:00,2024-02-21 13:00:00+00:00,1,2024-02-21 10:00:00+00:00,287.5162,1.9416886087368508,284.60366708689475,290.4287329131053,-0.00958624244477367,0.026837965058147055,1.190714285714291,0.004181466096763208,3.3799999999999955,0.01186964461300743,0.8499999999999659,0.0029849697991289714,-0.0019157148170365597,-1794.853508903206,7,-1.759999999999991,range_v2_aggressive
SBER,2024-02-21 13:00:00+00:00,2024-02-21 14:30:00+00:00,1,2024-02-21 13:00:00+00:00,286.7866,2.208474041520807,283.4738889377188,290.09931106228123,-0.01393579755818438,-0.10322194191724185,1.115000000000009,0.0039428551221754975,0.5900000000000318,0.002086353831465157,0.5,0.001768096467343258,-0.0018826008968609895,-1760.4497334261912,4,-1.3400000000000318,range_v2_aggressive
SBER,2024-02-21 15:00:00+00:00,2024-02-21 19:00:00+00:00,1,2024-02-21 15:00:00+00:00,286.18300000000005,2.4833291102107458,282.45800633468394,289.90799366531616,-0.01653836880597401,-0.13530309381055217,1.1971428571428606,0.004253483237316968,1.400000000000034,0.004974240540060523,0.44999999999998863,0.0015988630307336603,-0.0003337078758949663,-311.4680118369753,9,0.0,range_v2_aggressive
SBER,2024-03-06 10:30:00+00:00,2024-03-06 13:00:00+00:00,1,2024-03-06 10:30:00+00:00,298.92499999999995,0.4917160706760882,298.18742589398585,299.66257410601406,-0.0025926235677844857,-0.02537093810689802,0.4864285714285797,0.0016314894228696285,0.7300000000000182,0.002448431997316848,0.37999999999999545,0.0012745262451785862,0.001009671365638852,942.0676316291526,6,0.0,range_v2_aggressive
SBER,2024-03-12 10:00:00+00:00,2024-03-12 14:00:00+00:00,1,2024-03-12 10:00:00+00:00,300.1116,0.9250733232290641,298.7239900151564,301.4992099848436,-0.004970151103789408,-0.03747090907828786,0.5657142857142909,0.0018944286575389823,2.2000000000000455,0.007367222557096127,0.9200000000000159,0.0030808385238765518,0.0026859547979798132,2508.643885942817,9,0.0,range_v2_aggressive
SBER,2024-03-14 12:30:00+00:00,2024-03-14 15:00:00+00:00,1,2024-03-14 12:30:00+00:00,299.69280000000003,1.1273248813196162,298.0018126780206,301.38378732197947,-0.007817338287740016,-0.19273139116666402,0.5757142857142818,0.0019361502798529739,0.6800000000000068,0.002286867328064593,0.010000000000047748,3.363040188346308e-05,-0.0034136394540943914,-3196.8546938038508,6,-0.34000000000003183,range_v2_aggressive
SBER,2024-03-14 16:00:00+00:00,2024-03-14 19:00:00+00:00,1,2024-03-14 16:00:00+00:00,299.1526,1.5627707080692756,296.8084439378961,301.49675606210394,-0.01107327832016179,-0.20656558527654012,0.7700000000000102,0.002602758247701495,0.9200000000000159,0.0031097890751758247,0.46999999999997044,0.0015886965927527396,0.00026492597402600883,247.25479705666214,7,-0.18999999999999773,range_v2_aggressive
SBER,2024-03-15 10:00:00+00:00,2024-03-15 13:30:00+00:00,1,2024-03-15 10:00:00+00:00,297.6614,1.636419698259116,295.20677045261135,300.1160295473887,-0.004338486616000631,0.23694604927781157,0.4557142857142854,0.0015376532230464803,2.2199999999999704,0.0074906367041197505,0.6200000000000045,0.002091979620069523,0.0026163783699059183,2442.5067759870344,8,0.0,range_v2_aggressive
SBER,2024-03-20 10:00:00+00:00,2024-03-20 19:00:00+00:00,1,2024-03-20 10:00:00+00:00,297.7708,1.7198704745588613,295.19099428816173,300.3506057118383,-0.007760331100296029,0.05213681607956501,0.5592857142857051,0.0018929320865284814,1.5199999999999818,0.0051445204088539295,0.060000000000002274,0.00020307317403371787,-0.0014384025542783711,-1346.326727417686,19,-0.9300000000000068,range_v2_aggressive
SBER,2024-03-21 14:30:00+00:00,2024-03-21 15:00:00+00:00,1,2024-03-21 14:30:00+00:00,295.6426,0.587626877542019,294.76115968368697,296.52404031631306,-0.0038986262466911286,-0.153816247492052,0.6050000000000101,0.0020543991307005673,1.0199999999999818,0.0034636150633297626,0.6200000000000045,0.002105334646337752,-0.0032101768595040867,-3000.3632803507317,2,0.0,range_v2_aggressive
SBER,2024-03-21 17:00:00+00:00,2024-03-21 18:00:00+00:00,1,2024-03-21 17:00:00+00:00,295.3478,0.9998883408397673,293.8479674887404,296.84763251125963,-0.006561078159376781,-0.14600546576115045,0.9014285714285718,0.003072248973888319,1.6100000000000136,0.00548720220851373,1.080000000000041,0.0036808561398726726,0.001824972107765418,1700.2183869352887,3,0.0,range_v2_aggressive
SBER,2024-03-25 10:00:00+00:00,2024-03-25 15:00:00+00:00,1,2024-03-25 10:00:00+00:00,294.924,1.3405253311792247,292.91321200323114,296.9347879967688,-0.0018784500413665001,0.3622430607079904,1.0800000000000003,0.0036688521248768565,1.4499999999999886,0.004925773686177221,0.37000000000000455,0.0012569215613004196,-0.0016501861111110918,-1540.1863063337184,11,-1.8700000000000045,range_v2_aggressive
SBER,2024-03-25 15:00:00+00:00,2024-03-25 17:30:00+00:00,1,2024-03-25 15:00:00+00:00,294.725,1.3991838000739723,292.6262242998891,296.82377570011096,-0.006158283145304937,0.06760505662799918,0.816428571428572,0.0027873018040646337,0.5500000000000114,0.0018777098767539903,0.47999999999996135,0.0016387286197124076,0.0018443573053368127,1718.5735833161425,6,0.0,range_v2_aggressive
SBER,2024-04-09 15:00:00+00:00,2024-04-09 17:00:00+00:00,1,2024-04-09 15:00:00+00:00,307.2794,0.8047852041482498,306.07222219377763,308.4865778062224,-0.004749423488850917,-0.10446770661188688,0.7107142857142931,0.002323962741855644,1.4699999999999704,0.0048067490680791655,1.2200000000000273,0.003989274736773354,0.0017051760804020085,1591.8148793533499,5,0.0,range_v2_aggressive
SBER,2024-04-10 11:30:00+00:00,2024-04-10 19:00:00+00:00,1,2024-04-10 11:30:00+00:00,307.1984,0.8402972265200483,305.93795416021993,308.45884583978005,-0.005561226881389953,-0.17769671099001236,0.46428571428571025,0.0015198065870755514,0.37000000000000455,0.0012111689417002342,0.05000000000001137,0.00016367147860817495,0.0012340676923076343,1153.9904868040953,16,0.0,range_v2_aggressive
SBER,2024-04-17 14:00:00+00:00,2024-04-17 14:30:00+00:00,1,2024-04-17 14:00:00+00:00,307.9016,0.4383706384497328,307.24404404232536,308.5591559576746,-0.0021812163366476674,-0.010678971242997675,0.4921428571428602,0.0016018710970375945,0.3599999999999568,0.0011717605702566702,0.2799999999999727,0.0009113693324218752,-0.0021277805515240084,-1992.1668050554294,2,0.0,range_v2_aggressive
SBER,2024-04-17 15:30:00+00:00,2024-04-17 19:00:00+00:00,1,2024-04-17 15:30:00+00:00,307.8368,0.5185436438064869,307.05898453429023,308.61461546570973,-0.0023934760236591587,0.026365807519887933,0.6192857142857113,0.00201656045029538,0.5399999999999636,0.0017583848909148928,0.4200000000000159,0.0013676326929339495,-0.001545535409457916,-1443.9519978319038,8,-0.6700000000000159,range_v2_aggressive
SBER,2024-04-18 10:00:00+00:00,2024-04-18 11:00:00+00:00,1,2024-04-18 10:00:00+00:00,307.461,0.7837332169995918,306.28540017450064,308.6365998254994,-0.0031255996695516266,0.0912724810112167,0.40142857142857175,0.0013097180144488474,1.6399999999999864,0.005350734094616595,0.4800000000000182,0.0015660685154976124,0.0019719747330960726,1839.5153055981207,3,0.0,range_v2_aggressive
SBER,2024-04-29 13:30:00+00:00,2024-04-29 14:00:00+00:00,1,2024-04-29 13:30:00+00:00,309.1634,0.40495205098666565,308.55597192352,309.77082807648003,-0.0026309711951673495,-0.16954428968248098,0.37571428571428506,0.0012184669554541432,0.339999999999975,0.0011026431003728716,0.2300000000000182,0.0007459056267229388,-0.0015674410646387862,-1465.0378821051972,2,0.0,range_v2_aggressive
SBER,2024-04-29 14:30:00+00:00,2024-04-29 17:00:00+00:00,1,2024-04-29 14:30:00+00:00,309.117,0.44584361714064585,308.4482345742891,309.78576542571096,-0.0027724130345468793,-0.14073288409682433,0.39285714285714285,0.0012744343828493573,0.18999999999999773,0.000616362810614409,0.17000000000001592,0.000551482514760319,-0.001066540363636323,-995.2992233734174,6,-0.13999999999998636,range_v2_aggressive
SBER,2024-04-30 12:00:00+00:00,2024-04-30 12:30:00+00:00,1,2024-04-30 12:00:00+00:00,308.6662,0.4039341736686852,308.060298739497,309.272101260503,-0.0007652279387895293,0.3050837525870886,0.3800000000000117,0.0012320461693091193,0.37999999999999545,0.0012320461693090666,0.19999999999998863,0.0006484453522679007,-0.0008665368421052605,-807.7927692836059,2,0.0,range_v2_aggressive
SBER,2024-05-03 13:00:00+00:00,2024-05-03 16:30:00+00:00,1,2024-05-03 13:00:00+00:00,307.72,0.8981454817842135,306.3727817773237,309.06721822267633,-0.005199532042116283,-0.0938161958726915,0.6185714285714303,0.002020682832129329,0.8899999999999864,0.002907356592186026,0.410000000000025,0.0013393440480857998,0.0020393893764434493,1899.488141546255,8,0.0,range_v2_aggressive
SBER,2024-05-20 12:30:00+00:00,2024-05-20 14:00:00+00:00,1,2024-05-20 12:30:00+00:00,322.3832,0.6674546230680601,321.3820180653979,323.38438193460206,-0.0036701664354718217,-0.09090159296085921,0.6971428571428646,0.002170432307418632,0.6000000000000227,0.001867995018680021,0.34000000000003183,0.0010585305105854043,0.0014705192622950598,1372.435506685264,4,0.0,range_v2_aggressive
SBER,2024-05-20 15:00:00+00:00,2024-05-20 19:00:00+00:00,1,2024-05-20 15:00:00+00:00,322.3284,0.7243726634042584,321.2418410048936,323.41495899510636,-0.004090238402821461,-0.10668587989137555,0.922142857142867,0.002872629691108897,0.7099999999999795,0.002211769103766174,0.5199999999999818,0.0016198872309273289,-0.0011520232378001204,-1076.7642707871723,9,-0.3299999999999841,range_v2_aggressive
SBER,2024-05-21 10:00:00+00:00,2024-05-21 12:00:00+00:00,1,2024-05-21 10:00:00+00:00,321.9196,0.9343162076588443,320.51812568851176,323.32107431148825,-0.00030939402260691634,0.4644659915691773,0.8514285714285847,0.002645667054342753,1.8500000000000227,0.005748555092909151,0.9300000000000068,0.0028898141818408016,-0.003161073154362337,-2951.1639536656794,5,-1.1399999999999864,range_v2_aggressive
SBER,2024-05-21 12:30:00+00:00,2024-05-21 13:00:00+00:00,1,2024-05-21 12:30:00+00:00,321.72180000000003,1.016395572386416,320.1972066414204,323.24639335857967,-0.005382911571426061,-0.06795472387910223,0.8057142857142959,0.0025179358283518105,0.8000000000000114,0.002500078127441518,0.5099999999999909,0.0015937998062439166,-0.001651839893617023,-1537.2755881927196,2,0.0,range_v2_aggressive
SBER,2024-05-21 13:30:00+00:00,2024-05-21 16:00:00+00:00,1,2024-05-21 13:30:00+00:00,321.5814,1.0743275259601006,319.9699087110598,323.19289128894013,-0.0049797656207727055,0.003131040486988707,0.8685714285714384,0.002714455367746229,0.9900000000000091,0.0030939433714607446,0.9700000000000273,0.0030314394649666454,-0.002521328618421061,-2342.584445705187,6,-0.9800000000000182,range_v2_aggressive
SBER,2024-05-21 16:30:00+00:00,2024-05-21 19:00:00+00:00,1,2024-05-21 16:30:00+00:00,321.1412,1.2553162705694259,319.25822559414587,323.0241744058542,-0.007975308057639574,-0.1800942147798946,0.9378571428571466,0.00294386698115747,0.589999999999975,0.0018519681084813078,0.4399999999999977,0.0013811287588674673,0.0007659855293221527,709.888245947842,6,0.0,range_v2_aggressive
SBER,2024-05-24 14:00:00+00:00,2024-05-24 14:30:00+00:00,1,2024-05-24 14:00:00+00:00,322.9248,0.673365716488831,321.9147514252668,323.9348485747332,-0.004474106665081116,-0.21521312743874602,0.6728571428571358,0.0020929984535807385,1.0500000000000114,0.0032661440836133236,0.6800000000000068,0.002115217120816246,-0.002099200424628476,-1946.954766275882,2,0.0,range_v2_aggressive
SBER,2024-05-24 16:00:00+00:00,2024-05-24 19:00:00+00:00,1,2024-05-24 16:00:00+00:00,322.7586,0.8876614773358266,321.42710778399623,324.09009221600377,-0.0038685258890081018,0.031127563123328806,0.9585714285714256,0.002981466917269838,1.150000000000034,0.0035768716369631868,0.8799999999999955,0.0027370843830673867,-0.000639884500745149,-592.2307013484651,7,-0.4900000000000091,range_v2_aggressive
SBER,2024-05-27 10:30:00+00:00,2024-05-27 12:00:00+00:00,1,2024-05-27 10:30:00+00:00,322.2962,1.2407895611581836,320.4350156582627,324.15738434173727,-0.007124502243588348,-0.11686527994767956,0.6007142857142834,0.0018772321428571358,1.329999999999984,0.00415624999999995,0.3199999999999932,0.0009999999999999788,-0.0025813935790725234,-2387.6219615342407,4,-0.7599999999999909,range_v2_aggressive
SBER,2024-05-27 12:30:00+00:00,2024-05-27 13:00:00+00:00,1,2024-05-27 12:30:00+00:00,321.9738,1.4733148659610125,319.76382770105846,324.1837722989415,-0.009919440650139888,-0.2225882427417069,0.6635714285714219,0.002081596802093676,0.8599999999999568,0.002697785306480823,0.03000000000002956,9.410878976105641e-05,-0.001401537136706126,-1292.984786119844,2,0.0,range_v2_aggressive
SBER,2024-05-27 13:30:00+00:00,2024-05-27 17:00:00+00:00,1,2024-05-27 13:30:00+00:00,321.7566,1.5907200398817545,319.37051994017736,324.1426800598226,-0.010183474091906657,-0.18660730525603947,0.7914285714285622,0.0024850181217927723,1.8500000000000227,0.005808841999497685,0.30000000000001137,0.000941974378296946,-0.0019572303249098277,-1803.1075597108304,8,0.0,range_v2_aggressive
SBER,2024-05-31 10:00:00+00:00,2024-05-31 13:30:00+00:00,1,2024-05-31 10:00:00+00:00,318.6214,1.5395493776062363,316.3120759335906,320.93072406640937,-0.003896160144924348,0.23122005307592555,0.8821428571428507,0.0027794532016599998,2.8999999999999773,0.009137311739870115,0.8799999999999955,0.0027727014934778357,-0.002467973279352227,-2269.181865848511,8,-1.4599999999999795,range_v2_aggressive
SBER,2024-05-31 13:30:00+00:00,2024-05-31 19:00:00+00:00,1,2024-05-31 13:30:00+00:00,318.5466,1.6313905550880101,316.099514167368,320.993685832632,-0.009407100876292514,-0.11227929973689299,1.0771428571428479,0.003413540982864357,0.9399999999999977,0.002978925685311354,0.37000000000000455,0.001172555854856614,-0.003076507427055755,-2821.718378486079,12,-1.0699999999999932,range_v2_aggressive
SBER,2024-06-03 10:00:00+00:00,2024-06-03 12:30:00+00:00,1,2024-06-03 10:00:00+00:00,315.8706,2.3611882256820627,312.32881766147693,319.4123823385231,-0.00775824024141534,0.154044240191522,1.6864285714285725,0.005380730557809242,2.089999999999975,0.006668368323655079,0.07999999999998408,0.0002552485482738309,-0.001779995933926316,-1627.5582450466459,6,-2.4399999999999977,range_v2_aggressive
SBER,2024-06-03 12:30:00+00:00,2024-06-03 13:00:00+00:00,1,2024-06-03 12:30:00+00:00,315.135,2.438818089532752,311.47677286570087,318.7932271342991,-0.01388293905786409,-0.09796724470447633,1.692857142857142,0.00544747439457183,1.4399999999999977,0.00463380100399021,0.2300000000000182,0.0007401209936929406,-0.0012876526582278342,-1175.2831961220465,2,0.0,range_v2_aggressive
SBER,2024-06-03 15:00:00+00:00,2024-06-03 19:00:00+00:00,1,2024-06-03 15:00:00+00:00,314.13280000000003,3.2028909390903193,309.32846359136454,318.9371364086355,-0.0198412900531242,-0.14866398497792413,1.7914285714285703,0.0058182155616387475,2.420000000000016,0.007859694706073454,1.599999999999966,0.005196492367651725,0.0010822658692185181,986.547907612834,9,0.0,range_v2_aggressive
SBER,2024-06-06 13:30:00+00:00,2024-06-06 17:00:00+00:00,1,2024-06-06 13:30:00+00:00,315.5836,0.9833175003469683,314.10862374947953,317.05857625052045,-0.004954630088509061,-0.030042432699604757,0.8621428571428486,0.002745503016186385,1.4899999999999523,0.004744920705687384,0.8199999999999932,0.002611298643398488,-0.0034478381110190845,-3146.305221657211,8,-0.5699999999999932,range_v2_aggressive
SBER,2024-06-06 18:00:00+00:00,2024-06-06 19:00:00+00:00,1,2024-06-06 18:00:00+00:00,315.3042,1.3452563523085321,313.2863154715372,317.32208452846277,-0.008639910283465923,-0.17501384781300555,1.0057142857142847,0.0032174620440024466,0.6200000000000045,0.0019834922259901614,0.38999999999998636,0.0012476805937679518,-0.00029222315340907986,-265.7471672081567,3,0.0,range_v2_aggressive
SBER,2024-06-13 10:00:00+00:00,2024-06-13 15:30:00+00:00,1,2024-06-13 10:00:00+00:00,317.4712,1.8533903188054934,314.69111452179175,320.2512854782083,-0.005579088748837758,0.18144864359682536,1.9942857142857275,0.0063170279198154185,11.79000000000002,0.037345581248020336,9.870000000000005,0.0312638580931264,0.0006573300859598935,597.6000177686598,12,-2.259999999999991,range_v2_aggressive
SBER,2024-06-18 10:30:00+00:00,2024-06-18 14:00:00+00:00,1,2024-06-18 10:30:00+00:00,318.7894,0.946916392000512,317.36902541199925,320.20977458800076,-0.004985736665020894,-0.05950029429812904,0.44571428571427824,0.0014051522248243326,1.0699999999999932,0.0033732660781840896,0.45999999999997954,0.0014501891551071235,-0.003136011217948796,-2852.9231949489513,8,-0.6399999999999864,range_v2_aggressive
SBER,2024-06-18 14:00:00+00:00,2024-06-18 15:00:00+00:00,1,2024-06-18 14:00:00+00:00,318.38739999999996,1.039534452496576,316.8280983212551,319.94670167874483,-0.007027288140171313,-0.21743653922085404,0.5528571428571354,0.001748717832855086,1.009999999999991,0.0031946860667404426,0.8500000000000227,0.002688597184880667,-0.0018395855297157135,-1668.2777773987336,3,0.0,range_v2_aggressive
SBER,2024-06-18 17:00:00+00:00,2024-06-18 18:00:00+00:00,1,2024-06-18 17:00:00+00:00,317.8732,1.274842031177082,315.96093695323435,319.78546304676564,-0.008409642587044169,-0.19896241642105505,0.6092857142857042,0.001933013052936879,0.2999999999999545,0.0009517766497460486,0.08999999999997499,0.0002855329949237785,-0.0021101528722157407,-1910.1287518492695,3,-0.18000000000000682,range_v2_aggressive
SBER,2024-06-18 18:30:00+00:00,2024-06-18 19:00:00+00:00,1,2024-06-18 18:30:00+00:00,317.60400000000004,1.4271378522597313,315.46329322161046,319.7447067783896,-0.008198889182756016,-0.10821034115634076,0.6764285714285653,0.0021473922902494136,0.9300000000000068,0.002952380952380974,0.7300000000000182,0.002317460317460375,-0.0021071138331573347,-1903.3529285182558,2,0.0,range_v2_aggressive
SBER,2024-06-19 10:00:00+00:00,2024-06-19 11:30:00+00:00,1,2024-06-19 10:00:00+00:00,316.33439999999996,1.8337517692937135,313.5837723460594,319.08502765394053,-0.012216186415388061,-0.20245785438530095,1.1314285714285819,0.0036209190367989946,6.699999999999989,0.021442058437609973,1.9099999999999682,0.006112586808333498,-0.0013720583333333527,-1236.7668297584796,4,0.0,range_v2_aggressive
