symbol,entry_dt,exit_dt,direction,begin,ma_close,std_close,band_lower,band_upper,dist_from_ma,band_pos,atr_14,atr_14_pct,bar_range,bar_range_pct,bar_body,bar_body_pct,pnl_rel,pnl_abs,bars_in_trade,max_adverse_excursion,profile
TATN,2022-01-05 11:00:00+00:00,2022-01-05 14:00:00+00:00,1,2022-01-05 11:00:00+00:00,515.1579999999999,1.324662452190996,513.1710063217134,517.1449936782864,-0.005936042922753563,-0.26950420965531724,1.69285714285713,0.003305715959494493,4.599999999999966,0.008982620581917527,3.2999999999999545,0.0064440538957234025,-0.0029880607594936935,-2988.0607594936937,7,-2.400000000000034,range_v2_conservative
TATN,2022-01-05 14:00:00+00:00,2022-01-05 19:00:00+00:00,1,2022-01-05 14:00:00+00:00,514.78,1.8579119286698673,511.9931321069952,517.5668678930048,-0.013947705816076674,-0.7881844916334527,1.9642857142856858,0.003869751210176686,2.8999999999999773,0.005713159968479073,2.3999999999999773,0.004728132387706811,-0.0029794698181818675,-2970.5669813340623,11,-0.7000000000000455,range_v2_conservative
TATN,2022-01-05 19:00:00+00:00,2022-01-05 21:30:00+00:00,1,2022-01-05 19:00:00+00:00,513.786,3.1992352402486848,508.9871471396269,518.584852860373,-0.02235561109099885,-0.6967443401783234,2.471428571428557,0.0049202241119421794,5.599999999999966,0.01114871590682852,4.599999999999966,0.00915787378060913,-0.0017998658959537818,-1789.1411650963819,6,-2.6999999999999886,range_v2_conservative
TATN,2022-01-05 21:30:00+00:00,2022-01-05 22:30:00+00:00,1,2022-01-05 21:30:00+00:00,512.1619999999999,4.955388326800206,504.7289175097996,519.5950824902002,-0.02687040428614373,-0.4257263065587938,2.528571428571427,0.0050733776656730085,2.8000000000000114,0.005617977528089911,2.1000000000000227,0.004213483146067462,-0.0029821344632768375,-2959.0295746089764,3,-1.8999999999999773,range_v2_conservative
TATN,2022-01-05 22:30:00+00:00,2022-01-06 06:30:00+00:00,1,2022-01-05 22:30:00+00:00,511.324,6.107658624837439,502.1625120627439,520.4854879372562,-0.03896550914879809,-0.5873779530384482,3.0499999999999994,0.006206756206756206,7.399999999999977,0.015059015059015014,5.300000000000011,0.010785510785510809,-0.0026662885245901536,-2637.7411106664085,4,0.0,range_v2_conservative
TATN,2022-01-06 06:30:00+00:00,2022-01-06 17:00:00+00:00,1,2022-01-06 06:30:00+00:00,509.814,7.973604669694366,497.8535929954585,521.7744070045416,-0.05102645278474112,-0.587504797709732,3.750000000000004,0.00775113683340224,0.0,0.0,0.0,0.0,0.0028947413333333238,2856.1123430043754,22,-2.6999999999999886,range_v2_conservative
TATN,2022-01-13 14:30:00+00:00,2022-01-13 18:00:00+00:00,1,2022-01-13 14:30:00+00:00,509.67600000000004,2.294942087217408,506.2335868691739,513.1184131308262,-0.012509908255440775,-0.4260945385816993,2.5214285714285682,0.005009792512276114,7.300000000000011,0.014504271806079895,6.5,0.01291476256705742,-0.003666199433427762,-3627.7467673928804,8,-2.6000000000000227,range_v2_conservative
TATN,2022-01-13 18:00:00+00:00,2022-01-14 16:00:00+00:00,1,2022-01-13 18:00:00+00:00,509.24800000000005,3.3986335789681292,504.15004963154786,514.3459503684522,-0.02876398140002518,-0.9366558068755158,4.0428571428571365,0.008173993414591865,10.5,0.021229276182773957,5.899999999999977,0.011928831378891988,-0.002086487279151956,-2057.034061638136,32,-2.900000000000034,range_v2_conservative
TATN,2022-01-14 16:00:00+00:00,2022-01-14 20:30:00+00:00,1,2022-01-14 16:00:00+00:00,501.11800000000005,6.777293722725098,490.9520594159124,511.2839405840877,-0.028771666553586303,-0.20913261201663894,5.028571428571427,0.01033197334820511,11.100000000000023,0.022806657078282357,10.800000000000011,0.02219026094103146,0.0015224224431818164,1497.7999882267977,10,-1.099999999999966,range_v2_conservative
TATN,2022-01-18 10:00:00+00:00,2022-01-18 14:00:00+00:00,1,2022-01-18 10:00:00+00:00,498.216,4.403725695363773,491.61041145695435,504.82158854304566,-0.021709459350964303,-0.3187007054342708,5.178571428571429,0.010624890087343925,15.800000000000011,0.03241690603200659,7.800000000000011,0.016003282724661495,-0.001820260689655168,-1793.5476212061149,9,-4.699999999999989,range_v2_conservative
TATN,2022-01-18 14:00:00+00:00,2022-01-18 17:00:00+00:00,1,2022-01-18 14:00:00+00:00,496.46799999999996,6.891504382431261,486.1307434263531,506.80525657364683,-0.0361916578712021,-0.36908938904575583,5.042857142857132,0.010538886400955344,6.199999999999989,0.012957157784743968,5.699999999999989,0.01191222570532913,-0.002025772237960342,-1992.4098846944091,7,-2.1999999999999886,range_v2_conservative
TATN,2022-01-18 17:00:00+00:00,2022-01-19 10:00:00+00:00,1,2022-01-18 17:00:00+00:00,493.944,9.588665928361644,479.56100110745757,508.32699889254246,-0.05090455598205466,-0.3740875316703638,5.035714285714282,0.010741711360312035,7.599999999999966,0.016211604095563065,7.099999999999966,0.015145051194539176,0.0028135333333333327,2761.5916658532283,22,-7.600000000000023,range_v2_conservative
TATN,2022-01-20 21:30:00+00:00,2022-01-21 06:30:00+00:00,1,2022-01-20 21:30:00+00:00,490.9839999999999,5.510337594755206,482.7184936078671,499.24950639213273,-0.016872240235934238,-0.0011187220110755046,3.8928571428571592,0.008064754801858627,2.1999999999999886,0.004557696291692539,0.4000000000000341,0.0008286720530350821,-0.0017529644036697203,-1725.4432588264397,6,-3.8999999999999773,range_v2_conservative
TATN,2022-01-21 06:30:00+00:00,2022-01-21 07:00:00+00:00,1,2022-01-21 06:30:00+00:00,489.336,6.134038853241086,480.1349417201384,498.53705827986164,-0.026435823238020573,-0.20296261617606978,2.835714285714301,0.005952380952380985,0.0,0.0,0.0,0.0,-0.0021926644836271886,-2154.4568287798493,2,0.0,range_v2_conservative
TATN,2022-01-21 07:00:00+00:00,2022-01-21 19:00:00+00:00,1,2022-01-21 07:00:00+00:00,488.78,6.533368041002578,478.9799479384961,498.58005206150386,-0.03699005687630424,-0.4224440792014259,3.1285714285714454,0.00664663570973326,7.400000000000034,0.015721266199277745,5.5,0.011684724877841514,0.0033785452054794413,3312.394391705628,25,0.0,range_v2_conservative
TATN,2022-01-24 10:00:00+00:00,2022-01-24 11:30:00+00:00,1,2022-01-24 10:00:00+00:00,478.07199999999995,2.7865595787150186,473.8921606319274,482.25183936807247,-0.008935892501547749,-0.011024422688510156,3.0999999999999983,0.006542845082313209,6.399999999999977,0.01350780920219497,3.599999999999966,0.007598142676234626,-0.0021981451612903273,-2162.3873192953924,4,-2.6999999999999886,range_v2_conservative
TATN,2022-01-24 11:30:00+00:00,2022-01-24 13:00:00+00:00,1,2022-01-24 11:30:00+00:00,477.29200000000003,3.089273080075578,472.6580903798867,481.9259096201134,-0.02051574298333102,-0.5565592342908625,3.6285714285714255,0.0077616501145912845,6.0,0.012834224598930482,3.5,0.0074866310160427805,-0.0040783322834645735,-4003.1699777923686,4,-4.5,range_v2_conservative
TATN,2022-01-24 13:00:00+00:00,2022-01-24 13:30:00+00:00,1,2022-01-24 13:00:00+00:00,476.05800000000005,5.1996110529592015,468.25858342056125,483.85741657943885,-0.04801515781690478,-0.9653660159824924,5.057142857142858,0.011158744168452908,11.300000000000011,0.02493380406001768,9.800000000000011,0.02162400706090029,-0.002923150564971753,-2857.5760050491867,2,0.0,range_v2_conservative
TATN,2022-01-24 13:30:00+00:00,2022-01-24 22:30:00+00:00,1,2022-01-24 13:30:00+00:00,475.26,7.376354942985922,464.1954675855211,486.3245324144789,-0.07650549173084209,-1.1430879606091549,6.071428571428571,0.01383328450997624,17.80000000000001,0.04055593529277743,14.400000000000034,0.03280929596719078,0.002997093647058831,2921.295911143572,19,0.0,range_v2_conservative
TATN,2022-01-24 22:30:00+00:00,2022-01-25 09:30:00+00:00,1,2022-01-24 22:30:00+00:00,466.006,13.621312981756068,445.5740305273659,486.43796947263405,-0.018038394355437377,0.29429295811990436,6.142857142857143,0.013424075924075924,4.5,0.009833916083916084,2.2000000000000455,0.004807692307692407,0.0009750332558139535,953.2226228202175,10,-3.900000000000034,range_v2_conservative
TATN,2022-01-27 07:00:00+00:00,2022-01-27 11:00:00+00:00,1,2022-01-27 07:00:00+00:00,472.55,4.944890168196172,465.13266474770575,479.9673352522943,-0.020209501640038114,-0.14376219189001124,4.435714285714283,0.00958037642702869,7.2999999999999545,0.01576673866090703,4.899999999999977,0.010583153347732133,0.0031505072463768134,3083.036315903646,9,0.0,range_v2_conservative
TATN,2022-02-01 17:30:00+00:00,2022-02-02 10:00:00+00:00,1,2022-02-01 17:30:00+00:00,499.13,3.468237804617465,493.9276432930738,504.3323567069262,-0.015086250075130673,-0.22371046664051814,3.7642857142857093,0.007657212600255714,7.600000000000023,0.015459723352319004,5.2999999999999545,0.010781122864117075,0.0012627654648956254,1239.6153648428829,21,-3.900000000000034,range_v2_conservative
TATN,2022-02-03 07:00:00+00:00,2022-02-03 09:30:00+00:00,1,2022-02-03 07:00:00+00:00,491.43399999999997,2.3776690695043796,487.8674963957434,495.00050360425655,-0.009226060874908924,-0.13563653694177039,1.942857142857142,0.0039902590734383694,4.900000000000034,0.010063668104333609,3.900000000000034,0.008009858287122683,-0.0017666764705882244,-1736.4782408822196,6,-0.5999999999999659,range_v2_conservative
TATN,2022-02-03 09:30:00+00:00,2022-02-03 21:30:00+00:00,1,2022-02-03 09:30:00+00:00,491.152,2.752159819753518,487.02376027036973,495.28023972963024,-0.014561683552138618,-0.3662287643649706,1.8357142857142807,0.003792798110979919,3.8999999999999773,0.008057851239669374,2.1000000000000227,0.004338842975206658,0.002267471595330739,2224.7757379212267,25,-3.3999999999999773,range_v2_conservative
TATN,2022-02-07 12:30:00+00:00,2022-02-07 21:30:00+00:00,1,2022-02-07 12:30:00+00:00,491.27,2.7847434205622066,487.09288486915665,495.4471151308433,-0.0129663932257211,-0.2624879612444321,2.7928571428571445,0.005759655893704155,6.100000000000023,0.012579913384202977,4.600000000000023,0.009486492060218649,0.0017046271099744278,1676.3218702007275,19,-2.1999999999999886,range_v2_conservative
TATN,2022-02-10 11:30:00+00:00,2022-02-10 17:30:00+00:00,1,2022-02-10 11:30:00+00:00,504.03600000000006,3.1804094204417575,499.2653858693374,508.8066141306627,-0.011181740986755074,-0.09069962961112962,2.1499999999999977,0.004313804173354731,3.0,0.006019261637239166,2.2000000000000455,0.004414125200642146,0.0032295395348837246,3181.3269555892252,13,0.0,range_v2_conservative
TATN,2022-02-10 22:30:00+00:00,2022-02-11 07:30:00+00:00,1,2022-02-10 22:30:00+00:00,503.914,2.7081893943962347,499.85171590840565,507.9762840915943,-0.008164091491802125,-0.006365373179174076,2.857142857142857,0.0057165723432230035,2.8000000000000114,0.005602240896358566,1.3000000000000114,0.002601040416166489,-0.0017307290000000122,-1710.397613467031,6,-2.0,range_v2_conservative
TATN,2022-02-11 07:30:00+00:00,2022-02-11 11:30:00+00:00,1,2022-02-11 07:30:00+00:00,502.9239999999999,2.925717075891689,498.5354243861624,507.31257561383745,-0.01496051093206915,-0.35722574498615994,2.2928571428571365,0.00462829459599745,3.6999999999999886,0.007468712151796506,2.400000000000034,0.004844570044408628,-0.003113006853582549,-3071.1129599177552,9,-1.6999999999999886,range_v2_conservative
TATN,2022-02-11 11:30:00+00:00,2022-02-11 21:30:00+00:00,1,2022-02-11 11:30:00+00:00,500.968,3.883793642976342,495.1423095355355,506.79369046446453,-0.02428897654141583,-0.5443397288460694,2.6499999999999977,0.005421440261865789,6.5,0.013297872340425532,4.899999999999977,0.010024549918166892,-0.003595388679245286,-3535.961193809337,21,-2.1999999999999886,range_v2_conservative
TATN,2022-02-11 21:30:00+00:00,2022-02-14 11:00:00+00:00,1,2022-02-11 21:30:00+00:00,495.66,6.231486866825713,486.3127696997615,505.0072303002386,-0.031997740386555326,-0.3483796531468392,3.3142857142857127,0.006907640088131956,10.5,0.02188411838265944,6.800000000000011,0.014172571904960423,-0.0013045344827586247,-1278.3593008096013,15,-4.300000000000011,range_v2_conservative
TATN,2022-02-14 11:30:00+00:00,2022-02-14 16:00:00+00:00,1,2022-02-14 11:30:00+00:00,488.53,7.367336904282901,477.4789946435756,499.5810053564243,-0.030151679528380985,-0.16645520135581474,5.407142857142852,0.0114122896942652,5.199999999999989,0.010975094976783428,2.3999999999999773,0.005065428450823084,0.002767038044914137,2707.980799241648,10,0.0,range_v2_conservative
TATN,2022-02-14 18:00:00+00:00,2022-02-15 07:00:00+00:00,1,2022-02-14 18:00:00+00:00,484.61,5.600701486674412,476.2089477699884,493.0110522300116,-0.01776686407626754,-0.012435809483601096,5.235714285714274,0.010999399759903937,5.699999999999989,0.011974789915966363,3.1999999999999886,0.006722689075630228,0.001407202455661663,1380.9790315224782,14,-0.8000000000000114,range_v2_conservative
TATN,2022-02-17 10:00:00+00:00,2022-02-17 17:30:00+00:00,1,2022-02-17 10:00:00+00:00,500.80199999999996,3.0514292402355934,496.2248561396466,505.37914386035334,-0.01218445613236364,-0.16657288760953173,2.9285714285714284,0.005919893730688151,3.8000000000000114,0.00768142308469782,1.6000000000000227,0.003234283404083329,-0.0026075375609755985,-2562.5466708053887,16,-3.5,range_v2_conservative
TATN,2022-02-17 17:30:00+00:00,2022-02-18 07:00:00+00:00,1,2022-02-17 17:30:00+00:00,499.314,4.710951634874029,492.247572547689,506.38042745231104,-0.023460187377081353,-0.3288488121511125,3.6214285714285666,0.007427047931559816,5.300000000000011,0.010869565217391327,3.599999999999966,0.007383100902378929,0.0019757865877712026,1936.6329894483306,15,-1.0,range_v2_conservative
TATN,2022-02-18 07:00:00+00:00,2022-02-18 11:30:00+00:00,1,2022-02-18 07:00:00+00:00,496.16,6.227162356997311,486.81925646450406,505.500743535496,-0.0017333118348919977,0.4539651208315532,2.407142857142852,0.004859969426898551,4.800000000000011,0.009691096305269556,3.3000000000000114,0.0066626287098728275,-0.0022182106824925906,-2178.548895131035,10,-3.3000000000000114,range_v2_conservative
TATN,2022-02-18 11:30:00+00:00,2022-02-18 15:30:00+00:00,1,2022-02-18 11:30:00+00:00,494.04400000000004,4.837277021174738,486.7880844682379,501.29991553176217,-0.007173450138044464,0.25578547018040015,2.657142857142852,0.005417212756662288,4.300000000000011,0.008766564729867506,1.1999999999999886,0.0024464831804281114,0.0005863967741935581,574.6344581476176,9,0.0,range_v2_conservative
TATN,2022-02-18 16:00:00+00:00,2022-02-18 18:00:00+00:00,1,2022-02-18 16:00:00+00:00,492.046,2.9925219723658807,487.55721704145117,496.5347829585488,-0.01879092605162928,-0.5299005415700822,3.5071428571428385,0.007264173274943742,11.0,0.022783761391880694,9.599999999999966,0.0198840099420049,-0.0024869417515275055,-2438.4861890223697,5,-2.5,range_v2_conservative
TATN,2022-02-18 18:00:00+00:00,2022-02-21 11:30:00+00:00,1,2022-02-18 18:00:00+00:00,490.67,4.369245486630097,484.1161317700549,497.22386822994514,-0.032751136201520356,-0.725993522922458,4.321428571428555,0.009105412076334925,6.5,0.013695743784239359,5.7999999999999545,0.012220817530551948,-0.002709691900826467,-2650.2887290834933,23,-4.600000000000023,range_v2_conservative
TATN,2022-02-21 11:30:00+00:00,2022-02-21 13:30:00+00:00,1,2022-02-21 11:30:00+00:00,483.024,9.044144796608377,469.45778280508745,496.59021719491255,-0.040627380834078686,-0.22326720551692147,5.321428571428568,0.01148344534188297,11.199999999999989,0.024169184290030187,8.100000000000023,0.017479499352611186,-0.0023108005369127447,-2254.017765270717,5,-6.599999999999966,range_v2_conservative
TATN,2022-02-21 13:30:00+00:00,2022-02-21 14:00:00+00:00,1,2022-02-21 13:30:00+00:00,480.51599999999996,11.146599371601832,463.7961009425972,497.2358990574027,-0.06017697641701825,-0.36471813916835055,6.51428571428571,0.01442490193597367,6.100000000000023,0.013507528786536807,4.899999999999977,0.010850310008857346,-0.0018089980263157922,-1760.4684189962416,2,0.0,range_v2_conservative
TATN,2022-02-21 14:00:00+00:00,2022-02-21 21:00:00+00:00,1,2022-02-21 14:00:00+00:00,479.49199999999996,12.398433739131969,460.894349391302,498.0896506086979,-0.08173650446722772,-0.553681479037739,6.585714285714281,0.014957334285065366,14.800000000000011,0.03361344537815129,11.300000000000011,0.025664319781966868,-0.003607611713665948,-3504.479991001338,15,-17.19999999999999,range_v2_conservative
TATN,2022-02-21 21:00:00+00:00,2022-02-21 21:30:00+00:00,1,2022-02-21 21:00:00+00:00,463.284,20.809273442973378,432.07008983553993,494.49791016446005,-0.09990416245758539,-0.24140022438935943,11.599999999999994,0.027817745803357302,12.5,0.02997601918465228,6.5,0.015587529976019185,-0.0014087249999999987,-1363.5165680221842,2,0.0,range_v2_conservative
TATN,2022-02-24 09:30:00+00:00,2022-02-24 10:30:00+00:00,1,2022-02-24 09:30:00+00:00,413.98,17.868830460908562,387.17675430863716,440.7832456913629,-0.08353060534325339,-0.14507113052997123,11.378571428571421,0.029990963174937855,0.0,0.0,0.0,0.0,-0.005409292404268676,-5228.323156133897,3,0.0,range_v2_conservative
TATN,2022-04-05 10:00:00+00:00,2022-04-05 12:30:00+00:00,1,2022-04-05 10:00:00+00:00,410.61400000000003,4.794597725232534,403.4221034121512,417.80589658784885,-0.017812349311031823,-0.008488957722049741,2.8785714285714215,0.007137543834791524,13.399999999999977,0.03322588643689555,7.5,0.018596578229605754,-0.0022361890818858618,-2149.6852903281565,6,-5.300000000000011,range_v2_conservative
TATN,2022-04-05 12:30:00+00:00,2022-04-05 13:30:00+00:00,1,2022-04-05 12:30:00+00:00,410.04,5.648550473249305,401.56717429012605,418.512825709874,-0.031070139498585524,-0.251815299655769,3.9571428571428515,0.009960087735068844,3.3999999999999773,0.008557764913163799,0.8000000000000114,0.0020135917442738772,-0.0020289057761732937,-1946.0589353397793,3,-2.0,range_v2_conservative
TATN,2022-04-05 13:30:00+00:00,2022-04-07 14:30:00+00:00,1,2022-04-05 13:30:00+00:00,409.328,6.647879514603182,399.3561807280952,419.29981927190477,-0.04795176484384158,-0.48417347250271087,4.342857142857135,0.01114410352285639,7.0,0.01796253528355145,5.600000000000023,0.01437002822684122,0.0008213325657894752,786.1965164836707,41,0.0,range_v2_conservative
TATN,2022-04-07 17:00:00+00:00,2022-04-08 10:00:00+00:00,1,2022-04-07 17:00:00+00:00,396.08200000000005,3.128257648950024,391.38961352657503,400.77438647342507,-0.013083149448851684,-0.052171057237926345,1.3071428571428538,0.003343931586448846,1.6999999999999886,0.0043489383474033996,1.5,0.0038372985418265544,-0.0021629999999999883,-2072.1688722000004,6,-0.8999999999999773,range_v2_conservative
TATN,2022-04-08 10:00:00+00:00,2022-04-08 12:00:00+00:00,1,2022-04-08 10:00:00+00:00,395.47200000000004,3.353282887305386,390.44207566904197,400.5019243309581,-0.017629566694987348,-0.19305217546603284,1.5714285714285634,0.00404486118771831,6.300000000000011,0.016216216216216245,3.8000000000000114,0.009781209781209811,-0.0024332063636363613,-2325.986411942783,5,-1.5,range_v2_conservative
TATN,2022-04-08 12:00:00+00:00,2022-04-08 15:30:00+00:00,1,2022-04-08 12:00:00+00:00,394.874,3.9958555059380125,388.880216741093,400.867783258907,-0.024752199435769385,-0.31534479791836373,1.9357142857142793,0.005026523722966188,2.6999999999999886,0.007011165930927002,2.0,0.005193456245131134,-0.002437797785977874,-2324.70522738762,8,-0.10000000000002274,range_v2_conservative
TATN,2022-04-08 15:30:00+00:00,2022-04-11 10:30:00+00:00,1,2022-04-08 15:30:00+00:00,393.26199999999994,5.064518028103564,385.6652229578446,400.8587770421553,-0.03168879779892269,-0.3202162529482533,2.528571428571427,0.006640156062424966,4.400000000000034,0.011554621848739585,4.300000000000011,0.011292016806722718,0.003389748022598872,3224.613109510488,10,0.0,range_v2_conservative
TATN,2022-04-11 10:30:00+00:00,2022-04-11 15:30:00+00:00,1,2022-04-11 10:30:00+00:00,390.65600000000006,4.742218545631713,383.5426721815525,397.7693278184476,-0.0021911861074706425,0.43983125606975965,2.9500000000000006,0.007567983581323757,4.100000000000023,0.010518214468958498,2.1000000000000227,0.005387378142637308,-0.0015675118644067757,-1496.203599579863,11,-3.900000000000034,range_v2_conservative
TATN,2022-04-11 15:30:00+00:00,2022-04-12 10:30:00+00:00,1,2022-04-11 15:30:00+00:00,388.79600000000005,3.7289249968978573,383.20261250465325,394.38938749534685,-0.008220249179518375,0.21430550782876998,2.107142857142857,0.0054645820983995255,1.8999999999999773,0.004927385892116123,1.5,0.0038900414937759332,-0.004989244067796622,-4754.811586603469,10,-3.400000000000034,range_v2_conservative
TATN,2022-04-12 10:30:00+00:00,2022-04-12 12:00:00+00:00,1,2022-04-12 10:30:00+00:00,386.72799999999995,3.6008525067466786,381.32672123987993,392.12927876012,-0.029033325748329453,-0.5393834958955586,2.7642857142857014,0.0073616130873121206,8.5,0.022636484687083888,6.5,0.017310252996005325,0.002669177777777795,2531.0681486017875,4,0.0,range_v2_conservative
TATN,2022-04-12 12:30:00+00:00,2022-04-12 18:00:00+00:00,1,2022-04-12 12:30:00+00:00,385.71,3.425013034361562,380.5724804484576,390.84751955154235,-0.014803868191127997,-0.05571564669624888,3.7642857142857093,0.009906015037593972,3.1999999999999886,0.008421052631578918,3.1999999999999886,0.008421052631578918,0.000950406072106263,903.6353359865532,12,-0.6999999999999886,range_v2_conservative
TATN,2022-04-14 12:00:00+00:00,2022-04-14 15:00:00+00:00,1,2022-04-14 12:00:00+00:00,381.8639999999999,2.0482705496894216,378.7915941754658,384.93640582453406,-0.009333165734397348,-0.08000150428374841,2.114285714285716,0.005588912805407655,1.3000000000000114,0.003436426116838518,0.8999999999999773,0.0023790642347342778,-0.0019448932432432362,-1850.9399562495814,7,-1.6000000000000227,range_v2_conservative
TATN,2022-04-14 15:00:00+00:00,2022-04-14 17:30:00+00:00,1,2022-04-14 15:00:00+00:00,381.05799999999994,2.425972558989247,377.4190411615161,384.6969588384838,-0.016947551291404232,-0.38734172144285417,2.1499999999999977,0.005739455419113715,2.6999999999999886,0.007207688200747433,2.099999999999966,0.005605979711692381,-0.002514679069767445,-2388.5462295068605,6,-1.900000000000034,range_v2_conservative
TATN,2022-04-14 17:30:00+00:00,2022-04-15 10:00:00+00:00,1,2022-04-14 17:30:00+00:00,380.414,3.327192234165373,375.42321164875193,385.40478835124804,-0.028426924350838732,-0.5833959726318273,2.607142857142857,0.0070539579468150895,4.399999999999977,0.011904761904761842,3.599999999999966,0.009740259740259648,-0.00417890794520548,-3959.318160828077,5,-3.400000000000034,range_v2_conservative
TATN,2022-04-15 10:00:00+00:00,2022-04-18 12:30:00+00:00,1,2022-04-15 10:00:00+00:00,379.11800000000005,5.465539165276399,370.91969125208544,387.31630874791466,-0.05280150243459827,-0.7208615591046126,3.407142857142856,0.009488005728607229,13.399999999999977,0.03731551099972146,8.299999999999955,0.023113338902812457,-0.001669780293501052,-1575.4268738478327,25,-4.800000000000011,range_v2_conservative
TATN,2022-04-18 12:30:00+00:00,2022-04-18 16:30:00+00:00,1,2022-04-18 12:30:00+00:00,368.348,9.896180256709064,353.50372961493645,383.1922703850636,-0.03949525991725217,0.009979284174238523,3.442857142857146,0.009731082936283624,1.599999999999966,0.004522328999434612,0.8999999999999773,0.0025438100621819593,-0.0008964095435684606,-844.3443610159795,9,-3.1000000000000227,range_v2_conservative
TATN,2022-04-19 10:00:00+00:00,2022-04-19 14:30:00+00:00,1,2022-04-19 10:00:00+00:00,359.86199999999997,8.503634037077056,347.1065489443844,372.61745105561556,-0.0551933796844345,-0.2785690962004715,3.3785714285714255,0.009936974789915957,14.599999999999966,0.042941176470588135,10.699999999999989,0.031470588235294084,-0.0028011809725158655,-2636.1178571442474,10,-3.3999999999999773,range_v2_conservative
TATN,2022-04-19 14:30:00+00:00,2022-04-20 12:00:00+00:00,1,2022-04-19 14:30:00+00:00,353.60400000000004,8.86644580563631,340.30433129154557,366.9036687084545,-0.06420741846811705,-0.3535550959087929,3.8714285714285706,0.01169969347666537,7.600000000000023,0.022967663946811795,5.600000000000023,0.01692354185554555,0.004060077490774914,3810.1294703935996,15,-1.1999999999999886,range_v2_conservative
TATN,2022-04-28 18:30:00+00:00,2022-04-29 16:00:00+00:00,1,2022-04-28 18:30:00+00:00,374.86400000000003,7.320163932578367,363.88375410113247,385.8442458988676,-0.03378291860514758,-0.07667196694138384,4.178571428571432,0.011536641161158014,7.600000000000023,0.020982882385422483,7.400000000000034,0.02043070127001666,0.003609972991452988,3401.488938346688,15,-0.19999999999998863,range_v2_conservative
TATN,2022-05-06 10:00:00+00:00,2022-05-06 12:00:00+00:00,1,2022-05-06 10:00:00+00:00,374.694,4.505389516312524,367.93591572553123,381.4520842744688,-0.021601626927572882,-0.09883834466064106,2.157142857142856,0.005884186735250562,9.399999999999977,0.025641025641025578,4.399999999999977,0.01200218221494811,-0.0020392066225165574,-1928.3741960376592,5,-1.6000000000000227,range_v2_conservative
TATN,2022-05-06 12:00:00+00:00,2022-05-06 18:00:00+00:00,1,2022-05-06 12:00:00+00:00,374.148,5.137347842706737,366.4419782359399,381.8540217640601,-0.03086479147289308,-0.24928415423496478,2.5214285714285722,0.006953746749665118,3.2999999999999545,0.009100937672366118,2.3999999999999773,0.006618863761720842,0.0025753456090651453,2430.407392038279,13,-0.5,range_v2_conservative
TATN,2022-05-06 18:00:00+00:00,2022-05-06 18:30:00+00:00,1,2022-05-06 18:00:00+00:00,370.522,4.282917658943053,364.0976235115854,376.94637648841456,-0.002758270763949216,0.42045920706522877,2.1142857142857077,0.0057220181712739045,2.3999999999999773,0.006495263870094661,2.0,0.005412719891745603,0.005666173648648655,5361.057420854364,2,0.0,range_v2_conservative
TATN,2022-05-13 10:00:00+00:00,2022-05-16 12:30:00+00:00,1,2022-05-13 10:00:00+00:00,371.402,5.143035314356294,363.68744702846556,379.1165529715344,-0.02693038809699466,-0.14825531932348657,3.0142857142857054,0.008340580283026302,9.399999999999977,0.02600996126175976,5.0,0.013835085777531822,0.0027511957345971796,2617.796669797027,25,0.0,range_v2_conservative
TATN,2022-05-20 14:00:00+00:00,2022-05-20 18:30:00+00:00,1,2022-05-20 14:00:00+00:00,401.80199999999996,5.924232146908024,392.9156517796379,410.688348220362,-0.02240406966615386,-0.006507272547170286,3.3499999999999943,0.00852851323828919,2.1999999999999886,0.005600814663951091,1.8000000000000114,0.004582484725050945,0.002465179104477613,2352.101656670825,10,-1.1000000000000227,range_v2_conservative
TATN,2022-05-23 12:00:00+00:00,2022-05-23 16:30:00+00:00,1,2022-05-23 12:00:00+00:00,399.336,5.041491518840224,391.7737627217397,406.89823727826035,-0.033395436424464645,-0.38174964030405967,5.928571428571424,0.01535899333826794,10.700000000000045,0.027720207253886128,7.300000000000011,0.018911917098445627,-0.0018576043373494024,-1776.7655400450503,10,-7.600000000000023,range_v2_conservative
TATN,2022-05-23 16:30:00+00:00,2022-05-24 10:00:00+00:00,1,2022-05-23 16:30:00+00:00,395.41600000000005,6.567774139135542,385.56433879129673,405.2676612087034,-0.05062010641956844,-0.5158692821428535,6.6214285714285745,0.017638328639926943,9.299999999999955,0.02477357485348949,3.5,0.009323388385721897,-0.002053698813376481,-1960.677480590375,7,-2.599999999999966,range_v2_conservative
TATN,2022-05-24 10:00:00+00:00,2022-05-25 16:30:00+00:00,1,2022-05-24 10:00:00+00:00,391.81399999999996,9.873857670938952,377.00321349359155,406.6247865064084,-0.07558178115126049,-0.49974434130106504,5.499999999999996,0.015184980673660949,18.099999999999966,0.04997239094422962,10.699999999999989,0.029541689674213112,0.0006721945454545501,640.4298493794378,33,-6.099999999999966,range_v2_conservative
TATN,2022-05-31 10:00:00+00:00,2022-05-31 18:30:00+00:00,1,2022-05-31 10:00:00+00:00,390.12,3.9353448102212716,384.2169827846681,396.0230172153319,-0.016200143545575703,-0.03531946201893833,2.642857142857147,0.006886026948559528,10.899999999999977,0.028400208441896762,7.099999999999966,0.01849921834288683,0.002939545945945938,2802.519650635247,18,-1.5,range_v2_conservative
TATN,2022-06-03 11:00:00+00:00,2022-06-03 16:00:00+00:00,1,2022-06-03 11:00:00+00:00,390.84,3.9527309081796527,384.9109036377305,396.76909636226947,-0.03182888138368641,-0.549063739220315,3.057142857142854,0.00807913017215342,8.100000000000023,0.021405919661733677,7.2000000000000455,0.019027484143763335,0.004307551401869171,4118.827827039393,11,-1.5,range_v2_conservative
TATN,2022-06-22 10:30:00+00:00,2022-06-22 11:00:00+00:00,1,2022-06-22 10:30:00+00:00,438.686,3.742148787910803,433.0727768181338,444.2992231818662,-0.012961434830379768,-0.00648262288669407,2.2571428571428505,0.005212801055757161,6.899999999999977,0.015935334872979164,4.899999999999977,0.011316397228637361,-0.0020254765822784976,-1945.0784589007105,2,0.0,range_v2_conservative
TATN,2022-06-22 11:00:00+00:00,2022-06-22 14:00:00+00:00,1,2022-06-22 11:00:00+00:00,438.596,3.921680189669466,432.7134797154958,444.4785202845042,-0.02210690475973339,-0.32413655466189556,2.407142857142848,0.005612363854378289,5.399999999999977,0.012590347400326364,4.100000000000023,0.009559337840988629,0.00387074243323444,3709.570471730118,7,0.0,range_v2_conservative
TATN,2022-06-29 10:00:00+00:00,2022-06-29 16:30:00+00:00,1,2022-06-29 10:00:00+00:00,447.52,3.8746691761148737,441.7079962358277,453.33200376417227,-0.016133357168394643,-0.12112829696594322,3.0142857142857093,0.006845981635897591,9.5,0.02157619804678628,6.899999999999977,0.01567113331819209,0.002622986255924167,2523.4991593590426,14,-1.6000000000000227,range_v2_conservative
TATN,2022-06-30 10:30:00+00:00,2022-06-30 12:00:00+00:00,1,2022-06-30 10:30:00+00:00,446.06199999999995,5.256323305669295,438.177515041496,453.9464849585039,-0.03735355174841161,-0.5566321127944376,4.028571428571431,0.009381861733980977,10.800000000000011,0.025151374010246884,10.100000000000023,0.023521192361434615,-0.0027951496453900585,-2696.1861311950456,4,0.0,range_v2_conservative
TATN,2022-06-30 12:00:00+00:00,2022-06-30 18:00:00+00:00,1,2022-06-30 12:00:00+00:00,444.86,7.142885714217675,434.1456714286735,455.57432857132653,-0.059029807130333116,-0.7254617648312793,5.050000000000003,0.012064022933588159,12.5,0.029861442904921164,11.899999999999977,0.028428093645484893,0.0032516732673267264,3127.7792152416027,13,0.0,range_v2_conservative
TATN,2022-06-30 18:00:00+00:00,2022-07-01 09:30:00+00:00,1,2022-06-30 18:00:00+00:00,439.82599999999996,8.80057535224007,426.62513697163985,453.0268630283601,-0.009835707757158434,0.33614707649393116,4.492857142857149,0.010316549122519286,6.899999999999977,0.01584385763490236,6.399999999999977,0.014695752009184793,-0.0033304197138314747,-3213.942111327743,3,-6.0,range_v2_conservative
TATN,2022-07-01 09:30:00+00:00,2022-07-01 12:00:00+00:00,1,2022-07-01 09:30:00+00:00,438.78799999999995,8.970464916389206,425.33230262541616,452.24369737458375,-0.040538939077641035,-0.16098394995116957,4.514285714285721,0.010722768917543282,0.0,0.0,0.0,0.0,0.003415692088607585,3285.2543461396967,6,0.0,range_v2_conservative
TATN,2022-07-01 18:30:00+00:00,2022-07-04 16:30:00+00:00,1,2022-07-01 18:30:00+00:00,433.67400000000004,6.751743841245838,423.5463842381313,443.8016157618688,-0.026688249699082747,-0.0714079341150069,3.892857142857135,0.009222594510440973,16.099999999999966,0.03814262023217239,16.0,0.03790570954750059,0.0019591728440366924,1890.7927380972278,16,0.0,range_v2_conservative
TATN,2022-07-05 15:00:00+00:00,2022-07-06 10:00:00+00:00,1,2022-07-05 15:00:00+00:00,429.494,4.075632416162801,423.38055137575583,435.6074486242442,-0.015120118092453044,-0.03112411661125851,3.257142857142859,0.007700101317122598,2.400000000000034,0.005673758865248308,0.8000000000000114,0.0018912529550827691,0.001605219736842101,1552.2286307333934,10,-0.19999999999998863,range_v2_conservative
TATN,2022-07-07 09:30:00+00:00,2022-07-07 10:30:00+00:00,1,2022-07-07 09:30:00+00:00,427.2,3.372517983771128,422.1412230243433,432.2587769756567,-0.034878277153558,-0.9726879709957673,2.4571428571428595,0.0059595994594781945,0.0,0.0,0.0,0.0,-0.0024204860465116256,-2344.338723867423,3,-1.900000000000034,range_v2_conservative
TATN,2022-07-07 10:30:00+00:00,2022-07-07 17:00:00+00:00,1,2022-07-07 10:30:00+00:00,426.48199999999997,5.006636004491602,418.97204599326255,433.9919540067374,-0.04614966165043299,-0.8103941770044542,3.028571428571435,0.007444865851945514,4.5,0.011061946902654867,3.599999999999966,0.00884955752212381,-0.0011042466981132165,-1066.9189017201284,14,-2.8000000000000114,range_v2_conservative
TATN,2022-07-07 17:00:00+00:00,2022-07-08 18:30:00+00:00,1,2022-07-07 17:00:00+00:00,420.418,9.565300596951547,406.07004910457266,434.76595089542735,-0.03928946905222904,-0.07562226552030758,1.8857142857142801,0.004668765253068285,2.099999999999966,0.005199306759098703,0.20000000000004547,0.0004951720722952352,0.0029427098484848574,2840.0952756997226,23,-2.3999999999999773,range_v2_conservative
TATN,2022-07-08 18:30:00+00:00,2022-07-11 10:00:00+00:00,1,2022-07-08 18:30:00+00:00,410.936,10.078260296900444,395.8186095546493,426.05339044535066,-0.0025210738411820853,0.465734826928459,1.6714285714285535,0.0040776496009479225,3.8999999999999773,0.0095145157355452,3.6999999999999886,0.009026591851671113,-0.002122423931623934,-2054.4412505979853,3,-1.8999999999999773,range_v2_conservative
TATN,2022-07-11 10:00:00+00:00,2022-07-11 10:30:00+00:00,1,2022-07-11 10:00:00+00:00,410.11400000000003,9.465275096524973,395.9160873552126,424.31191264478747,-0.00808068000604715,0.3832927035504508,1.7928571428571283,0.004407220115184681,2.5,0.006145526057030482,1.3000000000000114,0.0031956735496558785,-0.0025896430278884615,-2501.374732204951,2,0.0,range_v2_conservative
TATN,2022-07-11 10:30:00+00:00,2022-07-11 14:00:00+00:00,1,2022-07-11 10:30:00+00:00,409.602,9.154267210601823,395.8705991840972,423.33340081590273,-0.017094643092562912,0.24503693782317096,2.157142857142844,0.00535802994819385,6.199999999999989,0.015399900645802257,4.199999999999989,0.010432190760059584,-0.0005294456953642626,-510.07513274535444,8,-0.20000000000004547,range_v2_conservative
TATN,2022-07-11 18:30:00+00:00,2022-07-12 10:00:00+00:00,1,2022-07-11 18:30:00+00:00,404.43,1.8949180155212006,401.5876229767182,407.2723770232818,-0.010953687906436235,-0.2792773378960688,1.5642857142857207,0.003910714285714302,2.1999999999999886,0.005499999999999972,2.1999999999999886,0.005499999999999972,-0.002388547031963468,-2299.9401279759636,3,-0.39999999999997726,range_v2_conservative
TATN,2022-07-12 10:00:00+00:00,2022-07-12 11:00:00+00:00,1,2022-07-12 10:00:00+00:00,404.106,2.2453043973072138,400.73804340403916,407.47395659596083,-0.018326874631903526,-0.599479727393454,2.0,0.005041593143433325,7.899999999999977,0.019914292916561577,3.1999999999999886,0.00806654902949329,-0.0021160950000000058,-2032.7282402901365,3,-2.8000000000000114,range_v2_conservative
TATN,2022-07-12 11:00:00+00:00,2022-07-12 15:00:00+00:00,1,2022-07-12 11:00:00+00:00,403.59,3.039015012258119,399.0314774816128,408.14852251838715,-0.02648727669169206,-0.6725290329137342,2.392857142857143,0.006090244700578119,3.0,0.007635530669381522,1.1000000000000227,0.002799694578773283,-0.0022678704477611944,-2173.91430066642,9,-4.0,range_v2_conservative
TATN,2022-07-12 15:00:00+00:00,2022-07-13 11:00:00+00:00,1,2022-07-12 15:00:00+00:00,401.244,5.470259479708567,393.0386107804372,409.4493892195629,-0.033256572060890756,-0.3131241335990501,2.9285714285714244,0.007549810334033061,2.0,0.005155968032998196,1.1000000000000227,0.0028357824181490664,-0.0015782678048780472,-1509.4503516282318,12,-3.099999999999966,range_v2_conservative
TATN,2022-07-13 11:00:00+00:00,2022-07-13 12:30:00+00:00,1,2022-07-13 11:00:00+00:00,397.99,7.53160009558593,386.6925998566211,409.28740014337893,-0.03590542475941612,-0.13244639557070897,2.607142857142849,0.006794742916713186,2.8999999999999773,0.007557988011467233,1.1000000000000227,0.0028668230388324803,-0.0025756701369863133,-2459.4749506241333,4,-1.3000000000000114,range_v2_conservative
TATN,2022-07-13 12:30:00+00:00,2022-07-14 13:30:00+00:00,1,2022-07-13 12:30:00+00:00,396.60200000000003,8.35206170317886,384.0739074452317,409.13009255476834,-0.04841629643824301,-0.2663576843823523,2.9357142857142793,0.0077787871905518795,6.2000000000000455,0.016428192898781255,5.2000000000000455,0.013778484366719782,0.0005050798053528109,481.0521090864679,22,-4.699999999999989,range_v2_conservative
TATN,2022-07-14 15:30:00+00:00,2022-07-14 16:00:00+00:00,1,2022-07-14 15:30:00+00:00,383.334,6.820455727175121,373.1033164092373,393.5646835907627,-0.028784297766438646,-0.03926015315157574,3.0142857142857173,0.008096389240627767,2.3000000000000114,0.006177813591189931,2.1999999999999886,0.00590921300026857,-0.0017265284360189594,-1645.2244394726406,2,0.0,range_v2_conservative
TATN,2022-07-14 16:00:00+00:00,2022-07-15 18:00:00+00:00,1,2022-07-14 16:00:00+00:00,382.75,6.9022696651491,372.39659550227634,393.10340449772366,-0.039843239712606136,-0.23647272273351852,3.1000000000000023,0.00843537414965987,6.0,0.0163265306122449,5.100000000000023,0.013877551020408226,0.005830774193548383,5546.604118561728,24,-1.0,range_v2_conservative
TATN,2022-07-21 10:30:00+00:00,2022-07-21 12:30:00+00:00,1,2022-07-21 10:30:00+00:00,376.548,2.6665149616386143,372.5482275575421,380.5477724424579,-0.015530556529313694,-0.23104158850676051,2.1285714285714215,0.005742032448263883,6.199999999999989,0.016725114647963283,5.699999999999989,0.015376315079579145,0.0026710496644295496,2555.6879724525925,5,0.0,range_v2_conservative
TATN,2022-08-05 11:00:00+00:00,2022-08-05 12:00:00+00:00,1,2022-08-05 11:00:00+00:00,401.0060000000001,3.2972722182818464,396.0600916725773,405.95190832742287,-0.012483603736602655,-0.006074887422004948,1.9857142857142907,0.005014430014430027,5.5,0.013888888888888888,2.8000000000000114,0.0070707070707071,-0.0022315395683453186,-2140.8632810814934,3,-2.1999999999999886,range_v2_conservative
TATN,2022-08-05 12:00:00+00:00,2022-08-05 18:00:00+00:00,1,2022-08-05 12:00:00+00:00,400.86800000000005,3.561267832001588,395.52609825199767,406.20990174800244,-0.022121995270263654,-0.3300414738361912,2.278571428571431,0.005812682215743447,2.3000000000000114,0.005867346938775539,1.8000000000000114,0.004591836734693907,-0.0024250238244514183,-2321.2938614017958,13,-2.5,range_v2_conservative
TATN,2022-08-05 18:00:00+00:00,2022-08-08 09:30:00+00:00,1,2022-08-05 18:00:00+00:00,399.474,5.20156216721608,391.6716567491759,407.2763432508241,-0.031476391454763046,-0.30578357012631613,2.9285714285714124,0.0075693239301406375,8.799999999999955,0.022744895321788458,5.600000000000023,0.014474024295683698,0.003640751219512223,3476.5674797743163,3,0.0,range_v2_conservative
TATN,2022-08-08 09:30:00+00:00,2022-08-08 10:00:00+00:00,1,2022-08-08 09:30:00+00:00,399.07599999999996,5.454620209737356,390.89406968539396,407.25793031460597,-0.002696228287343677,0.43424534561977757,3.3642857142856997,0.00845297918162236,0.0,0.0,0.0,0.0,-0.001911609341825911,-1832.0490238538343,2,0.0,range_v2_conservative
TATN,2022-08-08 10:00:00+00:00,2022-08-08 17:30:00+00:00,1,2022-08-08 10:00:00+00:00,398.846,5.506478929761192,390.58628160535824,407.10571839464177,-0.017164519639158982,0.08557909162852742,3.8999999999999853,0.009948979591836698,7.199999999999989,0.01836734693877548,1.6999999999999886,0.004336734693877522,-0.001109464102564101,-1061.2561147632218,16,-3.1000000000000227,range_v2_conservative
TATN,2022-08-08 17:30:00+00:00,2022-08-08 18:30:00+00:00,1,2022-08-08 17:30:00+00:00,395.434,5.513345959877254,387.16398106018414,403.7040189398159,-0.018546710702670995,0.05659110013094599,2.057142857142846,0.005300548459528075,1.0,0.0025766555011594947,0.8999999999999773,0.0023189899510434866,-0.0023440618055555855,-2239.72092517,3,-1.5,range_v2_conservative
TATN,2022-08-08 18:30:00+00:00,2022-08-09 15:00:00+00:00,1,2022-08-08 18:30:00+00:00,394.814,5.769625248664783,386.15956212700286,403.4684378729972,-0.028149964286980786,-0.14209831782818522,2.1142857142857077,0.005510257269444117,3.8000000000000114,0.009903570497784758,3.0,0.007818608287724784,0.005139087837837859,4898.822249818854,13,0.0,range_v2_conservative
TATN,2022-08-19 18:00:00+00:00,2022-08-22 13:00:00+00:00,1,2022-08-19 18:00:00+00:00,433.756,2.17444902704214,430.49432645943676,437.0176735405632,-0.008659246212156078,-0.07577804051956188,1.52142857142856,0.0035382059800664186,2.5,0.005813953488372093,1.8000000000000114,0.004186046511627933,0.0030375333333333707,2910.401165146401,10,-1.0,range_v2_conservative
TATN,2022-08-25 14:30:00+00:00,2022-08-26 16:30:00+00:00,1,2022-08-25 14:30:00+00:00,448.288,2.241140380214543,444.9262894296782,451.6497105703218,-0.008449925048183335,-0.06340364834522315,1.6571428571428564,0.0037281054153945024,6.5,0.014623172103487065,5.399999999999977,0.012148481439819971,0.0020558034482758497,1975.7435724204063,24,0.0,range_v2_conservative
TATN,2022-09-01 13:00:00+00:00,2022-09-01 15:00:00+00:00,1,2022-09-01 13:00:00+00:00,453.724,2.3641506218946824,450.17777406715794,457.27022593284204,-0.01019121756838952,-0.1519607164868594,1.4285714285714164,0.003180965104812773,2.1999999999999886,0.004898686261411687,2.099999999999966,0.00467601870407474,-0.002513420000000037,-2420.50487542758,5,-1.6000000000000227,range_v2_conservative
TATN,2022-09-01 15:00:00+00:00,2022-09-01 16:00:00+00:00,1,2022-09-01 15:00:00+00:00,453.3,2.9024971654867326,448.9462542517699,457.6537457482301,-0.016104125303331152,-0.3383585563038033,1.8928571428571306,0.004244074311338858,3.6000000000000227,0.008071748878923818,2.6000000000000227,0.005829596412556105,-0.002370067924528317,-2276.715422280011,3,-2.1999999999999886,range_v2_conservative
TATN,2022-09-01 16:00:00+00:00,2022-09-02 15:30:00+00:00,1,2022-09-01 16:00:00+00:00,452.8039999999999,3.529060694787741,447.5104089578183,458.09759104218153,-0.02386021324899939,-0.5204792846584656,1.8714285714285626,0.004234001292824802,1.8000000000000114,0.004072398190045274,1.5,0.003393665158371041,0.002889402290076337,2769.0158406129453,19,0.0,range_v2_conservative
TATN,2022-09-02 15:30:00+00:00,2022-09-02 18:30:00+00:00,1,2022-09-02 15:30:00+00:00,450.15,4.4410997902188525,443.4883503146717,456.81164968532823,-0.004998333888703766,0.331122912020168,1.9214285714285617,0.004289860619398441,1.6000000000000227,0.003572225943290964,0.39999999999997726,0.0008930564858226776,0.0013032022304832781,1252.513121309631,7,0.0,range_v2_conservative
TATN,2022-09-07 17:00:00+00:00,2022-09-07 18:00:00+00:00,1,2022-09-07 17:00:00+00:00,450.95,3.889192245990521,445.1162116310142,456.78378836898577,-0.013194367446501805,-0.009960219986040849,1.4142857142857193,0.0031781701444622903,1.6000000000000227,0.003595505617977579,1.0,0.0022471910112359553,-0.0021824727272727355,-2100.317253739012,3,-1.3999999999999773,range_v2_conservative
TATN,2022-09-07 18:00:00+00:00,2022-09-07 18:30:00+00:00,1,2022-09-07 18:00:00+00:00,450.68799999999993,4.19069133643764,444.40196299534347,456.9740370046564,-0.018389662027832904,-0.15923888086090726,1.4928571428571533,0.003374451046241305,1.7000000000000455,0.0038426763110308445,1.2000000000000455,0.0027124773960218026,-0.003470841148325327,-3332.897369486941,2,0.0,range_v2_conservative
TATN,2022-09-07 18:30:00+00:00,2022-09-08 16:30:00+00:00,1,2022-09-07 18:30:00+00:00,450.44199999999995,4.575270260752521,443.5790946088712,457.3049053911287,-0.028287770678577847,-0.428324031427761,1.7714285714285845,0.004047129475505105,5.100000000000023,0.01165181631254289,5.0,0.01142334932602239,-0.0013431983870967512,-1285.3380834137222,16,0.0,range_v2_conservative
TATN,2022-09-08 16:30:00+00:00,2022-09-08 17:00:00+00:00,1,2022-09-08 16:30:00+00:00,446.394,5.820947745239489,437.6625783821408,455.1254216178592,-0.023732397836888474,-0.10665951454749777,1.2642857142857136,0.0029010686422343127,5.300000000000011,0.012161541991739355,4.099999999999966,0.00940798531436431,-0.002354396610169493,-2249.9512167808803,2,0.0,range_v2_conservative
TATN,2022-09-08 17:00:00+00:00,2022-09-09 18:30:00+00:00,1,2022-09-08 17:00:00+00:00,445.93800000000005,5.936978204762893,437.0325326928557,454.8434673071444,-0.028340262547708498,-0.20956411180473744,1.3428571428571436,0.0030991394942468118,3.6999999999999886,0.008539118393722567,2.3999999999999773,0.0055388876067389275,0.005967887234042549,5689.7132501422,23,-0.30000000000001137,range_v2_conservative
TATN,2022-09-13 15:30:00+00:00,2022-09-14 18:00:00+00:00,1,2022-09-13 15:30:00+00:00,444.186,4.071002985244783,438.0794955221328,450.29250447786717,-0.013926598316921243,-0.006509085715151517,1.7142857142857062,0.0039138943248532105,7.900000000000034,0.018036529680365374,6.699999999999989,0.01529680365296801,0.002224524166666684,2133.491989134365,35,-1.8000000000000114,range_v2_conservative
TATN,2022-09-16 13:30:00+00:00,2022-09-16 16:00:00+00:00,1,2022-09-16 13:30:00+00:00,443.15600000000006,2.2175699146317744,439.8296451280524,446.48235487194773,-0.010055149879500838,-0.16980225675545021,1.7928571428571405,0.00408674981275847,3.3999999999999773,0.00775017095965347,3.3000000000000114,0.007522224754957856,-0.0018849131474103485,-1811.800009578103,6,-2.599999999999966,range_v2_conservative
TATN,2022-09-16 16:00:00+00:00,2022-09-19 10:00:00+00:00,1,2022-09-16 16:00:00+00:00,442.666,2.852110568268266,438.3878341475976,446.9441658524024,-0.0155105655279601,-0.3024466835646813,1.8785714285714212,0.004310627417557185,1.1999999999999886,0.0027535566773749165,0.0,0.0,0.001659058555133068,1591.700117920221,18,0.0,range_v2_conservative
TATN,2022-09-19 10:00:00+00:00,2022-09-19 11:00:00+00:00,1,2022-09-19 10:00:00+00:00,441.50200000000007,3.5557650802427925,436.1683523796359,446.8356476203642,-0.004761020335128921,0.30294911197596397,1.1285714285714252,0.002568437479680076,3.3000000000000114,0.007510241238051915,1.3999999999999773,0.003186162949476507,-0.0017559278481012709,-1687.4313896279755,3,0.0,range_v2_conservative
TATN,2022-09-19 11:00:00+00:00,2022-09-19 18:30:00+00:00,1,2022-09-19 11:00:00+00:00,441.36800000000005,3.5600642048436293,436.0279036927346,446.7080963072655,-0.007857388845589336,0.1752867551019926,0.9857142857142824,0.0022510031644537164,2.0,0.004567252797442339,2.0,0.004567252797442339,-0.004440840579710136,-4260.115558556501,16,-2.1999999999999886,range_v2_conservative
TATN,2022-09-19 18:30:00+00:00,2022-09-19 22:00:00+00:00,1,2022-09-19 18:30:00+00:00,438.806,2.553142121706646,434.97628681744004,442.6357131825599,-0.010952448234527293,-0.1274621323975298,1.7999999999999952,0.004147465437788008,2.6999999999999886,0.006221198156682001,1.8000000000000114,0.004147465437788045,0.001954555555555561,1866.6860779732535,8,0.0,range_v2_conservative
TATN,2022-09-20 09:30:00+00:00,2022-09-20 10:30:00+00:00,1,2022-09-20 09:30:00+00:00,437.55,1.2605878122567349,435.6591182816149,439.4408817183851,-0.00537081476402702,-0.12140322611162843,1.9571428571428555,0.004497111344537811,0.0,0.0,0.0,0.0,-0.005960934306569342,-5704.080279095941,3,-0.19999999999998863,range_v2_conservative
TATN,2022-09-20 10:30:00+00:00,2022-09-20 14:00:00+00:00,1,2022-09-20 10:30:00+00:00,437.21,2.310601123253018,433.7440983151204,440.67590168487953,-0.03021431348779758,-1.4057089901929876,2.4857142857142827,0.005862533692722364,12.099999999999966,0.028537735849056525,10.800000000000011,0.025471698113207573,-0.0025183988505747203,-2395.5170067767503,8,-3.8000000000000114,range_v2_conservative
TATN,2022-09-20 14:00:00+00:00,2022-09-20 19:30:00+00:00,1,2022-09-20 14:00:00+00:00,435.184,5.833204041306622,426.4341939380401,443.93380606195996,-0.039027170116548486,-0.47053579700689235,3.42142857142857,0.008181321309011407,2.1999999999999886,0.005260640841702508,2.1999999999999886,0.005260640841702508,-0.003083188726513562,-2925.3628984976617,12,-5.899999999999977,range_v2_conservative
TATN,2022-09-20 19:30:00+00:00,2022-09-21 09:30:00+00:00,1,2022-09-20 19:30:00+00:00,430.02200000000005,9.735361381287237,415.4189579280692,444.6250420719309,-0.05097878713182122,-0.2505970294414625,4.842857142857132,0.011866839360100788,9.100000000000023,0.022298456260720467,3.2999999999999545,0.008086253369272125,-0.007353136578171118,-6955.225131477443,10,0.0,range_v2_conservative
TATN,2022-09-21 09:30:00+00:00,2022-09-21 10:00:00+00:00,1,2022-09-21 09:30:00+00:00,424.916,12.70643995485391,405.85634006771915,443.97565993228085,-0.12241478315714169,-0.8645573998910093,7.100000000000002,0.019039957093054446,0.0,0.0,0.0,0.0,0.00414886197183099,3895.4920341147044,2,0.0,range_v2_conservative
TATN,2022-09-21 10:00:00+00:00,2022-09-21 14:00:00+00:00,1,2022-09-21 10:00:00+00:00,424.21,12.93753043966774,404.80370434049837,443.6162956595016,-0.05047028594328273,-0.051625111140603384,9.607142857142861,0.023850900836998166,37.30000000000001,0.09260178748758692,23.100000000000023,0.057348560079443944,-0.001896869888475837,-1788.4177718889887,9,-14.699999999999989,range_v2_conservative
TATN,2022-09-21 14:00:00+00:00,2022-09-21 18:30:00+00:00,1,2022-09-21 14:00:00+00:00,417.03600000000006,16.26643921999371,392.6363411700095,441.43565882999064,-0.07681830825156594,-0.15648458905137116,10.0,0.025974025974025976,5.5,0.014285714285714285,3.3000000000000114,0.008571428571428601,-0.00074158,-697.8544635179206,10,-4.100000000000023,range_v2_conservative
TATN,2022-09-23 15:00:00+00:00,2022-09-23 23:00:00+00:00,1,2022-09-23 15:00:00+00:00,388.316,7.704288760551697,376.7595668591724,399.8724331408275,-0.03506422604270745,-0.08910910633386618,4.2071428571428555,0.011228030043082081,4.800000000000011,0.012810248198558877,2.5,0.006672004270082733,0.0013978370118845533,1314.4413232753268,17,0.0,range_v2_conservative
TATN,2022-09-23 23:00:00+00:00,2022-09-26 09:30:00+00:00,1,2022-09-23 23:00:00+00:00,387.328,7.903345713634822,375.47298142954776,399.1830185704522,-0.016337574355584868,0.23310881115901155,1.9214285714285697,0.005043119610048739,1.099999999999966,0.002887139107611459,0.39999999999997726,0.0010498687664041398,-0.006144678066914492,-5786.160172340659,3,0.0,range_v2_conservative
TATN,2022-09-26 09:30:00+00:00,2022-09-26 10:00:00+00:00,1,2022-09-26 09:30:00+00:00,386.974,8.30809317742288,374.51186023386566,399.4361397661343,-0.044897073188379495,-0.19707130260300654,2.2928571428571405,0.006203617810760661,0.0,0.0,0.0,0.0,-0.0034883115264797647,-3264.598284496432,2,0.0,range_v2_conservative
TATN,2022-09-26 10:00:00+00:00,2022-09-26 12:30:00+00:00,1,2022-09-26 10:00:00+00:00,386.564,9.00960394607606,373.0495940808859,400.0784059191141,-0.06354445835618427,-0.40880798412521907,3.571428571428567,0.009865824782951843,19.5,0.05386740331491713,12.899999999999977,0.03563535911602204,-0.004530629600000009,-4225.279476569716,6,-7.699999999999989,range_v2_conservative
TATN,2022-09-26 12:30:00+00:00,2022-09-27 09:30:00+00:00,1,2022-09-26 12:30:00+00:00,383.246,12.512495142605479,364.47725728609174,402.0147427139082,-0.09666376165700358,-0.4869068100269636,5.785714285714282,0.016712057439960376,9.0,0.025996533795493933,8.199999999999989,0.023685730791449998,0.0007628962962962988,708.2560457425202,24,-1.1999999999999886,range_v2_conservative
TATN,2022-09-29 13:00:00+00:00,2022-09-29 14:30:00+00:00,1,2022-09-29 13:00:00+00:00,356.92800000000005,2.5472706481613674,353.107094027758,360.7489059722421,-0.01604805450959315,-0.2495604500101046,2.4785714285714318,0.0070574357305564685,5.300000000000011,0.015091116173120762,4.900000000000034,0.013952164009111714,-0.0018082230547550268,-1679.9949699303304,4,-1.099999999999966,range_v2_conservative
TATN,2022-09-29 14:30:00+00:00,2022-09-30 10:00:00+00:00,1,2022-09-29 14:30:00+00:00,356.588,3.099284973477175,351.93907253978426,361.2369274602158,-0.026607737781417208,-0.5204504244468956,2.6214285714285745,0.007552372720912056,4.300000000000011,0.012388360702967477,3.0,0.008643042350907518,0.0024073972752043527,2232.6350155414425,21,0.0,range_v2_conservative
TATN,2022-09-30 13:00:00+00:00,2022-09-30 16:00:00+00:00,1,2022-09-30 13:00:00+00:00,353.25,3.6510132784020817,347.7734800823969,358.7265199176031,-0.015711252653927844,-0.006708647416829219,3.1999999999999926,0.009203336209375877,5.399999999999977,0.015530629853321765,3.8000000000000114,0.010928961748633913,0.0034702750000000075,3226.1022015493418,7,-3.3999999999999773,range_v2_conservative
TATN,2022-10-05 11:00:00+00:00,2022-10-05 11:30:00+00:00,1,2022-10-05 11:00:00+00:00,381.14,3.294708187487372,376.1979377187689,386.08206228123106,-0.018995644645012355,-0.2324877336629311,1.9285714285714204,0.005157987238757477,6.5,0.017384327360256753,4.300000000000011,0.011500401176785267,-0.0021296696296296326,-1986.69399852844,2,0.0,range_v2_conservative
TATN,2022-10-05 11:30:00+00:00,2022-10-05 16:00:00+00:00,1,2022-10-05 11:30:00+00:00,381.064,3.500190082284802,375.8137148765728,386.3142851234272,-0.028509646673524743,-0.5346104777742423,2.142857142857135,0.005788376939106253,6.099999999999966,0.01647757968665577,3.3000000000000114,0.008914100486223694,0.0043782666666666884,4075.632922309355,10,-1.0,range_v2_conservative
TATN,2022-10-05 16:00:00+00:00,2022-10-05 16:30:00+00:00,1,2022-10-05 16:00:00+00:00,380.374,4.210812612432743,374.0577810813509,386.6902189186491,-0.0009832428083939061,0.47039367976181434,2.971428571428565,0.007819548872180435,4.5,0.011842105263157895,3.8000000000000114,0.01000000000000003,0.0005316634615384626,497.0807825104639,2,0.0,range_v2_conservative
TATN,2022-10-07 16:00:00+00:00,2022-10-07 17:30:00+00:00,1,2022-10-07 16:00:00+00:00,389.098,3.173840138439393,384.33723979234094,393.8587602076591,-0.013102097672051805,-0.035418691304635465,1.8714285714285626,0.004873511904761881,3.599999999999966,0.009374999999999911,3.1000000000000227,0.008072916666666726,-0.0028411503816793905,-2657.756674131622,4,-2.1999999999999886,range_v2_conservative
TATN,2022-10-07 17:30:00+00:00,2022-10-07 18:30:00+00:00,1,2022-10-07 17:30:00+00:00,389.01800000000003,3.3784847466804786,383.9502728799793,394.08572712002075,-0.02549496424329981,-0.47854519048762983,2.085714285714285,0.0055017522704148905,3.3000000000000114,0.008704827222368797,2.6999999999999886,0.007122131363756235,-0.005180752739726047,-4832.570619306139,3,0.0,range_v2_conservative
TATN,2022-10-07 18:30:00+00:00,2022-10-10 09:30:00+00:00,1,2022-10-07 18:30:00+00:00,388.656,4.4955379238050055,381.9126931142925,395.3993068857075,-0.05134617759664078,-0.97968944156293,3.3142857142857167,0.008989112325157898,16.5,0.044751830756712775,10.400000000000034,0.028207214537564508,-0.011243743965517226,-10433.751060141214,12,-3.3000000000000114,range_v2_conservative
TATN,2022-10-10 09:30:00+00:00,2022-10-10 17:00:00+00:00,1,2022-10-10 09:30:00+00:00,383.366,12.242125499053433,365.0028117514198,401.72918824858016,-0.13450853753332317,-0.9040590147516191,6.178571428571429,0.01862137259967278,0.0,0.0,0.0,0.0,0.0025761764161849735,2363.710952391367,16,0.0,range_v2_conservative
TATN,2022-10-10 17:00:00+00:00,2022-10-10 23:30:00+00:00,1,2022-10-10 17:00:00+00:00,369.626,19.295878908643317,340.682181637035,398.56981836296495,-0.05823724521543386,0.1281416686275312,4.478571428571432,0.012865761070300005,1.8999999999999773,0.005458201666187812,1.1000000000000227,0.0031600114909509413,0.0010520051036682532,967.7295323531037,14,0.0,range_v2_conservative
TATN,2022-10-10 23:30:00+00:00,2022-10-11 10:30:00+00:00,1,2022-10-10 23:30:00+00:00,359.736,15.396829252163995,336.640756121754,382.83124387824597,-0.01816887940044922,0.35849900450377076,1.4857142857142864,0.004206439087526293,0.5999999999999659,0.0016987542468855207,0.39999999999997726,0.0011325028312570138,7.430769230792189e-06,6.842685220691465,4,0.0,range_v2_conservative
TATN,2022-10-12 12:30:00+00:00,2022-10-13 10:30:00+00:00,1,2022-10-12 12:30:00+00:00,352.694,2.0387481152499904,349.63587782712506,355.752122172875,-0.009056008891560437,-0.02221589253860933,1.9714285714285649,0.005640711220110343,1.0,0.002861230329041488,0.39999999999997726,0.0011444921316165302,0.0015277297101449214,1406.8329756600401,26,-0.30000000000001137,range_v2_conservative
TATN,2022-10-14 11:00:00+00:00,2022-10-14 12:00:00+00:00,1,2022-10-14 11:00:00+00:00,352.056,1.283038485387952,350.13144227191805,353.9805577280819,-0.005555934283182109,-0.008168700647228824,0.9428571428571502,0.0026931080915656956,0.6999999999999886,0.001999428734647211,0.5999999999999659,0.0017137960582689685,-0.0026332727272727315,-2428.5935340158385,3,-0.30000000000001137,range_v2_conservative
TATN,2022-10-14 12:00:00+00:00,2022-10-14 18:30:00+00:00,1,2022-10-14 12:00:00+00:00,351.962,1.4258388150191463,349.82324177747125,354.1007582225287,-0.0112568970513862,-0.4262384027951426,0.8857142857142881,0.0025451559934318623,2.1999999999999886,0.006321839080459737,1.8000000000000114,0.005172413793103481,0.004078967741935473,3752.0113181729375,14,-1.5,range_v2_conservative
TATN,2022-10-18 22:00:00+00:00,2022-10-19 23:30:00+00:00,1,2022-10-18 22:00:00+00:00,361.8860000000001,3.38097981207809,356.8145302818829,366.95746971811724,-0.01433047976434593,-0.011291626318283107,2.3785714285714215,0.006668268653129862,2.6999999999999886,0.007569386038687942,0.5,0.0014017381553125877,0.001052917717717735,972.4699111286498,33,-3.1999999999999886,range_v2_conservative
TATN,2022-10-21 11:30:00+00:00,2022-10-21 16:00:00+00:00,1,2022-10-21 11:30:00+00:00,359.93,2.4018062930369153,356.3272905604446,363.5327094395554,-0.013141444169699715,-0.15645038537770006,1.878571428571409,0.005288770913770859,3.8999999999999773,0.010979729729729666,2.8000000000000114,0.007882882882882915,0.002822895057034244,2609.957937063222,10,0.0,range_v2_conservative
TATN,2022-10-28 15:30:00+00:00,2022-10-28 17:30:00+00:00,1,2022-10-28 15:30:00+00:00,381.39799999999997,1.042267935248908,379.8345980971266,382.9614019028733,-0.005238622121773031,-0.13899116290184166,1.6500000000000057,0.004348972061149198,1.3000000000000114,0.0034264628360569623,0.5,0.0013178703215603585,0.0015632484848484794,1449.409261026604,5,0.0,range_v2_conservative
TATN,2022-11-01 13:30:00+00:00,2022-11-01 18:30:00+00:00,1,2022-11-01 13:30:00+00:00,386.064,1.0991202418241544,384.4153196372638,387.71268036273625,-0.007418459115587138,-0.3685734556960455,0.8428571428571477,0.0021995228153892164,3.7000000000000455,0.009655532359081538,2.900000000000034,0.007567849686847689,0.0044774610169491125,4157.892042793936,11,0.0,range_v2_conservative
TATN,2022-11-02 23:00:00+00:00,2022-11-03 21:30:00+00:00,1,2022-11-02 23:00:00+00:00,386.47799999999995,1.499971428254208,384.2280428576186,388.7279571423813,-0.010292953285827272,-0.3840168386029064,1.9071428571428524,0.004985994397759091,7.5,0.0196078431372549,2.3999999999999773,0.006274509803921509,0.0009316711610486856,869.0489604560338,27,0.0,range_v2_conservative
TATN,2022-11-03 21:30:00+00:00,2022-11-03 23:30:00+00:00,1,2022-11-03 21:30:00+00:00,385.39599999999996,1.7180862632676794,382.8188706050984,387.9731293949015,-0.0018059346749835744,0.3649660351985232,0.7142857142857143,0.0018567343755802295,0.6000000000000227,0.0015596568754874518,0.30000000000001137,0.0007798284377437259,0.0002466380000000319,230.27458757838042,5,0.0,range_v2_conservative
TATN,2022-11-09 19:00:00+00:00,2022-11-11 09:30:00+00:00,1,2022-11-09 19:00:00+00:00,391.24199999999996,1.716675714881689,388.66698642767744,393.8170135723225,-0.010842394221479193,-0.3236849789055509,2.8499999999999943,0.007364341085271303,9.800000000000011,0.0253229974160207,3.3000000000000114,0.008527131782945766,0.0009371543859649223,875.1938667443748,40,-1.1999999999999886,range_v2_conservative
TATN,2022-11-11 10:30:00+00:00,2022-11-11 16:00:00+00:00,1,2022-11-11 10:30:00+00:00,388.35799999999995,1.6189048956275336,385.92964265655866,390.78635734344124,-0.00684420045421997,-0.047283538639587994,1.5071428571428587,0.003907552131560433,2.6000000000000227,0.006740990407052172,2.0,0.005185377236193933,-0.002733781990521317,-2555.4289586410587,12,-1.8000000000000114,range_v2_conservative
TATN,2022-11-11 16:00:00+00:00,2022-11-11 23:00:00+00:00,1,2022-11-11 16:00:00+00:00,387.244,1.5010418150322447,384.99243727745164,389.4955627225484,-0.01354184958320859,-0.6645245205660346,1.5428571428571485,0.004038893044128661,2.1000000000000227,0.0054973821989529395,1.8000000000000114,0.004712041884816783,0.00186418425925926,1737.8003411806594,15,0.0,range_v2_conservative
TATN,2022-11-11 23:00:00+00:00,2022-11-14 10:00:00+00:00,1,2022-11-11 23:00:00+00:00,386.50199999999995,1.6833506430980252,383.9769740353529,389.027025964647,-0.00310994509730853,0.2619826455590617,1.0000000000000122,0.0025953802232027306,0.8000000000000114,0.0020763041785621886,0.4000000000000341,0.0010381520892811683,0.0008747400000000006,816.9563996293243,4,-0.19999999999998863,range_v2_conservative
TATN,2022-11-14 16:30:00+00:00,2022-11-14 22:00:00+00:00,1,2022-11-14 16:30:00+00:00,385.8,1.4556014255515501,383.6165978616727,387.98340213832734,-0.005961638154484218,-0.026700958936041803,1.1785714285714124,0.0030731979884521836,1.599999999999966,0.004172099087353236,0.6999999999999886,0.00182529335071705,0.0011676593939394196,1091.4800425358308,12,-0.5,range_v2_conservative
TATN,2022-11-15 10:00:00+00:00,2022-11-15 11:30:00+00:00,1,2022-11-15 10:00:00+00:00,384.92400000000004,1.1915621712805846,383.1366567430792,386.7113432569209,-0.007076721638557342,-0.2620248627263757,1.7428571428571413,0.004560065784555576,12.800000000000011,0.03349031920460495,2.8000000000000114,0.007326007326007356,-0.0023045262295081793,-2156.691810627151,4,-0.30000000000001137,range_v2_conservative
TATN,2022-11-15 11:30:00+00:00,2022-11-15 21:30:00+00:00,1,2022-11-15 11:30:00+00:00,384.666,1.5602995525671006,382.32555067114936,387.00644932885064,-0.01576952473054539,-0.7959050053390603,2.085714285714285,0.0055090181873066165,4.699999999999989,0.012414157422081322,3.1999999999999886,0.008452192287374507,-0.0044621020547945395,-4166.236646643743,21,-1.3000000000000114,range_v2_conservative
TATN,2022-11-15 21:30:00+00:00,2022-11-16 10:30:00+00:00,1,2022-11-15 21:30:00+00:00,382.264,3.1631655546925614,377.51925166796116,387.00874833203886,-0.032867337756105786,-0.8239901382294369,2.3714285714285745,0.006414467328722138,14.0,0.03786854206113065,9.300000000000011,0.025155531512036818,0.004841065060240972,4499.903000587104,8,0.0,range_v2_conservative
TATN,2022-11-18 10:00:00+00:00,2022-11-18 13:30:00+00:00,1,2022-11-18 10:00:00+00:00,380.45399999999995,2.1405902294635104,377.2431146558047,383.6648853441952,-0.013546972827201029,-0.302582379547977,1.1999999999999886,0.0031974420463628792,3.3999999999999773,0.009059419131361516,2.3000000000000114,0.006128430588862274,-0.0019256166666667134,-1798.578693691131,8,-1.400000000000034,range_v2_conservative
TATN,2022-11-18 13:30:00+00:00,2022-11-21 11:00:00+00:00,1,2022-11-18 13:30:00+00:00,379.68,2.9886178635878604,375.1970732046182,384.1629267953818,-0.01654024441635069,-0.20043526100733444,1.1285714285714294,0.003022419465911702,1.1000000000000227,0.002945902517407667,0.9000000000000341,0.0024102838778790416,-0.004258392405063267,-3969.7960553138673,25,-1.1999999999999886,range_v2_conservative
TATN,2022-11-21 11:00:00+00:00,2022-11-21 14:30:00+00:00,1,2022-11-21 11:00:00+00:00,375.892,2.5001910130836578,372.1417134803745,379.6422865196255,-0.018335053685633096,-0.41886312738156367,1.3714285714285666,0.003716608594657362,3.6999999999999886,0.01002710027100268,3.3000000000000114,0.00894308943089434,-0.002116880208333341,-1965.0131204246682,8,-2.0,range_v2_conservative
TATN,2022-11-21 14:30:00+00:00,2022-11-21 19:00:00+00:00,1,2022-11-21 14:30:00+00:00,374.31,3.450539738890097,369.13419039166484,379.48580960833516,-0.02086505837407497,-0.2544713379161714,1.3714285714285666,0.0037419606314558432,1.0,0.002728512960436562,0.5,0.001364256480218281,-0.002187711458333358,-2026.4639845049358,10,-1.6000000000000227,range_v2_conservative
TATN,2022-11-21 19:30:00+00:00,2022-11-22 11:00:00+00:00,1,2022-11-21 19:30:00+00:00,371.676,4.106568158533444,365.5161477621998,377.83585223780017,-0.019038086935933354,-0.0743644268427258,1.75,0.004799780581459133,1.0,0.0027427317608337905,0.8000000000000114,0.0021941854086670633,0.003024382857142851,2795.3388732558965,13,0.0,range_v2_conservative
TATN,2022-11-23 10:30:00+00:00,2022-11-23 12:30:00+00:00,1,2022-11-23 10:30:00+00:00,368.34799999999996,1.8617788289775676,365.55533175653363,371.1406682434663,-0.00936071323856782,-0.11733075671749733,1.335714285714285,0.0036604940688251164,2.8000000000000114,0.007673335160317927,2.5,0.006851192107426692,0.00313955614973264,2910.565931274139,5,0.0,range_v2_conservative
TATN,2022-11-24 12:00:00+00:00,2022-11-24 18:30:00+00:00,1,2022-11-24 12:00:00+00:00,368.7,1.3511899517018175,366.67321507244725,370.7267849275527,-0.005695687550854261,-0.018061875103746322,1.0499999999999952,0.002864157119476255,1.7999999999999545,0.004909983633387765,0.7999999999999545,0.0021822149481722708,0.0015186095238095309,1412.2665150393202,14,-0.9000000000000341,range_v2_conservative
TATN,2022-11-25 10:30:00+00:00,2022-11-25 12:30:00+00:00,1,2022-11-25 10:30:00+00:00,367.526,1.0918641613338833,365.8882037579992,369.16379624200084,-0.006056714354902779,-0.17957171439121813,0.9642857142857143,0.0026397090454029957,2.1000000000000227,0.0057486996988776965,1.599999999999966,0.004379961675335248,-0.0022813259259259373,-2124.794347540118,5,0.0,range_v2_conservative
TATN,2022-11-25 12:30:00+00:00,2022-11-25 18:30:00+00:00,1,2022-11-25 12:30:00+00:00,367.26399999999995,1.245688073065179,365.3954678904022,369.1325321095977,-0.010248758386337768,-0.5072077382738208,1.192857142857138,0.0032815877382589764,5.899999999999977,0.016231086657496497,2.1999999999999886,0.006052269601100381,0.0020932598802395103,1945.1845749157533,13,-0.5,range_v2_conservative
TATN,2022-11-28 10:00:00+00:00,2022-11-28 18:00:00+00:00,1,2022-11-28 10:00:00+00:00,365.934,1.4362095804758426,363.77968562928623,368.0883143707138,-0.007198019314958474,-0.11133139058235225,1.1285714285714212,0.003106444890094746,2.6999999999999886,0.007431874483897574,2.1999999999999886,0.0060556014313239434,0.001150569620253162,1071.417439170497,17,-1.1000000000000227,range_v2_conservative
TATN,2022-11-30 11:30:00+00:00,2022-11-30 22:00:00+00:00,1,2022-11-30 11:30:00+00:00,366.43800000000005,1.5955153987418655,364.04472690188726,368.83127309811283,-0.006653240111560604,-0.00934429545932896,0.8000000000000033,0.002197802197802207,1.8000000000000114,0.004945054945054976,1.1000000000000227,0.0030219780219780845,0.001996749999999992,1861.525116140729,22,0.0,range_v2_conservative
TATN,2022-12-01 13:30:00+00:00,2022-12-02 11:00:00+00:00,1,2022-12-01 13:30:00+00:00,365.564,1.4174941960324308,363.43775870595135,367.6902412940487,-0.00591962009388245,-0.008879214710264085,0.7357142857142865,0.002024530230364025,0.5,0.001375894331315355,0.20000000000004547,0.0005503577325262672,-0.002444155339805792,-2283.1809084110564,25,-0.8999999999999773,range_v2_conservative
TATN,2022-12-02 11:00:00+00:00,2022-12-02 22:30:00+00:00,1,2022-12-02 11:00:00+00:00,364.21,0.9621934973785403,362.76670975393216,365.6532902460678,-0.006067927843826308,-0.26561177005838893,0.8928571428571347,0.002466456195737941,1.1000000000000227,0.003038674033149234,1.0,0.0027624309392265192,-0.0006697375999999935,-624.0989026883801,24,-0.39999999999997726,range_v2_conservative
TATN,2022-12-02 23:30:00+00:00,2022-12-05 13:00:00+00:00,1,2022-12-02 23:30:00+00:00,362.83200000000005,0.8476714803753158,361.5604927794371,364.103507220563,-0.004773559112757495,-0.18108146457602314,0.7214285714285812,0.0019978636705305485,1.3999999999999773,0.0038770423705344146,0.5999999999999659,0.0016615895873718246,0.0022186396039603658,2066.067650616639,9,-1.8000000000000114,range_v2_conservative
TATN,2022-12-06 21:00:00+00:00,2022-12-07 17:00:00+00:00,1,2022-12-06 21:00:00+00:00,362.782,1.4063543838333827,360.6724684242499,364.89153157575004,-0.007117221912884305,-0.11198420295793649,1.4642857142857022,0.004065201871975853,2.8999999999999773,0.008051082731815595,2.0,0.00555247084952804,0.001025544390243934,957.1383457566122,22,-1.5,range_v2_conservative
TATN,2022-12-09 09:30:00+00:00,2022-12-09 11:00:00+00:00,1,2022-12-09 09:30:00+00:00,361.01,0.9172385352115847,359.6341421971826,362.3858578028174,-0.005013711531536529,-0.15777146311690096,0.7714285714285641,0.002147629653197562,0.0,0.0,0.0,0.0,0.003242931481481556,3029.7248225648214,4,0.0,range_v2_conservative
TATN,2022-12-12 13:30:00+00:00,2022-12-13 12:00:00+00:00,1,2022-12-12 13:30:00+00:00,362.522,1.581692454389916,360.1494613184151,364.8945386815849,-0.006956819172353654,-0.031498183691413884,0.807142857142862,0.0022420634920635057,0.6999999999999886,0.001944444444444413,0.30000000000001137,0.0008333333333333649,-0.001975709734513249,-1851.8024764541437,27,-1.0,range_v2_conservative
TATN,2022-12-13 12:00:00+00:00,2022-12-13 22:30:00+00:00,1,2022-12-13 12:00:00+00:00,361.596,1.9075531928464249,358.73467021073037,364.45732978926964,-0.0077323864202037415,0.011415983839862757,0.6785714285714407,0.0018912247173117076,1.0,0.0027870680044593085,1.0,0.0027870680044593085,-0.00043442736842109515,-406.3776455529111,22,-1.3000000000000114,range_v2_conservative
TATN,2022-12-14 10:00:00+00:00,2022-12-14 17:30:00+00:00,1,2022-12-14 10:00:00+00:00,359.3,0.9581018649061926,357.86284720264075,360.7371527973593,-0.004731422209852459,-0.09144720141230094,0.585714285714289,0.0016379034835410763,2.0,0.005592841163310961,1.5,0.0041946308724832215,-0.004594099999999993,-4295.60526673306,16,-0.9000000000000341,range_v2_conservative
TATN,2022-12-14 17:30:00+00:00,2022-12-15 15:00:00+00:00,1,2022-12-14 17:30:00+00:00,358.37799999999993,1.1393320634842088,356.6690019047736,360.08699809522625,-0.008588696850810927,-0.40052762744369885,1.057142857142858,0.0029753528205540614,4.800000000000011,0.01350971010413738,2.1999999999999886,0.006191950464396252,-0.003960344594594602,-3686.0150878778513,25,-0.8000000000000114,range_v2_conservative
TATN,2022-12-15 15:00:00+00:00,2022-12-15 19:00:00+00:00,1,2022-12-15 15:00:00+00:00,356.884,1.454389555605423,354.7024156665919,359.06558433340814,-0.015086134430235074,-0.7339655904085534,1.3428571428571436,0.0038203617150985593,3.400000000000034,0.009672830725462402,2.8000000000000114,0.007965860597439577,9.61382978721711e-06,8.912451726326651,9,-0.8999999999999773,range_v2_conservative
TATN,2022-12-15 19:30:00+00:00,2022-12-16 12:30:00+00:00,1,2022-12-15 19:30:00+00:00,355.546,2.351136069262771,352.01929589610586,359.0727041038941,-0.011379680828922255,-0.07362340032049482,1.2714285714285682,0.0036171509855720293,1.2999999999999545,0.0036984352773825166,0.39999999999997726,0.0011379800853484417,-0.001246888764044938,-1155.9329632961405,16,-0.8999999999999773,range_v2_conservative
TATN,2022-12-16 12:30:00+00:00,2022-12-16 16:00:00+00:00,1,2022-12-16 12:30:00+00:00,353.716,2.5608002575454822,349.8747996136818,357.55720038631824,-0.009657465311153572,0.05534733202578242,0.7071428571428474,0.0020186778679498925,0.8999999999999773,0.0025692263773907428,0.30000000000001137,0.0008564087924636351,0.003269070707070736,3026.825585459328,8,0.0,range_v2_conservative
TATN,2022-12-19 13:00:00+00:00,2022-12-19 23:30:00+00:00,1,2022-12-19 13:00:00+00:00,352.37,1.6061425457946907,349.960786181308,354.779213818692,-0.007009677327808914,-0.012615356270246838,1.25,0.003572449271220349,3.0,0.008573878250928837,1.900000000000034,0.005430122892255028,-0.0014266799999999816,-1325.27827636364,22,-1.599999999999966,range_v2_conservative
TATN,2022-12-19 23:30:00+00:00,2022-12-20 18:30:00+00:00,1,2022-12-19 23:30:00+00:00,351.568,2.3064629692305365,348.10830554615416,355.0276944538458,-0.008726619032448868,0.056608243743957315,0.721428571428569,0.002070096331215406,0.5,0.0014347202295552368,0.39999999999997726,0.001147776183644124,0.005284001980198022,4901.437127024352,20,-0.30000000000001137,range_v2_conservative
TATN,2022-12-23 09:30:00+00:00,2022-12-26 09:30:00+00:00,1,2022-12-23 09:30:00+00:00,350.792,0.7871000765292913,349.61134988520604,351.9726501147939,-0.0059636479737279775,-0.38595256705883324,1.0071428571428467,0.0028882789135154766,0.0,0.0,0.0,0.0,0.0009085106382978931,847.1869411698631,30,-0.5999999999999659,range_v2_conservative
TATN,2022-12-27 13:30:00+00:00,2022-12-28 18:00:00+00:00,1,2022-12-27 13:30:00+00:00,349.59200000000004,0.8822142827434212,348.2686785758849,350.9153214241152,-0.003981784480194205,-0.025949317616028214,0.8999999999999895,0.002584721424468666,0.8000000000000114,0.002297530155083318,0.10000000000002274,0.000287191269385476,0.00024035555555558365,224.3353856078745,39,-0.39999999999997726,range_v2_conservative
TATN,2022-12-28 19:30:00+00:00,2022-12-29 16:30:00+00:00,1,2022-12-28 19:30:00+00:00,348.53399999999993,0.794781448500581,347.34182782724906,349.7261721727508,-0.004975124378109234,-0.22724395000715913,0.5999999999999984,0.0017301038062283692,1.1999999999999886,0.0034602076124567146,1.099999999999966,0.0031718569780852532,0.0013619999999999845,1271.5255691946863,24,-0.6000000000000227,range_v2_conservative
TATN,2023-01-05 11:00:00+00:00,2023-01-05 18:30:00+00:00,1,2023-01-05 11:00:00+00:00,350.662,0.5699588240260788,349.80706176396086,351.5169382360391,-0.002743382516497337,-0.06261374181653322,0.5428571428571404,0.0015523509947301698,0.5,0.0014297969688304261,0.4000000000000341,0.0011438375750644385,-0.0019966578947368304,-1866.5634462741255,16,0.0,range_v2_conservative
TATN,2023-01-05 18:30:00+00:00,2023-01-06 17:00:00+00:00,1,2023-01-05 18:30:00+00:00,350.3260000000001,0.5539505612872931,349.49507415806914,351.156925841931,-0.003785045928649539,-0.2979051397166043,0.35714285714285715,0.0010233319688907083,1.0,0.0028653295128939827,0.8000000000000114,0.0022922636103152186,0.0022813839999999684,2128.4795599695426,27,-0.19999999999998863,range_v2_conservative
TATN,2023-01-09 09:30:00+00:00,2023-01-10 18:30:00+00:00,1,2023-01-09 09:30:00+00:00,349.48400000000004,0.700833323122767,348.4327500153159,350.5352499846842,-0.010827391239656316,-1.299762214092667,0.8000000000000073,0.0023141452126121125,0.0,0.0,0.0,0.0,0.0006484250000000365,606.3459865378538,48,-0.8000000000000114,range_v2_conservative
TATN,2023-01-11 10:00:00+00:00,2023-01-11 13:30:00+00:00,1,2023-01-11 10:00:00+00:00,346.03799999999995,0.4886006673189632,345.3050989990215,346.7709010009784,-0.0021327137482008993,-0.0034786410542916126,0.5214285714285681,0.0015100740556865568,1.3000000000000114,0.0037648421662322944,0.19999999999998863,0.0005792064871126227,-0.0032188493150685357,-3011.916440780806,8,-0.5,range_v2_conservative
TATN,2023-01-11 13:30:00+00:00,2023-01-11 18:00:00+00:00,1,2023-01-11 13:30:00+00:00,345.8,0.5749889083778688,344.9375166374332,346.66248336256683,-0.005205320994794712,-0.5434983897214352,0.8142857142857086,0.0023671096345514787,1.8999999999999773,0.005523255813953422,0.8000000000000114,0.00232558139534887,0.0016207210526315765,1511.6469182468577,10,0.0,range_v2_conservative
TATN,2023-01-17 11:00:00+00:00,2023-01-17 18:30:00+00:00,1,2023-01-17 11:00:00+00:00,345.28600000000006,0.46861062538837117,344.5830840619175,345.98891593808264,-0.00459329367538814,-0.6281576601651448,0.9357142857142955,0.0027224739182842464,5.399999999999977,0.015711376200174505,1.3000000000000114,0.003782368344486504,-0.002752603053435074,-2571.514498404237,16,-0.0999999999999659,range_v2_conservative
TATN,2023-01-17 18:30:00+00:00,2023-01-18 18:30:00+00:00,1,2023-01-17 18:30:00+00:00,344.83799999999997,0.8932604802485594,343.4981092796271,346.17789072037283,-0.009679907666788364,-0.7456239711366419,0.5428571428571486,0.001589625601338649,2.1000000000000227,0.006149341142020565,2.1000000000000227,0.006149341142020565,-0.006580239473684119,-6130.416768021458,30,-1.3000000000000114,range_v2_conservative
TATN,2023-01-18 18:30:00+00:00,2023-01-18 20:00:00+00:00,1,2023-01-18 18:30:00+00:00,342.726,1.5577076301680695,340.38943855474787,345.06256144525213,-0.012914106312331098,-0.4471182555446116,1.057142857142862,0.0031248680376673426,2.6999999999999886,0.007981081879988142,2.0,0.005911912503694945,0.000970852702702677,898.533843910009,4,0.0,range_v2_conservative
TATN,2023-01-18 20:30:00+00:00,2023-01-19 09:30:00+00:00,1,2023-01-18 20:30:00+00:00,342.26,1.512937405081909,339.99059389237715,344.52940610762283,-0.007771869339098838,-0.0860564116455704,0.9928571428571331,0.0029236076055863753,0.7999999999999545,0.002355712603062292,0.0999999999999659,0.0002944640753827028,-0.0017847683453237932,-1653.4245507282244,8,-0.7000000000000455,range_v2_conservative
TATN,2023-01-19 09:30:00+00:00,2023-01-19 11:00:00+00:00,1,2023-01-19 09:30:00+00:00,341.55400000000003,1.7017649900887653,339.0013525148669,344.1066474851332,-0.00981982351253401,-0.15696497842613236,0.8785714285714212,0.002597786601334776,0.0,0.0,0.0,0.0,-0.0025836601626016216,-2389.2528270170037,4,-1.5,range_v2_conservative
TATN,2023-01-19 11:00:00+00:00,2023-01-19 11:30:00+00:00,1,2023-01-19 11:00:00+00:00,341.13399999999996,1.930063972679297,338.238904040981,344.0290959590189,-0.014170384658227989,-0.33486006481768854,0.9785714285714155,0.0029098169151692403,1.8000000000000114,0.005352363960749364,1.099999999999966,0.00327088908712449,-0.002113345985401476,-1949.2780906545297,2,0.0,range_v2_conservative
TATN,2023-01-19 11:30:00+00:00,2023-01-20 12:00:00+00:00,1,2023-01-19 11:30:00+00:00,340.932,2.0725061236368134,337.8232408145448,344.0407591854552,-0.01857261858669762,-0.5184127528476982,1.0142857142857054,0.0030313380582358196,2.1000000000000227,0.00627615062761513,1.6999999999999886,0.005080693365212159,-0.0016431563380281948,-1512.38826504552,31,-0.9000000000000341,range_v2_conservative
TATN,2023-01-20 12:00:00+00:00,2023-01-20 15:00:00+00:00,1,2023-01-20 12:00:00+00:00,336.166,2.5270463520015234,332.37543047199773,339.95656952800226,-0.008525549877143986,0.12195654520675073,0.7857142857142735,0.0023573785950023207,0.6999999999999886,0.002100210021002066,0.5,0.0015001500150015,-8.522181818180505e-05,-78.31068221987596,7,-0.30000000000001137,range_v2_conservative
TATN,2023-01-25 09:30:00+00:00,2023-01-25 18:30:00+00:00,1,2023-01-25 09:30:00+00:00,333.934,0.5347553320569233,333.13186700191466,334.7361329980854,-0.002497499505890395,-0.019863914083261748,0.40000000000000163,0.001200840588411893,0.0,0.0,0.0,0.0,-0.003663000000000042,-3365.6590417732814,19,-0.8000000000000114,range_v2_conservative
TATN,2023-01-25 18:30:00+00:00,2023-01-25 20:30:00+00:00,1,2023-01-25 18:30:00+00:00,333.54400000000004,0.7908042921155936,332.35779356182667,334.7302064381734,-0.004629074424963541,-0.150814204978364,0.635714285714276,0.001914802065404446,1.0,0.0030120481927710845,1.0,0.0030120481927710845,0.001782483146067443,1631.792338516292,5,0.0,range_v2_conservative
TATN,2023-01-26 14:30:00+00:00,2023-01-26 17:00:00+00:00,1,2023-01-26 14:30:00+00:00,333.292,0.637226131537339,332.33616080269394,334.247839197306,-0.003276406274377977,-0.07122578937843857,0.49999999999999595,0.0015051173991571221,0.6999999999999886,0.0021071643588199537,0.6999999999999886,0.0021071643588199537,0.0016665199999999908,1528.352110722107,6,0.0,range_v2_conservative
TATN,2023-01-27 10:00:00+00:00,2023-01-27 19:30:00+00:00,1,2023-01-27 10:00:00+00:00,333.26800000000003,0.5807946701171343,332.3968079948243,334.13919200517574,-0.0035046869186360716,-0.1703459128762477,0.6857142857142833,0.002064782552587423,3.3000000000000114,0.009936766034327044,1.5,0.004516711833785004,0.0006326395833332694,581.1555781547968,20,-0.6000000000000227,range_v2_conservative
TATN,2023-01-30 12:00:00+00:00,2023-01-30 20:00:00+00:00,1,2023-01-30 12:00:00+00:00,332.76599999999996,0.7098749529574556,331.7011875705638,333.83081242943615,-0.004706009628387438,-0.23534077773169979,0.8428571428571477,0.0025448585231194077,1.8000000000000114,0.005434782608695687,1.8000000000000114,0.005434782608695687,0.0013454593220338902,1236.748197692447,17,0.0,range_v2_conservative
TATN,2023-01-31 12:30:00+00:00,2023-01-31 15:00:00+00:00,1,2023-01-31 12:30:00+00:00,332.35799999999995,0.7982352984510769,331.1606470523233,333.55535294767657,-0.005590357385710431,-0.27587815840152496,0.6571428571428523,0.00198832937108276,1.400000000000034,0.004236006051437319,1.1000000000000227,0.003328290468986453,-0.0032893456521739554,-3027.639478147114,6,-1.0,range_v2_conservative
TATN,2023-01-31 15:00:00+00:00,2023-02-01 21:00:00+00:00,1,2023-01-31 15:00:00+00:00,332.09200000000004,1.0978346032908872,330.44524809506373,333.73875190493635,-0.01021403707406397,-0.5299062019701274,0.9357142857142914,0.0028467121561128426,1.0,0.0030422878004259203,0.8000000000000114,0.002433830240340771,-0.001240432061068707,-1137.9855051981556,42,-0.8999999999999773,range_v2_conservative
TATN,2023-02-01 21:00:00+00:00,2023-02-01 21:30:00+00:00,1,2023-02-01 21:00:00+00:00,328.996,0.9387268841996639,327.5879096737005,330.40409032629947,-0.0033313474935865593,0.11082042127214518,0.5071428571428507,0.0015466387836012526,1.0,0.0030497102775236353,0.5,0.0015248551387618177,-0.0003172873239435764,-290.7216817105121,2,0.0,range_v2_conservative
TATN,2023-02-02 10:30:00+00:00,2023-02-02 17:30:00+00:00,1,2023-02-02 10:30:00+00:00,328.57200000000006,0.3995099036555507,327.9727351445167,329.1712648554834,-0.002653908427985558,-0.22755810058038015,0.6785714285714286,0.0020707092724181527,1.0,0.003051571559353067,0.5,0.0015257857796765334,-0.002150488421052581,-1969.8084262924585,15,-0.8000000000000114,range_v2_conservative
TATN,2023-02-02 17:30:00+00:00,2023-02-03 10:00:00+00:00,1,2023-02-02 17:30:00+00:00,328.198,0.7167073235347277,327.12293901469786,329.2730609853021,-0.0048690119988542176,-0.24321365106133158,0.6000000000000065,0.001837109614207001,0.5,0.0015309246785058174,0.19999999999998863,0.0006123698714022922,-0.0030960166666666334,-2829.7966063470835,15,-0.20000000000004547,range_v2_conservative
TATN,2023-02-03 10:00:00+00:00,2023-02-03 12:30:00+00:00,1,2023-02-03 10:00:00+00:00,327.53,0.868789916044102,326.2268151259338,328.83318487406615,-0.007419167709827955,-0.43233126333714433,0.5357142857142898,0.0016478446192380492,1.3999999999999773,0.004306367271608665,1.1999999999999886,0.003691171947093167,-0.0036509200000000145,-3326.653590404507,6,-0.6000000000000227,range_v2_conservative
TATN,2023-02-03 12:30:00+00:00,2023-02-03 19:30:00+00:00,1,2023-02-03 12:30:00+00:00,327.13599999999997,1.1915964252499904,325.348605362125,328.92339463787494,-0.01111464345104167,-0.5171228901981055,0.8428571428571477,0.002605431662618695,1.3999999999999773,0.004327666151468245,1.0,0.0030911901081916537,0.00017037288135593123,154.6739780262696,15,-1.3000000000000114,range_v2_conservative
TATN,2023-02-07 14:00:00+00:00,2023-02-07 17:00:00+00:00,1,2023-02-07 14:00:00+00:00,324.31,0.5908313062985986,323.4237530405521,325.1962469594479,-0.004656038975054703,-0.3519070129959662,0.8928571428571591,0.002765976278987482,1.0,0.003097893432465923,0.6999999999999886,0.002168525402726111,0.0012804623999999767,1162.6730416924938,7,0.0,range_v2_conservative
TATN,2023-02-07 18:30:00+00:00,2023-02-08 18:00:00+00:00,1,2023-02-07 18:30:00+00:00,324.23600000000005,0.706171049300271,323.17674342604965,325.29525657395044,-0.0068962114015718385,-0.5554572211249567,0.8142857142857167,0.0025288376220053313,1.6999999999999886,0.005279503105590027,1.3999999999999773,0.0043478260869564515,0.0017731122807017631,1612.0657550997307,29,0.0,range_v2_conservative
TATN,2023-02-08 18:30:00+00:00,2023-02-08 20:00:00+00:00,1,2023-02-08 18:30:00+00:00,323.468,0.7760286128828507,322.30395708067573,324.6320429193243,-0.004229166409041992,-0.08760719956704921,0.9285714285714326,0.0028828669002528176,1.6999999999999886,0.005277864017385869,1.6999999999999886,0.005277864017385869,0.0014471907692307506,1318.0796938135434,4,0.0,range_v2_conservative
TATN,2023-02-10 13:00:00+00:00,2023-02-13 09:30:00+00:00,1,2023-02-10 13:00:00+00:00,324.34,0.847806292765796,323.06829056085127,325.6117094391487,-0.00536474070419915,-0.18411853621402757,0.7071428571428474,0.0021920113364626392,0.7999999999999545,0.0024798512089273233,0.6999999999999886,0.0021698698078114957,0.0020408323232322875,1861.449516342991,23,0.0,range_v2_conservative
TATN,2023-02-15 10:00:00+00:00,2023-02-15 17:00:00+00:00,1,2023-02-15 10:00:00+00:00,325.618,1.0419154260065346,324.0551268609902,327.1808731390098,-0.018174670933425077,-1.3933078611068448,1.4785714285714278,0.004624871531346349,12.100000000000023,0.03784798248357843,5.400000000000034,0.016890835157960696,-0.0019943642512077076,-1822.7782515374943,15,-1.8999999999999773,range_v2_conservative
TATN,2023-02-15 17:00:00+00:00,2023-02-15 18:30:00+00:00,1,2023-02-15 17:00:00+00:00,323.656,3.387622126701757,318.5745668099474,328.7374331900526,-0.02025607435054497,-0.14509359414918252,1.2857142857142776,0.0040546019732396014,0.8999999999999773,0.002838221381267667,0.6999999999999886,0.002207505518763761,-0.0034566777777778174,-3152.980237903257,4,-1.7000000000000455,range_v2_conservative
TATN,2023-02-15 18:30:00+00:00,2023-02-16 11:30:00+00:00,1,2023-02-15 18:30:00+00:00,323.0,3.9694239544879575,317.0458640682681,328.9541359317319,-0.030959752321981424,-0.33975241031247716,1.3071428571428538,0.004176175262437232,3.0,0.009584664536741214,2.6000000000000227,0.008306709265175792,0.00416887868852461,3789.4640556906097,16,-0.8000000000000114,range_v2_conservative
TATN,2023-02-16 11:30:00+00:00,2023-02-16 16:30:00+00:00,1,2023-02-16 11:30:00+00:00,319.94,4.946282875611483,312.5205756865828,327.3594243134172,-0.0035631680940175856,0.42317463243486275,1.8785714285714294,0.005892633088367094,1.5,0.004705144291091593,1.1000000000000227,0.003450439146800573,-0.001462834980988611,-1335.2439813060146,11,-1.6000000000000227,range_v2_conservative
TATN,2023-02-16 16:30:00+00:00,2023-02-16 18:30:00+00:00,1,2023-02-16 16:30:00+00:00,318.198,3.7799411505862266,312.52808827412065,323.8679117258793,-0.00565056977102308,0.3414437396094421,1.499999999999996,0.004740834386852074,2.3999999999999773,0.007585335018963266,1.0,0.003160556257901391,-0.0030955399999999782,-2821.408340664538,5,-0.8999999999999773,range_v2_conservative
TATN,2023-02-16 18:30:00+00:00,2023-02-16 19:00:00+00:00,1,2023-02-16 18:30:00+00:00,317.29,3.035857139472035,312.73621429079196,321.8437857092081,-0.016357275678401454,-0.06985553684547266,1.492857142857137,0.004783265436902073,4.599999999999966,0.014738865748157531,3.3999999999999773,0.010893944248638184,0.000639887081339685,581.4152341311635,2,0.0,range_v2_conservative
TATN,2023-02-20 10:30:00+00:00,2023-02-21 10:00:00+00:00,1,2023-02-20 10:30:00+00:00,316.094,1.5402636932530358,313.78360446012044,318.40439553987954,-0.00915550437528079,-0.12629968549689988,1.2142857142857142,0.0038770297390987043,1.7000000000000455,0.005427841634738331,1.0,0.0031928480204342275,0.0019373611764705793,1761.4546549289726,29,-1.1999999999999886,range_v2_conservative
TATN,2023-02-22 14:00:00+00:00,2023-02-24 23:00:00+00:00,1,2023-02-22 14:00:00+00:00,314.68399999999997,1.0702584085542715,313.07861238716856,316.2893876128314,-0.005351400134738243,-0.02448392728965743,0.8857142857142841,0.0028297581013235914,0.9000000000000341,0.002875399361022473,0.6999999999999886,0.0022364217252395804,-0.0007270629032258207,-662.3284841037878,48,-0.5,range_v2_conservative
TATN,2023-02-24 23:30:00+00:00,2023-02-27 09:30:00+00:00,1,2023-02-24 23:30:00+00:00,313.184,0.3872245562966071,312.6031631655551,313.76483683444496,-0.0018647185041381525,-0.002722938153610955,0.4928571428571412,0.0015766383328763313,0.5,0.001599488163787588,0.0999999999999659,0.00031989763275740846,-0.002319089855072495,-2111.0724991103234,2,0.0,range_v2_conservative
TATN,2023-02-27 09:30:00+00:00,2023-02-27 10:00:00+00:00,1,2023-02-27 09:30:00+00:00,313.144,0.4238598149310406,312.50821027760344,313.7797897223966,-0.00429195513884984,-0.5569532289181057,0.49999999999999595,0.001603592046183438,0.0,0.0,0.0,0.0,0.0025105199999999528,2280.031883367508,2,0.0,range_v2_conservative
TATN,2023-02-27 12:30:00+00:00,2023-02-27 16:00:00+00:00,1,2023-02-27 12:30:00+00:00,313.1,0.46291004973097516,312.40563492540355,313.7943650745965,-0.002874480996486854,-0.148074070058219,0.8571428571428531,0.002745492815960452,0.6999999999999886,0.0022421524663676765,0.30000000000001137,0.0009609224855861992,0.004493953333333341,4091.614711791269,8,0.0,range_v2_conservative
TATN,2023-03-09 10:30:00+00:00,2023-03-09 12:00:00+00:00,1,2023-03-09 10:30:00+00:00,336.80800000000005,0.8689284979476292,335.50460725307863,338.11139274692147,-0.0041804232678560845,-0.0401288304410679,0.7285714285714197,0.0021722463582928434,0.6999999999999886,0.0020870602265950764,0.30000000000001137,0.0008944543828265098,-0.0022887392156862403,-2093.1955896026025,4,-1.099999999999966,range_v2_conservative
TATN,2023-03-09 12:00:00+00:00,2023-03-09 18:00:00+00:00,1,2023-03-09 12:00:00+00:00,336.61,1.023050659993399,335.0754240100099,338.14457598999013,-0.007456700632779747,-0.31781548009758587,0.8499999999999943,0.0025441484585453284,1.0,0.0029931158335827594,0.5,0.0014965579167913797,0.0020355058823529146,1857.337108536875,13,-0.30000000000001137,range_v2_conservative
TATN,2023-03-10 09:30:00+00:00,2023-03-10 14:30:00+00:00,1,2023-03-10 09:30:00+00:00,335.56600000000003,0.8714543320871708,334.25881850186926,336.8731814981308,-0.004964746130418617,-0.13724892158524976,0.9500000000000008,0.002845163222521716,0.0,0.0,0.0,0.0,-0.0023844210526315535,-2180.1402458605567,11,-1.1999999999999886,range_v2_conservative
TATN,2023-03-10 14:30:00+00:00,2023-03-10 18:30:00+00:00,1,2023-03-10 14:30:00+00:00,335.08,1.1439280696023268,333.3641078955965,336.7958921044035,-0.009191834785722766,-0.3974923283625335,1.1785714285714246,0.0035499139414801946,1.1999999999999886,0.003614457831325267,0.6999999999999886,0.002108433734939725,0.002232787878787886,2036.6301694052338,9,0.0,range_v2_conservative
TATN,2023-03-13 15:00:00+00:00,2023-03-13 17:30:00+00:00,1,2023-03-13 15:00:00+00:00,334.056,1.1660433708531917,332.3069349437202,335.8050650562798,-0.011842325837584,-0.6308898962324069,1.4642857142857184,0.0044358852295841205,5.199999999999989,0.01575280218115719,3.2999999999999545,0.009996970614965024,0.0029582478048780334,2704.38092773198,6,0.0,range_v2_conservative
TATN,2023-03-16 14:30:00+00:00,2023-03-17 10:00:00+00:00,1,2023-03-16 14:30:00+00:00,338.316,1.7324466596184214,335.71733001057237,340.9146699894276,-0.008027997493467503,-0.02257501165013054,1.0999999999999903,0.0032777115613825693,2.3999999999999773,0.0071513706793801465,1.7999999999999545,0.005363528009535025,0.001208154545454546,1107.7420958577418,21,-1.6000000000000227,range_v2_conservative
TATN,2023-03-22 10:00:00+00:00,2023-03-22 21:30:00+00:00,1,2023-03-22 10:00:00+00:00,352.714,1.802606955655319,350.010089566517,355.417910433483,-0.00939571437481932,-0.11281615673400383,1.3571428571428572,0.003884209665549105,3.6000000000000227,0.010303377218088217,1.5,0.004293073840870063,0.0011152621052631833,1023.8055786969853,24,-0.5999999999999659,range_v2_conservative
TATN,2023-03-23 11:00:00+00:00,2023-03-23 16:00:00+00:00,1,2023-03-23 11:00:00+00:00,350.67800000000005,1.4331768621530991,348.5282347067704,352.82776529322973,-0.009347606636287639,-0.2624088104695857,0.9857142857142784,0.002837404391808516,2.5,0.007196315486470928,2.3000000000000114,0.006620610247553286,-0.002921120289855094,-2684.565900337847,11,-2.099999999999966,range_v2_conservative
TATN,2023-03-23 16:00:00+00:00,2023-03-24 12:00:00+00:00,1,2023-03-23 16:00:00+00:00,349.37800000000004,1.8139245984394992,346.6571131023408,352.09888689765927,-0.012817063467075961,-0.32289344769392636,1.6000000000000025,0.004639025804581046,1.7000000000000455,0.004928964917367485,0.6000000000000227,0.0017396346767179552,0.0016358187499999975,1498.957526066635,22,-0.8999999999999773,range_v2_conservative
TATN,2023-04-05 09:30:00+00:00,2023-04-05 10:00:00+00:00,1,2023-04-05 09:30:00+00:00,385.31200000000007,2.087146279409133,382.1812805808864,388.44271941911376,-0.010152811228303532,-0.12477652518403971,1.107142857142853,0.00290283916398231,0.0,0.0,0.0,0.0,-0.0028149664516129032,-2583.671027285699,2,0.0,range_v2_conservative
TATN,2023-04-05 10:00:00+00:00,2023-04-05 16:00:00+00:00,1,2023-04-05 10:00:00+00:00,385.26800000000003,2.2020806487247864,381.96487902691285,388.5711209730872,-0.017047873168807272,-0.49421124044715686,1.414285714285711,0.003734580708438635,5.600000000000023,0.01478743068391873,2.8000000000000114,0.007393715341959365,0.004296359595959606,3932.243173900564,13,0.0,range_v2_conservative
TATN,2023-04-11 16:30:00+00:00,2023-04-12 10:00:00+00:00,1,2023-04-11 16:30:00+00:00,400.20599999999996,2.304335753553692,396.74949636966943,403.6625036303305,-0.013508043357670673,-0.2820040969381242,2.0142857142857054,0.005102040816326508,6.599999999999966,0.016717325227963438,3.3999999999999773,0.008611955420466002,-0.0022488219858156243,-2067.077265527946,17,-1.6999999999999886,range_v2_conservative
TATN,2023-04-12 10:00:00+00:00,2023-04-12 17:00:00+00:00,1,2023-04-12 10:00:00+00:00,398.654,3.377549528301234,393.58767570754816,403.72032429245183,-0.019952138947558554,-0.28498725514377643,2.157142857142856,0.005521225638963031,8.899999999999977,0.022779626311748086,4.400000000000034,0.011261837727156474,0.002486552980132457,2280.4554799925995,15,0.0,range_v2_conservative
TATN,2023-04-12 17:00:00+00:00,2023-04-12 22:00:00+00:00,1,2023-04-12 17:00:00+00:00,396.6039999999999,3.5339727312345715,391.3030409031481,401.90495909685177,-0.00026222630129783906,0.4901904543970456,1.7357142857142824,0.004377589623491255,1.0,0.0025220680958385876,0.5,0.0012610340479192938,-0.000654128395061723,-601.4027904212444,11,-1.8000000000000114,range_v2_conservative
TATN,2023-04-14 11:00:00+00:00,2023-04-14 16:00:00+00:00,1,2023-04-14 11:00:00+00:00,394.736,0.7837013174084335,393.5604480238873,395.91155197611266,-0.0043978760488022125,-0.23837653939412085,0.8357142857142809,0.002126499454743717,1.2999999999999545,0.0033078880407123525,0.8999999999999773,0.0022900763358778046,0.0010365623931624128,952.3875470092657,11,-1.0,range_v2_conservative
TATN,2023-04-19 15:00:00+00:00,2023-04-19 16:30:00+00:00,1,2023-04-19 15:00:00+00:00,399.274,1.0009811512259532,397.7725282731611,400.77547172683893,-0.003942155011345623,-0.02415239390280698,1.0642857142857045,0.002676101871475244,1.1999999999999886,0.0030173497611264487,0.6000000000000227,0.0015086748805632959,-0.0031328805369127593,-2881.4562804397497,4,-0.6999999999999886,range_v2_conservative
TATN,2023-04-19 16:30:00+00:00,2023-04-19 18:30:00+00:00,1,2023-04-19 16:30:00+00:00,399.12200000000007,1.2392048140772225,397.2631927788842,400.9808072211159,-0.010828769148280622,-0.6625734909200365,1.471428571428569,0.003727022723983204,4.300000000000011,0.01089159067882475,3.099999999999966,0.007852077001013084,0.003099178640776704,2841.5289276680655,5,0.0,range_v2_conservative
TATN,2023-04-19 23:30:00+00:00,2023-04-20 11:00:00+00:00,1,2023-04-19 23:30:00+00:00,398.744,1.3933017604676108,396.6540473592986,400.83395264070145,-0.005878458359248166,-0.060778257447346176,1.4857142857142907,0.0037480178751621864,0.6000000000000227,0.0015136226034309353,0.4000000000000341,0.0010090817356206714,-0.0020415634615384318,-1877.639576271692,5,-1.3999999999999773,range_v2_conservative
TATN,2023-04-20 11:00:00+00:00,2023-04-20 14:30:00+00:00,1,2023-04-20 11:00:00+00:00,398.51800000000003,1.7309534944081815,395.92156975838776,401.1144302416123,-0.011838862987368243,-0.40855512395171256,1.3214285714285714,0.003355582964521512,3.3999999999999773,0.008633824276282318,1.1999999999999886,0.0030472320975113982,0.012144939459459459,11146.978267205963,8,-2.3000000000000114,range_v2_conservative
TATN,2023-04-26 15:00:00+00:00,2023-04-27 10:00:00+00:00,1,2023-04-26 15:00:00+00:00,409.54,1.3925457526655762,407.45118137100167,411.6288186289984,-0.00669043316892125,-0.15587312415772422,1.0214285714285682,0.0025108863604438748,2.1000000000000227,0.00516224188790566,1.6999999999999886,0.0041789577187806995,0.006016338461538448,5589.034219026368,20,-0.30000000000001137,range_v2_conservative
TATN,2023-04-28 13:00:00+00:00,2023-04-28 21:00:00+00:00,1,2023-04-28 13:00:00+00:00,410.566,2.5286610153219513,406.7730084770171,414.3589915229829,-0.01233906363410505,-0.16781061456419322,1.492857142857125,0.003681521930597102,4.399999999999977,0.010850801479654691,4.0,0.009864364981504316,-0.001503204784689021,-1404.842676109777,17,-2.5,range_v2_conservative
TATN,2023-04-28 21:00:00+00:00,2023-05-02 16:30:00+00:00,1,2023-04-28 21:00:00+00:00,409.212,3.813758122928871,403.4913628156067,414.9326371843933,-0.01346979071972474,0.018235484760551514,1.078571428571422,0.002671715205775135,0.8000000000000114,0.001981669556601465,0.10000000000002274,0.00024770869457523594,-0.002912278145695371,-2717.6221195784756,21,-1.8999999999999773,range_v2_conservative
TATN,2023-05-02 16:30:00+00:00,2023-05-02 17:00:00+00:00,1,2023-05-02 16:30:00+00:00,405.996,3.2292641481575166,401.1521037777637,410.83989622223623,-0.012305539956058634,-0.01570056115833822,1.5499999999999952,0.0038653366583541026,2.0,0.004987531172069825,0.8999999999999773,0.0022443890274313648,-0.003313503225806455,-3083.0245545564317,2,0.0,range_v2_conservative
TATN,2023-05-02 17:00:00+00:00,2023-05-02 22:00:00+00:00,1,2023-05-02 17:00:00+00:00,405.67600000000004,3.381013010828551,400.60448048375724,410.74751951624285,-0.02311204015026778,-0.4243777895333995,1.6857142857142793,0.004253631808514457,5.399999999999977,0.013626040878122577,4.699999999999989,0.011859702245773375,0.0009265330508474612,859.2292961188479,11,-1.3000000000000114,range_v2_conservative
TATN,2023-05-02 23:00:00+00:00,2023-05-03 10:00:00+00:00,1,2023-05-02 23:00:00+00:00,402.54,3.0795573495534874,397.9206639756698,407.15933602433023,-0.013265762408704803,-0.07800514747942769,1.8714285714285706,0.004711552294633863,1.0,0.0025176233635448137,0.9000000000000341,0.0022658610271904184,-0.006852134351145029,-6360.279953271877,4,-1.8999999999999773,range_v2_conservative
TATN,2023-05-03 10:00:00+00:00,2023-05-03 12:30:00+00:00,1,2023-05-03 10:00:00+00:00,401.81199999999995,4.093281703211038,395.6720774451834,407.9519225548165,-0.042338207918130734,-0.8853594933908895,2.2071428571428595,0.005735818235818242,12.0,0.031185031185031183,10.5,0.027286902286902285,0.0038361495145630923,3536.387130080196,6,0.0,range_v2_conservative
TATN,2023-05-03 12:30:00+00:00,2023-05-03 17:00:00+00:00,1,2023-05-03 12:30:00+00:00,400.574,5.04375993535738,393.00836009696394,408.1396399030361,-0.017160374862072985,0.04570927984283885,2.6785714285714284,0.0068035850357415,1.1999999999999886,0.0030480060960121633,1.0,0.00254000508001016,-0.0022873386666666627,-2116.6915626066657,10,-2.6999999999999886,range_v2_conservative
TATN,2023-05-03 17:00:00+00:00,2023-05-03 18:30:00+00:00,1,2023-05-03 17:00:00+00:00,398.374,5.635195884160922,389.92120617375866,406.8267938262414,-0.026040856079965116,-0.11364326477444382,2.757142857142859,0.007106038291605306,4.800000000000011,0.012371134020618586,4.399999999999977,0.011340206185566951,-0.0015677497409326332,-1447.469189838785,4,-1.3000000000000114,range_v2_conservative
TATN,2023-05-03 18:30:00+00:00,2023-05-04 17:30:00+00:00,1,2023-05-03 18:30:00+00:00,397.32,6.132948819637523,388.1205767705437,406.51942322945627,-0.03327292862176576,-0.2185233068563437,2.4071428571428606,0.00626696916725556,3.5,0.009112210361884926,2.6999999999999886,0.007029419422025484,-0.0004660047477744989,-429.5775064106121,28,-2.5,range_v2_conservative
TATN,2023-05-05 12:30:00+00:00,2023-05-05 14:00:00+00:00,1,2023-05-05 12:30:00+00:00,385.786,2.420660223611606,382.15500966458256,389.41699033541744,-0.012146630515363384,-0.1452785007841742,2.492857142857137,0.006541215279079342,6.5,0.01705589084229861,3.3999999999999773,0.008921542902125367,0.001675077936962741,1543.4187760920681,4,0.0,range_v2_conservative
TATN,2023-05-05 20:00:00+00:00,2023-05-08 10:30:00+00:00,1,2023-05-05 20:00:00+00:00,385.69800000000004,2.2389401646834113,382.3395897529749,389.05641024702516,-0.008810001607475342,-0.005894121036876537,1.6857142857142915,0.004409401741340024,2.6000000000000227,0.006800941668846515,1.099999999999966,0.0028773214752811035,0.0014689796610169305,1355.7868336595216,11,-0.10000000000002274,range_v2_conservative
TATN,2023-05-11 21:00:00+00:00,2023-05-12 16:30:00+00:00,1,2023-05-11 21:00:00+00:00,401.962,1.5825438059550374,399.5881842910674,404.33581570893256,-0.011598111264248805,-0.4819633391204441,1.7857142857142858,0.004494624429182697,6.0,0.015101938082053862,2.8999999999999773,0.007299270072992643,0.0021046759999999933,1945.352823786774,21,-0.6999999999999886,range_v2_conservative
TATN,2023-05-17 14:00:00+00:00,2023-05-18 09:30:00+00:00,1,2023-05-17 14:00:00+00:00,406.20799999999997,0.9512269197559792,404.781159620366,407.63484037963394,-0.003712383803371626,-0.028440329249312613,0.8428571428571315,0.002082671467400869,0.6999999999999886,0.001729676303434615,0.30000000000001137,0.0007412898443291609,0.001486562711864413,1376.9223664686817,21,-0.5,range_v2_conservative
TATN,2023-05-31 09:30:00+00:00,2023-05-31 17:00:00+00:00,1,2023-05-31 09:30:00+00:00,442.59799999999996,2.972217614981793,438.1396735775273,447.05632642247264,-0.010388659686668167,-0.015664350732960696,2.2071428571428555,0.005039138943248528,0.0,0.0,0.0,0.0,0.002632937864077677,2442.3728089362958,16,0.0,range_v2_conservative
TATN,2023-06-07 21:30:00+00:00,2023-06-08 10:00:00+00:00,1,2023-06-07 21:30:00+00:00,471.476,1.4414505165328118,469.3138242252008,473.6381757747992,-0.004827393122873721,-0.026321686360437455,0.9714285714285731,0.0020703933747412044,0.6000000000000227,0.0012787723785166725,0.4000000000000341,0.0008525149190111554,0.0023478823529411844,2183.6832632145406,7,0.0,range_v2_conservative
TATN,2023-06-09 13:00:00+00:00,2023-06-09 16:00:00+00:00,1,2023-06-09 13:00:00+00:00,471.07,1.2998037527620254,469.120294370857,473.019705629143,-0.004394251385144444,-0.03084936747858112,0.8642857142857119,0.0018428266829119656,1.1999999999999886,0.002558635394456266,0.6999999999999886,0.0014925373134328115,0.0032170727272727495,2999.111899772688,7,0.0,range_v2_conservative
TATN,2023-06-19 10:00:00+00:00,2023-06-20 16:00:00+00:00,1,2023-06-19 10:00:00+00:00,510.05800000000005,3.6215956568633465,504.62560651470505,515.490393485295,-0.012661305184900593,-0.09439729628213214,2.028571428571439,0.004028140247361873,9.5,0.01886417791898332,4.099999999999966,0.008141382049245366,-0.0033260549295774703,-3110.6856281959217,42,-3.2000000000000455,range_v2_conservative
TATN,2023-06-20 16:00:00+00:00,2023-06-20 18:30:00+00:00,1,2023-06-20 16:00:00+00:00,504.316,3.0516880574150607,499.7384679138774,508.89353208612255,-0.01371362399765226,-0.25542889376644834,2.178571428571433,0.004379918432994437,9.0,0.018094089264173704,5.300000000000011,0.010655408122235649,0.002775029508196726,2586.7080586640677,6,0.0,range_v2_conservative
TATN,2023-06-23 21:30:00+00:00,2023-06-23 22:00:00+00:00,1,2023-06-23 21:30:00+00:00,505.022,1.6602544677637792,502.5316182983543,507.51238170164567,-0.006775942434190924,-0.18704327488004546,1.7285714285714195,0.0034461152882205334,5.0,0.00996810207336523,3.5,0.006977671451355662,-0.0034975181818182005,-3269.213640302767,2,0.0,range_v2_conservative
TATN,2023-06-23 22:00:00+00:00,2023-06-26 18:00:00+00:00,1,2023-06-23 22:00:00+00:00,504.91,2.0354260447001735,501.85686093294976,507.9631390670503,-0.017448654215602783,-0.9427773852619851,2.1785714285714164,0.0043913957439456084,7.399999999999977,0.014916347510582498,5.399999999999977,0.01088490223745208,0.0014460026229508227,1346.8858390458652,22,-2.400000000000034,range_v2_conservative
TATN,2023-06-26 18:00:00+00:00,2023-06-26 18:30:00+00:00,1,2023-06-26 18:00:00+00:00,502.04600000000005,3.212933683864545,497.2265994742032,506.8654005257969,-0.00447369364560227,0.26698346734434447,1.107142857142853,0.0022151717829989055,1.8000000000000114,0.0036014405762305147,0.4000000000000341,0.0008003201280512887,-0.0022108167741935877,-2062.253239595637,2,0.0,range_v2_conservative
TATN,2023-06-26 18:30:00+00:00,2023-06-26 21:30:00+00:00,1,2023-06-26 18:30:00+00:00,501.93,3.2564065583458524,497.0453901624812,506.8146098375188,-0.008029008029008088,0.08747984649198354,1.1214285714285666,0.0022523168737267857,2.5,0.005021088572002411,1.900000000000034,0.0038160273147219005,-0.0036059719745223083,-3356.2196987809575,7,0.0,range_v2_conservative
TATN,2023-06-26 21:30:00+00:00,2023-06-27 11:30:00+00:00,1,2023-06-26 21:30:00+00:00,501.27200000000005,3.436481351819163,496.1172779722713,506.4267220277288,-0.01370912398857321,-0.16657328591470286,1.8142857142857045,0.0036696717521960045,4.300000000000011,0.00869741100323627,3.7000000000000455,0.00748381877022663,0.0030587519685039656,2836.63470994647,10,0.0,range_v2_conservative
TATN,2023-06-27 18:30:00+00:00,2023-06-28 09:30:00+00:00,1,2023-06-27 18:30:00+00:00,498.74,1.6012750021216489,496.33808749681754,501.1419125031825,-0.006897381401130845,-0.2160960266958279,1.8785714285714212,0.0037927951313777935,2.099999999999966,0.004239854633555352,1.599999999999966,0.0032303654350897756,0.0019432585551330812,1807.6573478877617,12,0.0,range_v2_conservative
TATN,2023-07-03 10:30:00+00:00,2023-07-03 22:30:00+00:00,1,2023-07-03 10:30:00+00:00,505.204,1.8335824196269674,502.45362637055956,507.95437362944045,-0.007925511278612242,-0.22790110353381676,1.4285714285714124,0.0028503021320259625,3.099999999999966,0.00618515562649634,1.6000000000000227,0.0031923383878691594,-0.0017843840000000204,-1663.0946651808463,25,0.0,range_v2_conservative
TATN,2023-07-03 22:30:00+00:00,2023-07-04 10:00:00+00:00,1,2023-07-03 22:30:00+00:00,504.11199999999997,2.1476745848050935,500.8904881227923,507.3335118772076,-0.009743866442377841,-0.26237496356176665,1.1999999999999886,0.002403846153846131,2.5,0.005008012820512821,2.5,0.005008012820512821,-0.004120233333333353,-3833.3177575799664,5,0.0,range_v2_conservative
TATN,2023-07-04 10:00:00+00:00,2023-07-04 18:30:00+00:00,1,2023-07-04 10:00:00+00:00,503.494,2.549542575974623,499.6696861360381,507.318313863962,-0.0172673358570311,-0.636674487144882,1.5714285714285634,0.003175886361011648,8.899999999999977,0.01798706548100238,5.300000000000011,0.010711398544866635,0.0020691618181818356,1917.1424095724476,18,-1.6999999999999886,range_v2_conservative
TATN,2023-07-04 18:30:00+00:00,2023-07-04 19:30:00+00:00,1,2023-07-04 18:30:00+00:00,499.504,4.090205323893207,493.3686920141602,505.6393079858398,-0.0018097953169544114,0.42632806681535673,1.2285714285714238,0.0024640421752335014,1.8000000000000114,0.00361010830324912,0.7000000000000455,0.0014039310068191845,-0.0015847023255814293,-1471.3138086935157,3,-1.3000000000000114,range_v2_conservative
TATN,2023-07-07 09:30:00+00:00,2023-07-07 18:00:00+00:00,1,2023-07-07 09:30:00+00:00,500.41,1.1592133151287978,498.67118002730683,502.1488199726932,-0.006015067644531579,-0.3655295106076944,1.0714285714285754,0.0021540582457349727,0.0,0.0,0.0,0.0,0.0018201026666666603,1687.1928578223792,18,-0.2999999999999545,range_v2_conservative
TATN,2023-07-10 09:30:00+00:00,2023-07-10 10:30:00+00:00,1,2023-07-10 09:30:00+00:00,499.194,3.392633676817138,494.1050494847743,504.2829505152257,-0.045060637748049914,-1.7100824062544888,2.9357142857142793,0.006158410500764169,0.0,0.0,0.0,0.0,0.003700322627737246,3436.3562078452637,3,0.0,range_v2_conservative
TATN,2023-07-10 10:30:00+00:00,2023-07-11 10:30:00+00:00,1,2023-07-10 10:30:00+00:00,498.63,4.247412177296803,492.2588817340548,505.0011182659452,-0.021117862944467786,-0.32638553864905967,3.7071428571428555,0.007595047853191672,4.100000000000023,0.008399918049580051,3.7000000000000455,0.0075804138496210725,0.0008790894026974833,819.3994967098807,30,-2.900000000000034,range_v2_conservative
TATN,2023-07-17 09:30:00+00:00,2023-07-17 10:00:00+00:00,1,2023-07-17 09:30:00+00:00,495.468,0.9736193782196543,494.00757093267055,496.9284290673295,-0.0033665140836542547,-0.07106505112572759,0.799999999999991,0.0016200891049007514,0.0,0.0,0.0,0.0,0.00181827500000002,1696.304568109688,2,0.0,range_v2_conservative
TATN,2023-07-19 13:00:00+00:00,2023-07-20 11:00:00+00:00,1,2023-07-19 13:00:00+00:00,497.24,0.7211102549313378,496.158334617603,498.32166538239704,-0.0028959858418469908,-0.16564023561929705,0.7142857142857183,0.0014406730824641353,1.6999999999999886,0.0034288019362645997,1.1999999999999886,0.0024203307785397106,-0.0034206060000000283,-3196.953114035741,26,-0.6999999999999886,range_v2_conservative
TATN,2023-07-20 11:00:00+00:00,2023-07-20 11:30:00+00:00,1,2023-07-20 11:00:00+00:00,496.884,0.8834902952540821,495.5587645571189,498.20923544288115,-0.006005425813670871,-0.625837682665901,0.7714285714285763,0.001561912475052797,1.7000000000000455,0.0034419923061349373,1.1000000000000227,0.002227171492204946,-0.0023875962962962216,-2223.852678329071,2,0.0,range_v2_conservative
TATN,2023-07-20 11:30:00+00:00,2023-07-20 13:00:00+00:00,1,2023-07-20 11:30:00+00:00,496.77799999999996,1.0595127874198371,495.1887308188702,498.3672691811297,-0.008410195298503438,-0.8144406402664892,0.8142857142857167,0.0016530363668000746,1.6999999999999886,0.0034510759236702974,1.2999999999999545,0.0026390580592772117,-0.004222928070175468,-3923.9244889576744,4,-1.400000000000034,range_v2_conservative
TATN,2023-07-20 13:00:00+00:00,2023-07-20 22:00:00+00:00,1,2023-07-20 13:00:00+00:00,496.402,1.7798750242105184,493.7321874636842,499.07181253631575,-0.01350115430638877,-0.7551443048597906,1.5357142857142898,0.0031360308060328565,3.6000000000000227,0.007351439656932863,1.8000000000000114,0.0036757198284664313,-0.0009361637209302151,-866.2053993110469,19,-1.3000000000000114,range_v2_conservative
TATN,2023-07-20 22:30:00+00:00,2023-07-21 11:00:00+00:00,1,2023-07-20 22:30:00+00:00,493.85400000000004,2.9269479820393896,489.463578026941,498.2444219730591,-0.010841260777476828,-0.1097363798803146,1.4071428571428524,0.0028805380903640784,0.8000000000000114,0.0016376663254862056,0.19999999999998863,0.0004094165813715223,0.0025996152284263963,2403.0974951610683,7,0.0,range_v2_conservative
TATN,2023-07-21 11:00:00+00:00,2023-07-21 11:30:00+00:00,1,2023-07-21 11:00:00+00:00,493.148,3.054353867970953,488.5664691980436,497.72953080195646,-0.0009084493904467541,0.4511080445198875,1.3071428571428458,0.002653019803415559,1.3999999999999773,0.0028414856910898667,0.8999999999999773,0.0018266693728434692,-0.00010894754098358139,-100.97347072637194,2,0.0,range_v2_conservative
TATN,2023-08-04 19:30:00+00:00,2023-08-07 10:00:00+00:00,1,2023-08-04 19:30:00+00:00,547.9119999999999,8.505043881621443,535.1544341775677,560.6695658224321,-0.02539093869088453,-0.04524508019930592,8.014285714285718,0.015008025682182992,10.600000000000023,0.019850187265917644,3.5,0.006554307116104869,0.002469360427807483,2288.37407114544,11,0.0,range_v2_conservative
TATN,2023-08-14 21:00:00+00:00,2023-08-15 10:30:00+00:00,1,2023-08-14 21:00:00+00:00,582.306,8.416781342235828,569.6808279866462,594.9311720133538,-0.023022259774070783,-0.030923459332687975,8.642857142857135,0.015192225598272342,9.899999999999977,0.01740200386711193,5.899999999999977,0.010370891193531337,0.0022506561983471124,2090.8496318003913,9,0.0,range_v2_conservative
TATN,2023-08-16 11:00:00+00:00,2023-08-16 15:00:00+00:00,1,2023-08-16 11:00:00+00:00,581.146,6.29140035024703,571.7088994746294,590.5831005253705,-0.022964969215997364,-0.2071027782379178,3.657142857142852,0.006440899713178677,7.7000000000000455,0.013561113067981766,6.800000000000068,0.011976047904191737,-0.0028748371093749977,-2676.7217834556463,9,-6.599999999999909,range_v2_conservative
TATN,2023-08-16 15:00:00+00:00,2023-08-17 11:30:00+00:00,1,2023-08-16 15:00:00+00:00,577.5120000000001,7.7757771446858275,565.8483342829713,589.1756657170288,-0.03395946750890038,-0.34073054200134306,5.84285714285714,0.010472947020715433,7.7000000000000455,0.013801756587202089,3.1000000000000227,0.005556551353289161,0.0018610176039119818,1727.786786329878,23,-0.6999999999999318,range_v2_conservative
TATN,2023-08-17 11:30:00+00:00,2023-08-17 12:00:00+00:00,1,2023-08-17 11:30:00+00:00,569.562,8.462688577450509,556.8679671338242,582.2560328661758,-0.00028442908761475404,0.4936190491348224,2.9857142857142662,0.0052436148326558945,3.8999999999999773,0.006849315068493111,2.0,0.0035124692658939235,-0.0019829459330143514,-1844.4123369638896,2,0.0,range_v2_conservative
TATN,2023-08-17 12:00:00+00:00,2023-08-17 14:00:00+00:00,1,2023-08-17 12:00:00+00:00,569.13,8.168262373590165,556.8776064396147,581.3823935603853,-0.008838051060390373,0.2947339850287256,3.1642857142856946,0.005609441081875013,7.199999999999932,0.01276369438042888,5.2999999999999545,0.009395497252260156,0.0009403480812641213,872.9186068552006,5,-3.1000000000000227,range_v2_conservative
TATN,2023-08-23 15:30:00+00:00,2023-08-24 19:00:00+00:00,1,2023-08-23 15:30:00+00:00,586.188,3.150422064326307,581.4623669035105,590.9136330964894,-0.013285840037667116,-0.32401657523787875,2.8428571428571314,0.004915036554040684,5.399999999999977,0.009336099585062202,3.6000000000000227,0.006224066390041533,0.0014276447236181119,1326.5189204381247,37,-4.399999999999977,range_v2_conservative
TATN,2023-08-29 16:00:00+00:00,2023-08-29 19:00:00+00:00,1,2023-08-29 16:00:00+00:00,587.086,1.2721522818824071,585.1777715771764,588.9942284228237,-0.004064140517743511,-0.12518720805692632,1.885714285714276,0.003225097119401874,1.8000000000000682,0.0030785017957928305,1.2999999999999545,0.002223362408072438,0.0010361962121211692,964.1728112991082,7,0.0,range_v2_conservative
TATN,2023-09-07 17:00:00+00:00,2023-09-08 21:30:00+00:00,1,2023-09-07 17:00:00+00:00,609.122,4.388216596493149,602.5396751052602,615.7043248947397,-0.016453190001346093,-0.2612811704272642,5.178571428571445,0.008643918258339918,8.200000000000045,0.013687197462861034,7.100000000000023,0.011851109998330868,-0.0008023757241379286,-747.378228074009,39,-5.7000000000000455,range_v2_conservative
TATN,2023-09-08 21:30:00+00:00,2023-09-11 09:30:00+00:00,1,2023-09-08 21:30:00+00:00,602.078,6.8860192581967485,591.7489711127048,612.4070288872952,-0.010759403266686297,0.18641776150089176,1.9357142857142793,0.0032500239854168556,1.1000000000000227,0.001846877098724014,0.7999999999999545,0.0013431833445264514,0.002912573431734304,2710.7591848488096,6,-0.5,range_v2_conservative
TATN,2023-09-11 12:00:00+00:00,2023-09-12 10:30:00+00:00,1,2023-09-11 12:00:00+00:00,598.396,3.6235037728138098,592.9607443407792,603.8312556592207,-0.015033522951356596,-0.32755996810734817,3.0214285714285682,0.0051262785399195255,4.7000000000000455,0.007974211062097124,3.8999999999999773,0.0066168985408890015,0.0024633215130023746,2299.313716687417,27,-4.199999999999932,range_v2_conservative
TATN,2023-09-14 11:30:00+00:00,2023-09-14 18:30:00+00:00,1,2023-09-14 11:30:00+00:00,605.7,3.292849395681201,600.7607259064782,610.6392740935219,-0.014363546310054556,-0.38069621519998936,2.5071428571428425,0.004199569274946135,5.300000000000068,0.008877721943048691,4.5,0.007537688442211055,0.00348323190883192,3259.327583383402,15,-1.5,range_v2_conservative
TATN,2023-09-19 15:30:00+00:00,2023-09-19 20:00:00+00:00,1,2023-09-19 15:30:00+00:00,621.208,4.635745762585765,614.2543813561214,628.1616186438786,-0.013373942383227507,-0.09738680142559163,4.885714285714276,0.007971470526536592,6.0,0.009789525208027412,2.3999999999999773,0.003915810083210927,0.00174297748538013,1636.6187371893334,10,0.0,range_v2_conservative
TATN,2023-09-19 22:30:00+00:00,2023-09-20 11:00:00+00:00,1,2023-09-19 22:30:00+00:00,620.928,4.072107211589341,614.819839182616,627.036160817384,-0.010835394763966114,-0.050738610290992685,3.392857142857143,0.005524026608363957,4.2999999999999545,0.007000976880494878,2.3999999999999773,0.003907521979811099,-0.0024072248421052635,-2264.2725674293465,7,-6.0,range_v2_conservative
TATN,2023-09-20 11:00:00+00:00,2023-09-20 21:30:00+00:00,1,2023-09-20 11:00:00+00:00,619.478,5.639919307555276,611.018121038667,627.9378789613329,-0.0206270440596759,-0.25521175057016365,4.2071428571428555,0.006934469848595443,3.2999999999999545,0.005439261579034044,1.1999999999999318,0.0019779133014668398,0.0016933225806451512,1588.9310187797512,22,0.0,range_v2_conservative
TATN,2023-09-20 21:30:00+00:00,2023-09-21 10:00:00+00:00,1,2023-09-20 21:30:00+00:00,615.2779999999999,3.9647575008591693,609.3308637487112,621.2251362512886,-0.0012644690692660983,0.43459036693237724,2.3428571428571234,0.003812623503429005,1.6000000000000227,0.0026037428803905986,1.2000000000000455,0.001952807160292995,-0.0028893097560975948,-2715.7777525989163,7,-3.2999999999999545,range_v2_conservative
TATN,2023-09-21 10:00:00+00:00,2023-09-21 13:30:00+00:00,1,2023-09-21 10:00:00+00:00,613.988,3.1640609400660904,609.241908589901,618.7340914100992,-0.009101155071434748,-0.08869494044188696,2.0071428571428425,0.003299051375974429,5.5,0.009040105193951348,3.6000000000000227,0.0059171597633136475,0.0031502790035587416,2952.5177240467365,8,-1.0,range_v2_conservative
TATN,2023-09-21 15:00:00+00:00,2023-09-21 17:30:00+00:00,1,2023-09-21 15:00:00+00:00,613.068,3.3645474571824647,608.0211788142262,618.1148211857737,-0.009245303946707391,-0.061541591366191736,3.4928571428571495,0.005750505668187602,6.2999999999999545,0.01037207770826466,2.800000000000068,0.004609812314784439,-0.002564951738241291,-2411.5079105812206,6,-2.6000000000000227,range_v2_conservative
TATN,2023-09-21 17:30:00+00:00,2023-09-22 11:00:00+00:00,1,2023-09-21 17:30:00+00:00,611.686,3.7887055567450014,606.0029416648825,617.3690583351175,-0.02057591640155245,-0.6073263072302957,4.171428571428562,0.0069628251901661855,10.199999999999932,0.017025538307461077,5.699999999999932,0.009514271407110551,-0.0020257880136986513,-1899.7135250216004,17,-4.2000000000000455,range_v2_conservative
TATN,2023-09-22 11:00:00+00:00,2023-09-22 16:00:00+00:00,1,2023-09-22 11:00:00+00:00,606.83,7.178404404580236,596.0623933931297,617.5976066068704,-0.025592010942109132,-0.22114447374456753,3.9571428571428475,0.006692276098668777,4.5,0.007610350076103501,3.5,0.005919161170302723,0.0027890577617328705,2610.182930929251,11,-0.6999999999999318,range_v2_conservative
TATN,2023-09-26 10:30:00+00:00,2023-09-26 11:00:00+00:00,1,2023-09-26 10:30:00+00:00,604.764,2.813434243886187,600.5438486341708,608.9841513658292,-0.008208160538656493,-0.0881305633008582,1.5785714285714059,0.002631829657504845,2.8999999999999773,0.004834944981660516,2.1000000000000227,0.0035011670556852666,-0.002822552036199107,-2648.8964439268207,2,0.0,range_v2_conservative
TATN,2023-09-26 11:00:00+00:00,2023-09-26 17:30:00+00:00,1,2023-09-26 11:00:00+00:00,604.784,2.7453381635832432,600.6659927546251,608.9020072453749,-0.014524193761739716,-0.566535277453153,1.7857142857142614,0.002996164908916546,4.699999999999932,0.007885906040268342,3.7999999999999545,0.00637583892617442,0.003940120800000079,3687.27057846391,14,0.0,range_v2_conservative
TATN,2023-10-04 23:30:00+00:00,2023-10-05 13:00:00+00:00,1,2023-10-04 23:30:00+00:00,637.616,2.2041111864769443,634.3098332202845,640.9221667797154,-0.005357456525557609,-0.016610356887975665,1.5928571428571234,0.002511600666756738,1.2999999999999545,0.0020498265531377394,0.0,0.0,0.002070480717488815,1945.2457346701085,9,-0.7000000000000455,range_v2_conservative
TATN,2023-10-05 20:30:00+00:00,2023-10-06 13:30:00+00:00,1,2023-10-05 20:30:00+00:00,636.7460000000001,1.9228178726359673,633.8617731910462,639.630226808954,-0.005411891083729053,-0.09738713843554234,1.085714285714289,0.001714375944598593,2.5,0.003947576188220433,2.5,0.003947576188220433,0.001658465789473679,1561.3780424365514,16,-1.2999999999999545,range_v2_conservative
TATN,2023-10-11 09:30:00+00:00,2023-10-11 21:00:00+00:00,1,2023-10-11 09:30:00+00:00,645.04,4.351588966176134,638.5126165507357,651.5673834492642,-0.03199801562693785,-1.0810316768142805,2.892857142857167,0.004633019126933324,0.0,0.0,0.0,0.0,0.0014200079012345794,1339.0968148793481,24,-1.7999999999999545,range_v2_conservative
TATN,2023-10-11 21:00:00+00:00,2023-10-11 22:00:00+00:00,1,2023-10-11 21:00:00+00:00,638.168,10.58771795187594,622.2864230721862,654.0495769278139,-0.014052725927968749,0.21766027892689768,1.528571428571427,0.002429388793025154,0.7000000000000455,0.0011125238397966392,0.40000000000009095,0.0006357279084553257,-0.0025439439252336773,-2402.39831433124,3,0.0,range_v2_conservative
TATN,2023-10-11 22:00:00+00:00,2023-10-11 23:00:00+00:00,1,2023-10-11 22:00:00+00:00,637.548,10.725712763523747,621.4594308547144,653.6365691452856,-0.0181131459905764,0.14111165213893942,1.6785714285714286,0.0026814240073026016,4.899999999999977,0.007827476038338622,3.7999999999999545,0.00607028753993603,-0.004337819574468099,-4086.0411494337804,3,-2.5,range_v2_conservative
TATN,2023-10-11 23:00:00+00:00,2023-10-12 13:00:00+00:00,1,2023-10-11 23:00:00+00:00,636.5799999999999,11.051308907605755,620.0030366385913,653.1569633614085,-0.02698796694838033,-0.01818899594105429,2.4785714285714238,0.004001568338022964,6.5,0.010494026477236035,4.100000000000023,0.0066193090087181515,-0.003418404610950997,-3206.023699871222,10,-5.899999999999977,range_v2_conservative
TATN,2023-10-12 13:00:00+00:00,2023-10-12 18:30:00+00:00,1,2023-10-12 13:00:00+00:00,631.012,11.576147891240577,613.647778163139,648.3762218368609,-0.030763281839330983,-0.05896544579936127,4.364285714285724,0.007135849761749058,5.100000000000023,0.00833878351863967,1.8999999999999773,0.0031066056245911988,0.0014709004909983655,1374.79966695784,12,0.0,range_v2_conservative
TATN,2023-10-20 12:00:00+00:00,2023-10-20 15:30:00+00:00,1,2023-10-20 12:00:00+00:00,630.86,2.027967716978333,627.8180484245325,633.9019515754675,-0.005960117934248472,-0.11802430228071294,1.7071428571428473,0.0027222817049000914,1.8000000000000682,0.002870355605166749,1.3999999999999773,0.0022324988040184615,0.0015268552301255054,1429.1977407473616,8,0.0,range_v2_conservative
TATN,2023-10-23 13:00:00+00:00,2023-10-24 10:00:00+00:00,1,2023-10-23 13:00:00+00:00,630.006,1.8173101899258446,627.2800347151112,632.7319652848887,-0.004771383129684435,-0.051364321597124174,1.3285714285714139,0.002118933697881043,3.6000000000000227,0.00574162679425841,0.7000000000000455,0.0011164274322169785,-0.0026995236559139916,-2530.7205785734754,24,-0.8999999999999773,range_v2_conservative
TATN,2023-10-24 10:00:00+00:00,2023-10-24 17:30:00+00:00,1,2023-10-24 10:00:00+00:00,628.548,2.130846339443684,625.3517304908345,631.7442695091655,-0.007076627401566752,-0.1958111616127864,1.2714285714285682,0.002037219310092242,7.5,0.012017304919083479,2.6000000000000227,0.004165999038615643,0.0017384382022471773,1625.3329603059158,16,-0.10000000000002274,range_v2_conservative
TATN,2023-10-25 09:30:00+00:00,2023-10-25 10:30:00+00:00,1,2023-10-25 09:30:00+00:00,626.188,0.9863641749251593,624.7084537376122,627.6675462623878,-0.0033344618549061393,-0.2056217345411826,0.9357142857142711,0.0014993018518094391,0.0,0.0,0.0,0.0,-0.002868728244274854,-2686.7473762112872,3,-0.5,range_v2_conservative
TATN,2023-10-25 10:30:00+00:00,2023-10-25 13:30:00+00:00,1,2023-10-25 10:30:00+00:00,626.0319999999999,1.1882829319616612,624.2495756020575,627.8144243979424,-0.006280829094998184,-0.6029920832936295,1.099999999999982,0.0017682044687349012,1.7999999999999545,0.002893425494293449,1.6000000000000227,0.0025719337727053895,-0.0029831363636364325,-2785.8829594153012,7,-1.1000000000000227,range_v2_conservative
TATN,2023-10-25 13:30:00+00:00,2023-10-25 20:30:00+00:00,1,2023-10-25 13:30:00+00:00,625.374,1.8454367327415158,622.6058449008877,628.1421550991123,-0.009392779360830517,-0.5609954626248657,1.5857142857142807,0.0025596679349705904,3.5,0.005649717514124294,1.8999999999999773,0.003066989507667437,0.0017750360360360416,1652.7205959155126,15,-0.20000000000004547,range_v2_conservative
TATN,2023-10-25 20:30:00+00:00,2023-10-26 10:00:00+00:00,1,2023-10-25 20:30:00+00:00,623.772,2.605021837789562,619.8644672433157,627.6795327566844,-0.0012376316987618042,0.4012164391098898,0.9642857142857143,0.0015478101352900712,0.8999999999999773,0.0014446227929373631,0.39999999999997726,0.0006420545746388078,0.0010503422222222696,979.7004188220554,9,-0.7000000000000455,range_v2_conservative
TATN,2023-10-26 18:00:00+00:00,2023-10-26 21:00:00+00:00,1,2023-10-26 18:00:00+00:00,622.508,2.0230145216846003,619.4734782174731,625.5425217825269,-0.004992706921035651,-0.012107050589694534,1.9571428571428473,0.0031597398403985268,1.8999999999999773,0.0030674846625766503,0.6000000000000227,0.0009686793671295169,-0.0018282518248175159,-1707.0820819640257,7,-2.5,range_v2_conservative
TATN,2023-10-26 21:00:00+00:00,2023-10-26 23:30:00+00:00,1,2023-10-26 21:00:00+00:00,621.682,2.3250797659883604,618.1943803510175,625.1696196489826,-0.008335451243561847,-0.24291358025691795,1.857142857142849,0.0030123971729811012,0.7000000000000455,0.001135442011354494,0.39999999999997726,0.0006488240064882032,-0.0019249784615384578,-1794.1119400984744,6,-0.39999999999997726,range_v2_conservative
TATN,2023-10-26 23:30:00+00:00,2023-10-27 11:00:00+00:00,1,2023-10-26 23:30:00+00:00,621.094,2.886803896099018,616.7637941558515,625.4242058441486,-0.012065806464077946,-0.3653168313149381,1.6428571428571428,0.0026774073384242874,3.1000000000000227,0.005052151238591953,2.5,0.004074315514993481,0.0031765086956521593,2954.8599200711096,5,-0.10000000000002274,range_v2_conservative
TATN,2023-10-27 11:00:00+00:00,2023-10-27 12:30:00+00:00,1,2023-10-27 11:00:00+00:00,620.88,3.135706150305248,616.1764407745421,625.5835592254579,-0.00222265172013915,0.35330258067860726,1.5142857142857176,0.0024443675775394956,1.3999999999999773,0.0022598870056496807,1.2000000000000455,0.0019370460048426883,0.0011991132075471673,1118.9853198873052,4,0.0,range_v2_conservative
TATN,2023-10-27 13:30:00+00:00,2023-10-27 16:30:00+00:00,1,2023-10-27 13:30:00+00:00,620.8520000000001,3.281005321270433,615.9304920180945,625.7735079819057,-0.011358584654636102,-0.21644707536058724,2.2214285714285813,0.0036191407159149257,7.7999999999999545,0.012707722385141666,7.5,0.012218963831867059,0.0026188868167202456,2446.8164308682417,7,0.0,range_v2_conservative
TATN,2023-10-31 10:30:00+00:00,2023-10-31 11:30:00+00:00,1,2023-10-31 10:30:00+00:00,621.316,2.1991055695355692,618.0173416456967,624.6146583543034,-0.006785597023092932,-0.1390476895705023,1.257142857142875,0.002037178507766772,1.8999999999999773,0.003078917517420154,1.1999999999999318,0.001944579484686326,-0.00268532727272727,-2515.462010238352,3,-1.8000000000000682,range_v2_conservative
TATN,2023-10-31 11:30:00+00:00,2023-10-31 13:30:00+00:00,1,2023-10-31 11:30:00+00:00,621.248,2.369382938666458,617.6939255920004,624.8020744079997,-0.011022973112187194,-0.46340132674013074,1.3357142857142972,0.0021740141369047806,1.1999999999999318,0.001953124999999889,0.8000000000000682,0.0013020833333334445,-0.0031981989304812725,-2987.846090219512,5,-0.7999999999999545,range_v2_conservative
TATN,2023-10-31 13:30:00+00:00,2023-10-31 14:00:00+00:00,1,2023-10-31 13:30:00+00:00,620.802,3.2086293087008273,615.9890560369488,625.6149439630512,-0.016111417166826243,-0.5390729745437526,1.664285714285711,0.002724763775844321,5.5,0.009004584151931894,2.900000000000091,0.004747871643746056,-0.004004889270386274,-3729.5125732785723,2,0.0,range_v2_conservative
TATN,2023-10-31 14:00:00+00:00,2023-11-01 19:30:00+00:00,1,2023-10-31 14:00:00+00:00,620.532,3.913943676380295,614.6610844854296,626.4029155145705,-0.02535243951963812,-0.8398251057229764,2.2285714285714238,0.00368480725623582,8.600000000000023,0.014219576719576759,6.0,0.009920634920634922,0.00028416858974362097,263.56931093505426,41,-1.6999999999999318,range_v2_conservative
TATN,2023-11-01 20:30:00+00:00,2023-11-02 09:30:00+00:00,1,2023-11-01 20:30:00+00:00,608.18,3.419989258812324,603.0500161117815,613.3099838882184,-0.012627840441974333,-0.24854036263523582,2.507142857142859,0.0041750921850838615,10.799999999999955,0.01798501248959193,5.2999999999999545,0.008825978351373779,0.002645010826210806,2453.972086942938,8,0.0,range_v2_conservative
TATN,2023-11-02 14:00:00+00:00,2023-11-03 11:00:00+00:00,1,2023-11-02 14:00:00+00:00,606.68,2.5622056824064754,602.8366914763902,610.5233085236097,-0.006395463835959642,-0.004773423232206803,1.6142857142856997,0.002677978955351194,1.2999999999999545,0.00215660252156595,1.2000000000000455,0.001990710019907176,-0.0020814840707964366,-1936.254558686289,24,-1.6999999999999318,range_v2_conservative
TATN,2023-11-03 11:00:00+00:00,2023-11-03 18:30:00+00:00,1,2023-11-03 11:00:00+00:00,604.274,2.3259678695916755,600.7850481956125,607.7629518043875,-0.006907462508729447,-0.09817392644274826,1.1785714285714124,0.001963958387887706,1.1000000000000227,0.0018330278286952553,0.8999999999999773,0.0014997500416596855,0.001897806060606067,1761.7175131226554,16,-2.0,range_v2_conservative
TATN,2023-11-13 19:30:00+00:00,2023-11-14 10:00:00+00:00,1,2023-11-13 19:30:00+00:00,618.874,1.3041237576866465,616.91781436347,620.83018563653,-0.0038359989270837416,-0.10679312731566074,1.8571428571428572,0.0030123971729811147,2.6000000000000227,0.004217356042173597,2.2999999999999545,0.0037307380373073065,-0.0019249784615384493,-1790.332694197123,11,-0.2999999999999545,range_v2_conservative
TATN,2023-11-14 10:00:00+00:00,2023-11-14 12:00:00+00:00,1,2023-11-14 10:00:00+00:00,618.538,1.6635209769243569,616.0427185346135,621.0332814653865,-0.007983341363020523,-0.48946753472461724,1.7071428571428555,0.0027821754516669742,7.2999999999999545,0.01189700130378089,2.7999999999999545,0.004563233376792625,-0.0024433280334728055,-2268.051087353606,5,-1.7000000000000455,range_v2_conservative
TATN,2023-11-14 12:00:00+00:00,2023-11-14 14:00:00+00:00,1,2023-11-14 12:00:00+00:00,618.138,2.4203971675799094,614.5074042486302,621.7685957513698,-0.013003568782375474,-0.6069808580268545,1.828571428571422,0.002997166740815312,2.6000000000000227,0.0042615964595968244,1.7999999999999545,0.002950336010490009,-0.0029344984375000347,-2717.330823217688,5,-2.300000000000068,range_v2_conservative
TATN,2023-11-14 14:00:00+00:00,2023-11-14 15:00:00+00:00,1,2023-11-14 14:00:00+00:00,617.232,3.8013123405015046,611.5300314892477,622.9339685107523,-0.01916945330118982,-0.5375364207718965,2.2071428571428635,0.003645759592241268,4.199999999999932,0.006937561942517232,2.800000000000068,0.0046250412950116756,0.0053554802588996605,4944.595225976085,3,0.0,range_v2_conservative
TATN,2023-11-14 17:30:00+00:00,2023-11-15 16:00:00+00:00,1,2023-11-14 17:30:00+00:00,616.29,4.09156673747204,610.1526498937919,622.427350106208,-0.010206234078112518,-0.012436140284511671,3.8285714285714625,0.006276346604215512,3.0,0.004918032786885246,0.7999999999999545,0.001311475409835991,0.00045091492537312444,418.5492642604314,27,-1.8999999999999773,range_v2_conservative
TATN,2023-11-16 14:00:00+00:00,2023-11-16 19:00:00+00:00,1,2023-11-16 14:00:00+00:00,610.638,1.4248365462369652,608.5007451806446,612.7752548193555,-0.00415630864767671,-0.09375231652662798,1.4285714285714366,0.0023492376723753274,2.5,0.0041111659266568,0.8999999999999773,0.0014800197335964106,-0.0031253110000000308,-2902.291288853998,11,-0.8999999999999773,range_v2_conservative
TATN,2023-11-16 19:00:00+00:00,2023-11-16 20:00:00+00:00,1,2023-11-16 19:00:00+00:00,610.09,1.8464803805443673,607.3202794291835,612.8597205708165,-0.00949040305528705,-0.5452317935980826,1.4928571428571413,0.0024703907709037586,5.0,0.008274036074797287,2.400000000000091,0.003971537315902848,-0.002921016267942541,-2704.097226576339,3,-0.7999999999999545,range_v2_conservative
TATN,2023-11-16 20:00:00+00:00,2023-11-17 14:00:00+00:00,1,2023-11-16 20:00:00+00:00,609.744,2.448753118742319,606.0708703218866,613.4171296781135,-0.014996457529717398,-0.7447151069134582,1.8785714285714334,0.003127824556395993,3.1000000000000227,0.005161505161505199,2.8999999999999773,0.004828504828504791,0.0050720030418250454,4681.633312841421,18,0.0,range_v2_conservative
TATN,2023-11-21 11:30:00+00:00,2023-11-21 15:00:00+00:00,1,2023-11-21 11:30:00+00:00,614.728,1.4614837302256756,612.5357744046614,616.9202255953385,-0.004925755781418622,-0.19062235347460146,1.3428571428571396,0.0021952871388869373,2.1000000000000227,0.0034330554193232345,1.2999999999999545,0.0021252247833904764,0.0016561255319148805,1536.414218387328,8,0.0,range_v2_conservative
TATN,2023-11-27 16:00:00+00:00,2023-11-27 17:30:00+00:00,1,2023-11-27 16:00:00+00:00,645.58,2.7220940318727274,641.4968589521909,649.6631410478092,-0.00647479785619143,-0.011860838390936674,2.4928571428571167,0.003886587375829618,1.2999999999999545,0.0020268163392578027,0.6000000000000227,0.0009354536950421309,-0.001645421203438404,-1529.0116897062576,4,-2.0,range_v2_conservative
TATN,2023-11-27 17:30:00+00:00,2023-11-28 10:30:00+00:00,1,2023-11-27 17:30:00+00:00,645.484,2.924586836333401,641.0971197455,649.8708802545001,-0.011594400480879521,-0.35299798100517554,2.071428571428555,0.0032467532467532214,2.800000000000068,0.004388714733542427,1.6000000000000227,0.002507836990595647,-0.002653492413793102,-2461.7071139259897,16,0.0,range_v2_conservative
TATN,2023-11-28 10:30:00+00:00,2023-11-28 17:30:00+00:00,1,2023-11-28 10:30:00+00:00,643.96,4.095891420752498,637.8161628688713,650.1038371311288,-0.016709112367227764,-0.3756742545698928,1.857142857142849,0.0029329482898655225,5.600000000000023,0.008843967150979189,4.7999999999999545,0.007580543272267774,0.003228674615384593,2987.3690741650685,15,0.0,range_v2_conservative
TATN,2023-11-28 17:30:00+00:00,2023-11-28 18:00:00+00:00,1,2023-11-28 17:30:00+00:00,640.784,4.739601292105418,633.6745980618418,647.8934019381581,-0.0013795600389523062,0.43782880700165944,1.6071428571428652,0.0025115531444645494,1.5,0.0023441162681669013,1.3999999999999773,0.002187841850289072,0.001240176000000022,1151.1922600430548,2,0.0,range_v2_conservative
TATN,2023-11-30 10:30:00+00:00,2023-11-30 13:00:00+00:00,1,2023-11-30 10:30:00+00:00,639.864,1.8294372949859354,637.1198440575212,642.6081559424789,-0.004788517559981618,-0.05827731080623014,1.3214285714285714,0.0020751076812634602,2.5,0.003925879396984925,1.2000000000000455,0.0018844221105528353,0.002191234594594612,2036.534080049954,6,0.0,range_v2_conservative
TATN,2023-12-01 10:00:00+00:00,2023-12-01 12:30:00+00:00,1,2023-12-01 10:00:00+00:00,639.808,1.720090173229359,637.227864740156,642.388135259844,-0.005014004201260331,-0.12167283435246726,1.099999999999974,0.001727929626138822,2.5,0.003927112786679233,2.199999999999932,0.003455859252277618,0.002360100000000014,2198.2840618407486,6,0.0,range_v2_conservative
TATN,2023-12-01 17:30:00+00:00,2023-12-04 09:30:00+00:00,1,2023-12-01 17:30:00+00:00,639.374,1.8108302301444117,636.6577546547834,642.0902453452167,-0.0066846634364237534,-0.28674778173602855,2.3142857142856963,0.0036439705783115985,13.0,0.020469217446071483,3.3999999999999773,0.005353487639741737,-0.0022441740740740913,-2095.239717012073,14,-2.6000000000000227,range_v2_conservative
TATN,2023-12-04 09:30:00+00:00,2023-12-04 11:00:00+00:00,1,2023-12-04 09:30:00+00:00,637.834,3.2475177333645693,632.9627233999531,642.7052766000468,-0.011341508919248464,-0.24251583249557057,2.299999999999987,0.00364732001268631,0.0,0.0,0.0,0.0,-0.0019085173913043782,-1777.8600503612276,4,-1.8999999999999773,range_v2_conservative
TATN,2023-12-04 11:00:00+00:00,2023-12-04 12:00:00+00:00,1,2023-12-04 11:00:00+00:00,636.944,3.7149537860642745,631.3715693209035,642.5164306790964,-0.015769047200381796,-0.40122251656512276,2.2571428571428425,0.003600483102796048,3.6000000000000227,0.005742542670282378,2.0,0.00319030148349019,-0.002695287974683552,-2505.9763757119545,3,-3.199999999999932,range_v2_conservative
TATN,2023-12-04 12:00:00+00:00,2023-12-04 17:30:00+00:00,1,2023-12-04 12:00:00+00:00,636.17,4.533244546942539,629.3701331795861,642.9698668204138,-0.02305987393306814,-0.5786975971322856,2.471428571428557,0.003976554419032272,2.7999999999999545,0.004505229283990273,2.2000000000000455,0.0035398230088496308,0.003926842196531806,3641.188135619637,12,0.0,range_v2_conservative
TATN,2023-12-04 17:30:00+00:00,2023-12-04 18:30:00+00:00,1,2023-12-04 17:30:00+00:00,633.008,5.817981977080138,624.2810270343798,641.7349729656203,-0.0017503728230923794,0.4365186528957401,2.614285714285724,0.004137182646440456,4.2000000000000455,0.006646621300838812,3.699999999999932,0.005855356860262592,-0.0018706715846994208,-1741.4029885463588,3,0.0,range_v2_conservative
TATN,2023-12-04 18:30:00+00:00,2023-12-04 22:30:00+00:00,1,2023-12-04 18:30:00+00:00,632.678,5.753695884076915,624.0474561738846,641.3085438261154,-0.007868141455843181,0.21160565890779182,2.67142857142857,0.0042559002253123625,5.099999999999909,0.008124900430141642,4.5,0.007169029791301577,-0.0018663197860962837,-1734.101896446444,9,-3.400000000000091,range_v2_conservative
TATN,2023-12-04 22:30:00+00:00,2023-12-05 12:00:00+00:00,1,2023-12-04 22:30:00+00:00,630.576,5.747281877504543,621.9550771837432,639.1969228162568,-0.01138007155362723,0.08380325674253764,2.557142857142862,0.004101929510976679,3.0,0.004812319538017325,2.0,0.003208213025344883,0.0018803055865921753,1743.8362429300244,9,0.0,range_v2_conservative
TATN,2023-12-06 18:00:00+00:00,2023-12-07 12:00:00+00:00,1,2023-12-06 18:00:00+00:00,630.96,3.868501792988467,625.1572473105174,636.7627526894827,-0.011189298846202705,-0.10833197430558653,3.3714285714285666,0.005403796395942566,5.7000000000000455,0.009136079499919932,5.2000000000000455,0.008334669017470821,0.0017222847457627143,1600.287665350642,18,-4.0,range_v2_conservative
TATN,2023-12-11 18:30:00+00:00,2023-12-12 16:00:00+00:00,1,2023-12-11 18:30:00+00:00,632.806,3.3915507259145365,627.7186739111282,637.8933260888718,-0.012809613056766204,-0.2966857105672214,2.799999999999995,0.004482151432687682,3.699999999999932,0.0059228429646229095,3.599999999999909,0.00576276612774117,0.0016810321428571376,1564.6473025916716,25,-2.300000000000068,range_v2_conservative
TATN,2023-12-13 09:30:00+00:00,2023-12-13 11:00:00+00:00,1,2023-12-13 09:30:00+00:00,626.21,3.013997955098897,621.6890030673517,630.7309969326484,-0.00831989268775656,-0.0762003466952217,2.1142857142857077,0.0034046468829077416,0.0,0.0,0.0,0.0,0.0021336662162162443,1989.2820733593621,4,0.0,range_v2_conservative
TATN,2023-12-14 17:00:00+00:00,2023-12-14 20:30:00+00:00,1,2023-12-14 17:00:00+00:00,627.0740000000001,1.9692337678725702,624.1201493481913,630.0278506518089,-0.007453665755556906,-0.29117067024663923,1.8714285714285583,0.0030067939772309743,5.0,0.008033419023136246,3.300000000000068,0.0053020565552700325,-0.0032481603053435217,-3034.820402993805,8,-2.1000000000000227,range_v2_conservative
TATN,2023-12-14 20:30:00+00:00,2023-12-15 11:00:00+00:00,1,2023-12-14 20:30:00+00:00,626.67,2.823245346332516,622.4351319805012,630.9048680194987,-0.01543076898527129,-0.6417120858874447,2.8428571428571154,0.00460754804352855,3.7000000000000455,0.005996758508914174,3.2000000000000455,0.005186385737439295,0.003239842713567862,3017.2167717546104,11,-0.7999999999999545,range_v2_conservative
TATN,2023-12-21 15:30:00+00:00,2023-12-21 18:30:00+00:00,1,2023-12-21 15:30:00+00:00,658.1360000000001,3.2305152176484517,653.2902271735275,662.9817728264727,-0.01160246514398252,-0.2879032172416696,3.085714285714289,0.004743603821236416,8.0,0.012298232129131437,5.899999999999977,0.0090699461952344,0.003264258796296278,3049.8040786173274,7,0.0,range_v2_conservative
TATN,2023-12-29 10:30:00+00:00,2023-12-29 13:00:00+00:00,1,2023-12-29 10:30:00+00:00,710.372,3.0141191559082485,705.8508212661376,714.8931787338623,-0.014178486764681045,-0.6138688152896418,2.085714285714297,0.002978315415842206,8.0,0.01142367556761388,6.5,0.009281736398686277,0.0034141684931507103,3200.27757877045,6,0.0,range_v2_conservative
TATN,2023-12-29 13:00:00+00:00,2023-12-29 14:00:00+00:00,1,2023-12-29 13:00:00+00:00,709.76,3.2768202606648695,704.8447696090027,714.6752303909973,-0.002197926059512998,0.34130957494309605,2.4357142857142793,0.003439302860370346,2.0,0.0028240609997175936,1.1000000000000227,0.0015532335498447086,0.00041835777126097957,393.48734398807807,3,0.0,range_v2_conservative
TATN,2024-01-05 14:30:00+00:00,2024-01-05 23:30:00+00:00,1,2024-01-05 14:30:00+00:00,724.54,2.2538855339954713,721.1591716990067,727.9208283009932,-0.004747840008833109,-0.008751065380828888,1.4571428571428473,0.0020207223091704995,1.3999999999999773,0.0019414782970461478,0.8999999999999773,0.0012480931909582267,0.0021291666666666655,2003.430303795315,19,0.0,range_v2_conservative
TATN,2024-01-08 12:00:00+00:00,2024-01-08 16:00:00+00:00,1,2024-01-08 12:00:00+00:00,723.7699999999999,1.6617239635280752,721.2774140547077,726.262585945292,-0.004794340743606276,-0.19606426341162836,1.9571428571428717,0.0027171218341564235,3.6000000000000227,0.004997917534360715,3.1000000000000227,0.004303762321255064,0.001075281751824856,1013.9360352439204,9,-0.8999999999999773,range_v2_conservative
TATN,2024-01-08 19:00:00+00:00,2024-01-08 20:30:00+00:00,1,2024-01-08 19:00:00+00:00,722.898,1.5209409011653905,720.616588648252,725.1794113517481,-0.0034555359123971115,-0.047468127149902596,1.8642857142857079,0.0025878480209407385,3.5,0.004858411993337035,1.6000000000000227,0.0022209883398112474,0.0009680383141762607,913.792453670977,4,0.0,range_v2_conservative
TATN,2024-01-09 09:30:00+00:00,2024-01-09 10:00:00+00:00,1,2024-01-09 09:30:00+00:00,721.9739999999999,4.066328133604088,715.8745077995939,728.073492200406,-0.037361456229725636,-1.7111676770571271,3.492857142857133,0.005025693730729688,0.0,0.0,0.0,0.0,-0.002049170552147239,-1936.2139154914134,2,0.0,range_v2_conservative
TATN,2024-01-09 10:00:00+00:00,2024-01-09 17:00:00+00:00,1,2024-01-09 10:00:00+00:00,721.3059999999999,6.229829820482903,711.9612552692756,730.6507447307242,-0.04534275328362707,-1.2499675455267838,4.26428571428571,0.006192689100037336,13.100000000000023,0.019024106883531837,6.399999999999977,0.009294220156839932,-0.000716398994974891,-675.5217586457533,15,-3.300000000000068,range_v2_conservative
TATN,2024-01-09 17:00:00+00:00,2024-01-10 11:00:00+00:00,1,2024-01-09 17:00:00+00:00,711.454,16.46835196146922,686.7514720577961,736.1565279422038,-0.035355764392357054,-0.009138175227500983,1.5142857142857176,0.0022064486584375894,1.5,0.002185633105056098,0.3000000000000682,0.000437126621011319,0.001612344339622668,1519.255901454912,18,0.0,range_v2_conservative
TATN,2024-01-10 11:00:00+00:00,2024-01-10 13:00:00+00:00,1,2024-01-10 11:00:00+00:00,699.6080000000001,16.73862501363779,674.5000624795434,724.7159375204567,-0.014448090930921401,0.2987090737388407,1.0428571428571445,0.0015124831658551768,1.5,0.002175489485134155,0.8999999999999773,0.0013052936910804601,0.0054029547945205186,5099.224549315424,5,-0.10000000000002274,range_v2_conservative
TATN,2024-01-10 13:00:00+00:00,2024-01-10 13:30:00+00:00,1,2024-01-10 13:00:00+00:00,697.1259999999999,15.310311451271133,674.1605328230931,720.0914671769066,-0.0017586490820882964,0.4733077496191171,1.6714285714285861,0.0024018229220126256,3.1000000000000227,0.0044546630262969145,2.7999999999999545,0.004023566604397118,0.00043846324786324414,416.05060400712335,2,0.0,range_v2_conservative
TATN,2024-01-17 13:30:00+00:00,2024-01-17 18:30:00+00:00,1,2024-01-17 13:30:00+00:00,699.816,1.1134355732413943,698.145846640138,701.4861533598621,-0.0025949678201127595,-0.043662649084514546,1.2642857142857014,0.0018112975849365349,0.6000000000000227,0.0008595988538682274,0.20000000000004547,0.0002865329512894634,0.0009728813559322134,923.5559732171804,11,-1.0,range_v2_conservative
TATN,2024-01-19 12:30:00+00:00,2024-01-19 13:00:00+00:00,1,2024-01-19 12:30:00+00:00,698.4940000000001,0.6920569755338393,697.4559145366994,699.5320854633009,-0.003427373749810476,-0.6530842520364886,0.7714285714285845,0.0011082151579206788,2.1000000000000227,0.0030168079298951624,1.8999999999999773,0.002729492888952704,-0.005136172222222196,-4880.510260009517,2,0.0,range_v2_conservative
TATN,2024-01-19 13:00:00+00:00,2024-01-19 15:00:00+00:00,1,2024-01-19 13:00:00+00:00,698.4020000000002,1.0434421061147392,696.836836840828,699.9671631591723,-0.007877984312759956,-1.257644232729827,0.9785714285714481,0.0014122837762612903,3.6000000000000227,0.005195554914129056,3.2000000000000455,0.004618271034781419,-0.0034328919708028747,-3245.2594998741024,5,-0.2999999999999545,range_v2_conservative
TATN,2024-01-19 15:00:00+00:00,2024-01-19 16:00:00+00:00,1,2024-01-19 15:00:00+00:00,697.868,1.9946295242512169,694.8760557136233,700.8599442863768,-0.010844457691139437,-0.7647294327069257,1.2857142857142938,0.001862544235425603,3.099999999999909,0.004490801100970461,2.300000000000068,0.0033318846878169902,-0.0026105877777776905,-2459.4281666020893,3,0.0,range_v2_conservative
TATN,2024-01-19 16:00:00+00:00,2024-01-22 10:00:00+00:00,1,2024-01-19 16:00:00+00:00,697.488,2.6383854061258147,693.5304218908113,701.4455781091888,-0.014033216342073282,-0.7366148854111311,1.5071428571428587,0.002191570244500303,3.2000000000000455,0.004653191798749521,2.8999999999999773,0.00421695506761666,0.002348018957345939,2206.287958603552,18,0.0,range_v2_conservative
TATN,2024-01-22 10:00:00+00:00,2024-01-22 11:00:00+00:00,1,2024-01-22 10:00:00+00:00,694.806,3.789750409128573,689.1213743863071,700.4906256136929,-0.004038537375900668,0.2531939488467756,1.2000000000000048,0.0017341040462427815,3.3999999999999773,0.0049132947976878285,1.6000000000000227,0.002312138728323732,0.0016131916666666983,1519.3754401501214,3,0.0,range_v2_conservative
TATN,2024-01-24 14:00:00+00:00,2024-01-25 10:30:00+00:00,1,2024-01-24 14:00:00+00:00,694.242,1.4655346590774014,692.0436980113839,696.440301988616,-0.0039496313965446655,-0.12366317598751377,1.6000000000000065,0.002313810556760675,3.1000000000000227,0.004483007953723822,1.1000000000000227,0.0015907447577729902,-0.0023483437499999906,-2215.342284497302,23,-0.7999999999999545,range_v2_conservative
TATN,2024-01-25 10:30:00+00:00,2024-01-25 15:00:00+00:00,1,2024-01-25 10:30:00+00:00,693.1259999999999,1.936840473716349,690.2207392894253,696.0312607105744,-0.00667411120056074,-0.2961419749976569,1.1499999999999935,0.0016702977487291118,3.800000000000068,0.0055192447349311086,3.5,0.005083514887436456,0.003684478260869586,3467.640720151082,10,-0.6000000000000227,range_v2_conservative
TATN,2024-01-25 18:00:00+00:00,2024-01-25 23:00:00+00:00,1,2024-01-25 18:00:00+00:00,691.8359999999999,1.9699538998562176,688.8810691502156,694.7909308497842,-0.004532866170595133,-0.030638475047352013,1.6571428571428442,0.0024061897156132483,1.8999999999999773,0.002758820967039316,1.099999999999909,0.0015972121388121228,0.0008086931034482274,763.9044556100146,11,-0.6000000000000227,range_v2_conservative
TATN,2024-01-30 14:30:00+00:00,2024-01-31 10:30:00+00:00,1,2024-01-30 14:30:00+00:00,694.654,1.3748781022853938,692.5916828465719,696.7163171534281,-0.003820607093603429,-0.14345098317888083,1.2071428571428393,0.0017444260941370511,2.199999999999932,0.003179190751444988,1.7999999999999545,0.002601156069364096,0.0008589041420118093,811.9907273979924,22,-1.3999999999999773,range_v2_conservative
TATN,2024-02-08 10:30:00+00:00,2024-02-08 14:30:00+00:00,1,2024-02-08 10:30:00+00:00,712.936,2.043782008501586,709.8703269872476,716.0016730127525,-0.005380567119629269,-0.12563750015791306,1.864285714285724,0.0026290871728750866,7.899999999999977,0.011140882809194721,3.2999999999999545,0.004653786489916731,0.001992741762452097,1885.5161319383317,9,0.0,range_v2_conservative
TATN,2024-02-08 18:30:00+00:00,2024-02-09 12:00:00+00:00,1,2024-02-08 18:30:00+00:00,713.1379999999999,1.9298820943973136,710.2431768584039,716.0328231415959,-0.006363424750889586,-0.28381299617114664,1.6428571428571266,0.002318454901012033,2.199999999999932,0.003104713519616048,2.1000000000000227,0.002963590177815443,0.0015928347826086977,1510.1306990203375,17,-0.39999999999997726,range_v2_conservative
TATN,2024-02-12 14:30:00+00:00,2024-02-12 18:00:00+00:00,1,2024-02-12 14:30:00+00:00,711.2220000000001,1.633112716002145,708.7723309259969,713.6716690740033,-0.005514452590049434,-0.3005162904699892,1.1928571428571624,0.0016864939104441715,3.400000000000091,0.004807012583062479,3.400000000000091,0.004807012583062479,0.003953465868263408,3754.161990071636,8,-1.1999999999999318,range_v2_conservative
TATN,2024-02-14 15:00:00+00:00,2024-02-14 21:30:00+00:00,1,2024-02-14 15:00:00+00:00,713.096,1.646264788974567,710.6266028165381,715.5653971834619,-0.004201397848256029,-0.10662578301799706,1.28571428571431,0.0018106101756292213,1.2000000000000455,0.0016899028305873052,0.7999999999999545,0.0011266018870580968,-0.002394451111111119,-2282.7301350001917,14,-2.0,range_v2_conservative
TATN,2024-02-14 21:30:00+00:00,2024-02-15 16:00:00+00:00,1,2024-02-14 21:30:00+00:00,712.4119999999999,2.3972467201037864,708.8161299198442,716.0078700801556,-0.006473782025007955,-0.14129124484390146,1.171428571428578,0.0016550276510717407,0.900000000000091,0.0012715456343601172,0.900000000000091,0.0012715456343601172,0.0015524292682926938,1476.4518080292273,19,-1.0,range_v2_conservative
TATN,2024-02-16 18:30:00+00:00,2024-02-19 10:00:00+00:00,1,2024-02-16 18:30:00+00:00,709.078,1.0498376941117222,707.5032434588323,710.6527565411676,-0.0027895379633833682,-0.1280335875072249,1.0928571428571314,0.0015455482150433198,1.1000000000000227,0.0015556498373639127,0.6000000000000227,0.0008485362749257853,-0.002174163398692854,-2070.967688047294,13,0.0,range_v2_conservative
TATN,2024-02-19 10:00:00+00:00,2024-02-19 11:30:00+00:00,1,2024-02-19 10:00:00+00:00,709.0060000000001,1.1484523749146187,707.2833214376282,710.728678562372,-0.004944951100554981,-0.5176013321872239,0.892857142857151,0.0012655664675508874,5.100000000000023,0.007228915662650635,2.2999999999999545,0.0032600992204109914,-0.003442342399999918,-3271.824150265418,4,-0.2999999999999545,range_v2_conservative
TATN,2024-02-19 11:30:00+00:00,2024-02-20 10:00:00+00:00,1,2024-02-19 11:30:00+00:00,708.694,1.5643228959368987,706.3475156560946,711.0404843439053,-0.007752288011468864,-0.6706875467270473,0.9071428571428685,0.0012900211279051029,2.2999999999999545,0.0032707622298065336,2.099999999999909,0.0029863481228667647,-0.003275228346456703,-3102.2722084667757,27,0.0,range_v2_conservative
TATN,2024-02-20 10:00:00+00:00,2024-02-20 11:30:00+00:00,1,2024-02-20 10:00:00+00:00,705.808,2.2150542445770607,702.4854186331344,709.1305813668656,-0.006812050869358229,-0.2235338234223068,0.9500000000000212,0.0013552068473609432,4.0,0.005706134094151213,2.1000000000000227,0.002995720399429419,-0.004176399999999955,-3942.8990431372304,4,-1.5,range_v2_conservative
TATN,2024-02-20 11:30:00+00:00,2024-02-20 13:00:00+00:00,1,2024-02-20 11:30:00+00:00,705.182,2.5580357579733763,701.34494636304,709.01905363696,-0.010468219551832096,-0.46193599287923476,1.364285714285732,0.0019551242681079568,2.6000000000000227,0.0037259959873889694,1.5,0.0021496130696474634,0.0009749497382198992,916.5965358027139,4,0.0,range_v2_conservative
TATN,2024-02-20 13:30:00+00:00,2024-02-20 18:30:00+00:00,1,2024-02-20 13:30:00+00:00,704.446,2.760154535803666,700.3057681962945,708.5862318037056,-0.006311342530158488,-0.0369264585645681,1.5714285714285876,0.0022448979591836965,1.0,0.0014285714285714286,0.20000000000004547,0.0002857142857143507,-0.003032654545454514,-2853.9222377257174,11,-2.0,range_v2_conservative
TATN,2024-02-20 18:30:00+00:00,2024-02-21 10:00:00+00:00,1,2024-02-20 18:30:00+00:00,702.7760000000001,2.824424087997403,698.539363868004,707.0126361319961,-0.009641763520666709,-0.2996910507402455,1.8714285714285748,0.0026888341543514003,2.2000000000000455,0.0031609195402299505,2.0,0.0028735632183908046,-0.0035049267175572213,-3288.357823140455,13,-1.8999999999999773,range_v2_conservative
TATN,2024-02-21 10:00:00+00:00,2024-02-21 22:30:00+00:00,1,2024-02-21 10:00:00+00:00,700.14,4.131462161525632,693.9428067577115,706.3371932422884,-0.014197160567886339,-0.30197596003391514,2.4785714285714238,0.003591091609057409,14.799999999999955,0.021443059982613668,4.0,0.00579542161692263,-0.0010720409221902406,-1002.2744207877622,26,-4.100000000000023,range_v2_conservative
TATN,2024-02-22 16:30:00+00:00,2024-02-22 21:30:00+00:00,1,2024-02-22 16:30:00+00:00,690.7439999999999,3.0194039147240557,686.2148941279138,695.273105872086,-0.0074470426091285515,-0.06788250763837295,1.921428571428578,0.0028025504250708544,3.7000000000000455,0.005396732788798199,3.3999999999999773,0.004959159859976629,0.003038666171003719,2837.8696465384796,11,-0.6000000000000227,range_v2_conservative
TATN,2024-02-27 18:00:00+00:00,2024-02-28 10:30:00+00:00,1,2024-02-27 18:00:00+00:00,701.9960000000001,2.636630502829275,698.0410542457562,705.950945754244,-0.008256457301751076,-0.23275341308797626,1.5,0.0021545532892846882,3.0,0.0043091065785693765,2.5,0.0035909221488078136,0.004950106666666622,4637.04899086302,15,-0.8000000000000682,range_v2_conservative
TATN,2024-03-13 18:00:00+00:00,2024-03-14 17:00:00+00:00,1,2024-03-13 18:00:00+00:00,752.1460000000001,1.7209643714657397,749.5645534428014,754.7274465571987,-0.008570144626176335,-0.7485247819724594,2.450000000000005,0.003285503553707932,8.700000000000045,0.011666890170309837,5.0,0.00670510929328148,0.0012145102040816117,1143.33314966226,28,-1.2000000000000455,range_v2_conservative
TATN,2024-03-15 16:00:00+00:00,2024-03-15 16:30:00+00:00,1,2024-03-15 16:00:00+00:00,748.092,1.951434846382723,745.1648477304259,751.0191522695741,-0.005737262261860881,-0.23313575870525582,2.778571428571443,0.003735643222064323,5.400000000000091,0.007260016133369308,4.2000000000000455,0.005646679214842761,-0.00439277532133673,-4140.356655635167,2,0.0,range_v2_conservative
TATN,2024-03-15 16:30:00+00:00,2024-03-15 22:30:00+00:00,1,2024-03-15 16:30:00+00:00,747.784,2.9554764111423215,743.3507853832865,752.2172146167135,-0.020572785724219847,-1.2350840563866918,3.9000000000000177,0.005324959038776649,15.700000000000045,0.021436373566357244,11.300000000000068,0.015428727471327237,-0.002050697435897409,-1924.369169468735,13,-7.100000000000023,range_v2_conservative
TATN,2024-03-15 22:30:00+00:00,2024-03-18 10:00:00+00:00,1,2024-03-15 22:30:00+00:00,743.094,9.61585446766616,728.6702182985008,757.5177817014993,-0.024080398980478923,-0.12029502284203486,4.107142857142866,0.0056634622961153685,3.1000000000000227,0.004274682846111448,2.599999999999909,0.003585217870932031,-0.0013373165217391387,-1252.3608741845303,5,-1.6000000000000227,range_v2_conservative
TATN,2024-03-18 10:00:00+00:00,2024-03-18 18:00:00+00:00,1,2024-03-18 10:00:00+00:00,741.3379999999999,10.925571763885856,724.949642354171,757.7263576458287,-0.02810863600678753,-0.13575620115001458,2.785714285714294,0.0038663626449886106,10.700000000000045,0.01485079805690499,3.5,0.004857737682165163,-0.002041544615384601,-1909.2947502592442,17,-3.0,range_v2_conservative
TATN,2024-03-18 18:00:00+00:00,2024-03-19 10:30:00+00:00,1,2024-03-18 18:00:00+00:00,732.35,12.701329674905933,713.2980054876411,751.4019945123589,-0.022871577797501194,0.060413478254614995,2.3999999999999937,0.0033538289547233,2.7999999999999545,0.0039128004471771305,1.8999999999999773,0.002655114589155921,0.001420091666666642,1325.3877253345183,15,-0.7000000000000455,range_v2_conservative
TATN,2024-03-19 15:00:00+00:00,2024-03-19 17:30:00+00:00,1,2024-03-19 15:00:00+00:00,719.97,3.9251803546751516,714.0822294679873,725.8577705320128,-0.010236537633512514,-0.12587357641811694,2.8714285714285586,0.004029509642756888,4.699999999999932,0.006595565534661706,2.3999999999999773,0.003367948358125143,-0.0028124781094527734,-2628.6454736621017,6,0.0,range_v2_conservative
TATN,2024-03-19 17:30:00+00:00,2024-03-19 18:00:00+00:00,1,2024-03-19 17:30:00+00:00,718.648,3.870571333715076,712.8421429994274,724.4538570005726,-0.01857376629448641,-0.6495288291361344,3.499999999999992,0.004962427335885428,11.199999999999932,0.015879767474833308,9.5,0.013469445625974763,-0.003189825714285716,-2972.9435016659313,2,0.0,range_v2_conservative
TATN,2024-03-19 18:00:00+00:00,2024-03-21 09:30:00+00:00,1,2024-03-19 18:00:00+00:00,717.99,4.933527528852595,710.5897087067211,725.3902912932789,-0.03215922227329076,-1.0600737244607457,4.385714285714284,0.006311288366260303,14.600000000000023,0.021010217297452904,10.600000000000023,0.015253993380342529,7.918892508158873e-06,7.3569297848025315,42,-3.7999999999999545,range_v2_conservative
TATN,2024-03-22 20:30:00+00:00,2024-03-25 12:00:00+00:00,1,2024-03-22 20:30:00+00:00,700.0079999999999,3.8816596492984297,694.1855105260523,705.8304894739475,-0.008868470074627677,-0.0331053003854551,2.8714285714285666,0.0041386978544660806,6.100000000000023,0.008792159123666796,5.2000000000000455,0.007494955318535667,-0.003292301990049733,-3058.688617323579,13,-4.7999999999999545,range_v2_conservative
TATN,2024-03-25 12:00:00+00:00,2024-03-26 09:30:00+00:00,1,2024-03-25 12:00:00+00:00,698.698,5.258520394086885,690.8102194088697,706.5857805911303,-0.019461913444721406,-0.3619661667117557,3.7857142857142856,0.005525783514398315,4.100000000000023,0.005984527806159718,3.8999999999999773,0.005692599620493326,0.0010938490566037677,1012.8865669302154,25,-4.5,range_v2_conservative
TATN,2024-03-26 09:30:00+00:00,2024-03-26 10:00:00+00:00,1,2024-03-26 09:30:00+00:00,690.76,5.631000201172897,682.3134996982407,699.2065003017593,-0.0011002374196537015,0.4550109528888734,1.4714285714285649,0.0021325051759834273,0.0,0.0,0.0,0.0,-0.002552417475728167,-2366.082684770906,2,0.0,range_v2_conservative
TATN,2024-03-26 10:00:00+00:00,2024-03-26 14:30:00+00:00,1,2024-03-26 10:00:00+00:00,690.534,5.548362876790519,682.2114556848143,698.8565443151857,-0.005117778414965797,0.2876851197084237,1.7428571428571413,0.002536909960490744,6.7000000000000455,0.009752547307132526,2.7999999999999545,0.0040756914119358875,0.0004834245901639479,446.98919763609257,10,-1.8999999999999773,range_v2_conservative
TATN,2024-03-28 12:00:00+00:00,2024-03-29 12:00:00+00:00,1,2024-03-28 12:00:00+00:00,691.11,2.020633362086031,688.079049956871,694.140950043129,-0.005802260132251004,-0.16150875846509732,1.4785714285713993,0.0021519013659895203,2.1000000000000227,0.003056323679231586,1.5,0.002183088342308252,0.000637317874396102,589.5685207381528,30,-1.7000000000000455,range_v2_conservative
TATN,2024-04-03 11:00:00+00:00,2024-04-03 14:00:00+00:00,1,2024-04-03 11:00:00+00:00,709.544,1.5229080668067778,707.2596378997898,711.8283621002101,-0.004149143675374551,-0.14438120377875158,1.2428571428571413,0.001758926044235977,3.1000000000000227,0.0043872063402208075,2.1000000000000227,0.0029719784885366865,-0.002956148275862054,-2736.409548289471,7,-2.1000000000000227,range_v2_conservative
TATN,2024-04-03 14:00:00+00:00,2024-04-03 21:30:00+00:00,1,2024-04-03 14:00:00+00:00,709.168,2.0749664369907235,706.0555503445139,712.2804496554861,-0.007710443787649698,-0.3784077824940703,1.7499999999999918,0.002486855193974693,1.3999999999999773,0.0019894841551797316,0.7999999999999545,0.0011368480886740863,0.001726714285714268,1593.6378103807638,16,-1.3000000000000682,range_v2_conservative
TATN,2024-04-09 14:30:00+00:00,2024-04-09 15:00:00+00:00,1,2024-04-09 14:30:00+00:00,710.18,0.9897433187912337,708.6953850218131,711.6646149781868,-0.0022247880818946288,-0.032124498006058835,1.4785714285714318,0.002086609410910855,2.5,0.003528083545018346,1.1999999999999318,0.0016934801016087098,-0.0032970676328502504,-3048.2196250698903,2,0.0,range_v2_conservative
TATN,2024-04-09 15:00:00+00:00,2024-04-10 10:00:00+00:00,1,2024-04-09 15:00:00+00:00,710.0840000000001,1.2699606294514791,708.1790590558228,711.9889409441773,-0.007863858360419414,-0.9656622340625236,2.0214285714285762,0.002869309540707702,8.0,0.0113555713271824,4.100000000000023,0.005819730305181012,-0.001717587279151962,-1582.715843620939,20,-0.7999999999999545,range_v2_conservative
TATN,2024-04-10 10:00:00+00:00,2024-04-10 13:00:00+00:00,1,2024-04-10 10:00:00+00:00,708.814,2.452404900555735,705.1353926491663,712.4926073508336,-0.009895402743173824,-0.45334991357673354,1.6642857142857272,0.0023714529984122648,6.2999999999999545,0.008976916500427408,5.2000000000000455,0.00740951838130528,0.0032573733905579424,2996.4366417555498,7,0.0,range_v2_conservative
TATN,2024-04-10 13:00:00+00:00,2024-04-10 13:30:00+00:00,1,2024-04-10 13:00:00+00:00,708.182,2.7780252860880266,704.014962070868,712.349037929132,-0.00025699608292785805,0.4781619458359565,1.7571428571428669,0.0024818401937046143,3.300000000000068,0.004661016949152639,3.1000000000000227,0.00437853107344636,6.841219512193793e-05,63.13692710855764,2,0.0,range_v2_conservative
TATN,2024-04-11 23:00:00+00:00,2024-04-12 09:30:00+00:00,1,2024-04-11 23:00:00+00:00,709.562,0.8966809549945058,708.2169785675082,710.9070214324918,-0.0022013580208635917,-0.08065989220196991,0.9285714285714042,0.0013115415657788195,0.7000000000000455,0.0009887005649718156,0.6000000000000227,0.0008474576271186761,0.0016354907692307634,1509.4812486775293,3,0.0,range_v2_conservative
TATN,2024-04-12 10:30:00+00:00,2024-04-12 12:30:00+00:00,1,2024-04-12 10:30:00+00:00,709.5579999999999,0.8996802154943019,708.2084796767584,710.9075203232413,-0.002477598730477177,-0.15134254361480692,1.2285714285714238,0.0017357607072215652,2.8999999999999773,0.004097202599604376,1.7000000000000455,0.002401808420457821,0.0019680581395349283,1819.3960754658242,5,0.0,range_v2_conservative
TATN,2024-04-17 12:30:00+00:00,2024-04-18 10:00:00+00:00,1,2024-04-17 12:30:00+00:00,731.4019999999999,4.903704971699291,724.046442542451,738.7575574575488,-0.013675106165966122,-0.17989408401228868,3.114285714285732,0.004317002653570463,7.800000000000068,0.01081230939839211,4.2000000000000455,0.005822012752980379,-0.0021151431192660284,-1959.218916170492,25,-2.3999999999999773,range_v2_conservative
TATN,2024-04-18 10:00:00+00:00,2024-04-18 14:00:00+00:00,1,2024-04-18 10:00:00+00:00,724.91,4.125493167852773,718.7217602482208,731.0982397517791,-0.012842973610517092,-0.2522332984370257,1.9142857142857193,0.0026750778567435985,9.0,0.01257685858021241,6.399999999999977,0.008943543879262125,-0.0030202701492537238,-2791.7043859937976,9,-3.2000000000000455,range_v2_conservative
TATN,2024-04-18 14:00:00+00:00,2024-04-18 18:30:00+00:00,1,2024-04-18 14:00:00+00:00,722.932,5.713265623272687,714.3621015650909,731.5018984349091,-0.017058312538385342,-0.21949510800304076,2.3999999999999937,0.003377427526034328,2.7000000000000455,0.003799605966788693,1.7999999999999545,0.002533070644525689,0.0020050750000000146,1847.738845280328,10,0.0,range_v2_conservative
TATN,2024-04-18 18:30:00+00:00,2024-04-18 21:30:00+00:00,1,2024-04-18 18:30:00+00:00,720.12,6.088597573216861,710.9871036401747,729.2528963598253,-0.0054435371882463465,0.2853911921499703,1.7214285714285649,0.0024035584633182974,2.7000000000000455,0.0037698966769059553,2.7000000000000455,0.0037698966769059553,-0.0012120107883817866,-1119.145038853439,7,-2.1000000000000227,range_v2_conservative
TATN,2024-04-22 12:30:00+00:00,2024-04-23 10:30:00+00:00,1,2024-04-22 12:30:00+00:00,715.86,1.8354780282607672,713.1067829576089,718.6132170423912,-0.005252423658257188,-0.1828375573206622,2.1500000000000097,0.0030192388709451056,2.7000000000000455,0.0037916023030473887,1.1000000000000227,0.0015447268642044976,0.0007042604651162547,649.510996994889,26,-1.1000000000000227,range_v2_conservative
TATN,2024-04-25 11:00:00+00:00,2024-04-25 17:00:00+00:00,1,2024-04-25 11:00:00+00:00,719.1759999999999,1.5891930953446785,716.7922103569829,721.559789643017,-0.005250453296550433,-0.292016193849396,0.899999999999961,0.001258037461559912,2.5,0.00349454850433324,2.1000000000000227,0.0029354207436399537,0.0034541888888890136,3187.9025052550946,13,0.0,range_v2_conservative
TATN,2024-04-29 14:00:00+00:00,2024-04-29 18:30:00+00:00,1,2024-04-29 14:00:00+00:00,720.664,1.2872625600017897,718.7331061599973,722.5948938400027,-0.0027252644783143628,-0.008572755091811258,1.5500000000000114,0.0021566717684708657,2.800000000000068,0.003895923194657114,2.099999999999909,0.002921942395992638,0.0009077483870967236,840.6630988400918,10,0.0,range_v2_conservative
TATN,2024-04-30 16:00:00+00:00,2024-05-02 10:30:00+00:00,1,2024-04-30 16:00:00+00:00,720.178,0.896999533826885,718.8325006992596,721.5234993007404,-0.002052270410926121,-0.04923848685268226,1.0999999999999903,0.0015305412550438156,0.39999999999997726,0.0005565604563795426,0.39999999999997726,0.0005565604563795426,0.00182395454545452,1690.692245932174,19,-0.40000000000009095,range_v2_conservative
TATN,2024-05-03 11:30:00+00:00,2024-05-03 16:30:00+00:00,1,2024-05-03 11:30:00+00:00,720.2040000000001,1.5523464794488027,717.8754802808269,722.5325197191733,-0.0033379431383331803,-0.016207782181403403,0.9857142857142824,0.0013732436412848738,2.199999999999932,0.003064920590693692,1.5,0.0020897185845639454,0.001732418840579716,1608.7733365522013,11,0.0,range_v2_conservative
TATN,2024-05-06 10:00:00+00:00,2024-05-06 11:30:00+00:00,1,2024-05-06 10:00:00+00:00,719.722,1.6282317942874032,717.2796523085689,722.1643476914311,-0.004198843442329031,-0.1186670330769273,1.078571428571422,0.0015049133927325547,5.7000000000000455,0.007953118459606593,1.6999999999999318,0.0023719826984790453,-0.0026758172185430834,-2489.1446465070467,4,-1.2000000000000455,range_v2_conservative
TATN,2024-05-06 11:30:00+00:00,2024-05-06 12:30:00+00:00,1,2024-05-06 11:30:00+00:00,719.2579999999999,1.6657522662931972,716.7593716005601,721.7566283994397,-0.006476118444285503,-0.4321113938039516,1.1071428571428328,0.0015493182999479888,1.7999999999999545,0.002518891687657367,1.0,0.0013993842709207947,-0.0033264632258065046,-3086.1197012020007,3,-1.3000000000000682,range_v2_conservative
TATN,2024-05-06 12:30:00+00:00,2024-05-06 17:30:00+00:00,1,2024-05-06 12:30:00+00:00,718.8059999999999,1.9007420678717037,715.9548868981924,721.6571131018075,-0.009885838459890264,-0.7461799560836208,1.349999999999974,0.0018968666572993873,2.099999999999909,0.002950681466910087,1.5,0.002107629619221582,0.0037856592592593152,3500.454918529249,11,-0.20000000000004547,range_v2_conservative
TATN,2024-05-14 14:00:00+00:00,2024-05-14 18:00:00+00:00,1,2024-05-14 14:00:00+00:00,729.312,2.011866835487635,726.2941997467685,732.3298002532315,-0.0045412662893247495,-0.048744072185277244,1.0857142857142972,0.0014954742227469657,1.0,0.0013774104683195593,0.7000000000000455,0.0009641873278237541,0.0027605973684209813,2562.2825800585574,9,0.0,range_v2_conservative
TATN,2024-05-20 12:00:00+00:00,2024-05-20 18:30:00+00:00,1,2024-05-20 12:00:00+00:00,746.7520000000001,2.330651131005386,743.256023303492,750.2479766965081,-0.0055600788481317,-0.09382546859469813,1.7071428571428637,0.002298872686699251,4.399999999999977,0.005925127928898434,3.6000000000000227,0.004847831941826047,-0.003696708786610864,-3440.6179796412116,14,-4.100000000000023,range_v2_conservative
TATN,2024-05-20 18:30:00+00:00,2024-05-20 23:30:00+00:00,1,2024-05-20 18:30:00+00:00,744.65,3.0726077471608604,740.0410883792587,749.2589116207413,-0.0101389914725038,-0.31906539127621547,3.3142857142857047,0.004496385448766388,1.5,0.002035002035002035,1.2999999999999545,0.0017636684303350353,-0.001359792241379328,-1260.9136279082372,11,-3.8999999999999773,range_v2_conservative
TATN,2024-05-20 23:30:00+00:00,2024-05-21 16:30:00+00:00,1,2024-05-20 23:30:00+00:00,742.1039999999999,4.5576112612544035,735.2675831081183,748.9404168918816,-0.011728814290180287,-0.13659078561578777,2.1857142857142953,0.0029802485488332362,2.0,0.002727024815925825,1.7000000000000455,0.0023179710935370135,-0.003431084313725444,-3177.263384591505,16,-3.8999999999999773,range_v2_conservative
TATN,2024-05-21 16:30:00+00:00,2024-05-21 17:30:00+00:00,1,2024-05-21 16:30:00+00:00,738.3380000000001,5.705846983265793,729.7792295251014,746.8967704748987,-0.01576242858961618,-0.17988737600407645,3.0500000000000034,0.004197055180955006,2.8999999999999773,0.003990642631071938,2.7999999999999545,0.003853034264483218,0.003012993442622948,2780.5284999676555,3,0.0,range_v2_conservative
TATN,2024-05-21 17:30:00+00:00,2024-05-21 19:30:00+00:00,1,2024-05-21 17:30:00+00:00,737.908,5.499604438513205,729.6585933422302,746.1574066577698,-0.001637060446559693,0.42678261297361286,3.0714285714285796,0.004169171401423347,3.3999999999999773,0.00461517578390115,2.5,0.0033935116058096916,-0.00010122976744186021,-93.70094321388359,5,-1.3000000000000682,range_v2_conservative
TATN,2024-05-24 10:00:00+00:00,2024-05-24 11:00:00+00:00,1,2024-05-24 10:00:00+00:00,744.03,2.0022691210757237,741.0265963183864,747.0334036816135,-0.00864212464551154,-0.5704521738725172,1.52142857142856,0.0020626743105050978,8.100000000000023,0.010981561822125844,6.399999999999977,0.008676789587852464,-0.003684747417840448,-3410.354150316389,3,0.0,range_v2_conservative
TATN,2024-05-24 11:00:00+00:00,2024-05-24 11:30:00+00:00,1,2024-05-24 11:00:00+00:00,743.836,2.588574582256831,739.9531381266148,747.7188618733852,-0.014836603767497214,-0.9211167381005164,1.6999999999999886,0.0023198689956331724,5.899999999999977,0.008051310043668092,5.100000000000023,0.006959606986899595,-0.003647141176470599,-3363.110301933568,2,0.0,range_v2_conservative
TATN,2024-05-24 11:30:00+00:00,2024-05-24 12:00:00+00:00,1,2024-05-24 11:30:00+00:00,743.572,3.4538378535948993,738.3912432196076,748.7527567803924,-0.02174907070196299,-1.0607758369594085,2.0857142857142645,0.0028673553556698714,6.699999999999932,0.009210888094583354,5.5,0.007561176794061039,-0.0026345746575342404,-2420.539743913153,2,0.0,range_v2_conservative
TATN,2024-05-24 12:00:00+00:00,2024-05-24 22:00:00+00:00,1,2024-05-24 12:00:00+00:00,743.1460000000001,4.54210281254606,736.3328457811809,749.9591542188192,-0.02751276330626825,-1.000479758958381,2.607142857142833,0.0036075036075035737,7.899999999999977,0.01093123010931227,4.699999999999932,0.006503390065033806,0.003411535342465759,3126.121775913462,21,0.0,range_v2_conservative
TATN,2024-05-24 22:00:00+00:00,2024-05-27 10:00:00+00:00,1,2024-05-24 22:00:00+00:00,737.5179999999999,7.4908294955321235,726.2817557567017,748.7542442432981,-0.006939491646305499,0.27225486162546936,2.8642857142856997,0.00391082156510882,1.7999999999999545,0.0024576734025122263,1.3999999999999773,0.0019115237575095267,-0.002861970074812974,-2631.480733621613,6,-0.39999999999997726,range_v2_conservative
TATN,2024-05-27 10:00:00+00:00,2024-05-27 12:30:00+00:00,1,2024-05-27 10:00:00+00:00,736.1039999999999,7.356711776587367,725.0689323351189,747.1390676648809,-0.015084824970384523,-0.0031233308762705814,2.5285714285714187,0.0034876847290640257,8.199999999999932,0.011310344827586112,7.0,0.009655172413793104,-0.0020930988700565054,-1919.0227781344443,6,-3.5,range_v2_conservative
TATN,2024-05-27 12:30:00+00:00,2024-05-27 17:30:00+00:00,1,2024-05-27 12:30:00+00:00,734.13,7.751135532379712,722.5032967014304,745.7567032985696,-0.018566193998338164,-0.0861506761627274,2.8214285714285716,0.003915931396847427,4.899999999999977,0.006800832755031197,1.0,0.0013879250520471894,-0.004387773670886083,-4014.4368477226685,11,-4.600000000000023,range_v2_conservative
TATN,2024-05-27 17:30:00+00:00,2024-05-27 19:00:00+00:00,1,2024-05-27 17:30:00+00:00,728.9379999999999,7.855035821406344,717.1554462678904,740.7205537321094,-0.027489306360760312,-0.3503249998085269,3.507142857142867,0.004947302662072037,7.899999999999977,0.011144025955705992,7.100000000000023,0.010015516998166205,5.51160896132288e-06,5.020523812272415,4,-3.699999999999932,range_v2_conservative
TATN,2024-05-27 19:30:00+00:00,2024-05-28 12:00:00+00:00,1,2024-05-27 19:30:00+00:00,726.2040000000001,8.223112276423326,713.8693315853651,738.538668414635,-0.019283837599352274,-0.06766827973196313,3.692857142857146,0.005185140610582907,2.8999999999999773,0.0040718899185621694,2.400000000000091,0.0033698399326033287,0.0026551040618955244,2418.547239140178,15,0.0,range_v2_conservative
TATN,2024-05-28 18:30:00+00:00,2024-05-29 18:00:00+00:00,1,2024-05-28 18:30:00+00:00,718.1740000000001,6.433515876332912,708.5237261855008,727.8242738144994,-0.01903995410582963,-0.208477306594929,4.071428571428555,0.005779174693298162,7.5,0.0106458481192335,7.2999999999999545,0.010361958836053875,0.002189496842105283,1999.7187533713561,29,0.0,range_v2_conservative
TATN,2024-05-30 16:00:00+00:00,2024-05-30 18:30:00+00:00,1,2024-05-30 16:00:00+00:00,710.998,2.889494694961786,706.6637579575573,715.3322420424428,-0.006326318780081022,-0.01889118742720593,2.7285714285714238,0.0038620968557274223,1.1999999999999318,0.0016985138004245318,0.8999999999999773,0.0012738853503184392,-0.001895610994764393,-1735.0966137738578,6,-1.1000000000000227,range_v2_conservative
TATN,2024-05-30 18:30:00+00:00,2024-05-31 13:00:00+00:00,1,2024-05-30 18:30:00+00:00,710.498,3.4050676519942913,705.3903985220086,715.6056014779915,-0.011819878451452395,-0.3221079929774091,2.414285714285719,0.0034386636010336406,5.399999999999977,0.007691212078051527,3.3999999999999773,0.004842615012106505,-0.0030506124260355066,-2787.003046809845,19,-3.7000000000000455,range_v2_conservative
TATN,2024-05-31 13:00:00+00:00,2024-05-31 23:30:00+00:00,1,2024-05-31 13:00:00+00:00,707.852,5.704643293177558,699.2950350602337,716.4089649397663,-0.017449975418590294,-0.22175123346580508,3.892857142857127,0.005597206531785948,5.5,0.007907979870596693,4.899999999999977,0.007045291157440657,-0.001992713761467898,-1814.9657731697416,22,-5.5,range_v2_conservative
TATN,2024-05-31 23:30:00+00:00,2024-06-03 10:30:00+00:00,1,2024-05-31 23:30:00+00:00,700.296,5.461216131317217,692.1041758030242,708.4878241969759,-0.016844305836389253,-0.21998615426553766,3.9785714285714238,0.0057786077393920466,2.0,0.002904865649963689,1.6000000000000227,0.0023238925199709844,0.000788815798922796,717.0225790436903,4,-0.10000000000002274,range_v2_conservative
TATN,2024-06-03 11:00:00+00:00,2024-06-03 14:30:00+00:00,1,2024-06-03 11:00:00+00:00,698.7840000000001,5.424259942025629,690.6476100869617,706.9203899130385,-0.011854879333241895,-0.00907098163554822,4.878571428571433,0.007065273611254791,5.0,0.00724112961622013,1.8999999999999773,0.0027516292541636166,-0.003288405270863824,-2991.4724696831113,8,-5.100000000000023,range_v2_conservative
TATN,2024-06-03 14:30:00+00:00,2024-06-03 21:30:00+00:00,1,2024-06-03 14:30:00+00:00,695.8839999999999,6.532410874785258,686.0853836878221,705.6826163121777,-0.02972334469538006,-0.5554551449419202,5.342857142857156,0.007912999322951949,10.699999999999932,0.015847156398104162,10.399999999999977,0.0154028436018957,0.001730587165775397,1569.143506043229,15,0.0,range_v2_conservative
TATN,2024-06-03 21:30:00+00:00,2024-06-04 11:00:00+00:00,1,2024-06-03 21:30:00+00:00,690.76,6.6135297315766435,680.839705402635,700.680294597365,-0.008049105333256045,0.21976638670202514,3.3142857142856963,0.0048369610541239,0.7999999999999545,0.0011675423234091572,0.10000000000002274,0.00014594279042618613,-0.002578275000000034,-2341.797605509848,9,-2.1000000000000227,range_v2_conservative
TATN,2024-06-04 11:00:00+00:00,2024-06-04 15:00:00+00:00,1,2024-06-04 11:00:00+00:00,688.382,5.860998382617588,679.5905024260736,697.1734975739263,-0.015953351482171196,-0.12458073312618477,3.0928571428571154,0.004565776709266483,8.600000000000023,0.01269560082669032,5.7000000000000455,0.008414526129318048,0.003182558891455001,2883.204135706681,9,-1.5,range_v2_conservative
TATN,2024-06-06 14:00:00+00:00,2024-06-06 22:30:00+00:00,1,2024-06-06 14:00:00+00:00,694.0039999999999,3.9329046232747236,688.1046430650878,699.903356934912,-0.01038034362914328,-0.11057502364088162,2.6000000000000147,0.003785672684915572,5.2999999999999545,0.00771694816540471,1.8000000000000682,0.0026208503203262496,0.0019761653846154083,1795.982928511684,18,-0.599999999999909,range_v2_conservative
TATN,2024-06-06 22:30:00+00:00,2024-06-07 10:00:00+00:00,1,2024-06-06 22:30:00+00:00,693.38,4.3648409747613615,686.832738537858,699.927261462142,-0.000980703221898454,0.4480698912108608,1.9499999999999968,0.002815071459506275,0.7999999999999545,0.0011549011115922542,0.5,0.0007218131947451999,0.000889887179487181,810.3474266281314,5,-0.5,range_v2_conservative
TATN,2024-06-10 18:30:00+00:00,2024-06-10 22:30:00+00:00,1,2024-06-10 18:30:00+00:00,696.672,3.065811475005813,692.0732827874913,701.2707172125088,-0.007423866611547507,-0.062330728440087774,3.271428571428552,0.004730916227662404,3.1000000000000227,0.004483007953723822,2.5,0.0036153289949385392,-0.0015760117903930154,-1436.4220749309122,9,-4.2000000000000455,range_v2_conservative
TATN,2024-06-10 22:30:00+00:00,2024-06-11 13:30:00+00:00,1,2024-06-10 22:30:00+00:00,695.678,4.362235431456711,689.134646852815,702.221353147185,-0.012330417233260178,-0.15547432692749094,2.8642857142857077,0.004168659167931462,1.3999999999999773,0.002037549119487669,0.1999999999999318,0.000291078445641001,0.0026306942643391424,2393.9109614086533,12,-2.7000000000000455,range_v2_conservative
TATN,2024-06-13 09:30:00+00:00,2024-06-14 10:30:00+00:00,1,2024-06-13 09:30:00+00:00,691.76,4.189978325433218,685.4750325118501,698.0449674881498,-0.0200358505840176,-0.6026310021597334,2.7714285714285762,0.0040882557477925595,0.0,0.0,0.0,0.0,-0.0019270314432989738,-1758.1965046980981,32,-9.799999999999955,range_v2_conservative
TATN,2024-06-14 10:30:00+00:00,2024-06-14 13:30:00+00:00,1,2024-06-14 10:30:00+00:00,682.66,8.696680107843717,669.6149798382344,695.7050201617656,-0.013711071397181633,0.1412424095965071,2.8857142857142923,0.004285926460291538,2.0,0.002970444081390168,0.7000000000000455,0.0010396554284866264,0.002581804455445555,2351.0629126429208,7,0.0,range_v2_conservative
TATN,2024-06-18 12:00:00+00:00,2024-06-19 09:30:00+00:00,1,2024-06-18 12:00:00+00:00,692.168,4.035527935047824,686.1147080974283,698.2212919025717,-0.014401128049837555,-0.32335365289134216,2.7714285714285842,0.004062486912091152,6.7000000000000455,0.009821166813251313,5.899999999999977,0.008648490178833153,-0.0021449948453608316,-1958.3349559928893,25,-4.800000000000068,range_v2_conservative
TATN,2024-06-19 09:30:00+00:00,2024-06-19 17:30:00+00:00,1,2024-06-19 09:30:00+00:00,685.57,4.882340104722583,678.2464898429162,692.8935101570839,-0.012500546990095904,-0.08510193992906918,3.1142857142857077,0.004600126608989228,0.0,0.0,0.0,0.0,-0.002805105504587161,-2555.508699230229,17,-2.7999999999999545,range_v2_conservative
TATN,2024-06-19 17:30:00+00:00,2024-06-19 19:30:00+00:00,1,2024-06-19 17:30:00+00:00,681.3559999999999,4.829972746806463,674.1110408797902,688.6009591202096,-0.018134426056275844,-0.3527308294627201,4.999999999999992,0.007473841554559032,9.099999999999909,0.013602391629297323,5.0,0.007473841554559043,-0.001645530000000003,-1494.9064439993108,5,-2.7000000000000455,range_v2_conservative
TATN,2024-06-19 19:30:00+00:00,2024-06-19 20:00:00+00:00,1,2024-06-19 19:30:00+00:00,679.618,5.740855728023967,671.0067164079641,688.229283592036,-0.02665909378503814,-0.5519918317843,4.6285714285714255,0.006997084548104952,10.600000000000023,0.016024187452758916,4.7999999999999545,0.00725623582766433,-0.0025527185185185253,-2315.239404056779,2,0.0,range_v2_conservative
TATN,2024-06-19 20:00:00+00:00,2024-06-19 21:00:00+00:00,1,2024-06-19 20:00:00+00:00,678.86,6.946589237964318,668.4401161430535,689.2798838569465,-0.041923224228854306,-0.865658216095514,5.678571428571429,0.008730890880337376,19.5,0.029981549815498155,11.100000000000023,0.017066420664206678,0.0009470427672956017,856.746855256379,3,0.0,range_v2_conservative
TATN,2024-06-19 21:30:00+00:00,2024-06-20 11:30:00+00:00,1,2024-06-19 21:30:00+00:00,676.83,8.46356537020206,664.134651944697,689.5253480553031,-0.03284428881698509,-0.37551754796963616,5.7000000000000215,0.00870760769935842,3.1000000000000227,0.004735716468072139,1.7999999999999545,0.0027497708524288947,0.0032559140350876987,2948.2679950574898,10,-0.20000000000004547,range_v2_conservative
TATN,2024-06-24 13:00:00+00:00,2024-06-24 16:30:00+00:00,1,2024-06-24 13:00:00+00:00,686.54,3.2001275485127234,681.7398086772308,691.3401913227691,-0.007778133830512306,-0.05622782936486951,2.0214285714285603,0.002967452394933294,3.1000000000000227,0.004550792718731683,0.7999999999999545,0.0011743981209629396,0.0031378155477031523,2850.5795634870274,8,0.0,range_v2_conservative
TATN,2024-06-24 21:30:00+00:00,2024-06-25 13:00:00+00:00,1,2024-06-24 21:30:00+00:00,686.4580000000001,3.0748545676932433,681.8457181484603,691.0702818515399,-0.008096635191082493,-0.10252172123268628,2.221428571428565,0.003262488722908746,2.6000000000000227,0.003818475547070088,2.300000000000068,0.003377882214715918,0.001686329260450166,1536.769508126717,13,-1.5,range_v2_conservative
TATN,2024-07-03 16:00:00+00:00,2024-07-03 18:00:00+00:00,1,2024-07-03 16:00:00+00:00,710.87,0.8066686345937916,709.6599970481093,712.0800029518907,-0.0019272159466569197,-0.06611432139867218,1.5357142857142776,0.0021645021645021532,1.1000000000000227,0.0015503875968992569,0.8999999999999773,0.0012684989429175156,0.0002723358139535194,248.600995536276,5,-2.0,range_v2_conservative
TATN,2024-07-03 19:00:00+00:00,2024-07-03 22:30:00+00:00,1,2024-07-03 19:00:00+00:00,710.658,0.9617352516153981,709.215397122577,712.1006028774231,-0.002473763751340361,-0.10931529650779513,1.9928571428571575,0.0028111964210144696,2.300000000000068,0.0032444632529271666,1.5,0.0021159542953872196,-0.0021957569892473074,-2004.9365700071876,8,-2.0,range_v2_conservative
TATN,2024-07-03 22:30:00+00:00,2024-07-04 16:30:00+00:00,1,2024-07-03 22:30:00+00:00,710.31,1.4181404899727534,708.1827892650408,712.4372107349591,-0.007053258436457309,-0.6775984197673381,1.9928571428571493,0.0028255453606368204,1.900000000000091,0.002693889125195082,1.400000000000091,0.0019849709343543044,-0.0033466222222221995,-3049.0770600341907,18,-2.5,range_v2_conservative
TATN,2024-07-04 16:30:00+00:00,2024-07-05 10:30:00+00:00,1,2024-07-04 16:30:00+00:00,708.028,3.1919567283112253,703.2400649075332,712.8159350924668,-0.01218595874739423,-0.40101472068565613,3.385714285714284,0.004840884023040154,8.300000000000068,0.011867314841292635,4.100000000000023,0.00586216757220478,-0.0013483594936708739,-1224.366815685355,18,-2.8999999999999773,range_v2_conservative
TATN,2024-07-05 10:30:00+00:00,2024-07-05 13:30:00+00:00,1,2024-07-05 10:30:00+00:00,703.8960000000001,4.422574741847757,697.2621378872284,710.5298621127718,-0.011785831997908851,-0.12527678891820634,2.0714285714285796,0.0029779019140721385,6.0,0.008625646923519264,5.2999999999999545,0.0076193214491086176,-0.00012827379310344778,-116.32091504192465,7,-0.5,range_v2_conservative
TATN,2024-07-05 14:00:00+00:00,2024-07-08 10:00:00+00:00,1,2024-07-05 14:00:00+00:00,702.034,4.3550397735099775,695.501440339735,708.5665596602649,-0.01115900369497766,-0.09961182196705806,3.2571428571428425,0.004691937276206918,2.699999999999932,0.003889369057908285,2.599999999999909,0.0037453183520597937,-0.001338492105263171,-1213.61231436227,22,-4.2000000000000455,range_v2_conservative
TATN,2024-07-08 10:00:00+00:00,2024-07-08 22:00:00+00:00,1,2024-07-08 10:00:00+00:00,696.33,3.941265206609228,690.4181021900862,702.2418978099139,-0.008228857007453388,0.015384045509785753,1.9214285714285861,0.0027822597327375994,3.699999999999932,0.005357660005791966,1.8999999999999773,0.0027512308137850813,0.0011642587360594706,1054.2217615775344,25,0.0,range_v2_conservative
TATN,2024-07-09 09:30:00+00:00,2024-07-09 10:00:00+00:00,1,2024-07-09 09:30:00+00:00,692.2360000000001,2.9717554765636756,687.7783667851546,696.6936332148456,-0.02735483274490224,-1.6239970952451412,2.92142857142857,0.004338970104602065,0.0,0.0,0.0,0.0,-0.002612776528117353,-2368.5909981536524,2,0.0,range_v2_conservative
TATN,2024-07-09 10:00:00+00:00,2024-07-09 17:00:00+00:00,1,2024-07-09 10:00:00+00:00,691.68,4.696763975012359,684.6348540374814,698.7251459625185,-0.03654869303724262,-1.2941430975663426,3.4285714285714284,0.005144915108900703,9.5,0.014255702280912365,6.800000000000068,0.010204081632653164,-0.001787070833333327,-1615.8214752599981,15,-5.100000000000023,range_v2_conservative
TATN,2024-07-09 17:00:00+00:00,2024-07-10 11:30:00+00:00,1,2024-07-09 17:00:00+00:00,683.436,13.649351632960624,662.9619725505592,703.9100274494409,-0.03282823848904658,-0.047913693468568934,3.471428571428573,0.005251783012751245,4.5,0.00680786686838124,3.2999999999999545,0.004992435703479507,-0.0019934962962963087,-1799.2447034468225,19,-1.7000000000000455,range_v2_conservative
TATN,2024-07-10 11:30:00+00:00,2024-07-10 13:30:00+00:00,1,2024-07-10 11:30:00+00:00,672.044,14.500023363814787,650.2939649542778,693.7940350457221,-0.025659034229901657,0.10358684563610333,2.385714285714276,0.0036434243825813626,5.2999999999999545,0.00809407452657293,4.7000000000000455,0.007177764202810088,-0.002562897005988025,-2308.550211363947,5,-3.599999999999909,range_v2_conservative
