symbol,side,entry_time,exit_time,entry_price,exit_price,qty,pnl,pnl_rel,bars_held,entry_reason,exit_reason,post_circuit_breaker,entry_geo_class,entry_geo_valid_box,entry_geo_h_pct,entry_atr_pct,entry_slope_pct_per_bar,entry_dist_L_pct,entry_dist_U_pct
SBER,-1,2022-01-06 19:20:00+00:00,2022-01-06 19:20:00+00:00,292.92,292.92,2389.7309845691652,-0.0,-0.0,0,v3_short,opposite_signal,False,A,True,0.009761425304617757,0.003969627715928164,-1.2287108775040102e-05,0.8321678321678432,0.16783216783215685
SBER,-1,2022-01-12 20:10:00+00:00,2022-01-13 06:50:00+00:00,289.99,289.56,2413.8763405634677,1037.9668264423076,0.0010379668264423076,64,v3_short,timeout,False,A,True,0.011103831166592045,0.003044439956057601,-6.0346908514086696e-05,0.5372670807453427,0.4627329192546573
SBER,-1,2022-01-27 10:20:00+00:00,2022-01-27 11:00:00+00:00,236.89,239.25889999999998,2958.025145757565,-7007.265767785086,-0.00699999999999999,4,v3_short,sl,False,A,True,0.019798218582464427,0.004890757011994703,-0.00020642492296002305,0.808102345415777,0.19189765458422306
SBER,-1,2022-01-31 20:50:00+00:00,2022-01-31 23:40:00+00:00,266.88,269.54879999999997,2607.2447944434202,-6958.214907410537,-0.006999999999999937,17,v3_short,sl,False,A,True,0.009666541775945989,0.003478334008762729,8.654926938928234e-05,0.9224806201550427,0.07751937984495731
SBER,-1,2022-02-01 23:40:00+00:00,2022-02-02 07:00:00+00:00,263.75,266.3875,2619.7184466573367,-6909.507403058696,-0.006999999999999969,44,v3_short,sl,False,A,True,0.012092494313874137,0.003308010088038256,-0.00018574677786202014,0.8463949843260159,0.15360501567398416
SBER,1,2022-02-02 19:20:00+00:00,2022-02-02 23:40:00+00:00,258.25,261.0,2656.782517420064,7306.1519229051755,0.007454017424975798,26,v3_long,opposite_signal,False,A,True,0.020987415295256596,0.005624987652369776,-0.00021335914811229832,0.1236162361623642,0.8763837638376358
SBER,-1,2022-02-03 19:40:00+00:00,2022-02-03 22:40:00+00:00,253.57,251.58,2725.9864789595185,5424.71309312939,0.005493552076349673,18,v3_short,opposite_signal,False,A,True,0.013605710454706743,0.0044764839721430985,-0.00022242378830303217,0.889855072463769,0.11014492753623092
SBER,1,2022-02-04 20:10:00+00:00,2022-02-04 21:50:00+00:00,255.0,255.97,2725.5909436664924,2643.8232153564945,0.0026627450980392124,10,v3_long,opposite_signal,False,A,True,0.012078431372548958,0.003821528611444571,-0.0001321568627450982,0.7240259740259745,0.27597402597402554
SBER,1,2022-02-10 10:30:00+00:00,2022-02-10 11:20:00+00:00,275.81,276.02,2526.6537358533233,530.5972845291462,0.0005329755991442866,5,v3_long,opposite_signal,False,A,True,0.012546232504170123,0.0038568292248762058,-0.00017513960403219697,0.37572254335260047,0.6242774566473995
SBER,-1,2022-02-10 13:20:00+00:00,2022-02-10 15:50:00+00:00,276.67,279.43670000000003,2520.142353651916,-6972.477849848792,-0.007000000000000037,15,v3_short,sl,False,A,True,0.01293960313731154,0.003944345434207002,,0.8379888268156462,0.16201117318435382
SBER,1,2022-02-11 19:20:00+00:00,2022-02-11 21:30:00+00:00,267.2,264.52799999999996,2591.19405123496,-6923.670504899879,-0.007000000000000066,13,v3_long,sl,False,A,True,0.014408682634730411,0.0051807100085543185,-0.00038285928143712647,0.42857142857142644,0.5714285714285735
SBER,-1,2022-09-16 13:20:00+00:00,2022-09-16 14:00:00+00:00,140.66,138.5501,4887.818008933254,10312.807217048323,0.010500000000000053,4,v3_short,tp,False,A,True,0.02239442627612667,0.003954148131597264,,0.7682539682539699,0.23174603174603017
SBER,-1,2022-09-21 21:50:00+00:00,2022-09-21 23:40:00+00:00,120.7,120.23,5755.919189631195,2705.282019126655,0.0027257663628831746,11,v3_short,opposite_signal,False,A,True,0.008617832283725606,0.005558637110793932,5.137553861451811e-05,0.7788461538461513,0.22115384615384864
SBER,-1,2022-09-28 22:20:00+00:00,2022-09-29 09:50:00+00:00,111.35,111.59,6256.247360591594,-1501.4993665420395,-0.0015087561742254726,69,v3_short,timeout,False,A,True,0.008447160316319174,0.004337284878005835,-0.00026509705248022904,0.9787234042553082,0.021276595744691786
SBER,-1,2022-09-29 21:40:00+00:00,2022-09-30 09:50:00+00:00,109.77,111.0,6336.723094154091,-7794.169405809557,-0.007843673134736292,73,v3_short,gap_sl,False,A,True,0.024499089253187594,0.005126203486859214,-2.0947176684880673e-05,0.33828996282527785,0.6617100371747222
SBER,1,2022-10-07 13:20:00+00:00,2022-10-07 16:10:00+00:00,106.84,105.7716,6459.436310943727,-6901.261754612258,-0.00699999999999998,17,v3_long,sl,False,A,True,0.017402694610778438,0.0040944895922440695,,0.11827956989247254,0.8817204301075274
SBER,-1,2022-10-27 13:20:00+00:00,2022-10-27 21:20:00+00:00,126.52,126.86,5416.497725521651,-1841.6092266773799,-0.0018811255137527853,48,v3_short,timeout,False,A,True,0.026153603034133912,0.004838661128168076,,0.8580060422960724,0.14199395770392767
SBER,-1,2022-10-28 13:20:00+00:00,2022-10-28 21:20:00+00:00,126.32,126.82,5414.868316769515,-2707.4341583847577,-0.0027707409753008234,48,v3_short,timeout,False,A,True,0.017095370003957347,0.004609267529726584,,0.7962962962962918,0.20370370370370822
SBER,-1,2022-11-03 13:20:00+00:00,2022-11-03 21:20:00+00:00,125.18,125.4,5449.041075758553,-1198.7890366668755,-0.001230228471001751,48,v3_short,timeout,False,A,True,0.017499001198561705,0.00391910659589446,,0.579908675799092,0.42009132420090795
SBER,-1,2022-11-16 13:20:00+00:00,2022-11-16 21:20:00+00:00,138.93,138.81,4903.7055318346565,588.4446638201811,0.0006046210321744991,48,v3_short,timeout,False,A,True,0.021449650903332743,0.004051372222393588,,0.8758389261744959,0.12416107382550412
SBER,-1,2022-12-20 13:20:00+00:00,2022-12-20 21:20:00+00:00,137.29,137.44,4965.283129160632,-744.792469374123,-0.0007648044285818631,48,v3_short,timeout,False,A,True,0.02359967951052523,0.0035205283220433553,,0.888888888888885,0.111111111111115
SBER,-1,2023-02-01 13:20:00+00:00,2023-02-01 21:20:00+00:00,158.79,157.32,4289.705687221495,6305.867360215593,0.006480256943132434,48,v3_short,timeout,False,A,True,0.016814660872850856,0.003448699840160251,,0.6966292134831438,0.30337078651685623
SBER,-1,2023-02-15 13:20:00+00:00,2023-02-15 17:50:00+00:00,160.22,157.8167,4278.969374772513,10283.647098390788,0.010500000000000006,27,v3_short,tp,False,A,True,0.01510234648027968,0.0034085776097758117,,0.6280991735537191,0.3719008264462809
SBER,-1,2023-02-17 13:20:00+00:00,2023-02-17 21:20:00+00:00,159.67,159.43,4338.7926736076015,1041.3102416657405,0.0010521701008328833,48,v3_short,timeout,False,A,True,0.021735045411838388,0.0034480187314512405,,0.7953890489913521,0.2046109510086479
SBER,-1,2023-03-22 13:20:00+00:00,2023-03-22 21:20:00+00:00,203.25,203.74,3412.0735220865513,-1671.9160258224413,-0.001687576875768789,48,v3_short,timeout,False,A,True,0.013334645475569592,0.0031678862560130115,,0.6125461254612515,0.38745387453874847
SBER,-1,2023-04-20 13:20:00+00:00,2023-04-20 15:10:00+00:00,232.39,234.7139,2979.188442471776,-6923.336021460187,-0.007000000000000028,11,v3_short,sl,False,A,True,0.02031068462498386,0.004044924480399337,,0.5402542372881322,0.4597457627118679
SBER,-1,2023-05-03 13:20:00+00:00,2023-05-03 18:30:00+00:00,241.82,238.1927,2842.9710815110157,10312.309003964881,0.010499999999999975,31,v3_short,tp,False,A,True,0.013935409171732227,0.003373089714734671,,0.6528189910979186,0.3471810089020814
SBER,-1,2023-05-04 13:20:00+00:00,2023-05-04 21:20:00+00:00,239.2,238.74,2904.288809505724,1335.9728523725737,0.0013461538461537863,48,v3_short,timeout,False,A,True,0.014673913043478343,0.0031613314222010036,,0.8461538461538411,0.15384615384615882
SBER,1,2023-05-25 13:20:00+00:00,2023-05-25 21:20:00+00:00,243.82,244.6,2853.0927086802967,2225.412312770635,0.0022393569026330933,48,v3_long,timeout,False,A,True,0.019481584775654173,0.003077992742499339,,0.24631578947368157,0.7536842105263184
SBER,-1,2023-05-30 13:20:00+00:00,2023-05-30 17:20:00+00:00,249.82,246.0727,2790.8047908468875,10457.98279274053,0.010499999999999989,24,v3_short,tp,False,A,True,0.01581265012009603,0.0030309962255518712,,0.7392405063291129,0.26075949367088713
SBER,-1,2023-06-07 13:20:00+00:00,2023-06-07 21:20:00+00:00,242.67,241.36,2903.199574748786,3803.1914429208337,0.0037787942473316923,48,v3_short,timeout,False,A,True,0.02006675182331371,0.0036750783382288685,,0.8439425051334664,0.15605749486653359
SBER,-1,2023-06-08 13:20:00+00:00,2023-06-08 21:20:00+00:00,241.54,241.17,2927.8035721384963,1083.287321691257,0.0010722861637824095,48,v3_short,timeout,False,A,True,0.011509957355193976,0.0033772793678395405,,0.7158273381294892,0.2841726618705108
SBER,-1,2023-06-27 13:20:00+00:00,2023-06-27 16:50:00+00:00,239.01,241.40009999999998,2961.9680178214985,-7079.399759395133,-0.00699999999999997,21,v3_short,sl,False,A,True,0.010418410041840923,0.002976688583383138,,0.8875502008032116,0.11244979919678848
SBER,-1,2023-08-15 13:20:00+00:00,2023-08-15 21:20:00+00:00,263.1,260.88,2671.9285294866577,5931.681335460453,0.0059064994298746445,48,v3_short,timeout,False,A,True,0.02725199543899664,0.0042858952779135226,,0.9023709902371009,0.09762900976289918
SBER,-1,2023-09-20 13:20:00+00:00,2023-09-20 21:20:00+00:00,254.03,254.47,2783.6734757420854,-1224.8163293265113,-0.0012124552218241876,48,v3_short,timeout,False,A,True,0.02184781325040354,0.004900058673235067,,0.7585585585585585,0.24144144144144156
SBER,-1,2023-09-29 13:20:00+00:00,2023-09-29 21:20:00+00:00,261.66,260.9,2699.2249545678874,2051.410965471723,0.002033172819689801,48,v3_short,timeout,False,A,True,0.022471910112359533,0.0036452248100952885,,0.841836734693886,0.15816326530611408
SBER,-1,2023-11-17 13:20:00+00:00,2023-11-17 21:20:00+00:00,280.92,281.84,2519.276624263362,-2317.73449432219,-0.002292467606435894,48,v3_short,timeout,False,A,True,0.011533532678342418,0.00304611378938589,,0.6975308641975383,0.30246913580246165
SBER,-1,2023-12-12 13:20:00+00:00,2023-12-12 14:50:00+00:00,259.2,261.792,2724.123360887493,-7060.92775142034,-0.0069999999999999585,9,v3_short,sl,False,A,True,0.01994598765432105,0.004589212228101131,,0.802707930367498,0.19729206963250204
SBER,-1,2023-12-13 13:20:00+00:00,2023-12-13 21:20:00+00:00,260.16,259.37,2695.0727464485085,2129.107469694377,0.0021256150061501164,48,v3_short,timeout,False,A,True,0.01879612546125456,0.003891378199496258,,0.7484662576687189,0.2515337423312811
SBER,-1,2024-06-19 13:20:00+00:00,2024-06-19 19:10:00+00:00,312.32,307.6352,2249.745456406346,10539.60751417244,0.010499999999999989,35,v3_short,tp,False,A,True,0.021455104393492984,0.0034782582175947115,,0.6328358208955248,0.3671641791044752
SBER,-1,2024-07-18 13:20:00+00:00,2024-07-18 17:50:00+00:00,286.08,288.94079999999997,2481.886976386853,-7100.182262047468,-0.006999999999999961,27,v3_short,sl,False,A,True,0.0148930219549713,0.0035276451511943234,,0.7863849765258153,0.21361502347418473
SBER,-1,2024-08-20 13:20:00+00:00,2024-08-20 21:20:00+00:00,268.21,265.92,2628.7166720902187,6019.761179086505,0.005976660079788131,48,v3_short,timeout,False,A,True,0.02028337061894108,0.0040605802350768706,,0.8915441176470529,0.10845588235294708
SBER,-1,2024-08-23 13:20:00+00:00,2024-08-23 17:50:00+00:00,260.83,256.91755,2719.2498234354875,10638.928971700114,0.010499999999999943,27,v3_short,tp,False,A,True,0.027757543227389523,0.004903759609890043,,0.7279005524861845,0.2720994475138156
SBER,-1,2024-09-04 13:20:00+00:00,2024-09-04 15:20:00+00:00,246.61,249.07610000000003,2906.245414731228,-7167.091817268714,-0.007000000000000031,12,v3_short,sl,False,A,True,0.02063569285656359,0.0042491495909155776,,0.7485265225933243,0.25147347740667564
SBER,-1,2024-09-26 13:20:00+00:00,2024-09-26 21:20:00+00:00,269.13,266.67,2644.418004142162,6505.268290189664,0.006398394827778343,48,v3_short,timeout,False,A,True,0.0146774673008323,0.0030098097502972636,,0.8405063291139248,0.15949367088607525
SBER,-1,2024-11-15 13:20:00+00:00,2024-11-15 17:20:00+00:00,250.82,253.32819999999998,2855.6171966267157,-7162.459052579094,-0.006999999999999966,24,v3_short,sl,False,A,True,0.014910497149463702,0.0030717066956751056,,0.7406417112299455,0.2593582887700545
SBER,-1,2024-12-04 13:20:00+00:00,2024-12-04 17:00:00+00:00,232.9,229.4065,3053.809291202694,10668.482758816648,0.010500000000000035,22,v3_short,tp,False,A,True,0.01927534987550434,0.003203359131924425,,0.8017817371937661,0.1982182628062339
SBER,-1,2024-12-05 13:20:00+00:00,2024-12-05 15:20:00+00:00,226.81,223.40785,3168.732074654024,10780.501827784206,0.01050000000000002,12,v3_short,tp,False,A,True,0.01600387972841899,0.00424292810325787,,0.7575757575757586,0.2424242424242415
SBER,1,2024-12-12 13:20:00+00:00,2024-12-12 14:20:00+00:00,233.97,231.6303,3104.0153572326712,-7262.464731317261,-0.006999999999999981,6,v3_long,sl,False,A,True,0.0124802325084412,0.0033276549496577754,,0.3219178082191787,0.6780821917808213
SBER,1,2024-12-26 13:20:00+00:00,2024-12-26 21:20:00+00:00,270.68,269.8,2664.263144006967,-2344.551566726119,-0.002275749963055995,48,v3_long,timeout,False,A,True,0.01736431817342147,0.00418362194694999,,0.24042553191489324,0.7595744680851068
SBER,-1,2025-04-02 10:30:00+00:00,2025-04-02 10:50:00+00:00,304.99,303.9,2359.164437270395,2571.4892366248055,0.002501721367913775,2,v3_short,opposite_signal,False,A,True,0.011443373335956485,0.0031328432862960027,0.00010722014558331634,0.5673352435530123,0.43266475644698765
SBER,-1,2025-04-02 12:30:00+00:00,2025-04-02 20:30:00+00:00,305.1,304.09,2364.213714155146,2387.8558512968107,0.0023172730252377367,48,v3_short,timeout,False,A,True,0.015569176308630242,0.003349059968803828,,0.8189473684210617,0.18105263157893828
SBER,-1,2025-04-08 10:20:00+00:00,2025-04-08 10:30:00+00:00,290.86,289.92,2485.7082558091274,2336.565760460574,0.00226225675582754,1,v3_short,opposite_signal,False,A,True,0.013166036438638654,0.0036045769287433057,0.00027260226882089896,0.4569190600522212,0.5430809399477787
SBER,1,2025-04-08 10:50:00+00:00,2025-04-08 19:00:00+00:00,290.36,291.57,2495.6216397470907,3019.7021840939287,0.0029170684667309053,49,v3_long,timeout,False,A,True,0.013533989944211058,0.003709220102394567,0.0002679247882085534,0.34351145038168457,0.6564885496183154
SBER,-1,2025-04-10 10:20:00+00:00,2025-04-10 18:20:00+00:00,294.97,292.05,2463.7844216219646,7194.250511136176,0.006929518256093877,48,v3_short,timeout,False,A,True,0.014476048411703015,0.0032755550604823534,0.00010577346848831714,0.6627634660421582,0.33723653395784187
SBER,-1,2025-10-21 10:30:00+00:00,2025-10-21 10:50:00+00:00,301.76,300.16,2425.0346838667365,3880.055494186696,0.0037115588547189035,2,v3_short,opposite_signal,False,A,True,0.012559233853596991,0.0036767917770005325,-0.0002090996454253221,0.6992084432717686,0.3007915567282315
SBER,1,2025-10-21 11:20:00+00:00,2025-10-21 18:00:00+00:00,300.1,297.09900000000005,2447.4991837705993,-7344.94505049551,-0.006999999999999944,40,v3_long,sl,False,A,True,0.010629435873513038,0.0034888442139116727,-0.00022258505214754043,0.31034482758620996,0.68965517241379
SBER,-1,2025-10-23 11:00:00+00:00,2025-10-23 11:30:00+00:00,287.25,285.9,2539.0880540094345,3427.7688729127944,0.0032898172323760346,3,v3_short,opposite_signal,False,A,True,0.010339065654807586,0.003351667478938963,-0.00019738216250086887,0.6868686868686874,0.31313131313131254
SBER,1,2025-10-23 11:50:00+00:00,2025-10-23 13:00:00+00:00,285.85,287.09,2559.91772511894,3174.297979147363,0.0030365576351231993,7,v3_long,opposite_signal,False,A,True,0.01038970125236139,0.0035005480538259064,,0.21548821548822805,0.784511784511772
GAZP,-1,2022-01-10 21:30:00+00:00,2022-01-11 06:50:00+00:00,344.7,344.68,2030.7513780098636,40.615027560160335,4.0615027560160334e-05,56,v3_short,timeout,False,A,True,0.011024078909196437,0.0031444083290409464,-0.0003408761241659414,0.9736842105263099,0.026315789473690114
GAZP,-1,2022-01-14 10:30:00+00:00,2022-01-14 10:30:00+00:00,339.28,338.99,2063.2764398705854,598.3501675623947,0.0005983258665408352,0,v3_short,opposite_signal,False,A,True,0.01117071445413807,0.003598529506334279,0.0001517920301815603,0.5567282321899676,0.4432717678100324
GAZP,-1,2022-01-17 21:40:00+00:00,2022-01-17 22:00:00+00:00,328.82,326.25,2130.1845253834495,5474.57423023545,0.005471078401557069,2,v3_short,opposite_signal,False,A,True,0.025817241903603492,0.004763663105503704,-0.00046312908620951853,0.8610129564193162,0.1389870435806838
GAZP,-1,2022-01-25 21:10:00+00:00,2022-01-25 21:30:00+00:00,297.71,300.6871,2365.656100224214,-7042.794775977524,-0.007000000000000018,2,v3_short,sl,False,A,True,0.027539882451721204,0.00505217704210147,-0.00011318219983207023,0.9865853658536569,0.013414634146343146
GAZP,1,2022-01-26 21:10:00+00:00,2022-01-26 22:00:00+00:00,302.34,304.91,2313.122713681836,5944.7253741624345,0.005950254680161524,5,v3_long,opposite_signal,False,A,True,0.020483801581786285,0.005359514996309244,0.0003669876567722342,0.297253634894988,0.702746365105012
GAZP,-1,2022-01-27 10:20:00+00:00,2022-01-27 10:40:00+00:00,299.07,302.0607,2352.3283144965394,-7035.10829016481,-0.00700000000000001,2,v3_short,sl,False,A,True,0.02056718614139515,0.004608705899589453,-0.000266871781151763,0.824390243902441,0.17560975609755905
GAZP,-1,2022-02-01 23:40:00+00:00,2022-02-02 07:40:00+00:00,330.11,330.14,2116.2226324963335,-63.486678974832266,-6.361515858344461e-05,48,v3_short,timeout,False,A,True,0.016952744225471397,0.0033985803930145332,-0.00026488662852299215,0.858928571428577,0.14107142857142294
GAZP,-1,2022-02-02 10:20:00+00:00,2022-02-02 10:30:00+00:00,331.64,330.64,2106.325571517556,2106.325571517556,0.0021107224701483536,1,v3_short,opposite_signal,False,A,True,0.012085593731163323,0.0030597893165705088,0.00014888487040385596,0.6109725685785522,0.38902743142144786
GAZP,1,2022-02-02 19:20:00+00:00,2022-02-02 21:30:00+00:00,329.81,331.38,2122.4833705410524,3332.2988917494376,0.003332221582123026,13,v3_long,opposite_signal,False,A,True,0.011824990145841477,0.003691055270536106,4.851278008549412e-06,0.20769230769230948,0.7923076923076905
GAZP,-1,2022-02-09 12:00:00+00:00,2022-02-09 20:00:00+00:00,334.42,334.65,2100.1998973218383,-483.04597638394165,-0.0004814305364510883,48,v3_short,timeout,False,A,True,0.016835620944349736,0.003684872056804906,,0.7531083481349934,0.24689165186500667
GAZP,-1,2022-02-10 19:20:00+00:00,2022-02-11 06:50:00+00:00,331.4,328.97,2118.3183991517817,5147.513709938724,0.005132770066384928,69,v3_short,timeout,False,A,True,0.010139111017230496,0.00308779777942138,-0.00011225444340505229,0.8035714285714219,0.19642857142857809
GAZP,-1,2022-02-15 10:20:00+00:00,2022-02-15 10:40:00+00:00,324.81,324.0,2172.389942045681,1759.6358530570064,0.001745635910224444,2,v3_short,opposite_signal,False,A,True,0.014031200960029546,0.003953235191119453,0.00026277731622511696,0.5197368421052639,0.4802631578947361
GAZP,1,2022-02-15 11:00:00+00:00,2022-02-15 11:00:00+00:00,324.3,329.1645,2179.604447033603,10602.685832594883,0.010499999999999923,0,v3_long,tp,False,A,True,0.012118782571155468,0.003931049369391615,0.00023096611058003665,0.3129770992366453,0.6870229007633547
GAZP,-1,2022-02-16 19:30:00+00:00,2022-02-17 06:50:00+00:00,337.19,336.37,2118.294143526836,1737.001197691991,0.0017023043388000687,68,v3_short,timeout,False,A,True,0.014236142005516539,0.0038289895547150322,-0.00013168431355102927,0.8729166666666641,0.12708333333333588
GAZP,-1,2022-09-16 13:20:00+00:00,2022-09-16 14:30:00+00:00,246.75,243.04874999999998,2899.629191871117,10732.25254641302,0.010500000000000044,7,v3_short,tp,False,A,True,0.02103343465045592,0.0034081150190572677,,0.7206165703275551,0.27938342967244495
GAZP,-1,2022-10-18 13:20:00+00:00,2022-10-18 21:00:00+00:00,163.59,161.13615000000001,4419.561586140273,10844.941198150258,0.01049999999999995,46,v3_short,tp,False,A,True,0.017360474356623114,0.00350178582344361,,0.6302816901408478,0.36971830985915216
GAZP,-1,2022-10-25 13:20:00+00:00,2022-10-25 16:10:00+00:00,167.87,169.5487,4352.103048283747,-7305.875387153891,-0.006999999999999967,17,v3_short,sl,False,A,True,0.02514299332697807,0.004306822824458653,,0.8649289099526082,0.1350710900473918
GAZP,-1,2023-02-21 13:20:00+00:00,2023-02-21 21:20:00+00:00,155.5,155.01,4665.423961057137,2286.0577409180396,0.002205787781350523,48,v3_short,timeout,False,A,True,0.018069577519130617,0.003806216718569598,,0.6690391459074712,0.33096085409252884
GAZP,-1,2023-03-03 13:20:00+00:00,2023-03-03 21:20:00+00:00,162.57,162.18,4472.372924666466,1744.2254406198608,0.0016792766193023956,48,v3_short,timeout,False,A,True,0.014761963341124403,0.0032921521419491673,,0.6958333333333264,0.3041666666666735
GAZP,-1,2023-04-12 13:20:00+00:00,2023-04-12 15:30:00+00:00,177.79,179.56789999999998,4096.375635139554,-7282.946241714565,-0.006999999999999954,13,v3_short,sl,False,A,True,0.021092299904381575,0.004355057732637999,,0.5973333333333282,0.40266666666667184
GAZP,-1,2023-05-26 13:20:00+00:00,2023-05-26 21:20:00+00:00,164.39,164.93,4399.273446087117,-2375.607660887133,-0.002299409939777446,48,v3_short,timeout,False,A,True,0.020133819951338214,0.0030645348163596373,,0.8157099697885156,0.18429003021148435
GAZP,-1,2023-05-31 13:20:00+00:00,2023-05-31 21:20:00+00:00,162.92,162.81,4428.760351335871,487.1636386468803,0.0004726246010311174,48,v3_short,timeout,False,A,True,0.014734774066797678,0.0032217700439704316,,0.8416666666666571,0.1583333333333429
GAZP,-1,2023-06-07 13:20:00+00:00,2023-06-07 21:20:00+00:00,165.09,164.6,4372.612823227893,2142.5802833817074,0.0020776546126355707,48,v3_short,timeout,False,A,True,0.01883706844336774,0.002936171440108442,,0.7781350482315129,0.22186495176848703
GAZP,-1,2023-06-23 13:20:00+00:00,2023-06-23 21:20:00+00:00,168.16,168.3,4301.703479930186,-602.2384871902897,-0.0005827783063749426,48,v3_short,timeout,False,A,True,0.022072822465492498,0.003490401396160564,,0.795148247978438,0.20485175202156203
GAZP,-1,2023-08-15 13:20:00+00:00,2023-08-15 18:30:00+00:00,178.76,176.0786,4044.2654410607906,10844.29335366039,0.010499999999999989,31,v3_short,tp,False,A,True,0.024221066174413962,0.0055085411688868356,,0.8637413394919156,0.13625866050808444
GAZP,-1,2023-09-20 13:20:00+00:00,2023-09-20 21:20:00+00:00,169.4,169.44,4312.5377543777395,-172.50151017507525,-0.00016528925619831421,48,v3_short,timeout,False,A,True,0.01859504132231408,0.004084443694833313,,0.7301587301587324,0.26984126984126755
GAZP,-1,2024-05-24 13:20:00+00:00,2024-05-24 15:50:00+00:00,135.45,133.41825,5392.5665894017475,10956.347168016937,0.01049999999999994,15,v3_short,tp,False,A,True,0.0132900177200235,0.0035686158692655955,,0.4444444444444392,0.5555555555555608
GAZP,-1,2024-06-03 22:20:00+00:00,2024-06-04 09:50:00+00:00,124.19,124.22,5943.252979725246,-178.29758939176415,-0.000169095740397784,69,v3_short,timeout,False,A,True,0.010710259301014642,0.004152957688148534,-0.00034707682396521196,0.8571428571428586,0.14285714285714132
GAZP,-1,2024-06-26 13:20:00+00:00,2024-06-26 21:20:00+00:00,116.09,116.72,6356.859154444864,-4004.8212673002354,-0.003798776811094813,48,v3_short,timeout,False,A,True,0.01507580978635424,0.0035361491253979214,,0.8228571428571415,0.17714285714285843
GAZP,-1,2024-07-17 13:20:00+00:00,2024-07-17 17:20:00+00:00,125.5,126.755,5857.883700019075,-7351.644043523913,-0.006999999999999974,24,v3_short,sl,False,A,True,0.025258964143426307,0.005088218554354017,,0.7223974763406956,0.27760252365930443
GAZP,-1,2024-07-19 13:20:00+00:00,2024-07-19 15:50:00+00:00,130.43,131.73430000000002,5597.011834102026,-7300.18253521934,-0.007000000000000065,15,v3_short,sl,False,A,True,0.018247335735643605,0.004968912352183066,,0.6890756302521084,0.3109243697478916
GAZP,-1,2024-08-13 13:20:00+00:00,2024-08-13 21:20:00+00:00,129.83,130.16,5583.517875277467,-1842.5608988414754,-0.001779249788184463,48,v3_short,timeout,False,A,True,0.01547820730016956,0.003457936385704733,,0.5174129353233883,0.4825870646766117
GAZP,-1,2024-08-20 13:20:00+00:00,2024-08-20 21:20:00+00:00,126.91,125.87,5701.822812371639,5929.895724866459,0.0057363485934914075,48,v3_short,timeout,False,A,True,0.014340871483728685,0.00371466843770051,,0.5989010989010983,0.4010989010989017
GAZP,-1,2024-09-05 13:20:00+00:00,2024-09-05 16:50:00+00:00,123.53,124.7653,5891.437384647382,-7277.692601254882,-0.0069999999999999715,21,v3_short,sl,False,A,True,0.01974749109744252,0.005002389431007113,,0.8155737704918019,0.18442622950819806
GAZP,1,2024-09-17 13:20:00+00:00,2024-09-17 17:40:00+00:00,120.69,122.50034999999998,5987.8604300655625,10840.123129569103,0.010499999999999916,26,v3_long,tp,False,A,True,0.017232808616404294,0.003665128023040193,,0.24999999999999828,0.7500000000000017
GAZP,-1,2024-09-18 13:20:00+00:00,2024-09-18 21:20:00+00:00,122.57,122.4,5957.925768910101,1012.8473807146428,0.0009708737864076957,48,v3_short,timeout,False,A,True,0.016317206494248185,0.004036566082743772,,0.33499999999999375,0.6650000000000063
GAZP,1,2024-10-02 13:20:00+00:00,2024-10-02 15:30:00+00:00,135.85,134.4915,5380.728411202144,-7309.719546618072,-0.00699999999999996,13,v3_long,sl,False,A,True,0.01435406698564585,0.0033685612632981103,,0.3282051282051231,0.6717948717948768
GAZP,-1,2024-10-08 13:20:00+00:00,2024-10-08 21:20:00+00:00,134.44,133.61,5399.101093269702,4481.253907413767,0.004321630467122798,48,v3_short,timeout,False,A,True,0.014724473860340521,0.0031410794406257895,,0.7777777777777778,0.2222222222222222
GAZP,-1,2024-10-23 13:20:00+00:00,2024-10-23 20:50:00+00:00,136.86,134.80710000000002,5326.552891380741,10934.880430715491,0.010499999999999968,45,v3_short,tp,False,A,True,0.02140873885722641,0.003458522090700949,,0.7815699658703124,0.21843003412968767
GAZP,-1,2024-11-13 13:20:00+00:00,2024-11-13 20:00:00+00:00,135.84,133.8024,5422.897857890674,11049.696675238023,0.010499999999999987,40,v3_short,tp,False,A,True,0.01582744405182551,0.0029551573279488295,,0.7162790697674457,0.2837209302325543
GAZP,-1,2024-11-15 22:00:00+00:00,2024-11-15 23:50:00+00:00,133.11,133.37,5592.226224089367,-1453.9788182631846,-0.0013672902111035506,11,v3_short,weekend_exit,False,A,True,0.0075871394230768545,0.0033635449372056555,0.00021559495192307725,0.47524752475249754,0.5247524752475025
GAZP,-1,2024-11-21 22:00:00+00:00,2024-11-21 23:00:00+00:00,123.11,124.3411,6038.205243406315,-7433.634475157502,-0.006999999999999988,6,v3_short,sl,False,A,True,0.0312728454227927,0.005619663184906812,-4.305093006254809e-05,0.8597402597402585,0.14025974025974158
GAZP,-1,2024-12-04 13:20:00+00:00,2024-12-04 17:00:00+00:00,122.72,120.8792,6014.992693800042,11072.398550747126,0.010500000000000008,22,v3_short,tp,False,A,True,0.02313645621181254,0.00406168169915624,,0.7394366197183107,0.26056338028168935
GAZP,-1,2024-12-11 13:20:00+00:00,2024-12-11 21:20:00+00:00,115.0,115.11,6486.178977118819,-713.4796874830664,-0.0006695652173913009,48,v3_short,timeout,False,A,True,0.01956521739130435,0.0036811594202898553,,0.5555555555555556,0.4444444444444444
GAZP,-1,2024-12-20 13:20:00+00:00,2024-12-20 13:30:00+00:00,108.17,109.2517,6891.107946634243,-7454.111465874245,-0.006999999999999985,1,v3_short,sl,False,A,True,0.014421743551816605,0.0039884309090188795,,0.8269230769230798,0.17307692307692027
GAZP,-1,2024-12-27 13:20:00+00:00,2024-12-27 21:20:00+00:00,127.7,127.86,5796.345094450383,-927.4152151120416,-0.0008770555990602788,48,v3_short,timeout,False,A,True,0.014801472315764858,0.003617391823202778,,0.6825396825396806,0.3174603174603195
GAZP,-1,2025-01-13 23:00:00+00:00,2025-01-14 09:50:00+00:00,131.45,131.0,5626.048519670869,2531.721833851827,0.0023963484214529636,65,v3_short,timeout,False,A,True,0.008063902624572098,0.0032712057816660363,0.00022518067706352074,0.896226415094327,0.10377358490567302
GAZP,-1,2025-01-16 13:20:00+00:00,2025-01-16 16:30:00+00:00,136.59,134.54115,5427.31007536739,11119.744247916562,0.010500000000000079,19,v3_short,tp,False,A,True,0.017935578330893036,0.0033640103186223166,,0.5632653061224497,0.43673469387755026
GAZP,-1,2025-01-17 13:20:00+00:00,2025-01-17 16:30:00+00:00,136.83,138.19830000000002,5474.677367302299,-7491.001041679763,-0.007000000000000026,19,v3_short,sl,False,A,True,0.017542577296981256,0.003334481954465858,,0.8875000000000078,0.11249999999999215
GAZP,-1,2025-01-22 13:20:00+00:00,2025-01-22 14:50:00+00:00,137.8,139.17800000000003,5398.087107683581,-7438.564034388052,-0.007000000000000071,9,v3_short,sl,False,A,True,0.015604587022789997,0.0037845011716400754,,0.6790697674418624,0.32093023255813763
GAZP,-1,2025-01-24 13:20:00+00:00,2025-01-24 21:20:00+00:00,138.25,138.01,5342.852865205973,1282.284687649482,0.0012151898734177673,48,v3_short,timeout,False,A,True,0.010559814841602835,0.003368394949474057,,0.5068493150684966,0.4931506849315034
GAZP,-1,2025-01-28 11:10:00+00:00,2025-01-28 15:50:00+00:00,134.59,135.9359,5494.813937856307,-7395.470078960806,-0.007000000000000001,28,v3_short,sl,False,A,True,0.012110855189835764,0.0034806563523406883,-4.4579835054611985e-06,0.7730061349693217,0.22699386503067828
GAZP,-1,2025-02-14 23:40:00+00:00,2025-02-14 23:50:00+00:00,167.9,168.1,4373.85454937944,-874.7709098758382,-0.0008338296605121622,1,v3_short,weekend_exit,False,A,True,0.012511170688114354,0.006053753047242135,-0.0002853738456955594,0.9047619047619099,0.09523809523809008
GAZP,-1,2025-02-21 22:30:00+00:00,2025-02-21 23:50:00+00:00,170.12,171.09,4313.177987325975,-4183.782647706191,-0.003991300258640955,8,v3_short,weekend_exit,False,A,True,0.010111699000587884,0.0036113210716385413,-0.0002798353909465015,0.6453488372093107,0.3546511627906893
GAZP,1,2025-02-27 19:20:00+00:00,2025-02-27 20:50:00+00:00,169.19,167.4981,4319.576756016907,-7308.291913505022,-0.007000000000000017,9,v3_long,sl,False,A,True,0.017082397446506765,0.004331819026227341,9.693817236079834e-05,0.08304498269896465,0.9169550173010353
GAZP,-1,2025-03-05 11:10:00+00:00,2025-03-05 11:50:00+00:00,171.99,173.7099,4219.509198273428,-7257.1338701104505,-0.006999999999999981,4,v3_short,sl,False,A,True,0.00854700854700854,0.00416839977279538,-0.00027269027269026926,0.7210884353741518,0.27891156462584826
GAZP,-1,2025-03-05 19:20:00+00:00,2025-03-05 19:40:00+00:00,175.07,174.29,4116.258601142227,3210.681708890942,0.0031187524990004046,2,v3_short,opposite_signal,False,A,True,0.015824050271350937,0.004162076141510574,0.0003930305626963722,0.5487364620938598,0.45126353790614016
GAZP,1,2025-03-05 20:00:00+00:00,2025-03-05 22:10:00+00:00,175.0,173.25,4130.747831418247,-7228.808704981932,-0.006999999999999999,13,v3_long,sl,False,A,True,0.01268571428571428,0.004251895043731769,0.0003725714285714275,0.40540540540540815,0.5945945945945919
GAZP,-1,2025-03-06 10:50:00+00:00,2025-03-06 11:10:00+00:00,172.59,171.9,4159.109475663167,2869.785538207576,0.002798539892230132,2,v3_short,opposite_signal,False,A,True,0.008980821600324535,0.003119145566564295,5.909960020858577e-05,0.819354838709678,0.180645161290322
GAZP,-1,2025-03-06 12:00:00+00:00,2025-03-06 12:40:00+00:00,172.27,171.6,4178.4962807305465,2799.5925080895327,0.0027224705404307837,4,v3_short,opposite_signal,False,A,True,0.011609682475184303,0.0032188780927164106,,0.48499999999999943,0.5150000000000006
GAZP,-1,2025-03-25 20:00:00+00:00,2025-03-26 06:50:00+00:00,163.97,165.2,4401.959315954833,-5414.409958624399,-0.005250960541562437,65,v3_short,timeout,False,A,True,0.026530861185655,0.0036706314631243992,-0.0003891192973896069,0.8551724137931043,0.1448275862068957
GAZP,-1,2025-03-31 19:20:00+00:00,2025-03-31 22:10:00+00:00,145.52,145.38,4934.024065874635,690.7633692225219,0.0006734469488730783,17,v3_short,opposite_signal,False,A,True,0.012574726860441037,0.004392109348377569,0.00019514876657733627,0.3551912568306073,0.6448087431693927
GAZP,1,2025-04-01 10:40:00+00:00,2025-04-01 13:30:00+00:00,146.35,144.88649999999998,4909.345517079143,-7184.827164245377,-0.00700000000000005,17,v3_long,sl,False,A,True,0.01243339253996443,0.0031365653421410464,0.00017761989342806163,0.1923076923076899,0.80769230769231
GAZP,-1,2025-04-02 22:00:00+00:00,2025-04-03 06:50:00+00:00,138.98,139.8,5133.496455673916,-4209.467093652722,-0.004130090660526803,53,v3_short,timeout,False,A,True,0.03208863947046556,0.005275669516673474,-4.892438304913663e-05,0.7937219730941673,0.2062780269058328
GAZP,-1,2025-04-03 12:50:00+00:00,2025-04-03 14:20:00+00:00,140.91,138.79635,5042.2731562274075,10657.600656660095,0.010500000000000035,9,v3_short,tp,False,A,True,0.016467915956842858,0.0045980818979115615,,0.9396551724137873,0.06034482758621271
GAZP,-1,2025-04-15 20:50:00+00:00,2025-04-16 06:50:00+00:00,131.74,131.6,5449.878783237179,762.9830296532856,0.000743889479277443,60,v3_short,timeout,False,A,True,0.011080752884031419,0.003756056156524514,-0.00029826958105646687,0.986301369863026,0.013698630136974034
GAZP,-1,2025-04-16 12:20:00+00:00,2025-04-16 16:30:00+00:00,131.28,132.5928,5473.0432588697695,-7185.011190244288,-0.007000000000000053,25,v3_short,sl,False,A,True,0.019041815827557318,0.003630639551120926,,0.9039999999999964,0.09600000000000364
GAZP,1,2025-04-16 20:50:00+00:00,2025-04-17 06:50:00+00:00,131.66,132.52,5419.046112648126,4660.379656877462,0.004572383411818393,60,v3_long,timeout,False,A,True,0.01807686465137472,0.0036085526417767564,0.00038584232113018257,0.01680672268907232,0.9831932773109276
GAZP,-1,2025-04-17 20:50:00+00:00,2025-04-17 20:50:00+00:00,134.65,135.9965,5322.940044196557,-7167.33876951062,-0.006999999999999957,0,v3_short,sl,False,A,True,0.018122400475341638,0.0032891944656650396,3.862150920974738e-05,0.8852459016393437,0.11475409836065631
GAZP,-1,2025-04-18 10:20:00+00:00,2025-04-18 13:10:00+00:00,135.1,133.0735,5268.0735737410005,10675.75109718613,0.010499999999999994,17,v3_short,tp,False,A,True,0.019541080680976954,0.004483451411652743,-0.0003404885270170261,0.776515151515149,0.22348484848485092
GAZP,-1,2025-04-18 19:20:00+00:00,2025-04-18 23:40:00+00:00,134.8,134.77,5335.235649706523,160.05706949120176,0.00015578635014837385,26,v3_short,opposite_signal,False,A,True,0.017878338278931726,0.0044464966995700315,-6.379821958457074e-05,0.5933609958506261,0.40663900414937393
GAZP,-1,2025-04-24 10:20:00+00:00,2025-04-24 12:50:00+00:00,144.74,146.1874,4969.613137550665,-7193.0180552907705,-0.00699999999999994,15,v3_short,sl,False,A,True,0.011398963730569988,0.0034838391315075174,0.00014645941278065662,0.7272727272727351,0.2727272727272649
GAZP,-1,2025-04-29 10:50:00+00:00,2025-04-29 18:00:00+00:00,153.24,150.94140000000002,4661.098230816886,10714.000393355664,0.01049999999999997,43,v3_short,tp,False,A,True,0.014682850430696946,0.004086726703210619,-2.28399895588634e-05,0.6933333333333344,0.30666666666666564
GAZP,-1,2025-04-30 10:30:00+00:00,2025-04-30 11:40:00+00:00,148.85,148.05,4848.9519191516865,3879.1615353212665,0.0037621766879407997,7,v3_short,opposite_signal,False,A,True,0.018542156533422848,0.004818762024002191,-3.694994961370202e-05,0.6304347826086907,0.36956521739130926
GAZP,-1,2025-04-30 12:10:00+00:00,2025-04-30 13:00:00+00:00,149.11,150.6011,4858.707707333199,-7244.819062404479,-0.006999999999999946,5,v3_short,sl,False,A,True,0.01522468142186459,0.004598423876592884,,0.6651982378854681,0.33480176211453194
GAZP,-1,2025-05-07 11:20:00+00:00,2025-05-07 13:50:00+00:00,138.02,139.4002,5212.364388471021,-7194.105328967714,-0.00700000000000001,15,v3_short,sl,False,A,True,0.01543478260869562,0.003569511540526044,3.6231884057938063e-06,0.5915492957746582,0.4084507042253418
GAZP,-1,2025-05-12 20:30:00+00:00,2025-05-13 06:50:00+00:00,147.1,146.98,4856.387893721911,582.7665472466514,0.0005710401087695663,62,v3_short,timeout,False,A,True,0.016255186016459134,0.0035297530560887786,-0.00030878052098211003,0.9372384937238466,0.06276150627615336
GAZP,1,2025-05-15 20:10:00+00:00,2025-05-16 06:50:00+00:00,139.37,139.89,5128.668980049979,2666.9078696258957,0.0026117528879958905,64,v3_long,timeout,False,A,True,0.01650283418239207,0.004725345688250163,-0.00021166678625242488,0.13913043478260675,0.8608695652173932
GAZP,-1,2025-05-23 12:20:00+00:00,2025-05-23 20:20:00+00:00,130.68,130.76,5484.00238183581,-438.72019054677753,-0.0004285277012548887,48,v3_short,timeout,False,A,True,0.015458789316599147,0.003341751485931514,,0.9108910891089079,0.08910891089109203
GAZP,-1,2025-05-29 13:20:00+00:00,2025-05-29 20:10:00+00:00,131.66,129.6851,5440.850122473956,10745.134906873765,0.010499999999999952,41,v3_short,tp,False,A,True,0.01215251405134433,0.0032971484437381514,,0.9874999999999936,0.01250000000000644
GAZP,-1,2025-05-30 12:40:00+00:00,2025-05-30 14:30:00+00:00,130.28,131.5828,5556.21677586531,-7238.639215597274,-0.00699999999999995,11,v3_short,sl,False,A,True,0.01888240712311928,0.003927803851046092,,0.7926829268292702,0.20731707317072973
GAZP,-1,2025-09-24 11:10:00+00:00,2025-09-24 11:30:00+00:00,117.57,118.7457,6113.777954485111,-7187.9687410881825,-0.007000000000000036,2,v3_short,sl,False,A,True,0.01650361548277327,0.0034387985472630277,-7.826456826882313e-05,0.8711340206185566,0.12886597938144345
GAZP,1,2025-10-07 10:20:00+00:00,2025-10-07 11:20:00+00:00,118.24,120.01359999999998,6036.58064944226,10706.479439850718,0.010499999999999928,6,v3_long,tp,False,A,True,0.012939783491204341,0.0034312777885172944,-8.880243572395225e-05,0.3267973856209148,0.6732026143790852
GAZP,1,2025-10-15 19:20:00+00:00,2025-10-16 06:50:00+00:00,115.65,115.13,6236.5744193510445,-3243.0186980626067,-0.0031474275832253104,69,v3_long,timeout,False,A,True,0.01815666609026452,0.0030349334961375183,0.00018416047034411413,0.23809523809523875,0.7619047619047613
GAZP,-1,2025-10-17 10:30:00+00:00,2025-10-17 12:10:00+00:00,123.99,122.98,5798.771824415715,5856.759542659819,0.005702072747802191,10,v3_short,opposite_signal,False,A,True,0.01548387096774195,0.004211876832844594,-9.677419354839076e-06,0.7499999999999981,0.25000000000000183
GAZP,-1,2025-10-17 12:40:00+00:00,2025-10-17 15:40:00+00:00,123.63,124.8663,5848.818653960741,-7230.894501891664,-0.007,18,v3_short,sl,False,A,True,0.015775422700428792,0.004031111676124228,,0.5538461538461522,0.44615384615384784
GAZP,-1,2025-10-21 12:40:00+00:00,2025-10-21 17:50:00+00:00,123.41,121.55884999999999,5818.230484059981,10770.417360567657,0.010500000000000023,31,v3_short,tp,False,A,True,0.01320907617504048,0.006012965964343594,,0.687116564417174,0.3128834355828261
GAZP,-1,2025-10-28 11:20:00+00:00,2025-10-28 19:20:00+00:00,116.42,116.02,6232.323623004977,2492.9294492020263,0.0024050850369352686,48,v3_short,timeout,False,A,True,0.010994674454561081,0.003025444272652662,0.00016577907576017923,0.7031250000000038,0.29687499999999617
LKOH,-1,2022-01-10 22:00:00+00:00,2022-01-11 06:50:00+00:00,6775.0,6799.0,103.3210332103321,-2479.7047970479707,-0.0024797047970479707,53,v3_short,timeout,False,A,True,0.013282172373081463,0.0031579042478856946,-0.00021841794569067295,0.95,0.05
LKOH,-1,2022-01-17 21:20:00+00:00,2022-01-18 06:50:00+00:00,6532.0,6548.0,106.89899060656252,-1710.3838497050003,-0.0017146356399265156,57,v3_short,timeout,False,A,True,0.012400489895897121,0.003299298898983966,-0.0004776484996938151,0.8765432098765432,0.12345679012345678
LKOH,-1,2022-01-21 20:00:00+00:00,2022-01-21 21:00:00+00:00,6470.5,6415.0,107.72999581906699,5979.014767958218,0.00600417278417433,6,v3_short,opposite_signal,False,A,True,0.015300208639208716,0.005368162256015922,0.00025654895294026733,0.7121212121212122,0.2878787878787879
LKOH,1,2022-01-26 19:50:00+00:00,2022-01-26 22:00:00+00:00,6556.0,6625.5,106.96343018377725,7433.958397772519,0.0074206833435021356,13,v3_long,opposite_signal,False,A,True,0.01906504995043087,0.005073637782726908,0.00039807824296499654,0.048,0.952
LKOH,1,2022-01-28 19:20:00+00:00,2022-01-28 23:50:00+00:00,6828.0,6775.0,103.4645605101471,-5483.621707037796,-0.005433509080257762,27,v3_long,weekend_exit,False,A,True,0.010399121201025265,0.004509075691792645,6.737458806298059e-05,0.2676056338028169,0.7323943661971831
LKOH,-1,2022-02-07 20:50:00+00:00,2022-02-08 07:00:00+00:00,6963.0,6956.0,100.9072934034695,706.3510538242865,0.0007037196610656328,61,v3_short,timeout,False,A,True,0.008329742926899326,0.003307570335329306,-9.119632342381158e-05,0.5689655172413793,0.43103448275862066
LKOH,1,2022-02-11 19:30:00+00:00,2022-02-11 21:30:00+00:00,6833.5,6765.165,102.89191917846416,-7031.119297060352,-0.007000000000000003,12,v3_long,sl,False,A,True,0.012814879906268306,0.00381980560238155,-0.000229203280609256,0.2742857142857143,0.7257142857142858
LKOH,-1,2022-02-15 10:50:00+00:00,2022-02-15 11:00:00+00:00,6830.5,6898.805,102.21655020834386,-6981.901461980957,-0.00700000000000003,1,v3_short,sl,False,A,True,0.009288378556278797,0.0030565103976206145,1.0239157463614423e-05,0.7480314960629921,0.25196850393700787
LKOH,1,2022-02-17 10:50:00+00:00,2022-02-17 11:30:00+00:00,6847.0,6778.53,101.25643569077056,-6933.028151747086,-0.007000000000000025,4,v3_long,sl,False,A,True,0.01862129399737111,0.0038611800788666568,-0.0002826055206659851,0.20784313725490197,0.792156862745098
LKOH,-1,2022-02-17 19:40:00+00:00,2022-02-17 23:10:00+00:00,6752.0,6694.5,101.96233641417109,5862.834343814838,0.005961196682464456,21,v3_short,opposite_signal,False,A,True,0.019468502479828263,0.00424206991257529,-0.0004900436745873121,0.7756653992395437,0.22433460076045628
LKOH,-1,2022-02-18 10:20:00+00:00,2022-02-18 10:20:00+00:00,6779.5,6779.0,102.15409388732996,51.07704694366498,5.162622612287042e-05,0,v3_short,opposite_signal,False,A,True,0.01357032229515451,0.003701635532891525,0.00021461759716793276,0.42934782608695654,0.5706521739130435
LKOH,-1,2022-09-16 13:20:00+00:00,2022-09-16 15:50:00+00:00,4565.5,4497.0175,151.7006753788225,10388.841501630222,0.010500000000000011,15,v3_short,tp,False,A,True,0.01708465666411127,0.00347846947343169,,0.8141025641025641,0.1858974358974359
LKOH,-1,2022-09-23 21:40:00+00:00,2022-09-23 23:50:00+00:00,3947.0,3948.5,177.314827082127,-265.9722406231905,-0.0002660248289840385,13,v3_short,weekend_exit,False,A,True,0.013936399341188396,0.0041886766108952134,-0.00024071962498416316,0.9454545454545454,0.05454545454545454
LKOH,-1,2022-09-27 22:20:00+00:00,2022-09-28 09:50:00+00:00,3833.0,3840.0,182.53990136308872,-1277.779309541621,-0.0012783720323506392,69,v3_short,timeout,False,A,True,0.016040688575899843,0.005453355050940564,-0.0003182055294731351,0.959349593495935,0.04065040650406504
LKOH,-1,2022-10-11 13:20:00+00:00,2022-10-11 17:50:00+00:00,4081.0,4121.81,171.2278844420583,-6987.809964080468,-0.007000000000000068,27,v3_short,sl,False,A,True,0.025480828126914126,0.005121833126243269,,0.6586538461538461,0.34134615384615385
LKOH,-1,2022-10-12 13:20:00+00:00,2022-10-12 13:50:00+00:00,4194.0,4235.94,165.4481472182126,-6938.89529433177,-0.006999999999999933,3,v3_short,sl,False,A,True,0.03314258464473057,0.005012830120126258,,0.381294964028777,0.6187050359712231
LKOH,-1,2022-10-18 13:20:00+00:00,2022-10-18 15:50:00+00:00,4260.0,4302.6,161.74467200167874,-6890.323027271573,-0.007000000000000059,15,v3_short,sl,False,A,True,0.018544600938967135,0.004080035770176615,,0.6708860759493671,0.3291139240506329
LKOH,-1,2022-10-27 13:20:00+00:00,2022-10-27 21:20:00+00:00,4703.0,4727.0,145.48353744589863,-3491.6048987015674,-0.003572187965128641,48,v3_short,timeout,False,A,True,0.02614240170031881,0.0033146095845351955,,0.9024390243902439,0.0975609756097561
LKOH,-1,2023-03-21 13:20:00+00:00,2023-03-21 15:40:00+00:00,4219.5,4261.695,161.57482004478499,-6817.649531789655,-0.006999999999999952,14,v3_short,sl,False,A,True,0.019549763033175356,0.004665989618596254,,0.6303030303030303,0.3696969696969697
LKOH,-1,2023-03-22 13:20:00+00:00,2023-03-22 21:20:00+00:00,4231.0,4217.0,160.00770468133243,2240.107865538654,0.002316237296147483,48,v3_short,timeout,False,A,True,0.013352239158690772,0.0037699116040129867,,0.672566371681416,0.3274336283185841
LKOH,-1,2023-04-11 13:20:00+00:00,2023-04-11 16:40:00+00:00,4680.0,4609.8,144.99159701123816,10178.410110188892,0.010499999999999973,20,v3_short,tp,False,A,True,0.012498664672577715,0.002904655078568122,,0.8461538461538461,0.15384615384615385
LKOH,-1,2023-04-12 13:20:00+00:00,2023-04-12 13:30:00+00:00,4656.0,4702.56,147.26923562923685,-6856.855610897326,-0.00700000000000006,1,v3_short,sl,False,A,True,0.012027491408934709,0.003283014236622484,,0.4642857142857143,0.5357142857142857
LKOH,-1,2023-05-03 13:20:00+00:00,2023-05-03 17:50:00+00:00,4619.5,4550.2074999999995,147.3938223102281,10213.28643243155,0.010500000000000072,27,v3_short,tp,False,A,True,0.025327416387054876,0.004788190847288152,,0.8418803418803419,0.1581196581196581
LKOH,-1,2023-05-31 13:20:00+00:00,2023-05-31 21:20:00+00:00,5575.5,5567.5,123.40329345615652,987.2263476492521,0.0010043942247332078,48,v3_short,timeout,False,A,True,0.015965557449098573,0.0033400390383079414,,0.7921348314606742,0.20786516853932585
LKOH,-1,2023-08-01 13:20:00+00:00,2023-08-01 14:10:00+00:00,5957.5,6017.075,115.6065666988091,-6887.261211081532,-0.006999999999999979,5,v3_short,sl,False,A,True,0.012927054478301015,0.0033256986165573423,,0.9675324675324676,0.032467532467532464
LKOH,-1,2023-08-02 13:20:00+00:00,2023-08-02 21:20:00+00:00,6078.5,6054.5,112.51213922191299,2700.2913413259116,0.002763839763099449,48,v3_short,timeout,False,A,True,0.02138157894736842,0.0035910087719298244,,0.9115384615384615,0.08846153846153847
LKOH,-1,2023-08-30 13:20:00+00:00,2023-08-30 21:20:00+00:00,6862.0,6856.5,99.94101460205863,549.6755803113225,0.0005610609151850773,48,v3_short,timeout,False,A,True,0.018579234972677595,0.003462572642900512,,0.8,0.2
LKOH,-1,2023-09-12 13:20:00+00:00,2023-09-12 20:10:00+00:00,6617.0,6683.17,103.69956401776398,-6861.8001510554495,-0.007000000000000007,41,v3_short,sl,False,A,True,0.025540275049115914,0.0032240189411112787,,0.8106508875739645,0.1893491124260355
LKOH,-1,2023-09-21 13:20:00+00:00,2023-09-21 21:20:00+00:00,6405.0,6390.5,106.38200702573074,1542.539101873096,0.0015846994535519126,48,v3_short,timeout,False,A,True,0.011787665886026541,0.0036020965763354524,,0.695364238410596,0.304635761589404
LKOH,-1,2023-09-22 13:20:00+00:00,2023-09-22 15:50:00+00:00,6427.5,6491.775,106.17760130239074,-6824.565323711126,-0.006999999999999959,15,v3_short,sl,False,A,True,0.02178310253617551,0.0036564493542866035,,0.875,0.125
LKOH,1,2023-10-03 13:20:00+00:00,2023-10-03 19:00:00+00:00,6667.5,6767.512499999999,101.63919559722817,10165.190049667672,0.010499999999999886,34,v3_long,tp,False,A,True,0.012598425196850394,0.0029674862070812576,,0.36904761904761907,0.6309523809523809
LKOH,-1,2023-10-05 13:20:00+00:00,2023-10-05 21:20:00+00:00,6728.5,6697.5,101.77527973237515,3155.03367170363,0.003225087315151966,48,v3_short,timeout,False,A,True,0.014120095124851368,0.0036202649906573806,,0.8789473684210526,0.12105263157894737
LKOH,-1,2023-12-13 13:20:00+00:00,2023-12-13 21:20:00+00:00,7017.5,7041.5,97.89860965436107,-2349.5666317046657,-0.0023940149625935165,48,v3_short,timeout,False,A,True,0.019380121125757037,0.003504843333842265,,0.7610294117647058,0.23897058823529413
LKOH,-1,2024-05-28 13:20:00+00:00,2024-05-28 21:20:00+00:00,7638.5,7612.5,89.72426479116129,2332.8308845701936,0.0023826667539438373,48,v3_short,timeout,False,A,True,0.030314934852353828,0.005443780340657182,,0.896328293736501,0.10367170626349892
LKOH,-1,2024-07-18 13:20:00+00:00,2024-07-18 16:50:00+00:00,6795.0,6862.95,101.10254278535461,-6869.917782264828,-0.006999999999999982,21,v3_short,sl,False,A,True,0.009712309616658083,0.0032199179428963843,,0.5303030303030303,0.4696969696969697
LKOH,-1,2024-08-21 21:40:00+00:00,2024-08-22 09:50:00+00:00,6292.0,6314.0,108.42066684343597,-2385.2546705555915,-0.0024475524475524478,73,v3_short,timeout,False,A,True,0.009932459276916964,0.003201089732674953,0.0002566547477155344,0.88,0.12
LKOH,-1,2024-09-05 13:20:00+00:00,2024-09-05 21:20:00+00:00,6332.5,6274.0,107.4635858680632,6286.619773281697,0.006466640347414133,48,v3_short,timeout,False,A,True,0.018081326490327676,0.0031620701972063995,,0.851528384279476,0.14847161572052403
LKOH,-1,2024-09-06 13:20:00+00:00,2024-09-06 21:20:00+00:00,6316.5,6321.0,108.43248497598472,-487.94618239193125,-0.0004986938969365947,48,v3_short,timeout,False,A,True,0.016466117796073463,0.0030006936276727285,,0.8125,0.1875
LKOH,-1,2024-09-24 13:20:00+00:00,2024-09-24 21:20:00+00:00,7017.0,6963.0,97.55910346631511,5268.191587181016,0.005386917486105173,48,v3_short,timeout,False,A,True,0.026366422005273286,0.004051674115096049,,0.8189189189189189,0.1810810810810811
LKOH,-1,2024-11-01 13:20:00+00:00,2024-11-01 21:20:00+00:00,6786.0,6826.0,101.42351357709398,-4056.9405430837596,-0.00412614205717654,48,v3_short,timeout,False,A,True,0.016357206012378427,0.0032630205043998146,,0.5900900900900901,0.4099099099099099
LKOH,-1,2024-11-21 13:20:00+00:00,2024-11-21 18:10:00+00:00,6831.5,6899.8150000000005,100.33229960535773,-6854.201047540065,-0.007000000000000054,29,v3_short,sl,False,A,True,0.011272141706924315,0.003251981512851078,,0.8246753246753247,0.17532467532467533
LKOH,-1,2024-11-27 13:20:00+00:00,2024-11-27 14:50:00+00:00,6823.0,6891.2300000000005,99.75409116528259,-6806.221640207278,-0.007000000000000048,9,v3_short,sl,False,A,True,0.0176608529972153,0.004717935833280989,,0.43983402489626555,0.5601659751037344
LKOH,-1,2024-12-25 13:20:00+00:00,2024-12-25 16:40:00+00:00,6878.0,6946.78,98.2637116709186,-6758.578088725756,-0.006999999999999974,20,v3_short,sl,False,A,True,0.01635531002398779,0.003025299674278376,,0.8044444444444444,0.19555555555555557
LKOH,-1,2025-02-18 10:50:00+00:00,2025-02-18 11:10:00+00:00,7752.5,7729.5,86.569081484743,1991.088874149089,0.002076749435665914,2,v3_short,opposite_signal,False,A,True,0.01019091847265222,0.0031980994152046786,-9.54592363261094e-05,0.6012658227848101,0.3987341772151899
LKOH,-1,2025-02-18 13:00:00+00:00,2025-02-18 14:50:00+00:00,7709.0,7786.09,87.23836637986437,-6725.205664223758,-0.007000000000000013,11,v3_short,sl,False,A,True,0.01621376224139049,0.0036546696511674786,,0.456,0.544
LKOH,1,2025-02-26 21:00:00+00:00,2025-02-27 06:50:00+00:00,7545.5,7570.0,88.50479391126073,2168.3674508258878,0.002272877874229673,59,v3_long,timeout,False,A,True,0.01437847866419295,0.003718688641637413,-0.00031871190034455337,0.05069124423963134,0.9493087557603687
LKOH,1,2025-02-27 12:00:00+00:00,2025-02-27 20:00:00+00:00,7541.0,7537.0,88.75888869818273,-355.0355547927309,-0.00037130354064447685,48,v3_long,timeout,False,A,True,0.014589826911598913,0.003134031733943168,,0.19090909090909092,0.8090909090909091
LKOH,1,2025-02-27 20:30:00+00:00,2025-02-28 06:50:00+00:00,7503.0,7497.0,89.17529718574451,-535.0517831144671,-0.0005597760895641743,62,v3_long,timeout,False,A,True,0.015728090636454514,0.003510394494352223,-0.0001186271242919027,0.2627118644067797,0.7372881355932204
LKOH,-1,2025-03-07 22:50:00+00:00,2025-03-07 23:50:00+00:00,7242.0,7225.0,92.33743696996146,1569.7364284893447,0.0016431924882629105,6,v3_short,weekend_exit,False,A,True,0.01297894373489817,0.0032010595056110123,-0.0001836382464618571,0.8723404255319149,0.1276595744680851
LKOH,-1,2025-04-07 20:30:00+00:00,2025-04-08 06:50:00+00:00,6390.0,6399.5,104.82105383981275,-995.8000114782211,-0.0010406885758998436,62,v3_short,timeout,False,A,True,0.02269170579029734,0.006446616205167513,-2.895148669796557e-05,0.5793103448275863,0.4206896551724138
LKOH,-1,2025-04-09 11:10:00+00:00,2025-04-09 12:10:00+00:00,6281.0,6274.0,106.52913135302798,745.7039194711958,0.0007801305524597995,6,v3_short,opposite_signal,False,A,True,0.013850195017113747,0.004074847384566401,1.9103717264984477e-05,0.3505747126436782,0.6494252873563219
LKOH,-1,2025-04-10 22:30:00+00:00,2025-04-11 06:50:00+00:00,6400.5,6375.5,104.62174310944435,2615.543577736109,0.002734161393641122,50,v3_short,timeout,False,A,True,0.01671875,0.00414859693877551,-0.0001,0.8925233644859814,0.10747663551401869
LKOH,-1,2025-04-11 19:20:00+00:00,2025-04-11 23:50:00+00:00,6517.5,6508.0,103.02452585752418,978.7329956464797,0.0010203298810893748,27,v3_short,weekend_exit,False,A,True,0.010663598005370157,0.003032651495580971,7.59493670886076e-05,0.9640287769784173,0.03597122302158273
LKOH,-1,2025-04-18 19:20:00+00:00,2025-04-18 19:50:00+00:00,6614.5,6680.645,101.6172742268299,-6721.474603733708,-0.007000000000000046,3,v3_short,sl,False,A,True,0.019879062736205592,0.0036250327795517303,-0.0002743764172335601,0.7642585551330798,0.23574144486692014
LKOH,-1,2025-04-30 22:40:00+00:00,2025-05-02 06:50:00+00:00,6684.0,6685.0,99.85673670717426,-99.85673670717426,-0.00010472770795930582,193,v3_short,timeout,False,A,True,0.01331538001196888,0.003202896957705883,-1.3464991023339318e-05,0.9325842696629213,0.06741573033707865
LKOH,-1,2025-05-27 10:20:00+00:00,2025-05-27 18:20:00+00:00,6440.0,6477.0,103.62927460171703,-3834.28316026353,-0.004021739130434783,48,v3_short,timeout,False,A,True,0.017391304347826087,0.0032719609582963624,-4.503105590062112e-05,0.6116071428571429,0.38839285714285715
LKOH,1,2025-05-29 12:20:00+00:00,2025-05-29 19:30:00+00:00,6721.0,6653.79,98.89726680893813,-6646.885302228735,-0.007000000000000003,43,v3_long,sl,False,A,True,0.010786282823774454,0.003056677013383106,,0.27586206896551724,0.7241379310344828
LKOH,-1,2025-07-09 21:40:00+00:00,2025-07-10 06:50:00+00:00,5929.0,5944.0,111.32327719873724,-1669.8491579810586,-0.0017709563164108619,55,v3_short,timeout,False,A,True,0.007929143821172501,0.003184740787922086,-0.000233656684943062,0.8723404255319149,0.1276595744680851
LKOH,-1,2025-10-07 10:50:00+00:00,2025-10-07 19:00:00+00:00,6142.0,6126.5,107.27235690340709,1662.72153200281,0.0017665255617062847,49,v3_short,timeout,False,A,True,0.013512413512413512,0.0031847781847781846,8.140008140008141e-06,0.8012048192771084,0.19879518072289157
LKOH,-1,2025-10-17 10:20:00+00:00,2025-10-17 14:00:00+00:00,6181.5,6243.3150000000005,106.77517126476232,-6600.307211731337,-0.007000000000000057,22,v3_short,sl,False,A,True,0.011404998786702257,0.0032239054321073247,-1.61773032435493e-06,0.7304964539007093,0.2695035460992908
LKOH,-1,2025-10-21 12:40:00+00:00,2025-10-21 17:50:00+00:00,6308.5,6213.8724999999995,103.89324025123506,9831.157591873798,0.010500000000000056,31,v3_short,tp,False,A,True,0.010063391442155309,0.004335521847407743,,0.7559055118110236,0.2440944881889764
LKOH,-1,2025-10-27 20:40:00+00:00,2025-10-27 21:30:00+00:00,5339.0,5300.0,124.04800832351152,4837.872324616949,0.005113317100580633,5,v3_short,opposite_signal,False,A,True,0.0116126615471062,0.004118710604676409,-0.000324030717362802,0.3064516129032258,0.6935483870967742
LKOH,-1,2025-10-29 10:30:00+00:00,2025-10-29 12:10:00+00:00,5454.5,5428.5,122.04213531331192,3173.09551814611,0.003336694472453937,10,v3_short,opposite_signal,False,A,True,0.014116784306535887,0.003404195034958624,-0.00012833440278668987,0.8636363636363636,0.13636363636363635
LKOH,1,2025-10-29 12:40:00+00:00,2025-10-29 16:20:00+00:00,5429.0,5374.71,123.0244969477182,-6678.999939291617,-0.006999999999999995,22,v3_long,sl,False,A,True,0.019158146817721287,0.0035474150975670733,,0.3942307692307692,0.6057692307692307
LKOH,-1,2025-10-30 10:20:00+00:00,2025-10-30 10:20:00+00:00,5433.5,5487.835,122.06215035826963,-6632.246939716585,-0.007000000000000005,0,v3_short,sl,False,A,True,0.018036256556547343,0.0030367166651329713,4.232998987761112e-05,0.8367346938775511,0.16326530612244897
LKOH,1,2025-10-30 19:20:00+00:00,2025-10-31 06:50:00+00:00,5516.0,5515.0,119.3948732983786,-119.3948732983786,-0.0001269035532994924,69,v3_long,timeout,False,A,True,0.010967098703888335,0.0031057106972218777,0.000197589051028732,0.4793388429752066,0.5206611570247934
GMKN,-1,2022-01-21 11:00:00+00:00,2022-01-21 14:20:00+00:00,221.5,223.715,3160.270880361174,-7000.000000000011,-0.0070000000000000106,20,v3_short,sl,False,A,True,0.01444173661882849,0.005274844300027067,-0.000184132141890059,0.6999999999999991,0.3000000000000009
GMKN,1,2022-01-21 21:10:00+00:00,2022-01-21 23:50:00+00:00,220.74,221.0,3148.9535199782545,818.7279151943176,0.0008244994110718203,16,v3_long,weekend_exit,False,A,True,0.01567454924345387,0.0039015334320735727,9.966476397572009e-05,0.17919075144508761,0.8208092485549124
GMKN,-1,2022-01-25 19:30:00+00:00,2022-01-25 21:30:00+00:00,211.04,213.1504,3296.4040444495645,-6956.731095406356,-0.006999999999999996,12,v3_short,sl,False,A,True,0.013740168672415454,0.004020522261780676,-0.00019141476357433733,0.7379310344827524,0.2620689655172475
GMKN,1,2022-01-28 19:50:00+00:00,2022-01-28 23:50:00+00:00,220.44,220.82,3133.747948529539,1190.8242204412106,0.0012066775539829287,24,v3_long,weekend_exit,False,A,True,0.007348938486663058,0.0032402727013505564,-5.988023952096035e-05,0.18518518518519167,0.8148148148148083
GMKN,-1,2022-02-01 11:10:00+00:00,2022-02-01 11:30:00+00:00,218.92,221.1092,3159.313789183996,-6916.369747281603,-0.006999999999999998,2,v3_short,sl,False,A,True,0.012606193477665072,0.0035064049862624726,-0.00014159130355348602,0.9782608695652165,0.021739130434783503
GMKN,-1,2022-02-02 19:20:00+00:00,2022-02-02 19:30:00+00:00,217.34,216.5,3160.0051343750033,2654.4043128750136,0.0027054384834821125,1,v3_short,opposite_signal,False,A,True,0.009386215146774603,0.003183200214842537,-0.00021533081807306818,0.7549019607843128,0.24509803921568724
GMKN,1,2022-02-02 19:50:00+00:00,2022-02-02 20:40:00+00:00,216.24,217.3,3184.6725810399357,3375.7529359023392,0.003431372549019615,5,v3_long,opposite_signal,False,A,True,0.013137200481080597,0.003341886296566912,-0.00022666296604681178,0.43661971830986185,0.5633802816901382
GMKN,-1,2022-02-02 21:00:00+00:00,2022-02-03 06:50:00+00:00,217.14,216.48,3182.35528221059,2100.3544862589783,0.0021276595744680743,59,v3_short,timeout,False,A,True,0.013071895424836617,0.003229460798403863,-0.00019976065543588213,0.7535211267605577,0.24647887323944234
GMKN,-1,2022-02-09 12:10:00+00:00,2022-02-09 17:30:00+00:00,225.4,227.654,3072.257649155229,-6924.868741195857,-0.006999999999999971,32,v3_short,sl,False,A,True,0.013487133984028359,0.0034882431233362945,,0.7105263157894744,0.28947368421052555
GMKN,-1,2022-02-10 13:10:00+00:00,2022-02-10 14:00:00+00:00,226.02,228.2802,3042.3832669708495,-6876.394660007507,-0.0069999999999999915,5,v3_short,sl,False,A,True,0.024237063246351127,0.0034567843758001936,,0.6386861313868625,0.36131386861313747
GMKN,-1,2022-02-10 19:20:00+00:00,2022-02-10 21:30:00+00:00,226.36,225.2,3016.548814891086,3499.196625273735,0.003587206220180321,13,v3_short,opposite_signal,False,A,True,0.014305898975627028,0.0036350463887427154,-8.389261744966344e-05,0.8209876543209931,0.17901234567900692
GMKN,-1,2022-02-11 11:20:00+00:00,2022-02-11 11:20:00+00:00,223.66,223.12,3063.915887402476,1654.5145791973127,0.0016900652776535563,0,v3_short,opposite_signal,False,A,True,0.015733953155730424,0.0031024230022978472,-0.00011621669944573676,0.5568181818181824,0.44318181818181757
GMKN,-1,2022-02-11 19:20:00+00:00,2022-02-11 21:30:00+00:00,220.64,217.3304,3111.1021917235134,10296.503813728106,0.010499999999999966,13,v3_short,tp,False,A,True,0.008701957940536693,0.004053144100279692,-0.00030456852791878043,0.7812499999999936,0.21875000000000647
GMKN,-1,2022-02-14 20:20:00+00:00,2022-02-15 06:50:00+00:00,220.44,221.44,3146.6210318067756,-3146.6210318067756,-0.0031754672473235344,63,v3_short,timeout,False,A,True,0.014148376564483967,0.0041330880257054855,0.00035643025575911547,0.5192307692307699,0.48076923076923006
GMKN,-1,2022-02-16 11:20:00+00:00,2022-02-16 13:20:00+00:00,224.0,220.64,3086.7790425411645,10371.577582938355,0.010500000000000042,12,v3_short,tp,False,A,True,0.014550973040528437,0.003114523200222174,6.248884127833707e-06,0.7668711656441739,0.23312883435582607
GMKN,-1,2022-02-17 11:20:00+00:00,2022-02-17 17:50:00+00:00,220.82,217.5077,3164.109273785335,10480.479147559145,0.010499999999999978,39,v3_short,tp,False,A,True,0.011412009781722717,0.0038442572633316206,-0.00020831446426954184,0.531746031746031,0.46825396825396903
GMKN,-1,2022-09-14 21:50:00+00:00,2022-09-15 09:50:00+00:00,161.9,162.2,4360.932336260465,-1308.2797008780651,-0.0012970969734403218,72,v3_short,timeout,False,A,True,0.008037591195746154,0.003159517794999795,3.4623469766291713e-05,0.3846153846153897,0.6153846153846103
GMKN,-1,2022-09-16 13:20:00+00:00,2022-09-16 15:30:00+00:00,162.88,160.4368,4329.071398882334,10576.787241749274,0.010499999999999957,13,v3_short,tp,False,A,True,0.017192680830160942,0.0031052086805494566,,0.6357142857142836,0.36428571428571643
GMKN,-1,2022-09-29 23:40:00+00:00,2022-09-30 09:50:00+00:00,123.0,123.88,5792.869109912024,-5097.724816722555,-0.005008130081300788,61,v3_short,timeout,False,A,True,0.00861928768905515,0.004487207145014453,-0.00020816392909416183,0.9433962264150924,0.05660377358490768
GMKN,-1,2022-10-13 13:20:00+00:00,2022-10-13 15:40:00+00:00,127.86,125.9421,5544.771571621095,10634.317397212115,0.010500000000000016,14,v3_short,tp,False,A,True,0.021892103205629485,0.0046464872109907365,,0.6428571428571392,0.35714285714286076
GMKN,-1,2022-10-21 13:20:00+00:00,2022-10-21 18:00:00+00:00,129.74,131.03740000000002,5521.801413022365,-7163.985153255273,-0.007000000000000055,28,v3_short,sl,False,A,True,0.022814860490211253,0.004404413222048502,,0.5878378378378394,0.4121621621621607
GMKN,-1,2022-10-27 13:20:00+00:00,2022-10-27 14:40:00+00:00,133.42,131.41869999999997,5331.9121999568515,10670.755885773726,0.01050000000000008,8,v3_short,tp,False,A,True,0.022048897555122227,0.004206932510517321,,0.8707482993197196,0.12925170068028033
GMKN,-1,2022-11-22 13:20:00+00:00,2022-11-22 21:20:00+00:00,148.32,148.02,4846.637370808284,1453.9912112424024,0.0014158576051779132,48,v3_short,timeout,False,A,True,0.021038435603506433,0.004090806922904035,,0.92948717948718,0.07051282051282004
GMKN,-1,2022-11-23 13:20:00+00:00,2022-11-23 21:20:00+00:00,148.6,147.58,4844.354298022572,4941.241383982935,0.004804845222072592,48,v3_short,timeout,False,A,True,0.014128094725511457,0.0031203547080834427,,0.9047619047618977,0.09523809523810232
GMKN,-1,2022-12-01 13:20:00+00:00,2022-12-01 15:20:00+00:00,145.06,146.5106,4986.418844994777,-7233.299176549466,-0.007000000000000042,12,v3_short,sl,False,A,True,0.018750861712394862,0.003197363324207373,,0.7352941176470591,0.26470588235294085
GMKN,-1,2022-12-07 13:20:00+00:00,2022-12-07 15:40:00+00:00,147.18,148.6518,4880.1916580470015,-7182.666082313585,-0.007000000000000008,14,v3_short,sl,False,A,True,0.013181138741676842,0.00317719151799869,,0.8350515463917559,0.1649484536082441
GMKN,-1,2022-12-20 13:20:00+00:00,2022-12-20 21:20:00+00:00,148.76,147.78,4794.559975623408,4698.668776110891,0.0046114546921214895,48,v3_short,timeout,False,A,True,0.021914493143318038,0.0032842930127146377,,0.8282208588957043,0.17177914110429565
GMKN,-1,2022-12-21 13:20:00+00:00,2022-12-21 21:20:00+00:00,148.84,148.04,4814.080960205695,3851.264768164611,0.0037624294544477822,48,v3_short,timeout,False,A,True,0.014911337990327773,0.0033520124868862077,,0.5675675675675638,0.43243243243243623
GMKN,-1,2023-03-17 13:20:00+00:00,2023-03-17 21:20:00+00:00,145.78,145.58,4933.62392272418,986.7247845447799,0.0009603512141582661,48,v3_short,timeout,False,A,True,0.019344217313760414,0.0033514297473688213,,0.8652482269503559,0.1347517730496441
GMKN,-1,2023-08-01 13:20:00+00:00,2023-08-01 19:40:00+00:00,170.88,168.3168,4212.982226146491,10798.716042058662,0.010499999999999978,38,v3_short,tp,False,A,True,0.02621722846441958,0.0044587123238808875,,0.9196428571428544,0.08035714285714557
GMKN,-1,2023-08-04 13:20:00+00:00,2023-08-04 15:10:00+00:00,168.4,165.874,4319.913919437965,10912.102560500345,0.010500000000000042,11,v3_short,tp,False,A,True,0.013301662707838533,0.0031387852052935333,,0.8482142857142848,0.1517857142857152
GMKN,-1,2023-08-15 13:20:00+00:00,2023-08-15 21:20:00+00:00,164.06,163.2,4480.750797425964,3853.44568578639,0.003669389247836216,48,v3_short,timeout,False,A,True,0.02145818093148002,0.004696879971203301,,0.7386363636363659,0.2613636363636342
GMKN,-1,2023-10-27 13:20:00+00:00,2023-10-27 14:00:00+00:00,174.24,171.62640000000002,4234.443226617046,11067.140817086274,0.010499999999999964,4,v3_short,tp,False,A,True,0.02180399357355969,0.0032405434057947297,,0.5684210526315806,0.4315789473684194
GMKN,-1,2024-05-23 13:20:00+00:00,2024-05-23 14:20:00+00:00,149.6,151.096,4983.665684343012,-7455.563863777193,-0.007000000000000044,6,v3_short,sl,False,A,True,0.028735632183908125,0.005689846106846899,,0.6744186046511623,0.3255813953488377
GMKN,-1,2024-06-06 13:20:00+00:00,2024-06-06 21:20:00+00:00,140.84,140.72,5256.585427954207,630.7902513545288,0.0005964214711729848,48,v3_short,timeout,False,A,True,0.019599488708990136,0.0038887874422599703,,0.7681159420289897,0.2318840579710103
GMKN,-1,2024-06-11 13:20:00+00:00,2024-06-11 13:40:00+00:00,140.0,137.9,5291.278891778704,11111.685672735248,0.01049999999999997,2,v3_short,tp,False,A,True,0.0257106127696043,0.0034756939484835497,,0.850000000000002,0.14999999999999802
GMKN,-1,2024-06-18 13:20:00+00:00,2024-06-18 18:10:00+00:00,139.14,137.0529,5379.885186286714,11228.35837229896,0.010499999999999962,29,v3_short,tp,False,A,True,0.01193386053199135,0.0038204785868337357,,0.9277108433734911,0.07228915662650891
GMKN,-1,2024-07-12 13:20:00+00:00,2024-07-12 21:20:00+00:00,125.14,125.1,6044.5666907507,241.78266763006582,0.00022374940067128318,48,v3_short,timeout,False,A,True,0.022531160115052677,0.005105845470179108,,0.5319148936170226,0.46808510638297746
GMKN,-1,2024-07-16 13:20:00+00:00,2024-07-16 17:50:00+00:00,124.38,125.6238,6082.861581828942,-7565.863235478882,-0.007000000000000041,27,v3_short,sl,False,A,True,0.018652516481749537,0.00496941017925098,,0.7672413793103429,0.23275862068965714
GMKN,-1,2024-08-15 13:20:00+00:00,2024-08-15 21:20:00+00:00,125.8,125.22,5972.100312265886,3463.8181811142035,0.0032273449920508647,48,v3_short,timeout,False,A,True,0.012241653418124056,0.0033386327503974484,,0.7402597402597376,0.2597402597402624
GMKN,-1,2024-08-19 21:40:00+00:00,2024-08-20 09:50:00+00:00,125.9,125.96,5986.615504446612,-359.19693026672525,-0.0003335980937251123,73,v3_short,timeout,False,A,True,0.009690230341540896,0.0029858488272195274,-5.401111993645579e-05,0.45901639344262524,0.5409836065573748
GMKN,-1,2024-09-06 13:20:00+00:00,2024-09-06 21:20:00+00:00,105.8,106.38,7121.582742520243,-4130.517990661729,-0.003837429111531179,48,v3_short,timeout,False,A,True,0.016071090943467602,0.0036643888033564723,,0.7647058823529382,0.23529411764706176
GMKN,-1,2024-09-20 13:20:00+00:00,2024-09-20 18:20:00+00:00,111.98,110.30030000000001,6702.733448519186,11258.581373477655,0.010499999999999978,30,v3_short,tp,False,A,True,0.01250446588067172,0.0038108848398237323,,0.9857142857142887,0.014285714285711385
GMKN,-1,2024-10-01 22:20:00+00:00,2024-10-02 09:50:00+00:00,111.06,110.64,6829.219327630225,2868.272117604706,0.00264721772015128,69,v3_short,timeout,False,A,True,0.012423478574000807,0.003204162471614493,-0.0002232625135037776,0.7536231884057963,0.24637681159420363
GMKN,-1,2024-11-22 13:20:00+00:00,2024-11-22 18:20:00+00:00,109.24,107.6014,6961.377599862103,11406.913335134019,0.010499999999999978,30,v3_short,tp,False,A,True,0.01628843338213764,0.004218085477236279,,0.6966292134831428,0.3033707865168572
GMKN,-1,2024-11-22 22:20:00+00:00,2024-11-22 23:50:00+00:00,108.82,108.52,7061.622204958004,2118.486661487381,0.00192979231758866,9,v3_short,weekend_exit,False,A,True,0.02003308215401587,0.004425957113225735,-0.00016541077007903063,0.9174311926605476,0.08256880733945242
GMKN,-1,2024-12-27 13:20:00+00:00,2024-12-27 17:30:00+00:00,110.04,111.14040000000001,6996.807242880509,-7699.2866900657655,-0.007000000000000048,25,v3_short,sl,False,A,True,0.013270314488274803,0.0032201937310099515,,0.5342465753424688,0.46575342465753117
GMKN,-1,2025-01-10 13:20:00+00:00,2025-01-10 13:40:00+00:00,112.18,113.30180000000001,6815.289430589455,-7645.391683235302,-0.007000000000000046,2,v3_short,sl,False,A,True,0.01497593153859874,0.0038883087554865098,,0.6904761904761941,0.3095238095238059
GMKN,-1,2025-01-16 13:20:00+00:00,2025-01-16 21:20:00+00:00,119.98,119.32,6327.6162205806,4176.226705583264,0.0038506417736290013,48,v3_short,timeout,False,A,True,0.017000000000000053,0.0039444444444444605,,0.7254901960784311,0.2745098039215689
GMKN,-1,2025-01-21 13:20:00+00:00,2025-01-21 14:30:00+00:00,124.1,122.23849999999999,6141.101956802327,11431.66129258757,0.010500000000000037,7,v3_short,tp,False,A,True,0.01208313194780087,0.004196490905045761,,0.7333333333333295,0.26666666666667044
GMKN,-1,2025-01-28 10:20:00+00:00,2025-01-28 11:50:00+00:00,119.2,118.6,6460.678823355538,3876.407294013378,0.0035234899328859563,9,v3_short,opposite_signal,False,A,True,0.02684563758389264,0.004050814956855231,-0.00010570469798657642,0.5437500000000024,0.45624999999999766
GMKN,-1,2025-02-06 20:50:00+00:00,2025-02-07 06:50:00+00:00,121.64,121.86,6353.390339113692,-1397.745874605005,-0.001266030910884571,60,v3_short,timeout,False,A,True,0.0070723684210526275,0.0032592642320085816,4.934210526315977e-06,0.5813953488372097,0.41860465116279033
GMKN,-1,2025-02-11 11:00:00+00:00,2025-02-11 11:10:00+00:00,121.12,120.82,6372.588992219005,1911.776697665774,0.00173381770145317,1,v3_short,opposite_signal,False,A,True,0.010733157199471575,0.0036591809775429317,4.128137384412153e-05,0.47692307692308145,0.5230769230769186
GMKN,-1,2025-02-11 12:30:00+00:00,2025-02-11 20:30:00+00:00,121.1,120.4,6384.692175276068,4469.284522693175,0.004046242774566408,48,v3_short,timeout,False,A,True,0.017184401850627876,0.0038149760895766043,,0.7115384615384572,0.2884615384615428
GMKN,-1,2025-02-19 10:20:00+00:00,2025-02-19 10:40:00+00:00,134.82,134.54,5758.156961814398,1612.2839493080378,0.0014537902388369736,2,v3_short,opposite_signal,False,A,True,0.012166172106825034,0.00322876925250814,0.00012166172106825244,0.3658536585365786,0.6341463414634214
GMKN,1,2025-02-20 20:30:00+00:00,2025-02-21 06:50:00+00:00,137.6,138.0,5650.024130496605,2260.009652198674,0.0020348837209302616,62,v3_long,timeout,False,A,True,0.016133720930232756,0.0034794731846227002,0.00011191860465116015,0.20720720720720825,0.7927927927927918
GMKN,-1,2025-03-05 10:30:00+00:00,2025-03-05 11:10:00+00:00,140.02,141.42020000000002,5563.671811975945,-7790.253271128787,-0.007000000000000061,4,v3_short,sl,False,A,True,0.014134780125642416,0.0044909402419396815,-0.00021130782410051655,0.6868686868686973,0.3131313131313027
GMKN,1,2025-03-05 19:20:00+00:00,2025-03-05 21:30:00+00:00,140.64,139.2336,5500.370803633972,-7735.721498230768,-0.006999999999999954,13,v3_long,sl,False,A,True,0.011232759846438308,0.003572081470153791,0.00021612398691880872,0.1392405063291121,0.8607594936708879
GMKN,-1,2025-03-06 20:30:00+00:00,2025-03-07 06:50:00+00:00,136.72,136.46,5618.469461485666,1460.802059986222,0.0013311878291398013,62,v3_short,timeout,False,A,True,0.015947329919531874,0.003998029350730787,-0.0001638624725676671,0.5137614678899087,0.48623853211009127
GMKN,-1,2025-03-11 20:10:00+00:00,2025-03-11 21:10:00+00:00,136.44,135.76,5637.494182177592,3833.496043880801,0.0034887129873937615,6,v3_short,opposite_signal,False,A,True,0.010407505130460184,0.0035808518658122794,-0.00020668425681617827,0.6056338028168964,0.3943661971831037
GMKN,-1,2025-03-25 19:20:00+00:00,2025-03-25 20:20:00+00:00,126.0,127.26,6125.898043230374,-7718.6315344703025,-0.007000000000000029,6,v3_short,sl,False,A,True,0.02682539682539679,0.003867832847424681,-0.00024444444444444546,0.8224852071005931,0.17751479289940683
GMKN,-1,2025-03-27 12:50:00+00:00,2025-03-27 16:20:00+00:00,125.38,123.49929999999999,6113.097075872532,11496.901670593497,0.010500000000000027,21,v3_short,tp,False,A,True,0.01850374860424316,0.0039790149057974886,,0.9913793103448232,0.008620689655176797
GMKN,-1,2025-03-28 10:20:00+00:00,2025-03-28 11:50:00+00:00,123.16,122.4,6288.632206416964,4779.3604768768355,0.004319584280610535,9,v3_short,opposite_signal,False,A,True,0.015264696329977229,0.004113889791057703,-7.95712893796679e-05,0.8191489361702106,0.1808510638297895
GMKN,1,2025-03-28 20:30:00+00:00,2025-03-28 23:50:00+00:00,121.72,121.56,6390.515074565619,-1022.4824119304773,-0.0009201445941504897,20,v3_long,weekend_exit,False,A,True,0.022014128470510864,0.004274750807173528,1.1499917857728467e-05,0.11194029850746194,0.8880597014925381
GMKN,-1,2025-04-02 10:30:00+00:00,2025-04-02 10:50:00+00:00,121.44,121.3,6399.355708067983,895.9097991295213,0.0008069828722002669,2,v3_short,opposite_signal,False,A,True,0.015316205533596833,0.0036531321116301265,3.2938076416340095e-05,0.7096774193548353,0.29032258064516475
GMKN,-1,2025-04-02 11:10:00+00:00,2025-04-02 11:10:00+00:00,121.3,120.64,6411.911739877712,4231.8617483192675,0.0038087386644682403,0,v3_short,opposite_signal,False,A,True,0.015164001977913212,0.003911450342965087,2.802043843744643e-05,0.6413043478260867,0.3586956521739133
GMKN,-1,2025-04-02 21:10:00+00:00,2025-04-02 22:50:00+00:00,119.5,120.69500000000001,6533.281985531297,-7807.271972709948,-0.0070000000000000435,10,v3_short,sl,False,A,True,0.018069265517818393,0.004271476032273374,-0.0003128659862807436,0.916666666666664,0.08333333333333608
GMKN,-1,2025-04-03 12:30:00+00:00,2025-04-03 12:50:00+00:00,120.18,121.38180000000001,6450.841295474229,-7752.621068900966,-0.007000000000000033,2,v3_short,sl,False,A,True,0.014311865535030777,0.0032500269204037047,,0.8604651162790726,0.13953488372092734
GMKN,-1,2025-04-04 10:40:00+00:00,2025-04-04 11:20:00+00:00,117.02,116.64,6578.664092820564,2499.8923552717847,0.0022731157067167737,4,v3_short,opposite_signal,False,A,True,0.014529914529914555,0.004325529542920852,0.00012307692307692532,0.7764705882352888,0.2235294117647112
GMKN,-1,2025-04-04 11:40:00+00:00,2025-04-04 11:40:00+00:00,116.82,116.4,6604.906666585796,2774.060799965952,0.0025166923472007474,0,v3_short,opposite_signal,False,A,True,0.013182674199623285,0.004280089025851747,,0.7272727272727247,0.27272727272727526
GMKN,-1,2025-04-04 12:10:00+00:00,2025-04-04 12:30:00+00:00,117.0,116.42,6611.342216671186,3834.5784856692767,0.00347008547008546,2,v3_short,opposite_signal,False,A,True,0.013160143565202462,0.0043261835583661,,0.8441558441558467,0.15584415584415331
GMKN,-1,2025-04-10 10:20:00+00:00,2025-04-10 10:40:00+00:00,115.98,115.4,6692.630145632843,3881.7254844670374,0.003500603552336599,2,v3_short,opposite_signal,False,A,True,0.020003448870494975,0.0048776882713768305,-3.44887049491223e-06,0.6293103448275876,0.37068965517241237
GMKN,-1,2025-04-11 19:20:00+00:00,2025-04-11 23:50:00+00:00,116.54,117.1,6683.786271920579,-3742.9203122754443,-0.0033636519649904895,27,v3_short,weekend_exit,False,A,True,0.01664378860672613,0.0041880856666619976,4.9759780370623206e-05,0.7319587628865997,0.26804123711340033
GMKN,-1,2025-04-17 11:30:00+00:00,2025-04-17 18:00:00+00:00,114.08,112.3688,6804.9474746759415,11644.626118665507,0.010500000000000032,39,v3_short,tp,False,A,True,0.014901823281907459,0.0030805449809657394,,0.847058823529409,0.152941176470591
GMKN,-1,2025-04-17 21:00:00+00:00,2025-04-17 23:30:00+00:00,114.5,115.645,6851.175949293426,-7844.596461940946,-0.006999999999999976,15,v3_short,sl,False,A,True,0.021488469601677218,0.0037365050842139832,1.2229210342416698e-05,0.8943089430894292,0.10569105691057085
GMKN,-1,2025-04-18 10:30:00+00:00,2025-04-18 11:10:00+00:00,114.22,113.56,6819.89519060356,4501.130825798326,0.004044825774820501,4,v3_short,opposite_signal,False,A,True,0.010329131652661,0.0036048510313216263,-0.0002923669467787118,0.8135593220338981,0.1864406779661019
GMKN,1,2025-04-23 19:20:00+00:00,2025-04-24 06:50:00+00:00,113.56,114.2,6887.2773885945535,4407.857528700518,0.003945051074321948,69,v3_long,timeout,False,A,True,0.0077492074674180645,0.0035475267951491987,-0.0001990137372314187,0.06818181818182112,0.9318181818181789
GMKN,-1,2025-04-30 10:20:00+00:00,2025-04-30 11:10:00+00:00,113.22,111.5217,6935.212157912804,11778.070807783339,0.01050000000000002,5,v3_short,tp,False,A,True,0.01801165460003537,0.0032878417127048683,-0.00017128730354935525,0.8039215686274488,0.1960784313725512
GMKN,-1,2025-05-06 10:40:00+00:00,2025-05-06 18:40:00+00:00,107.88,108.72,7354.925566224844,-6178.137475628894,-0.005450500556173549,48,v3_short,timeout,False,A,True,0.017062314540059378,0.0032415172235840508,1.6691394658754343e-05,0.7173913043478211,0.28260869565217894
GMKN,-1,2025-05-07 11:20:00+00:00,2025-05-07 11:20:00+00:00,108.18,108.24,7294.552355808799,-437.6731413484409,-0.00038824181919016123,0,v3_short,opposite_signal,False,A,True,0.01423553337030867,0.003177146456865444,2.4034017378442493e-05,0.5974025974026016,0.4025974025973984
GMKN,-1,2025-05-07 11:50:00+00:00,2025-05-07 17:40:00+00:00,108.42,109.5042,7275.579253389154,-7888.183026524488,-0.0069999999999999715,35,v3_short,sl,False,A,True,0.01420402139826593,0.0033204205866076363,,0.7532467532467549,0.2467532467532451
GMKN,1,2025-05-22 19:40:00+00:00,2025-05-23 06:50:00+00:00,104.56,105.02,7491.359741142739,3446.025480925613,0.0030795715378729494,67,v3_long,timeout,False,A,True,0.023335883703136932,0.004063675967709191,0.00010328997704667297,0.2868852459016408,0.7131147540983592
GMKN,-1,2025-05-29 11:50:00+00:00,2025-05-29 19:20:00+00:00,106.94,105.3359,7347.1927470594055,11785.63188555801,0.010500000000000016,45,v3_short,tp,False,A,True,0.015522723022255571,0.003372607692787222,,0.9759036144578277,0.024096385542172284
GMKN,-1,2025-05-30 21:30:00+00:00,2025-05-30 23:50:00+00:00,106.12,106.42,7481.706885510962,-2244.512065653267,-0.001978891820580456,14,v3_short,weekend_exit,False,A,True,0.018096135721017925,0.00322375887206909,-3.7700282752113145e-06,0.6770833333333387,0.32291666666666136
GMKN,-1,2025-06-04 10:20:00+00:00,2025-06-04 14:10:00+00:00,111.24,112.35239999999999,7123.2252449160915,-7923.875762444616,-0.006999999999999961,23,v3_short,sl,False,A,True,0.01941747572815531,0.003296176435335019,0.00015641855447680775,0.7685185185185182,0.23148148148148184
GMKN,-1,2025-06-04 20:40:00+00:00,2025-06-04 21:40:00+00:00,112.16,111.68,7015.34293162228,3367.3646071786225,0.0029957203994293233,6,v3_short,opposite_signal,False,A,True,0.012482168330955829,0.004064892718856452,0.00012125534950071448,0.8285714285714227,0.17142857142857723
GMKN,1,2025-06-11 19:30:00+00:00,2025-06-13 06:50:00+00:00,107.04,107.04,7372.926181201231,0.0,0.0,212,v3_long,timeout,False,A,True,0.014389833675948347,0.0031045122216331843,0.00029714072136049406,0.07792207792208128,0.9220779220779187
GMKN,1,2025-06-18 20:20:00+00:00,2025-06-19 06:50:00+00:00,107.4,107.38,7348.212462158098,-146.96424924323713,-0.00013035381750472216,63,v3_long,timeout,False,A,True,0.010616502141925877,0.003037087436949086,0.00010243993294840436,0.21052631578948156,0.7894736842105184
GMKN,-1,2025-06-19 19:20:00+00:00,2025-06-20 06:50:00+00:00,106.98,106.98,7376.099677148154,-0.0,-0.0,69,v3_short,timeout,False,A,True,0.01420560747663561,0.0033263398817470965,-0.0002504672897196268,0.8157894736842111,0.184210526315789
GMKN,-1,2025-06-26 12:30:00+00:00,2025-06-26 17:00:00+00:00,108.82,109.9082,7251.379741419863,-7890.951434613099,-0.007000000000000004,27,v3_short,sl,False,A,True,0.011209114296214616,0.003102233175519382,,0.6393442622950718,0.36065573770492815
GMKN,-1,2025-06-27 22:10:00+00:00,2025-06-27 23:50:00+00:00,111.26,111.58,7042.706070978611,-2253.6659427131076,-0.0020133021750853427,10,v3_short,weekend_exit,False,A,True,0.008268919647672134,0.003000876784292721,8.987956138774042e-05,0.7391304347826148,0.26086956521738525
GMKN,-1,2025-07-09 20:10:00+00:00,2025-07-10 06:50:00+00:00,103.94,104.22,7523.512712114499,-2106.5835593920683,-0.0018857032903598307,64,v3_short,timeout,False,A,True,0.01924187030979411,0.0034596097434547975,-5.964979796035945e-05,0.8699999999999974,0.13000000000000256
GMKN,-1,2025-07-15 10:40:00+00:00,2025-07-15 10:40:00+00:00,110.46,109.8,7066.08095967415,4663.613433384915,0.0041825095057034,0,v3_short,opposite_signal,False,A,True,0.012309920347574216,0.003982621288921067,0.00019551049963794322,0.6764705882352852,0.3235294117647148
GMKN,-1,2025-07-16 20:10:00+00:00,2025-07-17 06:50:00+00:00,111.3,110.36,7042.082948867709,6619.55797193563,0.005911949685534577,64,v3_short,timeout,False,A,True,0.009523809523809544,0.0033665218108806915,0.00021743036837376604,0.9056603773584827,0.09433962264151728
GMKN,-1,2025-07-31 10:20:00+00:00,2025-07-31 10:20:00+00:00,120.02,120.22,6569.051181380862,-1313.810236276191,-0.001166472254624246,0,v3_short,opposite_signal,False,A,True,0.022329611731378044,0.0038247593655025584,0.00014664222629561663,0.41044776119402887,0.5895522388059712
GMKN,-1,2025-09-16 19:20:00+00:00,2025-09-17 06:50:00+00:00,124.16,124.46,6342.6051516103225,-1902.7815454830788,-0.001691365979381427,69,v3_short,timeout,False,A,True,0.01675797615211096,0.003673206311206404,-0.0001579116983564299,0.7499999999999966,0.25000000000000344
GMKN,-1,2025-09-24 11:00:00+00:00,2025-09-24 11:10:00+00:00,119.34,120.5334,6587.614450662809,-7861.659085420975,-0.006999999999999982,1,v3_short,sl,False,A,True,0.016761649346295676,0.004009386523633933,-5.698960777740587e-05,0.8400000000000034,0.1599999999999966
GMKN,-1,2025-09-30 19:20:00+00:00,2025-09-30 20:00:00+00:00,124.26,123.46,6282.494343974769,5025.995475179887,0.004506679542893995,4,v3_short,opposite_signal,False,A,True,0.01223832528180351,0.0038745933155870994,-0.00017069243156199484,0.8421052631578977,0.1578947368421023
GMKN,-1,2025-10-07 21:00:00+00:00,2025-10-08 06:50:00+00:00,125.58,125.94,6244.473196487745,-2248.0103507355843,-0.002006688963210699,59,v3_short,timeout,False,A,True,0.0065307422746096935,0.0030784534266079843,0.0001768079006052882,1.0,0.0
GMKN,-1,2025-10-13 20:40:00+00:00,2025-10-14 06:50:00+00:00,129.12,129.04,6061.085321944051,484.8868257555999,0.000433705080545297,61,v3_short,timeout,False,A,True,0.005732878834831183,0.003430873433972283,0.00014409668422683713,0.6486486486486652,0.3513513513513347
GMKN,1,2025-10-17 19:30:00+00:00,2025-10-17 23:50:00+00:00,131.88,131.52,5936.811931660942,-2137.2522953978514,-0.0019108280254776287,26,v3_long,weekend_exit,False,A,True,0.017288444040036405,0.003364221029631118,5.9144676979069816e-05,0.07894736842105558,0.9210526315789445
GMKN,-1,2025-10-23 10:20:00+00:00,2025-10-23 11:20:00+00:00,126.78,128.0478,6163.832473108269,-7814.506809406627,-0.006999999999999966,6,v3_short,sl,False,A,True,0.012147026344849394,0.003508139333979357,-0.00010096229689225214,0.8311688311688286,0.16883116883117147
GMKN,-1,2025-10-28 10:50:00+00:00,2025-10-28 11:20:00+00:00,120.22,121.4222,6454.670821611062,-7759.805261740849,-0.007000000000000029,3,v3_short,sl,False,A,True,0.02711244178310051,0.004290031049013088,0.00019960079840319173,0.5828220858895714,0.4171779141104286
YNDX,-1,2022-01-06 19:20:00+00:00,2022-01-06 22:00:00+00:00,4294.0,4247.0,163.01816488122964,7661.853749417793,0.007661853749417792,16,v3_short,opposite_signal,False,A,True,0.02301206503004616,0.005686944270417907,-0.0003293427120696833,0.8886639676113363,0.11133603238866377
YNDX,-1,2022-01-10 21:50:00+00:00,2022-01-10 22:20:00+00:00,4146.6,4188.066000000001,170.10642396773076,-7053.632976245984,-0.007000000000000058,3,v3_short,sl,False,A,True,0.020967897426009834,0.004726753325450502,-0.0005133519714643787,0.8551724137931097,0.1448275862068903
YNDX,1,2022-01-11 10:20:00+00:00,2022-01-11 12:20:00+00:00,4200.0,4263.0,166.76803679552864,10506.386318118304,0.010499999999999999,12,v3_long,tp,False,A,True,0.013619047619047576,0.005056689342403638,0.00015000000000000001,0.3881118881118862,0.6118881118881139
YNDX,-1,2022-01-12 21:00:00+00:00,2022-01-12 22:40:00+00:00,4432.8,4395.6,159.6688830905755,5939.682450969379,0.005874390904168893,10,v3_short,opposite_signal,False,A,True,0.01878103837471779,0.004287096328373346,6.862302483070306e-05,0.8629807692307733,0.1370192307692267
YNDX,-1,2022-01-13 10:50:00+00:00,2022-01-13 14:30:00+00:00,4405.8,4339.713,161.5910850877438,10679.070040193797,0.010500000000000072,22,v3_short,tp,False,A,True,0.010254548754480652,0.0032026558978780232,2.4955760243209353e-05,0.7787610619469018,0.22123893805309824
YNDX,-1,2022-02-02 10:20:00+00:00,2022-02-02 11:00:00+00:00,3777.8,3721.1330000000003,190.43182585306718,10791.200275615742,0.010499999999999982,4,v3_short,tp,False,A,True,0.01788738357324299,0.004359703237772677,0.00033657917019475216,0.6775147928994119,0.3224852071005881
YNDX,-1,2022-02-03 20:40:00+00:00,2022-02-03 22:30:00+00:00,3585.6,3546.0,202.74631634890906,8028.754127416781,0.007730923694779098,11,v3_short,opposite_signal,False,A,True,0.03200981485612305,0.005524270828117111,-0.00025429399955386963,0.890243902439025,0.10975609756097508
YNDX,-1,2022-02-04 10:20:00+00:00,2022-02-04 10:30:00+00:00,3608.2,3593.0,203.0340113601907,3086.1169726748617,0.002948838756166474,1,v3_short,opposite_signal,False,A,True,0.020564270273266398,0.004674537627256439,0.0003458788315503555,0.6711590296495936,0.3288409703504063
YNDX,-1,2022-02-04 11:00:00+00:00,2022-02-04 13:10:00+00:00,3618.4,3591.0,203.05870043961767,5563.808392045543,0.005300685385805899,13,v3_short,opposite_signal,False,A,True,0.015808091974353254,0.004808755250939647,0.00040294052619942313,0.7517482517482541,0.24825174825174587
YNDX,-1,2022-02-08 10:20:00+00:00,2022-02-08 10:30:00+00:00,3490.6,3479.0,211.60896910134207,2454.6640415755487,0.0023262476365094645,1,v3_short,opposite_signal,False,A,True,0.016954977660671274,0.0037614083323786575,0.00010367739718180724,0.6385135135135108,0.3614864864864891
YNDX,-1,2022-02-08 11:30:00+00:00,2022-02-08 14:10:00+00:00,3491.4,3526.3140000000003,212.0526242694184,-7403.605323742519,-0.0070000000000000435,16,v3_short,sl,False,A,True,0.016955948903018794,0.004013944467630664,,0.6520270270270275,0.3479729729729725
YNDX,-1,2022-02-09 22:40:00+00:00,2022-02-10 06:50:00+00:00,3749.0,3763.0,196.09976224263204,-2745.3966713968484,-0.0026140304081088287,49,v3_short,timeout,False,A,True,0.012270593256508748,0.004425906085865852,-4.534784464361929e-05,1.0,0.0
YNDX,-1,2022-02-10 12:20:00+00:00,2022-02-10 15:40:00+00:00,3721.0,3758.21,197.0589172205455,-7332.562309776506,-0.007000000000000007,20,v3_short,sl,False,A,True,0.01263101316850309,0.004358554640736856,,0.851063829787234,0.14893617021276595
YNDX,-1,2022-02-18 10:20:00+00:00,2022-02-18 10:30:00+00:00,3838.0,3823.0,189.7142880043789,2845.7143200656833,0.0027357998957790513,1,v3_short,opposite_signal,False,A,True,0.022772277227722796,0.0054815255961686475,0.0003522668056279331,0.5194508009153324,0.4805491990846677
YNDX,-1,2022-10-13 13:20:00+00:00,2022-10-13 15:40:00+00:00,2078.0,2046.83,351.3548784335188,10951.731560772807,0.010500000000000023,14,v3_short,tp,False,A,True,0.02358036573628489,0.0038452724689490695,,0.7755102040816326,0.22448979591836735
YNDX,-1,2022-10-20 13:20:00+00:00,2022-10-20 16:20:00+00:00,1940.4,1911.294,380.22142314852255,11066.724742160895,0.010499999999999999,18,v3_short,tp,False,A,True,0.01864441697569018,0.0043851904173288535,,0.7955801104972416,0.2044198895027584
YNDX,-1,2022-10-25 13:20:00+00:00,2022-10-25 17:00:00+00:00,1987.0,2006.8700000000001,375.2029978847034,-7455.283567969101,-0.007000000000000041,22,v3_short,sl,False,A,True,0.018922999496728692,0.004347305102212005,,0.7978723404255339,0.20212765957446616
YNDX,-1,2022-11-22 13:20:00+00:00,2022-11-22 21:20:00+00:00,2076.0,2085.8,356.60388164707484,-3494.7180401413984,-0.0033044315992293485,48,v3_short,timeout,False,A,True,0.014939759036144579,0.0034744693057946197,,0.8387096774193549,0.16129032258064516
YNDX,-1,2022-12-21 21:40:00+00:00,2022-12-22 09:50:00+00:00,1824.4,1836.4,404.4416551585335,-4853.299861902402,-0.0046042534531900905,73,v3_short,timeout,False,A,True,0.007017543859649098,0.003128356605800206,-0.0003212719298245609,0.6562500000000094,0.34374999999999056
YNDX,-1,2022-12-22 13:20:00+00:00,2022-12-22 14:50:00+00:00,1833.4,1851.7340000000002,400.60327575427993,-7344.660457678992,-0.0070000000000000236,9,v3_short,sl,False,A,True,0.017993456924754635,0.004668432258399536,,0.7090909090909119,0.2909090909090882
YNDX,1,2022-12-23 13:20:00+00:00,2022-12-23 21:20:00+00:00,1828.8,1820.8,398.79964099273917,-3190.3971279419134,-0.0030621172353455816,48,v3_long,timeout,False,A,True,0.012029746281714786,0.003176686247552395,,0.17272727272727065,0.8272727272727294
YNDX,-1,2022-12-30 13:20:00+00:00,2022-12-30 21:20:00+00:00,1814.2,1815.6,400.77803189172204,-561.0892446483562,-0.0005401830007716374,48,v3_short,timeout,False,A,True,0.014670196337965976,0.0034036116100973728,,0.8721804511278243,0.12781954887217575
YNDX,-1,2023-01-20 13:20:00+00:00,2023-01-20 18:30:00+00:00,1894.4,1913.344,383.6036438907877,-7266.987429867067,-0.0069999999999999845,31,v3_short,sl,False,A,True,0.015093941313067294,0.0031012193773434916,,0.8111888111888154,0.18881118881118464
YNDX,-1,2023-02-01 23:00:00+00:00,2023-02-02 09:50:00+00:00,2068.4,2099.8,348.8744207047966,-10954.656810130644,-0.010626571262811864,65,v3_short,gap_sl,False,A,True,0.010637269122908811,0.004237145975303378,-0.00038680978628759314,0.9272727272727314,0.07272727272726859
YNDX,-1,2023-02-02 13:20:00+00:00,2023-02-02 21:20:00+00:00,2078.0,2082.4,343.57246969139067,-1511.7188666421503,-0.0014821944177093665,48,v3_short,timeout,False,A,True,0.022902232486528055,0.004174456541662101,,0.4831932773109253,0.5168067226890747
YNDX,-1,2023-03-16 22:00:00+00:00,2023-03-17 09:50:00+00:00,1845.8,1859.8,386.2202778264495,-5407.083889570293,-0.005309350958933796,71,v3_short,timeout,False,A,True,0.007583965330444204,0.003146350631260082,-0.0002123510292524367,0.41428571428571104,0.585714285714289
YNDX,-1,2023-04-11 13:20:00+00:00,2023-04-11 15:50:00+00:00,2001.8,1971.773,354.23140677857987,10636.506451340432,0.010500000000000015,15,v3_short,tp,False,A,True,0.016083916083916107,0.003762903762903753,,0.4658385093167695,0.5341614906832305
YNDX,-1,2023-05-03 13:20:00+00:00,2023-05-03 17:40:00+00:00,2001.8,1971.773,357.9508365497549,10748.189769079507,0.010500000000000015,26,v3_short,tp,False,A,True,0.03346987711060046,0.005875664283097594,,0.7044776119402992,0.2955223880597008
YNDX,-1,2023-05-04 13:20:00+00:00,2023-05-04 15:10:00+00:00,1963.2,1982.832,368.8211682170207,-7240.697174436574,-0.007000000000000022,11,v3_short,sl,False,A,True,0.021694846200855527,0.005247892597658325,,0.7746478873239453,0.22535211267605468
YNDX,-1,2023-05-04 22:50:00+00:00,2023-05-05 09:50:00+00:00,1972.8,1979.4,364.4572330806719,-2405.4177383324845,-0.00234184914841854,66,v3_short,timeout,False,A,True,0.012764664167764181,0.003144647586519154,3.6470469050756116e-05,0.9365079365079312,0.06349206349206879
YNDX,-1,2023-05-12 13:20:00+00:00,2023-05-12 21:20:00+00:00,2006.0,2002.0,357.5859606204969,1430.3438424819876,0.0013958125623130609,48,v3_short,timeout,False,A,True,0.01275917065390745,0.003313207260575663,,0.5703124999999984,0.42968750000000155
YNDX,1,2023-05-18 13:20:00+00:00,2023-05-18 16:30:00+00:00,2047.6,2027.1239999999998,350.81005943272817,-7183.186776944582,-0.007000000000000039,19,v3_long,sl,False,A,True,0.018561938257131802,0.003693779192020718,,0.33684210526315467,0.6631578947368453
YNDX,-1,2023-05-22 21:50:00+00:00,2023-05-22 23:40:00+00:00,2277.4,2300.174,313.20384954359923,-7132.904469505894,-0.006999999999999965,11,v3_short,sl,False,A,True,0.011417530300368874,0.004620783848406755,-0.00018882838573686984,0.7461538461538496,0.25384615384615034
YNDX,-1,2023-05-31 13:20:00+00:00,2023-05-31 16:40:00+00:00,2295.0,2317.95,308.62632410542,-7082.974138219332,-0.006999999999999945,20,v3_short,sl,False,A,True,0.026492374727668924,0.005639589169000947,,0.8355263157894742,0.16447368421052583
YNDX,-1,2023-06-28 13:20:00+00:00,2023-06-28 21:20:00+00:00,2456.8,2460.8,286.2826977878481,-1145.1307911513925,-0.0011396939107782482,48,v3_short,timeout,False,A,True,0.020275221887468522,0.004877840721827393,,0.7349397590361492,0.2650602409638508
YNDX,-1,2023-07-05 13:20:00+00:00,2023-07-05 21:20:00+00:00,2413.8,2395.2,291.0505180095199,5413.539634977176,0.005393984588615566,48,v3_short,timeout,False,A,True,0.02113026184951939,0.0035276291491074512,,0.8588235294117683,0.14117647058823174
YNDX,-1,2023-08-02 13:20:00+00:00,2023-08-02 15:10:00+00:00,2696.6,2723.566,261.9325143202044,-7063.272181158604,-0.006999999999999972,11,v3_short,sl,False,A,True,0.018837140314446818,0.004248421409501246,,0.5984251968503933,0.40157480314960664
YNDX,-1,2023-08-11 13:20:00+00:00,2023-08-11 21:20:00+00:00,2706.6,2708.0,259.1380062030046,-362.79320868422997,-0.00036207788369174005,48,v3_short,timeout,False,A,True,0.01618386047886498,0.003927199020311655,,0.4885844748858448,0.5114155251141552
YNDX,-1,2023-08-29 13:20:00+00:00,2023-08-29 21:20:00+00:00,2703.0,2690.2,259.38918695633487,3320.1815930411335,0.0033148353681095545,48,v3_short,timeout,False,A,True,0.016278209396966333,0.003674929091133323,,0.8409090909090909,0.1590909090909091
YNDX,1,2023-08-30 13:20:00+00:00,2023-08-30 21:20:00+00:00,2673.4,2668.0,263.1305077646825,-1420.9047419293092,-0.0014139298271863784,48,v3_long,timeout,False,A,True,0.019974564225331073,0.0036835561635442213,,0.35205992509363576,0.6479400749063642
YNDX,-1,2023-09-07 22:00:00+00:00,2023-09-08 09:50:00+00:00,2604.6,2585.6,269.6991730548843,5124.284288042802,0.005106350303309529,71,v3_short,timeout,False,A,True,0.013438795883888802,0.004657737768736749,-0.00020580555982184132,0.9599999999999974,0.040000000000002596
YNDX,-1,2023-10-05 13:20:00+00:00,2023-10-05 15:40:00+00:00,2376.2,2399.962,297.1321711726209,-7060.454651403868,-0.007000000000000052,14,v3_short,sl,False,A,True,0.01548300235610913,0.003193569585356873,,0.43478260869565005,0.56521739130435
YNDX,-1,2023-10-06 13:20:00+00:00,2023-10-06 21:20:00+00:00,2498.8,2488.0,280.5759352026568,3030.2201001887447,0.0030254522170642417,48,v3_short,timeout,False,A,True,0.018327330932373022,0.00497341793860403,,0.6069868995633203,0.39301310043667964
YNDX,-1,2023-11-14 13:20:00+00:00,2023-11-14 16:20:00+00:00,2560.8,2586.4080000000004,274.61117656768624,-7032.243009545357,-0.007000000000000047,18,v3_short,sl,False,A,True,0.017730219479809455,0.0029345800649401405,,0.4713656387665209,0.5286343612334791
YNDX,-1,2023-11-29 13:20:00+00:00,2023-11-29 18:20:00+00:00,2624.4,2585.034,266.08052539546156,10474.525962717737,0.010499999999999997,30,v3_short,tp,False,A,True,0.013488797439414758,0.003022913173804821,,0.8757062146892632,0.12429378531073672
YNDX,-1,2023-12-22 13:20:00+00:00,2023-12-22 21:20:00+00:00,2291.0,2292.0,308.00257486763496,-308.00257486763496,-0.0003055434308162375,48,v3_short,timeout,False,A,True,0.016414913123199322,0.0030143900745490037,,0.6595744680851049,0.34042553191489516
YNDX,-1,2023-12-29 13:20:00+00:00,2023-12-29 14:20:00+00:00,2532.8,2558.128,278.51322537087185,-7054.1829721934355,-0.006999999999999993,6,v3_short,sl,False,A,True,0.014607185155941572,0.00322598838192996,,0.7351351351351425,0.2648648648648575
YNDX,-1,2024-01-24 13:20:00+00:00,2024-01-24 21:20:00+00:00,2647.0,2644.0,264.63179793683753,793.8953938105126,0.0007933509633547413,48,v3_short,timeout,False,A,True,0.01654578422484141,0.003047244887680083,,0.730593607305933,0.26940639269406697
YNDX,-1,2024-01-25 13:20:00+00:00,2024-01-25 18:00:00+00:00,2671.4,2698.114,262.42273561221685,-7010.360959144746,-0.006999999999999984,28,v3_short,sl,False,A,True,0.016614279299506096,0.0030113826701163686,,0.8513513513513538,0.1486486486486463
YNDX,-1,2024-03-07 13:20:00+00:00,2024-03-07 21:20:00+00:00,3590.4,3591.8,193.88615286404712,-271.4406140096836,-0.0002729500891265774,48,v3_short,timeout,False,A,True,0.017825311942959002,0.0032759315847551078,,0.6937500000000014,0.3062499999999986
YNDX,-1,2024-03-15 13:20:00+00:00,2024-03-15 13:30:00+00:00,3606.6,3642.666,192.96257827684465,-6959.388348132729,-0.00700000000000005,1,v3_short,sl,False,A,True,0.012367589152015948,0.0031823499739866,,0.7892376681614325,0.2107623318385675
YNDX,-1,2024-03-22 13:20:00+00:00,2024-03-22 13:30:00+00:00,3889.6,3928.496,177.67052215383976,-6910.672629695784,-0.007000000000000033,1,v3_short,sl,False,A,True,0.024681201151789386,0.004605688429217851,,0.75,0.25
YNDX,-1,2024-03-28 13:20:00+00:00,2024-03-28 21:20:00+00:00,4027.4,3998.0,170.39027465083876,5009.474074734675,0.005109996523811904,48,v3_short,timeout,False,A,True,0.016536723444405797,0.0030978275006680535,,0.6606606606606615,0.33933933933933846
YNDX,-1,2024-04-03 13:20:00+00:00,2024-04-03 21:20:00+00:00,3913.6,3919.8,176.24090964357686,-1092.6936397902246,-0.0011089533932952245,48,v3_short,timeout,False,A,True,0.02953802125919867,0.0044265662111124225,,0.8027681660899637,0.19723183391003632
YNDX,-1,2024-04-22 23:40:00+00:00,2024-04-23 09:50:00+00:00,4282.2,4290.2,160.891957039197,-1287.135656313576,-0.0013077390126570456,61,v3_short,timeout,False,A,True,0.016770998785387316,0.004281652864827159,-0.00037045688124824903,0.9080779944289645,0.09192200557103547
YNDX,-1,2024-04-26 13:20:00+00:00,2024-04-26 16:50:00+00:00,4157.0,4198.57,165.5209390122275,-6880.705434738249,-0.006999999999999951,21,v3_short,sl,False,A,True,0.01727290223248657,0.0038834817991862084,,0.7771587743732596,0.22284122562674039
YNDX,-1,2024-05-14 13:20:00+00:00,2024-05-14 21:20:00+00:00,4479.6,4471.0,152.52568302292903,1311.7208739972452,0.0013438699883918774,48,v3_short,timeout,False,A,True,0.02589863808885912,0.003812500664476546,,0.674137931034489,0.32586206896551095
YNDX,-1,2024-05-28 13:20:00+00:00,2024-05-28 17:10:00+00:00,4164.0,4101.54,164.3064971857135,10262.583814219672,0.010500000000000006,23,v3_short,tp,False,A,True,0.03107588856868387,0.005832304103197454,,0.8809891808346239,0.11901081916537619
YNDX,-1,2024-05-30 13:20:00+00:00,2024-05-30 19:30:00+00:00,4115.4,4053.6689999999994,167.99243401644188,10370.34094426901,0.010500000000000039,37,v3_short,tp,False,A,True,0.03056811002575696,0.003269947722491861,,0.6534181240063569,0.3465818759936431
YNDX,-1,2024-06-04 13:20:00+00:00,2024-06-04 14:50:00+00:00,4082.0,4122.82,171.14534581387875,-6986.153016122481,-0.00699999999999995,9,v3_short,sl,False,A,True,0.028122091029346968,0.0048013326147665625,,0.6602787456445999,0.3397212543554002
YNDX,-1,2024-06-04 22:10:00+00:00,2024-06-05 09:50:00+00:00,4165.8,4180.4,166.52863663665258,-2431.3180948950367,-0.0024533102885399244,70,v3_short,timeout,False,A,True,0.00816561794514626,0.003470142560122196,0.000461597579134444,0.9882352941176578,0.011764705882342241
YNDX,-1,2024-06-05 13:20:00+00:00,2024-06-05 16:20:00+00:00,4192.4,4234.324,165.06608907416773,-6920.230718345405,-0.006999999999999997,18,v3_short,sl,False,A,True,0.022946283751550382,0.0044843049327354285,,0.6486486486486461,0.3513513513513539
ROSN,-1,2022-01-14 10:20:00+00:00,2022-01-14 12:20:00+00:00,608.55,599.42175,1150.2752444334894,10499.999999999976,0.010499999999999976,12,v3_short,tp,False,A,True,0.013059548254620197,0.003832991101984951,6.160164271047228e-05,0.899371069182382,0.10062893081761806
ROSN,-1,2022-01-28 19:40:00+00:00,2022-01-28 22:10:00+00:00,568.95,566.1,1243.255119079005,3543.2770893751926,0.003506459267070948,15,v3_short,opposite_signal,False,A,True,0.011253736592227847,0.005560479862773319,6.945665553015329e-05,0.5625000000000056,0.43749999999999445
ROSN,-1,2022-02-01 11:40:00+00:00,2022-02-01 16:10:00+00:00,576.0,581.76,1232.3442603516712,-7098.302939625615,-0.006999999999999989,27,v3_short,sl,False,A,True,0.014322916666666666,0.00338242337164753,,0.7212121212121267,0.27878787878787326
ROSN,-1,2022-02-03 11:20:00+00:00,2022-02-03 13:00:00+00:00,572.0,563.42,1232.275318015428,10572.922228572423,0.010500000000000051,10,v3_short,tp,False,A,True,0.016433566433566395,0.003318440818440789,-0.0001966783216783217,0.6914893617021294,0.3085106382978707
ROSN,-1,2022-02-09 12:00:00+00:00,2022-02-09 18:20:00+00:00,573.55,579.2855,1241.8490584340082,-7122.625274648256,-0.007000000000000002,38,v3_short,sl,False,A,True,0.010373986574840984,0.003127100317490685,,0.7563025210083976,0.2436974789916024
ROSN,-1,2022-02-14 21:00:00+00:00,2022-02-14 21:50:00+00:00,559.2,550.812,1264.8009473758432,10609.150346588614,0.01050000000000004,5,v3_short,tp,False,A,True,0.011085285177900826,0.004863951659691248,0.0002914357232254596,0.6451612903225877,0.35483870967741227
ROSN,-1,2022-02-16 11:20:00+00:00,2022-02-16 12:50:00+00:00,573.05,564.45425,1247.1915103659082,10720.546425227696,0.010499999999999943,9,v3_short,tp,False,A,True,0.015185896316983648,0.003397270546860365,0.0002094606388549485,0.683908045977009,0.316091954022991
ROSN,-1,2022-10-12 13:20:00+00:00,2022-10-12 14:10:00+00:00,286.3,289.163,2522.5549336809045,-7222.074775128428,-0.006999999999999998,5,v3_short,sl,False,A,True,0.030736989172197034,0.004773547560833622,,0.5965909090909083,0.40340909090909166
ROSN,-1,2022-10-20 13:20:00+00:00,2022-10-20 21:20:00+00:00,311.95,309.4,2298.9326019241967,5862.278134906727,0.005722070844686674,48,v3_short,timeout,False,A,True,0.02019554415771762,0.004961112510399238,,0.912698412698411,0.08730158730158895
ROSN,-1,2022-10-25 13:20:00+00:00,2022-10-25 17:00:00+00:00,315.85,319.0085,2283.5384513683325,-7212.5561986468865,-0.007000000000000008,22,v3_short,sl,False,A,True,0.018216378900681136,0.003824308117037427,,0.6260869565217431,0.37391304347825693
ROSN,-1,2022-10-28 13:20:00+00:00,2022-10-28 21:20:00+00:00,342.25,342.05,2092.642309790022,418.5284619579806,0.0004090577063549804,48,v3_short,timeout,False,A,True,0.014319111630625466,0.004132921432746095,,0.8265306122448945,0.17346938775510548
ROSN,-1,2022-11-03 13:20:00+00:00,2022-11-03 21:20:00+00:00,333.3,333.9,2149.714372784295,-1289.8286236705037,-0.0012601260126011884,48,v3_short,timeout,False,A,True,0.018451845184518385,0.003650365036503652,,0.7235772357723586,0.27642276422764145
ROSN,-1,2022-11-16 13:20:00+00:00,2022-11-16 18:00:00+00:00,344.05,338.88925,2079.9212917088685,10733.953806186559,0.010500000000000015,28,v3_short,tp,False,A,True,0.01874727510536256,0.0029895986878983563,,0.8604651162790731,0.13953488372092696
ROSN,-1,2023-02-28 13:20:00+00:00,2023-02-28 21:20:00+00:00,359.85,358.25,2009.478082747719,3215.164932396396,0.003112407947756053,48,v3_short,timeout,False,A,True,0.013892747985551544,0.0034467246192725434,,0.7,0.3
ROSN,-1,2023-03-22 13:20:00+00:00,2023-03-22 15:50:00+00:00,373.05,376.7805,1944.4077296058015,-7253.613035294455,-0.007000000000000011,15,v3_short,sl,False,A,True,0.01808924025190942,0.004472859758937731,,0.7111111111111128,0.2888888888888872
ROSN,-1,2023-05-05 13:20:00+00:00,2023-05-05 21:20:00+00:00,382.0,378.5,1885.559618860571,6599.4586660119985,0.006413612565445026,48,v3_short,timeout,False,A,True,0.01832460732984293,0.003409374220892534,,0.8571428571428571,0.14285714285714285
ROSN,-1,2023-05-11 13:20:00+00:00,2023-05-11 21:20:00+00:00,397.3,391.65,1824.5743656454733,10308.845165896986,0.009954694185753898,48,v3_short,timeout,False,A,True,0.021897810218978072,0.003188186928433596,,0.8103448275862093,0.18965517241379073
ROSN,-1,2023-05-12 13:20:00+00:00,2023-05-12 16:30:00+00:00,393.3,397.233,1861.4787365549819,-7321.19587087073,-0.006999999999999986,19,v3_short,sl,False,A,True,0.011060259344012262,0.0033961715883912627,,0.5977011494252895,0.40229885057471054
ROSN,-1,2023-05-26 13:20:00+00:00,2023-05-26 16:10:00+00:00,430.05,434.3505,1690.4888965875243,-7269.947499774647,-0.006999999999999998,17,v3_short,sl,False,A,True,0.012905476107429394,0.002928784582080734,,0.8558558558558541,0.1441441441441459
ROSN,-1,2023-05-31 13:20:00+00:00,2023-05-31 17:00:00+00:00,443.8,448.238,1626.6466577909478,-7219.057867276207,-0.00699999999999998,22,v3_short,sl,False,A,True,0.033119297059817476,0.005594983290150567,,0.8503401360544224,0.14965986394557756
ROSN,-1,2023-06-07 13:20:00+00:00,2023-06-07 16:30:00+00:00,462.95,467.5795,1548.4446402862714,-7168.524462205304,-0.0070000000000000106,19,v3_short,sl,False,A,True,0.01361132116236364,0.0031430526191247817,,0.7539682539682526,0.2460317460317474
ROSN,-1,2023-06-23 13:20:00+00:00,2023-06-23 18:10:00+00:00,471.85,476.56850000000003,1508.6033254148258,-7118.344790969864,-0.007000000000000009,29,v3_short,sl,False,A,True,0.01706050651690158,0.003047780519434634,,0.6956521739130453,0.30434782608695465
ROSN,-1,2023-06-27 13:20:00+00:00,2023-06-27 21:20:00+00:00,477.95,474.5,1478.9238157617046,5102.287164377864,0.005052829793911481,48,v3_short,timeout,False,A,True,0.019981169578407808,0.0033376673192553456,,0.7853403141361247,0.2146596858638753
ROSN,-1,2023-08-08 13:20:00+00:00,2023-08-08 19:20:00+00:00,521.4,526.614,1362.5301855741682,-7104.232387583788,-0.007000000000000076,36,v3_short,sl,False,A,True,0.011892202934688876,0.0037813917165600897,,0.620967741935483,0.379032258064517
ROSN,-1,2023-08-15 13:20:00+00:00,2023-08-15 13:20:00+00:00,548.6,554.086,1285.9100912997856,-7054.5027608706105,-0.006999999999999985,0,v3_short,sl,False,A,True,0.034451330659861425,0.005550926167039914,,0.9312169312169335,0.06878306878306646
ROSN,-1,2023-09-06 13:20:00+00:00,2023-09-06 21:20:00+00:00,578.65,580.4,1210.5972939677752,-2118.5452644436064,-0.0021169964572712347,48,v3_short,timeout,False,A,True,0.020916162489196238,0.0030621064328929535,,0.7024793388429739,0.29752066115702613
ROSN,-1,2023-09-22 13:20:00+00:00,2023-09-22 17:30:00+00:00,509.7,514.797,1371.4521139284725,-6990.291424693475,-0.00700000000000005,25,v3_short,sl,False,A,True,0.0269766529330979,0.005016956753272226,,0.8690909090909082,0.13090909090909172
ROSN,-1,2023-10-05 13:20:00+00:00,2023-10-05 21:20:00+00:00,536.95,534.5,1292.7385016706528,3167.209329093158,0.003193965918614455,48,v3_short,timeout,False,A,True,0.014525139664804385,0.003391859537110924,,0.7307692307692408,0.2692307692307591
ROSN,-1,2023-10-27 13:20:00+00:00,2023-10-27 13:30:00+00:00,590.15,581.29775,1179.9593069599634,10445.294775036367,0.010500000000000034,1,v3_short,tp,False,A,True,0.014064220960772608,0.0034656241552793224,,0.7771084337349358,0.2228915662650642
ROSN,-1,2023-11-17 13:20:00+00:00,2023-11-17 15:00:00+00:00,574.15,579.8915,1225.5764022380001,-7036.6469134494455,-0.006999999999999968,10,v3_short,sl,False,A,True,0.012973443622115883,0.003296224889607572,,0.7516778523489918,0.24832214765100824
ROSN,-1,2023-12-07 13:20:00+00:00,2023-12-07 21:20:00+00:00,565.45,561.45,1235.722059431485,4942.88823772594,0.004951808294278892,48,v3_short,timeout,False,A,True,0.02148731099124587,0.004610739865846437,,0.5720164609053546,0.42798353909464537
ROSN,-1,2023-12-20 13:20:00+00:00,2023-12-20 19:40:00+00:00,583.45,574.69825,1203.529111786685,10532.98590407914,0.01050000000000002,38,v3_short,tp,False,A,True,0.0200531322306966,0.002991238486996467,,0.8760683760683812,0.12393162393161883
ROSN,-1,2024-06-05 13:20:00+00:00,2024-06-05 20:20:00+00:00,571.95,563.37075,1240.6191981900458,10643.582256071953,0.010500000000000002,42,v3_short,tp,False,A,True,0.016609843517790015,0.0035009720296895613,,0.8578947368421148,0.14210526315788516
ROSN,-1,2024-07-11 13:20:00+00:00,2024-07-11 14:40:00+00:00,519.45,524.6445000000001,1380.3497121648802,-7170.226579840555,-0.007000000000000082,8,v3_short,sl,False,A,True,0.032245644431610355,0.004574435414747281,,0.9820895522388087,0.017910447761191314
ROSN,-1,2024-08-08 13:20:00+00:00,2024-08-08 20:00:00+00:00,511.65,503.97524999999996,1391.5831122411,10680.052490672406,0.010500000000000023,40,v3_short,tp,False,A,True,0.014267565718753188,0.0030852563834094155,,0.6506849315068433,0.34931506849315674
ROSN,-1,2024-08-20 13:20:00+00:00,2024-08-20 21:20:00+00:00,485.25,482.4,1482.6986834036672,4225.691247700485,0.004111282843894932,48,v3_short,timeout,False,A,True,0.014837712519319915,0.003542601997006945,,0.7986111111111124,0.20138888888888762
ROSN,-1,2024-08-23 13:20:00+00:00,2024-08-23 15:20:00+00:00,478.5,471.3225,1509.7962800313894,10836.562799925312,0.010500000000000015,12,v3_short,tp,False,A,True,0.014211076280041821,0.003408468925710305,,0.8897058823529413,0.11029411764705864
ROSN,-1,2024-09-13 13:20:00+00:00,2024-09-13 16:10:00+00:00,483.6,488.43600000000004,1509.5597889887667,-7300.231139549695,-0.007000000000000019,17,v3_short,sl,False,A,True,0.017565612729902872,0.003513122545980568,,0.3235294117647059,0.6764705882352942
ROSN,-1,2024-09-26 13:20:00+00:00,2024-09-26 21:20:00+00:00,514.0,511.6,1410.33648279627,3384.807558711016,0.0032684824902723428,48,v3_short,timeout,False,A,True,0.01935421124294893,0.0034688452311482996,,0.8040201005025089,0.19597989949749112
ROSN,-1,2024-10-04 13:20:00+00:00,2024-10-04 21:20:00+00:00,505.2,502.4,1439.5928690585522,4030.8600333639624,0.003879651623119573,48,v3_short,timeout,False,A,True,0.014349332013854528,0.003039513677811529,,0.7517241379310329,0.2482758620689671
ROSN,-1,2024-11-13 13:20:00+00:00,2024-11-13 16:10:00+00:00,488.35,493.23350000000005,1495.0423251187367,-7301.03919471739,-0.007000000000000037,17,v3_short,sl,False,A,True,0.020782145782145735,0.0037391287391287252,,0.7980295566502503,0.20197044334974967
ROSN,-1,2024-12-04 13:20:00+00:00,2024-12-04 16:40:00+00:00,494.3,486.8855,1466.7068420704693,10874.897880531542,0.010500000000000046,20,v3_short,tp,False,A,True,0.013759611493322565,0.0031460176138444025,,0.6323529411764712,0.36764705882352877
ROSN,-1,2024-12-20 13:20:00+00:00,2024-12-20 13:30:00+00:00,508.7,513.787,1440.1525861053767,-7326.056205518117,-0.0070000000000000635,1,v3_short,sl,False,A,True,0.019559661883231744,0.004151572168084844,,0.773869346733668,0.22613065326633192
ROSN,-1,2024-12-25 13:20:00+00:00,2024-12-25 15:20:00+00:00,575.4,581.154,1264.2985422452946,-7274.773812079449,-0.007000000000000024,12,v3_short,sl,False,A,True,0.021725905970278958,0.004415531746721487,,0.7919999999999981,0.20800000000000182
ROSN,-1,2025-01-16 13:20:00+00:00,2025-01-16 21:20:00+00:00,549.35,547.7,1314.9814135605477,2169.719332374874,0.0021024847547100834,48,v3_short,timeout,False,A,True,0.013742264288314442,0.003219962903253764,,0.7086092715231861,0.2913907284768139
ROSN,-1,2025-01-17 13:20:00+00:00,2025-01-17 16:00:00+00:00,549.6,555.096,1317.1467304806206,-7239.038430721465,-0.006999999999999974,16,v3_short,sl,False,A,True,0.017194323144104885,0.0030498371109724956,,0.8412698412698421,0.15873015873015797
ROSN,-1,2025-01-28 10:20:00+00:00,2025-01-28 14:10:00+00:00,514.25,519.3925,1397.8347421889046,-7188.365161706499,-0.007000000000000056,23,v3_short,sl,False,A,True,0.016140009722897555,0.00364840150936409,-0.00010306271268838466,0.49397590361445654,0.5060240963855435
ROSN,-1,2025-01-29 11:10:00+00:00,2025-01-29 12:20:00+00:00,538.15,534.9,1326.4046465807853,4310.815101387552,0.004227445879401654,7,v3_short,opposite_signal,False,A,True,0.015420343706456023,0.0031976848047447133,5.4807245703665915e-05,0.6686746987951789,0.33132530120482107
ROSN,-1,2025-01-29 13:10:00+00:00,2025-01-29 21:10:00+00:00,538.65,535.1,1330.7755149511204,4724.253078076417,0.004613385315139643,48,v3_short,timeout,False,A,True,0.010302580285873313,0.0032290211327464704,,0.8378378378378406,0.1621621621621594
ROSN,-1,2025-02-13 19:20:00+00:00,2025-02-13 20:10:00+00:00,573.65,572.95,1255.345957087204,878.7421699609571,0.0008541793776692274,5,v3_short,opposite_signal,False,A,True,0.013071895424836602,0.005424391979013824,-3.9215686274509805e-05,0.419999999999997,0.5800000000000031
ROSN,-1,2025-02-18 11:10:00+00:00,2025-02-18 14:50:00+00:00,582.0,587.82,1238.3923158110774,-7207.4432780205325,-0.00700000000000006,22,v3_short,sl,False,A,True,0.012627781118460654,0.004790759451012029,-0.00016149815307963002,0.8027210884353686,0.19727891156463143
ROSN,-1,2025-02-27 10:20:00+00:00,2025-02-27 10:50:00+00:00,569.95,564.6,1255.7226379637384,6718.116113106029,0.006570751820335144,3,v3_short,opposite_signal,False,A,True,0.01570175438596499,0.003437761069340053,-2.8070175438598884e-05,0.7765363128491631,0.22346368715083686
ROSN,-1,2025-03-03 19:50:00+00:00,2025-03-04 06:50:00+00:00,540.5,539.55,1332.843291002048,1266.2011264520063,0.0012303422756707342,66,v3_short,timeout,False,A,True,0.01054384017758055,0.0035127258450550055,-0.00027099519052904345,0.76315789473684,0.23684210526316
ROSN,-1,2025-03-04 20:40:00+00:00,2025-03-05 06:50:00+00:00,541.65,541.0,1331.6498469032094,865.5724004870558,0.0008400258469491075,61,v3_short,timeout,False,A,True,0.013478581979320448,0.0035420371989268464,-0.0002298744460856729,0.8150684931506806,0.18493150684931933
ROSN,-1,2025-03-25 20:30:00+00:00,2025-03-26 06:50:00+00:00,519.4,522.05,1389.8614560174515,-3683.132858446215,-0.003571428571428541,62,v3_short,timeout,False,A,True,0.019349249133615624,0.0032887240379401504,-0.0003051597997689668,0.860696517412937,0.13930348258706304
ROSN,-1,2025-03-31 20:00:00+00:00,2025-04-01 06:50:00+00:00,493.0,492.5,1459.0585137009168,729.5292568504584,0.0007099391480730224,65,v3_short,timeout,False,A,True,0.017241379310344827,0.003371693504988183,-0.00017038539553752719,1.0,0.0
ROSN,-1,2025-04-02 22:50:00+00:00,2025-04-03 06:50:00+00:00,479.75,478.0,1500.4200473879046,2625.735082928833,0.002553413236060448,48,v3_short,timeout,False,A,True,0.023137050547159907,0.005006859439971927,-0.0001625846795205827,0.9864864864864885,0.013513513513511507
ROSN,-1,2025-04-15 19:20:00+00:00,2025-04-16 06:50:00+00:00,450.65,451.05,1601.3858477585652,-640.5543391034807,-0.0006213247531344145,69,v3_short,timeout,False,A,True,0.00998557638965938,0.003251539159988858,7.87751026295341e-05,0.2555555555555505,0.7444444444444495
ROSN,-1,2025-04-23 19:50:00+00:00,2025-04-24 06:50:00+00:00,472.3,471.4,1527.029735877673,1374.3267622899577,0.0013338979462206731,66,v3_short,timeout,False,A,True,0.009844395046046315,0.003121604310190256,-0.00020747327193818287,0.7096774193548446,0.29032258064515537
ROSN,-1,2025-05-07 11:50:00+00:00,2025-05-07 17:40:00+00:00,433.9,438.239,1664.388506542125,-7221.781729886278,-0.006999999999999999,35,v3_short,sl,False,A,True,0.015556579857109934,0.003176615195513557,,0.8666666666666616,0.13333333333333838
ROSN,-1,2025-05-16 19:50:00+00:00,2025-05-16 21:40:00+00:00,441.6,438.35,1623.919668880678,5277.738923862204,0.005151721014492753,11,v3_short,opposite_signal,False,A,True,0.017885442608105,0.0037147754732411433,-7.92393026941363e-05,0.607594936708864,0.39240506329113606
ROSN,-1,2025-05-27 10:20:00+00:00,2025-05-27 16:00:00+00:00,415.2,408.972,1736.072598806385,10812.260145366181,0.010500000000000015,34,v3_short,tp,False,A,True,0.02515950403274344,0.0035712852614260904,-1.80570603105787e-05,0.655502392344495,0.34449760765550497
ROSN,-1,2025-05-29 11:40:00+00:00,2025-05-29 13:10:00+00:00,430.8,435.108,1690.77512796232,-7283.859251261662,-0.006999999999999989,9,v3_short,sl,False,A,True,0.016943251711732648,0.0033534352702956844,,0.684931506849314,0.315068493150686
ROSN,-1,2025-05-30 10:20:00+00:00,2025-05-30 12:30:00+00:00,426.95,431.2195,1694.079455791742,-7232.872236502832,-0.00699999999999999,13,v3_short,sl,False,A,True,0.019084416344690398,0.0036574283149625694,-7.49326776724021e-05,0.80368098159509,0.19631901840490995
ROSN,-1,2025-06-11 10:20:00+00:00,2025-06-11 15:40:00+00:00,413.0,417.13,1739.0416781712645,-7182.242130847314,-0.0069999999999999915,32,v3_short,sl,False,A,True,0.016343825665859565,0.0031938199008416917,6.0532687651331724e-06,0.7259259259259225,0.27407407407407747
ROSN,-1,2025-06-13 20:40:00+00:00,2025-06-13 23:50:00+00:00,440.4,444.4,1619.429254298681,-6477.717017194724,-0.0063578564940962755,19,v3_short,weekend_exit,False,A,True,0.008628519527701986,0.003380507516358026,0.0004995458673932788,0.8684210526315774,0.13157894736842263
ROSN,-1,2025-06-18 13:00:00+00:00,2025-06-18 17:40:00+00:00,455.1,448.2735,1557.1571999145306,10629.933625216558,0.010500000000000015,28,v3_short,tp,False,A,True,0.010327400571302985,0.003043584124665195,,0.8085106382978767,0.19148936170212327
ROSN,-1,2025-07-30 11:00:00+00:00,2025-07-30 12:00:00+00:00,428.9,425.05,1669.62740783109,6428.06552014964,0.006283515971088777,6,v3_short,opposite_signal,False,A,True,0.019582701946613903,0.003151882503788327,2.3312740412640805e-06,0.8035714285714253,0.1964285714285747
ROSN,-1,2025-08-05 19:20:00+00:00,2025-08-06 06:50:00+00:00,434.8,436.1,1657.320241680909,-2154.5163141852004,-0.002092916283348684,69,v3_short,timeout,False,A,True,0.008969641214351374,0.0035061862831609206,0.0002748390064397408,0.846153846153854,0.153846153846146
ROSN,-1,2025-08-06 20:40:00+00:00,2025-08-06 21:50:00+00:00,432.25,436.5725,1663.6082814642675,-7190.946796629281,-0.006999999999999986,7,v3_short,sl,False,A,True,0.024297119055883377,0.003348232732870992,-0.00021288904315631252,0.7523809523809503,0.2476190476190498
ROSN,-1,2025-10-09 10:20:00+00:00,2025-10-09 11:30:00+00:00,404.3,398.2355,1766.166255021739,10710.915253579353,0.010500000000000016,7,v3_short,tp,False,A,True,0.01372743012614398,0.0033862172125837787,-9.893643334160051e-06,0.6846846846846854,0.31531531531531465
ROSN,-1,2025-10-17 19:20:00+00:00,2025-10-17 23:50:00+00:00,418.75,418.0,1723.1251524365246,1292.3438643273935,0.0012537313432835822,27,v3_short,weekend_exit,False,A,True,0.008597014925373053,0.0029923850137069797,-2.7462686567160924e-05,0.47222222222222354,0.5277777777777765
ROSN,-1,2025-10-21 12:20:00+00:00,2025-10-21 17:50:00+00:00,414.6,408.38100000000003,1742.5549886344038,10836.949474317347,0.01049999999999999,33,v3_short,tp,False,A,True,0.008803666184273943,0.003979739507959466,,0.7123287671232983,0.28767123287670165
ROSN,-1,2025-10-23 19:30:00+00:00,2025-10-24 06:50:00+00:00,389.35,391.75,1875.0460072424448,-4500.110417381825,-0.0043148837806600325,68,v3_short,timeout,False,A,True,0.01630923333761403,0.0032288245977728338,-0.00012199820213175513,0.7244094488188986,0.2755905511811014
ROSN,-1,2025-10-27 19:20:00+00:00,2025-10-27 21:30:00+00:00,374.95,373.5,1938.6560491470295,2811.0512712631707,0.0027070276036804696,13,v3_short,opposite_signal,False,A,True,0.01519999999999997,0.004304761904761906,-0.0002560000000000036,0.7456140350877208,0.2543859649122792
ROSN,-1,2025-10-28 20:40:00+00:00,2025-10-29 06:50:00+00:00,377.8,377.0,1929.2398663778797,1543.3918931023256,0.001482265749073605,61,v3_short,timeout,False,A,True,0.016146109052408743,0.0030385367487386606,-3.043938591847478e-05,0.9672131147541003,0.032786885245899657
NVTK,-1,2022-01-04 12:10:00+00:00,2022-01-04 18:40:00+00:00,1772.6,1792.0,394.90014667719737,-7661.0628455376645,-0.007661062845537665,39,v3_short,gap_sl,False,A,True,0.010831546880288867,0.003268503892587146,,0.8333333333333314,0.16666666666666863
NVTK,-1,2022-01-10 21:50:00+00:00,2022-01-11 06:50:00+00:00,1765.8,1758.6,393.38388039875616,2832.363938871062,0.0028542303771661747,54,v3_short,timeout,False,A,True,0.010977818017202405,0.0038455853142524495,-0.00011770031688546957,0.8865979381443281,0.11340206185567192
NVTK,-1,2022-01-11 11:50:00+00:00,2022-01-11 14:10:00+00:00,1766.0,1783.66,394.4620106258966,-6966.199107653366,-0.007000000000000032,14,v3_short,sl,False,A,True,0.01426953567383921,0.0032540581351453352,,0.7539682539682526,0.2460317460317474
NVTK,-1,2022-01-12 11:20:00+00:00,2022-01-12 13:40:00+00:00,1778.8,1796.588,388.8821516696515,-6917.435713899765,-0.0070000000000000045,14,v3_short,sl,False,A,True,0.011800404585300068,0.0030510393513315456,-5.9563946954373814e-05,0.6761904761904783,0.32380952380952166
NVTK,-1,2022-01-13 22:20:00+00:00,2022-01-14 06:50:00+00:00,1748.8,1744.2,392.7844043860054,1806.808260175589,0.0018412625800548585,51,v3_short,timeout,False,A,True,0.016468435498627605,0.004763616333999294,-0.0003545288197621226,0.6597222222222232,0.34027777777777674
NVTK,-1,2022-01-14 10:20:00+00:00,2022-01-14 10:30:00+00:00,1748.6,1737.4,393.55263191831705,4407.789477485079,0.004483586869495524,1,v3_short,opposite_signal,False,A,True,0.016920086886932608,0.004088476593335384,-4.230021721733217e-05,0.8243243243243222,0.17567567567567774
NVTK,-1,2022-01-14 22:40:00+00:00,2022-01-14 23:50:00+00:00,1726.2,1726.0,400.4469845942583,80.08939691886987,8.110300081104844e-05,7,v3_short,weekend_exit,False,A,True,0.011464968152866347,0.005102631672240401,-0.00019687319050376378,0.7373737373737375,0.2626262626262625
NVTK,1,2022-01-21 20:30:00+00:00,2022-01-21 23:50:00+00:00,1602.8,1592.8,431.31248277043426,-4313.124827704342,-0.004367357125031196,20,v3_long,weekend_exit,False,A,True,0.02907412028949333,0.005192443835532707,0.00029198901921636964,0.4034334763948496,0.5965665236051504
NVTK,1,2022-01-28 19:50:00+00:00,2022-01-28 22:40:00+00:00,1607.8,1591.722,428.0933325071893,-6882.884600050579,-0.006999999999999991,17,v3_long,sl,False,A,True,0.014180868267197385,0.004716801511001212,0.00015424804080109298,0.026315789473680275,0.9736842105263197
NVTK,-1,2022-02-01 11:10:00+00:00,2022-02-01 11:30:00+00:00,1630.8,1647.108,419.1013249846845,-6834.704407850231,-0.006999999999999997,2,v3_short,sl,False,A,True,0.016660541467597725,0.0036609843666072853,-0.00010045326473110433,0.6176470588235267,0.3823529411764733
NVTK,-1,2022-02-04 22:10:00+00:00,2022-02-04 23:50:00+00:00,1635.0,1628.4,415.0985612841151,2739.6505044751216,0.002825688073394456,10,v3_short,weekend_exit,False,A,True,0.00954128440366967,0.0038569556262871897,-0.00024954128440366803,1.0,0.0
NVTK,-1,2022-02-07 19:30:00+00:00,2022-02-08 06:50:00+00:00,1612.2,1606.0,422.1584809903615,2617.3825821402606,0.0026919737005334527,68,v3_short,timeout,False,A,True,0.008923038790432436,0.003429603344622018,-0.0003197422233238314,0.5555555555555608,0.4444444444444392
NVTK,-1,2022-02-08 20:00:00+00:00,2022-02-09 06:50:00+00:00,1634.0,1638.0,417.64753418614384,-1670.5901367445754,-0.0017135862913096695,65,v3_short,timeout,False,A,True,0.014810281517747886,0.0035520695426273278,7.833537331701456e-05,1.0,0.0
NVTK,-1,2022-02-10 19:30:00+00:00,2022-02-10 23:30:00+00:00,1654.6,1629.781,411.7409994950065,10218.99986646655,0.010499999999999983,24,v3_short,tp,False,A,True,0.01571756740418329,0.003488954522686834,-0.00022246403095151844,0.7923076923076888,0.2076923076923112
NVTK,-1,2022-02-11 11:10:00+00:00,2022-02-11 11:30:00+00:00,1634.0,1609.49,421.3096436174813,10326.299365064462,0.010499999999999997,2,v3_short,tp,False,A,True,0.01358795446199048,0.003356968652598465,-0.00015546578528584005,1.0090090090090111,-0.009009009009011039
NVTK,-1,2022-02-16 20:10:00+00:00,2022-02-17 06:50:00+00:00,1614.8,1625.0,430.79537232258457,-4394.112797690383,-0.004421600198166976,64,v3_short,timeout,False,A,True,0.01486988847583643,0.004466024327946782,-0.00038661710037174777,0.8249999999999981,0.1750000000000019
NVTK,-1,2022-02-18 10:20:00+00:00,2022-02-18 11:20:00+00:00,1561.0,1558.6,443.67231791680086,1064.8135630003624,0.0010762331838565428,6,v3_short,opposite_signal,False,A,True,0.013452914798206279,0.0037338702297062144,0.0002088404868673921,0.6666666666666666,0.3333333333333333
NVTK,-1,2022-10-18 13:20:00+00:00,2022-10-18 21:10:00+00:00,1012.6,997.4110000000001,684.6907542585684,10399.76786643337,0.010499999999999973,47,v3_short,tp,False,A,True,0.022121271973138432,0.005248158911994573,,0.8035714285714294,0.19642857142857062
NVTK,-1,2022-10-19 21:50:00+00:00,2022-10-20 09:50:00+00:00,993.8,998.0,704.9684999685347,-2960.867699867878,-0.002958341718655697,72,v3_short,timeout,False,A,True,0.008854900382370653,0.004066025685782446,0.00010263634534111538,0.8181818181818147,0.18181818181818535
NVTK,-1,2022-10-20 13:20:00+00:00,2022-10-20 21:20:00+00:00,1006.4,1003.0,694.0829569543147,2359.882053644654,0.0023648648648648494,48,v3_short,timeout,False,A,True,0.019077901430842654,0.004021879021879032,,0.8124999999999992,0.18750000000000075
NVTK,-1,2022-10-26 21:40:00+00:00,2022-10-27 09:50:00+00:00,1043.4,1047.0,671.0532924251231,-2415.7918527303823,-0.0024151811385853326,73,v3_short,timeout,False,A,True,0.006901840490797372,0.003400056341555026,-7.66871165644346e-06,0.8333333333333544,0.16666666666664562
NVTK,-1,2022-10-28 13:20:00+00:00,2022-10-28 14:00:00+00:00,1074.0,1084.74,650.3593584911195,-6984.8595101946285,-0.007000000000000005,4,v3_short,sl,False,A,True,0.023091247672253217,0.004788507581803641,,0.8790322580645159,0.1209677419354841
NVTK,-1,2022-11-01 13:20:00+00:00,2022-11-01 21:20:00+00:00,1112.2,1111.0,623.6257411997178,748.3508894396897,0.0007552598453515842,48,v3_short,timeout,False,A,True,0.013302175085385544,0.0031757445023668307,,0.4729729729729744,0.5270270270270255
NVTK,-1,2022-11-03 13:20:00+00:00,2022-11-03 21:20:00+00:00,1102.4,1106.0,629.644770487059,-2266.721173753355,-0.002285921625544209,48,v3_short,timeout,False,A,True,0.023222060957910136,0.0040863224825488835,,0.804687500000001,0.19531249999999897
NVTK,-1,2022-12-01 13:20:00+00:00,2022-12-01 21:20:00+00:00,1056.2,1056.0,655.6842360947799,131.1368472189858,0.00013255065328539277,48,v3_short,timeout,False,A,True,0.02272296913463359,0.0032461384478047577,,0.8666666666666648,0.13333333333333522
NVTK,1,2023-02-16 13:20:00+00:00,2023-02-16 21:20:00+00:00,1030.6,1033.8,672.0604365965067,2150.593397108852,0.002173491170192152,48,v3_long,timeout,False,A,True,0.010481366459627285,0.0036324312333628848,,0.25925925925925614,0.7407407407407438
NVTK,-1,2023-02-21 13:20:00+00:00,2023-02-21 21:20:00+00:00,1045.8,1048.0,663.7319767970318,-1460.2103489535002,-0.0014725568942436716,48,v3_short,timeout,False,A,True,0.020076481835564052,0.003468997541655277,,0.5809523809523831,0.4190476190476169
NVTK,-1,2023-02-22 13:20:00+00:00,2023-02-22 21:20:00+00:00,1040.6,1046.6,666.0664559773867,-3996.39873586432,-0.004036133000192197,48,v3_short,timeout,False,A,True,0.01768210647703257,0.0030385400364258655,,0.7065217391304313,0.2934782608695687
NVTK,-1,2023-03-03 13:20:00+00:00,2023-03-03 18:40:00+00:00,1067.2,1078.0,646.8433985897333,-6985.90870476909,-0.0070839580209894745,32,v3_short,gap_sl,False,A,True,0.011623547056618009,0.003321013444747982,,0.854838709677424,0.1451612903225759
NVTK,-1,2023-04-14 13:20:00+00:00,2023-04-14 14:30:00+00:00,1279.2,1291.992,535.8201523464861,-6854.211388816206,-0.006999999999999954,7,v3_short,sl,False,A,True,0.015168100078186154,0.00300830261737221,,0.9587628865979407,0.041237113402059315
NVTK,-1,2023-04-20 13:20:00+00:00,2023-04-20 14:50:00+00:00,1300.8,1313.808,523.2343103547462,-6806.231909094558,-0.007000000000000022,9,v3_short,sl,False,A,True,0.014138619947748473,0.0032638843150599316,,0.7826086956521723,0.2173913043478277
NVTK,-1,2023-05-05 13:20:00+00:00,2023-05-05 14:40:00+00:00,1238.8,1251.1879999999999,545.5754186092086,-6758.588285730832,-0.006999999999999955,8,v3_short,sl,False,A,True,0.014530190506942202,0.0029752294847548177,,0.9333333333333308,0.06666666666666919
NVTK,-1,2023-05-11 13:20:00+00:00,2023-05-11 20:50:00+00:00,1286.0,1266.71,521.8723303056578,10066.91725159612,0.01049999999999998,45,v3_short,tp,False,A,True,0.013996889580093312,0.003110419906687411,,0.7777777777777778,0.2222222222222222
NVTK,-1,2023-05-31 13:20:00+00:00,2023-05-31 21:20:00+00:00,1304.6,1296.4,519.8334039929429,4262.633912742037,0.00439981603556636,48,v3_short,timeout,False,A,True,0.018243139659665765,0.0037595906061336165,,0.6134453781512579,0.3865546218487421
NVTK,-1,2023-07-18 13:20:00+00:00,2023-07-18 21:20:00+00:00,1479.8,1486.2,460.3044347804518,-2945.9483825949333,-0.003027436140018964,48,v3_short,timeout,False,A,True,0.012429073223453182,0.003165167715289299,,0.717391304347825,0.282608695652175
NVTK,-1,2023-07-26 13:20:00+00:00,2023-07-26 16:40:00+00:00,1487.8,1502.6779999999999,456.44329797035635,-6790.96338720293,-0.006999999999999967,20,v3_short,sl,False,A,True,0.014656447492268356,0.0034704213808691375,,0.8990825688073372,0.10091743119266285
NVTK,-1,2023-08-03 13:20:00+00:00,2023-08-03 14:50:00+00:00,1578.6,1594.386,427.177666507826,-6743.426643492567,-0.007000000000000027,9,v3_short,sl,False,A,True,0.0150823827629911,0.003778139899812898,,0.9411764705882314,0.05882352941176864
NVTK,-1,2023-08-25 13:20:00+00:00,2023-08-25 21:20:00+00:00,1677.0,1674.2,399.2977135949966,1118.0335980659722,0.0011687537268932427,48,v3_short,timeout,False,A,True,0.012762404580152726,0.0032488186114140406,,0.7663551401869169,0.2336448598130831
NVTK,-1,2023-09-22 13:20:00+00:00,2023-09-22 15:40:00+00:00,1597.8,1613.778,419.57997823097725,-6704.048892174582,-0.007000000000000028,14,v3_short,sl,False,A,True,0.014645137063462318,0.003504819126298651,,0.547008547008543,0.45299145299145704
NVTK,-1,2023-11-28 13:20:00+00:00,2023-11-28 21:20:00+00:00,1513.6,1510.2,439.8203323156272,1495.3891298730725,0.0015724101479914804,48,v3_short,timeout,False,A,True,0.02378435517970402,0.003120910097654285,,0.8777777777777752,0.12222222222222474
NVTK,-1,2023-12-06 13:20:00+00:00,2023-12-06 16:40:00+00:00,1543.6,1520.446,431.95052305250346,10001.382410757664,0.010499999999999999,20,v3_short,tp,False,A,True,0.01697111024744141,0.003756963337219832,,0.7633587786259529,0.23664122137404714
NVTK,-1,2023-12-07 13:20:00+00:00,2023-12-07 21:20:00+00:00,1521.0,1519.0,442.97159439275134,885.9431887855027,0.0009204470742932282,48,v3_short,timeout,False,A,True,0.01341575693805083,0.0038957053293499537,,0.7450980392156852,0.2549019607843148
NVTK,-1,2023-12-08 13:20:00+00:00,2023-12-08 21:20:00+00:00,1530.2,1529.2,440.71360299537616,440.71360299537616,0.0004574565416285453,48,v3_short,timeout,False,A,True,0.017514050450921418,0.003118173161304772,,0.5597014925373144,0.4402985074626856
NVTK,-1,2023-12-22 13:20:00+00:00,2023-12-22 21:20:00+00:00,1497.4,1488.6,450.57329693176257,3965.0450129995925,0.004113797248564263,48,v3_short,timeout,False,A,True,0.024566088117489955,0.004908131476889802,,0.7119565217391326,0.28804347826086746
NVTK,-1,2024-03-14 13:20:00+00:00,2024-03-14 21:20:00+00:00,1404.0,1396.8,482.52420679111185,3474.174288896027,0.0035897435897436123,48,v3_short,timeout,False,A,True,0.022510329106710292,0.0031275653159112122,,0.8544303797468379,0.14556962025316209
NVTK,-1,2024-06-03 22:10:00+00:00,2024-06-04 09:50:00+00:00,1073.0,1075.0,633.640175523717,-1267.280351047434,-0.00130475302889096,70,v3_short,timeout,False,A,True,0.012490678598061234,0.004078588929979166,-0.000320656226696496,0.8955223880596954,0.10447761194030458
NVTK,-1,2024-06-11 13:20:00+00:00,2024-06-11 13:50:00+00:00,1042.4,1052.824,651.38988113125,-6790.088120912136,-0.0069999999999999845,3,v3_short,sl,False,A,True,0.018223671590255133,0.005206763311501467,,0.6000000000000048,0.3999999999999952
NVTK,-1,2024-06-14 13:20:00+00:00,2024-06-14 14:50:00+00:00,1062.6,1073.2259999999999,634.5339266013333,-6742.557504065752,-0.006999999999999985,9,v3_short,sl,False,A,True,0.01919819311123668,0.004866768841924128,,0.9117647058823444,0.08823529411765559
NVTK,-1,2024-07-03 13:20:00+00:00,2024-07-03 16:30:00+00:00,1133.4,1116.3990000000001,590.7322747077205,10043.039402305943,0.010499999999999985,19,v3_short,tp,False,A,True,0.023473349805859432,0.0053283579580791,,0.6390977443609045,0.36090225563909556
NVTK,-1,2024-07-09 13:20:00+00:00,2024-07-09 17:50:00+00:00,1087.0,1070.695,622.4159040803539,10148.491316030211,0.010500000000000042,27,v3_short,tp,False,A,True,0.011775528978840804,0.003206728873702157,,0.6874999999999989,0.3125000000000011
NVTK,-1,2024-07-18 13:20:00+00:00,2024-07-18 16:20:00+00:00,1038.2,1048.582,658.5147675366653,-6836.7003165657,-0.007000000000000042,18,v3_short,sl,False,A,True,0.01945675207089197,0.005164616414857206,,0.7623762376237652,0.23762376237623484
NVTK,-1,2024-08-08 13:20:00+00:00,2024-08-08 21:20:00+00:00,1025.8,1017.8,661.8096524029734,5294.477219223787,0.005459153831156172,48,v3_short,timeout,False,A,True,0.01890838206627689,0.0036944212382809096,,0.8247422680412333,0.17525773195876676
NVTK,-1,2024-08-13 13:20:00+00:00,2024-08-13 15:10:00+00:00,1040.8,1051.2079999999999,655.8325091164744,-6825.904754884201,-0.006999999999999933,11,v3_short,sl,False,A,True,0.015763168012302826,0.0032130499258526853,,0.6951219512195097,0.30487804878049035
NVTK,-1,2024-08-15 13:20:00+00:00,2024-08-15 21:20:00+00:00,1041.2,1033.2,650.9914926623201,5207.931941298561,0.005378409527468306,48,v3_short,timeout,False,A,True,0.018059558117194962,0.004409679337633242,,0.8085106382978767,0.19148936170212327
NVTK,-1,2024-08-20 13:20:00+00:00,2024-08-20 14:10:00+00:00,1018.8,1028.988,668.8828960727488,-6814.578945189233,-0.0070000000000000695,5,v3_short,sl,False,A,True,0.010600706713780985,0.003486828575167815,,0.5925925925925868,0.40740740740741327
NVTK,-1,2024-09-04 13:20:00+00:00,2024-09-04 15:00:00+00:00,956.2,965.7620000000001,707.6842598381971,-6766.876892572849,-0.007000000000000008,10,v3_short,sl,False,A,True,0.012337933918862353,0.004132560594292076,,0.7288135593220386,0.2711864406779614
NVTK,-1,2024-09-18 13:20:00+00:00,2024-09-18 21:20:00+00:00,989.0,986.4,679.4245454322377,1766.5038181238333,0.0018402426693630088,48,v3_short,timeout,False,A,True,0.013147249190938511,0.0033229311141932394,,0.3230769230769266,0.6769230769230734
NVTK,-1,2024-10-01 13:20:00+00:00,2024-10-01 21:20:00+00:00,1007.8,1005.4,667.9772058991564,1603.14529415796,0.0016669974201230244,48,v3_short,timeout,False,A,True,0.020440563603889683,0.004252544439089383,,0.8155339805825211,0.18446601941747884
NVTK,-1,2024-10-30 13:20:00+00:00,2024-10-30 17:50:00+00:00,873.4,882.134,772.0513279265862,-6743.096298110832,-0.00700000000000003,27,v3_short,sl,False,A,True,0.014423076923076948,0.0036302982731554172,,0.6349206349206338,0.3650793650793662
NVTK,-1,2024-11-14 13:20:00+00:00,2024-11-14 17:40:00+00:00,905.2,891.6220000000001,739.714386215646,10043.841936036022,0.01049999999999998,26,v3_short,tp,False,A,True,0.013477684489615479,0.0033247059318645433,,0.5737704918032819,0.4262295081967181
NVTK,-1,2024-11-15 13:20:00+00:00,2024-11-15 15:50:00+00:00,899.6,908.596,752.13445059763,-6766.201517576265,-0.0069999999999999845,15,v3_short,sl,False,A,True,0.01690391459074738,0.0035693102863921175,,0.6315789473684207,0.3684210526315793
NVTK,-1,2024-11-21 21:40:00+00:00,2024-11-21 22:30:00+00:00,850.4,858.904,790.0797397640224,-6718.838106953262,-0.007000000000000016,5,v3_short,sl,False,A,True,0.013875823142050747,0.004866857373240913,3.998118532455155e-05,0.8813559322033913,0.1186440677966087
NVTK,-1,2024-11-29 13:20:00+00:00,2024-11-29 18:40:00+00:00,824.0,833.6,809.6852233257978,-7772.978143927677,-0.008155339805825262,32,v3_short,gap_sl,False,A,True,0.016747572815533924,0.004704114655570945,,0.6521739130434804,0.34782608695651956
NVTK,-1,2024-12-04 13:20:00+00:00,2024-12-04 17:00:00+00:00,835.2,822.672,792.3126668099952,9926.093089795637,0.010500000000000018,22,v3_short,tp,False,A,True,0.029686377783097864,0.00466272216332067,,0.8145161290322613,0.1854838709677386
NVTK,-1,2024-12-13 13:20:00+00:00,2024-12-13 21:20:00+00:00,792.2,792.2,844.0896294907408,-0.0,-0.0,48,v3_short,timeout,False,A,True,0.01362948006057541,0.0037979856253455607,,0.7592592592592666,0.24074074074073334
NVTK,-1,2024-12-17 13:20:00+00:00,2024-12-17 21:20:00+00:00,774.6,769.8,863.2685314776206,4143.688951092638,0.004337722695584879,48,v3_short,timeout,False,A,True,0.013942680092951288,0.0033196857364169454,,0.5740740740740746,0.4259259259259253
NVTK,-1,2024-12-25 13:20:00+00:00,2024-12-25 15:40:00+00:00,911.2,920.312,737.0372988897385,-6715.883867483272,-0.006999999999999973,14,v3_short,sl,False,A,True,0.01646542261251372,0.003638074329622069,,0.7466666666666697,0.2533333333333303
NVTK,-1,2024-12-26 13:20:00+00:00,2024-12-26 15:20:00+00:00,930.8,940.108,716.46676841544,-6668.87268041091,-0.006999999999999994,12,v3_short,sl,False,A,True,0.022556390977443608,0.0046647230320699794,,0.6952380952380909,0.3047619047619091
NVTK,-1,2024-12-27 13:20:00+00:00,2024-12-27 14:50:00+00:00,955.2,940.8720000000001,693.2779074170895,9933.285857472041,0.010499999999999982,9,v3_short,tp,False,A,True,0.017584257902449187,0.003249698455894804,,0.7500000000000033,0.2499999999999966
NVTK,-1,2024-12-27 22:00:00+00:00,2024-12-27 23:50:00+00:00,947.2,949.2,706.4741947477135,-1412.948389495427,-0.0014780405405405402,11,v3_short,weekend_exit,False,A,True,0.008868243243243219,0.0030164092664092686,-0.00017736486486486677,0.9047619047619099,0.09523809523809008
NVTK,-1,2025-01-17 13:20:00+00:00,2025-01-17 13:50:00+00:00,995.6,1005.556,671.1362930819481,-6681.832933923887,-0.007000000000000012,3,v3_short,sl,False,A,True,0.016271595018079482,0.003855057491055869,,0.7654320987654339,0.23456790123456608
NVTK,-1,2025-01-21 13:20:00+00:00,2025-01-21 16:20:00+00:00,983.6,993.436,674.568940970558,-6635.060103386417,-0.007000000000000009,18,v3_short,sl,False,A,True,0.01849969505997147,0.004646705195597252,,0.7362637362637378,0.26373626373626224
NVTK,-1,2025-01-24 13:20:00+00:00,2025-01-24 21:20:00+00:00,1025.4,1030.6,642.5409286778528,-3341.2128291247177,-0.0035498342110394697,48,v3_short,timeout,False,A,True,0.016578896040569533,0.004198129417555981,,0.43529411764706416,0.5647058823529358
NVTK,-1,2025-01-28 10:50:00+00:00,2025-01-28 11:50:00+00:00,1004.4,997.8,653.6465743587047,4314.067390767465,0.00459976105137397,6,v3_short,opposite_signal,False,A,True,0.01354311890061743,0.0032447055699395652,-7.767377016530526e-05,0.8088235294117634,0.19117647058823664
NVTK,-1,2025-02-06 10:30:00+00:00,2025-02-06 10:40:00+00:00,1112.0,1108.0,593.1137288304138,2372.4549153216553,0.002517985611510791,1,v3_short,opposite_signal,False,A,True,0.010427903631787045,0.0034814161027753366,0.0002211434735706572,0.6034482758620737,0.3965517241379263
NVTK,-1,2025-02-11 11:00:00+00:00,2025-02-11 17:00:00+00:00,1149.0,1160.49,575.4596909487775,-6612.031849001459,-0.0070000000000000045,36,v3_short,sl,False,A,True,0.019321148825065314,0.004421235857267157,0.00013402959094864785,0.7387387387387413,0.2612612612612587
NVTK,-1,2025-02-12 19:50:00+00:00,2025-02-12 20:00:00+00:00,1174.6,1186.346,558.9773221571978,-6565.747626058498,-0.007000000000000057,1,v3_short,sl,False,A,True,0.01516183986371376,0.004745680214164022,-0.00022487223168654637,0.887640449438202,0.11235955056179804
NVTK,-1,2025-02-19 10:20:00+00:00,2025-02-19 10:40:00+00:00,1261.8,1253.2,516.7052934439716,4443.66552361811,0.004770962117609714,2,v3_short,opposite_signal,False,A,True,0.017910920906641235,0.003638037874842426,0.00013155809161515225,0.6991150442477884,0.3008849557522116
NVTK,-1,2025-03-03 21:00:00+00:00,2025-03-03 21:30:00+00:00,1249.8,1238.2,524.155308956742,6080.20158389816,0.006497039526324161,3,v3_short,opposite_signal,False,A,True,0.015524967989756614,0.004690480545611309,3.040973111395792e-05,0.9072164948453625,0.09278350515463749
NVTK,-1,2025-03-03 22:20:00+00:00,2025-03-03 22:30:00+00:00,1246.8,1259.268,528.8301622095483,-6593.454462428688,-0.007000000000000042,1,v3_short,sl,False,A,True,0.016522297080526074,0.0048908880202706536,0.00015399422521655292,0.7572815533980571,0.2427184466019428
NVTK,-1,2025-03-05 11:30:00+00:00,2025-03-05 12:00:00+00:00,1310.0,1323.1,499.7939145947823,-6547.300281191602,-0.006999999999999952,3,v3_short,sl,False,A,True,0.011904761904762008,0.004845848595848594,,0.7179487179487146,0.28205128205128543
NVTK,-1,2025-03-06 20:30:00+00:00,2025-03-07 06:50:00+00:00,1276.4,1269.6,509.35985421680556,3463.64700867437,0.003729238483234195,62,v3_short,timeout,False,A,True,0.01629072681704257,0.004485064702572761,-0.00033677944862155033,0.7211538461538477,0.27884615384615224
NVTK,-1,2025-03-11 11:10:00+00:00,2025-03-11 18:30:00+00:00,1281.0,1272.4,509.42347449524016,4381.041880659019,0.0046994535519125176,44,v3_short,opposite_signal,False,A,True,0.013583138173302001,0.003560919954362581,-0.00012021857923496984,0.7356321839080492,0.26436781609195087
NVTK,-1,2025-03-13 13:20:00+00:00,2025-03-13 14:30:00+00:00,1248.6,1229.8709999999999,525.0986706269935,9834.573002172983,0.010500000000000025,7,v3_short,tp,False,A,True,0.019698910954516265,0.0034823173836626736,,0.9024390243902398,0.09756097560976015
NVTK,-1,2025-03-19 11:30:00+00:00,2025-03-19 11:50:00+00:00,1303.8,1316.838,508.1472628059404,-6625.2240124638565,-0.007000000000000005,2,v3_short,sl,False,A,True,0.01150483202945237,0.003243266934017045,,0.719999999999997,0.280000000000003
NVTK,1,2025-03-20 19:30:00+00:00,2025-03-21 06:50:00+00:00,1310.0,1312.8,502.2020949905805,1406.1658659736026,0.001496183206106846,68,v3_long,timeout,False,A,True,0.009465648854961728,0.003573765384016193,-0.00012061068702290214,0.04838709677418675,0.9516129032258133
NVTK,-1,2025-03-27 20:00:00+00:00,2025-03-27 21:20:00+00:00,1289.6,1280.8,510.909631315014,4496.0047555721,0.0047766749379652374,8,v3_short,opposite_signal,False,A,True,0.011629710032563188,0.00391454457422604,-2.946193208249482e-05,0.9733333333333273,0.02666666666667273
NVTK,-1,2025-03-28 10:20:00+00:00,2025-03-28 11:10:00+00:00,1275.0,1269.8,519.2284422531312,2699.987899716306,0.0028549019607843383,5,v3_short,opposite_signal,False,A,True,0.01866081229418218,0.004047283018586125,-8.62474517798302e-05,0.6134453781512579,0.3865546218487421
NVTK,-1,2025-04-16 22:30:00+00:00,2025-04-17 06:50:00+00:00,1187.8,1190.0,558.9377465924767,-1229.6630425034743,-0.001296514564741566,50,v3_short,timeout,False,A,True,0.014314584035028631,0.003887105532681253,0.00038396766588076717,0.6941176470588208,0.30588235294117916
NVTK,-1,2025-04-17 10:40:00+00:00,2025-04-17 11:40:00+00:00,1212.6,1205.6,546.7965456645155,3827.5758196516085,0.004040903842982023,6,v3_short,opposite_signal,False,A,True,0.012699983506515003,0.003915409934814881,0.00030677882236516426,0.7142857142857101,0.2857142857142899
NVTK,-1,2025-04-18 10:30:00+00:00,2025-04-18 11:00:00+00:00,1204.4,1196.2,552.7439341967349,4532.500260413251,0.004765858518764557,3,v3_short,opposite_signal,False,A,True,0.013120744062448248,0.00446920626292823,-0.0003055970768975268,0.8101265822784832,0.1898734177215168
NVTK,-1,2025-04-21 19:20:00+00:00,2025-04-22 06:50:00+00:00,1235.8,1238.8,541.2668267752362,-1623.8004803257086,-0.0016993040945136755,69,v3_short,timeout,False,A,True,0.01197798640336675,0.00393099939878832,0.00030754289414049857,0.9189189189189156,0.0810810810810844
NVTK,-1,2025-05-08 10:20:00+00:00,2025-05-08 15:50:00+00:00,1169.0,1151.465,571.2240241168596,10016.41326288918,0.010500000000000051,33,v3_short,tp,False,A,True,0.019161676646706663,0.0035765204285306824,0.00027202737382377867,0.8482142857142823,0.15178571428571774
NVTK,-1,2025-05-12 19:20:00+00:00,2025-05-13 06:50:00+00:00,1198.2,1202.4,563.1550437962203,-2365.251183944151,-0.0024536805207811983,69,v3_short,timeout,False,A,True,0.01668613382279326,0.003197608093796496,-7.508760220256967e-05,0.6100000000000023,0.38999999999999774
NVTK,-1,2025-05-19 19:50:00+00:00,2025-05-19 20:30:00+00:00,1159.4,1170.9940000000001,580.5733117542437,-6731.166976478731,-0.00700000000000003,4,v3_short,sl,False,A,True,0.019499568593615107,0.003472381187159922,-6.212251941328574e-05,0.23008849557522418,0.7699115044247758
NVTK,1,2025-05-22 19:20:00+00:00,2025-05-23 06:50:00+00:00,1109.6,1104.2,602.3836344307274,-3252.871625925846,-0.0034066330209083493,69,v3_long,timeout,False,A,True,0.015501081470800331,0.0042118505657489985,-0.00028839221341024206,0.0,1.0
NVTK,1,2025-05-30 20:10:00+00:00,2025-05-30 23:50:00+00:00,1097.2,1101.8,607.1161781135498,2792.734419322274,0.0029347429821362883,22,v3_long,weekend_exit,False,A,True,0.008567262121764573,0.004188769930137568,0.00032263944586219135,0.1489361702127742,0.8510638297872258
NVTK,-1,2025-06-03 10:40:00+00:00,2025-06-03 10:40:00+00:00,1127.0,1127.4,592.7975019695764,-237.11900078788446,-0.0002484472049690006,0,v3_short,opposite_signal,False,A,True,0.009760425909494233,0.003518382778442165,0.00022182786157941438,0.36363636363636365,0.6363636363636364
NVTK,-1,2025-06-03 19:20:00+00:00,2025-06-03 20:50:00+00:00,1121.0,1132.21,595.8223027824808,-6679.168014191632,-0.007000000000000023,9,v3_short,sl,False,A,True,0.014632405424696524,0.003222916575623805,-0.00021591720199857085,0.7804878048780525,0.2195121951219475
NVTK,-1,2025-06-04 10:20:00+00:00,2025-06-04 17:20:00+00:00,1133.4,1116.3990000000001,585.1785634455857,9948.62075713839,0.010499999999999985,42,v3_short,tp,False,A,True,0.013589834098129071,0.003059183433345078,-5.294740557715882e-06,0.6493506493506551,0.3506493506493449
NVTK,-1,2025-06-05 11:30:00+00:00,2025-06-05 19:30:00+00:00,1112.4,1110.0,602.4859927537071,1445.966382608952,0.0015102481121899171,48,v3_short,timeout,False,A,True,0.012947311634597971,0.0030120481927710897,,0.4861111111111157,0.5138888888888843
NVTK,1,2025-06-11 19:30:00+00:00,2025-06-13 06:50:00+00:00,1023.4,1038.751,655.8702313924663,10068.263922105749,0.010499999999999999,212,v3_long,gap_tp,False,A,True,0.015047879616963043,0.003517686144225109,0.000293140512018761,0.18181818181817913,0.8181818181818209
NVTK,-1,2025-06-18 11:30:00+00:00,2025-06-18 12:00:00+00:00,1074.4,1069.2,631.2968908716716,3282.743832532721,0.0033879374534624266,3,v3_short,opposite_signal,False,A,True,0.019542155220547183,0.0033899657015234908,,0.6190476190476191,0.38095238095238093
NVTK,-1,2025-06-19 19:50:00+00:00,2025-06-20 06:50:00+00:00,1062.8,1057.6,640.3493604020483,3329.8166740906804,0.003424915318027881,66,v3_short,timeout,False,A,True,0.012984569062852799,0.003352714815696695,-0.0002389913436206256,0.9855072463768082,0.014492753623191749
NVTK,-1,2025-07-09 12:20:00+00:00,2025-07-09 15:00:00+00:00,1019.0,1029.19,670.161110801924,-6828.941719071642,-0.007000000000000039,16,v3_short,sl,False,A,True,0.01687929342492644,0.0034198709370446435,,0.4651162790697662,0.5348837209302338
NVTK,-1,2025-07-09 20:00:00+00:00,2025-07-10 06:50:00+00:00,1030.8,1036.0,657.8520689792495,-3420.830758692127,-0.0035312378734963443,65,v3_short,timeout,False,A,True,0.016695787225781335,0.003446923323784932,8.930304795185445e-05,0.8837209302325577,0.11627906976744232
NVTK,-1,2025-07-15 10:40:00+00:00,2025-07-15 18:40:00+00:00,1042.0,1047.2,648.4830433519442,-3372.111825430139,-0.0034932821497121224,48,v3_short,timeout,False,A,True,0.011326550201574156,0.003313662807682322,0.00012094451910155849,0.6779661016949179,0.3220338983050821
NVTK,-1,2025-08-07 10:40:00+00:00,2025-08-07 11:00:00+00:00,1083.2,1094.0320000000002,621.6385274140737,-6733.588528949313,-0.007000000000000068,2,v3_short,sl,False,A,True,0.012186115214180249,0.00333954145526944,-5.5391432791724014e-05,0.8333333333333305,0.16666666666666954
NVTK,-1,2025-08-14 13:20:00+00:00,2025-08-14 15:40:00+00:00,1237.0,1249.3700000000001,540.5378665518675,-6686.453409246666,-0.007000000000000067,14,v3_short,sl,False,A,True,0.014715394566623581,0.0032797624970975466,,0.8681318681318635,0.13186813186813653
NVTK,-1,2025-08-19 10:20:00+00:00,2025-08-19 17:20:00+00:00,1277.8,1258.633,519.6156077149691,9959.47235307277,0.010499999999999954,42,v3_short,tp,False,A,True,0.018782282047268745,0.0037340965498736433,-1.8782282047269455e-05,0.7416666666666648,0.25833333333333525
NVTK,-1,2025-08-22 10:20:00+00:00,2025-08-22 13:50:00+00:00,1169.0,1180.69,573.9405082851484,-6709.364541853417,-0.007000000000000034,21,v3_short,sl,False,A,True,0.02019164955509917,0.004440859163651753,1.540041067761963e-05,0.7457627118644058,0.2542372881355942
NVTK,-1,2025-08-29 19:20:00+00:00,2025-08-29 23:50:00+00:00,1234.4,1238.4,539.7277211649716,-2158.9108846598865,-0.0022683084899546334,27,v3_short,weekend_exit,False,A,True,0.012801814940852337,0.0032541942396793495,-6.319883325230697e-05,0.8227848101265847,0.17721518987341536
NVTK,-1,2025-09-02 22:20:00+00:00,2025-09-03 06:50:00+00:00,1214.4,1220.2,547.3720861221831,-3174.758099508637,-0.003343214756258208,51,v3_short,timeout,False,A,True,0.011034255599473065,0.003071979780054294,-0.00010540184453227707,1.0,0.0
NVTK,-1,2025-09-16 10:20:00+00:00,2025-09-16 11:40:00+00:00,1210.0,1205.2,547.5258931546473,2628.124287142282,0.002776859504132205,8,v3_short,opposite_signal,False,A,True,0.016198347107437942,0.0030853994490357894,0.00012231404958677836,0.6938775510204067,0.30612244897959323
NVTK,-1,2025-09-16 19:20:00+00:00,2025-09-17 06:50:00+00:00,1206.6,1207.6,550.5934176347778,-550.5934176347778,-0.0005801425493121168,69,v3_short,timeout,False,A,True,0.016741256423006834,0.0030275660736696435,-0.00017901541521630576,0.910891089108902,0.08910891089109792
NVTK,-1,2025-09-23 12:00:00+00:00,2025-09-23 18:30:00+00:00,1158.4,1153.0,573.1704094663143,3095.120211118149,0.003263121546961381,39,v3_short,opposite_signal,False,A,True,0.01484294097342082,0.0031177970536817715,,0.7674418604651169,0.2325581395348831
NVTK,1,2025-09-24 19:50:00+00:00,2025-09-25 06:50:00+00:00,1122.8,1128.2,593.2732334107242,3203.6754604179646,0.003366583541147189,66,v3_long,timeout,False,A,True,0.014252627828255836,0.0036213309481996853,0.0003242472830928211,0.4375,0.5625
NVTK,-1,2025-09-26 12:20:00+00:00,2025-09-26 20:20:00+00:00,1115.4,1118.8,599.2197949577314,-2037.347302856205,-0.002133763672225125,48,v3_short,timeout,False,A,True,0.017213555675093972,0.003504653854304197,,0.8854166666666751,0.11458333333332495
NVTK,-1,2025-09-30 11:10:00+00:00,2025-09-30 14:50:00+00:00,1104.2,1087.637,604.0061729612883,10004.154242757879,0.010500000000000065,22,v3_short,tp,False,A,True,0.015933369545536764,0.0031267844956057553,5.431830526886738e-06,0.7500000000000064,0.24999999999999353
NVTK,-1,2025-09-30 19:20:00+00:00,2025-09-30 20:00:00+00:00,1103.8,1098.4,610.5694185122169,3297.0748599658878,0.003424533429969111,4,v3_short,opposite_signal,False,A,True,0.00978438122848338,0.003945553579286379,1.0871534698317384e-05,0.814814814814814,0.18518518518518595
NVTK,-1,2025-10-01 22:20:00+00:00,2025-10-02 06:50:00+00:00,1116.2,1117.0,605.8542165882109,-484.68337327054115,-0.0005017022039060814,51,v3_short,timeout,False,A,True,0.01289860265137931,0.0036268179790726516,-0.0003206735936940181,0.9722222222222314,0.02777777777776857
NVTK,1,2025-10-02 20:00:00+00:00,2025-10-03 06:50:00+00:00,1117.0,1114.6,605.1165606038243,-1452.2797454492334,-0.0015040286481647841,65,v3_long,timeout,False,A,True,0.01217547000895247,0.003175415197412886,0.00012354521038496135,0.13235294117646812,0.8676470588235319
NVTK,-1,2025-10-13 20:10:00+00:00,2025-10-13 21:30:00+00:00,1037.8,1032.8,650.3166336217549,3251.5831681087748,0.003372518789747543,8,v3_short,opposite_signal,False,A,True,0.012141067643091067,0.004094218145920925,-0.000277510117556371,0.7619047619047602,0.2380952380952398
NVTK,1,2025-10-15 20:20:00+00:00,2025-10-16 06:50:00+00:00,1068.0,1077.0,634.058717781211,5706.5284600309,0.005898876404494382,63,v3_long,timeout,False,A,True,0.011427500936680449,0.004736926617780865,0.00035219183214687497,0.06557377049179931,0.9344262295082006
NVTK,-1,2025-10-21 12:40:00+00:00,2025-10-21 18:00:00+00:00,1137.0,1119.945,599.0934745051495,10217.539207685362,0.010500000000000037,32,v3_short,tp,False,A,True,0.016350210970464057,0.004897528631705819,,0.7956989247311842,0.20430107526881575
NVTK,-1,2025-10-22 10:50:00+00:00,2025-10-22 11:40:00+00:00,1114.4,1125.544,617.6611252312767,-6883.2155795773515,-0.007000000000000004,5,v3_short,sl,False,A,True,0.012744570095135563,0.0032384969784000615,5.20552863040763e-05,0.4647887323943743,0.5352112676056257
NVTK,1,2025-10-24 19:20:00+00:00,2025-10-24 23:50:00+00:00,1054.6,1057.6,648.1161644718668,1944.3484934156004,0.00199127631329414,27,v3_long,weekend_exit,False,A,True,0.016691957511380792,0.00501687776779909,-0.00025606980273141556,0.2613636363636325,0.7386363636363674
NLMK,-1,2022-01-14 11:10:00+00:00,2022-01-14 12:20:00+00:00,219.5,216.2075,3189.0660592255126,10499.999999999967,0.010499999999999968,7,v3_short,tp,False,A,True,0.012749294235497729,0.0034289997408110734,-2.0945269101173823e-05,0.8214285714285722,0.17857142857142785
NLMK,-1,2022-01-21 10:50:00+00:00,2022-01-21 11:10:00+00:00,209.88,208.36,3370.259195730894,5122.793977510898,0.005069563560129538,2,v3_short,opposite_signal,False,A,True,0.015437392795883405,0.005177561781335392,-0.00015627977892128706,0.8703703703703658,0.12962962962963417
NLMK,-1,2022-02-01 11:30:00+00:00,2022-02-01 19:30:00+00:00,213.62,213.92,3328.0402386679975,-998.4120716003425,-0.0009830540211590117,48,v3_short,timeout,False,A,True,0.013392020977711113,0.0030369518101303074,,0.6993006993007029,0.30069930069929707
NLMK,-1,2022-02-03 19:40:00+00:00,2022-02-04 06:50:00+00:00,216.26,216.18,3284.1813896889735,262.7345111750656,0.000258947563118417,67,v3_short,timeout,False,A,True,0.01887840088839526,0.0036166604343014254,-0.0003368498982046998,0.6715686274509782,0.3284313725490217
NLMK,-1,2022-02-10 10:20:00+00:00,2022-02-10 10:40:00+00:00,229.78,228.76,3091.7441965878666,3153.5790805196557,0.0031073200452607155,2,v3_short,opposite_signal,False,A,True,0.01888434426942814,0.0035555776570483553,-0.0001583848229048815,0.3917050691244236,0.6082949308755764
NLMK,-1,2022-02-14 23:10:00+00:00,2022-02-15 07:00:00+00:00,227.76,230.0376,3128.857072569036,-7126.284868483258,-0.007000000000000021,47,v3_short,sl,False,A,True,0.01792618629173995,0.004128259388113771,8.172231985940307e-05,0.8431372549019577,0.15686274509804235
NLMK,-1,2022-02-15 10:20:00+00:00,2022-02-15 11:00:00+00:00,229.84,232.13840000000002,3078.837832580862,-7076.4008744039,-0.007000000000000046,4,v3_short,sl,False,A,True,0.01270227945014785,0.0035505066825755735,0.0001496432921524248,0.6301369863013737,0.3698630136986263
NLMK,-1,2022-02-17 10:20:00+00:00,2022-02-17 11:30:00+00:00,233.56,231.86,3008.5913976207516,5114.605375955243,0.005095050522349684,7,v3_short,opposite_signal,False,A,True,0.023550569495589622,0.004171815167790151,-0.0002081013959064834,0.6145454545454537,0.38545454545454627
NLMK,-1,2022-09-28 22:10:00+00:00,2022-09-28 23:00:00+00:00,81.2,82.012,8697.86737181615,-7062.668305914693,-0.00699999999999998,5,v3_short,sl,False,A,True,0.008620689655172448,0.005041721121946326,-0.0002881773399014748,0.9714285714285772,0.02857142857142277
NLMK,-1,2022-10-20 13:20:00+00:00,2022-10-20 15:00:00+00:00,86.62,87.48620000000001,8096.547711583133,-7013.22962777336,-0.0070000000000000505,10,v3_short,sl,False,A,True,0.01085951940850291,0.0038288883020860956,,0.9361702127659558,0.06382978723404416
NLMK,-1,2022-11-16 13:20:00+00:00,2022-11-16 21:20:00+00:00,106.72,107.0,6525.615648780826,-1827.1723816586386,-0.001836581709145435,48,v3_short,timeout,False,A,True,0.02811094452773613,0.005488327264938983,,0.8133333333333326,0.18666666666666742
NLMK,-1,2022-11-22 13:20:00+00:00,2022-11-22 16:00:00+00:00,104.62,105.6662,6644.376614134281,-6951.346813707278,-0.006999999999999992,16,v3_short,sl,False,A,True,0.01874880428544092,0.003935609062833099,,0.7244897959183705,0.27551020408162946
NLMK,-1,2022-11-23 13:20:00+00:00,2022-11-23 21:20:00+00:00,107.8,106.84,6403.235051958566,6147.105649880184,0.006233766233766193,48,v3_short,timeout,False,A,True,0.021892393320964744,0.0044880289778248695,,0.9322033898305099,0.0677966101694901
NLMK,-1,2023-02-09 13:20:00+00:00,2023-02-09 14:40:00+00:00,120.22,121.4222,5777.505511196553,-6945.7171255605235,-0.007000000000000029,8,v3_short,sl,False,A,True,0.0188019966722129,0.003937881308929578,,0.8318584070796473,0.16814159292035263
NLMK,-1,2023-02-17 13:20:00+00:00,2023-02-17 21:20:00+00:00,118.02,117.08,5844.007037520397,5493.366615269159,0.005575326215895598,48,v3_short,timeout,False,A,True,0.024233180816810706,0.004147803842770815,,0.7972027972027977,0.20279720279720223
NLMK,-1,2023-02-22 13:20:00+00:00,2023-02-22 17:20:00+00:00,120.62,121.8262,5749.917652121087,-6935.550671988429,-0.006999999999999972,24,v3_short,sl,False,A,True,0.020232172470978423,0.0030166627181552673,,0.43442622950819804,0.5655737704918019
NLMK,-1,2023-03-01 13:20:00+00:00,2023-03-01 21:20:00+00:00,126.96,127.94,5424.544594584544,-5316.053702692875,-0.005403276622558308,48,v3_short,timeout,False,A,True,0.018582677165354326,0.0032095988001499664,,0.7711864406779634,0.2288135593220366
NLMK,-1,2023-03-03 13:20:00+00:00,2023-03-03 18:40:00+00:00,126.94,128.54,5396.0843243782,-8633.73491900509,-0.008823066015440334,32,v3_short,gap_sl,False,A,True,0.017488577280605003,0.0037513035779933525,,0.7387387387387394,0.26126126126126065
NLMK,-1,2023-03-29 21:40:00+00:00,2023-03-30 09:50:00+00:00,132.54,132.3,5122.493810874191,1229.3985146097068,0.0012675418741510977,73,v3_short,timeout,False,A,True,0.012675418741512049,0.003270479762751648,0.00034706503696997306,0.9166666666666582,0.0833333333333418
NLMK,-1,2023-04-18 13:20:00+00:00,2023-04-18 17:20:00+00:00,134.0,135.34,5073.103795921582,-6797.959086534937,-0.007000000000000018,24,v3_short,sl,False,A,True,0.01910162662289212,0.003375473454566097,,0.8828124999999957,0.11718750000000433
NLMK,-1,2023-05-04 13:20:00+00:00,2023-05-04 17:10:00+00:00,131.66,129.6851,5127.125454146419,10125.560059393716,0.010499999999999952,23,v3_short,tp,False,A,True,0.020969457529250803,0.004348738431704529,,0.9637681159420309,0.03623188405796907
NLMK,-1,2023-05-11 13:20:00+00:00,2023-05-11 14:40:00+00:00,131.66,129.6851,5180.960271414957,10231.878440017352,0.010499999999999954,8,v3_short,tp,False,A,True,0.013673655423883406,0.003942932384135688,,0.6444444444444385,0.3555555555555615
NLMK,-1,2023-05-23 13:20:00+00:00,2023-05-23 17:00:00+00:00,133.74,135.0774,5153.93707374387,-6892.875442425065,-0.007000000000000011,22,v3_short,sl,False,A,True,0.012707430109134527,0.0033815290206379955,,0.9058823529411795,0.09411764705882057
NLMK,-1,2023-05-31 13:20:00+00:00,2023-05-31 17:40:00+00:00,145.5,146.955,4704.2098380261705,-6844.6253143281365,-0.00700000000000006,26,v3_short,sl,False,A,True,0.01456844420010998,0.0036715620827770354,,0.8584905660377308,0.1415094339622692
NLMK,-1,2023-06-30 13:20:00+00:00,2023-06-30 16:00:00+00:00,169.34,171.0334,4013.648834963849,-6796.71293712777,-0.006999999999999988,16,v3_short,sl,False,A,True,0.011458948611931469,0.0037240176637695775,,0.7731958762886607,0.2268041237113393
NLMK,-1,2023-07-12 13:20:00+00:00,2023-07-12 21:20:00+00:00,184.14,184.42,3665.2199123318596,-1026.261575452925,-0.0010644075160204237,48,v3_short,timeout,False,A,True,0.020095589832717732,0.003377714327095174,,0.8486486486486475,0.15135135135135244
NLMK,-1,2023-08-02 13:20:00+00:00,2023-08-02 21:20:00+00:00,211.68,210.92,3184.9735995557994,2420.5799356624693,0.0025132275132275774,48,v3_short,timeout,False,A,True,0.01965973534971643,0.004014762804932938,,0.5240384615384636,0.4759615384615364
NLMK,-1,2023-09-12 13:20:00+00:00,2023-09-12 18:20:00+00:00,191.4,193.31400000000002,3531.293717392556,-6758.896175089408,-0.0070000000000000565,30,v3_short,sl,False,A,True,0.016408862876254107,0.0031802436693740897,,0.6496815286624207,0.3503184713375793
NLMK,-1,2023-09-19 13:20:00+00:00,2023-09-19 13:30:00+00:00,192.66,194.5866,3483.641597562404,-6711.583901863754,-0.007000000000000028,1,v3_short,sl,False,A,True,0.023992521811383487,0.0039814430134330545,,0.8181818181818177,0.18181818181818238
NLMK,-1,2023-12-19 13:20:00+00:00,2023-12-19 17:50:00+00:00,171.26,172.9726,3891.511628255683,-6664.602814550717,-0.0070000000000000374,27,v3_short,sl,False,A,True,0.0199696368095293,0.0039483269659609625,,0.865497076023389,0.134502923976611
NLMK,-1,2023-12-20 13:20:00+00:00,2023-12-20 17:50:00+00:00,175.92,177.67919999999998,3761.909160327891,-6617.950594848799,-0.006999999999999971,27,v3_short,sl,False,A,True,0.012391996361982759,0.0038220836310877333,,0.7339449541284354,0.26605504587156453
NLMK,-1,2024-01-12 13:20:00+00:00,2024-01-12 17:10:00+00:00,197.6,199.576,3325.721123828383,-6571.624940684882,-0.0069999999999999975,23,v3_short,sl,False,A,True,0.022165991902833984,0.004063042220936948,,0.7808219178082171,0.21917808219178286
NLMK,-1,2024-01-16 13:20:00+00:00,2024-01-16 21:20:00+00:00,197.84,197.74,3298.4348797513594,329.84348797511717,0.00035382126971287913,48,v3_short,timeout,False,A,True,0.015365952284674444,0.0035719099609111816,,0.8355263157894732,0.16447368421052674
NLMK,-1,2024-01-19 13:20:00+00:00,2024-01-19 18:00:00+00:00,194.34,196.2834,3359.026690601994,-6527.932470515904,-0.006999999999999988,28,v3_short,sl,False,A,True,0.015856672158154922,0.004089197458225466,,0.7597402597402577,0.24025974025974223
NLMK,-1,2024-02-08 13:20:00+00:00,2024-02-08 21:20:00+00:00,198.12,196.12,3271.874088038716,6543.748176077432,0.007066424389259035,48,v3_short,timeout,False,A,True,0.021192854980321005,0.0036811172142689062,,0.8523809523809519,0.1476190476190481
NLMK,-1,2024-02-09 13:20:00+00:00,2024-02-09 21:20:00+00:00,199.16,199.6,3277.788301092009,-1442.2268524804765,-0.0015464952801767342,48,v3_short,timeout,False,A,True,0.023204419889502784,0.003329267417665205,,0.8658008658008649,0.13419913419913504
NLMK,-1,2024-03-22 13:20:00+00:00,2024-03-22 21:00:00+00:00,218.14,214.8679,2987.9653399135796,9776.921388731207,0.010499999999999982,46,v3_short,tp,False,A,True,0.016136426148345148,0.0037503219863172146,,0.5795454545454506,0.4204545454545494
NLMK,-1,2024-04-11 13:20:00+00:00,2024-04-11 21:20:00+00:00,227.98,227.0,2889.019230725766,2831.2388461112214,0.00300903588034035,48,v3_short,timeout,False,A,True,0.0114035087719298,0.0030659983291562195,,0.5538461538461542,0.4461538461538458
NLMK,-1,2024-06-07 13:20:00+00:00,2024-06-07 13:30:00+00:00,195.18,197.1318,3384.6729757820367,-6606.204714131351,-0.006999999999999969,1,v3_short,sl,False,A,True,0.018239573726816283,0.0031423984697885906,,0.7696629213483167,0.23033707865168332
NLMK,-1,2024-06-14 13:20:00+00:00,2024-06-14 13:50:00+00:00,187.74,189.6174,3494.1734745565464,-6559.9612811324405,-0.0069999999999999785,3,v3_short,sl,False,A,True,0.023647209203238165,0.003946273865319442,,0.3648648648648661,0.635135135135134
NLMK,-1,2024-07-04 13:20:00+00:00,2024-07-04 16:20:00+00:00,177.64,174.97539999999998,3666.9902905677404,9771.062328246828,0.01050000000000003,18,v3_short,tp,False,A,True,0.014861517676198978,0.0037153794190497597,,0.6212121212121192,0.3787878787878807
NLMK,-1,2024-07-10 13:20:00+00:00,2024-07-10 16:40:00+00:00,167.0,164.495,3941.580232612132,9873.658482693372,0.01049999999999998,20,v3_short,tp,False,A,True,0.016888250089831077,0.004648403857890011,,0.6666666666666666,0.3333333333333333
NLMK,-1,2024-07-30 13:20:00+00:00,2024-07-30 16:00:00+00:00,165.44,167.0944,4020.5238139755284,-6651.554597841153,-0.00700000000000004,16,v3_short,sl,False,A,True,0.02622990450864259,0.005951661457523928,,0.89400921658986,0.10599078341014
NLMK,-1,2024-08-13 13:20:00+00:00,2024-08-13 21:20:00+00:00,165.06,164.84,4001.5713774725714,880.3457030439612,0.0009329940627650502,48,v3_short,timeout,False,A,True,0.0162306201550388,0.0032645810262089477,,0.880597014925376,0.11940298507462402
NLMK,-1,2024-08-20 13:20:00+00:00,2024-08-20 18:00:00+00:00,158.42,156.04369999999997,4173.18276453575,9916.734203366364,0.010500000000000067,28,v3_short,tp,False,A,True,0.02109118464258653,0.0052622716174118124,,0.8443113772455061,0.1556886227544939
NLMK,-1,2024-09-04 13:20:00+00:00,2024-09-04 13:50:00+00:00,129.48,130.7748,5159.540681959453,-6680.5732750011475,-0.007000000000000051,3,v3_short,sl,False,A,True,0.021470497374111844,0.004589787722317861,,0.8129496402877662,0.18705035971223383
NLMK,-1,2024-09-13 13:20:00+00:00,2024-09-13 13:30:00+00:00,140.44,138.33339999999998,4723.589619820628,9950.713893114204,0.010500000000000072,1,v3_short,tp,False,A,True,0.014098547422386712,0.003166917578766056,,0.7171717171717146,0.2828282828282854
NLMK,-1,2024-09-16 22:50:00+00:00,2024-09-17 09:50:00+00:00,152.62,152.1,4392.25806534392,2283.9741939788832,0.002385008517887611,66,v3_short,timeout,False,A,True,0.017559952824007196,0.0032868081054987825,-0.00011400864893198855,0.8656716417910492,0.13432835820895078
NLMK,-1,2024-09-19 13:20:00+00:00,2024-09-19 20:50:00+00:00,152.4,150.114,4409.0892904762095,10079.178118028622,0.010500000000000008,45,v3_short,tp,False,A,True,0.02283464566929127,0.004199475065616761,,0.6839080459770122,0.3160919540229878
NLMK,-1,2024-09-27 13:20:00+00:00,2024-09-27 17:50:00+00:00,143.24,144.6724,4740.300422725456,-6790.006325511949,-0.007000000000000006,27,v3_short,sl,False,A,True,0.022765363128491756,0.004495876562915663,,0.8098159509202452,0.19018404907975486
NLMK,-1,2024-11-13 13:20:00+00:00,2024-11-13 20:00:00+00:00,132.62,130.6307,5084.05691542253,10113.714421850113,0.010500000000000075,40,v3_short,tp,False,A,True,0.020358920223194,0.003626544872209184,,0.8592592592592604,0.14074074074073964
NLMK,-1,2024-11-22 13:20:00+00:00,2024-11-22 19:40:00+00:00,122.58,123.8058,5558.225062968112,-6813.272282186349,-0.007000000000000039,38,v3_short,sl,False,A,True,0.02218235198173217,0.004264044551110289,,0.5588235294117635,0.4411764705882365
NLMK,-1,2024-12-11 23:10:00+00:00,2024-12-12 09:50:00+00:00,120.18,120.06,5629.5385057505455,675.544620690091,0.0006989515726410647,64,v3_short,timeout,False,A,True,0.008488681757656425,0.0031726405608848004,-3.328894806923439e-06,1.019607843137265,-0.019607843137265008
NLMK,-1,2024-12-13 13:20:00+00:00,2024-12-13 17:40:00+00:00,116.64,117.8064,5804.448035455965,-6770.308188555813,-0.006999999999999975,26,v3_short,sl,False,A,True,0.015260631001371752,0.004605134234763859,,0.7415730337078689,0.25842696629213113
NLMK,-1,2024-12-20 13:20:00+00:00,2024-12-20 13:30:00+00:00,120.1,121.301,5597.765221678557,-6722.91603123599,-0.007000000000000044,1,v3_short,sl,False,A,True,0.014982520392874956,0.004661228566672207,,0.8,0.2
NLMK,-1,2024-12-23 21:40:00+00:00,2024-12-24 09:50:00+00:00,134.54,135.0,4961.985743286232,-2282.513441911706,-0.0023933402705515507,73,v3_short,timeout,False,A,True,0.014124293785310776,0.004669664475959867,-0.0004044008325899535,0.9684210526315779,0.03157894736842216
NLMK,-1,2024-12-25 22:00:00+00:00,2024-12-26 09:50:00+00:00,135.38,135.58,4919.395793266298,-983.8791586533434,-0.001034126163392022,71,v3_short,timeout,False,A,True,0.008716206234303492,0.0034400523394466104,0.00016989215541438998,1.0,0.0
NLMK,-1,2025-01-16 13:20:00+00:00,2025-01-16 21:20:00+00:00,150.02,149.26,4434.735949082349,3370.399321302671,0.003546193840821314,48,v3_short,timeout,False,A,True,0.02080000000000003,0.004406349206349196,,0.6282051282051299,0.37179487179487014
NLMK,-1,2025-01-28 10:20:00+00:00,2025-01-28 11:10:00+00:00,140.84,142.2484,4740.545062526597,-6676.58366606246,-0.007000000000000001,5,v3_short,sl,False,A,True,0.01590457256461239,0.003286404024830579,-0.00010082362965066855,0.5267857142857152,0.4732142857142848
NLMK,-1,2025-01-29 12:50:00+00:00,2025-01-29 20:50:00+00:00,145.92,144.52,4543.481072094313,6360.873500931935,0.006716008771929715,48,v3_short,timeout,False,A,True,0.015487938596491167,0.003670199805068205,,0.9115044247787532,0.08849557522124683
NLMK,-1,2025-02-12 12:00:00+00:00,2025-02-12 14:10:00+00:00,144.12,145.5612,4631.122463854111,-6674.373694906587,-0.0070000000000000435,13,v3_short,sl,False,A,True,0.01498543083113657,0.003066015567302409,,0.6851851851851857,0.3148148148148143
NLMK,-1,2025-02-12 19:50:00+00:00,2025-02-12 20:00:00+00:00,145.34,146.7934,4560.1025726174485,-6627.653079042144,-0.006999999999999942,1,v3_short,sl,False,A,True,0.01651300399064267,0.0030301923989631647,9.357368928030526e-05,0.8916666666666707,0.10833333333332928
NLMK,-1,2025-02-17 22:20:00+00:00,2025-02-18 06:50:00+00:00,156.26,156.92,4211.736533654745,-2779.746112212117,-0.0029566107769102624,51,v3_short,timeout,False,A,True,0.016126967874055945,0.0036255638822788763,0.0003186996032253948,0.9761904761904752,0.023809523809524884
NLMK,-1,2025-02-19 10:20:00+00:00,2025-02-19 11:40:00+00:00,155.32,152.9902,4224.698226051648,9842.701927055154,0.010500000000000025,8,v3_short,tp,False,A,True,0.016095802214782386,0.003666777037881839,0.00014808138037599502,0.6480000000000018,0.3519999999999982
NLMK,1,2025-02-20 20:30:00+00:00,2025-02-21 06:50:00+00:00,157.02,157.6,4222.8379812716885,2449.2460291375123,0.0025856578779772568,62,v3_long,timeout,False,A,True,0.018848700967906317,0.003222888747959709,0.0002024961793173682,0.14189189189189688,0.8581081081081031
NLMK,1,2025-02-21 20:20:00+00:00,2025-02-21 20:50:00+00:00,159.9,160.72,4157.501513694038,3409.151241229083,0.0035897435897435594,3,v3_long,opposite_signal,False,A,True,0.01137926722520941,0.004210762709485423,6.002250844066752e-05,0.24175824175824143,0.7582417582417585
NLMK,-1,2025-02-21 21:10:00+00:00,2025-02-21 23:50:00+00:00,160.94,160.4,4145.463513784871,2238.5502974437973,0.0023487013793960132,16,v3_short,weekend_exit,False,A,True,0.009198259788688563,0.004010603619943921,3.853325046612831e-05,0.7702702702702664,0.22972972972973363
NLMK,-1,2025-02-27 10:20:00+00:00,2025-02-27 11:10:00+00:00,157.12,155.68,4256.2237978408075,6128.962268890753,0.006415478615071271,5,v3_short,opposite_signal,False,A,True,0.022782232404225614,0.004612205070395237,-0.0001756395570828555,0.6703910614525133,0.3296089385474868
NLMK,-1,2025-03-03 20:50:00+00:00,2025-03-03 21:20:00+00:00,155.56,154.86,4326.48596493296,3028.540175453023,0.003149910002571304,3,v3_short,opposite_signal,False,A,True,0.010798303123794876,0.0037961964577577926,6.556112610875681e-05,0.8928571428571392,0.10714285714286077
NLMK,-1,2025-03-05 10:40:00+00:00,2025-03-05 12:30:00+00:00,162.46,164.08460000000002,4155.780714192961,-6751.481348277946,-0.007000000000000064,11,v3_short,sl,False,A,True,0.011695186507448021,0.00431945790000482,-0.0002080512126061797,0.9473684210526347,0.052631578947365275
NLMK,-1,2025-03-06 10:50:00+00:00,2025-03-06 11:30:00+00:00,160.06,159.5,4188.567399000336,2345.5977434401975,0.002449081594402109,4,v3_short,opposite_signal,False,A,True,0.007620237351655209,0.003065792213200084,0.0001299188007495341,0.6721311475409787,0.32786885245902136
NLMK,-1,2025-03-25 20:40:00+00:00,2025-03-26 06:50:00+00:00,153.68,154.58,4373.139096202511,-3935.8251865822845,-0.004099427381572123,61,v3_short,timeout,False,A,True,0.021343050494534103,0.0031021258060746327,-0.0003969286829776099,0.9634146341463401,0.03658536585365991
NLMK,-1,2025-03-28 10:20:00+00:00,2025-03-28 10:50:00+00:00,142.8,144.228,4687.037385670828,-6693.08938673793,-0.006999999999999985,3,v3_short,sl,False,A,True,0.018067226890756388,0.004161664665866352,-9.80392156862729e-05,0.6976744186046522,0.3023255813953478
NLMK,-1,2025-03-31 20:20:00+00:00,2025-04-01 06:50:00+00:00,144.06,144.46,4613.520589359141,-1845.4082357436826,-0.0019436345966958488,63,v3_short,timeout,False,A,True,0.010409437890353921,0.003359345125975434,4.163775156145671e-06,0.839999999999994,0.16000000000000605
NLMK,-1,2025-04-02 10:20:00+00:00,2025-04-02 10:40:00+00:00,140.94,142.3494,4706.484960536805,-6633.319903380598,-0.007000000000000026,2,v3_short,sl,False,A,True,0.015618344455487636,0.003935011460213774,3.549623739883572e-05,0.7454545454545431,0.2545454545454569
NLMK,-1,2025-04-02 19:50:00+00:00,2025-04-02 21:30:00+00:00,142.34,143.76340000000002,4627.572477207326,-6586.886664056978,-0.007000000000000073,10,v3_short,sl,False,A,True,0.015028089887640553,0.0040587021325383995,0.00014606741573033993,0.5514018691588779,0.4485981308411221
NLMK,-1,2025-04-04 11:00:00+00:00,2025-04-04 12:30:00+00:00,137.54,135.4769,4755.546355539123,9811.167686112725,0.010499999999999959,9,v3_short,tp,False,A,True,0.011327330816148723,0.004263723496950336,7.261109497532873e-06,0.4871794871794806,0.5128205128205193
NLMK,-1,2025-04-15 10:20:00+00:00,2025-04-15 11:30:00+00:00,132.2,131.02,4999.588979736232,5899.5149960886465,0.006248108925869781,7,v3_short,opposite_signal,False,A,True,0.014826021180030319,0.00361645414595491,7.715582450831936e-05,0.8469387755101989,0.15306122448980108
NLMK,-1,2025-04-15 12:40:00+00:00,2025-04-15 12:50:00+00:00,131.84,131.04,5044.564044435619,4035.6512355485524,0.004247572815534041,1,v3_short,opposite_signal,False,A,True,0.013040181956027285,0.003539477959493135,,0.6162790697674436,0.38372093023255643
NLMK,-1,2025-04-16 12:40:00+00:00,2025-04-16 13:10:00+00:00,129.88,131.1788,5142.441326480412,-6679.002794832758,-0.006999999999999999,3,v3_short,sl,False,A,True,0.014934565050038474,0.0032816452215990418,,0.8556701030927828,0.14432989690721726
NLMK,1,2025-04-16 21:10:00+00:00,2025-04-17 06:50:00+00:00,131.82,131.62,5031.292501341928,-1006.2585002683284,-0.001062054316492126,58,v3_long,timeout,False,A,True,0.013197815533980651,0.0031578165246681114,0.0004899878640776727,0.14942528735631583,0.8505747126436841
NLMK,-1,2025-04-17 20:50:00+00:00,2025-04-17 23:40:00+00:00,132.78,134.1078,4989.611361475411,-6625.2059657670325,-0.00699999999999998,17,v3_short,sl,False,A,True,0.009640006025003775,0.0030370937349182506,-8.585630366018876e-05,0.9218750000000046,0.07812499999999549
NLMK,-1,2025-04-18 10:30:00+00:00,2025-04-18 10:50:00+00:00,133.06,132.36,4944.2578716418775,3460.980510149258,0.0036825492259130624,2,v3_short,opposite_signal,False,A,True,0.010075187969924624,0.003164730006835257,-0.00018345864661654119,0.7313432835820955,0.26865671641790445
NLMK,-1,2025-04-18 19:50:00+00:00,2025-04-18 23:50:00+00:00,130.86,130.84,5045.893617283911,100.91787234572985,0.0001069845636558701,24,v3_short,weekend_exit,False,A,True,0.006724744001222646,0.00367739943295061,-0.0002674614091395341,0.38636363636364224,0.6136363636363578
NLMK,-1,2025-04-23 19:40:00+00:00,2025-04-24 06:50:00+00:00,132.58,133.0,4980.964559273003,-2092.005114894599,-0.002217529039070684,67,v3_short,timeout,False,A,True,0.009960760639903359,0.0039300960347918145,-0.0002641110775731965,0.6515151515151653,0.3484848484848348
NLMK,-1,2025-04-25 20:10:00+00:00,2025-04-25 23:50:00+00:00,135.3,135.76,4870.006486977002,-2240.2029840093214,-0.0023798965262378834,22,v3_short,weekend_exit,False,A,True,0.008131283264340585,0.0035029387272354066,6.357185097575501e-05,0.8727272727272845,0.12727272727271552
NLMK,-1,2025-04-30 10:40:00+00:00,2025-04-30 11:20:00+00:00,129.16,128.74,5089.375469179173,2137.537697055189,0.0022762465159491423,4,v3_short,opposite_signal,False,A,True,0.01795943644527011,0.004631218993383007,-0.00029106672859575717,0.7586206896551707,0.2413793103448293
NLMK,-1,2025-04-30 13:20:00+00:00,2025-04-30 14:30:00+00:00,129.32,130.6132,5094.649025573157,-6588.400119871273,-0.007000000000000071,7,v3_short,sl,False,A,True,0.012527064645839813,0.004362067461356042,,0.7283950617283972,0.27160493827160276
NLMK,1,2025-04-30 19:20:00+00:00,2025-04-30 22:30:00+00:00,128.8,130.38,5079.41096198145,8025.46931993061,0.008586956521739044,19,v3_long,opposite_signal,False,A,True,0.017083398043174537,0.0039776743124645495,0.00017704612517471444,0.09090909090909796,0.9090909090909021
NLMK,-1,2025-05-05 22:00:00+00:00,2025-05-06 06:50:00+00:00,123.46,122.9,5344.613319513707,2992.9834589276124,0.0031751174469463127,53,v3_short,timeout,False,A,True,0.012149684108213188,0.0031341225944452036,-0.00036773043900858516,0.7733333333333311,0.22666666666666893
NLMK,-1,2025-05-15 20:30:00+00:00,2025-05-16 06:50:00+00:00,126.68,126.58,5225.30035402914,522.5300354029586,0.0005525734133249603,62,v3_short,timeout,False,A,True,0.013893274392169285,0.003434654569121619,0.00022734449005367818,0.5909090909090927,0.40909090909090723
NLMK,-1,2025-05-23 13:10:00+00:00,2025-05-23 21:10:00+00:00,117.6,116.74,5631.8607132074285,4843.400213358385,0.005119047619047616,48,v3_short,timeout,False,A,True,0.018024145553477217,0.0031188752360411277,,0.6981132075471682,0.30188679245283184
NLMK,-1,2025-05-27 19:20:00+00:00,2025-05-28 06:50:00+00:00,114.74,114.62,5801.788391341681,696.2146069609456,0.0007320899424785884,69,v3_short,timeout,False,A,True,0.019177126917712718,0.003042011783793017,5.05578800557891e-05,0.9272727272727225,0.07272727272727754
NLMK,1,2025-05-30 20:00:00+00:00,2025-05-30 23:50:00+00:00,117.24,117.18,5682.229190100795,-340.9337514059799,-0.00035823950870003115,23,v3_long,weekend_exit,False,A,True,0.0075059706584784175,0.0032098817008891604,0.00010406004776526531,0.40909090909090395,0.590909090909096
NLMK,-1,2025-06-03 19:20:00+00:00,2025-06-04 06:50:00+00:00,118.92,120.48,5599.948676601352,-8735.919935498123,-0.009182643794147339,69,v3_short,gap_sl,False,A,True,0.012613521695257316,0.002986058197244585,-3.0272452068618706e-05,0.9866666666666694,0.01333333333333068
NLMK,-1,2025-06-04 10:20:00+00:00,2025-06-04 11:50:00+00:00,121.48,120.06,5431.599873778269,7712.871820765152,0.00818241685874219,9,v3_short,opposite_signal,False,A,True,0.019423868312757196,0.003221634332745432,0.0001975308641975313,0.7966101694915297,0.2033898305084703
NLMK,-1,2025-06-05 10:20:00+00:00,2025-06-05 11:00:00+00:00,120.36,119.4,5527.000356772349,5305.92034250142,0.005583250249252208,4,v3_short,opposite_signal,False,A,True,0.022262834357866693,0.004050664957792391,1.6614055490953842e-06,0.8582089552238819,0.1417910447761181
NLMK,1,2025-06-05 19:40:00+00:00,2025-06-06 06:50:00+00:00,119.74,120.24,5586.63693987699,2793.318469938495,0.0029229998329714383,67,v3_long,timeout,False,A,True,0.017201068804275237,0.003326380652461387,0.00018871075484302096,0.15533980582523924,0.8446601941747608
NLMK,1,2025-06-18 20:00:00+00:00,2025-06-19 06:50:00+00:00,112.58,112.66,5959.3109798350315,476.7448783867924,0.0004974240540060297,65,v3_long,timeout,False,A,True,0.009063444108761294,0.0034092186723632123,6.042296072507613e-05,0.3921568627450912,0.6078431372549088
NLMK,-1,2025-06-27 20:30:00+00:00,2025-06-27 23:50:00+00:00,109.9,110.14,6107.670168559586,-1465.8408404542695,-0.001528662420382133,20,v3_short,weekend_exit,False,A,True,0.011828935395814479,0.0030083006815101137,-0.00014922656960873396,1.0,0.0
NLMK,-1,2025-07-01 11:00:00+00:00,2025-07-01 11:20:00+00:00,114.26,114.0,5865.629817402245,1525.0637525246136,0.0015928583931384872,2,v3_short,opposite_signal,False,A,True,0.013662637940094606,0.004126817306008053,0.00023822035382729012,0.6153846153846196,0.3846153846153804
NLMK,-1,2025-07-04 10:20:00+00:00,2025-07-04 11:00:00+00:00,114.76,114.14,5849.3761551337375,3626.6132161829437,0.003781805507145374,4,v3_short,opposite_signal,False,A,True,0.014818688981868923,0.003088264594540756,-1.3947001394697365e-05,0.6235294117647062,0.37647058823529383
NLMK,-1,2025-07-15 11:30:00+00:00,2025-07-15 12:20:00+00:00,110.42,111.52420000000001,6102.273472328164,-6738.130368144794,-0.0070000000000000374,5,v3_short,sl,False,A,True,0.010505343234921178,0.0031503092089942186,,0.6551724137931098,0.3448275862068902
NLMK,-1,2025-07-18 19:30:00+00:00,2025-07-18 23:50:00+00:00,112.82,113.66,5930.65365676985,-4981.749071686694,-0.0052118418720085305,26,v3_short,weekend_exit,False,A,True,0.013472788512675023,0.0032524266575979783,0.0001453642971104402,1.0,0.0
NLMK,-1,2025-08-22 12:30:00+00:00,2025-08-22 20:30:00+00:00,121.54,121.66,5476.461421808407,-657.1753706169559,-0.0006911304920190326,48,v3_short,timeout,False,A,True,0.012341615928912291,0.0030878239069200074,,0.7733333333333405,0.22666666666665947
NLMK,-1,2025-09-24 11:30:00+00:00,2025-09-24 16:20:00+00:00,108.04,109.1204,6156.507760525379,-6651.490984471603,-0.006999999999999983,29,v3_short,sl,False,A,True,0.01684249491023499,0.003219111075857331,,0.8901098901098959,0.10989010989010406
NLMK,1,2025-10-15 19:50:00+00:00,2025-10-16 06:50:00+00:00,97.0,97.28,6809.2067500828025,1906.5778900231924,0.002020618556701039,66,v3_long,timeout,False,A,True,0.012788778877887883,0.003338216474708689,3.919141914191373e-05,0.03225806451613384,0.9677419354838661
NLMK,-1,2025-10-17 11:40:00+00:00,2025-10-17 12:00:00+00:00,104.5,104.16,6333.279036182279,2153.3148723019963,0.002277511961722511,2,v3_short,opposite_signal,False,A,True,0.011861488425483019,0.004571752769110007,,0.5967741935483855,0.40322580645161454
NLMK,-1,2025-10-17 20:50:00+00:00,2025-10-17 20:50:00+00:00,105.22,104.94,6304.267056563956,1765.194775837915,0.001862763733130591,0,v3_short,opposite_signal,False,A,True,0.016739585314818384,0.0035288225999930054,0.00012174243865322708,0.6136363636363609,0.38636363636363913
NLMK,-1,2025-10-21 12:20:00+00:00,2025-10-21 13:30:00+00:00,102.64,103.6664,6474.772174929326,-6645.706160347429,-0.006999999999999967,7,v3_short,sl,False,A,True,0.013250194855806698,0.004582063818229055,,0.8970588235294114,0.1029411764705887
NLMK,1,2025-10-22 19:40:00+00:00,2025-10-22 22:10:00+00:00,101.04,100.0296,6531.261101766654,-6599.186217225055,-0.007000000000000028,15,v3_long,sl,False,A,True,0.012074425969912895,0.0036073811947581994,-0.00010095011876484662,0.3934426229508233,0.6065573770491767
NLMK,-1,2025-10-28 19:50:00+00:00,2025-10-29 06:50:00+00:00,98.1,98.64,6679.9102076498,-3607.151512130934,-0.003853211009174357,66,v3_short,timeout,False,A,True,0.01304791029561673,0.0031288356321121764,0.0002507645259938846,0.9374999999999903,0.06250000000000971
MTSS,-1,2022-01-14 10:20:00+00:00,2022-01-14 12:30:00+00:00,292.25,287.86625,2395.2095808383233,10500.00000000005,0.01050000000000005,13,v3_short,tp,False,A,True,0.01266255989048593,0.003023043577458345,-4.96235455167709e-05,0.8783783783783811,0.12162162162161892
MTSS,-1,2022-01-14 22:50:00+00:00,2022-01-14 23:50:00+00:00,289.65,289.65,2442.085275332298,-0.0,-0.0,6,v3_short,weekend_exit,False,A,True,0.014500258933195197,0.004562156297008702,-3.2798204729847936e-05,0.9880952380952354,0.011904761904764643
MTSS,-1,2022-01-20 10:20:00+00:00,2022-01-20 10:20:00+00:00,277.9,273.7315,2545.340050377834,10610.249999999987,0.010499999999999987,0,v3_short,tp,False,A,True,0.023749550197913003,0.004712212340855738,0.00014393666786613482,0.6818181818181794,0.3181818181818205
MTSS,-1,2022-01-26 11:20:00+00:00,2022-01-26 12:00:00+00:00,279.05,281.8405,2561.466314280595,-7147.771750000022,-0.007000000000000021,4,v3_short,sl,False,A,True,0.012005017022038938,0.004220669334448244,-8.06307113420534e-05,0.8208955223880681,0.17910447761193193
MTSS,-1,2022-02-14 20:30:00+00:00,2022-02-14 21:50:00+00:00,284.4,280.13399999999996,2495.688237605485,10646.606021625048,0.010500000000000047,8,v3_short,tp,False,A,True,0.01600140671707387,0.004668721717630223,0.00014418850008792063,0.8901098901098891,0.10989010989011098
MTSS,-1,2022-02-15 19:20:00+00:00,2022-02-16 06:50:00+00:00,285.35,287.0,2513.4969650959783,-4147.269992408307,-0.004047660767478479,69,v3_short,timeout,False,A,True,0.006651496586731935,0.0038651553742449006,0.00019779450376334598,0.6578947368421131,0.34210526315788686
MTSS,-1,2022-02-16 11:30:00+00:00,2022-02-16 19:30:00+00:00,290.8,288.75,2456.4073933818827,5035.635156432887,0.004934662998624511,48,v3_short,timeout,False,A,True,0.01565456734904509,0.0034282765230640587,,0.8131868131868188,0.18681318681318118
MTSS,-1,2022-02-17 10:30:00+00:00,2022-02-17 18:30:00+00:00,284.95,284.3,2519.2076315316885,1637.4849604955402,0.0015967713633970315,48,v3_short,timeout,False,A,True,0.00982800982800987,0.0038025038025038126,-0.0002228852228852197,0.6785714285714177,0.3214285714285823
MTSS,-1,2022-10-21 13:20:00+00:00,2022-10-21 17:00:00+00:00,215.2,217.352,3341.0522958982406,-7189.944540773065,-0.007000000000000049,22,v3_short,sl,False,A,True,0.01905647222867764,0.0040281973816717115,,0.5853658536585319,0.41463414634146817
MTSS,-1,2023-02-01 13:20:00+00:00,2023-02-01 21:20:00+00:00,251.6,251.4,2837.684788945788,567.5369577891254,0.0005564387917328777,48,v3_short,timeout,False,A,True,0.017100815271425665,0.0029921692280013984,,0.8023255813953494,0.19767441860465063
MTSS,-1,2023-02-17 13:20:00+00:00,2023-02-17 18:10:00+00:00,248.0,250.48,2880.47890632747,-7143.587687692097,-0.006999999999999971,29,v3_short,sl,False,A,True,0.016129032258064516,0.0036770353302611487,,0.8999999999999986,0.10000000000000142
MTSS,-1,2023-02-21 13:20:00+00:00,2023-02-21 21:20:00+00:00,250.7,251.0,2829.5104004301083,-848.8531201290647,-0.0008376545672118387,48,v3_short,timeout,False,A,True,0.022337455125648165,0.0038843618819685705,,0.7053571428571416,0.2946428571428585
MTSS,-1,2023-04-19 13:20:00+00:00,2023-04-19 16:40:00+00:00,270.05,265.99925,2624.5660440797546,10631.46090305605,0.010499999999999982,20,v3_short,tp,False,A,True,0.023329013145713798,0.0030417647525590496,,0.8492063492063513,0.1507936507936487
MTSS,-1,2023-05-03 13:20:00+00:00,2023-05-03 19:10:00+00:00,269.6,265.55600000000004,2656.5507523585943,10743.09124253811,0.010499999999999956,35,v3_short,tp,False,A,True,0.019666048237476853,0.003692905733722036,,0.6886792452830238,0.3113207547169762
MTSS,-1,2023-05-12 13:20:00+00:00,2023-05-12 21:20:00+00:00,274.3,275.15,2638.447855288566,-2242.6806769951913,-0.0021691578563615608,48,v3_short,timeout,False,A,True,0.018592781625957063,0.003984167491276503,,0.8431372549019592,0.15686274509804074
MTSS,-1,2023-08-04 13:20:00+00:00,2023-08-04 14:40:00+00:00,296.1,291.6585,2438.8935164868526,10832.345553476402,0.010500000000000044,8,v3_short,tp,False,A,True,0.024822695035461067,0.0032727038806066103,,0.6938775510204092,0.3061224489795909
MTSS,-1,2023-09-20 13:20:00+00:00,2023-09-20 16:50:00+00:00,269.95,272.6495,2703.237681493575,-7297.390121191907,-0.007000000000000002,21,v3_short,sl,False,A,True,0.02166666666666654,0.004426807760141067,,0.6581196581196561,0.3418803418803439
MTSS,-1,2023-10-25 13:20:00+00:00,2023-10-25 21:20:00+00:00,285.25,284.65,2540.335982591959,1524.201589555233,0.0014723926380368656,48,v3_short,timeout,False,A,True,0.02261174408413688,0.0030299236258920707,,0.829457364341083,0.17054263565891706
MTSS,-1,2023-11-16 13:20:00+00:00,2023-11-16 15:40:00+00:00,278.75,274.56875,2603.400108150834,10885.466702205616,0.010499999999999945,14,v3_short,tp,False,A,True,0.012378902045209863,0.003015702154561139,,0.7681159420289815,0.23188405797101855
MTSS,-1,2024-02-21 13:20:00+00:00,2024-02-21 21:20:00+00:00,278.85,277.65,2629.792386008925,3155.7508632108297,0.0030123722431415877,48,v3_short,timeout,False,A,True,0.025999641384256766,0.004303388918773532,,0.8275862068965517,0.1724137931034483
MTSS,-1,2024-04-16 13:20:00+00:00,2024-04-16 21:20:00+00:00,318.95,318.2,2306.0875762434125,1729.5656821825594,0.0016460260228876,48,v3_short,timeout,False,A,True,0.03213669854209124,0.003874319754551739,,0.8097560975609768,0.19024390243902328
MTSS,-1,2024-07-10 13:20:00+00:00,2024-07-10 16:00:00+00:00,278.75,274.56875,2643.003868772607,11051.059926305403,0.010499999999999943,16,v3_short,tp,False,A,True,0.023314203730272594,0.004833640773382516,,0.6538461538461539,0.34615384615384615
MTSS,-1,2024-07-18 13:20:00+00:00,2024-07-18 16:50:00+00:00,224.5,226.745,3316.1383980791893,-7444.730703687795,-0.007000000000000014,21,v3_short,sl,False,A,True,0.01692650334075729,0.0041043588927776,,0.7631578947368414,0.2368421052631587
MTSS,-1,2024-09-04 13:20:00+00:00,2024-09-04 19:00:00+00:00,190.25,192.1525,3885.7385486265257,-7392.617588761978,-0.007000000000000012,34,v3_short,sl,False,A,True,0.016819973718791004,0.0037669732807709116,,0.8437499999999994,0.15625000000000056
MTSS,-1,2024-09-13 13:20:00+00:00,2024-09-13 13:30:00+00:00,194.7,191.77949999999998,3770.3488780896932,11011.303898460965,0.010500000000000016,1,v3_short,tp,False,A,True,0.0161787365177196,0.0031183505759776946,,0.6984126984126935,0.30158730158730646
MTSS,-1,2024-09-24 13:20:00+00:00,2024-09-24 17:40:00+00:00,206.5,208.565,3592.22682466337,-7417.94839292985,-0.006999999999999992,26,v3_short,sl,False,A,True,0.016464891041162118,0.0032399400438141383,,0.7205882352941191,0.27941176470588086
MTSS,-1,2024-09-25 13:20:00+00:00,2024-09-25 16:50:00+00:00,209.4,206.25900000000001,3517.6803983664513,11049.034131268992,0.01049999999999997,21,v3_short,tp,False,A,True,0.03008595988538674,0.005639696184108775,,0.8095238095238109,0.1904761904761892
MTSS,-1,2024-10-30 13:20:00+00:00,2024-10-30 19:50:00+00:00,189.6,186.756,3925.8259457269164,11165.048989647326,0.010499999999999978,39,v3_short,tp,False,A,True,0.01871869232797249,0.003038178097497917,,0.7605633802816906,0.2394366197183094
MTSS,-1,2024-10-31 13:20:00+00:00,2024-10-31 19:40:00+00:00,184.6,181.831,4074.4969317582686,11282.282004038669,0.010500000000000021,38,v3_short,tp,False,A,True,0.01597617113457887,0.004358309801039283,,0.7966101694915265,0.20338983050847342
MTSS,-1,2024-11-21 21:40:00+00:00,2024-11-22 09:50:00+00:00,178.6,180.5,4255.597598014577,-8085.63543622772,-0.00744680851063832,73,v3_short,gap_sl,False,A,True,0.02128255390646884,0.004269083718617652,-0.000459255110613273,0.9473684210526272,0.05263157894737275
MTSS,-1,2024-11-26 22:40:00+00:00,2024-11-27 09:50:00+00:00,170.1,170.05,4434.978166960869,221.74890834796784,0.0002057613168723578,67,v3_short,timeout,False,A,True,0.010582010582010649,0.004667122580954767,-0.000520282186948855,0.777777777777776,0.222222222222224
MTSS,-1,2024-11-29 13:20:00+00:00,2024-11-29 18:10:00+00:00,178.35,180.1335,4230.698124114872,-7545.450104358891,-0.007000000000000015,29,v3_short,sl,False,A,True,0.023268853378188986,0.0037513183013603638,,0.6867469879518049,0.31325301204819506
MTSS,-1,2024-12-11 23:20:00+00:00,2024-12-12 09:50:00+00:00,169.4,169.85,4423.0412949400015,-1990.3685827229504,-0.001859504132231358,63,v3_short,timeout,False,A,True,0.011507819415756963,0.0032277295692546867,-5.311301268810724e-05,0.9230769230769208,0.07692307692307916
MTSS,-1,2024-12-13 13:20:00+00:00,2024-12-13 18:30:00+00:00,169.45,171.1445,4413.5139413097095,-7478.699373549325,-0.007000000000000022,31,v3_short,sl,False,A,True,0.012097964001180357,0.0031193356658095425,,0.8292682926829167,0.17073170731708331
MTSS,-1,2025-01-28 11:00:00+00:00,2025-01-28 13:10:00+00:00,218.3,220.483,3401.900356360264,-7426.348477934432,-0.006999999999999976,13,v3_short,sl,False,A,True,0.011902037079423184,0.003167772945754169,-0.00021515220874341644,0.7692307692307709,0.2307692307692291
MTSS,-1,2025-02-14 19:40:00+00:00,2025-02-14 23:50:00+00:00,251.65,251.45,2930.404942813,586.08098856265,0.0005563282336579054,25,v3_short,weekend_exit,False,A,True,0.013709517186568602,0.004407644241881116,-0.00027021657063381726,0.7681159420289897,0.2318840579710103
MTSS,-1,2025-02-19 12:50:00+00:00,2025-02-19 14:00:00+00:00,246.9,249.369,2988.4433396147647,-7378.466605508836,-0.006999999999999983,7,v3_short,sl,False,A,True,0.016191054442420562,0.0031595043738334404,,0.8500000000000014,0.14999999999999858
MTSS,-1,2025-02-27 10:20:00+00:00,2025-02-27 11:30:00+00:00,248.85,246.85,2944.270580377855,5888.54116075571,0.005625879043600562,7,v3_short,opposite_signal,False,A,True,0.01766713511343106,0.0035468112159539496,-6.424412768520468e-05,0.8522727272727262,0.14772727272727382
MTSS,-1,2025-03-05 12:00:00+00:00,2025-03-05 12:50:00+00:00,247.85,250.3285,2972.7807655418933,-7368.037127395573,-0.0069999999999999915,5,v3_short,sl,False,A,True,0.011695906432748562,0.003935496880874783,,0.913793103448276,0.08620689655172396
MTSS,1,2025-03-05 20:00:00+00:00,2025-03-05 22:30:00+00:00,247.5,245.025,2956.1458050520455,-7316.460867503796,-0.0069999999999999845,15,v3_long,sl,False,A,True,0.013936578468996116,0.0034130396250602758,0.0001676429004241581,0.14492753623188454,0.8550724637681154
MTSS,-1,2025-03-25 19:20:00+00:00,2025-03-26 06:50:00+00:00,237.55,239.15,3058.4069212508043,-4893.451074001269,-0.004714796884866326,69,v3_short,timeout,False,A,True,0.0155756682803621,0.003509465246843838,-0.00013260366238686497,0.9054054054054074,0.09459459459459263
MTSS,-1,2025-03-28 10:40:00+00:00,2025-03-28 11:20:00+00:00,230.4,229.9,3138.4511648929156,1569.2255824464578,0.0015190972222222222,4,v3_short,opposite_signal,False,A,True,0.01497720859561532,0.003822160983758159,-8.682439765574127e-05,0.5362318840579712,0.4637681159420289
MTSS,-1,2025-04-02 10:20:00+00:00,2025-04-02 10:40:00+00:00,221.95,220.75,3262.8862640191046,3915.4635168228883,0.003784636179319631,2,v3_short,opposite_signal,False,A,True,0.013312274368230997,0.004136582430806258,3.158844765342909e-05,0.7796610169491498,0.22033898305085023
MTSS,-1,2025-04-02 13:10:00+00:00,2025-04-02 21:10:00+00:00,221.65,222.95,3279.6680837393023,-4263.568508861037,-0.004105571847507278,48,v3_short,timeout,False,A,True,0.018263810597519654,0.004384975968670266,,0.7654320987654339,0.23456790123456608
MTSS,-1,2025-04-03 22:10:00+00:00,2025-04-04 06:50:00+00:00,218.9,220.55,3307.2358739361057,-5456.939191994593,-0.005276381909547756,52,v3_short,timeout,False,A,True,0.013939670932358239,0.003595679588105818,-0.0003153564899451543,0.9836065573770547,0.01639344262294532
MTSS,-1,2025-04-04 10:40:00+00:00,2025-04-04 13:50:00+00:00,220.05,216.74925000000002,3272.592935106645,10802.01113055324,0.01049999999999998,19,v3_short,tp,False,A,True,0.008632439800090893,0.003358157359303072,9.08677873693982e-06,0.6052631578947381,0.394736842105262
MTSS,-1,2025-04-08 11:30:00+00:00,2025-04-08 12:40:00+00:00,208.6,206.75,3488.4730736414413,6453.675186236646,0.006208053691275149,7,v3_short,opposite_signal,False,A,True,0.011759059275257925,0.00439679111385374,,0.8571428571428588,0.1428571428571412
MTSS,-1,2025-04-09 10:20:00+00:00,2025-04-09 10:30:00+00:00,204.5,206.54500000000002,3580.5039403030332,-7322.13055791976,-0.007000000000000055,1,v3_short,sl,False,A,True,0.02444987775061125,0.004040051228315298,2.6894865525672926e-05,0.8,0.2
MTSS,-1,2025-04-10 13:00:00+00:00,2025-04-10 19:10:00+00:00,218.55,215.27175,3326.870576076076,10906.313466021442,0.010500000000000044,37,v3_short,tp,False,A,True,0.023553624514063596,0.004480812850353215,,0.8349514563106809,0.1650485436893191
MTSS,-1,2025-04-10 22:10:00+00:00,2025-04-10 23:00:00+00:00,218.85,217.6,3357.194351508529,4196.492939385661,0.003998172264107837,5,v3_short,opposite_signal,False,A,True,0.022607901347339525,0.004865522367887549,-2.2836263987216885e-06,0.8686868686868673,0.13131313131313277
MTSS,-1,2025-04-11 19:30:00+00:00,2025-04-11 23:50:00+00:00,220.0,219.8,3352.9978585691424,670.5995717137904,0.0006363636363636002,26,v3_short,weekend_exit,False,A,True,0.013636363636363636,0.003710575139146562,-0.00019090909090909038,0.8333333333333334,0.16666666666666666
MTSS,-1,2025-04-15 19:20:00+00:00,2025-04-16 06:50:00+00:00,213.95,214.75,3450.0067706726386,-2760.0054165381503,-0.0026174339799018838,69,v3_short,timeout,False,A,True,0.019630754849263795,0.003825040181999404,-0.0002290254732414105,0.6309523809523773,0.36904761904762273
MTSS,-1,2025-04-16 11:40:00+00:00,2025-04-16 13:50:00+00:00,214.15,216.2915,3437.7629922663286,-7361.96944793837,-0.007000000000000025,13,v3_short,sl,False,A,True,0.017281644091545954,0.0032614472772954954,,0.71621621621622,0.28378378378378005
MTSS,-1,2025-04-23 11:40:00+00:00,2025-04-23 19:10:00+00:00,216.0,215.85,3384.4609545383214,507.66914318076743,0.0004861111111111295,45,v3_short,opposite_signal,False,A,True,0.016203703703703703,0.0033365261813537547,,0.8285714285714302,0.1714285714285698
MTSS,-1,2025-06-04 19:50:00+00:00,2025-06-05 06:50:00+00:00,228.05,226.3,3207.18673352556,5612.5767836697305,0.005371629028721772,66,v3_short,timeout,False,A,True,0.024352786309785043,0.003031225653929852,-0.00041246160596752863,0.9369369369369381,0.0630630630630619
MTSS,-1,2025-07-07 19:50:00+00:00,2025-07-08 06:50:00+00:00,194.9,193.7,3772.846271570409,4527.415525884555,0.004309902514109861,66,v3_short,timeout,False,A,True,0.00794871794871786,0.003291470434327579,0.00022820512820513055,0.8064516129032346,0.19354838709676533
MTSS,-1,2025-07-09 11:00:00+00:00,2025-07-09 11:30:00+00:00,198.45,196.9,3721.3249140700027,5768.053616808441,0.005467372134038741,3,v3_short,opposite_signal,False,A,True,0.010576680936791712,0.003666582724754473,0.00022160664819945053,0.785714285714277,0.214285714285723
MTSS,-1,2025-10-21 10:30:00+00:00,2025-10-21 14:00:00+00:00,209.9,211.999,3537.563443206088,-7425.345667289542,-0.006999999999999965,21,v3_short,sl,False,A,True,0.011439466158245839,0.003607331657855949,-0.00014299332697807434,0.7708333333333383,0.22916666666666174
MTSS,-1,2025-10-23 11:00:00+00:00,2025-10-23 11:30:00+00:00,205.75,204.0,3583.6540693164284,6271.39462130375,0.005953827460510328,3,v3_short,opposite_signal,False,A,True,0.011670313639679094,0.0033065888645757296,-3.646973012399708e-05,0.6458333333333366,0.35416666666666347
TATN,-1,2022-01-11 12:00:00+00:00,2022-01-11 20:00:00+00:00,501.9,506.6,1394.700139470014,-6555.090655509129,-0.006555090655509129,48,v3_short,timeout,False,A,True,0.011157601115760044,0.003149322895577462,,1.0,0.0
TATN,-1,2022-01-14 22:40:00+00:00,2022-01-14 23:50:00+00:00,495.2,498.1,1404.3041933383352,-4072.4821606812197,-0.004099353796445928,7,v3_short,weekend_exit,False,A,True,0.012512613521695234,0.0050412899771412065,-2.0181634712439236e-06,0.8064516129032273,0.19354838709677272
TATN,-1,2022-01-26 22:10:00+00:00,2022-01-26 23:00:00+00:00,477.9,470.7315,1449.1749299616379,10388.410485429993,0.010499999999999992,5,v3_short,tp,False,A,True,0.018429319371727773,0.004568864194892623,0.00012774869109947453,0.8977272727272689,0.10227272727273101
TATN,-1,2022-02-03 11:00:00+00:00,2022-02-03 12:50:00+00:00,488.4,481.07399999999996,1432.9086534980913,10497.488795527048,0.010500000000000032,11,v3_short,tp,False,A,True,0.01494370522006132,0.0033326509723643795,-0.00023336745138178048,0.9315068493150681,0.06849315068493193
TATN,-1,2022-02-03 19:40:00+00:00,2022-02-03 19:50:00+00:00,487.1,482.9,1451.8185763197218,6097.638020542898,0.006035721617737695,1,v3_short,opposite_signal,False,A,True,0.014370765756518168,0.0037330473145940693,-3.900636419626313e-05,0.7857142857142857,0.21428571428571427
TATN,1,2022-02-03 20:10:00+00:00,2022-02-03 20:40:00+00:00,483.6,485.3,1471.1521404874206,2500.9586388285984,0.002460711331679057,3,v3_long,opposite_signal,False,A,True,0.014474772539288668,0.003886666329062636,-6.823821339950277e-05,0.2857142857142857,0.7142857142857143
TATN,-1,2022-02-03 21:00:00+00:00,2022-02-04 06:50:00+00:00,485.8,491.0,1468.0935491702278,-7634.0864556851675,-0.0074927953890489745,59,v3_short,gap_sl,False,A,True,0.01441218859378217,0.003727000373960571,-6.794317479925787e-05,0.5999999999999984,0.40000000000000163
TATN,-1,2022-02-04 21:00:00+00:00,2022-02-04 23:50:00+00:00,491.6,490.8,1439.902330488033,1151.9218643904428,0.0011391375101708868,17,v3_short,weekend_exit,False,A,True,0.01058631921824102,0.0037642092667685835,-0.0001852605863192164,0.8653846153846173,0.13461538461538272
TATN,1,2022-02-10 21:00:00+00:00,2022-02-11 06:50:00+00:00,501.9,498.5,1411.9592169216785,-4800.661337533675,-0.004741980474198016,59,v3_long,timeout,False,A,True,0.01612903225806456,0.003039686603434684,0.00011748307447232134,0.23456790123456445,0.7654320987654356
TATN,-1,2022-02-11 19:20:00+00:00,2022-02-11 20:10:00+00:00,491.7,489.0,1434.4150254966787,3872.920568841016,0.0038438071995118813,5,v3_short,opposite_signal,False,A,True,0.0069133794225294375,0.003913155339402941,-8.743391622610725e-05,0.17647058823528528,0.8235294117647147
TATN,1,2022-02-11 21:00:00+00:00,2022-02-11 21:30:00+00:00,488.8,483.91200000000003,1448.4715884511163,-7080.129124349023,-0.006999999999999967,3,v3_long,sl,False,A,True,0.01330603889457523,0.0034549746203496674,-2.2517911975433144e-05,0.12307692307692483,0.8769230769230751
TATN,-1,2022-02-15 10:20:00+00:00,2022-02-15 11:00:00+00:00,484.2,489.042,1451.9967411149553,-7030.568220478591,-0.006999999999999978,4,v3_short,sl,False,A,True,0.00970673275505987,0.003353592572923419,0.00011565468814539494,0.46808510638297746,0.5319148936170226
TATN,-1,2022-02-15 20:50:00+00:00,2022-02-16 06:50:00+00:00,496.0,498.5,1407.5310973659805,-3518.8277434149513,-0.0035282258064516132,60,v3_short,timeout,False,A,True,0.009883017345703982,0.0038404228169686434,0.00016740621218233297,0.7346938775510199,0.26530612244898005
TATN,-1,2022-02-17 11:20:00+00:00,2022-02-17 11:40:00+00:00,499.0,491.515,1394.1327552567852,10435.083673097057,0.01050000000000002,2,v3_short,tp,False,A,True,0.012825651302605165,0.0039115267572181435,-0.00026252505010020084,0.7031250000000026,0.2968749999999975
TATN,-1,2022-02-18 11:10:00+00:00,2022-02-18 11:10:00+00:00,493.9,491.3,1423.3180875568005,3700.6270276476325,0.0036849564689207855,0,v3_short,opposite_signal,False,A,True,0.009917020845982548,0.0032459950492737324,0.00010524185387573228,0.7959183673469379,0.20408163265306217
TATN,-1,2022-09-23 21:40:00+00:00,2022-09-23 23:50:00+00:00,381.7,381.3,1848.4863567295183,739.3945426917653,0.0007335603877390203,13,v3_short,weekend_exit,False,A,True,0.013109596224436288,0.004280684481448565,-0.0004955427372836941,0.7399999999999978,0.2600000000000023
TATN,-1,2022-09-29 21:50:00+00:00,2022-09-30 09:50:00+00:00,351.8,352.3,2007.0631567468486,-1003.5315783734243,-0.0009948834565093802,72,v3_short,timeout,False,A,True,0.01876065946560536,0.004629253634370162,-0.00021318931210915292,0.5606060606060618,0.4393939393939382
TATN,-1,2022-11-16 13:20:00+00:00,2022-11-16 19:50:00+00:00,380.7,384.507,1852.856176618545,-7053.823464386832,-0.007000000000000031,39,v3_short,sl,False,A,True,0.016294349540078815,0.003454101745823161,,0.7580645161290318,0.2419354838709682
TATN,-1,2022-11-22 13:20:00+00:00,2022-11-22 18:30:00+00:00,369.0,372.69,1898.2240379772609,-7004.446700136088,-0.006999999999999996,31,v3_short,sl,False,A,True,0.018428184281842848,0.00351013033939866,,0.7352941176470575,0.2647058823529424
TATN,-1,2022-11-23 13:20:00+00:00,2022-11-23 21:20:00+00:00,369.2,368.0,1883.915377365964,2260.6984528391354,0.002275189599133239,48,v3_short,timeout,False,A,True,0.014893040888166802,0.003391229223885602,,0.7999999999999958,0.20000000000000415
TATN,-1,2023-02-21 13:20:00+00:00,2023-02-21 21:20:00+00:00,317.2,315.8,2197.742894831341,3076.8400527638273,0.0030895334174022193,48,v3_short,timeout,False,A,True,0.017023959646910575,0.0034978682519665977,,0.7037037037037014,0.2962962962962986
TATN,-1,2023-04-05 13:20:00+00:00,2023-04-05 17:50:00+00:00,383.3,387.13300000000004,1824.3616860877537,-6992.778342774409,-0.007000000000000048,27,v3_short,sl,False,A,True,0.02111574556830037,0.004034460499528292,,0.8765432098765435,0.12345679012345645
TATN,-1,2023-05-04 13:20:00+00:00,2023-05-04 17:30:00+00:00,390.0,384.15,1780.4689472756259,10415.743341562451,0.01050000000000004,25,v3_short,tp,False,A,True,0.02435897435897436,0.004566544566544577,,0.8421052631578947,0.15789473684210525
TATN,-1,2023-05-24 13:20:00+00:00,2023-05-24 21:20:00+00:00,429.0,429.2,1635.6035192927454,-327.1207038585305,-0.0003263403263403078,48,v3_short,timeout,False,A,True,0.011660447761194029,0.0032427149964463255,,0.6,0.4
TATN,-1,2023-06-08 13:20:00+00:00,2023-06-08 21:20:00+00:00,473.8,471.2,1480.466283841044,3849.212337986748,0.0038412832418742416,48,v3_short,timeout,False,A,True,0.02005065428450823,0.003346800940722433,,0.7894736842105263,0.21052631578947367
TATN,-1,2023-08-09 13:20:00+00:00,2023-08-09 18:00:00+00:00,559.0,564.59,1259.6410982477237,-7041.393739204816,-0.00700000000000004,28,v3_short,sl,False,A,True,0.019860440150295266,0.0033654542511225185,,0.5855855855855844,0.4144144144144156
TATN,-1,2023-08-10 13:20:00+00:00,2023-08-10 21:20:00+00:00,576.8,575.5,1212.2232980288388,1575.8902874374353,0.0015776699029125664,48,v3_short,timeout,False,A,True,0.014731369150779897,0.003656020467112299,,0.6823529411764653,0.3176470588235348
TATN,-1,2023-08-11 13:20:00+00:00,2023-08-11 21:20:00+00:00,575.4,576.9,1217.0898879114363,-1825.6348318671544,-0.0018248175182481753,48,v3_short,timeout,False,A,True,0.018940052128583802,0.0037069215175210015,,0.7064220183486191,0.29357798165138094
TATN,-1,2023-09-12 13:20:00+00:00,2023-09-12 19:50:00+00:00,599.2,605.192,1166.6147815786603,-6990.355771219288,-0.006999999999999954,39,v3_short,sl,False,A,True,0.02437802638169982,0.003251993734545086,,0.8287671232876715,0.1712328767123285
TATN,-1,2023-12-05 13:20:00+00:00,2023-12-05 17:50:00+00:00,629.5,635.795,1102.6883686768545,-6941.4232808207535,-0.006999999999999954,27,v3_short,sl,False,A,True,0.011755361397934833,0.003131737206399618,,0.9594594594594654,0.04054054054053452
TATN,-1,2023-12-07 13:20:00+00:00,2023-12-07 21:20:00+00:00,631.4,627.0,1091.6745831256023,4803.368165752626,0.00487804878048778,48,v3_short,timeout,False,A,True,0.021711568938193235,0.003939325333937074,,0.8978102189781033,0.10218978102189666
TATN,-1,2024-03-20 13:20:00+00:00,2024-03-20 21:20:00+00:00,700.0,694.0,989.493842145046,5936.9630528702755,0.005999999999999999,48,v3_short,timeout,False,A,True,0.02857142857142857,0.004408163265306134,,0.7199999999999989,0.28000000000000114
TATN,-1,2024-05-28 13:20:00+00:00,2024-05-28 16:40:00+00:00,722.0,711.17,965.0991186129382,10452.02345457816,0.01050000000000004,20,v3_short,tp,False,A,True,0.02396121883656519,0.004128742909906339,,0.8786127167630049,0.12138728323699506
TATN,-1,2024-06-04 13:20:00+00:00,2024-06-04 17:00:00+00:00,685.6,692.456,1027.0098892309597,-7041.179800567455,-0.006999999999999994,22,v3_short,sl,False,A,True,0.01867250182348644,0.004035983467055679,,0.8281250000000048,0.17187499999999528
TATN,-1,2024-06-07 13:20:00+00:00,2024-06-07 13:30:00+00:00,698.7,705.687,1000.7000918797035,-6991.891541963454,-0.0069999999999999655,1,v3_short,sl,False,A,True,0.014743773260807263,0.0034286259594017935,,0.7961165048543769,0.20388349514562315
TATN,-1,2024-06-11 13:20:00+00:00,2024-06-11 13:50:00+00:00,690.1,697.001,1006.0785829835885,-6942.9483011696975,-0.006999999999999953,3,v3_short,sl,False,A,True,0.032015065913371034,0.004263156805529692,,0.8868778280542987,0.11312217194570125
TATN,-1,2024-06-21 13:20:00+00:00,2024-06-21 21:20:00+00:00,689.0,686.6,1000.6310106039995,2401.514425449576,0.0024383164005805282,48,v3_short,timeout,False,A,True,0.014661053853970131,0.004154310875170218,,0.8415841584158397,0.1584158415841603
TATN,-1,2024-07-12 13:20:00+00:00,2024-07-12 16:10:00+00:00,653.2,659.7320000000001,1058.0462743477806,-6911.158264039744,-0.007000000000000041,17,v3_short,sl,False,A,True,0.014847696311036348,0.0033383627444549054,,0.7422680412371147,0.2577319587628854
TATN,-1,2024-07-30 13:20:00+00:00,2024-07-30 18:10:00+00:00,648.3,638.5754999999999,1058.5809279949754,10294.170234287174,0.010500000000000037,29,v3_short,tp,False,A,True,0.014345210550670916,0.003511014154234891,,0.6021505376344017,0.3978494623655982
TATN,-1,2024-08-07 13:20:00+00:00,2024-08-07 15:50:00+00:00,608.7,614.787,1139.2868979516074,-6934.839347831422,-0.006999999999999987,15,v3_short,sl,False,A,True,0.016428454082470838,0.003191813936022902,,0.7900000000000091,0.20999999999999092
TATN,-1,2024-08-23 13:20:00+00:00,2024-08-23 17:10:00+00:00,603.6,594.546,1140.8706879384715,10329.44320859489,0.010499999999999968,23,v3_short,tp,False,A,True,0.012586949320967246,0.00406157825833216,,0.6973684210526385,0.30263157894736153
TATN,-1,2024-09-04 13:20:00+00:00,2024-09-04 18:10:00+00:00,571.5,577.215,1217.6030752155345,-6958.601574856819,-0.00700000000000004,29,v3_short,sl,False,A,True,0.020122484689413824,0.004291130275382253,,0.7217391304347787,0.27826086956522134
TATN,-1,2024-10-30 13:20:00+00:00,2024-10-30 20:40:00+00:00,549.0,540.765,1258.6323067090677,10364.83704574919,0.010500000000000016,44,v3_short,tp,False,A,True,0.013294481879439206,0.003156680628907898,,0.698630136986298,0.30136986301370206
TATN,-1,2024-11-12 13:20:00+00:00,2024-11-12 21:20:00+00:00,596.8,590.4,1169.9807679545954,7487.876914909384,0.007506702412868605,48,v3_short,timeout,False,A,True,0.024463806970509424,0.0041890080428954425,,0.8150684931506821,0.1849315068493179
TATN,-1,2024-11-13 13:20:00+00:00,2024-11-13 15:00:00+00:00,596.3,587.3554999999999,1179.7518634173055,10552.29054233616,0.010500000000000074,10,v3_short,tp,False,A,True,0.01677289500167729,0.003761920736090443,,0.6899999999999977,0.3100000000000023
TATN,-1,2024-12-26 13:20:00+00:00,2024-12-26 21:20:00+00:00,631.5,629.4,1125.6890570631424,2363.947019832625,0.0023277909738717594,48,v3_short,timeout,False,A,True,0.011084718923198733,0.0034309844286091315,,0.6714285714285779,0.3285714285714221
TATN,-1,2025-01-23 13:20:00+00:00,2025-01-23 21:20:00+00:00,683.0,687.2,1043.231921594813,-4381.574070698262,-0.004304538799414395,48,v3_short,timeout,False,A,True,0.011420204978038001,0.0030886146552325223,,0.5128205128205158,0.48717948717948417
TATN,-1,2025-02-18 10:50:00+00:00,2025-02-18 11:10:00+00:00,744.8,741.8,952.551424006134,2857.654272018402,0.0028195488721804514,2,v3_short,opposite_signal,False,A,True,0.010338345864661716,0.003530030433225898,-8.458646616541292e-05,0.6233766233766138,0.3766233766233862
TATN,1,2025-02-27 19:30:00+00:00,2025-02-28 06:50:00+00:00,718.1,713.0,990.7542940957825,-5052.846899888513,-0.0049714524439493325,68,v3_long,timeout,False,A,True,0.019629681191702664,0.003966280929746265,-0.0004218293192259464,0.3546099290780136,0.6453900709219864
TATN,-1,2025-03-03 19:50:00+00:00,2025-03-04 06:50:00+00:00,712.3,711.3,993.8560518886138,993.8560518886138,0.00098273199494595,66,v3_short,timeout,False,A,True,0.012770137524557988,0.004038101347752117,-0.0002624193095705904,0.8021978021977952,0.19780219780220482
TATN,-1,2025-03-04 19:20:00+00:00,2025-03-05 06:50:00+00:00,716.9,715.0,988.4493862415701,1878.0538338589606,0.0018552099316501381,69,v3_short,timeout,False,A,True,0.0185520993165017,0.003393294826648743,-0.00016738736225414982,0.7894736842105222,0.21052631578947772
TATN,-1,2025-03-05 10:20:00+00:00,2025-03-05 12:30:00+00:00,714.3,721.443,993.887725997876,-7099.340026802857,-0.007000000000000029,13,v3_short,sl,False,A,True,0.0167973124300112,0.003706073694875458,-0.00011898096304591267,0.6916666666666629,0.3083333333333371
TATN,-1,2025-03-06 20:30:00+00:00,2025-03-07 06:50:00+00:00,701.4,700.5,1005.081928516568,904.5737356648884,0.0008982035928143486,62,v3_short,timeout,False,A,True,0.013257305773342772,0.0032466871281655934,-2.851033499644269e-06,0.7204301075268779,0.2795698924731221
TATN,-1,2025-03-13 11:50:00+00:00,2025-03-13 13:10:00+00:00,692.9,699.829,1018.32539511688,-7055.976662764835,-0.006999999999999973,8,v3_short,sl,False,A,True,0.010536951501154669,0.003103348729792126,,0.9452054794520576,0.054794520547942434
TATN,-1,2025-03-27 19:40:00+00:00,2025-03-28 06:50:00+00:00,681.6,675.9,1027.9613888094934,5859.3799162141595,0.005853873239436666,67,v3_short,timeout,False,A,True,0.010121754437435787,0.0030565842297018424,-5.134223265365997e-05,0.8115942028985567,0.1884057971014433
TATN,1,2025-03-28 19:40:00+00:00,2025-03-28 23:50:00+00:00,682.5,687.6,1032.615455756631,5266.3388243588415,0.005230769230769253,25,v3_long,weekend_exit,False,A,True,0.012747252747252814,0.0041264857591388135,0.0002007326007326014,0.22988505747126317,0.7701149425287368
TATN,-1,2025-04-02 10:20:00+00:00,2025-04-02 10:40:00+00:00,657.8,655.7,1076.9937454103863,2261.6868653617134,0.0022347217999390953,2,v3_short,opposite_signal,False,A,True,0.015817490494296545,0.0036719174361760027,4.410646387832838e-05,0.5384615384615309,0.4615384615384691
TATN,-1,2025-04-02 19:30:00+00:00,2025-04-02 19:30:00+00:00,650.6,657.106,1091.3459368839613,-7100.296665367021,-0.00699999999999997,0,v3_short,sl,False,A,True,0.01860393603936043,0.004785124381856046,-0.000352091020910207,0.8677685950413206,0.13223140495867933
TATN,-1,2025-04-03 13:20:00+00:00,2025-04-03 17:20:00+00:00,666.0,656.01,1058.647836142565,10575.891883064234,0.01050000000000001,24,v3_short,tp,False,A,True,0.015465465465465397,0.00343420343420341,,0.8640776699029142,0.13592233009708576
TATN,-1,2025-04-04 10:30:00+00:00,2025-04-04 11:00:00+00:00,653.0,650.9,1091.0606174411841,2291.2272966265114,0.0022511485451761344,3,v3_short,opposite_signal,False,A,True,0.009494640122511382,0.0033273005707921367,3.981623277182096e-05,0.7096774193548429,0.29032258064515715
TATN,-1,2025-04-11 19:20:00+00:00,2025-04-11 23:50:00+00:00,682.5,686.9,1046.251197504369,-4603.5052690192,-0.00451282051282049,27,v3_short,weekend_exit,False,A,True,0.018605332552006932,0.004511561436763378,0.00014503369469674905,0.8582677165354359,0.1417322834645641
TATN,-1,2025-04-15 19:30:00+00:00,2025-04-16 06:50:00+00:00,681.9,684.4,1042.4460897615756,-2606.115224403939,-0.002566358703622232,68,v3_short,timeout,False,A,True,0.012463343108504398,0.0035639475731641503,-4.25219941348987e-05,0.3647058823529439,0.6352941176470561
TATN,-1,2025-04-17 19:20:00+00:00,2025-04-17 20:50:00+00:00,685.8,692.658,1033.8578418654647,-7090.19707951342,-0.007000000000000063,9,v3_short,sl,False,A,True,0.019250401050021942,0.0032649489721512034,-0.0001822954644888435,0.7045454545454487,0.29545454545455135
TATN,-1,2025-04-23 19:20:00+00:00,2025-04-23 19:40:00+00:00,690.2,697.1020000000001,1020.0761663223358,-7040.565699956806,-0.0070000000000000435,2,v3_short,sl,False,A,True,0.012170385395537492,0.003917823286950234,-0.0002434077079107531,0.48809523809524213,0.5119047619047579
TATN,-1,2025-04-29 21:00:00+00:00,2025-04-30 06:50:00+00:00,722.0,721.9,968.3215706450228,96.8321570645243,9.695290858727966e-05,59,v3_short,timeout,False,A,True,0.02133259454218033,0.003725995177126111,-0.0001537609087131169,0.8441558441558454,0.1558441558441546
TATN,1,2025-04-30 19:20:00+00:00,2025-04-30 22:40:00+00:00,707.5,718.1125,988.2628360645253,10487.93934773473,0.010499999999999954,20,v3_long,tp,False,A,True,0.017662851490744664,0.004299642705746981,-0.0002147802741274558,0.03199999999999818,0.9680000000000019
TATN,-1,2025-05-05 20:40:00+00:00,2025-05-06 06:50:00+00:00,682.2,683.3,1035.6750425961095,-1139.2425468556262,-0.0011287012606272886,61,v3_short,timeout,False,A,True,0.012459689240691879,0.0038800040684699604,-0.00032981530343007914,1.0,0.0
TATN,-1,2025-05-06 10:20:00+00:00,2025-05-06 10:20:00+00:00,682.5,689.325,1034.0513469249333,-7057.400442762717,-0.007000000000000046,0,v3_short,sl,False,A,True,0.02418645558487247,0.0037762979715486246,-8.501905599531195e-05,0.8181818181818182,0.18181818181818182
TATN,-1,2025-05-06 19:20:00+00:00,2025-05-07 06:50:00+00:00,690.3,686.3,1015.2105808580808,4060.842323432323,0.004056207446037955,69,v3_short,timeout,False,A,True,0.012023757786469585,0.0035654418221004055,0.00020136172678545362,0.8192771084337339,0.18072289156626606
TATN,-1,2025-05-07 11:20:00+00:00,2025-05-07 17:40:00+00:00,690.0,696.9,1019.77167187353,-7036.424535927334,-0.006999999999999977,38,v3_short,sl,False,A,True,0.018550724637681093,0.0034031132581857147,5.7971014492766795e-06,0.726562499999999,0.273437500000001
TATN,1,2025-05-07 21:10:00+00:00,2025-05-07 23:30:00+00:00,686.7,692.5,1017.4995724735496,5901.497520346542,0.005912334352701279,14,v3_long,opposite_signal,False,A,True,0.016013975833454652,0.004070342651545991,0.0001135536468190414,0.009090909090911158,0.9909090909090889
TATN,-1,2025-05-12 19:20:00+00:00,2025-05-13 06:50:00+00:00,717.9,720.6,979.033298066345,-2643.389904779176,-0.0026326786460510263,69,v3_short,timeout,False,A,True,0.012809802283486556,0.0029722833159997503,-0.00010303536619326219,0.8260869565217375,0.17391304347826247
TATN,-1,2025-05-15 21:20:00+00:00,2025-05-16 06:50:00+00:00,696.1,695.0,1007.0358163316819,1107.739397964873,0.0011061629076282373,57,v3_short,timeout,False,A,True,0.010051694428489374,0.0031151461158846097,-9.046524985640371e-05,0.8428571428571396,0.1571428571428604
TATN,-1,2025-05-27 10:30:00+00:00,2025-05-27 18:30:00+00:00,682.2,681.4,1028.691072012693,822.9528576102246,0.0008208736440927114,48,v3_short,timeout,False,A,True,0.023160363529756603,0.0029650062631592818,-3.957783641161016e-05,0.7658227848101302,0.23417721518986978
TATN,1,2025-05-29 19:20:00+00:00,2025-05-30 06:50:00+00:00,688.2,687.0,1020.5595994295063,-1224.671519315454,-0.0012205754141238472,69,v3_long,timeout,False,A,True,0.012354651162790697,0.003099786426198373,0.00013081395348837207,0.24705882352941444,0.7529411764705856
TATN,-1,2025-06-19 19:20:00+00:00,2025-06-20 06:50:00+00:00,658.7,654.7,1064.9640902745793,4259.856361098317,0.004250797024442083,69,v3_short,timeout,False,A,True,0.0200394716866556,0.003023890594646847,-0.00019584029148322246,0.7878787878787921,0.21212121212120794
TATN,-1,2025-10-07 12:20:00+00:00,2025-10-07 20:20:00+00:00,592.5,597.8,1188.9852248382015,-6301.621691642414,-0.006261603375527372,48,v3_short,timeout,False,A,True,0.014348413234301149,0.003601170380373621,,0.8352941176470615,0.1647058823529385
TATN,-1,2025-10-13 19:40:00+00:00,2025-10-14 09:50:00+00:00,591.9,583.0215,1182.7379802880296,10500.939157987306,0.010500000000000037,85,v3_short,gap_tp,False,A,True,0.010474742355127633,0.003834072909447616,-1.689474573406134e-06,0.9516129032257958,0.0483870967742042
TATN,-1,2025-10-21 12:20:00+00:00,2025-10-21 12:30:00+00:00,599.6,605.596,1179.8086523400195,-7074.132679430734,-0.006999999999999977,1,v3_short,sl,False,A,True,0.012008005336891336,0.0037600824792285697,,0.84722222222222,0.15277777777777998
TATN,-1,2025-10-22 12:10:00+00:00,2025-10-22 15:50:00+00:00,593.1,584.2035,1184.3894369709565,10536.920626012185,0.01050000000000007,22,v3_short,tp,False,A,True,0.0172006745362564,0.0034043001686340653,,0.9509803921568629,0.04901960784313704
TATN,-1,2025-10-28 19:40:00+00:00,2025-10-29 06:50:00+00:00,519.5,522.3,1366.3854080956357,-3825.879142667718,-0.003772858517805521,67,v3_short,timeout,False,A,True,0.01675009626492115,0.003477324699614159,-7.508663842895824e-05,0.6551724137931052,0.34482758620689474
TATN,-1,2025-10-30 10:20:00+00:00,2025-10-30 10:20:00+00:00,536.1,533.8,1319.080589639648,3033.8853561712804,0.003003171050177295,0,v3_short,opposite_signal,False,A,True,0.018093639246409336,0.003153285190218588,-0.00010632344711807583,0.7525773195876324,0.24742268041236762
CHMF,-1,2022-01-11 10:40:00+00:00,2022-01-11 13:00:00+00:00,1562.4,1578.0240000000001,448.02867383512546,-7000.000000000011,-0.0070000000000000106,14,v3_short,sl,False,A,True,0.012804097311139564,0.0030340143628569587,2.9449423815623325e-05,0.8700000000000045,0.12999999999999545
CHMF,-1,2022-01-14 10:20:00+00:00,2022-01-14 10:30:00+00:00,1576.2,1566.4,440.99733536353256,4321.773886562599,0.004352239563507149,1,v3_short,opposite_signal,False,A,True,0.011421319796954314,0.003027556200145027,4.441624365482234e-05,0.7888888888888914,0.21111111111110858
CHMF,-1,2022-01-14 11:40:00+00:00,2022-01-14 12:20:00+00:00,1568.8,1545.268,445.0058909488742,10471.878625808875,0.010499999999999968,4,v3_short,tp,False,A,True,0.017199643266658172,0.0038089631448767827,,0.5851851851851835,0.4148148148148165
CHMF,-1,2022-01-19 19:30:00+00:00,2022-01-20 06:50:00+00:00,1487.0,1494.0,474.41530380542025,-3320.907126637942,-0.003295225285810356,68,v3_short,timeout,False,A,True,0.02394082044384661,0.006752398336604306,0.000242098184263618,0.8988764044943843,0.10112359550561568
CHMF,-1,2022-02-01 11:10:00+00:00,2022-02-01 11:40:00+00:00,1506.8,1521.868,466.6385198898417,-7031.309217700127,-0.006999999999999993,3,v3_short,sl,False,A,True,0.014873837981407763,0.0032587598324650157,-7.835325365205662e-05,0.7053571428571379,0.29464285714286204
CHMF,-1,2022-02-10 10:20:00+00:00,2022-02-10 10:20:00+00:00,1660.2,1663.6,420.55716499073804,-1429.894360968452,-0.0014335622214190487,0,v3_short,opposite_signal,False,A,True,0.019270143321690955,0.003865498987743952,-0.00011321209201493547,0.30000000000000426,0.6999999999999957
CHMF,-1,2022-02-11 10:30:00+00:00,2022-02-11 11:00:00+00:00,1643.8,1646.4,424.14410467510976,-1102.7746721553433,-0.0011071906557976006,3,v3_short,opposite_signal,False,A,True,0.012416311625076136,0.0031428097161511686,-0.00012903225806451502,0.7254901960784259,0.2745098039215741
CHMF,-1,2022-02-11 11:20:00+00:00,2022-02-11 11:40:00+00:00,1645.8,1634.4,423.15964090073925,4824.01990626837,0.004848705796573038,2,v3_short,opposite_signal,False,A,True,0.013242619365812145,0.00350526689975117,-8.504434455108736e-05,0.7706422018348619,0.2293577981651381
CHMF,1,2022-02-11 20:20:00+00:00,2022-02-11 21:30:00+00:00,1630.0,1613.7,429.3330987293401,-6998.129509288225,-0.00699999999999998,7,v3_long,sl,False,A,True,0.018036809815950836,0.0037260548391135585,1.2269938650306748e-05,0.12925170068027117,0.8707482993197289
CHMF,-1,2022-02-16 11:10:00+00:00,2022-02-16 13:20:00+00:00,1667.0,1641.995,416.8651831267682,10423.713904084885,0.010500000000000046,13,v3_short,tp,False,A,True,0.01259748050389922,0.0035485210650177596,0.00014277144571085893,0.6095238095238074,0.39047619047619264
CHMF,-1,2022-02-16 19:20:00+00:00,2022-02-17 06:50:00+00:00,1656.8,1668.0,423.83562289062166,-4746.958976374982,-0.004732013520038647,69,v3_short,timeout,False,A,True,0.00833433989612283,0.0032168925064892406,-0.00013528203889358675,0.7391304347826022,0.26086956521739774
CHMF,-1,2022-02-17 10:40:00+00:00,2022-02-17 11:30:00+00:00,1652.0,1644.8,423.055683245593,3046.000919368289,0.003050847457627138,5,v3_short,opposite_signal,False,A,True,0.013914095583787053,0.0033825192666824397,-0.00024198427102238356,0.6695652173913083,0.3304347826086917
CHMF,-1,2022-09-28 22:40:00+00:00,2022-09-29 09:50:00+00:00,616.4,618.0,1137.2812935841619,-1819.6500697346848,-0.001817001946787826,67,v3_short,timeout,False,A,True,0.014281077572216923,0.004563850856798425,-5.1931191171694545e-05,0.9772727272727223,0.022727272727277717
CHMF,-1,2022-10-03 21:40:00+00:00,2022-10-04 09:50:00+00:00,638.0,639.0,1096.7812450101303,-1096.7812450101303,-0.00109717868338558,73,v3_short,timeout,False,A,True,0.013166144200626924,0.006020088286098136,0.0003699059561128548,0.9285714285714257,0.07142857142857433
CHMF,-1,2022-10-10 21:40:00+00:00,2022-10-11 09:50:00+00:00,589.4,593.0,1185.915655658222,-4269.296360369626,-0.004275534441805253,73,v3_short,timeout,False,A,True,0.00916185951815421,0.00485446978248373,0.0004580929759077028,0.8518518518518418,0.1481481481481583
CHMF,-1,2022-10-20 13:20:00+00:00,2022-10-20 15:10:00+00:00,663.2,669.8320000000001,1049.4423703146822,-6959.901799927037,-0.007000000000000065,11,v3_short,sl,False,A,True,0.01566736968966553,0.004462043931763747,,0.6730769230769246,0.32692307692307543
CHMF,-1,2022-11-03 13:20:00+00:00,2022-11-03 17:00:00+00:00,768.0,775.6800000000001,899.8935530374328,-6911.182487327541,-0.007000000000000057,22,v3_short,sl,False,A,True,0.018489583333333393,0.0037326388888888774,,0.5633802816901391,0.43661971830986096
CHMF,-1,2022-11-22 13:20:00+00:00,2022-11-22 16:20:00+00:00,778.4,786.184,881.6552171012579,-6862.804209916184,-0.006999999999999992,18,v3_short,sl,False,A,True,0.016696634985872077,0.0038408376451017127,,0.7692307692307693,0.23076923076923078
CHMF,-1,2022-12-15 13:20:00+00:00,2022-12-15 21:20:00+00:00,838.8,842.6,812.4421292855005,-3087.2800912849575,-0.0031711969480210395,48,v3_short,timeout,False,A,True,0.016690510252742013,0.0035538297340872594,,0.7714285714285681,0.2285714285714318
CHMF,-1,2022-12-16 13:20:00+00:00,2022-12-16 21:20:00+00:00,853.0,849.8,796.3837772342068,2548.428087149498,0.0026260257913247737,48,v3_short,timeout,False,A,True,0.02626025791324747,0.003985932004689331,,0.7678571428571418,0.23214285714285823
CHMF,-1,2022-12-21 13:20:00+00:00,2022-12-21 16:40:00+00:00,885.2,871.922,769.4298030295786,10216.48892462676,0.010500000000000015,20,v3_short,tp,False,A,True,0.020560325350203267,0.003055537623996733,,0.637362637362641,0.362637362637359
CHMF,-1,2023-02-16 22:40:00+00:00,2023-02-17 09:50:00+00:00,972.8,971.0,707.4946586030239,1273.490385485411,0.0012952302631578621,67,v3_short,timeout,False,A,True,0.015416238437821172,0.0033894750089141475,-0.00025693730729701953,0.8533333333333303,0.1466666666666697
CHMF,-1,2023-02-22 13:20:00+00:00,2023-02-22 17:00:00+00:00,1017.4,1027.574,677.3562484360739,-6891.422471588678,-0.0070000000000000635,22,v3_short,sl,False,A,True,0.015723270440251572,0.003958894878706195,,0.8374999999999986,0.16250000000000142
CHMF,-1,2023-03-21 13:20:00+00:00,2023-03-21 18:40:00+00:00,1054.8,1038.9779999999998,648.7658811421591,10264.773771431317,0.010500000000000077,32,v3_short,gap_tp,False,A,True,0.017254455821008766,0.0031150116474348865,,0.43956043956043844,0.5604395604395616
CHMF,-1,2023-04-12 13:20:00+00:00,2023-04-12 13:30:00+00:00,1021.0,1031.21,677.280698402303,-6915.035930687538,-0.007000000000000025,1,v3_short,sl,False,A,True,0.014109347442680753,0.0030047684368671957,,0.5833333333333327,0.41666666666666735
CHMF,-1,2023-04-21 13:20:00+00:00,2023-04-21 21:20:00+00:00,1013.8,1018.8,677.3161056591734,-3386.580528295867,-0.003452357466956007,48,v3_short,timeout,False,A,True,0.011639376602880207,0.003156441112645489,,0.728813559322029,0.271186440677971
CHMF,-1,2023-05-12 13:20:00+00:00,2023-05-12 21:20:00+00:00,987.6,986.8,692.8842259492334,554.307380759434,0.0005670311867153176,48,v3_short,timeout,False,A,True,0.017614901801984186,0.0037408767921017325,,0.655172413793103,0.344827586206897
CHMF,-1,2023-05-17 13:20:00+00:00,2023-05-17 21:20:00+00:00,1010.8,1008.4,677.3649354115497,1625.6758449877038,0.001662049861495829,48,v3_short,timeout,False,A,True,0.01246537396121886,0.003062166694932821,,0.6984126984126935,0.30158730158730646
CHMF,-1,2023-05-30 13:20:00+00:00,2023-05-30 16:40:00+00:00,1041.2,1025.582,658.6808008120303,10287.276747082247,0.010499999999999957,20,v3_short,tp,False,A,True,0.026892047637341637,0.003997219325686514,,0.9571428571428557,0.04285714285714431
CHMF,-1,2023-05-31 13:20:00+00:00,2023-05-31 21:20:00+00:00,1027.4,1027.2,674.5372236017554,134.90744472038176,0.00013626630328988888,48,v3_short,timeout,False,A,True,0.018486086787312707,0.00413272917651199,,0.7578947368421101,0.24210526315788994
CHMF,-1,2023-06-23 13:20:00+00:00,2023-06-23 14:20:00+00:00,1173.8,1185.538,590.4872880727107,-6931.139787397512,-0.007000000000000035,6,v3_short,sl,False,A,True,0.02197989436019761,0.004714034190946775,,0.8062015503875966,0.19379844961240345
CHMF,-1,2023-07-05 13:20:00+00:00,2023-07-05 21:20:00+00:00,1214.6,1208.2,566.6574846769057,3626.607901932119,0.0036884571052197474,48,v3_short,timeout,False,A,True,0.013833992094861622,0.003638873204090584,,0.6785714285714223,0.3214285714285777
CHMF,-1,2023-07-12 13:20:00+00:00,2023-07-12 21:20:00+00:00,1241.0,1241.0,556.648514439905,-0.0,-0.0,48,v3_short,timeout,False,A,True,0.022404900064474497,0.003369561880200185,,0.8273381294964043,0.17266187050359577
CHMF,-1,2023-07-21 13:20:00+00:00,2023-07-21 21:20:00+00:00,1267.4,1272.0,545.0535004102272,-2507.246101886996,-0.0025406343695754587,48,v3_short,timeout,False,A,True,0.029360694554064756,0.004059082196414478,,0.9032258064516154,0.09677419354838453
CHMF,-1,2023-07-27 13:20:00+00:00,2023-07-27 15:20:00+00:00,1315.4,1328.554,523.8298115771637,-6890.45734148601,-0.006999999999999998,12,v3_short,sl,False,A,True,0.021732522796352516,0.0038211029092488024,,0.7482517482517538,0.25174825174824617
CHMF,-1,2023-08-01 13:20:00+00:00,2023-08-01 21:20:00+00:00,1378.0,1367.2,496.532956465574,5362.555929828177,0.005486211901306218,48,v3_short,timeout,False,A,True,0.020319303338171262,0.0036008017140092548,,0.9357142857142874,0.06428571428571266
CHMF,-1,2023-08-02 13:20:00+00:00,2023-08-02 21:20:00+00:00,1366.0,1360.2,503.642901288756,2921.1288274747617,0.0029721815519765504,48,v3_short,timeout,False,A,True,0.014350563772148125,0.0033679894567286545,,0.6530612244897966,0.34693877551020336
CHMF,-1,2023-08-15 13:20:00+00:00,2023-08-15 21:20:00+00:00,1324.8,1314.6,520.8491797551881,5312.661633502942,0.005389492753623213,48,v3_short,timeout,False,A,True,0.027924528301886794,0.006080862533692749,,0.7513513513513501,0.24864864864864988
CHMF,-1,2023-08-22 13:20:00+00:00,2023-08-22 15:50:00+00:00,1300.2,1313.202,533.5639566859907,-6937.3985648312255,-0.006999999999999974,15,v3_short,sl,False,A,True,0.015846153846153777,0.0038021978021978,,0.6213592233009714,0.37864077669902857
CHMF,-1,2023-08-24 13:20:00+00:00,2023-08-24 16:20:00+00:00,1317.8,1330.978,522.752828568632,-6888.836774877491,-0.00700000000000006,18,v3_short,sl,False,A,True,0.013507360752769733,0.004047149289219398,,0.6629213483146059,0.33707865168539414
CHMF,-1,2023-09-21 13:20:00+00:00,2023-09-21 14:10:00+00:00,1290.2,1270.847,530.1980249149968,10260.922376179968,0.010500000000000034,5,v3_short,tp,False,A,True,0.020303781773093648,0.004893277831901527,,0.931297709923666,0.06870229007633402
CHMF,-1,2023-10-04 13:20:00+00:00,2023-10-04 15:10:00+00:00,1370.0,1383.7,504.55776453186485,-6912.441374086571,-0.007000000000000022,11,v3_short,sl,False,A,True,0.020437956204379562,0.0035106013208203064,,0.8928571428571429,0.10714285714285714
CHMF,-1,2023-10-05 13:20:00+00:00,2023-10-05 21:20:00+00:00,1379.0,1367.4,497.75593070833526,5773.968796216644,0.0058883248730964,48,v3_short,timeout,False,A,True,0.01740391588107324,0.0034807831762146625,,0.7916666666666666,0.20833333333333334
CHMF,-1,2023-11-03 13:20:00+00:00,2023-11-03 20:00:00+00:00,1360.2,1373.8020000000001,507.60712145577565,-6904.472066041506,-0.007000000000000047,40,v3_short,sl,False,A,True,0.01764705882352941,0.003242296918767504,,0.8000000000000019,0.1999999999999981
CHMF,-1,2023-12-20 13:20:00+00:00,2023-12-20 21:20:00+00:00,1324.4,1328.0,517.6790064617312,-1863.6444232621852,-0.001902748414376273,48,v3_short,timeout,False,A,True,0.015856236786469344,0.003681810990781069,,0.68571428571429,0.31428571428570995
CHMF,-1,2024-01-10 13:20:00+00:00,2024-01-10 21:20:00+00:00,1439.8,1443.0,475.2809592038015,-1520.8990694521865,-0.0015557716349493208,48,v3_short,timeout,False,A,True,0.01819697180163915,0.003042750646584513,,0.8625954198473232,0.13740458015267673
CHMF,-1,2024-01-19 13:20:00+00:00,2024-01-19 14:40:00+00:00,1547.8,1563.278,441.4297039107229,-6832.448957130197,-0.00700000000000003,8,v3_short,sl,False,A,True,0.015505879312572685,0.003273463410432,,0.9499999999999981,0.0500000000000019
CHMF,-1,2024-05-29 13:20:00+00:00,2024-05-29 17:10:00+00:00,1878.0,1896.78,361.2684672220584,-6784.621814430247,-0.006999999999999989,23,v3_short,sl,False,A,True,0.023012998082250182,0.005281422178929111,,0.578703703703703,0.4212962962962969
CHMF,-1,2024-06-14 13:20:00+00:00,2024-06-14 21:20:00+00:00,1831.8,1840.2,367.7873928228652,-3089.414099712101,-0.003209957418932232,48,v3_short,timeout,False,A,True,0.02009611183923108,0.003500176829141434,,0.538043478260869,0.461956521739131
CHMF,-1,2024-07-12 13:20:00+00:00,2024-07-12 21:20:00+00:00,1470.0,1458.8,456.8369770769565,5116.574143261933,0.005333333333333355,48,v3_short,timeout,False,A,True,0.019183673469387787,0.004625850340136053,,0.6312056737588626,0.3687943262411374
CHMF,-1,2024-07-30 13:20:00+00:00,2024-07-30 21:20:00+00:00,1419.2,1420.6,475.7130483394936,-665.9982676752261,-0.0006905298759864039,48,v3_short,timeout,False,A,True,0.016626743694518744,0.0032206767447009875,,0.7966101694915265,0.20338983050847342
CHMF,-1,2024-08-07 13:20:00+00:00,2024-08-07 17:00:00+00:00,1372.0,1385.72,491.7388917026507,-6746.6575941603805,-0.007000000000000014,22,v3_short,sl,False,A,True,0.01661807580174924,0.004081632653061221,,0.8245614035087716,0.17543859649122842
CHMF,-1,2024-08-09 13:20:00+00:00,2024-08-09 21:20:00+00:00,1391.2,1380.0,481.5577193071625,5393.446456240242,0.005635422656699276,48,v3_short,timeout,False,A,True,0.01437607820586544,0.0031969659629233816,,0.8100000000000023,0.18999999999999773
CHMF,-1,2024-08-15 13:20:00+00:00,2024-08-15 21:20:00+00:00,1398.4,1383.2,481.7781118560444,7323.0273002118965,0.007608695652173934,48,v3_short,timeout,False,A,True,0.014302059496567505,0.0038887980821619202,,0.6700000000000046,0.32999999999999546
CHMF,-1,2024-09-04 13:20:00+00:00,2024-09-04 14:10:00+00:00,1194.0,1205.94,568.5465919008719,-6788.446307296442,-0.007000000000000033,5,v3_short,sl,False,A,True,0.025963149078726967,0.005575496530270416,,0.6193548387096789,0.3806451612903211
CHMF,-1,2024-09-19 13:20:00+00:00,2024-09-19 21:20:00+00:00,1278.2,1274.8,527.3765594699839,1793.0803021979934,0.0018619934282585384,48,v3_short,timeout,False,A,True,0.020181476846057533,0.003814291674116458,,0.744186046511631,0.255813953488369
CHMF,-1,2024-09-24 13:20:00+00:00,2024-09-24 15:50:00+00:00,1318.0,1298.23,512.40354668139,10130.218117891072,0.01049999999999999,15,v3_short,tp,False,A,True,0.021244309559939303,0.003902016041621496,,0.75,0.25
CHMF,-1,2024-09-27 13:20:00+00:00,2024-09-27 21:20:00+00:00,1284.0,1285.0,531.4945694770996,-531.4945694770996,-0.0005451713395638629,48,v3_short,timeout,False,A,True,0.01697819314641741,0.00353805073431242,,0.8715596330275247,0.12844036697247524
CHMF,-1,2024-10-04 13:20:00+00:00,2024-10-04 16:00:00+00:00,1253.6,1234.7959999999998,544.086615355745,10231.004715149476,0.01050000000000005,16,v3_short,tp,False,A,True,0.019779869197639324,0.004360078694103267,,0.8064516129032199,0.1935483870967801
CHMF,-1,2024-10-08 13:20:00+00:00,2024-10-08 15:20:00+00:00,1218.6,1230.7859999999998,565.5905828906668,-6892.286843105622,-0.006999999999999956,12,v3_short,sl,False,A,True,0.013943569553805773,0.0036245469316335617,,0.8588235294117593,0.14117647058824065
CHMF,-1,2024-10-22 13:20:00+00:00,2024-10-22 21:20:00+00:00,1191.8,1191.4,574.2608520896063,229.70434083576416,0.00023493874811201924,48,v3_short,timeout,False,A,True,0.017971111857574627,0.00331909720556007,,0.626168224299063,0.37383177570093695
CHMF,-1,2024-11-13 13:20:00+00:00,2024-11-13 14:20:00+00:00,1234.6,1216.081,554.4831334513023,10268.47314838467,0.010500000000000004,6,v3_short,tp,False,A,True,0.017174335709656364,0.0042125729099157586,,0.5754716981132039,0.4245283018867961
CHMF,-1,2024-12-19 21:50:00+00:00,2024-12-20 09:50:00+00:00,1046.2,1041.8,661.2051307234248,2909.302575183129,0.0029439877652457118,72,v3_short,timeout,False,A,True,0.018929254302103207,0.00357435517227922,-9.751434034417087e-05,0.8787878787878854,0.1212121212121146
CHMF,-1,2024-12-24 13:20:00+00:00,2024-12-24 16:10:00+00:00,1146.4,1157.864,605.1895669622079,-6937.893195654716,-0.006999999999999963,17,v3_short,sl,False,A,True,0.026871401151631436,0.005226379506609812,,0.6038961038961093,0.3961038961038908
CHMF,-1,2024-12-25 22:00:00+00:00,2024-12-26 09:50:00+00:00,1155.4,1161.4,596.2721086450726,-3577.632651870436,-0.0036351047256361433,71,v3_short,timeout,False,A,True,0.011764705882352863,0.0043429136360426486,0.00022837370242214611,0.9117647058823657,0.08823529411763427
CHMF,-1,2025-01-16 13:20:00+00:00,2025-01-16 15:40:00+00:00,1289.6,1302.4959999999999,532.2801267619476,-6864.284514722054,-0.0069999999999999785,14,v3_short,sl,False,A,True,0.01908160099286372,0.004572787849238334,,0.7073170731707288,0.2926829268292712
CHMF,-1,2025-01-28 10:20:00+00:00,2025-01-28 13:20:00+00:00,1217.2,1229.372,559.9929775812537,-6816.234523119035,-0.007000000000000014,18,v3_short,sl,False,A,True,0.021031876437725854,0.003841760167754254,-0.00017745645744331176,0.546875000000002,0.45312499999999806
CHMF,-1,2025-01-29 11:10:00+00:00,2025-01-29 19:10:00+00:00,1267.6,1260.4,533.9634649303556,3844.536947498463,0.003976017671189549,48,v3_short,timeout,False,A,True,0.017042764715164832,0.0037751423265073077,3.787281047814566e-05,0.7962962962962912,0.20370370370370877
CHMF,-1,2025-02-11 11:50:00+00:00,2025-02-11 13:20:00+00:00,1202.0,1214.02,565.3438136513874,-6795.432640089667,-0.00699999999999999,9,v3_short,sl,False,A,True,0.013144758735441082,0.0033000554631170587,,0.2151898734177248,0.7848101265822752
CHMF,-1,2025-02-19 10:20:00+00:00,2025-02-19 10:40:00+00:00,1322.6,1317.4,510.19693116656964,2653.0240420660693,0.0027521548465143453,2,v3_short,opposite_signal,False,A,True,0.021025563454847945,0.0034070200459551587,0.00022689456965663287,0.3525179856115097,0.6474820143884903
CHMF,-1,2025-02-20 13:10:00+00:00,2025-02-20 18:30:00+00:00,1352.4,1346.8,500.32799319014435,2801.8367618648767,0.002898550724637752,32,v3_short,opposite_signal,False,A,True,0.016565596805206396,0.0034836017717715245,,0.9285714285714329,0.07142857142856708
CHMF,-1,2025-02-21 21:00:00+00:00,2025-02-21 23:10:00+00:00,1372.0,1385.72,494.60995898225696,-6786.0486372365785,-0.007000000000000013,13,v3_short,sl,False,A,True,0.012538270884968688,0.003918581574633052,-2.9158769499930417e-05,0.8372093023255844,0.16279069767441554
CHMF,-1,2025-02-24 19:30:00+00:00,2025-02-24 22:50:00+00:00,1404.4,1418.4440000000002,479.8167400153738,-6738.546296775956,-0.007000000000000048,20,v3_short,sl,False,A,True,0.01694673882084873,0.0036823045937258393,-8.117345485616374e-05,0.7983193277310939,0.20168067226890604
CHMF,-1,2025-03-04 10:20:00+00:00,2025-03-04 16:30:00+00:00,1338.2,1351.582,500.0281327677834,-6691.376472698508,-0.007000000000000031,37,v3_short,sl,False,A,True,0.01255605381165933,0.004014520606448848,0.00017638266068759615,0.75,0.25
CHMF,-1,2025-03-05 10:20:00+00:00,2025-03-05 10:30:00+00:00,1366.8,1380.468,486.1381941315181,-6644.536837389648,-0.007000000000000063,1,v3_short,sl,False,A,True,0.021071115013169415,0.00494725253285393,-0.00021802750951126852,0.8888888888888872,0.11111111111111287
CHMF,-1,2025-03-06 10:50:00+00:00,2025-03-06 15:50:00+00:00,1345.6,1359.0559999999998,490.3407461004653,-6598.025079527814,-0.006999999999999951,30,v3_short,sl,False,A,True,0.009661117717003568,0.0031274772096710267,4.161712247324884e-05,0.8615384615384476,0.13846153846155246
CHMF,-1,2025-03-07 22:40:00+00:00,2025-03-07 23:50:00+00:00,1356.8,1357.2,482.8890701629692,-193.15562806523158,-0.00020636792452834881,7,v3_short,weekend_exit,False,A,True,0.01635238656452567,0.00404675718254301,-0.0001856216853270464,0.6216216216216183,0.3783783783783817
CHMF,-1,2025-03-14 10:20:00+00:00,2025-03-14 11:40:00+00:00,1307.6,1302.8,500.9549414633458,2404.5837190240372,0.002569593147751582,8,v3_short,opposite_signal,False,A,True,0.013916500994035647,0.003750391424347678,-0.00021257072946933921,0.6153846153846115,0.38461538461538847
CHMF,-1,2025-03-18 19:50:00+00:00,2025-03-19 06:50:00+00:00,1343.0,1336.2,489.0036411472731,3325.2247598014346,0.0035443037974683305,66,v3_short,timeout,False,A,True,0.01488095238095238,0.003620019436345951,-0.0002038690476190449,0.65,0.35
CHMF,-1,2025-04-02 10:20:00+00:00,2025-04-02 11:20:00+00:00,1147.4,1140.8,574.3938882627232,3790.9996625340514,0.004026494683632643,6,v3_short,opposite_signal,False,A,True,0.01815008726003506,0.004387933183744707,5.0610820244329684e-05,0.7596153846153867,0.24038461538461328
CHMF,-1,2025-04-02 20:20:00+00:00,2025-04-02 22:40:00+00:00,1155.4,1166.9540000000002,572.7135599415117,-6617.132471564276,-0.007000000000000053,14,v3_short,sl,False,A,True,0.01315561710230227,0.004511203823748646,8.828111476544761e-05,0.6447368421052732,0.3552631578947268
CHMF,-1,2025-04-11 19:30:00+00:00,2025-04-11 21:50:00+00:00,1056.2,1048.2,622.1182109698235,4976.945687758588,0.005302026131414505,14,v3_short,opposite_signal,False,A,True,0.015906078394243472,0.004965818935034709,9.278545729975556e-05,0.8928571428571452,0.10714285714285472
CHMF,-1,2025-04-15 10:20:00+00:00,2025-04-15 11:10:00+00:00,1042.0,1026.37,633.9396510631082,9908.47674611645,0.010500000000000074,5,v3_short,tp,False,A,True,0.017665130568356464,0.004050544949162457,0.000120967741935483,0.652173913043475,0.34782608695652495
CHMF,-1,2025-04-15 19:40:00+00:00,2025-04-16 06:50:00+00:00,1036.0,1043.4,644.3060329440543,-4767.864643786061,-0.0050000000000000626,67,v3_short,timeout,False,A,True,0.01756756756756739,0.00446379323930342,-1.5444015444018954e-05,0.47252747252747224,0.5274725274725277
CHMF,-1,2025-04-16 12:30:00+00:00,2025-04-16 16:30:00+00:00,1037.6,1047.9759999999999,640.0959376247012,-6641.635448793884,-0.0069999999999999845,24,v3_short,sl,False,A,True,0.01753709770668727,0.0038089623978324956,,0.9120879120879049,0.08791208791209519
CHMF,-1,2025-04-17 10:50:00+00:00,2025-04-17 11:40:00+00:00,1051.0,1061.51,627.5113226120211,-6595.144000652336,-0.006999999999999994,5,v3_short,sl,False,A,True,0.01294498381877014,0.003093470397867867,0.00013706453455168563,0.6323529411764681,0.3676470588235319
CHMF,-1,2025-04-17 21:00:00+00:00,2025-04-18 06:50:00+00:00,1056.2,1055.8,620.0509366263752,248.0203746506065,0.00026510130657078553,59,v3_short,timeout,False,A,True,0.02101476713366132,0.0038289454365615823,-3.7864445285842126e-06,0.7117117117117155,0.2882882882882845
CHMF,-1,2025-04-18 10:30:00+00:00,2025-04-18 12:40:00+00:00,1052.8,1037.008,622.2182879246133,9826.071202905441,0.010499999999999943,13,v3_short,tp,False,A,True,0.00930851063829783,0.0031949433545178127,-0.00023556231003039256,0.7959183673469379,0.20408163265306217
CHMF,-1,2025-04-18 20:10:00+00:00,2025-04-18 23:40:00+00:00,1030.0,1022.4,642.6695760864726,4884.288778257206,0.005165048543689335,21,v3_short,opposite_signal,False,A,True,0.012815533980582458,0.004715672676837724,-0.00040194174757281643,0.712121212121214,0.2878787878787859
CHMF,-1,2025-04-23 19:50:00+00:00,2025-04-23 22:40:00+00:00,1068.2,1059.8,622.8877228176809,5232.256871668576,0.005504587155963362,17,v3_short,opposite_signal,False,A,True,0.01609281437125753,0.004078577538799941,-0.000241392215568864,0.7674418604651169,0.2325581395348831
CHMF,-1,2025-04-25 19:30:00+00:00,2025-04-25 23:00:00+00:00,1091.4,1102.314,613.0027902913824,-6690.31245324014,-0.006999999999999991,21,v3_short,sl,False,A,True,0.009895547003848227,0.003601440576230503,0.00012827560930914005,0.7037037037037193,0.2962962962962807
CHMF,1,2025-04-30 19:50:00+00:00,2025-04-30 22:00:00+00:00,1041.6,1057.2239999999997,637.8149256977216,9965.220399101072,0.010499999999999864,13,v3_long,tp,False,A,True,0.014784946236559229,0.004815981692216057,0.00031105990783410225,0.2337662337662265,0.7662337662337735
CHMF,-1,2025-05-07 11:20:00+00:00,2025-05-07 19:20:00+00:00,1011.0,1016.8,664.0194667518472,-3851.3129071606836,-0.004015825914935676,48,v3_short,timeout,False,A,True,0.019576824204073518,0.003779140025926656,-7.118845165117704e-05,0.7474747474747468,0.2525252525252531
CHMF,-1,2025-05-08 10:30:00+00:00,2025-05-08 13:10:00+00:00,1028.4,1025.0,650.16312898785,2210.554638558749,0.0023142746013225042,16,v3_short,opposite_signal,False,A,True,0.01769739401011284,0.0036066617163466497,0.00027421236872811957,0.6263736263736298,0.3736263736263702
CHMF,-1,2025-05-15 20:30:00+00:00,2025-05-16 06:50:00+00:00,1029.8,1031.8,650.7818509400817,-1301.5637018801633,-0.0013594872790833172,62,v3_short,timeout,False,A,True,0.010683760683760575,0.003520289234574945,4.662004662004398e-05,0.7454545454545469,0.254545454545453
CHMF,1,2025-05-22 19:40:00+00:00,2025-05-23 06:50:00+00:00,990.8,996.0,675.4784573140695,3512.487978033192,0.0036737989503431894,67,v3_long,timeout,False,A,True,0.018570851836899452,0.0033450602687582973,0.00010092854259184498,0.15217391304347597,0.8478260869565241
CHMF,-1,2025-05-29 11:50:00+00:00,2025-05-29 13:10:00+00:00,990.8,1000.708,677.9600293615293,-6717.227970914043,-0.007000000000000011,8,v3_short,sl,False,A,True,0.015751211631663996,0.0035271943995691846,,0.8846153846153804,0.11538461538461958
CHMF,1,2025-05-29 19:20:00+00:00,2025-05-29 21:20:00+00:00,992.2,982.278,672.2643998304407,-6670.2073751176495,-0.007000000000000017,12,v3_long,sl,False,A,True,0.013908486192299892,0.003241611097170168,0.00018947792783712916,0.15942028985507628,0.8405797101449237
CHMF,-1,2025-05-30 10:20:00+00:00,2025-05-30 11:00:00+00:00,993.6,987.6,666.6179472113336,3999.7076832680013,0.004227053140096619,4,v3_short,opposite_signal,False,A,True,0.017508553028778403,0.0033445457071941253,1.0062386798148521e-05,0.8620689655172425,0.13793103448275748
CHMF,-1,2025-05-30 12:20:00+00:00,2025-05-30 14:10:00+00:00,993.4,1003.334,669.5705533797751,-6651.513877274665,-0.0069999999999999785,11,v3_short,sl,False,A,True,0.011876006441223786,0.0032877079978529205,,0.7796610169491498,0.22033898305085023
CHMF,-1,2025-06-04 10:30:00+00:00,2025-06-04 11:50:00+00:00,1063.4,1056.2,621.1165394144971,4472.039083784407,0.004739514763964671,8,v3_short,opposite_signal,False,A,True,0.015231289958631109,0.0035385825156415782,0.00022376833396013285,0.6419753086419792,0.3580246913580209
CHMF,-1,2025-06-04 20:40:00+00:00,2025-06-05 06:50:00+00:00,1066.0,1050.01,622.538232056309,9954.386330580386,0.010500000000000006,61,v3_short,gap_tp,False,A,True,0.014446529080675508,0.0037868055289657894,1.6885553470916764e-05,0.8051948051948064,0.19480519480519365
CHMF,-1,2025-06-05 10:20:00+00:00,2025-06-05 18:20:00+00:00,1062.6,1053.0,631.0877336753545,6058.442243283345,0.006324110671936699,48,v3_short,timeout,False,A,True,0.019198193111236463,0.004060122072544439,8.281573498964975e-05,0.7941176470588199,0.20588235294118007
CHMF,-1,2025-07-01 10:30:00+00:00,2025-07-01 11:20:00+00:00,1065.6,1059.4,633.2908552681401,3926.403302662354,0.004072822822822704,5,v3_short,opposite_signal,False,A,True,0.014076576576576579,0.0036599099099098985,7.319819819819992e-05,0.7733333333333273,0.22666666666667273
CHMF,-1,2025-07-01 19:50:00+00:00,2025-07-02 06:50:00+00:00,1054.6,1047.8,642.502576982357,4369.017523479999,0.004513559643466688,66,v3_short,timeout,False,A,True,0.012523719165085432,0.0030244355806838784,-0.00018785578747628254,0.7272727272727179,0.27272727272728214
CHMF,-1,2025-07-24 19:20:00+00:00,2025-07-25 06:50:00+00:00,1029.6,1029.0,661.0737470396558,396.64424822373337,0.0004079254079253461,69,v3_short,timeout,False,A,True,0.012043512043512023,0.002953395810538661,-7.964257964257788e-05,0.7419354838709636,0.2580645161290364
CHMF,-1,2025-08-12 19:30:00+00:00,2025-08-13 06:50:00+00:00,1109.8,1108.8,613.5512533121159,613.5512533121159,0.000630744278248333,68,v3_short,timeout,False,A,True,0.012614885564966661,0.0034718518872677915,-0.0002739232294107014,0.914285714285711,0.08571428571428896
CHMF,-1,2025-10-10 11:30:00+00:00,2025-10-10 16:20:00+00:00,926.6,912.701,735.3212462800611,10220.23000204657,0.010499999999999999,29,v3_short,tp,False,A,True,0.013595166163141896,0.0032369443245576263,,0.8253968253968296,0.17460317460317046
CHMF,-1,2025-10-23 10:20:00+00:00,2025-10-23 18:20:00+00:00,895.0,891.0,769.276902574902,3077.107610299608,0.0031284916201117317,48,v3_short,timeout,False,A,True,0.012293249888243183,0.0038848798348127753,-0.0003017434063477873,0.7272727272727273,0.2727272727272727
SNGS,-1,2022-01-12 20:50:00+00:00,2022-01-13 06:50:00+00:00,40.805,40.95,17154.76044602377,-2487.4402646735,-0.0024874402646735,60,v3_short,timeout,False,A,True,0.01409141036637674,0.003395942374008791,0.000252420046562918,0.8782608695652175,0.1217391304347825
SNGS,-1,2022-01-25 21:00:00+00:00,2022-01-25 21:30:00+00:00,34.6,34.946000000000005,20180.889936841864,-6982.587918147358,-0.007000000000000073,3,v3_short,sl,False,A,True,0.021817656408033393,0.004482070244656165,-9.391706400809215e-05,0.9205298013245092,0.07947019867549077
SNGS,-1,2022-01-26 22:10:00+00:00,2022-01-27 06:50:00+00:00,34.585,34.15,20048.315173399606,8721.017100428873,0.008804394968917205,52,v3_short,timeout,False,A,True,0.01953125000000012,0.005394345238095236,-2.8935185185241105e-06,0.7111111111111125,0.2888888888888875
SNGS,-1,2022-01-28 20:20:00+00:00,2022-01-28 23:50:00+00:00,36.01,35.735,19424.484649884078,5341.733278718094,0.005345737295195751,21,v3_short,weekend_exit,False,A,True,0.011522976537553773,0.0034594429191918434,0.0001249479383590139,0.626506024096382,0.373493975903618
SNGS,-1,2022-02-01 11:40:00+00:00,2022-02-01 17:40:00+00:00,36.54,35.9919,19245.07130644303,10548.223583061388,0.010499999999999964,36,v3_short,tp,False,A,True,0.015051997810618617,0.003760640205348892,,0.9636363636363582,0.03636363636364177
SNGS,-1,2022-02-03 11:50:00+00:00,2022-02-03 19:50:00+00:00,35.72,35.395,19893.579564545667,6465.413358477257,0.0063689809630458295,48,v3_short,timeout,False,A,True,0.01471206389239172,0.0031432441268506926,,0.7619047619047613,0.23809523809523875
SNGS,-1,2022-02-04 19:40:00+00:00,2022-02-04 23:50:00+00:00,36.085,36.1,19817.776122945972,-297.2666418442008,-0.00029097963142581123,25,v3_short,weekend_exit,False,A,True,0.013032025509496711,0.0032594210566522373,-5.96145847774821e-05,0.9361702127659549,0.06382978723404513
SNGS,-1,2022-02-09 10:40:00+00:00,2022-02-09 16:30:00+00:00,36.9,36.3465,19374.427228921802,10723.74547120821,0.010499999999999995,35,v3_short,tp,False,A,True,0.010971149939049197,0.003079930981278935,9.7521332791548e-05,0.5061728395061672,0.4938271604938328
SNGS,-1,2022-02-11 20:10:00+00:00,2022-02-11 21:40:00+00:00,35.555,35.021675,20318.463973479407,10836.34479865586,0.010499999999999959,9,v3_short,tp,False,A,True,0.007874015748031328,0.003607010858336587,-0.0002741844769403808,0.32142857142856507,0.6785714285714349
SNGS,-1,2022-02-17 11:00:00+00:00,2022-02-17 16:40:00+00:00,35.48,34.947799999999994,20575.209355583975,10950.126419041855,0.010500000000000063,34,v3_short,tp,False,A,True,0.01267605633802825,0.003492957746478883,-0.00022816901408450767,0.733333333333325,0.2666666666666751
SNGS,-1,2022-02-18 10:20:00+00:00,2022-02-18 10:20:00+00:00,35.11,35.09,21010.35364367555,420.20707287342736,0.00039874679578459735,0,v3_short,opposite_signal,False,A,True,0.011098463289698365,0.003333604358077913,0.00013801935116676135,0.28205128205128016,0.7179487179487198
SNGS,-1,2022-09-23 23:10:00+00:00,2022-09-23 23:40:00+00:00,20.89,20.8,35326.36004693442,3179.3724042240924,0.0030157970320727574,3,v3_short,opposite_signal,False,A,True,0.012673362027737951,0.005246000839360127,-0.00024629363940698257,0.5849056603773616,0.4150943396226385
SNGS,-1,2022-09-28 22:20:00+00:00,2022-09-29 09:50:00+00:00,18.265,18.415,40525.224312259335,-6078.783646838842,-0.00574869969887758,69,v3_short,timeout,False,A,True,0.011220580186097335,0.005132759179205342,-0.00030377668308702776,0.9756097560975656,0.024390243902434376
SNGS,-1,2022-10-10 21:50:00+00:00,2022-10-11 09:50:00+00:00,18.36,18.4,40083.77306702777,-1603.3509226810766,-0.0015250544662309047,72,v3_short,timeout,False,A,True,0.010348583877995712,0.005190965274998906,0.0005392156862745071,0.5789473684210458,0.4210526315789543
SNGS,-1,2022-10-11 13:20:00+00:00,2022-10-11 21:20:00+00:00,18.575,18.68,39559.39315557216,-4153.736281335094,-0.003956931359353987,48,v3_short,timeout,False,A,True,0.02664155005382137,0.006138192629043005,,0.757575757575756,0.24242424242424396
SNGS,-1,2022-10-13 13:20:00+00:00,2022-10-13 13:50:00+00:00,18.78,18.9678,38972.74294290831,-7319.081124678154,-0.006999999999999973,3,v3_short,sl,False,A,True,0.03033528472591806,0.0050685521680731895,,0.7017543859649157,0.2982456140350843
SNGS,-1,2022-10-25 22:40:00+00:00,2022-10-26 09:50:00+00:00,20.73,20.8,35059.563708661044,-2454.169459606283,-0.002363724071394124,67,v3_short,timeout,False,A,True,0.008693552282057461,0.0033364710288848677,0.00045158174354020884,0.6944444444444455,0.30555555555555447
SNGS,-1,2022-10-28 13:20:00+00:00,2022-10-28 14:00:00+00:00,21.08,21.290799999999997,34395.96001227795,-7250.668370588158,-0.006999999999999967,4,v3_short,sl,False,A,True,0.01707779886148005,0.003512695400740933,,0.8888888888888812,0.1111111111111188
SNGS,-1,2022-12-20 13:20:00+00:00,2022-12-20 19:00:00+00:00,22.095,22.315949999999997,32586.167422466962,-7199.913691994024,-0.006999999999999951,34,v3_short,sl,False,A,True,0.03982801538809697,0.0046228946432612565,,0.6704545454545433,0.32954545454545664
SNGS,-1,2022-12-21 13:20:00+00:00,2022-12-21 16:30:00+00:00,22.545,22.206825000000002,31712.194704591337,10724.271444225165,0.01049999999999999,19,v3_short,tp,False,A,True,0.0204217536071031,0.004101263146768151,,0.771739130434788,0.22826086956521194
SNGS,-1,2022-12-29 13:20:00+00:00,2022-12-29 21:20:00+00:00,21.705,21.825,33285.345294907595,-3994.2414353889444,-0.0038700760193504124,48,v3_short,timeout,False,A,True,0.015200368493781752,0.0033449584347787988,,0.7727272727272654,0.22727272727273462
SNGS,-1,2023-01-10 13:20:00+00:00,2023-01-10 21:20:00+00:00,21.52,21.47,33441.56369057607,1672.0781845288273,0.0016263940520446327,48,v3_short,timeout,False,A,True,0.02277480827329779,0.0038732667131458755,,0.7959183673469367,0.20408163265306328
SNGS,-1,2023-02-17 13:20:00+00:00,2023-02-17 21:20:00+00:00,21.69,21.56,33233.42117797913,4320.344753137372,0.004195481788842868,48,v3_short,timeout,False,A,True,0.022591055786076623,0.004500647654174635,,0.5918367346938807,0.40816326530611935
SNGS,-1,2023-03-22 13:20:00+00:00,2023-03-22 21:20:00+00:00,23.06,23.0,31390.16247517621,1883.4097485105324,0.0018213356461404641,48,v3_short,timeout,False,A,True,0.01431049436253245,0.003252385082393769,,0.6363636363636315,0.36363636363636853
SNGS,-1,2023-04-06 13:20:00+00:00,2023-04-06 16:00:00+00:00,25.38,24.999299999999998,28572.716056009493,10877.63300252284,0.010500000000000027,16,v3_short,tp,False,A,True,0.01753349093774627,0.00498142519419116,,0.6966292134831428,0.3033707865168572
SNGS,-1,2023-05-04 13:20:00+00:00,2023-05-04 21:20:00+00:00,23.535,23.5,31136.17491409759,1089.76612199342,0.0010410027618440662,48,v3_short,timeout,False,A,True,0.019974500637484013,0.00394632991318074,,0.393617021276594,0.6063829787234061
SNGS,-1,2023-05-11 13:20:00+00:00,2023-05-11 21:00:00+00:00,24.14,23.7779,30387.43632513182,11003.290693330282,0.010500000000000047,46,v3_short,tp,False,A,True,0.01698074135431767,0.003214704809237844,,0.7439024390243892,0.2560975609756107
SNGS,-1,2023-05-12 13:20:00+00:00,2023-05-12 21:20:00+00:00,23.92,23.825,30988.922089214608,2943.9475984754627,0.002780100334448231,48,v3_short,timeout,False,A,True,0.018189420865565492,0.004012225839530865,,0.7356321839080487,0.2643678160919512
SNGS,-1,2023-05-19 13:20:00+00:00,2023-05-19 21:20:00+00:00,24.47,24.27,30376.61543493855,6075.323086987689,0.005721291377196547,48,v3_short,timeout,False,A,True,0.02167245961970972,0.004264392324093812,,0.8490566037735817,0.15094339622641825
SNGS,-1,2023-05-31 13:20:00+00:00,2023-05-31 21:20:00+00:00,24.445,24.395,30581.652929181335,1529.0826464590884,0.0014317856412354468,48,v3_short,timeout,False,A,True,0.01840867253016974,0.0034966737768946706,,0.8666666666666692,0.1333333333333307
SNGS,-1,2023-06-09 13:20:00+00:00,2023-06-09 21:20:00+00:00,25.73,25.55,29095.95272857983,5237.271491144361,0.004897007384376206,48,v3_short,timeout,False,A,True,0.020987174504469595,0.003932781818518313,,0.3148148148148164,0.6851851851851836
SNGS,-1,2023-06-23 13:20:00+00:00,2023-06-23 21:20:00+00:00,26.96,26.955,27904.486415065283,139.5224320753978,0.00012982195845703972,48,v3_short,timeout,False,A,True,0.017062314540059378,0.0037180302388017594,,0.760869565217393,0.239130434782607
SNGS,-1,2023-08-18 13:20:00+00:00,2023-08-18 20:40:00+00:00,30.315,30.61815,24819.48274625145,-7524.026194526095,-0.00699999999999997,44,v3_short,sl,False,A,True,0.015336411609498677,0.003965636386480712,,0.6344086021505415,0.3655913978494585
SNGS,-1,2023-08-29 13:20:00+00:00,2023-08-29 21:20:00+00:00,31.45,31.32,23756.305281921927,3088.319686649827,0.002893481717011107,48,v3_short,timeout,False,A,True,0.02257551669316378,0.003626315391021289,,0.8873239436619693,0.11267605633803064
SNGS,-1,2023-09-21 13:20:00+00:00,2023-09-21 15:40:00+00:00,29.24,28.801399999999997,25625.77376529068,11239.464373456518,0.010500000000000025,14,v3_short,tp,False,A,True,0.016415868673050633,0.0037456843202397193,,0.718749999999997,0.281250000000003
SNGS,-1,2023-09-29 13:20:00+00:00,2023-09-29 14:10:00+00:00,30.62,30.9262,24727.8004558628,-7571.652499585201,-0.0070000000000000106,5,v3_short,sl,False,A,True,0.028077048645119146,0.005114811187289138,,0.8837209302325605,0.11627906976743946
SNGS,-1,2023-10-05 23:30:00+00:00,2023-10-06 09:50:00+00:00,33.83,33.925,22224.80322816463,-2111.3563066756146,-0.001965710907478546,62,v3_short,timeout,False,A,True,0.01197870452528841,0.00306031906995272,-2.070393374740999e-05,0.9506172839506097,0.0493827160493903
SNGS,-1,2023-10-18 13:20:00+00:00,2023-10-18 16:10:00+00:00,33.095,32.598575,22673.73149400624,11255.807156912095,0.010500000000000044,17,v3_short,tp,False,A,True,0.011179936546306012,0.0032158504737444145,,0.8513513513513511,0.1486486486486489
SNGS,-1,2023-11-28 13:20:00+00:00,2023-11-28 21:20:00+00:00,31.805,31.895,23841.100732714196,-2145.6990659442745,-0.0019808206256877823,48,v3_short,timeout,False,A,True,0.013356379635449426,0.0032100206518811004,,0.7647058823529382,0.23529411764706176
SNGS,-1,2023-12-21 13:20:00+00:00,2023-12-21 15:20:00+00:00,28.05,27.62925,26979.116558210837,11351.463291867256,0.010500000000000042,12,v3_short,tp,False,A,True,0.01497059347709849,0.0034795597083959362,,0.4761904761904766,0.5238095238095234
SNGS,-1,2023-12-25 21:40:00+00:00,2023-12-26 09:50:00+00:00,27.505,27.5,27802.59021131143,139.0129510565295,0.0001272495909834322,73,v3_short,timeout,False,A,True,0.00781960356428441,0.0038559886584202565,-0.00010365521003818752,0.8837209302325482,0.11627906976745185
SNGS,-1,2024-01-19 13:20:00+00:00,2024-01-19 21:20:00+00:00,28.975,28.71,26395.428915543074,6994.788662618929,0.006402070750647124,48,v3_short,timeout,False,A,True,0.015015533310320978,0.0033860972763285484,,0.8505747126436829,0.14942528735631705
SNGS,-1,2024-02-22 13:20:00+00:00,2024-02-22 17:10:00+00:00,29.065,28.629025000000002,26482.15740208821,11545.558573375385,0.01049999999999998,23,v3_short,tp,False,A,True,0.013076393668272629,0.0035312817487628246,,0.9078947368421055,0.0921052631578945
SNGS,-1,2024-03-14 13:20:00+00:00,2024-03-14 21:20:00+00:00,29.405,29.265,26450.800744535165,3703.112104234938,0.003332766536303363,48,v3_short,timeout,False,A,True,0.012755102040816327,0.0030369290573372377,,0.7733333333333405,0.22666666666665947
SNGS,-1,2024-03-22 13:20:00+00:00,2024-03-22 21:20:00+00:00,28.725,28.455,27167.205373925888,7335.145450960074,0.006579634464752035,48,v3_short,timeout,False,A,True,0.022454308093994763,0.003829416884247181,,0.7286821705426398,0.2713178294573601
SNGS,-1,2024-04-12 13:20:00+00:00,2024-04-12 21:20:00+00:00,31.705,31.635,24775.66870152005,1734.2968091063226,0.0015454975555905287,48,v3_short,timeout,False,A,True,0.0260211323135152,0.004055241399508881,,0.769696969696968,0.23030303030303206
SNGS,-1,2024-04-26 13:20:00+00:00,2024-04-26 14:50:00+00:00,33.77,33.263450000000006,23296.611902519027,11800.898759220947,0.01049999999999994,9,v3_short,tp,False,A,True,0.016878886585726983,0.003348985433675997,,0.824561403508782,0.175438596491218
SNGS,-1,2024-05-23 13:20:00+00:00,2024-05-23 15:00:00+00:00,32.91,33.23909999999999,24156.402706761546,-7949.872130795148,-0.006999999999999934,10,v3_short,sl,False,A,True,0.010786994834396962,0.002966242711001139,,0.8591549295774543,0.14084507042254565
SNGS,-1,2024-06-05 13:20:00+00:00,2024-06-05 14:10:00+00:00,29.09,28.65365,27137.23969020164,11841.33453881951,0.010500000000000021,5,v3_short,tp,False,A,True,0.020622100017185133,0.005286458972659369,,0.6499999999999994,0.3500000000000006
SNGS,-1,2024-06-14 13:20:00+00:00,2024-06-14 15:00:00+00:00,28.955,29.24455,27550.03407926574,-7977.11236765145,-0.007000000000000049,10,v3_short,sl,False,A,True,0.01743784530386737,0.004521836358852939,,0.504950495049504,0.49504950495049604
SNGS,-1,2024-06-19 23:30:00+00:00,2024-06-20 09:50:00+00:00,27.13,27.0,29197.466203751694,3795.670606487691,0.0033542204201990164,62,v3_short,timeout,False,A,True,0.017498618530115966,0.004014720642355286,-0.000259716338183827,0.7052631578947344,0.2947368421052657
SNGS,-1,2024-06-26 13:20:00+00:00,2024-06-26 21:20:00+00:00,28.285,28.15,28099.141860785745,3793.3841512061194,0.0033409934594308324,48,v3_short,timeout,False,A,True,0.010961810466760915,0.0035444871017714084,,0.8548387096774247,0.1451612903225753
SNGS,-1,2024-07-02 13:20:00+00:00,2024-07-02 16:10:00+00:00,30.64,30.1804,26026.09648949638,11961.593946572582,0.01050000000000004,17,v3_short,tp,False,A,True,0.022838499184339292,0.003977316864755689,,0.771428571428571,0.228571428571429
SNGS,-1,2024-07-03 13:20:00+00:00,2024-07-03 15:30:00+00:00,30.065,30.365650000000002,26802.351977407943,-8058.127122007724,-0.007000000000000022,13,v3_short,sl,False,A,True,0.014147802929427454,0.003931266248177046,,0.7764705882352971,0.22352941176470284
SNGS,-1,2024-07-10 13:20:00+00:00,2024-07-10 15:30:00+00:00,28.23,27.80655,28344.74046104727,12002.580348230438,0.010499999999999975,13,v3_short,tp,False,A,True,0.014346439957491944,0.004908658468700965,,0.8024691358024721,0.19753086419752783
SNGS,-1,2024-08-01 13:20:00+00:00,2024-08-01 18:00:00+00:00,28.165,27.742525,28708.461901619943,12128.607441886845,0.010499999999999964,28,v3_short,tp,False,A,True,0.016690340909090995,0.003060741341991352,,0.7553191489361673,0.24468085106383275
SNGS,-1,2024-08-15 13:20:00+00:00,2024-08-15 21:20:00+00:00,26.515,26.235,30815.15574838569,8628.243609548028,0.007392042240241404,48,v3_short,timeout,False,A,True,0.018658122879758668,0.004675748927539341,,0.838383838383841,0.161616161616159
SNGS,-1,2024-09-06 13:20:00+00:00,2024-09-06 15:20:00+00:00,22.985,23.21485,35810.46879247902,-8231.036251951267,-0.006999999999999971,12,v3_short,sl,False,A,True,0.01849031977376553,0.004816805991485129,,0.7647058823529382,0.23529411764706176
SNGS,-1,2024-09-26 13:20:00+00:00,2024-09-26 21:20:00+00:00,24.825,24.865,32924.14500780521,-1316.9658003121801,-0.0011278952668680525,48,v3_short,timeout,False,A,True,0.02114377768828025,0.004171221448708368,,0.7714285714285689,0.2285714285714311
SNGS,-1,2024-10-08 13:20:00+00:00,2024-10-08 21:20:00+00:00,26.2,26.04,31161.0696091048,4985.7711374567725,0.004274809160305347,48,v3_short,timeout,False,A,True,0.01221374045801528,0.0035169029443838456,,0.8437499999999979,0.15625000000000208
SNGS,-1,2024-10-15 13:20:00+00:00,2024-10-15 14:40:00+00:00,25.9,26.159,31656.75921060871,-8199.100635547667,-0.00700000000000001,8,v3_short,sl,False,A,True,0.016599112140513402,0.0036304813374877223,,0.5813953488372097,0.41860465116279033
SNGS,-1,2024-10-30 13:20:00+00:00,2024-10-30 21:20:00+00:00,23.055,22.8,35314.278599431025,9005.141042854877,0.0077423552374755724,48,v3_short,timeout,False,A,True,0.02386634844868738,0.004236018555827634,,0.6181818181818172,0.3818181818181829
SNGS,-1,2024-11-12 13:20:00+00:00,2024-11-12 21:20:00+00:00,25.175,25.105,32590.83582283537,2281.358507598485,0.0019463753723932547,48,v3_short,timeout,False,A,True,0.011921319292668417,0.0034439366845486325,,0.5333333333333325,0.46666666666666745
SNGS,-1,2024-11-13 13:20:00+00:00,2024-11-13 18:30:00+00:00,25.52,25.775199999999998,32212.822993542304,-8220.712427951948,-0.006999999999999959,31,v3_short,sl,False,A,True,0.02254018032144268,0.0034253607362192445,,0.7391304347826063,0.26086956521739374
SNGS,-1,2024-11-28 21:40:00+00:00,2024-11-29 09:50:00+00:00,23.81,23.8,34284.61755966541,342.84617559658585,0.0002939941201175392,73,v3_short,timeout,False,A,True,0.010709785804283873,0.0040113483444616915,-0.00014489710205795836,0.6470588235294109,0.35294117647058904
SNGS,-1,2024-12-04 13:20:00+00:00,2024-12-04 17:00:00+00:00,23.61,23.25585,34585.20696393693,12248.351046278285,0.010500000000000018,22,v3_short,tp,False,A,True,0.02054214315967808,0.004931324499304162,,0.7525773195876265,0.24742268041237347
SNGS,-1,2024-12-11 21:40:00+00:00,2024-12-12 09:50:00+00:00,23.07,23.09,35766.38847641725,-715.3277695283297,-0.0006068487212830387,73,v3_short,timeout,False,A,True,0.011706048124864494,0.002990660821016021,-1.5174506828529675e-05,0.9814814814814852,0.018518518518514864
SNGS,-1,2024-12-19 13:20:00+00:00,2024-12-19 15:10:00+00:00,22.365,22.588649999999998,36871.44434215408,-8246.298527122732,-0.006999999999999977,11,v3_short,sl,False,A,True,0.014978761457634736,0.003662184748703869,,0.7164179104477547,0.2835820895522453
SNGS,-1,2024-12-20 13:20:00+00:00,2024-12-20 13:30:00+00:00,22.645,22.87145,36160.62900169088,-8188.574437432893,-0.006999999999999994,1,v3_short,sl,False,A,True,0.019430337822919024,0.004489585633325946,,0.8068181818181804,0.19318181818181956
SNGS,-1,2025-01-10 21:50:00+00:00,2025-01-10 23:50:00+00:00,23.385,23.4,34771.23975356369,-521.5685963033516,-0.00044900577293127686,12,v3_short,weekend_exit,False,A,True,0.00898011545862736,0.004468240150454018,-1.0690613641225435e-05,0.6904761904762026,0.30952380952379743
SNGS,-1,2025-01-28 10:20:00+00:00,2025-01-28 13:10:00+00:00,27.395,27.66895,29668.200168632033,-8127.603436196723,-0.006999999999999981,17,v3_short,sl,False,A,True,0.022623608830505418,0.003935673886412797,4.926108374384423e-05,0.4596774193548382,0.5403225806451618
SNGS,-1,2025-02-27 10:20:00+00:00,2025-02-27 18:20:00+00:00,28.065,27.91,28757.207240845783,4457.367122331129,0.0038660252984144237,48,v3_short,timeout,False,A,True,0.01425008906305672,0.0033165385855090258,-0.00016387602422515173,0.7375000000000004,0.2624999999999997
SNGS,1,2025-03-05 19:40:00+00:00,2025-03-05 21:30:00+00:00,28.12,27.8388,28811.91956614398,-8101.911781999742,-0.007000000000000047,11,v3_long,sl,False,A,True,0.007112375533428266,0.002964699393270822,0.00012980085348506218,0.20000000000001067,0.7999999999999894
SNGS,1,2025-03-06 19:20:00+00:00,2025-03-07 06:50:00+00:00,27.315,27.26,29453.40801583631,-1619.9374408709887,-0.001409481969613758,69,v3_long,timeout,False,A,True,0.01610836536701451,0.004038298460515453,-0.00016291414973458075,0.09090909090909678,0.9090909090909032
SNGS,-1,2025-03-13 13:20:00+00:00,2025-03-13 15:30:00+00:00,25.845,25.457324999999997,31084.770119712095,12050.788256159434,0.01050000000000004,13,v3_short,tp,False,A,True,0.017991874637260586,0.0038245755018825323,,1.0,0.0
SNGS,-1,2025-03-25 11:10:00+00:00,2025-03-25 11:30:00+00:00,27.445,27.22,29579.939352278037,6655.486354262601,0.00573875022772822,2,v3_short,opposite_signal,False,A,True,0.012024048096192452,0.003496503496503493,0.00013663691018400177,0.8939393939393941,0.1060606060606059
SNGS,-1,2025-03-25 19:30:00+00:00,2025-03-26 06:50:00+00:00,27.185,27.375,30034.22019390306,-5706.5018368416195,-0.004892403899209156,68,v3_short,timeout,False,A,True,0.016550202280250066,0.004631054334201506,-0.00019860242736299816,0.8111111111111089,0.18888888888889108
SNGS,-1,2025-03-27 10:20:00+00:00,2025-03-27 10:20:00+00:00,26.295,26.315,30898.86764348604,-617.9773528697076,-0.0005324206122836927,0,v3_short,opposite_signal,False,A,True,0.015773470163435926,0.0034479013954498393,-0.00013302926643861705,0.5421686746987997,0.4578313253012003
SNGS,-1,2025-03-27 23:40:00+00:00,2025-03-28 07:40:00+00:00,26.185,26.115,31012.149724592582,2170.8504807214895,0.0018713003628031393,48,v3_short,timeout,False,A,True,0.010309278350515446,0.0034714916894592815,-0.0001240931653302798,0.5185185185185083,0.4814814814814917
SNGS,-1,2025-03-28 10:20:00+00:00,2025-03-28 11:50:00+00:00,26.11,26.025,31159.430711411787,2648.5516104700287,0.0022788203753351436,9,v3_short,opposite_signal,False,A,True,0.013407393219689633,0.00361178756122253,-0.00014365064163953265,0.6857142857142854,0.31428571428571456
SNGS,1,2025-03-28 20:40:00+00:00,2025-03-28 23:50:00+00:00,25.55,25.475,31914.940195784377,-2393.6205146838056,-0.002054794520547926,19,v3_long,weekend_exit,False,A,True,0.011932707355242557,0.004000191625946141,-0.00033646322378716724,0.1475409836065631,0.8524590163934369
SNGS,-1,2025-04-01 10:50:00+00:00,2025-04-01 13:00:00+00:00,25.755,25.695,31595.852752553372,1895.751165153162,0.0016307513104251257,13,v3_short,opposite_signal,False,A,True,0.012228260869565128,0.003137939958592123,0.00010481366459627175,0.7142857142857126,0.2857142857142873
SNGS,-1,2025-04-02 21:10:00+00:00,2025-04-03 06:50:00+00:00,25.22,25.265,32318.723769136373,-1454.342569611192,-0.0012490087232355747,58,v3_short,timeout,False,A,True,0.023186682520808456,0.005217306898978375,8.521601268331487e-05,0.7863247863247853,0.21367521367521466
SNGS,-1,2025-04-04 10:50:00+00:00,2025-04-04 11:20:00+00:00,24.865,24.77,32739.19861889771,3110.2238687952454,0.0026744419867283016,3,v3_short,opposite_signal,False,A,True,0.014481094127111804,0.003838160364709042,8.246178600160832e-05,0.8055555555555545,0.19444444444444553
SNGS,-1,2025-04-17 19:20:00+00:00,2025-04-17 20:50:00+00:00,23.51,23.7451,34718.72949243079,-8162.373303670452,-0.006999999999999975,9,v3_short,sl,False,A,True,0.01445885604933021,0.0033630292431665477,-4.252604720391602e-05,0.5882352941176556,0.4117647058823443
SNGS,-1,2025-04-18 10:20:00+00:00,2025-04-18 11:00:00+00:00,23.6,23.836000000000002,34344.223265020286,-8105.23669054481,-0.007000000000000019,4,v3_short,sl,False,A,True,0.012923728813559309,0.0032082324455205663,-0.0001949152542372885,0.7213114754098446,0.27868852459015536
SNGS,-1,2025-04-18 19:20:00+00:00,2025-04-18 23:50:00+00:00,23.635,23.62,34053.310910560496,510.7996636584268,0.0004442563994076749,27,v3_short,weekend_exit,False,A,True,0.016299745977984822,0.004060896162021123,-2.1168501270090824e-06,0.6103896103896157,0.38961038961038436
SNGS,-1,2025-04-23 12:10:00+00:00,2025-04-23 17:10:00+00:00,24.305,23.940424999999998,33129.29698151237,12078.113447034943,0.010500000000000058,30,v3_short,tp,False,A,True,0.0220164609053498,0.0037358539094649854,,0.906542056074765,0.09345794392523495
SNGS,-1,2025-04-23 19:50:00+00:00,2025-04-24 06:50:00+00:00,24.19,24.0,33636.306016890565,6390.8981432092505,0.00549813972716002,66,v3_short,timeout,False,A,True,0.013432527381690549,0.0034414261674911824,2.0665426741072776e-06,0.7846153846153856,0.21538461538461437
SNGS,1,2025-04-30 11:20:00+00:00,2025-04-30 11:40:00+00:00,23.475,23.24025,34851.368317309025,-8181.358712488356,-0.007000000000000054,2,v3_long,sl,False,A,True,0.013628620102214663,0.0033834942267651226,-0.00019378194207836383,0.343750000000009,0.656249999999991
SNGS,1,2025-04-30 19:20:00+00:00,2025-05-02 06:50:00+00:00,23.245,23.455,34949.835239840286,7339.465400366365,0.006323940632393981,213,v3_long,timeout,False,A,True,0.012690901269090046,0.004108849390476769,-0.000126909012690902,0.05084745762712089,0.9491525423728792
SNGS,1,2025-05-07 20:20:00+00:00,2025-05-08 06:50:00+00:00,22.915,22.995,35677.35308445752,2854.1882467566675,0.0024438140955706437,63,v3_long,timeout,False,A,True,0.020951549541684874,0.004636599292707036,9.821038847664526e-05,0.46874999999999517,0.5312500000000049
SNGS,-1,2025-05-29 10:30:00+00:00,2025-05-29 11:00:00+00:00,22.29,22.16,36767.361045449696,4779.756935908424,0.004082548227904859,3,v3_short,opposite_signal,False,A,True,0.012786002691790047,0.003374933724866447,8.299685957828724e-05,0.8070175438596502,0.19298245614034978
SNGS,-1,2025-05-29 11:50:00+00:00,2025-05-29 19:30:00+00:00,22.28,21.945800000000002,36934.03534821406,12343.354613373109,0.010499999999999971,46,v3_short,tp,False,A,True,0.012342908438061136,0.0031941950927588296,,0.8000000000000026,0.19999999999999743
SNGS,-1,2025-05-30 19:30:00+00:00,2025-05-30 23:50:00+00:00,22.01,21.965,37779.67541061202,1700.0853934776053,0.0014311676510677506,26,v3_short,weekend_exit,False,A,True,0.007727272727272805,0.003010204081632667,6.818181818181753e-05,0.6470588235294228,0.35294117647057716
SNGS,-1,2025-09-24 11:20:00+00:00,2025-09-24 19:20:00+00:00,21.49,21.51,38749.21896523989,-774.9843793049189,-0.0006514657980457045,48,v3_short,timeout,False,A,True,0.012563983248022317,0.0030763662685486855,-6.281991624011406e-05,0.8888888888888845,0.11111111111111549
SNGS,-1,2025-10-10 12:00:00+00:00,2025-10-10 13:30:00+00:00,20.675,20.364875,40250.458355380484,12482.673397462346,0.010499999999999976,9,v3_short,tp,False,A,True,0.016203143893591163,0.003482466747279317,,0.7014925373134367,0.2985074626865632
SNGS,-1,2025-10-21 10:30:00+00:00,2025-10-21 11:10:00+00:00,20.57,20.47,40880.704806792186,4088.070480679277,0.0034030140982013123,4,v3_short,opposite_signal,False,A,True,0.01701507049100639,0.004463693817121161,-0.00026251823043266855,0.5428571428571443,0.4571428571428557
SNGS,-1,2025-10-21 11:50:00+00:00,2025-10-21 18:00:00+00:00,20.605,20.295925,40950.14546043148,12656.666208182858,0.010499999999999999,37,v3_short,tp,False,A,True,0.008978403300169972,0.003947261991426043,,0.9189189189189169,0.08108108108108315
SNGS,-1,2025-10-23 10:20:00+00:00,2025-10-23 11:10:00+00:00,19.935,19.9,42770.876024977115,1496.9806608742051,0.0012289942312515728,5,v3_short,opposite_signal,False,A,True,0.012296110414052748,0.004086753898548137,-0.00014052697616060282,0.7551020408163183,0.24489795918368176
SNGS,-1,2025-10-28 10:20:00+00:00,2025-10-28 18:20:00+00:00,19.88,19.78,42941.916500026695,4294.191650002578,0.0035211267605633058,48,v3_short,timeout,False,A,True,0.019124308002013212,0.0031394540705059213,6.0392551585303196e-05,0.8421052631578898,0.1578947368421102
PIKK,-1,2022-01-04 21:30:00+00:00,2022-01-05 06:50:00+00:00,1180.0,1179.0,593.2203389830509,593.2203389830509,0.0005932203389830508,56,v3_short,timeout,False,A,True,0.012966101694915216,0.0038481494292632347,3.135593220339214e-05,0.980392156862748,0.019607843137251987
PIKK,1,2022-01-12 20:30:00+00:00,2022-01-12 21:40:00+00:00,1251.6,1261.5,559.615895044174,5540.197360937373,0.005536912751677903,7,v3_long,opposite_signal,False,A,True,0.02005433045701495,0.003985103149601176,0.00015020773410035304,0.38645418326692643,0.6135458167330736
PIKK,-1,2022-01-12 22:00:00+00:00,2022-01-13 06:50:00+00:00,1259.9,1265.0,559.007375498011,-2850.937615039805,-0.002833558218906211,53,v3_short,timeout,False,A,True,0.01594605315351044,0.003440487658768394,0.0001356604522015066,0.8955223880597055,0.10447761194029445
PIKK,1,2022-01-20 20:30:00+00:00,2022-01-20 22:00:00+00:00,1104.0,1113.6,636.1392536770076,6106.936835299215,0.006086956521739072,9,v3_long,opposite_signal,False,A,True,0.020727733526430207,0.004893304171777334,-0.00040731354091238234,0.5196506550218359,0.480349344978164
PIKK,-1,2022-02-02 23:20:00+00:00,2022-02-03 07:20:00+00:00,981.1,974.1,720.1840707819039,5041.288495473327,0.004994394047497706,48,v3_short,timeout,False,A,True,0.0071275837491090515,0.0034141749562058847,-4.8874859993890174e-05,0.8571428571428571,0.14285714285714285
PIKK,-1,2022-02-04 20:50:00+00:00,2022-02-04 23:50:00+00:00,936.5,945.0,758.2503937970713,-6445.128347275106,-0.006353443673251468,18,v3_short,weekend_exit,False,A,True,0.01698173662287726,0.004647036642276255,-0.0003620634412047431,0.7798742138364777,0.22012578616352232
PIKK,-1,2022-02-08 10:30:00+00:00,2022-02-08 10:40:00+00:00,910.5,909.3,774.9477253683302,929.9372704420315,0.0009225700164744996,1,v3_short,opposite_signal,False,A,True,0.01844937403909505,0.0049417966176147415,-5.2712497254556934e-05,0.25595238095237893,0.7440476190476211
PIKK,-1,2022-02-08 19:50:00+00:00,2022-02-09 06:50:00+00:00,907.0,906.0,778.6558545062559,778.6558545062559,0.0007717750826901874,66,v3_short,timeout,False,A,True,0.0176444640494045,0.0036706786817064696,-0.00034406704896338823,1.0,0.0
PIKK,-1,2022-02-11 19:20:00+00:00,2022-02-11 21:40:00+00:00,943.6,929.446,749.0312835262066,10601.788787029926,0.010499999999999999,14,v3_short,tp,False,A,True,0.01195767195767191,0.004662563438073634,0.0002391534391534382,0.6194690265486751,0.3805309734513249
PIKK,-1,2022-02-14 23:40:00+00:00,2022-02-15 07:00:00+00:00,900.9,909.909,792.7707528984898,-7142.0717128625065,-0.007000000000000012,44,v3_short,sl,False,A,True,0.014867413735715054,0.00661402916875171,0.00012981249306556994,0.6567164179104454,0.3432835820895545
PIKK,1,2022-02-15 10:20:00+00:00,2022-02-15 11:50:00+00:00,908.9,922.5334999999999,780.2923545904343,10638.115816308618,0.010499999999999933,9,v3_long,tp,False,A,True,0.02357607138922549,0.004999554079646613,5.0677536631044495e-05,0.7616822429906529,0.2383177570093471
PIKK,-1,2022-02-15 23:10:00+00:00,2022-02-16 07:00:00+00:00,941.9,951.319,760.8603908680982,-7166.544021586604,-0.006999999999999986,47,v3_short,sl,False,A,True,0.008386411889596579,0.004367606915377626,0.00037791932059447886,0.9873417721518958,0.01265822784810418
PIKK,-1,2022-02-16 19:20:00+00:00,2022-02-16 22:00:00+00:00,946.2,955.662,752.100846907156,-7116.3782134355015,-0.006999999999999991,16,v3_short,sl,False,A,True,0.01384192730346579,0.003997964359031846,-0.00021872358410819997,0.4732824427480943,0.5267175572519057
PIKK,-1,2022-10-03 22:10:00+00:00,2022-10-04 09:50:00+00:00,578.0,579.0,1222.5888522390073,-1222.5888522390073,-0.0012110726643598615,70,v3_short,timeout,False,A,True,0.013667820069204114,0.005952969423063324,0.00017474048442906812,0.7594936708860781,0.24050632911392186
PIKK,-1,2022-10-04 21:40:00+00:00,2022-10-04 23:10:00+00:00,564.1,560.6,1251.1975614209873,4379.191464973455,0.004343201560007091,9,v3_short,opposite_signal,False,A,True,0.01223404255319145,0.004056303372412792,-0.00021453900709219697,0.44927536231884535,0.5507246376811546
PIKK,-1,2022-10-19 23:30:00+00:00,2022-10-20 09:50:00+00:00,608.9,609.0,1164.1747059009042,-116.41747059011689,-0.00011496140581378869,62,v3_short,timeout,False,A,True,0.012173054778746467,0.003263157541351795,-0.00016614574765586295,0.7972972972972967,0.20270270270270332
PIKK,1,2022-11-03 13:20:00+00:00,2022-11-03 21:20:00+00:00,604.9,605.9,1171.7382810276863,1171.7382810276863,0.001157216068771698,48,v3_long,timeout,False,A,True,0.015206611570248009,0.002951593860684743,,0.3152173913043438,0.6847826086956562
PIKK,-1,2023-01-18 13:20:00+00:00,2023-01-18 21:20:00+00:00,616.5,612.2,1151.0214160427684,4949.392088983852,0.004882400648823955,48,v3_short,timeout,False,A,True,0.02497972424979739,0.004055150040551544,,0.8896103896103873,0.11038961038961269
PIKK,-1,2023-02-17 13:20:00+00:00,2023-02-17 21:20:00+00:00,601.8,606.0,1184.8941134141833,-4976.555276339624,-0.004885343968095766,48,v3_short,timeout,False,A,True,0.014625228519195536,0.0031577197939172052,,0.7045454545454505,0.2954545454545496
PIKK,-1,2023-03-22 13:20:00+00:00,2023-03-22 21:20:00+00:00,644.9,642.9,1100.303440470178,2200.606880940356,0.002170879206078462,48,v3_short,timeout,False,A,True,0.022173980462087076,0.004260535040500922,,0.818181818181816,0.181818181818184
PIKK,-1,2023-03-23 13:20:00+00:00,2023-03-23 21:20:00+00:00,645.7,646.6,1101.3258689420409,-991.1932820478117,-0.0009756853027721603,48,v3_short,timeout,False,A,True,0.01858160421183029,0.003421374743765609,,0.6416666666666705,0.35833333333332956
PIKK,-1,2023-03-29 13:20:00+00:00,2023-03-29 21:20:00+00:00,657.8,658.7,1080.0125847954432,-972.0113263159972,-0.0009577379142597503,48,v3_short,timeout,False,A,True,0.02417148069321979,0.0036050905616122485,,0.7358490566037703,0.26415094339622963
PIKK,-1,2023-04-05 13:20:00+00:00,2023-04-05 21:20:00+00:00,651.8,654.2,1088.9105098957061,-2613.3852237497936,-0.002577477753912341,48,v3_short,timeout,False,A,True,0.022859772936483724,0.0038282265959467625,,0.6711409395973114,0.32885906040268864
PIKK,-1,2023-05-11 13:20:00+00:00,2023-05-11 14:40:00+00:00,681.8,671.573,1038.314022724254,10618.837510400921,0.010499999999999976,8,v3_short,tp,False,A,True,0.03432091522440595,0.0035550154353322268,,0.905982905982904,0.09401709401709606
PIKK,-1,2023-06-22 13:20:00+00:00,2023-06-22 21:20:00+00:00,779.9,776.5,917.2402704842634,3118.616919646475,0.0030516732914476013,48,v3_short,timeout,False,A,True,0.016929588303193594,0.003145287870182046,,0.6893939393939388,0.3106060606060613
PIKK,-1,2023-06-23 13:20:00+00:00,2023-06-23 21:20:00+00:00,771.7,772.0,929.815626272424,-278.9446878816849,-0.0002721264740183597,48,v3_short,timeout,False,A,True,0.012953367875647668,0.0030656303972366036,,0.7600000000000022,0.23999999999999772
PIKK,-1,2023-06-30 13:20:00+00:00,2023-06-30 18:20:00+00:00,749.3,756.793,957.3514713905145,-7173.434575129175,-0.0070000000000000505,30,v3_short,sl,False,A,True,0.016426282051282142,0.0032114875864875936,,0.6097560975609723,0.3902439024390278
PIKK,-1,2023-07-11 13:20:00+00:00,2023-07-11 18:20:00+00:00,762.6,770.226,934.0703557701572,-7123.220533103196,-0.006999999999999978,30,v3_short,sl,False,A,True,0.019150052465897197,0.0029668215659821185,,0.6232876712328773,0.3767123287671227
PIKK,-1,2023-08-02 13:20:00+00:00,2023-08-02 13:30:00+00:00,810.0,818.1,873.2540727619132,-7073.357989371517,-0.00700000000000002,1,v3_short,sl,False,A,True,0.011737089201877935,0.003506418628731448,,0.747368421052634,0.25263157894736604
PIKK,-1,2023-08-16 22:50:00+00:00,2023-08-17 09:50:00+00:00,773.8,790.6,907.7079973437446,-15249.494355374973,-0.015197725510467884,66,v3_short,gap_sl,False,A,True,0.014215559576117861,0.006060733934307747,-0.00016670974411992883,0.7181818181818161,0.2818181818181839
PIKK,-1,2023-08-18 13:20:00+00:00,2023-08-18 16:40:00+00:00,778.7,786.4870000000001,888.2879187053128,-6917.098022958301,-0.0070000000000000305,20,v3_short,sl,False,A,True,0.019260400616332822,0.004035512510088782,,0.7133333333333364,0.2866666666666636
PIKK,-1,2023-08-21 22:30:00+00:00,2023-08-22 09:50:00+00:00,848.0,847.8,809.985652924241,161.99713058488504,0.00016509433962267906,68,v3_short,timeout,False,A,True,0.008726415094339596,0.003549768964189444,0.0002158018867924523,0.7972972972972967,0.20270270270270332
PIKK,-1,2023-09-21 13:20:00+00:00,2023-09-21 15:30:00+00:00,747.0,735.795,919.6535899212395,10304.718475067526,0.01050000000000004,13,v3_short,tp,False,A,True,0.03348064818534886,0.00566938975938574,,0.68,0.32
PIKK,-1,2023-10-19 13:20:00+00:00,2023-10-19 21:20:00+00:00,767.4,765.4,904.6058569243069,1809.2117138486137,0.00182434193380245,48,v3_short,timeout,False,A,True,0.014464425332290882,0.0030902118470531267,,0.43243243243242746,0.5675675675675725
PIKK,-1,2023-11-01 13:20:00+00:00,2023-11-01 13:50:00+00:00,718.5,725.6850000000001,967.9345620089173,-6954.6098280341275,-0.007000000000000057,3,v3_short,sl,False,A,True,0.020320111343075885,0.0032673890711468895,,0.8972602739726029,0.1027397260273971
PIKK,-1,2023-11-14 13:20:00+00:00,2023-11-14 16:40:00+00:00,711.0,718.11,971.2978283034925,-6905.927559237844,-0.007000000000000013,20,v3_short,sl,False,A,True,0.05035161744022497,0.0077757685352622076,,0.6675977653631288,0.3324022346368713
PIKK,1,2023-11-22 13:20:00+00:00,2023-11-22 19:00:00+00:00,711.8,704.6,963.4147325545332,-6936.586074392573,-0.007080640629390211,34,v3_long,gap_sl,False,A,True,0.012640449438202247,0.0032303370786516744,,0.19999999999999496,0.800000000000005
PIKK,-1,2023-12-08 13:20:00+00:00,2023-12-08 14:10:00+00:00,654.8,661.348,1039.8640751072724,-6809.029963802422,-0.007000000000000003,5,v3_short,sl,False,A,True,0.01649358582773359,0.003221630741484104,,0.4259259259259193,0.5740740740740807
PIKK,-1,2023-12-12 13:20:00+00:00,2023-12-12 14:10:00+00:00,672.3,679.0229999999999,1005.7067907267295,-6761.366754055759,-0.006999999999999955,5,v3_short,sl,False,A,True,0.028707422281719405,0.005659321589709784,,0.7098445595854904,0.29015544041450964
PIKK,-1,2023-12-13 13:20:00+00:00,2023-12-13 21:20:00+00:00,672.6,671.4,998.2214074899513,1197.865688987987,0.0012488849241748911,48,v3_short,timeout,False,A,True,0.016352014270848817,0.0037022092916250754,,0.6000000000000021,0.3999999999999979
PIKK,-1,2023-12-29 13:20:00+00:00,2023-12-29 21:20:00+00:00,678.8,676.3,990.3391642015806,2475.8479105039514,0.002578078962875663,48,v3_short,timeout,False,A,True,0.021508544490276994,0.0035777422341947973,,0.684931506849314,0.315068493150686
PIKK,-1,2024-01-09 13:20:00+00:00,2024-01-09 21:20:00+00:00,706.1,706.6,954.5040620271712,-477.2520310135856,-0.0004956804985129585,48,v3_short,timeout,False,A,True,0.02039371193881883,0.003756381464921312,,0.4930555555555579,0.5069444444444421
PIKK,-1,2024-01-17 13:20:00+00:00,2024-01-17 21:20:00+00:00,715.4,710.5,941.6287975617503,4613.981108052555,0.004794520547945184,48,v3_short,timeout,False,A,True,0.01846412085606385,0.004382897374924229,,0.5,0.5
PIKK,-1,2024-01-26 13:20:00+00:00,2024-01-26 21:20:00+00:00,731.8,729.3,924.9399132977766,2312.3497832444414,0.002391363760590325,48,v3_short,timeout,False,A,True,0.021590598524186877,0.003032314319551249,,0.6708860759493632,0.3291139240506367
PIKK,-1,2024-02-14 23:10:00+00:00,2024-02-15 09:50:00+00:00,846.5,842.5,801.5235362074235,3206.094144829694,0.003307737743650325,64,v3_short,timeout,False,A,True,0.02220909627879512,0.003387297033402842,-0.00020909627879503893,0.7499999999999984,0.2500000000000015
PIKK,-1,2024-02-15 13:20:00+00:00,2024-02-15 13:20:00+00:00,854.4,862.944,796.7391611668594,-6807.339393009633,-0.006999999999999985,0,v3_short,sl,False,A,True,0.024812734082397057,0.0037899054752987276,,0.8301886792452823,0.1698113207547177
PIKK,-1,2024-02-16 21:40:00+00:00,2024-02-16 23:00:00+00:00,867.3,875.973,779.3944445126922,-6759.688017258581,-0.007000000000000001,8,v3_short,sl,False,A,True,0.012683039317421884,0.005534417156693174,-0.0002836388792805247,0.9636363636363554,0.03636363636364463
PIKK,-1,2024-03-29 13:20:00+00:00,2024-03-29 21:20:00+00:00,889.9,885.8,754.2836499761513,3092.5629649022376,0.003225081469828089,48,v3_short,timeout,False,A,True,0.02067415730337076,0.003226324237560172,,0.4510869565217372,0.5489130434782628
PIKK,-1,2024-04-03 13:20:00+00:00,2024-04-03 21:20:00+00:00,869.8,866.5,774.2030514936865,2554.8700699291303,0.0026557829386065395,48,v3_short,timeout,False,A,True,0.012300264398206744,0.0033775091827741646,,0.36448598130840754,0.6355140186915924
PIKK,-1,2024-05-29 13:20:00+00:00,2024-05-29 20:00:00+00:00,866.4,875.064,779.305428483563,-6751.90223238158,-0.00699999999999999,40,v3_short,sl,False,A,True,0.019155319639972333,0.0040058026441594395,,0.4819277108433728,0.5180722891566272
PIKK,-1,2024-06-13 23:10:00+00:00,2024-06-14 09:50:00+00:00,855.6,859.0,783.6183867174985,-2664.302514839477,-0.002781673679289369,64,v3_short,timeout,False,A,True,0.009119607155384023,0.00327609121516021,0.00014380918975797914,0.7051282051282093,0.29487179487179077
PIKK,-1,2024-06-18 13:20:00+00:00,2024-06-18 21:20:00+00:00,856.1,848.7,780.9822216039064,5779.26843986889,0.006050695012264904,48,v3_short,timeout,False,A,True,0.01366662773040538,0.004166179963399913,,0.7777777777777767,0.2222222222222233
PIKK,-1,2024-06-21 23:00:00+00:00,2024-06-21 23:50:00+00:00,951.9,955.5,706.6334360993933,-2543.880369957832,-0.0026473369051371112,5,v3_short,weekend_exit,False,A,True,0.010615934412444723,0.004762047766342202,0.0003300399411393745,0.9108910891089124,0.08910891089108766
PIKK,-1,2024-06-25 22:30:00+00:00,2024-06-26 09:50:00+00:00,939.5,940.7,714.0645572794486,-856.8774687353708,-0.0008940926024481446,68,v3_short,timeout,False,A,True,0.01223925074499787,0.0030603556876135016,-8.301404853128942e-05,0.6173913043478281,0.3826086956521719
PIKK,-1,2024-07-12 21:40:00+00:00,2024-07-12 23:50:00+00:00,861.6,867.0,777.929244818857,-4200.81792202181,-0.0043871866295264435,13,v3_short,weekend_exit,False,A,True,0.007660167130919247,0.003628749549959255,0.0001891829155060374,0.9848484848484814,0.015151515151518545
PIKK,-1,2024-07-25 13:20:00+00:00,2024-07-25 21:20:00+00:00,844.6,846.5,790.1056888355575,-1501.2008087875413,-0.0015747099218564812,48,v3_short,timeout,False,A,True,0.011605873993368019,0.0031073063995849227,,0.7040816326530621,0.2959183673469378
PIKK,-1,2024-07-31 13:20:00+00:00,2024-07-31 15:10:00+00:00,749.7,757.197,888.7187197870622,-6662.7242422435675,-0.0069999999999999585,11,v3_short,sl,False,A,True,0.014543028685790497,0.0038120651863147,,0.6146788990825742,0.3853211009174257
PIKK,-1,2024-08-07 13:20:00+00:00,2024-08-07 18:20:00+00:00,760.4,768.004,870.0795860794191,-6616.085172547939,-0.007000000000000039,30,v3_short,sl,False,A,True,0.021055402026582445,0.0046622675916003975,,0.7749999999999986,0.22500000000000142
PIKK,-1,2024-08-16 13:20:00+00:00,2024-08-16 16:40:00+00:00,775.4,783.154,847.2752871214943,-6569.772576340083,-0.007000000000000018,20,v3_short,sl,False,A,True,0.016763378465506126,0.003813208068527198,,0.746153846153841,0.2538461538461591
PIKK,-1,2024-08-21 22:10:00+00:00,2024-08-22 09:50:00+00:00,758.1,761.5,860.5440137588294,-2925.84964678,-0.003139427516158797,70,v3_short,timeout,False,A,True,0.0056735717113075,0.003298588204248594,0.00036548357303074346,0.5813953488372154,0.41860465116278456
PIKK,-1,2024-09-03 22:00:00+00:00,2024-09-04 09:50:00+00:00,638.1,636.6,1019.1667796236053,1528.750169435408,0.0016455101081335217,71,v3_short,timeout,False,A,True,0.01003134796238241,0.005770584095707262,7.836990595611286e-05,0.9375000000000033,0.06249999999999667
PIKK,-1,2024-09-20 13:20:00+00:00,2024-09-20 13:40:00+00:00,645.7,652.157,1008.8283215060046,-6514.004471964266,-0.006999999999999992,2,v3_short,sl,False,A,True,0.0188971499380422,0.003097893432465931,,0.8524590163934469,0.1475409836065531
PIKK,-1,2024-09-24 13:20:00+00:00,2024-09-24 16:30:00+00:00,646.7,653.167,1000.2174796135027,-6468.406440660507,-0.006999999999999983,19,v3_short,sl,False,A,True,0.021319326432875128,0.004465435177624274,,0.6449275362318875,0.3550724637681125
PIKK,-1,2024-10-01 13:20:00+00:00,2024-10-01 16:10:00+00:00,648.6,638.871,990.3064439679152,9634.691393363888,0.010500000000000042,17,v3_short,tp,False,A,True,0.019118100524205945,0.0045445868757616956,,0.7016129032258114,0.2983870967741886
PIKK,-1,2024-10-08 13:20:00+00:00,2024-10-08 21:20:00+00:00,631.5,632.8,1027.8021275264364,-1336.1427657843205,-0.0014410134600157847,48,v3_short,timeout,False,A,True,0.011088230635197214,0.0035150445414978766,,0.6142857142857078,0.3857142857142922
PIKK,-1,2024-10-29 22:00:00+00:00,2024-10-30 09:50:00+00:00,571.6,571.0,1133.872889427739,680.3237336566692,0.0007347795661301888,71,v3_short,timeout,False,A,True,0.01749475157452764,0.004527213264592037,-0.00024317704688593577,0.8800000000000068,0.11999999999999318
PIKK,-1,2024-11-19 23:00:00+00:00,2024-11-20 09:50:00+00:00,483.5,483.8,1341.464261035068,-402.4392783105356,-0.00043433298862462867,65,v3_short,timeout,False,A,True,0.010759362714669953,0.004611155449144259,-0.00023794744465135528,0.7115384615384609,0.2884615384615391
PIKK,-1,2024-12-11 21:40:00+00:00,2024-12-12 09:50:00+00:00,388.0,386.5,1670.9182028753555,2506.377304313033,0.002706185567010309,73,v3_short,timeout,False,A,True,0.01572164948453614,0.004502419524510822,9.278350515463975e-05,0.8196721311475379,0.18032786885246208
PIKK,-1,2024-12-16 23:40:00+00:00,2024-12-17 09:50:00+00:00,361.8,356.9,1796.768178078101,8804.164072582756,0.009480375898286411,61,v3_short,timeout,False,A,True,0.011615044247787578,0.0047126151345493845,-0.0002599557522123919,0.7142857142857162,0.28571428571428376
PIKK,-1,2024-12-23 22:50:00+00:00,2024-12-23 23:10:00+00:00,466.9,471.56899999999996,1405.512190360816,-6562.336416794626,-0.006999999999999975,2,v3_short,sl,False,A,True,0.014349967873206231,0.005345723639637905,-0.0008203041336474634,0.9850746268656683,0.014925373134331777
PIKK,-1,2025-01-09 23:20:00+00:00,2025-01-10 09:50:00+00:00,475.4,474.4,1370.7194072101574,1370.7194072101574,0.0014724442574673962,63,v3_short,timeout,False,A,True,0.01135885570046284,0.003751942510281352,1.893142616743986e-05,0.740740740740736,0.25925925925926396
PIKK,1,2025-01-30 20:30:00+00:00,2025-01-31 06:50:00+00:00,700.0,700.0,932.2850139610798,0.0,0.0,62,v3_long,timeout,False,A,True,0.013142857142857208,0.0036384839650145727,5.714285714287013e-06,0.05434782608695626,0.9456521739130438
PIKK,-1,2025-02-03 19:50:00+00:00,2025-02-03 21:00:00+00:00,678.6,685.3860000000001,961.6851013450572,-6525.995097727614,-0.00700000000000006,7,v3_short,sl,False,A,True,0.015325670498084257,0.003557744937055291,-0.000207780725022103,0.9230769230769272,0.07692307692307272
PIKK,-1,2025-02-04 19:30:00+00:00,2025-02-04 21:30:00+00:00,679.1,668.9135,954.2502035110389,9720.46969806522,0.010500000000000025,12,v3_short,tp,False,A,True,0.011485790016197841,0.0032365766215188747,-0.0001663967015167126,0.8846153846153869,0.11538461538461314
PIKK,-1,2025-02-11 10:20:00+00:00,2025-02-11 10:40:00+00:00,688.1,694.981,951.6576689332832,-6548.356419929894,-0.0069999999999999715,2,v3_short,sl,False,A,True,0.016870273414776066,0.004127538158951781,2.9086678301337985e-05,0.5000000000000049,0.4999999999999951
PIKK,-1,2025-02-12 10:50:00+00:00,2025-02-12 14:40:00+00:00,722.0,711.17,900.6257513837136,9753.776887485656,0.01050000000000004,23,v3_short,tp,False,A,True,0.016204986149584395,0.0041262696214219696,0.0003130193905817162,0.5811965811965807,0.4188034188034193
PIKK,-1,2025-02-24 20:50:00+00:00,2025-02-25 06:50:00+00:00,703.9,705.5,933.4840692147766,-1493.5745107436637,-0.001591135104418264,60,v3_short,timeout,False,A,True,0.01903679499928964,0.004117004096709,-0.0005370080977411591,0.932835820895524,0.06716417910447603
PIKK,-1,2025-02-28 10:20:00+00:00,2025-02-28 10:40:00+00:00,647.3,637.5904999999999,1013.4928690912416,9840.509012441458,0.010500000000000053,2,v3_short,tp,False,A,True,0.01898148148148141,0.004218106995884764,3.08641975308642e-05,0.7560975609756089,0.24390243902439115
PIKK,-1,2025-03-03 20:30:00+00:00,2025-03-03 22:20:00+00:00,632.6,638.926,1047.9328018834487,-6629.222904714719,-0.0070000000000000236,11,v3_short,sl,False,A,True,0.016729797979797834,0.0043644351680065885,-0.00018308080808080663,0.5566037735849083,0.4433962264150917
PIKK,-1,2025-03-05 10:20:00+00:00,2025-03-05 11:20:00+00:00,660.2,666.802,997.0945689763244,-6582.818344381669,-0.006999999999999974,6,v3_short,sl,False,A,True,0.020896426408237363,0.005213290646361526,-0.00021199273167777106,0.5579710144927588,0.44202898550724123
PIKK,-1,2025-03-07 10:30:00+00:00,2025-03-07 17:20:00+00:00,673.9,663.7914999999999,969.9864395267876,9805.10792395658,0.010500000000000051,41,v3_short,tp,False,A,True,0.013058317257753308,0.0038851191841249885,0.00014838996883810655,0.7727272727272716,0.22727272727272846
PIKK,-1,2025-03-11 21:00:00+00:00,2025-03-12 06:50:00+00:00,636.0,634.0,1038.580876012377,2077.161752024754,0.00220125786163522,59,v3_short,timeout,False,A,True,0.016823899371069075,0.0038826851495315,-0.0002955974842767289,0.6448598130841141,0.3551401869158859
PIKK,-1,2025-03-12 19:20:00+00:00,2025-03-12 20:00:00+00:00,613.6,611.0,1078.8648148146824,2805.0485185181988,0.00296610169491528,4,v3_short,opposite_signal,False,A,True,0.012385919165580218,0.003814889710773482,-0.00016460234680573885,0.2763157894736864,0.7236842105263136
PIKK,1,2025-03-12 20:20:00+00:00,2025-03-12 20:50:00+00:00,612.4,616.3,1084.1851475069432,4228.322075277054,0.004457870672762875,3,v3_long,opposite_signal,False,A,True,0.014696276943174396,0.0036224156547008065,-2.2860875244935723e-05,0.2555555555555505,0.7444444444444495
PIKK,-1,2025-03-12 21:10:00+00:00,2025-03-12 21:50:00+00:00,616.2,612.8,1082.3025150696947,3679.8285512370603,0.0038623823433951046,4,v3_short,opposite_signal,False,A,True,0.01460564751703992,0.0034411038027674506,-2.109704641350137e-05,0.6777777777777803,0.3222222222222197
PIKK,-1,2025-03-14 10:20:00+00:00,2025-03-14 10:20:00+00:00,602.9,608.929,1110.4506382017114,-6694.906897718114,-0.006999999999999996,0,v3_short,sl,False,A,True,0.012937468900315068,0.003467368038607057,-0.00021230718195388882,0.628205128205129,0.37179487179487103
PIKK,-1,2025-03-26 11:50:00+00:00,2025-03-26 15:40:00+00:00,567.3,558.7905,1171.8742375170266,9972.06382415114,0.010500000000000004,23,v3_short,tp,False,A,True,0.015335801163405686,0.004324578412362635,,0.7241379310344738,0.27586206896552623
PIKK,-1,2025-04-11 19:30:00+00:00,2025-04-11 21:10:00+00:00,428.5,432.785,1567.7589256016684,-6717.846996203188,-0.00700000000000004,10,v3_short,sl,False,A,True,0.014699020065329005,0.006718599712400124,-0.00035464302379841184,0.8253968253968221,0.1746031746031779
PIKK,-1,2025-04-15 22:00:00+00:00,2025-04-16 06:50:00+00:00,421.7,420.3,1581.8880880317117,2214.6433232443605,0.0023239269622954335,53,v3_short,timeout,False,A,True,0.010908228598529815,0.00618971800244878,-0.0002513635285748168,0.9782608695652125,0.021739130434787445
PIKK,1,2025-04-16 20:50:00+00:00,2025-04-17 06:50:00+00:00,425.7,429.2,1570.665861050608,5497.330513677129,0.0057552266854592445,60,v3_long,timeout,False,A,True,0.028188865398167725,0.005014549865048197,0.00048155978388536526,0.058333333333332384,0.9416666666666677
PIKK,-1,2025-04-17 10:40:00+00:00,2025-04-17 11:30:00+00:00,431.0,435.31,1560.2797874914563,-6724.80588408818,-0.007000000000000003,5,v3_short,sl,False,A,True,0.010206448619809868,0.003681179591136935,0.00010206448619809736,0.636363636363634,0.363636363636366
PIKK,-1,2025-04-17 21:00:00+00:00,2025-04-17 21:00:00+00:00,435.8,440.158,1532.292850596503,-6677.732242899567,-0.007000000000000006,0,v3_short,sl,False,A,True,0.021344962129905793,0.00375656344704511,2.9837043837501824e-05,0.8279569892473146,0.17204301075268535
PIKK,1,2025-04-18 11:20:00+00:00,2025-04-18 12:50:00+00:00,433.3,428.967,1530.3457459495185,-6630.988117199305,-0.0070000000000000435,9,v3_long,sl,False,A,True,0.012228887863405657,0.0037344682014732573,-0.0003230272265805287,0.35849056603774154,0.6415094339622585
PIKK,-1,2025-04-25 22:00:00+00:00,2025-04-25 23:50:00+00:00,513.4,511.6,1282.5421114878982,2308.5758006781584,0.002454226723802042,11,v3_short,weekend_exit,False,A,True,0.016160436137071785,0.006230529595015562,9.735202492211838e-06,0.9036144578313179,0.09638554216868213
PIKK,1,2025-04-30 19:20:00+00:00,2025-04-30 22:30:00+00:00,469.1,476.13649999999996,1407.1053572764047,9901.096846475326,0.010499999999999897,19,v3_long,tp,False,A,True,0.01811980387976977,0.004598471236714671,0.00016627584736730053,0.0,1.0
PIKK,-1,2025-05-08 10:20:00+00:00,2025-05-08 14:30:00+00:00,487.6,480.286,1367.9325079796847,10005.058363363443,0.01050000000000003,25,v3_short,tp,False,A,True,0.017651888341543444,0.004642661662366096,0.00022783251231526906,0.7558139534883751,0.2441860465116249
PIKK,-1,2025-05-12 20:20:00+00:00,2025-05-13 06:50:00+00:00,499.6,504.8,1349.0941388015387,-7015.289521767986,-0.007285828662930328,63,v3_short,gap_sl,False,A,True,0.015612489991993618,0.004044051567784828,8.406725380304334e-05,0.6923076923076956,0.3076923076923043
PIKK,-1,2025-05-13 19:20:00+00:00,2025-05-14 06:50:00+00:00,499.0,497.0,1340.8752085771766,2681.7504171543533,0.0028056112224448897,69,v3_short,timeout,False,A,True,0.0092221331194867,0.0031422352421321288,-0.00018644747393744895,0.5869565217391323,0.4130434782608677
PIKK,-1,2025-05-15 11:40:00+00:00,2025-05-15 12:30:00+00:00,502.8,495.258,1334.4748495863548,10064.609315580328,0.01050000000000004,5,v3_short,tp,False,A,True,0.014726368159204048,0.00463887459255447,,0.8243243243243236,0.1756756756756764
PIKK,1,2025-05-15 20:00:00+00:00,2025-05-16 06:50:00+00:00,496.0,497.3,1366.9741550260594,1777.0664015338928,0.0018346774193548547,65,v3_long,timeout,False,A,True,0.01249748034670427,0.004331746808781955,-0.00010078613182826043,0.19354838709677272,0.8064516129032273
PIKK,-1,2025-05-21 11:10:00+00:00,2025-05-21 17:30:00+00:00,481.4,474.179,1411.0160518778546,10188.946910609993,0.010500000000000006,38,v3_short,tp,False,A,True,0.015793848711554495,0.0031092141441268514,-8.312551953449237e-06,0.6578947368421033,0.3421052631578967
PIKK,-1,2025-05-23 19:30:00+00:00,2025-05-23 21:50:00+00:00,478.9,483.68899999999996,1433.2749847805935,-6863.953902114244,-0.006999999999999982,14,v3_short,sl,False,A,True,0.015031315240083484,0.005487623024157461,0.0003799582463465563,0.6111111111111089,0.38888888888889106
PIKK,-1,2025-05-28 19:20:00+00:00,2025-05-28 23:30:00+00:00,532.3,537.6229999999999,1280.4633148223675,-6815.906224799435,-0.006999999999999973,25,v3_short,sl,False,A,True,0.016353383458646703,0.005036826760779502,3.759398496240601e-05,0.9195402298850527,0.08045977011494733
PIKK,-1,2025-05-29 11:40:00+00:00,2025-05-29 16:40:00+00:00,535.6,527.566,1263.6659599002733,10152.292321838786,0.010499999999999987,30,v3_short,tp,False,A,True,0.016813002054922473,0.005153410591547133,,0.8555555555555606,0.14444444444443938
PIKK,-1,2025-05-30 10:20:00+00:00,2025-05-30 10:20:00+00:00,529.9,527.6,1290.6701127531114,2968.5412593320975,0.003038309114927285,0,v3_short,opposite_signal,False,A,True,0.0330188679245283,0.0049415992812219325,0.0001320754716981132,0.8514285714285701,0.14857142857142988
PIKK,-1,2025-05-30 12:10:00+00:00,2025-05-30 12:30:00+00:00,529.6,534.8960000000001,1295.324908665797,-6860.040716294125,-0.007000000000000064,2,v3_short,sl,False,A,True,0.015483383685800689,0.004856259441087617,,0.6463414634146388,0.3536585365853611
PIKK,-1,2025-05-30 19:20:00+00:00,2025-05-30 21:00:00+00:00,534.8,533.0,1273.7510155721773,2292.7518280298614,0.002356020942408318,10,v3_short,opposite_signal,False,A,True,0.00822583660497285,0.003761908577227859,0.00018508132361189179,0.8181818181818017,0.18181818181819825
PIKK,-1,2025-06-03 19:20:00+00:00,2025-06-04 06:50:00+00:00,598.9,601.4,1140.1018023169497,-2850.2545057923744,-0.002922023710135248,69,v3_short,timeout,False,A,True,0.03239271998664214,0.005435134481242808,3.5064284521625256e-05,0.9123711340206161,0.0876288659793839
PIKK,-1,2025-06-04 10:20:00+00:00,2025-06-04 11:30:00+00:00,597.3,592.4,1139.8154884539872,5585.095893424512,0.0057425079524526775,7,v3_short,opposite_signal,False,A,True,0.027461486939048856,0.005214811979714848,4.6885465505692474e-05,0.5304878048780454,0.46951219512195463
PIKK,1,2025-06-04 13:00:00+00:00,2025-06-04 14:00:00+00:00,592.1,586.179,1156.4285735162366,-6847.213583789694,-0.007000000000000058,6,v3_long,sl,False,A,True,0.017730496453900707,0.0047920260686218075,,0.2952380952380974,0.7047619047619026
PIKK,-1,2025-06-10 10:20:00+00:00,2025-06-10 10:20:00+00:00,560.4,559.0,1213.2910579413115,1698.6074811178084,0.0017487508922198146,0,v3_short,opposite_signal,False,A,True,0.02605746921292169,0.0049463297723158555,0.00031768695341781515,0.6164383561643826,0.3835616438356174
PIKK,1,2025-06-11 19:50:00+00:00,2025-06-13 06:50:00+00:00,552.0,554.9,1233.9082139621255,3578.333820490136,0.003677536231884029,210,v3_long,timeout,False,A,True,0.01358203549438609,0.0042760313107495776,0.0003531329228540384,0.06666666666666667,0.9333333333333333
PIKK,-1,2025-06-23 22:40:00+00:00,2025-06-24 06:50:00+00:00,533.8,532.5,1280.6709774848941,1664.872270730304,0.0017047583364555416,49,v3_short,timeout,False,A,True,0.012176845260397154,0.003509684128428466,0.0001629823904083935,0.8923076923076854,0.10769230769231469
PIKK,1,2025-06-25 19:30:00+00:00,2025-06-25 21:40:00+00:00,557.9,552.321,1227.4378533266674,-6847.875783709417,-0.0069999999999999386,13,v3_long,sl,False,A,True,0.013801756587202089,0.003621452165738128,0.00012188564258827666,0.9870129870129841,0.012987012987015864
PIKK,-1,2025-07-02 10:40:00+00:00,2025-07-02 10:40:00+00:00,599.3,597.5,1134.6471972673974,2042.3649550812636,0.0021024528616718978,0,v3_short,opposite_signal,False,A,True,0.013186446336170884,0.003817320183173296,-2.670672675680035e-05,0.6708860759493632,0.3291139240506367
PIKK,-1,2025-07-02 12:20:00+00:00,2025-07-02 14:20:00+00:00,600.3,606.303,1135.1386320021788,-6814.237207909128,-0.00700000000000005,12,v3_short,sl,False,A,True,0.013993003498250839,0.0038869454161807814,,0.7261904761904673,0.27380952380953266
PIKK,-1,2025-07-03 10:20:00+00:00,2025-07-03 10:20:00+00:00,615.4,621.554,1099.5348630896517,-6766.537547453712,-0.006999999999999996,0,v3_short,sl,False,A,True,0.01884646628757112,0.003396386986963752,0.0002339561332250218,0.8620689655172397,0.1379310344827603
PIKK,1,2025-07-03 20:00:00+00:00,2025-07-04 06:50:00+00:00,625.8,625.0,1073.6931582968266,-858.9545266374124,-0.0008948545861297031,65,v3_long,timeout,False,A,True,0.02285075103867043,0.004399266897554781,0.0002540747842761244,0.2307692307692283,0.7692307692307717
PIKK,-1,2025-07-04 19:30:00+00:00,2025-07-04 23:50:00+00:00,627.0,628.2,1070.6792827647653,-1284.815139317767,-0.0013397129186603378,26,v3_short,weekend_exit,False,A,True,0.009090909090908983,0.0038863392246850812,5.263157894736769e-05,0.6666666666666666,0.3333333333333333
PIKK,-1,2025-07-10 11:00:00+00:00,2025-07-10 15:10:00+00:00,642.0,632.37,1044.262522890943,10056.248095439776,0.010499999999999995,25,v3_short,tp,False,A,True,0.010278772776826074,0.004447905310699245,0.00041115091107304296,0.28787878787878346,0.7121212121212166
PIKK,1,2025-07-11 20:30:00+00:00,2025-07-11 23:50:00+00:00,619.3,617.2,1093.905883033737,-2297.2023543707483,-0.0023736476667203885,20,v3_long,weekend_exit,False,A,True,0.010658914728682207,0.0037836840162421615,-0.0003423772609819092,0.4848484848484728,0.5151515151515271
PIKK,-1,2025-07-16 10:20:00+00:00,2025-07-16 12:00:00+00:00,654.0,660.54,1033.4065316739047,-6758.478717147299,-0.00699999999999996,10,v3_short,sl,False,A,True,0.014373088685015255,0.0037570991699432082,1.22324159021365e-05,0.36170212765957294,0.6382978723404271
PIKK,-1,2025-07-22 13:00:00+00:00,2025-07-22 21:00:00+00:00,657.0,655.0,1021.4869659250086,2042.9739318500172,0.00213089802130898,48,v3_short,timeout,False,A,True,0.012024353120243497,0.003200460734707299,,0.746835443037974,0.25316455696202605
PIKK,-1,2025-07-30 10:20:00+00:00,2025-07-30 10:40:00+00:00,619.5,625.695,1085.628762493988,-6725.47018365031,-0.007000000000000056,2,v3_short,sl,False,A,True,0.014373385012919859,0.0030607850375291936,3.552971576227463e-05,0.7303370786516873,0.26966292134831277
PIKK,-1,2025-07-31 13:00:00+00:00,2025-07-31 15:50:00+00:00,613.5,619.635,1088.5724355932691,-6678.391892364696,-0.006999999999999991,17,v3_short,sl,False,A,True,0.01809290953545236,0.0032776052335954627,,0.7567567567567531,0.24324324324324684
PIKK,-1,2025-08-06 19:50:00+00:00,2025-08-06 20:20:00+00:00,621.5,627.715,1067.0383184421805,-6631.643149118186,-0.007000000000000036,3,v3_short,sl,False,A,True,0.01947529373893453,0.0033044603645417357,1.4485755673585445e-05,0.5537190082644655,0.4462809917355345
PIKK,1,2025-09-19 12:40:00+00:00,2025-09-19 20:40:00+00:00,583.9,581.8,1127.7995627803264,-2368.379081838711,-0.0025175543757492997,48,v3_long,timeout,False,A,True,0.01712622024319233,0.0033909916081520785,,0.23999999999999772,0.7600000000000022
PIKK,-1,2025-09-22 20:50:00+00:00,2025-09-23 06:50:00+00:00,562.8,560.2,1167.1362817166762,3034.5543324632517,0.003233830845771031,60,v3_short,timeout,False,A,True,0.021851128086694028,0.004778461393439959,-0.0002398294546100551,0.8455284552845463,0.15447154471545368
PIKK,-1,2025-09-24 22:00:00+00:00,2025-09-25 06:50:00+00:00,563.1,566.0,1170.286782779026,-3393.8316700591486,-0.003605043509145771,53,v3_short,timeout,False,A,True,0.00976389135451802,0.004006999568867123,0.00041363394283685346,0.7272727272727273,0.2727272727272727
PIKK,-1,2025-09-26 12:50:00+00:00,2025-09-26 13:20:00+00:00,549.1,554.591,1195.798224756562,-6566.128052138264,-0.00699999999999998,3,v3_short,sl,False,A,True,0.012383900928792487,0.0033843258665695423,,0.8235294117647147,0.17647058823528528
PIKK,-1,2025-10-02 10:20:00+00:00,2025-10-02 12:40:00+00:00,521.3,526.5129999999999,1250.7510369793429,-6520.165155773271,-0.006999999999999953,14,v3_short,sl,False,A,True,0.020913277052954673,0.00490626027847821,-0.00035495011511895623,0.6605504587155915,0.3394495412844086
PIKK,1,2025-10-02 20:00:00+00:00,2025-10-02 21:00:00+00:00,524.9,519.651,1233.4776147233572,-6474.523999682931,-0.007000000000000032,6,v3_long,sl,False,A,True,0.016003048199657036,0.0037480414150800473,0.00029338921699371485,0.08333333333332543,0.9166666666666745
PIKK,-1,2025-10-03 10:50:00+00:00,2025-10-03 12:20:00+00:00,528.3,520.3755,1216.960501927905,9643.803497527642,0.010499999999999957,9,v3_short,tp,False,A,True,0.012303615370054893,0.003233642501104171,0.00013817906492523104,0.6769230769230734,0.3230769230769266
PIKK,-1,2025-10-07 20:20:00+00:00,2025-10-08 06:50:00+00:00,536.9,539.6,1210.0407815548174,-3267.110110198062,-0.003520208604954427,63,v3_short,timeout,False,A,True,0.01323639075316932,0.003983472583664357,-0.00011931394481730221,0.7183098591549305,0.28169014084506955
PIKK,-1,2025-10-13 20:10:00+00:00,2025-10-13 21:20:00+00:00,422.1,418.6,1533.721673867905,5368.025858537668,0.005804311774461028,7,v3_short,opposite_signal,False,A,True,0.013503909026297058,0.005289393653694594,-0.00019900497512437485,0.7894736842105279,0.21052631578947212
PIKK,-1,2025-10-20 22:50:00+00:00,2025-10-21 06:50:00+00:00,425.7,426.0,1529.5784276265426,-458.8735282879802,-0.000493305144467954,48,v3_short,timeout,False,A,True,0.014799154334038082,0.0038639839304291114,0.00014799154334037948,0.9047619047619013,0.09523809523809867
PIKK,-1,2025-10-22 11:00:00+00:00,2025-10-22 13:10:00+00:00,402.1,398.6,1618.5534075374721,5664.936926381152,0.006093011688634668,13,v3_short,opposite_signal,False,A,True,0.019637086751180796,0.005021128511061408,0.000213770817797664,0.6582278481012688,0.3417721518987313
PIKK,1,2025-10-22 19:40:00+00:00,2025-10-22 22:00:00+00:00,396.8,392.832,1650.1657787784384,-6547.857810192872,-0.0070000000000000305,14,v3_long,sl,False,A,True,0.021169354838709763,0.00533348420013166,-7.308467741935713e-05,0.1904761904761924,0.8095238095238075
PIKK,-1,2025-10-28 20:30:00+00:00,2025-10-29 06:50:00+00:00,383.7,382.4,1694.5589798075305,2202.9266737498087,0.0023716445139432057,62,v3_short,timeout,False,A,True,0.01277039353661709,0.00374442192827091,0.0001198853270784473,0.938775510204079,0.061224489795920975
PIKK,-1,2025-10-29 10:20:00+00:00,2025-10-29 13:40:00+00:00,385.4,389.25399999999996,1691.0854416807845,-6517.443292237718,-0.006999999999999974,20,v3_short,sl,False,A,True,0.015572281339216195,0.0036953270797028667,0.00012976901116013497,0.8999999999999962,0.1000000000000038
PLZL,-1,2022-01-14 11:10:00+00:00,2022-01-14 13:00:00+00:00,1227.55,1209.13675,570.2415380228912,10500.000000000036,0.010500000000000037,11,v3_short,tp,False,A,True,0.012380874806548868,0.00317015557546634,8.471124867639119e-05,0.401315789473677,0.5986842105263229
PLZL,-1,2022-01-17 21:10:00+00:00,2022-01-18 06:50:00+00:00,1164.2,1164.0,607.5846074557636,121.51692149118036,0.00012025425184678907,58,v3_short,timeout,False,A,True,0.021388077649888412,0.003930175402921867,-0.0004483765676000671,0.91164658634538,0.08835341365461997
PLZL,-1,2022-01-18 21:00:00+00:00,2022-01-19 07:00:00+00:00,1136.5,1129.5,622.4681582446491,4357.2771077125435,0.004311482622085349,60,v3_short,timeout,False,A,True,0.02621854654231916,0.005845396402446262,-0.00017288404011965192,0.7214765100671152,0.2785234899328848
PLZL,-1,2022-01-25 20:50:00+00:00,2022-01-25 21:10:00+00:00,1199.85,1211.8484999999998,592.1449813063655,-7104.85155820438,-0.006999999999999955,2,v3_short,sl,False,A,True,0.021166666666666743,0.004981292517006824,-0.00045083333333333255,0.6003937007873994,0.3996062992126006
PLZL,-1,2022-01-27 10:20:00+00:00,2022-01-27 10:20:00+00:00,1201.3,1190.9,587.290235353117,6107.818447672337,0.006060101556646887,0,v3_short,opposite_signal,False,A,True,0.019909200716398092,0.005129028995079224,-0.0001632721062934725,0.7238493723849326,0.2761506276150674
PLZL,-1,2022-01-27 20:00:00+00:00,2022-01-28 06:50:00+00:00,1187.75,1195.0,597.5897559613304,-4332.525730719645,-0.004272784676910124,65,v3_short,timeout,False,A,True,0.015619737285281203,0.0035915342897010686,-0.00015367126978780736,0.9029649595687353,0.09703504043126464
PLZL,-1,2022-02-02 19:20:00+00:00,2022-02-03 06:50:00+00:00,1223.4,1220.75,577.6969630795867,1530.8969521609572,0.0015162661435344643,69,v3_short,timeout,False,A,True,0.015208503679476622,0.0033924608273399335,-0.00019991823385118784,0.9354838709677514,0.0645161290322486
PLZL,1,2022-02-03 20:00:00+00:00,2022-02-04 07:00:00+00:00,1206.85,1224.9527499999997,586.5070990579435,10617.391387471062,0.010499999999999877,66,v3_long,tp,False,A,True,0.014956291171230854,0.003793819802437269,-2.361519658615705e-05,0.016620498614955972,0.983379501385044
PLZL,-1,2022-02-04 11:00:00+00:00,2022-02-04 16:30:00+00:00,1220.85,1202.5372499999999,585.8690801239374,10728.873997039664,0.01050000000000003,33,v3_short,tp,False,A,True,0.00889016346429588,0.0032109058134294787,6.473022245892982e-05,0.4792626728110472,0.5207373271889528
PLZL,-1,2022-02-08 19:20:00+00:00,2022-02-09 07:00:00+00:00,1209.0,1208.7,597.8233897992031,179.34701693973375,0.0001736972704714377,70,v3_short,timeout,False,A,True,0.023420366615632852,0.0032773650694191726,-0.00011958455745438221,0.9823321554770318,0.017667844522968226
PLZL,-1,2022-02-09 10:30:00+00:00,2022-02-09 10:30:00+00:00,1206.65,1203.9,599.0917177135825,1647.502223712352,0.001595325902291468,0,v3_short,opposite_signal,False,A,True,0.010109380178985786,0.0034368735893429442,-7.87205833609772e-06,0.5368852459016522,0.46311475409834774
PLZL,-1,2022-02-09 12:00:00+00:00,2022-02-09 16:20:00+00:00,1207.65,1219.7265000000002,599.5505922541241,-7240.472727357004,-0.007000000000000071,26,v3_short,sl,False,A,True,0.01308488612836435,0.0037998619737750258,,0.7721518987341823,0.22784810126581767
PLZL,-1,2022-02-10 10:20:00+00:00,2022-02-10 11:30:00+00:00,1235.65,1226.6,581.862940012579,5265.8596071139455,0.0051268563104439994,7,v3_short,opposite_signal,False,A,True,0.019634832597870532,0.003167405985105677,0.00015100603214444834,0.7505154639175277,0.24948453608247234
PLZL,-1,2022-02-10 20:20:00+00:00,2022-02-10 21:30:00+00:00,1254.5,1244.6,576.058225230389,5702.976429780903,0.005524113192507026,7,v3_short,opposite_signal,False,A,True,0.015025307879319206,0.0039017161206677145,0.00024869475110597645,0.7214854111405822,0.27851458885941777
PLZL,-1,2022-02-11 10:50:00+00:00,2022-02-11 11:30:00+00:00,1224.75,1219.7,593.310575262192,2996.2184050740425,0.0028863033272096086,4,v3_short,opposite_signal,False,A,True,0.014084507042253521,0.0040688575899843395,-0.0002424984690753237,0.7275362318840554,0.27246376811594464
PLZL,-1,2022-02-17 21:40:00+00:00,2022-02-18 06:50:00+00:00,1331.9,1333.0,547.1540505562891,-601.8694556118683,-0.0005781214805915882,55,v3_short,timeout,False,A,True,0.015465465465465397,0.004220291720291717,0.0002631381381381395,0.9563106796116569,0.043689320388343084
PLZL,-1,2022-02-18 10:20:00+00:00,2022-02-18 10:50:00+00:00,1329.1,1322.2,547.9897459310761,3781.1292469243504,0.003634038070874957,3,v3_short,opposite_signal,False,A,True,0.014801702384091064,0.004609278459604232,-6.704078942412784e-05,0.6157760814249289,0.3842239185750711
PLZL,-1,2022-02-18 11:30:00+00:00,2022-02-18 11:50:00+00:00,1329.85,1321.6,549.6709867953831,4534.785641061911,0.004342595029514607,2,v3_short,opposite_signal,False,A,True,0.011398262047172902,0.004373095587405473,,0.7722772277227672,0.22772277227723278
PLZL,-1,2022-09-14 13:20:00+00:00,2022-09-14 21:20:00+00:00,808.4,812.8,908.1572386672235,-3995.891850135763,-0.003809995051954459,48,v3_short,timeout,False,A,True,0.016512059369202255,0.003716464940954745,,0.48689138576778945,0.5131086142322105
PLZL,-1,2022-10-18 13:20:00+00:00,2022-10-18 14:00:00+00:00,537.3,542.673,1361.1710170174736,-7313.57187443495,-0.007000000000000063,4,v3_short,sl,False,A,True,0.03237510466089864,0.0066628567884498705,,0.6954022988505704,0.3045977011494296
PLZL,-1,2022-10-27 13:20:00+00:00,2022-10-27 13:50:00+00:00,614.3,620.443,1182.2199041695978,-7262.376871313874,-0.007000000000000034,3,v3_short,sl,False,A,True,0.020828248311772768,0.004447698858243157,,0.726562499999999,0.273437500000001
PLZL,-1,2022-11-08 13:20:00+00:00,2022-11-08 17:10:00+00:00,614.35,620.4935,1173.848821228069,-7211.540233214662,-0.00700000000000002,23,v3_short,sl,False,A,True,0.024741596809636272,0.005224259476721409,,0.5164473684210525,0.4835526315789474
PLZL,-1,2022-11-22 13:20:00+00:00,2022-11-22 14:00:00+00:00,650.7,657.2070000000001,1100.5162827081817,-7161.059451582207,-0.007000000000000065,4,v3_short,sl,False,A,True,0.02497694435905318,0.004973431118527964,,0.8430769230769258,0.1569230769230741
PLZL,-1,2022-12-14 13:20:00+00:00,2022-12-14 15:20:00+00:00,773.35,781.0835000000001,919.4972567946032,-7110.9320354211095,-0.007000000000000045,12,v3_short,sl,False,A,True,0.022690542375072665,0.003774061179194022,,0.7977207977207997,0.2022792022792002
PLZL,-1,2023-02-17 13:20:00+00:00,2023-02-17 14:40:00+00:00,837.8,846.178,842.821140030212,-7061.155511173151,-0.007000000000000035,8,v3_short,sl,False,A,True,0.025364048698973504,0.004558423990269302,,0.7105882352941134,0.28941176470588664
PLZL,-1,2023-03-15 13:20:00+00:00,2023-03-15 15:00:00+00:00,922.95,932.1795000000001,759.708264000748,-7011.727422594927,-0.0070000000000000236,10,v3_short,sl,False,A,True,0.022265561514708224,0.0043597264465133736,,0.8029197080291989,0.19708029197080115
PLZL,-1,2023-03-22 13:20:00+00:00,2023-03-22 21:00:00+00:00,940.55,949.9554999999999,740.2738111356907,-6962.64533063671,-0.006999999999999971,46,v3_short,sl,False,A,True,0.016056143335637218,0.003524148773763321,,0.7715231788079443,0.22847682119205565
PLZL,-1,2023-04-20 13:20:00+00:00,2023-04-20 14:30:00+00:00,1022.35,1032.5735,676.2759146400236,-6913.9068133222445,-0.006999999999999962,7,v3_short,sl,False,A,True,0.016480023473030486,0.003206583626164052,,0.7270029673590495,0.27299703264095054
PLZL,-1,2023-05-03 13:20:00+00:00,2023-05-03 17:20:00+00:00,1047.55,1031.83675,655.3872813354042,10298.26419844355,0.010500000000000011,24,v3_short,tp,False,A,True,0.01593967738856547,0.0034360981196907467,,0.6916167664670613,0.3083832335329387
PLZL,-1,2023-05-04 13:20:00+00:00,2023-05-04 15:10:00+00:00,1045.45,1055.9045,663.5991501284739,-6937.597315018165,-0.007000000000000035,11,v3_short,sl,False,A,True,0.02079946447355838,0.00436025993069122,,0.710344827586209,0.289655172413791
PLZL,-1,2023-05-19 13:20:00+00:00,2023-05-19 17:30:00+00:00,1024.75,1009.37875,672.264858142279,10333.551200719527,0.010500000000000021,25,v3_short,tp,False,A,True,0.014589635991021695,0.0031275123497237155,,0.7959866220735807,0.2040133779264193
PLZL,-1,2023-05-31 13:20:00+00:00,2023-05-31 16:00:00+00:00,1052.9,1063.429,661.1614580889011,-6961.368992218037,-0.006999999999999997,16,v3_short,sl,False,A,True,0.019455252918287938,0.003642493345444866,,0.7731707317073238,0.22682926829267627
PLZL,-1,2023-07-20 13:20:00+00:00,2023-07-20 13:40:00+00:00,1146.5,1157.965,602.9340958807252,-6912.639409272465,-0.00699999999999995,2,v3_short,sl,False,A,True,0.01238606131972615,0.004045614931392781,,0.7746478873239412,0.2253521126760588
PLZL,-1,2023-10-03 13:20:00+00:00,2023-10-03 21:20:00+00:00,1136.0,1138.45,604.2474413210922,-1480.4062312367034,-0.0015096830985915776,48,v3_short,timeout,False,A,True,0.025528169014084508,0.003959171696847765,,0.8913793103448244,0.10862068965517555
PLZL,-1,2023-12-01 13:20:00+00:00,2023-12-01 18:10:00+00:00,1073.2,1083.932,638.6403363575241,-6853.88808978893,-0.00699999999999998,29,v3_short,sl,False,A,True,0.025341221409605486,0.0038841455434365465,,0.48161764705882776,0.5183823529411723
PLZL,-1,2023-12-14 13:20:00+00:00,2023-12-14 20:50:00+00:00,1015.35,1000.11975,670.3019523475084,10208.866309740686,0.010500000000000047,45,v3_short,tp,False,A,True,0.013099576479858125,0.0030532847434255844,,0.6879699248120307,0.31203007518796927
PLZL,-1,2024-04-08 22:20:00+00:00,2024-04-09 09:50:00+00:00,1350.85,1348.0,509.11447883396465,1450.9762646767529,0.001476847910574776,69,v3_short,timeout,False,A,True,0.01917950236966831,0.0030792085791662566,-0.0001954976303317542,0.8783783783783753,0.12162162162162471
PLZL,-1,2024-04-16 13:20:00+00:00,2024-04-16 21:20:00+00:00,1450.7,1451.1,474.772852497508,-189.90914099893843,-0.0001930102709036358,48,v3_short,timeout,False,A,True,0.013993244640518338,0.003151188096386973,,0.5665024630541885,0.43349753694581156
PLZL,-1,2024-04-25 13:20:00+00:00,2024-04-25 17:30:00+00:00,1351.15,1364.6615000000002,509.65476869291757,-6886.200407194391,-0.007000000000000035,25,v3_short,sl,False,A,True,0.01723755271140059,0.003246352917137874,,0.8605150214592285,0.13948497854077144
PLZL,-1,2024-06-11 13:20:00+00:00,2024-06-11 14:30:00+00:00,1204.5,1216.545,567.704192971689,-6837.997004344036,-0.007000000000000042,7,v3_short,sl,False,A,True,0.023246160232461604,0.005265966909802528,,0.8035714285714286,0.19642857142857142
PLZL,-1,2024-06-28 13:20:00+00:00,2024-06-28 21:20:00+00:00,1220.45,1211.75,556.3629010048413,4840.357238742145,0.0049899627186693685,48,v3_short,timeout,False,A,True,0.01159836065573778,0.003003512880562072,,0.6996466431095426,0.30035335689045745
PLZL,-1,2024-08-07 13:20:00+00:00,2024-08-07 21:20:00+00:00,1232.8,1233.0,553.5377616794925,-110.70755233592368,-0.00011356262167426336,48,v3_short,timeout,False,A,True,0.024538633137294666,0.004198897161785025,,0.6661157024793344,0.3338842975206657
PLZL,-1,2024-08-15 13:20:00+00:00,2024-08-15 21:20:00+00:00,1261.65,1259.5,540.8186559757802,1162.7601103479767,0.0011928823366227272,48,v3_short,timeout,False,A,True,0.011847214517790668,0.0031849176789346574,,0.7090301003344551,0.2909698996655449
PLZL,-1,2024-09-05 13:20:00+00:00,2024-09-05 21:20:00+00:00,1212.0,1201.75,563.6450407500715,5777.361667688233,0.0059199669966996694,48,v3_short,timeout,False,A,True,0.02219471947194727,0.004681360993242203,,0.9479553903345693,0.052044609665430716
PLZL,-1,2024-09-12 13:20:00+00:00,2024-09-12 17:30:00+00:00,1249.7,1262.1970000000001,549.8775246510911,-6871.819425564725,-0.007000000000000041,25,v3_short,sl,False,A,True,0.010608486789431545,0.00316824888482214,,0.845283018867928,0.15471698113207205
PLZL,-1,2024-09-24 13:20:00+00:00,2024-09-24 18:00:00+00:00,1357.95,1371.5295,502.5013210785177,-6823.716689585758,-0.007000000000000027,28,v3_short,sl,False,A,True,0.019625170293456947,0.004449985008915753,,0.8442776735459705,0.15572232645402945
PLZL,-1,2024-09-27 13:20:00+00:00,2024-09-27 21:20:00+00:00,1349.6,1339.7,502.0710338440007,4970.503235055538,0.005134854771784163,48,v3_short,timeout,False,A,True,0.017558156763965067,0.0038559504406296672,,0.7848101265822731,0.21518987341772686
PLZL,-1,2024-10-17 13:20:00+00:00,2024-10-17 21:20:00+00:00,1361.5,1350.9,500.2382809698142,5302.5257782799845,0.005449871465295583,48,v3_short,timeout,False,A,True,0.014726404700697726,0.003097074305300541,,0.7007481296758098,0.2992518703241902
PLZL,-1,2024-12-10 13:20:00+00:00,2024-12-10 21:20:00+00:00,1472.15,1470.05,465.1606069933077,976.8372746860096,0.000998539550996906,48,v3_short,timeout,False,A,True,0.0257106952416533,0.004012595766153493,,0.5323645970937949,0.46763540290620503
PLZL,-1,2025-01-27 23:30:00+00:00,2025-01-28 07:20:00+00:00,1693.2,1667.8020000000001,404.83697949295896,10282.049605162136,0.010499999999999962,47,v3_short,tp,False,A,True,0.028181495923431436,0.0032500415976387032,-0.0002499113789436381,0.737945492662474,0.26205450733752594
PLZL,-1,2025-01-28 13:10:00+00:00,2025-01-28 14:40:00+00:00,1684.2,1701.0420000000001,411.2738441996744,-6926.674084010956,-0.00700000000000004,9,v3_short,sl,False,A,True,0.014303095047330726,0.004109133333645701,,0.7800829875518682,0.21991701244813172
PLZL,-1,2025-02-21 10:20:00+00:00,2025-02-21 11:10:00+00:00,1887.75,1884.4,364.3590181656914,1220.6027108550331,0.0012422195735663814,5,v3_short,opposite_signal,False,A,True,0.017135895330667235,0.003470816512106873,-0.00011838864316550526,0.5301391035548692,0.4698608964451308
PLZL,-1,2025-02-26 10:50:00+00:00,2025-02-26 11:30:00+00:00,1969.1,1957.15,349.7400631963245,4179.393755196014,0.004248133665126136,4,v3_short,opposite_signal,False,A,True,0.01673353308618153,0.0033232187293687366,0.0001513381748006713,0.6691957511380857,0.3308042488619143
PLZL,-1,2025-02-26 19:50:00+00:00,2025-02-26 20:40:00+00:00,1954.35,1945.45,353.8766004392866,3149.5017439096027,0.0031877606365287208,5,v3_short,opposite_signal,False,A,True,0.010874014942175826,0.0032927509351913927,-0.00018089243680278095,0.9858823529411679,0.014117647058832089
PLZL,-1,2025-02-27 10:40:00+00:00,2025-02-27 10:50:00+00:00,1952.9,1948.1,355.26826017167105,1705.2876488240856,0.001720518203697131,1,v3_short,opposite_signal,False,A,True,0.011115664378649751,0.0032226740845333925,-3.94426800532723e-05,0.672811059907839,0.32718894009216104
PLZL,1,2025-02-27 19:20:00+00:00,2025-02-27 23:30:00+00:00,1927.65,1908.3735000000001,360.54111827532654,-6949.970866434311,-0.0069999999999999785,25,v3_long,sl,False,A,True,0.010844467505513085,0.003663886101852854,-0.0001421714878713197,0.12679425837320954,0.8732057416267904
PLZL,-1,2025-03-04 10:30:00+00:00,2025-03-04 12:30:00+00:00,1931.5,1950.815,357.3037054294223,-6901.321070369311,-0.007000000000000019,12,v3_short,sl,False,A,True,0.01335818577197885,0.003098317753490153,4.6598322460372586e-06,0.8643410852713176,0.1356589147286824
PLZL,-1,2025-03-11 11:10:00+00:00,2025-03-11 11:30:00+00:00,1877.0,1895.77,365.1045190664202,-6853.0118228767005,-0.006999999999999993,2,v3_short,sl,False,A,True,0.011028236547682497,0.0030480308184090863,-0.00016542354821523806,0.7608695652173897,0.23913043478261037
PLZL,-1,2025-03-19 11:10:00+00:00,2025-03-19 13:50:00+00:00,1920.4,1891.594,354.35538117665953,10207.56111017487,0.010500000000000015,16,v3_short,tp,False,A,True,0.018615913351385127,0.003535922003428763,0.00022130806082066234,0.45314685314685443,0.5468531468531456
PLZL,-1,2025-04-02 10:30:00+00:00,2025-04-02 10:40:00+00:00,1788.0,1805.88,384.59136845010033,-6876.493667887836,-0.007000000000000043,1,v3_short,sl,False,A,True,0.023604430025729973,0.006132473634431338,-8.278330909497808e-05,0.7582938388625584,0.2417061611374416
PLZL,-1,2025-04-02 19:50:00+00:00,2025-04-03 06:50:00+00:00,1802.6,1818.8,378.80606968892596,-6136.658328960618,-0.006290913125485428,66,v3_short,timeout,False,A,True,0.01397670549084861,0.004785674669202124,0.00016528008874098826,0.5079365079365052,0.4920634920634948
PLZL,-1,2025-04-11 10:30:00+00:00,2025-04-11 14:40:00+00:00,1886.0,1904.8600000000001,359.7773915116572,-6785.401603909901,-0.007000000000000048,25,v3_short,sl,False,A,True,0.016965327112713393,0.004169036350141206,0.00038596119181423066,0.65625,0.34375
PLZL,-1,2025-04-15 10:20:00+00:00,2025-04-15 11:10:00+00:00,1906.4,1897.0,353.43599416085215,3322.298345112042,0.003451531682752866,5,v3_short,opposite_signal,False,A,True,0.01636592530423826,0.003167276142517422,7.763323541754187e-05,0.7371794871794914,0.2628205128205085
PLZL,-1,2025-04-30 22:40:00+00:00,2025-05-02 06:50:00+00:00,1752.4,1751.4,385.82286470544784,385.82286470544784,0.0003994521798676101,193,v3_short,timeout,False,A,True,0.015065053640721348,0.0033400258071728897,0.00019173704633645232,0.9772727272727308,0.022727272727269203
PLZL,-1,2025-05-07 11:50:00+00:00,2025-05-07 16:30:00+00:00,1790.4,1763.544,377.78488835741774,10145.790961726809,0.010499999999999997,28,v3_short,tp,False,A,True,0.01664246621244273,0.003335939536095892,,0.6778523489932912,0.32214765100670884
PLZL,-1,2025-05-27 10:30:00+00:00,2025-05-27 18:30:00+00:00,1651.6,1659.8,413.83392939472606,-3393.4382210367726,-0.0034754177767014004,48,v3_short,timeout,False,A,True,0.026519738435456502,0.004552059710693772,-0.00024824412690724145,0.7899543378995422,0.21004566210045789
PLZL,-1,2025-05-29 10:40:00+00:00,2025-05-29 10:50:00+00:00,1681.0,1679.0,405.1830523697821,810.3661047395642,0.0008328375966686496,1,v3_short,opposite_signal,False,A,True,0.009165575526723063,0.0031569740662343447,-5.951672419950006e-05,0.3896103896103873,0.6103896103896127
PLZL,-1,2025-06-11 10:20:00+00:00,2025-06-11 13:20:00+00:00,1720.6,1737.8059999999998,396.18735749559545,-6816.7996730691775,-0.006999999999999962,18,v3_short,sl,False,A,True,0.013134952923398894,0.0035535776556350866,3.4871556433802164e-05,0.389380530973447,0.6106194690265531
PLZL,1,2025-06-11 19:30:00+00:00,2025-06-13 06:50:00+00:00,1728.0,1753.9199999999998,391.7292867683871,10153.623113036534,0.010499999999999936,212,v3_long,gap_tp,False,A,True,0.017939814814814815,0.0030824829931972867,0.0002407407407407402,0.05806451612903079,0.9419354838709693
PLZL,1,2025-07-03 20:10:00+00:00,2025-07-04 06:50:00+00:00,1856.4,1855.8,368.4635551146836,-221.0781330688604,-0.00022624434389145417,64,v3_long,timeout,False,A,True,0.013790131437190212,0.0031287240170793655,0.00016160310277957336,0.07812500000000028,0.9218749999999997
PLZL,-1,2025-07-04 10:20:00+00:00,2025-07-04 10:30:00+00:00,1877.0,1863.0,364.3372344282101,5100.721281994941,0.005221097496004261,1,v3_short,opposite_signal,False,A,True,0.019605753862546593,0.0038714260344521207,0.00015769845498135517,0.7880434782608705,0.21195652173912946
PLZL,-1,2025-07-04 11:50:00+00:00,2025-07-04 14:20:00+00:00,1876.2,1894.962,366.39563688260677,-6874.314939191448,-0.0069999999999999785,15,v3_short,sl,False,A,True,0.010659844366272252,0.0037984578758483408,,0.8100000000000023,0.18999999999999773
PLZL,-1,2025-07-15 12:30:00+00:00,2025-07-15 20:30:00+00:00,1875.6,1863.6,363.9472560576417,4367.367072691701,0.004478566858605247,48,v3_short,timeout,False,A,True,0.01748960221819343,0.0034722004403766353,,0.7195121951219494,0.28048780487805053
PLZL,-1,2025-07-22 13:20:00+00:00,2025-07-22 17:20:00+00:00,1950.2,1969.702,351.5929804187247,-6856.766304125953,-0.006999999999999983,24,v3_short,sl,False,A,True,0.013230769230769324,0.003358316896778427,,0.9534883720930218,0.04651162790697818
PLZL,1,2025-08-01 20:00:00+00:00,2025-08-01 23:50:00+00:00,1951.8,1966.4,348.84562660093695,5093.146148373728,0.005236192232810788,23,v3_long,weekend_exit,False,A,True,0.011576682716934694,0.0031048173802868165,-8.400778608749151e-05,0.026548672566367764,0.9734513274336323
PLZL,-1,2025-08-13 10:40:00+00:00,2025-08-13 13:00:00+00:00,2111.8,2094.4,324.10365389884004,5639.403577839847,0.0057675916279951054,14,v3_short,opposite_signal,False,A,True,0.015626479780282223,0.0034505902650531044,0.0002566530921488768,0.751515151515157,0.24848484848484298
PLZL,-1,2025-08-14 10:50:00+00:00,2025-08-14 11:10:00+00:00,2104.4,2092.6,327.11921631251585,3860.0067524877463,0.003925109294810933,2,v3_short,opposite_signal,False,A,True,0.012068801672526889,0.003124109094364711,-2.6608381640218397e-05,0.9606299212598427,0.03937007874015734
PLZL,-1,2025-08-20 10:20:00+00:00,2025-08-20 18:20:00+00:00,2143.2,2147.8,322.45785905879046,-1483.3061516705534,-0.0015024262784622316,48,v3_short,timeout,False,A,True,0.015114760216458337,0.003367721412132681,4.6650494495241655e-06,0.5308641975308571,0.4691358024691429
PLZL,-1,2025-08-29 19:40:00+00:00,2025-08-29 23:50:00+00:00,2143.2,2138.2,321.97338989764387,1609.8669494882192,0.0016330720418066443,25,v3_short,weekend_exit,False,A,True,0.013064576334453156,0.0032756663695713496,-0.00023329600597237778,0.8571428571428571,0.14285714285714285
PLZL,1,2025-10-09 19:50:00+00:00,2025-10-10 06:50:00+00:00,2321.8,2322.8,297.6915652051305,297.6915652051305,0.00030149022310276506,66,v3_long,timeout,False,A,True,0.015417743324720148,0.00454920986482449,-9.302325581395114e-05,0.32960893854748946,0.6703910614525106
PLZL,-1,2025-10-10 11:30:00+00:00,2025-10-10 17:20:00+00:00,2309.2,2274.562,299.40614073658224,10370.829902833711,0.010499999999999976,35,v3_short,tp,False,A,True,0.012382024417698461,0.0038036688396026652,,0.636363636363632,0.363636363636368
PLZL,-1,2025-10-15 12:50:00+00:00,2025-10-15 13:30:00+00:00,2126.0,2147.26,328.6209977050325,-6986.482411209063,-0.00700000000000007,4,v3_short,sl,False,A,True,0.01975540921919097,0.004303857008466624,,0.7619047619047619,0.23809523809523808
PLZL,-1,2025-10-16 13:00:00+00:00,2025-10-16 16:20:00+00:00,2214.8,2236.9480000000003,313.2371787218046,-6937.577034330571,-0.007000000000000043,20,v3_short,sl,False,A,True,0.016886400577930328,0.0041392304350585316,,0.9304812834224625,0.06951871657753751
PLZL,-1,2025-10-23 10:20:00+00:00,2025-10-23 11:50:00+00:00,2064.8,2033.8280000000002,333.64073978546173,10333.520992635315,0.010499999999999992,9,v3_short,tp,False,A,True,0.022764700184055024,0.004110100884294429,8.524653685943965e-05,0.8468085106383018,0.15319148936169827
PLZL,-1,2025-10-23 19:40:00+00:00,2025-10-24 06:50:00+00:00,2046.2,2041.0,340.2086131384352,1769.0847883198787,0.0017789072426937895,67,v3_short,timeout,False,A,True,0.009480989150620707,0.0038039651399607776,-0.00018961978301241194,0.9072164948453636,0.0927835051546364
PLZL,-1,2025-10-27 21:20:00+00:00,2025-10-28 06:50:00+00:00,1983.8,1971.0,351.5340374814447,4499.635679762477,0.004516584333098078,57,v3_short,timeout,False,A,True,0.017239641092852125,0.003711697402017569,-0.00035487448331484846,0.865497076023388,0.134502923976612
PLZL,-1,2025-10-30 12:20:00+00:00,2025-10-30 16:40:00+00:00,2061.8,2082.418,339.762813333749,-7005.229685315217,-0.0069999999999999785,26,v3_short,sl,False,A,True,0.01279937942402797,0.0036112115041621587,,0.5757575757575841,0.42424242424241587
MGNT,-1,2022-01-19 20:20:00+00:00,2022-01-20 07:00:00+00:00,5073.5,5055.5,137.97181432935844,2483.492657928452,0.002483492657928452,64,v3_short,timeout,False,A,True,0.015078348280279886,0.005655637636941048,0.0003074800433625702,0.803921568627451,0.19607843137254902
MGNT,-1,2022-01-20 19:20:00+00:00,2022-01-20 19:50:00+00:00,5040.0,5019.0,139.2338184247123,2923.910186918958,0.002916666666666667,3,v3_short,opposite_signal,False,A,True,0.015957974031123007,0.004541215832155045,-0.00028446823272871446,0.422360248447205,0.577639751552795
MGNT,1,2022-01-20 20:10:00+00:00,2022-01-21 06:50:00+00:00,5029.5,4980.0,139.9314408969864,-6926.606324400826,-0.006889352818371606,64,v3_long,timeout,False,A,True,0.019169646404449743,0.004114875986151314,-0.0002294398092967819,0.40932642487046633,0.5906735751295337
MGNT,1,2022-01-21 20:00:00+00:00,2022-01-21 23:50:00+00:00,5052.0,5046.5,138.34848724550923,-760.9166798503007,-0.0007620744259699129,23,v3_long,weekend_exit,False,A,True,0.026513652552433715,0.004336835644427934,0.00022358527898694102,0.4552238805970149,0.5447761194029851
MGNT,-1,2022-01-28 19:20:00+00:00,2022-01-28 20:20:00+00:00,4932.0,4913.5,141.60663339181212,2619.7227177485242,0.002625709651257097,6,v3_short,opposite_signal,False,A,True,0.012166683564838285,0.004432149012905375,0.00012166683564838284,0.625,0.375
MGNT,1,2022-01-28 21:00:00+00:00,2022-01-28 23:50:00+00:00,4911.0,4904.0,142.58556745893736,-998.0989722125615,-0.0009977601303196907,17,v3_long,weekend_exit,False,A,True,0.009468540012217471,0.003860554606693013,0.00018529830991651395,0.06451612903225806,0.9354838709677419
MGNT,-1,2022-02-01 11:50:00+00:00,2022-02-01 13:20:00+00:00,5093.0,5016.605,137.35304388578294,10493.085787654447,0.01050000000000006,9,v3_short,tp,False,A,True,0.012757605495583905,0.0038665358194308144,,0.6615384615384615,0.3384615384615385
MGNT,-1,2022-02-01 19:20:00+00:00,2022-02-02 06:50:00+00:00,5092.0,5102.5,138.82250835853313,-1457.6363377645978,-0.0014434406912804398,69,v3_short,timeout,False,A,True,0.013546677137528221,0.003690177356895443,-5.3008736625110435e-05,0.8188405797101449,0.18115942028985507
MGNT,-1,2022-02-02 10:20:00+00:00,2022-02-02 11:10:00+00:00,5168.5,5220.185,136.5703525443002,-7058.63867125221,-0.007000000000000055,5,v3_short,sl,False,A,True,0.012291908633372048,0.0032538760761757278,0.00019841269841269839,0.84251968503937,0.15748031496062992
MGNT,-1,2022-02-02 11:30:00+00:00,2022-02-02 12:40:00+00:00,5156.0,5147.5,135.94313810227675,1155.5166738693524,0.0011539953452288595,7,v3_short,opposite_signal,False,A,True,0.017462165308498253,0.003610233383225234,,0.23333333333333334,0.7666666666666667
MGNT,-1,2022-02-03 10:30:00+00:00,2022-02-03 11:20:00+00:00,5177.0,5228.77,135.54793929438816,-7017.316817270535,-0.007000000000000059,5,v3_short,sl,False,A,True,0.013245673402301074,0.0034454571822840215,-0.00012955622159914918,0.7591240875912408,0.24087591240875914
MGNT,-1,2022-02-15 10:20:00+00:00,2022-02-15 10:40:00+00:00,5011.5,4991.0,139.04411053675707,2850.40426600352,0.0028634141474608403,2,v3_short,opposite_signal,False,A,True,0.012276674318794291,0.003460092490933892,0.00016768140532987324,0.6504065040650406,0.34959349593495936
MGNT,-1,2022-02-16 23:30:00+00:00,2022-02-17 07:30:00+00:00,5414.5,5361.0,129.0635964430992,6904.902409705806,0.00691661279896574,48,v3_short,timeout,False,A,True,0.00775480059084195,0.003065369426943599,0.00045790251107828657,0.7023809523809523,0.2976190476190476
MGNT,-1,2022-02-18 10:20:00+00:00,2022-02-18 10:20:00+00:00,5247.5,5242.0,134.09209616540346,737.506528909719,0.0007336827060505002,0,v3_short,opposite_signal,False,A,True,0.012196283944735589,0.0037115179563964695,0.0001457837065269176,0.421875,0.578125
MGNT,-1,2022-09-22 22:10:00+00:00,2022-09-22 23:20:00+00:00,5015.0,5015.5,140.41167082715683,-70.20583541357841,-6.979062811565304e-05,7,v3_short,opposite_signal,False,A,True,0.007377866400797607,0.004104014487150792,0.00014157527417746758,0.08108108108108109,0.918918918918919
MGNT,-1,2022-10-13 13:20:00+00:00,2022-10-13 21:20:00+00:00,4783.0,4787.0,147.21208135341877,-588.8483254136751,-0.0005854066485469371,48,v3_short,timeout,False,A,True,0.01296122086338455,0.0035041088662913686,,0.6612903225806451,0.3387096774193548
MGNT,-1,2022-10-20 13:20:00+00:00,2022-10-20 15:30:00+00:00,5006.5,5056.565,140.55791297026116,-7037.031912856069,-0.0069999999999999455,13,v3_short,sl,False,A,True,0.011582626060908638,0.0039179326248722154,,0.7758620689655172,0.22413793103448276
MGNT,-1,2022-11-16 13:20:00+00:00,2022-11-16 21:20:00+00:00,4939.0,4942.5,141.48152843624482,-495.18534952685684,-0.0004960518323547276,48,v3_short,timeout,False,A,True,0.015286495241951812,0.003914422622663157,,0.5894039735099338,0.4105960264900662
MGNT,-1,2022-11-22 13:20:00+00:00,2022-11-22 21:20:00+00:00,4880.0,4870.0,143.12103262334924,1431.2103262334924,0.0014344262295081967,48,v3_short,timeout,False,A,True,0.013423506506814223,0.003020410951551437,,0.5190839694656488,0.48091603053435117
MGNT,-1,2022-12-28 13:20:00+00:00,2022-12-28 16:00:00+00:00,4437.0,4481.37,157.6363503336281,-6994.324864303061,-0.006999999999999983,16,v3_short,sl,False,A,True,0.017354068064007213,0.0032411432005752493,,0.8701298701298701,0.12987012987012986
MGNT,-1,2023-02-16 13:20:00+00:00,2023-02-16 16:40:00+00:00,4502.5,4434.9625,154.25573770689522,10418.046885379492,0.010500000000000058,20,v3_short,tp,False,A,True,0.01622222222222222,0.0037883597883597883,,0.8493150684931506,0.1506849315068493
MGNT,-1,2023-02-21 13:20:00+00:00,2023-02-21 21:20:00+00:00,4567.0,4582.5,153.6739855145744,-2381.9467754759035,-0.0023757389971534927,48,v3_short,timeout,False,A,True,0.027163198247535596,0.0034892818025348145,,0.8145161290322581,0.18548387096774194
MGNT,-1,2023-05-03 13:20:00+00:00,2023-05-03 17:40:00+00:00,4547.5,4479.2875,153.96629556948395,10502.425936533367,0.010499999999999945,26,v3_short,tp,False,A,True,0.03221550302363936,0.004214770020157596,,0.6416382252559727,0.3583617747440273
MGNT,-1,2023-06-07 13:20:00+00:00,2023-06-07 21:20:00+00:00,4267.0,4221.5,165.81050556779974,7544.3780033348885,0.007464260604640263,48,v3_short,timeout,False,A,True,0.017106033977738723,0.0035986275002092226,,0.7397260273972602,0.2602739726027397
MGNT,-1,2023-06-20 13:20:00+00:00,2023-06-20 13:40:00+00:00,4869.0,4917.69,146.3944325036221,-7127.944918601302,-0.006999999999999943,2,v3_short,sl,False,A,True,0.0166358595194085,0.004249430312276893,,0.6296296296296297,0.37037037037037035
MGNT,-1,2023-06-21 13:20:00+00:00,2023-06-21 15:40:00+00:00,4914.5,4963.645,144.02379294274394,-7078.049304171213,-0.007000000000000063,14,v3_short,sl,False,A,True,0.016281672941894778,0.0034065524042119137,,0.68125,0.31875
MGNT,-1,2023-07-05 13:20:00+00:00,2023-07-05 21:20:00+00:00,5358.5,5329.5,131.16549331047779,3803.7993060038557,0.0037883736120182887,48,v3_short,timeout,False,A,True,0.017637178051511757,0.0032661440836132885,,0.8306878306878307,0.1693121693121693
MGNT,-1,2023-07-20 13:20:00+00:00,2023-07-20 21:20:00+00:00,5631.5,5559.5,125.27975768772049,9020.142553515876,0.008949658172778124,48,v3_short,timeout,False,A,True,0.01662074482268243,0.004528697978169136,,0.6577540106951871,0.3422459893048128
MGNT,-1,2023-08-22 13:20:00+00:00,2023-08-22 16:50:00+00:00,5964.5,5875.0325,119.34396097004928,10677.405828087854,0.010499999999999971,21,v3_short,tp,False,A,True,0.020038567955059948,0.005074520795154651,,0.803347280334728,0.19665271966527198
MGNT,-1,2023-08-25 13:20:00+00:00,2023-08-25 21:20:00+00:00,5922.0,5890.0,121.46255307084101,3886.8016982669124,0.003782505910165485,48,v3_short,timeout,False,A,True,0.011145824537701595,0.0034700023723075314,,0.6212121212121212,0.3787878787878788
MGNT,-1,2023-08-29 13:20:00+00:00,2023-08-29 19:40:00+00:00,6073.5,6134.235,118.88071136483201,-7220.220004743033,-0.006999999999999962,38,v3_short,sl,False,A,True,0.017614618487118282,0.003574662229695566,,0.8738317757009346,0.1261682242990654
MGNT,-1,2023-08-31 13:20:00+00:00,2023-08-31 21:20:00+00:00,6058.5,6075.0,118.34081810200333,-1952.6234986830548,-0.0019064124783362219,48,v3_short,timeout,False,A,True,0.021048287247214196,0.003934516439675333,,0.9529411764705882,0.047058823529411764
MGNT,-1,2023-09-27 13:20:00+00:00,2023-09-27 21:20:00+00:00,5495.5,5486.5,130.2158147615156,1171.9423328536402,0.0011463925029569647,48,v3_short,timeout,False,A,True,0.02256391593121645,0.003946952268306103,,0.6814516129032258,0.3185483870967742
MGNT,-1,2023-09-29 13:20:00+00:00,2023-09-29 21:20:00+00:00,5553.0,5524.5,129.01519352690556,3676.9330155168086,0.003592652620205295,48,v3_short,timeout,False,A,True,0.017829806393516435,0.0037777920713535297,,0.7272727272727273,0.2727272727272727
MGNT,-1,2023-10-25 13:20:00+00:00,2023-10-25 21:20:00+00:00,6101.0,6078.0,117.84874983867698,2710.5212462895706,0.0026389116538272413,48,v3_short,timeout,False,A,True,0.02057377049180328,0.0030796252927400465,,0.7888446215139442,0.21115537848605578
MGNT,-1,2023-11-14 13:20:00+00:00,2023-11-14 15:20:00+00:00,6081.5,5990.2775,118.53861508479339,10813.388814572549,0.010499999999999985,12,v3_short,tp,False,A,True,0.015046867291563888,0.003022685805122904,,0.9234972677595629,0.07650273224043716
MGNT,-1,2023-11-15 13:20:00+00:00,2023-11-15 21:20:00+00:00,5917.5,5939.0,123.10299278552966,-2646.714344888888,-0.002543303760033798,48,v3_short,timeout,False,A,True,0.017743979721166033,0.003790210634317098,,0.6333333333333333,0.36666666666666664
MGNT,-1,2023-11-17 13:20:00+00:00,2023-11-17 16:10:00+00:00,5827.0,5885.27,124.69697267323659,-7266.092597669551,-0.007000000000000053,17,v3_short,sl,False,A,True,0.01424770405973736,0.0033310036743218444,,0.8012048192771084,0.19879518072289157
MGNT,-1,2024-05-28 13:20:00+00:00,2024-05-28 16:20:00+00:00,8024.0,7903.64,89.92061253097968,10822.844924228684,0.010499999999999973,18,v3_short,tp,False,A,True,0.0223731771157921,0.0034602897621718513,,0.8551532033426184,0.14484679665738162
MGNT,-1,2024-06-19 21:40:00+00:00,2024-06-20 09:50:00+00:00,6526.5,6615.0,111.71362696629755,-9886.655986517333,-0.009492070788324522,73,v3_short,gap_sl,False,A,True,0.009583684735106955,0.003245153002548869,-0.000115770911600092,0.952,0.048
MGNT,-1,2024-06-26 13:20:00+00:00,2024-06-26 21:20:00+00:00,6378.5,6378.0,113.22071446342852,56.61035723171426,5.487183507094144e-05,48,v3_short,timeout,False,A,True,0.017637375558516893,0.003415491774823906,,0.6755555555555556,0.3244444444444444
MGNT,-1,2024-08-20 13:20:00+00:00,2024-08-20 21:20:00+00:00,5286.5,5240.0,136.6155215085673,6352.62175014838,0.00615719284971153,48,v3_short,timeout,False,A,True,0.024496358649389954,0.004584904045794994,,0.8494208494208494,0.15057915057915058
MGNT,-1,2024-09-02 22:20:00+00:00,2024-09-03 09:50:00+00:00,4602.5,4600.0,157.88479949595762,394.71199873989406,0.0003802281368821293,69,v3_short,timeout,False,A,True,0.017052242858694472,0.0036130450876994654,-0.00023460410557184753,0.89171974522293,0.10828025477707007
MGNT,-1,2024-09-05 13:20:00+00:00,2024-09-05 13:50:00+00:00,4770.5,4818.205,152.38257794345725,-7269.410880792617,-0.006999999999999989,3,v3_short,sl,False,A,True,0.025573839220207527,0.004491892134696872,,0.8401639344262295,0.1598360655737705
MGNT,-1,2024-09-27 13:20:00+00:00,2024-09-27 21:20:00+00:00,5775.5,5754.0,124.98528273962565,2687.1835789019515,0.00260583499264133,48,v3_short,timeout,False,A,True,0.015067544163491514,0.003311230969699969,,0.29310344827586204,0.7068965517241379
MGNT,-1,2024-10-15 13:20:00+00:00,2024-10-15 16:20:00+00:00,4954.5,5004.045,146.07599736965167,-7237.335289679403,-0.00700000000000001,18,v3_short,sl,False,A,True,0.016661617691608604,0.0038804979731971554,,0.7393939393939394,0.2606060606060606
MGNT,-1,2024-10-22 13:20:00+00:00,2024-10-22 21:20:00+00:00,4846.5,4819.5,148.28585458891234,4003.7180739006335,0.0038997214484679664,48,v3_short,timeout,False,A,True,0.021144920061887573,0.003015791154006729,,0.7170731707317073,0.28292682926829266
MGNT,-1,2024-11-14 13:20:00+00:00,2024-11-14 17:10:00+00:00,4845.0,4772.325,148.91021608191832,10822.049953753442,0.010500000000000028,23,v3_short,tp,False,A,True,0.015371917878881668,0.0033848678231222337,,0.4697986577181208,0.5302013422818792
MGNT,-1,2024-12-17 13:20:00+00:00,2024-12-17 16:10:00+00:00,4354.0,4288.69,167.4426807268079,10935.681478267892,0.010500000000000065,17,v3_short,tp,False,A,True,0.0188310942702951,0.0032916140391166227,,0.5853658536585366,0.4146341463414634
MGNT,-1,2024-12-24 13:20:00+00:00,2024-12-24 21:20:00+00:00,4954.5,4953.0,148.69318981114327,223.0397847167149,0.00021192854980320923,48,v3_short,timeout,False,A,True,0.023110303764254717,0.004017511737766052,,0.7379912663755459,0.26200873362445415
MGNT,-1,2024-12-25 13:20:00+00:00,2024-12-25 21:20:00+00:00,4990.5,5027.0,147.6518458608578,-5389.29237392131,-0.005119727482216211,48,v3_short,timeout,False,A,True,0.013421474358974358,0.00381085927960928,,0.753731343283582,0.2462686567164179
MGNT,-1,2025-01-10 22:20:00+00:00,2025-01-10 23:50:00+00:00,4904.0,4882.5,149.48695597611461,3213.969553486464,0.0030689233278955955,9,v3_short,weekend_exit,False,A,True,0.006117455138662317,0.003275127342943703,0.00036500815660685156,0.48333333333333334,0.5166666666666667
MGNT,-1,2025-02-11 11:20:00+00:00,2025-02-11 11:20:00+00:00,4748.0,4725.0,154.8723274629963,3562.063531648915,0.003390901432181971,0,v3_short,opposite_signal,False,A,True,0.009270965023177412,0.0031176351235348283,0.0001032448377581121,0.75,0.25
MGNT,-1,2025-02-12 12:20:00+00:00,2025-02-12 15:50:00+00:00,4931.0,4857.035,149.63034988165904,11067.408828996933,0.010500000000000021,21,v3_short,tp,False,A,True,0.01652641184223867,0.0032690281093403877,,0.7423312883435583,0.25766871165644173
MGNT,-1,2025-02-12 20:00:00+00:00,2025-02-12 20:30:00+00:00,4908.0,4957.08,151.91003289461258,-7455.744414467575,-0.006999999999999991,3,v3_short,sl,False,A,True,0.015281173594132029,0.0032599837000814994,-0.00016605541972290137,1.0,0.0
MGNT,-1,2025-02-27 19:20:00+00:00,2025-02-27 19:20:00+00:00,5087.0,5067.0,145.5387105084787,2910.774210169574,0.0027521132298014544,0,v3_short,opposite_signal,False,A,True,0.01720070768625909,0.004082033835747785,-0.00011893060743070571,0.18857142857142858,0.8114285714285714
MGNT,1,2025-02-27 19:40:00+00:00,2025-02-27 23:10:00+00:00,5067.0,5016.33,146.51528760681862,-7423.92962303751,-0.00700000000000001,21,v3_long,sl,False,A,True,0.018547750591949488,0.004026867258347696,-0.00015982636148382005,0.20212765957446807,0.7978723404255319
MGNT,-1,2025-03-05 10:20:00+00:00,2025-03-05 11:00:00+00:00,5042.5,5092.925,146.19657145614747,-7371.962115676262,-0.007000000000000024,4,v3_short,sl,False,A,True,0.011884718233138556,0.003150393563387522,-3.466376151332079e-05,0.6416666666666667,0.35833333333333334
MGNT,1,2025-03-06 19:20:00+00:00,2025-03-06 19:50:00+00:00,4995.0,5015.0,146.5537213386687,2931.0744267733744,0.0028028028028028026,3,v3_long,opposite_signal,False,A,True,0.011114448783418444,0.0033329042040366763,-5.5071593070992295e-05,0.04504504504504504,0.954954954954955
MGNT,-1,2025-03-06 20:20:00+00:00,2025-03-07 06:50:00+00:00,5023.5,5005.0,146.13070372954945,2703.418018996665,0.0025778839454563556,63,v3_short,timeout,False,A,True,0.011049173800517618,0.00312034031211529,1.294047382042604e-05,0.5585585585585585,0.44144144144144143
MGNT,-1,2025-03-25 20:40:00+00:00,2025-03-26 06:50:00+00:00,4680.5,4672.0,157.24388052530486,1336.5729844650914,0.001271231706014315,61,v3_short,timeout,False,A,True,0.020833333333333332,0.0036804465375893944,-0.0003514957264957265,0.9794871794871794,0.020512820512820513
MGNT,-1,2025-03-31 19:20:00+00:00,2025-04-01 06:50:00+00:00,4420.0,4429.0,166.72298278004862,-1500.5068450204376,-0.001425339366515837,69,v3_short,timeout,False,A,True,0.014476362813843022,0.004242275964898513,-1.2440624293146348e-05,0.53125,0.46875
MGNT,-1,2025-04-02 22:40:00+00:00,2025-04-03 06:50:00+00:00,4758.0,4738.0,154.65851809506108,3093.1703619012214,0.0029424127784783522,49,v3_short,timeout,False,A,True,0.019440941572089112,0.005307923926190905,-8.406893652795292e-06,0.918918918918919,0.08108108108108109
MGNT,-1,2025-04-04 10:30:00+00:00,2025-04-04 10:30:00+00:00,4685.0,4731.85,157.53051192094588,-7380.304483496372,-0.007000000000000055,0,v3_short,sl,False,A,True,0.014941302027748132,0.004560007761715339,0.00010032017075773746,0.8214285714285714,0.17857142857142858
MGNT,-1,2025-04-09 10:40:00+00:00,2025-04-09 12:10:00+00:00,4416.0,4370.0,165.95657500253262,7634.002450116501,0.007291666666666668,9,v3_short,opposite_signal,False,A,True,0.016191123188405796,0.00504588059231254,0.00013926630434782608,0.8461538461538461,0.15384615384615385
MGNT,-1,2025-04-17 21:20:00+00:00,2025-04-18 06:50:00+00:00,4550.5,4510.5,162.225697599443,6489.027903977721,0.006153169981320734,57,v3_short,timeout,False,A,True,0.01802197802197802,0.0030881363534424762,-0.00012417582417582416,0.725609756097561,0.27439024390243905
MGNT,-1,2025-04-28 23:40:00+00:00,2025-04-29 07:40:00+00:00,4760.0,4786.5,156.0399908527416,-4135.059757597653,-0.0038970588235294123,48,v3_short,timeout,False,A,True,0.01365546218487395,0.0044332018521694395,0.000532563025210084,0.8769230769230769,0.12307692307692308
MGNT,-1,2025-05-06 10:40:00+00:00,2025-05-06 11:30:00+00:00,4237.0,4279.37,174.61784626592674,-7398.558146287297,-0.006999999999999983,5,v3_short,sl,False,A,True,0.0225395326882228,0.0036531179772398433,-0.00012508850601840925,0.9109947643979057,0.08900523560209424
MGNT,-1,2025-05-07 12:00:00+00:00,2025-05-07 17:40:00+00:00,4310.5,4353.6050000000005,170.43888735096402,-7346.768239263385,-0.0070000000000000765,34,v3_short,sl,False,A,True,0.014613778705636743,0.003281178680195449,,0.8492063492063492,0.15079365079365079
MGNT,-1,2025-05-27 10:20:00+00:00,2025-05-27 18:20:00+00:00,3746.5,3746.5,194.72416553018715,-0.0,-0.0,48,v3_short,timeout,False,A,True,0.026691578806886426,0.004283362884724155,-0.00015748031496062991,0.765,0.235
MGNT,-1,2025-05-29 10:20:00+00:00,2025-05-29 11:50:00+00:00,3806.5,3844.565,191.65482363295578,-7295.340861588473,-0.0070000000000000106,9,v3_short,sl,False,A,True,0.014711677393931434,0.00331513138553727,9.982923945882044e-05,0.5982142857142857,0.4017857142857143
MGNT,-1,2025-08-19 10:20:00+00:00,2025-08-19 12:50:00+00:00,3843.0,3817.0,188.50568502621238,4901.147810681522,0.004735883424408015,15,v3_short,opposite_signal,False,A,True,0.022378350247202708,0.003543858344795113,0.00024720270621909966,0.6976744186046512,0.3023255813953488
MGNT,-1,2025-09-17 19:30:00+00:00,2025-09-18 06:50:00+00:00,3292.0,3302.0,221.09907382236065,-2210.9907382236065,-0.00212636695018226,68,v3_short,timeout,False,A,True,0.01746658566221142,0.003471619510501649,-0.00022023086269744836,0.9304347826086956,0.06956521739130435
MGNT,-1,2025-09-26 10:20:00+00:00,2025-09-26 10:40:00+00:00,3245.5,3225.5,223.7900038534755,4475.80007706951,0.004313665074718842,2,v3_short,opposite_signal,False,A,True,0.019574599260172628,0.004264282778462803,-7.244143033292231e-05,0.5511811023622047,0.44881889763779526
MGNT,1,2025-10-02 20:00:00+00:00,2025-10-03 06:50:00+00:00,3057.0,3052.0,238.6141699576066,-1193.070849788033,-0.001144913313706248,65,v3_long,timeout,False,A,True,0.02225130890052356,0.0045310663532428675,0.0004139397905759162,0.16911764705882354,0.8308823529411765
MGNT,-1,2025-10-06 19:20:00+00:00,2025-10-07 06:50:00+00:00,3033.5,3020.0,240.1873637598654,3242.529410758183,0.0031152134498104497,69,v3_short,timeout,False,A,True,0.01549876339653751,0.0034389353433046757,8.244023083264634e-05,0.776595744680851,0.22340425531914893
MGNT,-1,2025-10-07 10:40:00+00:00,2025-10-07 14:30:00+00:00,3056.0,3086.56,239.16169455271023,-7308.781385530811,-0.006999999999999987,23,v3_short,sl,False,A,True,0.012278978388998035,0.003231684747017454,9.332023575638506e-05,0.8,0.2
MGNT,-1,2025-10-09 10:20:00+00:00,2025-10-09 11:20:00+00:00,2989.0,2944.165,242.81097075383434,10886.429873748171,0.010500000000000008,6,v3_short,tp,False,A,True,0.013549682167949146,0.003457120553139289,-1.840080294412847e-05,0.8148148148148148,0.18518518518518517
MGNT,-1,2025-10-09 22:00:00+00:00,2025-10-09 23:10:00+00:00,3018.5,3048.685,242.9625617011213,-7333.824924948333,-0.006999999999999987,7,v3_short,sl,False,A,True,0.011602850986242334,0.0031290487353568975,0.0003712912315597547,0.8857142857142857,0.11428571428571428
MGNT,-1,2025-10-10 11:50:00+00:00,2025-10-10 16:40:00+00:00,3036.0,2990.46,239.8711512013738,10923.732225710555,0.010499999999999992,29,v3_short,tp,False,A,True,0.01267907129919315,0.0031944673143421702,,0.8961038961038961,0.1038961038961039
MGNT,-1,2025-10-17 13:00:00+00:00,2025-10-17 20:40:00+00:00,3042.0,3072.42,241.91171190183044,-7358.9542760537,-0.007000000000000017,46,v3_short,sl,False,A,True,0.015450361604207758,0.005210832133909057,,0.8617021276595744,0.13829787234042554
MGNT,-1,2025-10-21 12:20:00+00:00,2025-10-21 18:00:00+00:00,3009.5,2964.3575,242.81248034960313,10961.162394181942,0.010499999999999983,34,v3_short,tp,False,A,True,0.014454228277122446,0.004098133687766518,,0.9425287356321839,0.05747126436781609
VKCO,-1,2022-01-11 19:40:00+00:00,2022-01-12 07:00:00+00:00,767.4,771.6,912.170966901225,-3831.1180609851867,-0.0038311180609851866,68,v3_short,timeout,False,A,True,0.01381647549530764,0.004202932476431654,-8.34202294056291e-05,0.7547169811320739,0.24528301886792614
VKCO,-1,2022-01-14 10:20:00+00:00,2022-01-14 10:30:00+00:00,761.6,761.0,915.5963988410062,549.3578393046246,0.000551470588235315,1,v3_short,opposite_signal,False,A,True,0.014443277310924369,0.004264205682272905,7.615546218487335e-05,0.690909090909093,0.30909090909090703
VKCO,-1,2022-01-14 11:20:00+00:00,2022-01-14 12:10:00+00:00,762.0,750.5699999999999,915.6204302425506,10465.541517672411,0.010500000000000058,5,v3_short,tp,False,A,True,0.01366622864651771,0.004711150046235458,0.0001235216819973701,0.7115384615384609,0.2884615384615391
VKCO,-1,2022-01-28 21:50:00+00:00,2022-01-28 22:40:00+00:00,597.4,591.8,1180.1617792219522,6608.905963642959,0.006561767659859418,5,v3_short,opposite_signal,False,A,True,0.020100502512562814,0.004731138686630426,-0.0001340033500837521,0.9166666666666666,0.08333333333333333
VKCO,-1,2022-01-28 23:20:00+00:00,2022-01-28 23:50:00+00:00,594.8,597.0,1193.0983205812784,-2624.816305278867,-0.002589105581708191,3,v3_short,weekend_exit,False,A,True,0.014117647058823492,0.004239410049734177,-0.0001815126050420122,0.5714285714285675,0.42857142857143243
VKCO,-1,2022-02-01 23:30:00+00:00,2022-02-01 23:40:00+00:00,650.0,656.5,1088.9500148739216,-7078.17509668049,-0.006999999999999999,1,v3_short,sl,False,A,True,0.01479198767334364,0.005440080500613163,2.157164869029416e-05,0.8958333333333336,0.10416666666666642
VKCO,1,2022-02-03 21:00:00+00:00,2022-02-03 21:10:00+00:00,600.0,602.8,1171.437978500621,3280.0263398016855,0.003266666666666613,1,v3_long,opposite_signal,False,A,True,0.022644022644022682,0.006163904123087796,-9.657009657009202e-05,0.4117647058823539,0.5882352941176461
VKCO,-1,2022-02-03 23:30:00+00:00,2022-02-04 07:00:00+00:00,606.8,612.8679999999999,1162.0942741236552,-7051.588055382321,-0.006999999999999982,45,v3_short,sl,False,A,True,0.017468688200395557,0.005798232279068504,-0.00012195121951219289,0.7924528301886754,0.2075471698113246
VKCO,-1,2022-02-07 19:20:00+00:00,2022-02-08 06:50:00+00:00,579.4,580.0,1208.5307109069145,-725.1184265441761,-0.0007248878149810423,69,v3_short,timeout,False,A,True,0.01622367966862287,0.005297528055060481,-4.832585433206687e-05,0.38297872340425404,0.617021276595746
VKCO,1,2022-02-09 19:50:00+00:00,2022-02-09 22:50:00+00:00,625.0,629.8,1119.5441776014165,5373.812052486748,0.0053759999999999485,18,v3_long,opposite_signal,False,A,True,0.016320000000000074,0.005289795918367328,0.0001311999999999971,0.15686274509804074,0.8431372549019592
VKCO,-1,2022-02-09 23:30:00+00:00,2022-02-09 23:40:00+00:00,629.6,635.8960000000001,1117.3392303647174,-7034.767794376316,-0.007000000000000055,1,v3_short,sl,False,A,True,0.010482846251588346,0.004097191608536665,-0.00010800508259212126,0.7878787878787921,0.21212121212120794
VKCO,1,2022-02-11 19:20:00+00:00,2022-02-11 21:30:00+00:00,590.6,584.6940000000001,1182.7843582484973,-6985.524419815564,-0.006999999999999938,13,v3_long,sl,False,A,True,0.02235015238740272,0.005584082600192119,-0.00012868269556383185,0.19696969696969802,0.803030303030302
VKCO,-1,2022-02-17 19:20:00+00:00,2022-02-17 23:10:00+00:00,592.6,583.711,1170.540963360938,10404.93862331539,0.010500000000000013,23,v3_short,tp,False,A,True,0.02228976697061811,0.00565170343720061,-0.00035123269165822276,0.954545454545453,0.04545454545454702
VKCO,-1,2022-09-13 13:20:00+00:00,2022-09-13 17:00:00+00:00,466.6,459.601,1502.2418172396324,10514.190478860222,0.010500000000000034,22,v3_short,tp,False,A,True,0.028289755679382744,0.005143591941705967,,0.4242424242424263,0.5757575757575737
VKCO,-1,2022-10-12 23:10:00+00:00,2022-10-13 09:50:00+00:00,425.0,428.2,1666.602271198152,-5333.127267834067,-0.005270588235294098,64,v3_short,timeout,False,A,True,0.01928504233301973,0.0054332175014879065,0.00013170272812793767,0.7560975609756094,0.24390243902439057
VKCO,-1,2022-11-14 21:40:00+00:00,2022-11-14 22:50:00+00:00,523.8,522.8,1345.1179384721859,1345.1179384721859,0.0013363879343260788,7,v3_short,opposite_signal,False,A,True,0.011450381679389313,0.004299735161240064,0.0005877862595419839,0.5,0.5
VKCO,-1,2022-12-26 21:50:00+00:00,2022-12-27 09:50:00+00:00,452.2,454.8,1560.1821289886364,-4056.47353537049,-0.0040247678018576205,72,v3_short,timeout,False,A,True,0.01459531180893415,0.0030327920641940983,-0.00022556390977443458,0.9393939393939345,0.06060606060606556
VKCO,-1,2022-12-29 13:20:00+00:00,2022-12-29 21:20:00+00:00,442.6,440.8,1587.6069300811162,2857.692474146027,0.0028468142792589424,48,v3_short,timeout,False,A,True,0.020767494356659116,0.004815650865312278,,0.5869565217391348,0.4130434782608651
VKCO,-1,2023-01-12 13:20:00+00:00,2023-01-12 19:30:00+00:00,462.0,466.62,1525.2710216142948,-7046.752119858049,-0.007000000000000007,37,v3_short,sl,False,A,True,0.0173235166738848,0.0036503124419971574,,0.625,0.375
VKCO,-1,2023-02-01 13:20:00+00:00,2023-02-01 17:20:00+00:00,494.0,486.59,1416.4827641738939,10496.137282528589,0.010500000000000035,24,v3_short,tp,False,A,True,0.024281667341157425,0.003912046404964265,,0.75,0.25
VKCO,-1,2023-03-15 13:20:00+00:00,2023-03-15 14:20:00+00:00,509.6,501.956,1387.5388178957487,10606.346723995111,0.010500000000000008,6,v3_short,tp,False,A,True,0.014913657770800672,0.0034387381326156843,,0.6842105263157934,0.31578947368420657
VKCO,-1,2023-03-21 13:20:00+00:00,2023-03-21 19:20:00+00:00,486.4,479.104,1468.984836156394,10717.713364597039,0.010499999999999989,36,v3_short,tp,False,A,True,0.01644736842105263,0.0033090538847117806,,0.7999999999999972,0.20000000000000284
VKCO,-1,2023-04-20 13:20:00+00:00,2023-04-20 16:10:00+00:00,473.2,477.932,1525.8170407051732,-7220.166236616922,-0.00700000000000004,17,v3_short,sl,False,A,True,0.020287404902789567,0.003723382844261965,,0.729166666666665,0.27083333333333504
VKCO,-1,2023-05-04 13:20:00+00:00,2023-05-04 15:10:00+00:00,471.0,475.71,1522.2133912867437,-7169.625072960532,-0.006999999999999971,11,v3_short,sl,False,A,True,0.017417162276975335,0.003863737508597332,,0.8536585365853671,0.14634146341463297
VKCO,-1,2023-06-21 13:20:00+00:00,2023-06-21 21:20:00+00:00,638.8,640.4,1114.5018311599622,-1783.2029298559648,-0.0017532874139010895,48,v3_short,timeout,False,A,True,0.027230046948356772,0.004501080557418592,,0.7241379310344784,0.2758620689655215
VKCO,-1,2023-07-20 13:20:00+00:00,2023-07-20 16:10:00+00:00,665.8,672.458,1067.430951778439,-7106.955276940864,-0.0070000000000000175,17,v3_short,sl,False,A,True,0.021334134615384512,0.0044356684981684815,,0.7464788732394338,0.2535211267605662
VKCO,-1,2023-07-21 13:20:00+00:00,2023-07-21 15:20:00+00:00,663.6,670.236,1063.4729641353617,-7057.206590002225,-0.0069999999999999655,12,v3_short,sl,False,A,True,0.01475459199036428,0.0037137408411121032,,0.5102040816326554,0.4897959183673446
VKCO,-1,2023-07-28 13:20:00+00:00,2023-07-28 13:50:00+00:00,711.2,718.312,985.3495702857487,-7007.806143872212,-0.006999999999999966,3,v3_short,sl,False,A,True,0.022778402699662605,0.004124484439445063,,0.8765432098765435,0.12345679012345645
VKCO,-1,2023-08-01 13:20:00+00:00,2023-08-01 13:50:00+00:00,723.0,730.23,962.4829185152337,-6958.751500865157,-0.0070000000000000175,3,v3_short,sl,False,A,True,0.022130013831258646,0.005176842521240855,,0.7374999999999972,0.26250000000000284
VKCO,-1,2023-08-04 13:20:00+00:00,2023-08-04 14:40:00+00:00,760.8,749.3879999999999,908.2597581965147,10365.060360538657,0.010500000000000032,8,v3_short,tp,False,A,True,0.023396424815983117,0.005295178008111763,,0.6067415730337069,0.39325842696629315
VKCO,-1,2023-08-18 13:20:00+00:00,2023-08-18 21:20:00+00:00,720.6,724.8,968.9974552987585,-4069.78931225472,-0.004079933388842565,48,v3_short,timeout,False,A,True,0.012486126526082131,0.003567464721737744,,0.5111111111111136,0.4888888888888864
VKCO,-1,2023-09-12 22:30:00+00:00,2023-09-12 23:40:00+00:00,677.6,684.376,1026.2849967085406,-6954.107137697023,-0.0069999999999999524,7,v3_short,sl,False,A,True,0.01208370173887422,0.004402822136812264,-0.0003448275862068979,0.8292682926829306,0.17073170731706946
VKCO,-1,2023-10-30 22:50:00+00:00,2023-10-31 09:50:00+00:00,592.6,590.0,1165.2764744740452,3029.718833632544,0.003071211609854904,66,v3_short,timeout,False,A,True,0.017549780627742113,0.0033818454820334974,-0.0001822477219034716,0.8076923076923073,0.19230769230769273
VKCO,-1,2023-11-02 13:20:00+00:00,2023-11-02 19:00:00+00:00,595.2,586.272,1163.7493984490286,10389.954629352924,0.010499999999999995,34,v3_short,tp,False,A,True,0.01913393756294055,0.004587669240237215,,0.66666666666667,0.33333333333333
VKCO,-1,2023-11-10 22:10:00+00:00,2023-11-10 23:20:00+00:00,595.4,592.8,1175.5737490718996,3056.4917475869656,0.003056768558951992,7,v3_short,opposite_signal,False,A,True,0.008739495798319404,0.0037454981992797254,-0.00023193277310924293,0.8846153846153813,0.11538461538461875
VKCO,-1,2023-11-21 13:20:00+00:00,2023-11-21 21:20:00+00:00,635.4,637.2,1104.93571674649,-1988.8842901437574,-0.001983002832861265,48,v3_short,timeout,False,A,True,0.021725440806045267,0.004423053856303175,,0.7391304347826062,0.2608695652173938
VKCO,-1,2023-12-07 22:00:00+00:00,2023-12-08 09:50:00+00:00,580.2,581.0,1207.6593164729734,-966.1274531783238,-0.00096518441916575,71,v3_short,timeout,False,A,True,0.013769363166953529,0.003639045979837703,0.00018932874354561101,0.4000000000000057,0.5999999999999943
VKCO,-1,2023-12-18 22:20:00+00:00,2023-12-19 09:50:00+00:00,583.6,583.0,1199.4647810150693,719.6788686090689,0.0007196710075394379,69,v3_short,timeout,False,A,True,0.013712718546451834,0.0035471164811485055,9.598902982516128e-05,0.7999999999999972,0.20000000000000284
VKCO,-1,2023-12-28 13:20:00+00:00,2023-12-28 21:20:00+00:00,562.4,565.0,1245.5750736280597,-3238.4951914329836,-0.0032361308677098435,48,v3_short,timeout,False,A,True,0.024528972627088436,0.004367477527804583,,0.666666666666664,0.3333333333333361
VKCO,-1,2024-01-10 13:20:00+00:00,2024-01-10 14:00:00+00:00,627.8,634.078,1112.2084657126754,-6982.444747744199,-0.007000000000000023,4,v3_short,sl,False,A,True,0.013698630136986339,0.003564981264885685,,0.5116279069767402,0.4883720930232598
VKCO,-1,2024-01-19 13:20:00+00:00,2024-01-19 21:20:00+00:00,635.6,632.6,1090.8696718864012,3272.6090156592036,0.0033039647577092508,48,v3_short,timeout,False,A,True,0.024866225999370585,0.0041068992910352565,,0.8354430379746828,0.1645569620253172
VKCO,-1,2024-01-25 13:20:00+00:00,2024-01-25 21:20:00+00:00,660.0,664.8,1054.0114996393304,-5059.255198268738,-0.005090909090909043,48,v3_short,timeout,False,A,True,0.013632232656770675,0.0038227954011049877,,0.6666666666666666,0.3333333333333333
VKCO,-1,2024-01-30 13:20:00+00:00,2024-01-30 21:20:00+00:00,676.8,674.2,1022.6154124160314,2658.8000722815887,0.0026891252955081805,48,v3_short,timeout,False,A,True,0.01712429878948909,0.0038663236183165326,,0.7413793103448255,0.25862068965517443
VKCO,-1,2024-02-13 13:20:00+00:00,2024-02-13 18:10:00+00:00,680.4,687.204,1019.9401398791404,-6939.672711737644,-0.006999999999999972,29,v3_short,sl,False,A,True,0.020870076425632048,0.0037932868620699344,,0.8450704225352086,0.15492957746479144
VKCO,-1,2024-02-21 22:20:00+00:00,2024-02-22 09:50:00+00:00,640.4,642.0,1076.0610560205353,-1721.6976896328808,-0.0017489069331667955,69,v3_short,timeout,False,A,True,0.012496094970321774,0.004615904468629051,-0.00021868166198063107,0.9249999999999972,0.07500000000000284
VKCO,-1,2024-02-22 13:20:00+00:00,2024-02-22 19:00:00+00:00,645.6,635.916,1065.5271249888597,10318.564678392084,0.010499999999999968,34,v3_short,tp,False,A,True,0.02168525402726146,0.00457308078125922,,0.7285714285714319,0.2714285714285682
VKCO,-1,2024-02-29 13:20:00+00:00,2024-02-29 21:20:00+00:00,648.0,651.0,1072.7273258760529,-3218.1819776281586,-0.0032407407407407406,48,v3_short,timeout,False,A,True,0.02098765432098769,0.0034832451499118063,,0.6764705882352964,0.3235294117647037
VKCO,-1,2024-03-05 13:20:00+00:00,2024-03-05 21:20:00+00:00,661.6,660.4,1047.271130265028,1256.7253563180811,0.0012696493349456345,48,v3_short,timeout,False,A,True,0.01571946795646913,0.002994184372660795,,0.7307692307692345,0.26923076923076544
VKCO,-1,2024-03-26 13:20:00+00:00,2024-03-26 21:20:00+00:00,617.0,617.0,1124.3991694210133,-0.0,-0.0,48,v3_short,timeout,False,A,True,0.018794556059624143,0.003132426009937327,,0.827586206896552,0.17241379310344793
VKCO,-1,2024-04-09 13:20:00+00:00,2024-04-09 16:20:00+00:00,614.8,605.578,1128.422718823626,10406.314312991455,0.010499999999999976,18,v3_short,tp,False,A,True,0.019193233571893228,0.0035319267589924734,,0.8305084745762705,0.16949152542372947
VKCO,-1,2024-05-03 13:20:00+00:00,2024-05-03 21:20:00+00:00,587.2,584.0,1193.867008773602,3820.374428075581,0.0038147138964578194,48,v3_short,timeout,False,A,True,0.019407558733401394,0.0034210483648685753,,0.8596491228070252,0.14035087719297476
VKCO,-1,2024-07-23 13:20:00+00:00,2024-07-23 21:20:00+00:00,465.4,467.4,1512.0605278287755,-3024.121055657551,-0.0030081650193382035,48,v3_short,timeout,False,A,True,0.01677419354838712,0.004116743471582186,,0.5641025641025603,0.4358974358974396
VKCO,-1,2024-07-24 13:20:00+00:00,2024-07-24 21:20:00+00:00,471.8,467.6,1487.0624945157945,6245.662476966319,0.006231454005934701,48,v3_short,timeout,False,A,True,0.017819261773440887,0.003575974301472814,,0.9047619047619038,0.0952380952380962
VKCO,-1,2024-07-30 13:20:00+00:00,2024-07-30 16:40:00+00:00,448.6,453.086,1573.7138846331434,-7059.680486464265,-0.006999999999999983,20,v3_short,sl,False,A,True,0.018279090503789543,0.005307517567883156,,0.780487804878054,0.21951219512194597
VKCO,-1,2024-08-01 13:20:00+00:00,2024-08-01 18:40:00+00:00,466.4,459.404,1503.0580452527943,10515.39408458852,0.010499999999999971,32,v3_short,gap_tp,False,A,True,0.024892703862660993,0.004107909258123855,,0.9482758620689636,0.05172413793103634
VKCO,-1,2024-08-02 22:30:00+00:00,2024-08-02 23:50:00+00:00,449.6,448.4,1575.5939683387794,1890.712762006607,0.001868327402135302,8,v3_short,weekend_exit,False,A,True,0.00978212538906188,0.0033212039818150494,-0.0001956425077812351,0.9545454545454575,0.04545454545454252
VKCO,-1,2024-08-20 13:20:00+00:00,2024-08-20 18:00:00+00:00,404.2,398.137,1755.840047250173,10645.658206477778,0.01049999999999998,28,v3_short,tp,False,A,True,0.012864918357248858,0.004146933389882437,,0.6923076923076873,0.30769230769231276
VKCO,-1,2024-08-26 23:10:00+00:00,2024-08-27 09:50:00+00:00,379.8,379.0,1888.2635804187844,1510.610864335049,0.0014744602422327752,64,v3_short,timeout,False,A,True,0.008421052631578918,0.003651987110633721,8.421052631578769e-05,0.9375000000000033,0.06249999999999667
VKCO,-1,2024-08-28 21:40:00+00:00,2024-08-29 09:50:00+00:00,359.2,358.0,1999.4987067040336,2399.3984480448175,0.0023385300668151226,73,v3_short,timeout,False,A,True,0.010584958217270226,0.0060712864532999865,-0.0003175487465181052,0.789473684210524,0.21052631578947606
VKCO,-1,2024-09-06 22:30:00+00:00,2024-09-06 23:40:00+00:00,346.2,349.662,2079.4324504960146,-7198.99514361718,-0.0069999999999999785,7,v3_short,sl,False,A,True,0.009826589595375657,0.004117022531555976,0.00015606936416184906,0.9411764705882383,0.058823529411761756
VKCO,-1,2024-09-16 21:50:00+00:00,2024-09-17 09:50:00+00:00,356.2,356.8,2006.906843798956,-1204.1441062794192,-0.0011791128579450195,72,v3_short,timeout,False,A,True,0.008422234699606963,0.0032543056526372523,2.2459292532287147e-05,1.0,0.0
VKCO,-1,2024-09-25 13:20:00+00:00,2024-09-25 16:40:00+00:00,377.2,371.542,1892.9409249384746,10710.259753301918,0.01050000000000003,20,v3_short,tp,False,A,True,0.019618239660657566,0.004544765944553877,,0.5135135135135127,0.4864864864864873
VKCO,-1,2024-09-27 13:20:00+00:00,2024-09-27 18:10:00+00:00,358.4,361.984,2013.1542932871207,-7215.144987141047,-0.007000000000000008,29,v3_short,sl,False,A,True,0.03123257110987169,0.004700820651740917,,0.42857142857142494,0.5714285714285751
VKCO,-1,2024-10-08 13:20:00+00:00,2024-10-08 21:20:00+00:00,335.6,336.4,2134.874544764914,-1707.899635811834,-0.001668653158521955,48,v3_short,timeout,False,A,True,0.015476190476190612,0.004790249433106602,,0.8076923076923094,0.19230769230769063
VKCO,-1,2024-10-09 21:50:00+00:00,2024-10-10 09:50:00+00:00,340.2,340.8,2102.4937315638945,-1261.4962389383845,-0.0012345679012346147,72,v3_short,timeout,False,A,True,0.012352941176470554,0.0033733493397359042,-1.7647058823533425e-05,0.952380952380955,0.04761904761904504
VKCO,-1,2024-10-28 21:50:00+00:00,2024-10-29 09:50:00+00:00,301.6,304.0,2368.651591879244,-5684.763820510131,-0.005570291777188275,72,v3_short,timeout,False,A,True,0.013271400132714002,0.00471270127161681,-6.635700066357002e-05,0.8500000000000085,0.14999999999999147
VKCO,-1,2024-11-12 13:20:00+00:00,2024-11-12 19:20:00+00:00,318.4,313.62399999999997,2231.1745773757007,10656.08978154637,0.010500000000000027,36,v3_short,tp,False,A,True,0.02889447236180901,0.004815745393634856,,0.5869565217391287,0.4130434782608713
VKCO,-1,2024-11-14 22:50:00+00:00,2024-11-15 09:50:00+00:00,310.2,309.4,2314.2013161944083,1851.3610529555529,0.0018052869116699161,66,v3_short,timeout,False,A,True,0.018041237113402137,0.0029586576898801022,-0.00028350515463917747,0.8571428571428557,0.14285714285714432
VKCO,-1,2024-11-15 13:20:00+00:00,2024-11-15 16:40:00+00:00,309.0,312.09,2327.3825275746744,-7191.612010205686,-0.006999999999999945,20,v3_short,sl,False,A,True,0.016828478964401258,0.003883495145631075,,0.6153846153846145,0.38461538461538547
VKCO,-1,2024-11-19 23:10:00+00:00,2024-11-20 09:50:00+00:00,296.8,297.2,2406.088519587029,-962.4354078347569,-0.0009433962264150406,64,v3_short,timeout,False,A,True,0.012129380053908241,0.004620716211012714,-0.0002560646900269511,0.5555555555555608,0.4444444444444392
VKCO,-1,2024-11-29 22:00:00+00:00,2024-11-29 23:50:00+00:00,274.6,275.2,2598.1550175817406,-1558.8930105489558,-0.0015294974508374948,11,v3_short,weekend_exit,False,A,True,0.00946831755280416,0.004310537033458669,0.0001747997086671547,0.8461538461538562,0.15384615384614375
VKCO,-1,2024-12-11 21:50:00+00:00,2024-12-11 23:30:00+00:00,253.8,256.338,2806.7854323111183,-7123.621427205649,-0.0070000000000000305,10,v3_short,sl,False,A,True,0.029156816390858965,0.004921117383123466,0.0,0.8378378378378395,0.1621621621621605
VKCO,-1,2024-12-19 21:50:00+00:00,2024-12-20 09:50:00+00:00,248.4,248.4,2847.7278893780913,-0.0,-0.0,72,v3_short,timeout,False,A,True,0.013687600644122406,0.004387262151237312,-2.415458937198159e-05,1.0,0.0
VKCO,-1,2025-01-10 22:50:00+00:00,2025-01-10 23:50:00+00:00,311.4,310.4,2271.5979695617148,2271.5979695617148,0.0022479126525369302,6,v3_short,weekend_exit,False,A,True,0.01028938906752408,0.004383489730297268,0.0006045016077170403,1.0,0.0
VKCO,-1,2025-01-16 22:40:00+00:00,2025-01-17 09:50:00+00:00,338.4,339.0,2095.052382683839,-1257.031429610351,-0.0012411347517730968,67,v3_short,timeout,False,A,True,0.012404016538688853,0.004170835493086789,-7.0880094506792e-05,0.7142857142857065,0.28571428571429347
VKCO,-1,2025-01-28 11:00:00+00:00,2025-01-28 12:00:00+00:00,337.6,335.8,2097.4105577591345,3775.339003966466,0.003732227488151682,6,v3_short,opposite_signal,False,A,True,0.015402843601895868,0.004763033175355449,-0.00016587677725118214,0.6153846153846187,0.38461538461538125
VKCO,-1,2025-01-30 11:00:00+00:00,2025-01-30 12:10:00+00:00,341.4,336.279,2081.805921506328,10660.928124033866,0.010499999999999962,7,v3_short,tp,False,A,True,0.008782201405152224,0.0031147540983606447,0.000117096018735363,0.5999999999999849,0.4000000000000152
VKCO,-1,2025-01-31 10:20:00+00:00,2025-01-31 10:40:00+00:00,345.6,343.2,2078.09951183184,4987.438828396487,0.00486111111111118,2,v3_short,opposite_signal,False,A,True,0.017929438982070528,0.0031397174254316966,0.00016772700983227166,0.7419354838709727,0.25806451612902725
VKCO,-1,2025-01-31 11:10:00+00:00,2025-01-31 11:50:00+00:00,345.6,342.4,2088.2013844588005,6682.244430268256,0.006481481481481572,4,v3_short,opposite_signal,False,A,True,0.01677270098322733,0.0035147039195622155,0.00017929438982070036,0.7241379310344892,0.2758620689655108
VKCO,-1,2025-02-03 21:10:00+00:00,2025-02-04 06:50:00+00:00,324.2,320.6,2240.4687525297636,8065.687509107072,0.007772979642196101,58,v3_short,timeout,False,A,True,0.019118100524205945,0.003222010358259858,-0.0004162812210915819,0.9032258064516091,0.09677419354839094
VKCO,-1,2025-02-04 10:30:00+00:00,2025-02-04 12:30:00+00:00,323.4,318.549,2263.4692357035383,10980.089262397862,0.010499999999999997,12,v3_short,tp,False,A,True,0.014837712519319798,0.0037375298580862274,-3.0911901081923564e-06,0.47916666666666174,0.5208333333333383
VKCO,-1,2025-02-05 10:40:00+00:00,2025-02-05 10:40:00+00:00,308.1,307.5,2400.817959461872,1440.4907756771777,0.0013631937682571109,0,v3_short,opposite_signal,False,A,True,0.011359948068808827,0.0033162581318882996,0.0,0.6000000000000065,0.3999999999999935
VKCO,-1,2025-02-05 11:10:00+00:00,2025-02-05 11:20:00+00:00,308.6,303.971,2400.195582803554,11110.505352797696,0.010500000000000042,1,v3_short,tp,False,A,True,0.011341542449773168,0.0034024627349319657,9.7213220998041e-06,0.7428571428571493,0.2571428571428506
VKCO,-1,2025-02-12 10:50:00+00:00,2025-02-12 14:40:00+00:00,318.0,313.23,2353.7034924532554,11227.165659001985,0.01049999999999996,23,v3_short,tp,False,A,True,0.014784523435042432,0.003722344552794392,5.3475935828878446e-05,0.5106382978723368,0.48936170212766317
VKCO,-1,2025-02-19 10:40:00+00:00,2025-02-19 10:40:00+00:00,324.8,323.5,2328.6229266054083,3027.2098045870575,0.002801724137931059,0,v3_short,opposite_signal,False,A,True,0.012627040344933855,0.0034011328182536357,0.00012627040344933858,0.5121951219512222,0.48780487804877776
VKCO,-1,2025-02-20 11:50:00+00:00,2025-02-20 12:20:00+00:00,328.3,331.583,2310.2521273976467,-7584.55773424651,-0.007000000000000032,3,v3_short,sl,False,A,True,0.013711151736745888,0.0037781840341255435,,0.644444444444452,0.35555555555554796
VKCO,1,2025-02-20 20:00:00+00:00,2025-02-21 06:50:00+00:00,328.8,330.0,2290.5917974777217,2748.71015697324,0.002554744525547421,65,v3_long,timeout,False,A,True,0.024939172749391694,0.0044503202740950355,0.00021593673965937155,0.20731707317073061,0.7926829268292694
VKCO,-1,2025-02-24 20:30:00+00:00,2025-02-25 06:50:00+00:00,337.5,340.4,2237.2464596164627,-6488.014732887691,-0.006014814814814768,62,v3_short,timeout,False,A,True,0.009783575452119808,0.003297494509217855,-5.929439667949356e-06,0.969696969696963,0.03030303030303709
VKCO,-1,2025-02-25 10:20:00+00:00,2025-02-25 17:40:00+00:00,341.5,344.915,2197.742517738023,-7505.290698075393,-0.007000000000000043,44,v3_short,sl,False,A,True,0.020204978038067284,0.0033326361291222085,4.68521229868235e-05,0.6521739130434804,0.34782608695651956
VKCO,-1,2025-03-03 20:00:00+00:00,2025-03-04 06:50:00+00:00,323.4,321.2,2304.500205067662,5069.90045114883,0.004761904761904737,65,v3_short,timeout,False,A,True,0.021335807050092696,0.003716885641083884,-1.8552875695733542e-05,0.4057971014492701,0.5942028985507299
VKCO,-1,2025-03-05 10:20:00+00:00,2025-03-05 10:20:00+00:00,333.6,334.2,2244.67714818551,-1346.8062889112293,-0.001258992805755324,0,v3_short,opposite_signal,False,A,True,0.02757793764988006,0.005381409158387573,-0.00021282973621103185,0.5217391304347845,0.4782608695652155
VKCO,1,2025-03-05 19:50:00+00:00,2025-03-05 21:30:00+00:00,338.9,335.51099999999997,2206.7911839257845,-7478.815322324505,-0.007000000000000021,10,v3_long,sl,False,A,True,0.015343759221009114,0.003661305183035137,0.0003098259073473035,0.15384615384614544,0.8461538461538546
VKCO,-1,2025-03-13 12:50:00+00:00,2025-03-13 15:30:00+00:00,319.5,314.7075,2324.4017574548393,11139.695422602359,0.010500000000000039,16,v3_short,tp,False,A,True,0.01564455569461827,0.0031289111389236446,,0.9799999999999954,0.02000000000000455
VKCO,-1,2025-03-14 10:20:00+00:00,2025-03-14 16:40:00+00:00,320.8,324.00800000000004,2339.289739098014,-7504.441483026491,-0.007000000000000059,38,v3_short,sl,False,A,True,0.009975062344139616,0.00307267545422157,-0.00020885286783041827,0.8437499999999994,0.15625000000000056
VKCO,-1,2025-03-21 22:40:00+00:00,2025-03-21 23:50:00+00:00,295.3,294.4,2523.5050432256153,2271.15453890314,0.002133423636979424,7,v3_short,weekend_exit,False,A,True,0.015238740264138163,0.004395391749656176,-9.481882831019149e-05,0.4444444444444444,0.5555555555555556
VKCO,-1,2025-03-25 11:10:00+00:00,2025-03-25 12:20:00+00:00,289.8,286.5,2576.883531545053,8503.715654098703,0.007971014492753649,7,v3_short,opposite_signal,False,A,True,0.024154589371980676,0.004021340977862711,0.00018633540372670727,0.7857142857142857,0.21428571428571427
VKCO,-1,2025-03-27 19:20:00+00:00,2025-03-27 21:40:00+00:00,281.5,280.6,2674.008697689611,2406.607827920589,0.002238010657193549,14,v3_short,opposite_signal,False,A,True,0.02025586353944559,0.004126597334029568,8.884150675195453e-05,0.40350877192982737,0.5964912280701726
VKCO,1,2025-03-28 19:20:00+00:00,2025-03-28 21:50:00+00:00,282.9,280.07099999999997,2666.7305545393074,-7544.1807387917215,-0.00700000000000002,15,v3_long,sl,False,A,True,0.011311417462000668,0.0042634232908433396,-3.534817956875221e-05,0.40624999999998723,0.5937500000000128
VKCO,-1,2025-04-02 21:40:00+00:00,2025-04-03 06:50:00+00:00,280.4,281.7,2671.6731360984872,-3473.175076928064,-0.0032453637660485313,55,v3_short,timeout,False,A,True,0.02030637691485568,0.004282297172520596,-0.00013537584609904055,0.7192982456140306,0.28070175438596945
VKCO,-1,2025-04-03 12:30:00+00:00,2025-04-03 17:20:00+00:00,280.1,275.8985,2665.854783320836,11200.588872122518,0.010500000000000025,29,v3_short,tp,False,A,True,0.013556903317873747,0.003945352668359539,,0.6842105263157934,0.31578947368420657
VKCO,-1,2025-04-11 12:40:00+00:00,2025-04-11 13:40:00+00:00,252.7,255.227,2985.937226033446,-7545.463370186564,-0.007000000000000042,6,v3_short,sl,False,A,True,0.020569620253164625,0.004023508137432187,,0.7884615384615348,0.21153846153846523
VKCO,-1,2025-04-11 19:40:00+00:00,2025-04-11 21:40:00+00:00,253.4,251.3,2956.8449591930594,6209.374414305408,0.005801104972375674,12,v3_short,opposite_signal,False,A,True,0.018547750591949443,0.0038577388334970794,3.157063930544638e-05,0.9787234042553203,0.021276595744679692
VKCO,-1,2025-04-11 23:40:00+00:00,2025-04-11 23:50:00+00:00,252.7,252.1,2982.2361485933325,1789.3416891559825,0.001662049861495829,1,v3_short,weekend_exit,False,A,True,0.012262658227848191,0.0034551795401704926,-0.00016613924050632865,0.8064516129032199,0.1935483870967801
VKCO,-1,2025-04-14 21:40:00+00:00,2025-04-15 06:50:00+00:00,250.5,250.0,3013.427600526724,1506.713800263362,0.0013972055888223553,55,v3_short,timeout,False,A,True,0.013955342902711323,0.00324675324675324,-0.0001594896331738437,0.8000000000000033,0.19999999999999676
VKCO,-1,2025-04-17 11:40:00+00:00,2025-04-17 17:20:00+00:00,253.4,249.599,2983.1030528497577,11338.774703881976,0.010500000000000042,34,v3_short,tp,False,A,True,0.011838989739542225,0.0032795362381950292,,0.7666666666666705,0.23333333333332953
VKCO,-1,2025-04-17 21:00:00+00:00,2025-04-18 06:50:00+00:00,252.5,252.0,3025.1701223162218,1512.5850611581109,0.001386138613861386,59,v3_short,timeout,False,A,True,0.02414885193982579,0.003999224392845024,-0.00011084718923199003,0.7213114754098376,0.27868852459016236
VKCO,-1,2025-04-24 19:20:00+00:00,2025-04-25 06:50:00+00:00,273.1,273.7,2800.8578009068347,-1680.5146805440052,-0.0015378982057853389,69,v3_short,timeout,False,A,True,0.01684364701574523,0.0038709002458544584,-0.0003112413035518125,0.847826086956525,0.15217391304347505
VKCO,-1,2025-04-30 22:20:00+00:00,2025-04-30 22:40:00+00:00,264.0,266.64,2892.9466104215,-7637.37905151272,-0.006999999999999965,2,v3_short,sl,False,A,True,0.02005297010972384,0.004046113337502964,0.00017404464623533517,0.849056603773583,0.15094339622641692
VKCO,-1,2025-05-07 12:40:00+00:00,2025-05-07 13:40:00+00:00,258.6,261.18600000000004,2932.6826752328575,-7583.917398152207,-0.007000000000000035,6,v3_short,sl,False,A,True,0.017021276595744594,0.004509533020171313,,0.7045454545454634,0.29545454545453664
VKCO,1,2025-05-07 20:30:00+00:00,2025-05-07 21:00:00+00:00,257.7,255.123,2922.324399055143,-7530.829976365098,-0.006999999999999995,3,v3_long,sl,False,A,True,0.015521924718665115,0.0044348356339043325,4.656577415599711e-05,0.3499999999999943,0.6500000000000057
VKCO,-1,2025-05-15 19:50:00+00:00,2025-05-16 06:50:00+00:00,258.4,257.8,2894.0070303910793,1736.4042182345488,0.0016253869969039326,66,v3_short,timeout,False,A,True,0.012761020881670576,0.003519737361301824,-0.0002204176334106746,0.8181818181818119,0.18181818181818807
VKCO,-1,2025-05-26 22:40:00+00:00,2025-05-27 06:50:00+00:00,241.4,240.4,3102.8454830398464,3102.8454830398464,0.0028997514498757247,49,v3_short,timeout,False,A,True,0.02735184417737254,0.004643216590407402,-0.0003439701616245366,0.8787878787878812,0.12121212121211873
VKCO,-1,2025-05-28 10:20:00+00:00,2025-05-28 10:20:00+00:00,256.4,257.9,2929.792868346127,-4394.68930251919,-0.004095163806552263,0,v3_short,opposite_signal,False,A,True,0.016380655226209004,0.0042715994354059665,9.360374414976732e-05,0.3333333333333288,0.6666666666666712
VKCO,-1,2025-05-28 10:40:00+00:00,2025-05-28 10:50:00+00:00,257.1,256.1,2909.8506765156876,2909.8506765156876,0.0027226760015558148,1,v3_short,opposite_signal,False,A,True,0.01556420233463035,0.004635425477922494,7.782101167315176e-05,0.4750000000000085,0.5249999999999915
VKCO,-1,2025-05-28 11:20:00+00:00,2025-05-28 11:30:00+00:00,256.9,256.3,2920.0447816494525,1752.026868989572,0.0016348773841960925,1,v3_short,opposite_signal,False,A,True,0.012446518864255109,0.004638633187835798,8.945935433683215e-05,0.2812499999999939,0.7187500000000061
VKCO,-1,2025-05-29 12:00:00+00:00,2025-05-29 20:00:00+00:00,260.7,257.3,2882.186126636122,9799.43283056275,0.0091292673571154,48,v3_short,timeout,False,A,True,0.014587332053742847,0.0041112005448578955,,0.8421052631578893,0.15789473684211078
VKCO,-1,2025-05-30 10:20:00+00:00,2025-05-30 11:50:00+00:00,259.5,257.9,2921.9480778243965,4675.1169245191,0.0043159922928709665,9,v3_short,opposite_signal,False,A,True,0.020809248554913316,0.003523259014588482,3.853564547207041e-06,0.814814814814815,0.18518518518518498
VKCO,-1,2025-05-30 12:20:00+00:00,2025-05-30 12:50:00+00:00,259.1,261.69100000000003,2939.089571758372,-7615.181080425967,-0.007000000000000022,3,v3_short,sl,False,A,True,0.011188271604938184,0.003448840254395797,,0.5172413793103489,0.48275862068965114
VKCO,-1,2025-06-04 10:20:00+00:00,2025-06-04 16:20:00+00:00,278.3,281.083,2717.166659311161,-7561.874812863002,-0.0070000000000000374,36,v3_short,sl,False,A,True,0.02154398563734291,0.004821749166452935,-1.7953321364452423e-05,0.7166666666666686,0.28333333333333144
VKCO,1,2025-06-05 19:20:00+00:00,2025-06-06 06:50:00+00:00,285.5,287.2,2630.1021678363995,4471.173685321849,0.0041681260945709,69,v3_long,timeout,False,A,True,0.01750087504375219,0.0043002150107505285,0.00021701085054252873,0.1,0.9
VKCO,-1,2025-06-06 11:00:00+00:00,2025-06-06 11:10:00+00:00,287.2,286.0,2625.431721786272,3150.518066143497,0.0029247910863509476,1,v3_short,opposite_signal,False,A,True,0.012199372603694669,0.003081212966190306,5.92540955036614e-05,0.6285714285714253,0.37142857142857466
VKCO,-1,2025-06-09 19:40:00+00:00,2025-06-10 06:50:00+00:00,270.8,273.0,2792.575159318012,-6143.665350499595,-0.0056868537666174,67,v3_short,timeout,False,A,True,0.012186115214180249,0.004069574654086154,-0.0001366322008862562,0.909090909090906,0.09090909090909403
VKCO,-1,2025-06-10 10:20:00+00:00,2025-06-10 10:40:00+00:00,276.1,275.0,2723.3929279173053,2995.732220709098,0.002788844621514002,2,v3_short,opposite_signal,False,A,True,0.021353601158161335,0.003636488978508507,0.00021715526601520085,0.61016949152543,0.38983050847457007
VKCO,-1,2025-06-11 10:20:00+00:00,2025-06-11 11:40:00+00:00,272.5,271.8,2767.06715578886,1936.9470090521704,0.0017981651376146495,8,v3_short,opposite_signal,False,A,True,0.01614086573734401,0.0034063515354784807,0.00013206162876008886,0.4545454545454569,0.5454545454545431
VKCO,-1,2025-06-17 10:20:00+00:00,2025-06-17 12:00:00+00:00,258.6,261.18600000000004,2921.042779809748,-7553.816628588045,-0.007000000000000034,10,v3_short,sl,False,A,True,0.015087040618955534,0.0035737312333057126,-4.255319148936258e-05,0.8974358974359035,0.10256410256409658
VKCO,1,2025-06-18 20:00:00+00:00,2025-06-18 20:50:00+00:00,266.9,264.231,2810.393372869199,-7500.939912187844,-0.006999999999999956,5,v3_long,sl,False,A,True,0.01122754491017964,0.004345900036661344,8.982035928143627e-05,0.23333333333332953,0.7666666666666705
VKCO,-1,2025-06-24 12:50:00+00:00,2025-06-24 15:20:00+00:00,254.3,256.843,2928.994625561375,-7448.433332802595,-0.0070000000000000175,15,v3_short,sl,False,A,True,0.014931237721021545,0.003765553372626061,,0.7894736842105299,0.21052631578947015
VKCO,-1,2025-06-26 11:50:00+00:00,2025-06-26 12:40:00+00:00,269.6,272.29600000000005,2743.432603662077,-7396.294299473032,-0.007000000000000069,5,v3_short,sl,False,A,True,0.014465875370919796,0.004104846686449038,,0.5384615384615474,0.46153846153845257
VKCO,1,2025-06-26 20:00:00+00:00,2025-06-27 06:50:00+00:00,270.5,268.7,2715.164598660498,-4887.296277588927,-0.004658040665434409,65,v3_long,timeout,False,A,True,0.013308687615526886,0.003078199856652446,0.00013678373382624938,0.277777777777776,0.722222222222224
VKCO,-1,2025-07-02 10:40:00+00:00,2025-07-02 15:30:00+00:00,283.1,285.93100000000004,2582.235664229433,-7310.309165433569,-0.007000000000000043,29,v3_short,sl,False,A,True,0.015889830508474576,0.004099115696389118,4.943502824859078e-05,0.5555555555555556,0.4444444444444444
VKCO,-1,2025-07-03 11:00:00+00:00,2025-07-03 11:00:00+00:00,287.7,290.577,2523.1619747221034,-7259.137001275516,-0.007000000000000024,0,v3_short,sl,False,A,True,0.0201598887730275,0.004365658672227996,-0.00015641293013555788,0.7758620689655157,0.2241379310344843
VKCO,1,2025-07-03 19:40:00+00:00,2025-07-04 06:50:00+00:00,292.9,293.0,2461.018450756764,246.10184507573237,0.00023898941618305197,67,v3_long,timeout,False,A,True,0.02013651877133098,0.004708504562234447,0.00045051194539248913,0.15254237288135267,0.8474576271186474
VKCO,-1,2025-07-04 10:20:00+00:00,2025-07-04 11:10:00+00:00,292.9,288.50649999999996,2461.6066081195263,10815.068632773182,0.010500000000000042,5,v3_short,tp,False,A,True,0.015363605326049848,0.00401567250321091,-6.828269033800321e-05,0.8222222222222197,0.1777777777777803
VKCO,-1,2025-07-04 20:10:00+00:00,2025-07-04 23:50:00+00:00,289.2,289.7,2519.2777439873807,-1259.6388719936904,-0.0012102351313969572,22,v3_short,weekend_exit,False,A,True,0.010726643598615996,0.0033330979450603925,-0.00012802768166090124,0.48387096774193195,0.516129032258068
VKCO,-1,2025-07-16 12:20:00+00:00,2025-07-16 20:20:00+00:00,331.1,331.4,2197.805425402461,-659.3416276206383,-0.0006342494714586775,48,v3_short,timeout,False,A,True,0.012080942313500452,0.0034046291974410355,,0.9500000000000028,0.04999999999999716
VKCO,-1,2025-07-18 10:30:00+00:00,2025-07-18 10:50:00+00:00,324.5,323.2,2241.084244102991,2913.4095173339138,0.0028043143297380837,2,v3_short,opposite_signal,False,A,True,0.01571648690292765,0.004048186020451041,0.00012942989214175795,0.49019607843137036,0.5098039215686296
VKCO,-1,2025-07-23 10:20:00+00:00,2025-07-23 11:10:00+00:00,336.6,334.6,2166.5811760949323,4333.162352189865,0.0041592394533571005,5,v3_short,opposite_signal,False,A,True,0.01188001188001188,0.0030972888115745386,-2.97000297000297e-05,0.8000000000000114,0.19999999999998863
VKCO,1,2025-07-30 19:30:00+00:00,2025-07-30 21:30:00+00:00,321.1,322.6,2280.6117643104553,3420.917646465683,0.003270009342883837,12,v3_long,opposite_signal,False,A,True,0.011211460604173225,0.004048582995951398,0.00015882902522578704,0.19444444444445586,0.8055555555555441
VKCO,-1,2025-08-06 20:40:00+00:00,2025-08-06 21:50:00+00:00,328.4,331.68399999999997,2237.2079167862767,-7346.990798726114,-0.006999999999999983,7,v3_short,sl,False,A,True,0.018879415347137603,0.003038852569042225,-0.000124847746650427,0.8225806451612864,0.17741935483871368
VKCO,-1,2025-08-07 22:00:00+00:00,2025-08-08 06:50:00+00:00,331.8,333.0,2198.7829605590864,-2638.5395526708785,-0.002531645569620229,53,v3_short,timeout,False,A,True,0.01658124811576726,0.003199350285788103,-8.44136267711774e-05,0.7818181818181839,0.21818181818181612
VKCO,1,2025-08-13 19:30:00+00:00,2025-08-14 06:50:00+00:00,353.0,352.2,2061.4991745797033,-1649.199339663786,-0.0015864022662889744,68,v3_long,timeout,False,A,True,0.014730878186968806,0.004041163207492628,-0.000178470254957509,0.03846153846153636,0.9615384615384637
VKCO,-1,2025-08-14 12:20:00+00:00,2025-08-14 20:20:00+00:00,349.1,348.8,2081.222483783645,624.3667451351172,0.0006015468347178686,48,v3_short,timeout,False,A,True,0.015468347178458991,0.003584976085692219,,0.5000000000000052,0.4999999999999947
VKCO,-1,2025-08-22 10:20:00+00:00,2025-08-22 14:00:00+00:00,335.4,338.75399999999996,2167.5367495839755,-7269.918258104622,-0.006999999999999971,22,v3_short,sl,False,A,True,0.014907573047107932,0.0032228753158985864,-3.2796660703638124e-05,0.6799999999999955,0.32000000000000456
VKCO,-1,2025-09-03 20:20:00+00:00,2025-09-04 06:50:00+00:00,333.2,335.5,2166.575279201056,-4983.123142162454,-0.004831932773109267,63,v3_short,timeout,False,A,True,0.007505253677574301,0.0030511153725975393,0.0003332332632842962,0.7200000000000045,0.2799999999999955
VKCO,-1,2025-09-04 10:50:00+00:00,2025-09-04 11:10:00+00:00,336.1,334.0,2137.5028171088316,4488.755915928595,0.004373698304076215,2,v3_short,opposite_signal,False,A,True,0.010413567390657541,0.00306208469701479,3.3825301315565612e-18,0.8000000000000033,0.19999999999999676
VKCO,-1,2025-09-16 19:20:00+00:00,2025-09-17 06:50:00+00:00,313.3,310.7,2303.085943094249,5988.0234520451,0.005809128630705445,69,v3_short,timeout,False,A,True,0.01532077880625602,0.0031006338060280093,-6.0644749441429214e-05,0.750000000000003,0.24999999999999703
VKCO,1,2025-09-17 20:10:00+00:00,2025-09-18 06:50:00+00:00,306.5,306.2,2367.857887072952,-710.3573661219125,-0.0006851549755302053,64,v3_long,timeout,False,A,True,0.015008156606851439,0.003262642740619891,9.787928221858222e-06,0.08695652173912613,0.9130434782608738
VKCO,1,2025-09-18 19:20:00+00:00,2025-09-18 20:30:00+00:00,307.1,304.029,2361.6124787742574,-7252.511922315807,-0.00700000000000006,7,v3_long,sl,False,A,True,0.009120521172638474,0.0030645482948879893,-2.931596091205508e-05,0.3928571428571494,0.6071428571428507
VKCO,1,2025-09-19 19:40:00+00:00,2025-09-19 23:40:00+00:00,301.7,303.8,2387.0548024062095,5012.815085053095,0.0048723897911833475,24,v3_long,opposite_signal,False,A,True,0.0169042094796154,0.003612184018453246,4.6403712296979235e-05,0.11764705882352351,0.8823529411764764
VKCO,-1,2025-09-23 12:30:00+00:00,2025-09-23 15:00:00+00:00,298.3,301.283,2426.0254926097573,-7236.834044454916,-0.00700000000000001,15,v3_short,sl,False,A,True,0.02112676056338032,0.0034224957588669374,,0.8730158730158715,0.12698412698412856
VKCO,1,2025-09-24 19:30:00+00:00,2025-09-25 06:50:00+00:00,295.8,297.4,2429.4037208058558,3887.0459532892864,0.0037863421230560387,68,v3_long,timeout,False,A,True,0.012512681772066245,0.003229969701779939,0.0003753804531619893,0.21621621621621995,0.78378378378378
VKCO,-1,2025-09-26 11:20:00+00:00,2025-09-26 11:20:00+00:00,293.2,292.5,2460.2269876591904,1722.1588913614053,0.0016712141882673673,0,v3_short,opposite_signal,False,A,True,0.013651877133105802,0.00331184426747568,-0.00013993174061433525,0.625,0.375
VKCO,-1,2025-09-26 12:40:00+00:00,2025-09-26 19:00:00+00:00,293.9,296.839,2458.469084741843,-7225.440640056328,-0.007000000000000051,38,v3_short,sl,False,A,True,0.010544217687074715,0.003197278911564646,,0.7419354838709612,0.25806451612903875
VKCO,-1,2025-10-02 10:50:00+00:00,2025-10-02 11:40:00+00:00,269.0,271.69,2667.2351507717035,-7174.862555575876,-0.006999999999999995,5,v3_short,sl,False,A,True,0.019702602230483313,0.0043215613382899505,-0.0002750929368029689,0.6981132075471662,0.30188679245283384
VKCO,-1,2025-10-06 20:10:00+00:00,2025-10-07 06:50:00+00:00,266.9,264.0,2669.403715881173,7741.270776055341,0.007605844885724931,64,v3_short,timeout,False,A,True,0.020599250936329586,0.0050905755560651245,1.1235955056178072e-05,0.7999999999999958,0.20000000000000415
VKCO,-1,2025-10-10 20:50:00+00:00,2025-10-10 22:40:00+00:00,264.9,263.2,2710.014123487821,4607.024009929265,0.004492261230653047,11,v3_short,opposite_signal,False,A,True,0.021903323262839922,0.005610703495899871,2.6435045317222258e-05,0.3793103448275835,0.6206896551724165
VKCO,-1,2025-10-20 22:00:00+00:00,2025-10-21 06:50:00+00:00,281.4,282.0,2562.5716351061633,-1537.5429810637563,-0.0014925373134328926,53,v3_short,timeout,False,A,True,0.013143872113676692,0.003240656831116084,0.00017761989342806797,0.8918918918918823,0.10810810810811766
VKCO,-1,2025-10-24 13:20:00+00:00,2025-10-24 13:30:00+00:00,265.9,268.55899999999997,2707.9028884247073,-7200.313780321275,-0.006999999999999979,1,v3_short,sl,False,A,True,0.01467268623024822,0.0035982327178715502,,0.7948717948717907,0.20512820512820923
VKCO,-1,2025-10-27 19:50:00+00:00,2025-10-28 06:50:00+00:00,253.4,250.0,2821.5909959980454,9593.40938639337,0.009392265193370181,66,v3_short,timeout,False,A,True,0.010260457774269906,0.0032617624792616357,-0.00017758484609313338,0.9615384615384637,0.03846153846153636
VKCO,-1,2025-10-29 10:20:00+00:00,2025-10-29 11:10:00+00:00,263.5,266.135,2738.924269284175,-7217.065449563776,-0.006999999999999976,5,v3_short,sl,False,A,True,0.01858172165339392,0.004135290824710605,-4.5506257110350094e-05,0.7142857142857176,0.2857142857142824
OZON,-1,2022-01-04 11:00:00+00:00,2022-01-04 13:10:00+00:00,2252.5,2275.025,310.7658157602663,-7000.000000000027,-0.007000000000000027,13,v3_short,sl,False,A,True,0.008655126498002663,0.0033751294570202694,7.989347536617843e-05,0.7692307692307693,0.23076923076923078
OZON,-1,2022-01-05 10:40:00+00:00,2022-01-05 11:20:00+00:00,2210.0,2203.5,314.524886877828,2044.411764705882,0.0020588235294117644,4,v3_short,opposite_signal,False,A,True,0.009963768115942028,0.0034687911725955205,2.2644927536231883e-06,0.6363636363636364,0.36363636363636365
OZON,-1,2022-01-11 10:20:00+00:00,2022-01-11 14:50:00+00:00,2008.5,2028.585,346.7916794798577,-6965.310882352955,-0.007000000000000013,27,v3_short,sl,False,A,True,0.01195219123505976,0.003889205084424208,4.4820717131474105e-05,0.6875,0.3125
OZON,1,2022-01-12 10:40:00+00:00,2022-01-12 10:50:00+00:00,2067.5,2066.0,334.5370595490433,-501.80558932356496,-0.0005078597339782346,1,v3_long,opposite_signal,False,A,True,0.012578616352201259,0.0031446540880503146,0.00012336719883889697,0.4807692307692308,0.5192307692307693
OZON,-1,2022-01-12 11:10:00+00:00,2022-01-12 11:20:00+00:00,2070.0,2062.0,333.963336572522,2671.706692580176,0.0027053140096618355,1,v3_short,opposite_signal,False,A,True,0.012560386473429951,0.0032051282051282055,0.00013043478260869567,0.5769230769230769,0.4230769230769231
OZON,-1,2022-01-12 13:00:00+00:00,2022-01-12 13:30:00+00:00,2062.5,2083.125,336.08450976481294,-6931.743013899267,-0.007,3,v3_short,sl,False,A,True,0.018424242424242423,0.0033873873873873877,,0.5131578947368421,0.4868421052631579
OZON,-1,2022-01-13 11:10:00+00:00,2022-01-13 14:40:00+00:00,2075.0,2043.875,331.7214849543119,10324.831219202959,0.010500000000000002,21,v3_short,tp,False,A,True,0.012289156626506025,0.0031788693234476367,-7.228915662650602e-05,0.9019607843137255,0.09803921568627451
OZON,1,2022-02-09 19:20:00+00:00,2022-02-09 20:00:00+00:00,1646.0,1629.54,422.56954017839564,-6955.494631336408,-0.007000000000000016,4,v3_long,sl,False,A,True,0.02339003645200486,0.005697175589555384,0.00010631834750911299,0.5194805194805194,0.4805194805194805
OZON,-1,2022-09-13 13:20:00+00:00,2022-09-13 16:20:00+00:00,1458.0,1436.1299999999999,473.71784423299295,10360.209253375611,0.010500000000000056,18,v3_short,tp,False,A,True,0.018505825908156272,0.0031495805998890303,,0.6296296296296297,0.37037037037037035
OZON,-1,2022-09-16 13:20:00+00:00,2022-09-16 21:20:00+00:00,1459.0,1464.0,478.3637857224584,-2391.818928612292,-0.0023989033584647023,48,v3_short,timeout,False,A,True,0.018505825908156272,0.0032148568817520155,,0.6666666666666666,0.3333333333333333
OZON,-1,2022-10-12 23:10:00+00:00,2022-10-13 09:50:00+00:00,1224.0,1218.0,568.8386357181683,3413.03181430901,0.0034313725490196074,64,v3_short,timeout,False,A,True,0.016796394920114706,0.0031853790266618736,-1.6386726751331422e-05,0.7073170731707317,0.2926829268292683
OZON,-1,2022-10-21 13:20:00+00:00,2022-10-21 15:50:00+00:00,1242.5,1254.925,562.2918409569854,-6986.4761238905185,-0.006999999999999975,15,v3_short,sl,False,A,True,0.023368251410153102,0.0051801542534822154,,0.4827586206896552,0.5172413793103449
OZON,-1,2022-10-28 13:20:00+00:00,2022-10-28 18:00:00+00:00,1313.5,1326.635,528.1744035800008,-6937.570791023306,-0.006999999999999996,28,v3_short,sl,False,A,True,0.030072325846973735,0.004676708902061015,,0.8734177215189873,0.12658227848101267
OZON,-1,2022-11-01 13:20:00+00:00,2022-11-01 14:40:00+00:00,1357.0,1370.57,507.66453909256796,-6889.007795486115,-0.006999999999999968,8,v3_short,sl,False,A,True,0.016212232866617538,0.00366705267221111,,0.8636363636363636,0.13636363636363635
OZON,-1,2022-11-08 13:20:00+00:00,2022-11-08 21:20:00+00:00,1403.5,1397.0,487.4089590963836,3168.1582341264934,0.0032418952618453864,48,v3_short,timeout,False,A,True,0.0220876380477378,0.004393777461109132,,0.7258064516129032,0.27419354838709675
OZON,-1,2022-11-11 23:40:00+00:00,2022-11-11 23:50:00+00:00,1447.0,1447.0,474.2890012824208,-0.0,-0.0,1,v3_short,weekend_exit,False,A,True,0.015549412577747062,0.003342594812631341,-0.00028680027643400137,0.8888888888888888,0.1111111111111111
OZON,-1,2022-11-18 13:20:00+00:00,2022-11-18 16:20:00+00:00,1486.0,1500.86,461.84130878577594,-6862.961848556584,-0.006999999999999954,18,v3_short,sl,False,A,True,0.018512285425782565,0.0029972271641743203,,0.6545454545454545,0.34545454545454546
OZON,-1,2022-11-23 13:20:00+00:00,2022-11-23 21:20:00+00:00,1444.0,1444.5,471.94744567982923,-235.97372283991461,-0.00024238227146814405,48,v3_short,timeout,False,A,True,0.02352127291594604,0.0038213832748595807,,0.6617647058823529,0.3382352941176471
OZON,-1,2022-12-16 13:20:00+00:00,2022-12-16 21:20:00+00:00,1375.0,1362.0,495.51049451322575,6441.6364286719345,0.006618181818181818,48,v3_short,timeout,False,A,True,0.019992729916394038,0.003081130671097956,,0.6363636363636364,0.36363636363636365
OZON,-1,2022-12-20 13:20:00+00:00,2022-12-20 15:50:00+00:00,1349.5,1362.9950000000001,508.21495031919653,-6858.360754557617,-0.007000000000000061,15,v3_short,sl,False,A,True,0.020748425342719527,0.003669789516399372,,0.8214285714285714,0.17857142857142858
OZON,-1,2022-12-21 21:50:00+00:00,2022-12-22 09:50:00+00:00,1406.0,1406.5,484.3778256952812,-242.1889128476406,-0.0002489331436699858,72,v3_short,timeout,False,A,True,0.017425320056899004,0.003708595813858972,7.112375533428166e-05,0.8367346938775511,0.16326530612244897
OZON,-1,2022-12-23 13:20:00+00:00,2022-12-23 16:20:00+00:00,1434.5,1412.9825,474.6362430732465,10212.985360328546,0.010499999999999966,18,v3_short,tp,False,A,True,0.01603905160390516,0.00315467888689646,,0.8260869565217391,0.17391304347826086
OZON,1,2022-12-28 13:20:00+00:00,2022-12-28 13:40:00+00:00,1408.5,1394.415,488.4733975440554,-6880.147804408038,-0.0070000000000000175,2,v3_long,sl,False,A,True,0.01312987934705465,0.0032106526073878805,,0.1891891891891892,0.8108108108108109
OZON,-1,2023-01-18 13:20:00+00:00,2023-01-18 19:00:00+00:00,1572.0,1548.42,434.6047563471478,10247.980154665715,0.010499999999999968,34,v3_short,tp,False,A,True,0.023862551702195353,0.004090723148947775,,0.9466666666666667,0.05333333333333334
OZON,1,2023-01-20 13:20:00+00:00,2023-01-20 21:20:00+00:00,1560.0,1560.5,442.5463224910144,221.2731612455072,0.00022435897435897436,48,v3_long,timeout,False,A,True,0.017628205128205128,0.003006715506715507,,0.4,0.6
OZON,-1,2023-01-26 13:20:00+00:00,2023-01-26 21:20:00+00:00,1635.5,1631.5,422.211650442589,1688.846601770356,0.001712014674411495,48,v3_short,timeout,False,A,True,0.01651376146788991,0.003203727974370176,,0.6111111111111112,0.3888888888888889
OZON,1,2023-02-09 13:20:00+00:00,2023-02-09 21:20:00+00:00,1660.5,1665.5,416.56690570315783,2082.8345285157893,0.0021077988557663355,48,v3_long,timeout,False,A,True,0.016260162601626018,0.0030254799902496377,,0.2777777777777778,0.7222222222222222
OZON,-1,2023-02-15 23:40:00+00:00,2023-02-16 09:50:00+00:00,1583.5,1580.0,437.7438150237162,1532.1033525830067,0.0015472055573097568,61,v3_short,timeout,False,A,True,0.026531901452937462,0.00424149444995939,-0.00048641819330385346,0.9880952380952381,0.011904761904761904
OZON,-1,2023-03-10 13:20:00+00:00,2023-03-10 21:20:00+00:00,1662.5,1660.0,417.58785169134603,1043.9696292283652,0.0010526315789473686,48,v3_short,timeout,False,A,True,0.01593984962406015,0.0030504833512352307,,0.6226415094339622,0.37735849056603776
OZON,1,2023-03-14 13:20:00+00:00,2023-03-14 16:10:00+00:00,1667.0,1692.0049999999999,416.898969512491,10424.558732659789,0.010499999999999949,17,v3_long,tp,False,A,True,0.015292353823088457,0.0029985007496251873,,0.27450980392156865,0.7254901960784313
OZON,1,2023-03-16 13:20:00+00:00,2023-03-16 15:10:00+00:00,1659.5,1642.905,423.18033943367556,-7022.677732901858,-0.007000000000000013,11,v3_long,sl,False,A,True,0.03162650602409638,0.005163511187607573,,0.2571428571428571,0.7428571428571429
OZON,-1,2023-03-30 13:20:00+00:00,2023-03-30 17:30:00+00:00,1769.0,1786.69,394.20683938787624,-6973.518988771552,-0.007000000000000021,25,v3_short,sl,False,A,True,0.027447651386530842,0.003665076670170049,,0.7731958762886598,0.2268041237113402
OZON,-1,2023-04-05 13:20:00+00:00,2023-04-05 19:00:00+00:00,1803.0,1821.03,384.06568806711755,-6924.704355850119,-0.006999999999999989,34,v3_short,sl,False,A,True,0.032723239046034386,0.004952064020283654,,0.8983050847457628,0.1016949152542373
OZON,1,2023-05-05 13:20:00+00:00,2023-05-05 16:10:00+00:00,1621.5,1605.285,424.0660761861967,-6876.231425359145,-0.006999999999999965,17,v3_long,sl,False,A,True,0.018187422934648582,0.0034495919206153484,,0.05084745762711865,0.9491525423728814
OZON,-1,2023-05-18 13:20:00+00:00,2023-05-18 21:20:00+00:00,1695.0,1686.5,402.83762863608644,3424.1198434067346,0.003510324483775811,48,v3_short,timeout,False,A,True,0.016814159292035398,0.0031605562579013905,,0.5263157894736842,0.47368421052631576
OZON,-1,2023-05-23 23:30:00+00:00,2023-05-24 09:50:00+00:00,1741.0,1750.0,393.57074349715754,-3542.1366914744176,-0.0036186099942561744,62,v3_short,timeout,False,A,True,0.010626076967260195,0.0033818237231710603,0.00011200459506031017,0.7297297297297297,0.2702702702702703
OZON,-1,2023-05-31 13:20:00+00:00,2023-05-31 14:20:00+00:00,1752.5,1770.025,389.57327745764286,-6827.271687445226,-0.007000000000000036,6,v3_short,sl,False,A,True,0.023965763195435093,0.0048502139800285305,,0.8452380952380952,0.15476190476190477
OZON,-1,2023-06-02 13:20:00+00:00,2023-06-02 17:20:00+00:00,1775.0,1792.75,381.9425794722859,-6779.480785633074,-0.007,24,v3_short,sl,False,A,True,0.01098901098901099,0.003582498087992593,,0.8461538461538461,0.15384615384615385
OZON,-1,2023-06-07 22:00:00+00:00,2023-06-08 09:50:00+00:00,1942.0,1947.0,346.65419259184563,-1733.2709629592282,-0.0018022657054582903,71,v3_short,timeout,False,A,True,0.01184346035015448,0.005327980831879611,0.0004454170957775489,0.7391304347826086,0.2608695652173913
OZON,-1,2023-06-08 13:20:00+00:00,2023-06-08 21:20:00+00:00,1940.5,1937.5,346.2969092189089,1038.8907276567268,0.0010821953104869879,48,v3_short,timeout,False,A,True,0.028372452927521278,0.005428841642408834,,0.6363636363636364,0.36363636363636365
OZON,-1,2023-06-14 13:20:00+00:00,2023-06-14 20:40:00+00:00,2007.0,2027.07,335.1850402833346,-6727.163758486505,-0.0069999999999999785,44,v3_short,sl,False,A,True,0.016936488169364883,0.003178556603214138,,0.45588235294117646,0.5441176470588235
OZON,-1,2023-07-12 13:20:00+00:00,2023-07-12 20:10:00+00:00,2058.5,2027.6225,324.5117130035035,10020.110418265696,0.010500000000000018,41,v3_short,tp,False,A,True,0.013605442176870748,0.002984867416354297,,0.875,0.125
OZON,-1,2023-07-18 13:20:00+00:00,2023-07-18 21:20:00+00:00,2117.0,2116.5,318.85755243764663,159.42877621882332,0.00016532829475673122,48,v3_short,timeout,False,A,True,0.012045347189418989,0.003553995996131093,,0.6274509803921569,0.37254901960784315
OZON,-1,2023-07-21 13:20:00+00:00,2023-07-21 21:20:00+00:00,2100.0,2108.0,321.49192316850053,-2571.9353853480043,-0.0026666666666666666,48,v3_short,timeout,False,A,True,0.02261904761904762,0.004081632653061224,,0.8315789473684211,0.16842105263157894
OZON,-1,2023-07-27 13:20:00+00:00,2023-07-27 21:20:00+00:00,2416.5,2408.5,278.639637444282,2229.117099554256,0.0023174012000827643,48,v3_short,timeout,False,A,True,0.021932547072211876,0.004729390204250539,,0.37735849056603776,0.6226415094339622
OZON,-1,2023-08-16 23:10:00+00:00,2023-08-17 09:50:00+00:00,2649.0,2684.5,254.77276929173104,-9044.433309856451,-0.00938089845224613,64,v3_short,gap_sl,False,A,True,0.01169811320754717,0.005286869464767039,-4.9056603773584906e-05,0.5967741935483871,0.4032258064516129
OZON,-1,2023-08-17 21:50:00+00:00,2023-08-18 09:50:00+00:00,2688.0,2719.0,248.72096820569047,-7710.350014376405,-0.008072916666666667,72,v3_short,gap_sl,False,A,True,0.007436326454731363,0.003680222786270113,0.0001375720394125302,0.35,0.65
OZON,-1,2023-08-18 13:20:00+00:00,2023-08-18 17:40:00+00:00,2707.0,2734.07,244.98142501914757,-6631.647175268365,-0.007000000000000043,26,v3_short,sl,False,A,True,0.017355982274741506,0.003701554477034536,,0.6808510638297872,0.3191489361702128
OZON,-1,2023-08-25 13:20:00+00:00,2023-08-25 21:20:00+00:00,2864.5,2860.0,229.89092843572863,1034.5091779607787,0.0010996683539884796,48,v3_short,timeout,False,A,True,0.014487694187467271,0.0036323134595084325,,0.5783132530120482,0.42168674698795183
OZON,-1,2023-08-31 21:40:00+00:00,2023-09-01 09:50:00+00:00,2832.0,2835.0,232.784859084999,-698.354577254997,-0.0007415254237288136,73,v3_short,timeout,False,A,True,0.006707855251544572,0.0034007601275285048,-6.001765225066196e-05,0.7368421052631579,0.2631578947368421
OZON,-1,2023-09-07 22:00:00+00:00,2023-09-08 09:50:00+00:00,2769.5,2746.0,237.86166193343155,5589.749055435642,0.005939700306914606,71,v3_short,timeout,False,A,True,0.01282051282051282,0.005575578010185656,-0.0003810039725532683,1.0,0.0
OZON,-1,2023-09-21 13:20:00+00:00,2023-09-21 19:00:00+00:00,2581.5,2542.7775,256.6998632823721,9940.060455951618,0.01049999999999996,34,v3_short,tp,False,A,True,0.019364833462432222,0.005034856700232378,,0.67,0.33
OZON,-1,2023-09-29 13:20:00+00:00,2023-09-29 16:10:00+00:00,2685.0,2644.725,249.3961785410092,10044.431090739168,0.010500000000000023,17,v3_short,tp,False,A,True,0.020868269051611703,0.0042055950384625625,,0.5178571428571429,0.48214285714285715
OZON,-1,2023-11-16 21:50:00+00:00,2023-11-17 09:50:00+00:00,2754.5,2760.0,245.65614127650286,-1351.1087770207657,-0.001397712833545108,72,v3_short,timeout,False,A,True,0.01797059357415139,0.004160168333080192,0.0002740969322926121,0.7878787878787878,0.21212121212121213
OZON,-1,2023-11-29 13:20:00+00:00,2023-11-29 14:20:00+00:00,2862.0,2890.62,236.09855520692267,-6757.140650022101,-0.006999999999999973,6,v3_short,sl,False,A,True,0.01329136061559986,0.003414447275937308,,0.7105263157894737,0.2894736842105263
OZON,-1,2023-12-01 13:20:00+00:00,2023-12-01 17:30:00+00:00,2819.5,2777.2075,237.979807252065,10064.760998207963,0.010500000000000004,25,v3_short,tp,False,A,True,0.014189428875487761,0.0034882345985574083,,0.7375,0.2625
OZON,-1,2023-12-13 13:20:00+00:00,2023-12-13 21:20:00+00:00,2610.5,2602.5,259.73162200572415,2077.852976045793,0.0021451829151503546,48,v3_short,timeout,False,A,True,0.02949626508331737,0.004514734451528169,,0.8896103896103896,0.11038961038961038
OZON,-1,2023-12-19 21:40:00+00:00,2023-12-20 09:50:00+00:00,2688.0,2696.0,252.7841876224609,-2022.2735009796872,-0.0020833333333333333,73,v3_short,timeout,False,A,True,0.01581395348837209,0.0030792596108210725,-0.0002716279069767442,0.8588235294117647,0.1411764705882353
OZON,-1,2023-12-28 13:20:00+00:00,2023-12-28 16:50:00+00:00,2723.0,2750.23,249.01516888670184,-6780.683048784896,-0.0070000000000000045,21,v3_short,sl,False,A,True,0.015424164524421594,0.00405714985222881,,0.7857142857142857,0.21428571428571427
OZON,-1,2024-01-19 13:20:00+00:00,2024-01-19 21:20:00+00:00,2851.0,2825.0,236.1704057328445,6140.430549053957,0.006383725008768853,48,v3_short,timeout,False,A,True,0.02297036647378573,0.004617452802618505,,0.7480916030534351,0.25190839694656486
OZON,-1,2024-02-09 13:20:00+00:00,2024-02-09 21:20:00+00:00,2840.5,2833.0,238.5566372570595,1789.1747794279463,0.001848266150325647,48,v3_short,timeout,False,A,True,0.023403132148513108,0.0036784729728597406,,0.9097744360902256,0.09022556390977443
OZON,-1,2024-03-01 13:20:00+00:00,2024-03-01 21:20:00+00:00,3262.5,3261.5,208.08354037525734,208.08354037525734,0.00021455938697318008,48,v3_short,timeout,False,A,True,0.022365196078431373,0.0035014005602240898,,0.6232876712328768,0.3767123287671233
OZON,-1,2024-03-19 13:20:00+00:00,2024-03-19 14:50:00+00:00,3402.0,3350.97,199.59382979204574,10185.273134288134,0.01050000000000004,9,v3_short,tp,False,A,True,0.02072310405643739,0.004038240810727583,,0.7304964539007093,0.2695035460992908
OZON,-1,2024-03-19 21:40:00+00:00,2024-03-20 09:50:00+00:00,3394.5,3391.0,202.1351893199415,707.4731626197953,0.0007217557814111062,73,v3_short,timeout,False,A,True,0.015318898217705112,0.003435930271357328,-9.868905582560024e-05,0.9903846153846154,0.009615384615384616
OZON,-1,2024-03-20 13:20:00+00:00,2024-03-20 14:30:00+00:00,3462.0,3496.62,198.33712633170865,-6866.431313603732,-0.006999999999999979,7,v3_short,sl,False,A,True,0.02440785673021375,0.0035487331847817117,,0.9053254437869822,0.09467455621301775
OZON,-1,2024-03-28 13:20:00+00:00,2024-03-28 14:10:00+00:00,3739.0,3776.39,182.3580180371363,-6818.366294408504,-0.006999999999999977,5,v3_short,sl,False,A,True,0.011103678929765886,0.00294951425386208,,0.9397590361445783,0.060240963855421686
OZON,-1,2024-04-04 13:20:00+00:00,2024-04-04 16:50:00+00:00,3816.0,3854.16,177.42761347871243,-6770.63773034764,-0.006999999999999972,21,v3_short,sl,False,A,True,0.018736897274633124,0.0038497055006488966,,0.8531468531468531,0.14685314685314685
OZON,1,2024-04-05 13:20:00+00:00,2024-04-05 14:20:00+00:00,3871.5,3832.785,173.65990614064916,-6723.243266235258,-0.007000000000000025,6,v3_long,sl,False,A,True,0.020278997675019374,0.004219409282700422,,0.39490445859872614,0.6050955414012739
OZON,-1,2024-04-09 13:20:00+00:00,2024-04-09 18:10:00+00:00,3814.0,3756.79,175.04406301446215,10014.270845057386,0.010500000000000008,29,v3_short,tp,False,A,True,0.022947810123262524,0.004770646784808862,,0.5314285714285715,0.4685714285714286
OZON,-1,2024-04-18 13:20:00+00:00,2024-04-18 21:20:00+00:00,3986.0,3983.0,169.24938432732034,507.748152981961,0.0005268439538384346,48,v3_short,timeout,False,A,True,0.0288509784244857,0.004342579982319069,,0.8913043478260869,0.10869565217391304
OZON,-1,2024-04-26 13:20:00+00:00,2024-04-26 17:00:00+00:00,4181.0,4222.81,161.44067678445018,-6749.834696357926,-0.007000000000000066,22,v3_short,sl,False,A,True,0.016144463047117915,0.0032972289609457753,,0.7333333333333333,0.26666666666666666
OZON,-1,2024-05-16 13:20:00+00:00,2024-05-16 21:20:00+00:00,4512.0,4508.0,148.55021838393967,594.2008735357587,0.000620567375886525,48,v3_short,timeout,False,A,True,0.02194878616561357,0.0029349507234442385,,0.5505050505050505,0.4494949494949495
OZON,-1,2024-06-07 22:10:00+00:00,2024-06-07 23:50:00+00:00,4627.5,4631.0,144.93236649590722,-507.26328273567526,-0.0005294435440302539,10,v3_short,weekend_exit,False,A,True,0.01265001621796951,0.0040754543789620935,0.00017407287274299926,0.9829059829059829,0.017094017094017096
OZON,-1,2024-06-14 13:20:00+00:00,2024-06-14 21:20:00+00:00,4516.0,4491.0,148.4321172856279,3710.8029321406975,0.0038751107174490695,48,v3_short,timeout,False,A,True,0.016284479893652375,0.004399499912959534,,0.7619047619047619,0.23809523809523808
OZON,-1,2024-07-12 23:40:00+00:00,2024-07-12 23:50:00+00:00,3829.5,3841.5,175.71928547183552,-2108.6314256620262,-0.0021934978456717587,1,v3_short,weekend_exit,False,A,True,0.017117470273095518,0.004437368832283992,-1.3066771200836274e-05,0.9236641221374046,0.07633587786259542
OZON,-1,2024-07-26 13:20:00+00:00,2024-07-26 13:30:00+00:00,4062.0,4001.07,165.29811957568458,10071.614425746435,0.010499999999999975,1,v3_short,tp,False,A,True,0.026714268127539086,0.004209094692906093,,0.7004608294930875,0.2995391705069124
OZON,-1,2024-07-30 13:20:00+00:00,2024-07-30 21:20:00+00:00,3747.5,3749.5,181.05165892313627,-362.10331784627255,-0.0003735823882588392,48,v3_short,timeout,False,A,True,0.02241793434747798,0.00529947767738,,0.7738095238095238,0.2261904761904762
OZON,-1,2024-08-07 23:10:00+00:00,2024-08-08 09:50:00+00:00,3696.5,3723.0,183.48102786202102,-4862.247238343557,-0.0050182605167049905,64,v3_short,timeout,False,A,True,0.010956310022994725,0.003547205437023991,0.00042743135398349793,0.8765432098765432,0.12345679012345678
OZON,-1,2024-08-09 13:20:00+00:00,2024-08-09 21:20:00+00:00,3655.5,3655.5,184.60786388322262,-0.0,-0.0,48,v3_short,timeout,False,A,True,0.016823963890028725,0.0038949788642033203,,0.7398373983739838,0.2601626016260163
OZON,-1,2024-08-20 13:20:00+00:00,2024-08-20 18:10:00+00:00,3416.0,3364.7599999999998,197.55095035864176,10122.51069637685,0.010500000000000047,29,v3_short,tp,False,A,True,0.022540983606557378,0.004349280695884912,,0.7142857142857143,0.2857142857142857
OZON,-1,2024-08-23 23:30:00+00:00,2024-08-23 23:50:00+00:00,3290.0,3300.0,207.27045711628696,-2072.70457116287,-0.002127659574468085,2,v3_short,weekend_exit,False,A,True,0.015349544072948328,0.004000992494262143,-0.0003297872340425532,0.9900990099009901,0.009900990099009901
OZON,-1,2024-08-28 21:50:00+00:00,2024-08-28 23:40:00+00:00,3202.5,3183.0,212.48053418041223,4143.370416518039,0.0042622950819672135,11,v3_short,opposite_signal,False,A,True,0.009840674789128397,0.004268436521750218,-0.00024054982817869417,0.8253968253968254,0.1746031746031746
OZON,-1,2024-09-03 22:00:00+00:00,2024-09-04 09:50:00+00:00,2907.0,2926.5,235.07714826430436,-4584.004391153935,-0.004695562435500516,71,v3_short,timeout,False,A,True,0.011525890246000344,0.005059033763169813,-3.956648890418029e-05,1.0,0.0
OZON,-1,2024-09-16 21:40:00+00:00,2024-09-17 09:50:00+00:00,3356.0,3353.0,202.66998418668803,608.0099525600641,0.0006257449344457688,73,v3_short,timeout,False,A,True,0.013261808970347191,0.0035518901346859714,0.00016838027119654296,1.0,0.0
OZON,-1,2024-09-25 13:20:00+00:00,2024-09-25 15:00:00+00:00,3445.0,3393.325,197.5576411893518,10208.79110845979,0.010500000000000035,10,v3_short,tp,False,A,True,0.01451378809869376,0.003725205611998065,,0.88,0.12
OZON,-1,2024-11-11 22:00:00+00:00,2024-11-12 09:50:00+00:00,3245.5,3220.0,211.9033208051884,5403.534680532304,0.0054999229702665225,71,v3_short,timeout,False,A,True,0.010167924818980127,0.004958199579323333,-0.00014481589893698967,0.803030303030303,0.19696969696969696
OZON,-1,2024-11-14 21:50:00+00:00,2024-11-15 09:50:00+00:00,3305.5,3312.0,209.20124094678917,-1359.8080661541296,-0.001376493722583573,72,v3_short,timeout,False,A,True,0.012554832854333686,0.0037846631618915906,-2.5714717894418396e-05,0.9156626506024096,0.08433734939759036
OZON,-1,2024-12-11 21:40:00+00:00,2024-12-11 23:30:00+00:00,2794.5,2822.445,247.11498883639425,-6905.628363033078,-0.007000000000000042,11,v3_short,sl,False,A,True,0.01520572450805009,0.003625278376108941,6.082289803220036e-05,0.8823529411764706,0.11764705882352941
OZON,-1,2024-12-23 23:00:00+00:00,2024-12-24 09:50:00+00:00,2981.5,2991.0,229.99459884258945,-2184.9486890045996,-0.002230420929062552,65,v3_short,timeout,False,A,True,0.013080664095254067,0.004750382460547526,-0.0001626697970820057,0.782051282051282,0.21794871794871795
OZON,-1,2025-01-14 21:50:00+00:00,2025-01-15 09:50:00+00:00,3171.0,3153.0,215.76771755499126,3883.818915989843,0.003973509933774834,72,v3_short,timeout,False,A,True,0.015294859665720592,0.0031503613744457105,-0.00016871649321980448,0.9587628865979382,0.041237113402061855
OZON,-1,2025-01-16 13:20:00+00:00,2025-01-16 14:50:00+00:00,3243.5,3275.935,211.78298307632807,-6869.181056080689,-0.006999999999999987,9,v3_short,sl,False,A,True,0.02004008016032064,0.004074082230394856,,0.7923076923076923,0.2076923076923077
OZON,-1,2025-01-17 13:20:00+00:00,2025-01-17 16:30:00+00:00,3302.5,3335.525,206.54343039176794,-6821.096788688155,-0.007000000000000019,19,v3_short,sl,False,A,True,0.019827455728772515,0.004648749162144046,,0.8625954198473282,0.13740458015267176
OZON,-1,2025-01-28 13:20:00+00:00,2025-01-28 14:10:00+00:00,3419.5,3453.695,198.08010268072292,-6773.349111167353,-0.007000000000000034,5,v3_short,sl,False,A,True,0.029828922357069746,0.005960214177789846,,0.7107843137254902,0.28921568627450983
OZON,-1,2025-01-29 13:20:00+00:00,2025-01-29 13:40:00+00:00,3556.0,3502.66,189.14329773310314,10088.903501083749,0.010500000000000027,2,v3_short,tp,False,A,True,0.028547321051891436,0.004607214844874808,,0.7438423645320197,0.2561576354679803
OZON,-1,2025-02-06 22:00:00+00:00,2025-02-07 09:50:00+00:00,3588.5,3595.0,189.39829989958852,-1231.0889493473253,-0.0012679392503831682,71,v3_short,timeout,False,A,True,0.011146718684687196,0.0035060979944437016,-8.081371046398216e-05,0.6125,0.3875
OZON,-1,2025-02-26 13:20:00+00:00,2025-02-26 15:40:00+00:00,4228.0,4164.58,160.5473124231623,10181.910553876965,0.010500000000000011,14,v3_short,tp,False,A,True,0.019276253547776727,0.0035252511600666757,,0.6809815950920245,0.31901840490797545
OZON,-1,2025-03-03 22:30:00+00:00,2025-03-04 09:50:00+00:00,3916.0,3939.0,175.15867576936776,-4028.6495426954584,-0.004111338100102144,68,v3_short,timeout,False,A,True,0.010344827586206896,0.0033153491281570097,0.0001979565772669221,0.9382716049382716,0.06172839506172839
OZON,-1,2025-03-05 13:20:00+00:00,2025-03-05 21:20:00+00:00,4072.0,4048.0,167.75572682538245,4026.137443809179,0.00412573673870334,48,v3_short,timeout,False,A,True,0.02185389809699202,0.0030635212955654944,,0.7752808988764045,0.2247191011235955
OZON,-1,2025-03-12 13:20:00+00:00,2025-03-12 21:20:00+00:00,4000.5,4001.5,171.45847165194945,-171.45847165194945,-0.00017497812773403326,48,v3_short,timeout,False,A,True,0.013248343957005373,0.002934157039893823,,0.7075471698113207,0.29245283018867924
OZON,-1,2025-04-03 13:20:00+00:00,2025-04-03 16:00:00+00:00,3740.5,3684.3925,183.34436436665348,10286.993923702023,0.010500000000000013,16,v3_short,tp,False,A,True,0.020841683366733466,0.004052549543531507,,0.6474358974358975,0.3525641025641026
OZON,-1,2025-04-18 21:40:00+00:00,2025-04-18 23:50:00+00:00,3554.5,3549.0,194.96426801520855,1072.303474083647,0.0010831340554227035,13,v3_short,weekend_exit,False,A,True,0.006892671261780841,0.0029855802216793314,8.440005626670418e-05,0.46938775510204084,0.5306122448979592
