symbol,side,entry_time,exit_time,entry_price,exit_price,qty,pnl,pnl_rel,bars_held,entry_reason,exit_reason,post_circuit_breaker,entry_geo_class,entry_geo_valid_box,entry_geo_h_pct,entry_atr_pct,entry_slope_pct_per_bar,entry_dist_L_pct,entry_dist_U_pct
PLZL,-1,2022-01-05 08:00:00+00:00,2022-01-05 10:00:00+00:00,1297.0,1289.2,539.7070161912104,4209.714726291417,0.004209714726291417,4,v3_short,opposite_signal,False,A,True,0.007594448727833392,0.00424483851623406,-3.469545104086353e-05,0.5431472081218232,0.4568527918781768
PLZL,1,2022-01-05 11:00:00+00:00,2022-01-05 14:00:00+00:00,1290.45,1277.5455,544.7299781536705,-7029.468003084094,-0.007000000000000054,6,v3_long,sl,False,A,True,0.010813953488372129,0.004075150732127495,-8.682170542635518e-05,0.20788530465950406,0.792114695340496
PLZL,1,2022-01-11 18:00:00+00:00,2022-01-11 19:30:00+00:00,1220.55,1229.65,571.8947791620541,5204.242490374771,0.005218958666175164,3,v3_long,opposite_signal,False,A,True,0.015856106854590823,0.00414923055968659,-0.00011472118654484371,0.15762273901808624,0.8423772609819138
PLZL,-1,2022-01-11 20:30:00+00:00,2022-01-11 21:30:00+00:00,1229.5,1241.795,570.6947071569804,-7016.691424495115,-0.007000000000000041,2,v3_short,sl,False,A,True,0.012117761873780166,0.00382457929627743,-9.311971372804017e-05,0.8053691275167736,0.19463087248322639
PLZL,-1,2022-01-12 18:30:00+00:00,2022-01-13 13:30:00+00:00,1235.45,1226.4,563.9705843638842,5103.9337884931265,0.005127686268161372,38,v3_short,opposite_signal,False,A,True,0.022542393459872846,0.004868561953025113,-4.128050507912023e-05,0.877917414721728,0.12208258527827198
PLZL,1,2022-01-13 14:30:00+00:00,2022-01-13 15:30:00+00:00,1229.5,1234.1,569.6057032161904,2620.186234794424,0.002618950793005235,2,v3_long,opposite_signal,False,A,True,0.01492415924525244,0.004684414803970732,9.962994591517222e-05,0.34877384196185524,0.6512261580381448
PLZL,1,2022-01-13 17:30:00+00:00,2022-01-14 10:00:00+00:00,1224.7,1224.1,573.3357903720603,-344.0014742233144,-0.00034294112843969587,33,v3_long,opposite_signal,False,A,True,0.014977146588312224,0.004834811550041706,9.998367613450865e-05,0.08719346049047,0.91280653950953
PLZL,1,2022-01-14 11:00:00+00:00,2022-01-14 12:30:00+00:00,1228.45,1216.1655,571.3895896753679,-7019.235414367045,-0.006999999999999987,3,v3_long,sl,False,A,True,0.01278085314229896,0.004902492854300108,-9.076847932269323e-05,0.47770700636942537,0.5222929936305747
PLZL,-1,2022-02-02 19:30:00+00:00,2022-02-03 09:00:00+00:00,1223.35,1216.4,569.7552431002158,3959.798939546396,0.003976785057424182,27,v3_short,opposite_signal,False,A,True,0.026116810397678544,0.005284558683013751,-0.00015040667020885349,0.5430359937402155,0.4569640062597845
PLZL,1,2022-02-03 10:00:00+00:00,2022-02-03 12:30:00+00:00,1218.3,1206.117,574.3921332219744,-6997.81935904331,-0.006999999999999996,5,v3_long,sl,False,A,True,0.014332648870636587,0.005529718630334655,2.997946611910099e-05,0.3925501432664694,0.6074498567335306
PLZL,-1,2022-02-04 08:00:00+00:00,2022-02-04 16:30:00+00:00,1216.9,1198.6465,571.0275802062628,10423.251935295035,0.010500000000000018,17,v3_short,tp,False,A,True,0.011302918207973694,0.006641320728866972,-0.00011138512124948398,0.28727272727273057,0.7127272727272694
PLZL,-1,2022-02-09 08:00:00+00:00,2022-02-09 10:30:00+00:00,1206.2,1198.0,582.1420483399996,4773.564796388024,0.004758746476537914,5,v3_short,opposite_signal,False,A,True,0.009408546441745876,0.005141772933044138,-4.144734115306504e-06,0.5374449339207104,0.4625550660792896
PLZL,1,2022-02-09 11:30:00+00:00,2022-02-09 11:30:00+00:00,1206.75,1207.5,584.645729492587,438.4842971194402,0.000435052827843381,0,v3_long,opposite_signal,False,A,True,0.013963124093639867,0.005363349676587734,2.1545473378909542e-05,0.6706231454005944,0.32937685459940563
PLZL,-1,2022-02-09 12:30:00+00:00,2022-02-09 16:30:00+00:00,1209.9,1221.999,583.3772816539903,-7058.281730731589,-0.00699999999999996,8,v3_short,sl,False,A,True,0.013926770807504676,0.005142757436335438,3.140755434333566e-05,0.8575667655786423,0.14243323442135766
PLZL,1,2022-02-16 11:00:00+00:00,2022-02-16 11:00:00+00:00,1255.05,1265.0,558.4537475492218,5556.614788114783,0.005549579698020025,0,v3_long,opposite_signal,False,A,True,0.017409664953587617,0.007120422681555716,-0.0005346400541811039,0.3638443935926772,0.6361556064073228
PLZL,-1,2022-02-18 17:00:00+00:00,2022-02-18 18:00:00+00:00,1325.0,1326.3,531.9071745006273,-691.4793268507914,-0.0006867924528301647,2,v3_short,opposite_signal,False,A,True,0.02392452830188683,0.005923508414074458,0.00030905660377358353,0.5646687697160904,0.43533123028390963
PLZL,1,2022-02-18 19:00:00+00:00,2022-02-18 20:30:00+00:00,1320.1,1306.899,533.5148630289642,-7042.929706845368,-0.007000000000000011,3,v3_long,sl,False,A,True,0.02401515151515155,0.005721744471744482,0.00031022727272727137,0.41009463722397416,0.5899053627760258
PLZL,1,2022-04-22 12:00:00+00:00,2022-04-25 09:30:00+00:00,1339.2,1328.05,522.224402546105,-5822.802088389119,-0.005828106332138637,139,v3_long,timeout,False,A,True,0.02792712066905605,0.007787165045229561,-0.00021804062126642637,0.35427807486631147,0.6457219251336885
PLZL,-1,2022-04-27 11:30:00+00:00,2022-04-27 17:30:00+00:00,1302.35,1315.3735,533.8710472821219,-6952.869584278722,-0.007000000000000007,12,v3_short,sl,False,A,True,0.01413156176798133,0.004917154450582508,0.00014169962751046288,0.9374999999999953,0.06250000000000464
PLZL,1,2022-04-28 18:30:00+00:00,2022-04-28 18:30:00+00:00,1318.3,1305.117,523.7199042091152,-6904.199497188762,-0.0069999999999999975,0,v3_long,sl,False,A,True,0.025014212620807278,0.003959681276338469,0.0004843661171119961,0.11515151515151377,0.8848484848484862
PLZL,1,2022-05-27 12:30:00+00:00,2022-05-27 13:30:00+00:00,1162.0,1150.3799999999999,590.006032763205,-6855.870100708512,-0.00700000000000007,2,v3_long,sl,False,A,True,0.025886906041711382,0.007025626849320687,0.0002786497527413467,0.04983388704318952,0.9501661129568105
PLZL,-1,2022-06-01 12:00:00+00:00,2022-06-02 12:00:00+00:00,1147.0,1133.9,593.5378387099811,7775.345687100698,0.007994768962510843,48,v3_short,timeout,False,A,True,0.015998256320836887,0.006397641881512836,-0.0002253705318221439,0.6948228882833822,0.3051771117166178
PLZL,1,2022-06-10 12:30:00+00:00,2022-06-10 14:00:00+00:00,1044.9,1034.451,656.7428873397632,-6862.306429813231,-0.007000000000000044,3,v3_long,sl,False,A,True,0.017276860492940853,0.005535614580840724,-0.00041158171811438144,0.17174515235457863,0.8282548476454213
PLZL,1,2022-06-16 12:00:00+00:00,2022-06-16 15:30:00+00:00,1015.05,1023.7,671.3236081773799,5806.949210734398,0.005965223388010506,7,v3_long,opposite_signal,False,A,True,0.013841000886612111,0.005418185400453163,-7.240665944242082e-05,0.3594306049822043,0.6405693950177956
PLZL,1,2022-06-16 17:00:00+00:00,2022-06-17 10:00:00+00:00,1022.3,1012.077,670.5388759933128,-6854.918929279607,-0.006999999999999971,34,v3_long,sl,False,A,True,0.01467279663503864,0.004078105858405181,-6.260393230949908e-05,0.819999999999997,0.18000000000000302
PLZL,1,2022-06-17 11:30:00+00:00,2022-06-17 11:30:00+00:00,1019.0,1021.95,668.0014226471717,1970.604196809187,0.0020264965652600905,0,v3_long,opposite_signal,False,A,True,0.015203531142717018,0.004565730166514854,4.364884747425253e-05,0.4838709677419355,0.5161290322580645
PLZL,1,2022-06-17 13:00:00+00:00,2022-06-17 18:30:00+00:00,1017.35,1032.61025,670.4407260188079,10231.093089228465,0.010499999999999949,11,v3_long,tp,False,A,True,0.01523641010518038,0.004538156558209632,4.3743241914873155e-05,0.37741935483871114,0.6225806451612889
PLZL,-1,2022-06-24 17:00:00+00:00,2022-06-24 18:30:00+00:00,924.85,934.0985000000001,745.2393769559326,-6892.346377776969,-0.007000000000000027,3,v3_short,sl,False,A,True,0.034337316822581516,0.005335352115214773,-0.0001232898934732046,0.39842519685039296,0.601574803149607
PLZL,1,2022-06-29 11:30:00+00:00,2022-06-29 14:30:00+00:00,907.35,920.96025,754.2954706709102,10266.149929698719,0.01049999999999996,6,v3_long,tp,False,A,True,0.011577264457798114,0.0029980127008629263,-4.7411654446220344e-05,0.30952380952380953,0.6904761904761905
PLZL,-1,2022-07-08 13:00:00+00:00,2022-07-08 15:30:00+00:00,825.9,834.159,837.3850348275088,-6915.9630026404075,-0.007000000000000012,5,v3_short,sl,False,A,True,0.02379943075152907,0.0066989067776326355,0.00010355477502573951,0.7073791348600506,0.29262086513994945
PLZL,1,2022-07-15 12:00:00+00:00,2022-07-15 18:30:00+00:00,819.2,831.4879999999999,838.324128615956,10301.326892432782,0.010499999999999912,13,v3_long,tp,False,A,True,0.014830637778455877,0.00817530552043827,-7.384803173634367e-05,0.5925925925925974,0.40740740740740256
PLZL,1,2022-07-20 17:30:00+00:00,2022-07-21 10:00:00+00:00,814.4,806.256,852.1194191882296,-6939.660549868946,-0.0070000000000000045,33,v3_long,sl,False,A,True,0.028610019646365368,0.007165660959865299,2.7013752455796236e-05,0.10300429184549278,0.8969957081545072
PLZL,1,2022-08-17 16:30:00+00:00,2022-08-18 10:00:00+00:00,788.05,780.1695,874.447424150734,-6891.082926019845,-0.006999999999999986,35,v3_long,sl,False,A,True,0.03735176612340674,0.006296259387768064,0.00039698141924028097,0.33276740237690794,0.6672325976230921
PLZL,-1,2022-08-19 12:00:00+00:00,2022-08-19 14:00:00+00:00,783.0,790.83,873.926608625507,-6842.845345537756,-0.007000000000000037,4,v3_short,sl,False,A,True,0.01526181353767552,0.005592045247217657,-1.915708812261698e-06,0.8619246861924698,0.13807531380753027
PLZL,-1,2022-08-31 17:00:00+00:00,2022-08-31 18:30:00+00:00,823.7,831.937,824.9296379894326,-6794.945428118929,-0.006999999999999972,3,v3_short,sl,False,A,True,0.02901894123360852,0.007663798885265634,-0.0002659057795046122,0.7405857740585801,0.25941422594142
PLZL,1,2022-09-01 18:00:00+00:00,2022-09-02 11:00:00+00:00,825.45,830.4,817.418475997592,4046.221456188025,0.004197710339814589,34,v3_long,opposite_signal,False,A,True,0.02453207341450118,0.004222804876993497,0.00018717063419952535,0.48888888888889337,0.5111111111111066
PLZL,1,2022-09-07 17:30:00+00:00,2022-09-08 12:30:00+00:00,802.35,803.8,844.4823780538966,1224.4994481780925,0.001265033962734408,38,v3_long,opposite_signal,False,A,True,0.02654701813423064,0.0067836444729321805,-0.00033713466691593383,0.4178403755868543,0.5821596244131457
PLZL,-1,2022-09-08 14:00:00+00:00,2022-09-08 15:30:00+00:00,803.65,800.25,844.1828975863481,2870.2218517935644,0.002961488210041665,3,v3_short,opposite_signal,False,A,True,0.012318795495551519,0.0035966853611350555,-0.00010079014496360526,0.863636363636361,0.13636363636363896
PLZL,1,2022-09-08 16:30:00+00:00,2022-09-08 16:30:00+00:00,803.8,803.0,846.52493274636,-677.2199461970496,-0.0006966907190843098,0,v3_long,opposite_signal,False,A,True,0.012313432835820867,0.0037224591329069025,-0.00010074626865671812,0.8787878787878739,0.12121212121212609
PLZL,1,2022-09-08 17:30:00+00:00,2022-09-08 17:30:00+00:00,802.25,803.15,847.5695693102974,762.8126123792484,0.0007852913680274029,0,v3_long,opposite_signal,False,A,True,0.01233875490745931,0.0034363343393068696,-0.00010095344924285083,0.7222222222222215,0.2777777777777784
PLZL,1,2022-09-08 18:30:00+00:00,2022-09-09 11:30:00+00:00,800.4,812.406,850.1957218988653,10207.449837117752,0.010499999999999976,34,v3_long,tp,False,A,True,0.012367270455964993,0.0036376074477261424,-0.00010118675827607915,0.535353535353532,0.464646464646468
PLZL,1,2022-09-15 13:30:00+00:00,2022-09-16 13:30:00+00:00,809.8,806.0,849.1502478313587,-3226.7709417591245,-0.003284761669547998,48,v3_long,timeout,False,A,True,0.009385033341565848,0.0031250248966292068,9.44677698197097e-05,0.15789473684209582,0.8421052631579042
PLZL,1,2022-10-06 19:30:00+00:00,2022-10-07 10:00:00+00:00,581.35,575.5365,1178.9509435531138,-6853.831310346,-0.0069999999999999715,29,v3_long,sl,False,A,True,0.02735483870967738,0.0076087408949011524,-0.00011010752688172199,0.5188679245283027,0.4811320754716974
PLZL,-1,2022-10-11 21:00:00+00:00,2022-10-12 10:00:00+00:00,533.15,525.15275,1276.5365265260443,10208.781736760418,0.010500000000000011,26,v3_short,tp,False,A,True,0.021936814474547543,0.006232668132346654,5.624824224242992e-05,0.8589743589743601,0.14102564102563991
PLZL,1,2022-10-12 11:00:00+00:00,2022-10-12 17:00:00+00:00,525.0,519.75,1309.9649453963673,-6877.315963330928,-0.006999999999999999,12,v3_long,sl,False,A,True,0.025047619047619003,0.007136712749615953,-0.0001114285714285697,0.19011406844106496,0.8098859315589351
PLZL,-1,2022-10-13 13:00:00+00:00,2022-10-13 15:30:00+00:00,525.0,517.125,1300.7951907785928,10243.762127381418,0.0105,5,v3_short,tp,False,A,True,0.028190476190476103,0.00521658986175115,-0.0002885714285714303,0.804054054054055,0.195945945945945
PLZL,1,2022-10-26 10:30:00+00:00,2022-10-26 11:30:00+00:00,629.2,622.908,1096.770674901348,-6900.881086479315,-0.007000000000000034,2,v3_long,sl,False,A,True,0.023599523241954745,0.00627731426301153,0.00039809296781883485,0.20875420875420997,0.7912457912457901
PLZL,1,2022-10-27 18:30:00+00:00,2022-10-28 10:00:00+00:00,613.65,607.5135,1116.6910973476618,-6852.574918873876,-0.006999999999999949,31,v3_long,sl,False,A,True,0.0324157028832057,0.00635019888707313,-0.00019139925069229516,0.4346733668341702,0.5653266331658298
PLZL,-1,2022-11-01 23:00:00+00:00,2022-11-02 10:00:00+00:00,604.6,602.2,1125.4725263714538,2701.1340632914635,0.0027786966589480383,22,v3_short,opposite_signal,False,A,True,0.01008931524975194,0.0035373960923244293,-0.00010420112471055544,1.0,0.0
PLZL,1,2022-11-02 11:00:00+00:00,2022-11-02 23:00:00+00:00,602.7,596.673,1132.1577622174962,-6823.514832884899,-0.0070000000000000505,24,v3_long,sl,False,A,True,0.010950721752115328,0.0038402457757296346,-5.475360876057664e-05,0.378787878787884,0.621212121212116
PLZL,-1,2022-11-17 10:30:00+00:00,2022-11-17 12:00:00+00:00,661.65,657.2,1024.0686509566472,4557.10549675701,0.004707927151817354,3,v3_short,opposite_signal,False,A,True,0.009521650419405963,0.0050533490321118014,0.00041713897075492946,0.4206349206349201,0.57936507936508
PLZL,1,2022-11-17 13:00:00+00:00,2022-11-17 15:00:00+00:00,659.45,652.8555,1032.3223849468427,-6807.649967531995,-0.007000000000000041,4,v3_long,sl,False,A,True,0.014860868905906367,0.004434291528375306,0.00021684737281067485,0.4030612244898024,0.5969387755101976
PLZL,-1,2022-11-18 10:30:00+00:00,2022-11-18 11:30:00+00:00,659.05,653.2,1025.7182941748322,6000.452020922675,0.00621348911311727,2,v3_short,opposite_signal,False,A,True,0.008343446601941747,0.004768732383338544,-0.00017521237864077946,0.827272727272719,0.172727272727281
PLZL,1,2022-11-18 12:30:00+00:00,2022-11-18 14:30:00+00:00,654.95,657.15,1038.552497428153,2284.815494341866,0.0023513245285898955,4,v3_long,opposite_signal,False,A,True,0.015041612583034316,0.004898930314009355,-0.00016721386577078442,0.3857868020304629,0.6142131979695371
PLZL,-1,2022-11-18 15:30:00+00:00,2022-11-18 19:00:00+00:00,656.55,656.45,1038.4575874443808,103.84575874434363,0.00010661792704277866,7,v3_short,opposite_signal,False,A,True,0.015003808073115039,0.004530378596172275,-0.0001317593297791297,0.5482233502538035,0.45177664974619647
PLZL,1,2022-11-18 20:00:00+00:00,2022-11-18 23:30:00+00:00,654.65,657.5,1041.5825571950345,2968.510288005872,0.0030474299243871015,7,v3_long,opposite_signal,False,A,True,0.015042761148442309,0.003906634874968004,-2.290775809405369e-06,0.35532994923857786,0.6446700507614221
PLZL,1,2022-11-25 10:30:00+00:00,2022-11-25 12:00:00+00:00,701.9,694.881,974.4265255297528,-6839.49978269334,-0.007000000000000005,3,v3_long,sl,False,A,True,0.011969222000569931,0.006198347107438039,-0.0002457965232259903,0.09523809523809008,0.9047619047619099
PLZL,-1,2022-11-25 20:30:00+00:00,2022-11-28 09:30:00+00:00,702.15,697.1,967.2610245979466,4884.668174219587,0.005034536779890292,122,v3_short,timeout,False,A,True,0.0195827102470982,0.00454824237997121,-0.00031617175817133156,0.8109090909090892,0.18909090909091075
PLZL,-1,2022-11-30 11:30:00+00:00,2022-11-30 16:00:00+00:00,727.0,723.55,938.9017828657521,3239.2111508868875,0.003321870701513111,9,v3_short,opposite_signal,False,A,True,0.016305469556243426,0.005084501259473813,1.719986240110079e-05,0.8691983122362897,0.13080168776371023
PLZL,1,2022-11-30 17:00:00+00:00,2022-11-30 22:30:00+00:00,724.1,727.4,945.7934593965233,3121.118416008484,0.003190167103991117,11,v3_long,opposite_signal,False,A,True,0.019745926539629872,0.004717107197263295,-5.10908588787634e-05,0.5174825174825175,0.48251748251748244
PLZL,-1,2022-12-07 18:00:00+00:00,2022-12-08 15:00:00+00:00,742.5,737.5,925.2980832865032,4626.490416432516,0.004713804713804714,42,v3_short,opposite_signal,False,A,True,0.023570610815543132,0.004598984617189375,-0.00013468920466024647,0.9142857142857143,0.08571428571428572
PLZL,1,2022-12-08 16:00:00+00:00,2022-12-09 16:00:00+00:00,738.0,744.2,935.3284148126442,5799.0361718384365,0.0058807588075881195,48,v3_long,timeout,False,A,True,0.019581272443932575,0.0047341261428237415,0.00026221288705196704,0.20415224913495061,0.7958477508650494
PLZL,-1,2022-12-16 18:00:00+00:00,2022-12-19 09:30:00+00:00,755.05,755.0,919.5837301529942,45.97918650760789,4.635454605651039e-05,127,v3_short,timeout,False,A,True,0.02463413019005367,0.006023954833155677,-0.00029865571816435637,0.7499999999999954,0.2500000000000046
PLZL,-1,2022-12-22 12:30:00+00:00,2022-12-22 14:30:00+00:00,794.65,788.4,873.7983777544499,5461.239860965312,0.005505568489272007,4,v3_short,opposite_signal,False,A,True,0.017114452903794153,0.006633068321821559,0.0001629648272824491,0.5772058823529419,0.4227941176470581
PLZL,1,2022-12-22 15:30:00+00:00,2022-12-22 17:00:00+00:00,787.7,779.8230000000001,886.3612400472886,-6981.86748785245,-0.006999999999999957,3,v3_long,sl,False,A,True,0.019550590326266316,0.00678783063799467,7.680589056747723e-05,0.17532467532467855,0.8246753246753215
PLZL,-1,2022-12-23 16:30:00+00:00,2022-12-26 09:30:00+00:00,779.8,781.0,889.0734054164562,-1066.888086499788,-0.0010771992818671863,130,v3_short,timeout,False,A,True,0.01820862986471763,0.006022663580878871,-0.00036673719304994724,0.5985915492957727,0.40140845070422726
PLZL,-1,2022-12-29 19:00:00+00:00,2022-12-30 10:00:00+00:00,776.4,772.05,892.0049199938211,3880.221401973142,0.0039219474497681804,30,v3_short,opposite_signal,False,A,True,0.02275064267352191,0.0034331204909196435,-0.00026542416452441986,0.7853107344632735,0.21468926553672646
PLZL,1,2023-01-06 10:30:00+00:00,2023-01-06 16:00:00+00:00,787.4,779.526,882.9931100642418,-6952.687748645861,-0.007000000000000022,11,v3_long,sl,False,A,True,0.01415873015873013,0.003371223758320545,-0.0003206349206349177,0.44394618834080196,0.556053811659198
PLZL,-1,2023-01-18 11:30:00+00:00,2023-01-18 20:30:00+00:00,820.9,816.6,841.0304463887585,3616.4309194716234,0.003666707272505748,18,v3_short,opposite_signal,False,A,True,0.016567182360823513,0.004137865992871718,-0.00012669021805335719,0.9448529411764707,0.05514705882352932
PLZL,1,2023-01-18 21:30:00+00:00,2023-01-19 12:00:00+00:00,815.65,807.4934999999999,849.5474714450586,-6929.333950841664,-0.007000000000000044,29,v3_long,sl,False,A,True,0.013916135360470847,0.0038206584505371213,-4.2913192741556695e-06,0.189427312775328,0.810572687224672
PLZL,-1,2023-01-19 23:00:00+00:00,2023-01-20 23:00:00+00:00,816.2,817.5,843.0321751023926,-1095.941827633072,-0.0011149228130359816,48,v3_short,timeout,False,A,True,0.009801519235481499,0.00396803440017073,-0.00015131095319774454,0.9000000000000057,0.09999999999999432
PLZL,1,2023-02-08 14:30:00+00:00,2023-02-09 10:00:00+00:00,914.2,927.913,751.8220324209468,10309.735530588418,0.010499999999999973,39,v3_long,tp,False,A,True,0.02868089764641494,0.006418065928633226,-0.0002616310892172946,0.44656488549618417,0.5534351145038159
PLZL,1,2023-02-09 13:30:00+00:00,2023-02-10 10:00:00+00:00,916.8,907.632,757.5616458449407,-6945.3251691064215,-0.007000000000000006,41,v3_long,sl,False,A,True,0.015492880912116013,0.0050575351818970445,0.00017184005237030168,0.08450704225351673,0.9154929577464833
PLZL,1,2023-02-22 13:00:00+00:00,2023-02-22 16:00:00+00:00,890.8,881.8919999999999,774.2150755413865,-6896.707892922683,-0.007000000000000013,6,v3_long,sl,False,A,True,0.01532330489447685,0.006315454031895956,4.883251010328204e-05,0.3369963369963309,0.6630036630036691
PLZL,-1,2023-03-01 11:00:00+00:00,2023-03-01 16:30:00+00:00,884.9,893.749,773.9214530084994,-6848.430937672247,-0.007000000000000037,11,v3_short,sl,False,A,True,0.010508474576271135,0.003945689812283563,-0.00014237288135593375,0.6344086021505383,0.3655913978494617
PLZL,1,2023-03-02 10:30:00+00:00,2023-03-02 11:00:00+00:00,888.2,896.0,765.6487188818402,5972.060007278318,0.006147264129700481,1,v3_long,opposite_signal,False,A,True,0.009009009009009009,0.00365446091252543,0.00024155405405405203,0.4000000000000057,0.5999999999999943
PLZL,-1,2023-03-02 12:00:00+00:00,2023-03-02 12:30:00+00:00,895.65,887.7,763.9475622351871,6073.383119769685,0.006213364595545081,1,v3_short,opposite_signal,False,A,True,0.015631105900742476,0.0037709142576215207,0.00018645676324457149,0.7607142857142841,0.2392857142857159
PLZL,-1,2023-03-02 15:00:00+00:00,2023-03-02 21:30:00+00:00,895.6,882.166,768.737162014051,10327.215034496738,0.010499999999999975,13,v3_short,tp,False,A,True,0.02328048235819565,0.004685991730179101,9.100044662795992e-05,0.8369304556354928,0.16306954436450713
PLZL,1,2023-03-03 10:30:00+00:00,2023-03-03 13:30:00+00:00,885.05,889.1,786.068643380523,3183.5780056911717,0.0032032088582566497,6,v3_long,opposite_signal,False,A,True,0.007738801333107409,0.00536996645365376,-0.0001361351183415261,0.07299270072992677,0.9270072992700732
PLZL,-1,2023-03-03 14:30:00+00:00,2023-03-03 22:00:00+00:00,888.0,896.88,785.9668439503554,-6979.385574279152,-0.006999999999999996,15,v3_short,sl,False,A,True,0.008445945945945946,0.0044336675385062505,-2.0833333333334867e-05,0.5466666666666697,0.4533333333333303
PLZL,-1,2023-03-15 15:00:00+00:00,2023-03-16 15:00:00+00:00,929.5,926.2,745.6191366604844,2460.5431509795644,0.0024852071005916814,48,v3_short,timeout,False,A,True,0.027595481441635265,0.005049541029689913,-0.0004179666487358785,0.898635477582845,0.10136452241715498
PLZL,1,2023-03-16 16:00:00+00:00,2023-03-17 11:00:00+00:00,923.85,928.7,752.0434786292212,3647.41087135174,0.0036748389890133852,38,v3_long,opposite_signal,False,A,True,0.011149599480406966,0.004934038229193594,0.0001639965360467619,0.20873786407766862,0.7912621359223314
PLZL,-1,2023-03-17 12:00:00+00:00,2023-03-17 17:30:00+00:00,927.35,936.6235,751.9583278606267,-6973.2855534155315,-0.00700000000000001,11,v3_short,sl,False,A,True,0.0075483905752951955,0.0035428736409853345,-2.210600097050932e-05,0.7642857142857176,0.23571428571428246
PLZL,1,2023-03-22 10:30:00+00:00,2023-03-22 11:00:00+00:00,931.25,938.3,743.567522635341,5242.15103457912,0.005299328859060369,1,v3_long,opposite_signal,False,A,True,0.007945882100289894,0.0034273977062933164,-0.00015891764200579787,0.03378378378378389,0.9662162162162161
PLZL,-1,2023-03-22 12:00:00+00:00,2023-03-22 18:00:00+00:00,938.9,948.289,741.4173619963433,-6961.167611783674,-0.007000000000000007,12,v3_short,sl,False,A,True,0.014435625632557469,0.0034847576220481363,-3.8352953710117046e-05,0.7380073800737971,0.261992619926203
PLZL,1,2023-03-23 16:00:00+00:00,2023-03-24 13:00:00+00:00,945.5,950.5,731.088253675429,3655.4412683771448,0.0037017451084082496,42,v3_long,opposite_signal,False,A,True,0.016816499206768882,0.003276982651268319,0.0003088313061872006,0.15094339622641387,0.8490566037735862
PLZL,-1,2023-03-24 14:00:00+00:00,2023-03-27 09:30:00+00:00,950.1,946.55,730.2418195326618,2592.358459340999,0.002615514156404639,135,v3_short,timeout,False,A,True,0.009367435006841361,0.0030964482516271687,-0.0001131459846331965,0.6853932584269706,0.3146067415730294
PLZL,-1,2023-03-29 12:00:00+00:00,2023-03-29 14:30:00+00:00,945.45,942.7,735.7527142202346,2023.319964105645,0.002036067481093659,5,v3_short,opposite_signal,False,A,True,0.005182443151771525,0.0030449838794971086,0.00010364886303543051,0.9897959183673561,0.010204081632643828
PLZL,1,2023-03-29 15:30:00+00:00,2023-03-30 15:30:00+00:00,944.15,944.6,738.2658768568498,332.219644585616,0.0003336334268919471,48,v3_long,timeout,False,A,True,0.005719430175289919,0.0030681292099225604,0.00015569559921622432,0.6574074074074018,0.3425925925925982
PLZL,1,2023-04-05 17:00:00+00:00,2023-04-06 17:00:00+00:00,969.4,964.45,719.2761309940216,-3560.416848420358,-0.003574375902620128,48,v3_long,timeout,False,A,True,0.014340245538017103,0.0035675895142154523,0.00022645207881976732,0.3165467625899269,0.683453237410073
PLZL,1,2023-04-12 15:00:00+00:00,2023-04-12 15:30:00+00:00,965.85,970.4,719.3394311660303,3272.994411805405,0.003297613501061208,1,v3_long,opposite_signal,False,A,True,0.020703933747412008,0.005167635076470973,-0.0002546583850931668,0.4550000000000011,0.5449999999999988
PLZL,-1,2023-04-12 16:30:00+00:00,2023-04-13 15:30:00+00:00,968.95,978.6395,719.4025343722319,-6970.650856799707,-0.0069999999999999655,46,v3_short,sl,False,A,True,0.020655822359927703,0.005105652865578893,-0.0002540666150271098,0.6100000000000023,0.38999999999999774
PLZL,1,2023-04-19 10:30:00+00:00,2023-04-19 11:30:00+00:00,1036.4,1026.036,667.8749807798285,-6921.856300802165,-0.007000000000000021,2,v3_long,sl,False,A,True,0.010563380281690186,0.004733215910576144,2.1223229789695332e-05,0.4931506849315131,0.5068493150684868
PLZL,-1,2023-04-20 14:00:00+00:00,2023-04-20 15:30:00+00:00,1026.0,1036.26,669.9223495805584,-6873.403306696523,-0.006999999999999995,3,v3_short,sl,False,A,True,0.01676331562789331,0.00427257050605911,-0.00025827201403440383,0.9244186046511651,0.07558139534883486
PLZL,-1,2023-04-21 16:00:00+00:00,2023-04-21 17:00:00+00:00,1039.15,1037.7,656.8146546263439,952.3812492082285,0.0009767598518019842,2,v3_short,opposite_signal,False,A,True,0.016311408362604092,0.003810496482081353,0.00021026800750613393,0.8348082595870238,0.1651917404129762
PLZL,-1,2023-04-21 19:30:00+00:00,2023-04-24 09:30:00+00:00,1039.0,1038.0,657.5511214912522,657.5511214912522,0.0006737247353224253,124,v3_short,timeout,False,A,True,0.018046198267564966,0.0037598186842186868,0.00014100096246390847,0.7466666666666667,0.25333333333333335
PLZL,1,2023-05-05 13:30:00+00:00,2023-05-05 15:30:00+00:00,1049.3,1038.807,651.5352149189506,-6836.559010144509,-0.006999999999999959,4,v3_long,sl,False,A,True,0.019061234214915415,0.004525505929734793,0.00023540624255420365,0.3649999999999977,0.6350000000000022
PLZL,-1,2023-05-31 16:00:00+00:00,2023-05-31 16:00:00+00:00,1059.85,1070.4485,640.5343300536432,-6788.703097073575,-0.007000000000000039,0,v3_short,sl,False,A,True,0.022785168412114434,0.005192212290264751,-0.0003132370978394171,0.9440993788819821,0.055900621118017864
PLZL,1,2023-06-01 16:00:00+00:00,2023-06-01 17:30:00+00:00,1062.4,1066.05,634.5239246417566,2316.012324942325,0.002404932228915573,3,v3_long,opposite_signal,False,A,True,0.015624999999999913,0.00462434415079674,0.000280026355421691,0.5120481927710872,0.48795180722891285
PLZL,-1,2023-06-01 18:30:00+00:00,2023-06-01 20:30:00+00:00,1066.0,1059.3,633.9019007193825,4247.142734819891,0.004399624765478454,4,v3_short,opposite_signal,False,A,True,0.015572232645403292,0.003956605943230661,9.005628517823554e-05,0.7289156626506009,0.2710843373493991
PLZL,1,2023-06-01 21:30:00+00:00,2023-06-02 10:00:00+00:00,1059.6,1066.0,640.5364534552999,4099.433302113977,0.004228010570026485,25,v3_long,opposite_signal,False,A,True,0.01321253303133258,0.003969848634299022,9.626274065684993e-05,0.2928571428571364,0.7071428571428636
PLZL,1,2023-06-02 11:00:00+00:00,2023-06-05 09:30:00+00:00,1060.15,1060.0,642.9109365587091,-96.43664048386484,-9.904258831303462e-05,141,v3_long,timeout,False,A,True,0.009293767986035675,0.0038730374200853066,7.595414445440564e-05,0.10152284263959485,0.8984771573604051
PLZL,1,2023-06-08 10:30:00+00:00,2023-06-08 11:30:00+00:00,1032.8,1022.472,659.8707627269334,-6815.145237443751,-0.006999999999999983,2,v3_long,sl,False,A,True,0.0062469733656174775,0.003541357494337269,0.00011283292978208762,0.36434108527130116,0.6356589147286988
PLZL,-1,2023-06-08 19:00:00+00:00,2023-06-09 19:00:00+00:00,1035.5,1029.3,653.5431405873164,4051.9674716413915,0.0041912119748913875,48,v3_short,timeout,False,A,True,0.015499010187822963,0.0031758096445554185,-5.311187291777317e-05,0.9127725856697766,0.08722741433022337
PLZL,1,2023-06-15 10:30:00+00:00,2023-06-16 10:30:00+00:00,1035.25,1046.1,656.4407624325671,7122.3822723932935,0.007336392175802884,48,v3_long,timeout,False,A,True,0.006133487877909697,0.003122049709761555,-2.4630541871918548e-05,0.5118110236220546,0.48818897637794545
PLZL,1,2023-06-22 21:30:00+00:00,2023-06-22 22:30:00+00:00,1125.8,1114.542,608.0706758740366,-6845.659668989928,-0.0070000000000000236,2,v3_long,sl,False,A,True,0.03193284775270903,0.005779402747293695,0.00029090424586960384,0.4144645340751026,0.5855354659248974
PLZL,1,2023-06-28 10:30:00+00:00,2023-06-28 11:30:00+00:00,1091.15,1080.2385000000002,622.9885947218049,-6797.740051306932,-0.006999999999999956,2,v3_long,sl,False,A,True,0.010446256757995136,0.005666517884854697,0.00017960230917254567,0.6622807017543967,0.33771929824560337
PLZL,-1,2023-06-28 19:30:00+00:00,2023-06-29 12:30:00+00:00,1086.5,1080.6,621.2752757430121,3665.524126883828,0.003801196502531122,34,v3_short,opposite_signal,False,A,True,0.023884031293143163,0.004585603372771411,4.095720202485295e-05,0.6724470134874765,0.3275529865125235
PLZL,1,2023-06-29 14:30:00+00:00,2023-06-30 14:30:00+00:00,1078.25,1073.25,628.4084896671471,-3142.0424483357356,-0.0032460004637143523,48,v3_long,timeout,False,A,True,0.015670638416245622,0.0032812922967401024,8.391673234734783e-05,0.008875739644975749,0.9911242603550242
PLZL,1,2023-07-04 23:00:00+00:00,2023-07-05 10:00:00+00:00,1071.75,1073.5,630.1675057333953,1102.7931350334418,0.0011429904362024728,22,v3_long,opposite_signal,False,A,True,0.009934701492537399,0.0030783582089552296,4.664179104477612e-05,0.36619718309859695,0.633802816901403
PLZL,-1,2023-07-06 10:30:00+00:00,2023-07-06 12:30:00+00:00,1089.2,1084.1,620.7803704225943,3165.9798891553155,0.0032776349614396763,4,v3_short,opposite_signal,False,A,True,0.007529843893480299,0.004075950117005839,0.00036088154269972616,0.3353658536585347,0.6646341463414652
PLZL,1,2023-07-07 10:30:00+00:00,2023-07-07 14:00:00+00:00,1079.5,1068.705,628.4114547352464,-6783.7016538670305,-0.007000000000000047,7,v3_long,sl,False,A,True,0.007040296433533959,0.003334877257989828,-0.0001357109773043084,0.5263157894736905,0.4736842105263095
PLZL,1,2023-07-12 20:30:00+00:00,2023-07-13 20:30:00+00:00,1075.85,1076.1,626.1296409620222,156.53241024050556,0.00016266208114514106,48,v3_long,timeout,False,A,True,0.018355018587360595,0.0035286005516249035,-0.00013522304832713924,0.5443037974683544,0.45569620253164556
PLZL,-1,2023-07-20 10:30:00+00:00,2023-07-20 12:00:00+00:00,1147.75,1145.1,587.0016527259071,1555.5543797237071,0.0016162056196907546,3,v3_short,opposite_signal,False,A,True,0.009890636573569898,0.0045595033458377746,3.61640015685599e-05,0.8722466960352399,0.12775330396476017
PLZL,-1,2023-07-20 13:00:00+00:00,2023-07-20 13:30:00+00:00,1147.95,1159.4295,587.8479332566458,-6748.200349819616,-0.00699999999999995,1,v3_short,sl,False,A,True,0.012369876736791711,0.004163101405169667,5.9236029443792693e-05,0.8767605633802821,0.12323943661971791
PLZL,1,2023-07-21 13:30:00+00:00,2023-07-24 09:30:00+00:00,1151.75,1152.5,581.8070716189214,436.3553037141911,0.00045582808769264164,136,v3_long,timeout,False,A,True,0.014326647564469913,0.005799281286849459,0.000297820613006861,0.015151515151515152,0.9848484848484849
PLZL,1,2023-07-26 11:30:00+00:00,2023-07-26 14:00:00+00:00,1160.6,1178.0089999999998,577.6337613731628,10056.02615174532,0.010499999999999926,5,v3_long,tp,False,A,True,0.009998276159282999,0.0029221880543399306,0.00013833821754870006,0.38793103448275407,0.612068965517246
PLZL,1,2023-07-26 15:30:00+00:00,2023-07-27 10:30:00+00:00,1159.4,1165.15,584.3030548179355,3359.7425652031293,0.003471623253406935,38,v3_long,opposite_signal,False,A,True,0.027485329651363404,0.0037845045486432157,0.00014325163962719979,0.3736263736263776,0.6263736263736225
PLZL,-1,2023-07-27 11:30:00+00:00,2023-07-28 11:30:00+00:00,1166.9,1161.3,582.5630144413032,3262.3528808713772,0.0033593281343732074,48,v3_short,timeout,False,A,True,0.00788413745822268,0.004073378872612578,-2.9565515468341136e-05,0.9565217391304498,0.04347826086955017
PLZL,1,2023-08-09 10:30:00+00:00,2023-08-09 10:30:00+00:00,1150.65,1155.15,592.774891207723,2667.4870104347538,0.002737583105201408,0,v3_long,opposite_signal,False,A,True,0.00969354488154757,0.004965260006590444,-0.00021603999130623698,0.45291479820629066,0.5470852017937093
PLZL,-1,2023-08-09 11:30:00+00:00,2023-08-09 12:30:00+00:00,1152.0,1145.05,593.7011019752351,4126.222658727911,0.004223090277777805,2,v3_short,opposite_signal,False,A,True,0.00967462039045561,0.00490098663494508,-0.00017223427331887123,0.573991031390138,0.426008968609862
PLZL,1,2023-08-09 13:30:00+00:00,2023-08-09 14:00:00+00:00,1146.85,1150.75,598.8856653761002,2335.654094966845,0.0023804333609452537,1,v3_long,opposite_signal,False,A,True,0.0128646809995203,0.004075339623358164,4.79699969473797e-06,0.3288135593220277,0.6711864406779723
PLZL,1,2023-08-09 15:30:00+00:00,2023-08-09 16:30:00+00:00,1148.7,1151.9,599.344461742019,1917.9022775744882,0.0019500304692261095,2,v3_long,opposite_signal,False,A,True,0.012840043525571273,0.003990312050265025,4.78781284004511e-06,0.45423728813559633,0.5457627118644037
PLZL,-1,2023-08-10 11:30:00+00:00,2023-08-10 13:30:00+00:00,1151.8,1163.318,598.8969567610344,-6898.095147973611,-0.007000000000000018,4,v3_short,sl,False,A,True,0.005905597290372968,0.0033674231228787216,3.908115853925683e-06,0.5588235294117617,0.4411764705882382
PLZL,1,2023-08-15 23:30:00+00:00,2023-08-16 12:30:00+00:00,1150.0,1138.5,595.6355201685025,-6849.808481937778,-0.007,26,v3_long,sl,False,A,True,0.019173913043478222,0.004258064516129044,-0.00020782608695651858,0.36734693877550684,0.6326530612244932
PLZL,1,2023-08-17 12:00:00+00:00,2023-08-17 15:30:00+00:00,1129.55,1130.95,602.1743014974294,843.0440220964559,0.0008676021424461631,7,v3_long,opposite_signal,False,A,True,0.01886040642847672,0.005141410203128536,-0.0004489308009031729,0.6549295774647853,0.34507042253521475
PLZL,-1,2023-08-17 16:30:00+00:00,2023-08-18 12:00:00+00:00,1131.75,1128.1,601.5251717003657,2195.5668767063894,0.0022575657168103056,39,v3_short,opposite_signal,False,A,True,0.01996290080381604,0.005375394285811969,-0.0003383093366310373,0.7146017699115041,0.28539823008849585
PLZL,1,2023-08-18 13:00:00+00:00,2023-08-18 14:00:00+00:00,1126.95,1129.75,605.4510048232693,1695.2628135051264,0.0017392075957229404,2,v3_long,opposite_signal,False,A,True,0.007672861134519086,0.004024568034943497,5.6326784051092465e-05,0.21387283236995572,0.7861271676300443
PLZL,1,2023-08-18 15:00:00+00:00,2023-08-18 15:30:00+00:00,1131.45,1148.42175,604.0918236378426,10252.495407825512,0.010499999999999956,1,v3_long,tp,False,A,True,0.0076447193990279196,0.003476686670562914,4.463102076888844e-05,0.7341040462427826,0.26589595375721736
PLZL,1,2023-08-23 14:00:00+00:00,2023-08-23 16:00:00+00:00,1143.15,1131.7185000000002,604.1870626256526,-6906.764406405096,-0.006999999999999946,4,v3_long,sl,False,A,True,0.016140320181961373,0.0030491504426277344,6.123698714023271e-05,0.17073170731707768,0.8292682926829223
PLZL,-1,2023-08-24 10:30:00+00:00,2023-08-24 13:30:00+00:00,1143.3,1139.4,599.8790392338244,2339.5282530118334,0.002387824717921722,6,v3_short,opposite_signal,False,A,True,0.007215007215007215,0.005111864349401013,7.040097949189017e-05,0.06666666666666116,0.9333333333333389
PLZL,1,2023-08-24 14:30:00+00:00,2023-08-24 18:00:00+00:00,1138.6,1144.75,603.7935845188299,3713.3305447908588,0.003780959072545287,7,v3_long,opposite_signal,False,A,True,0.013399525524997805,0.004624288925231933,-0.00010631754678851036,0.18688524590163338,0.8131147540983666
PLZL,-1,2023-08-24 19:00:00+00:00,2023-08-25 11:00:00+00:00,1144.25,1143.45,603.083859920903,482.467087936695,0.0004894035394362842,32,v3_short,opposite_signal,False,A,True,0.01329729258403453,0.0040180184994803485,-2.6594585168070646e-05,0.5573770491803278,0.4426229508196721
PLZL,-1,2023-08-29 21:30:00+00:00,2023-08-30 10:00:00+00:00,1169.9,1162.4,590.1499561296256,4426.124670972192,0.004487563039576032,25,v3_short,opposite_signal,False,A,True,0.022642799162643654,0.005642094934379997,2.3924467039775984e-05,0.5433962264150978,0.45660377358490223
PLZL,1,2023-08-30 11:00:00+00:00,2023-08-30 14:30:00+00:00,1164.35,1169.5,595.623928325443,3067.4632308760856,0.003096148065444294,7,v3_long,opposite_signal,False,A,True,0.011897603298685798,0.006122686500162134,-0.0002332273859634021,0.4512635379061327,0.5487364620938673
PLZL,1,2023-08-30 16:30:00+00:00,2023-08-31 16:30:00+00:00,1164.75,1166.4,597.2628849172293,985.4837601134826,0.0009916291049582,48,v3_long,timeout,False,A,True,0.011895559563686453,0.00377909473503396,-8.545907412178836e-05,0.4801444043321318,0.5198555956678682
PLZL,-1,2023-09-12 21:00:00+00:00,2023-09-13 21:00:00+00:00,1146.9,1150.4,607.1599824216778,-2125.0599384758725,-0.0021361932164966433,48,v3_short,timeout,False,A,True,0.016914425214699737,0.0036646983795733125,-6.800645189415564e-05,0.6829896907216543,0.3170103092783457
PLZL,-1,2023-09-14 19:00:00+00:00,2023-09-15 14:30:00+00:00,1149.9,1161.3990000000001,604.2823218388461,-6948.642418824906,-0.007000000000000014,39,v3_short,sl,False,A,True,0.02600000000000008,0.004859747545582067,-0.00027913043478260786,0.9966555183946518,0.0033444816053481187
PLZL,-1,2023-09-20 16:00:00+00:00,2023-09-21 10:00:00+00:00,1143.65,1138.75,603.3316068633862,2956.3248736306473,0.0029991693262799487,36,v3_short,opposite_signal,False,A,True,0.030199729032821955,0.0067868678196165095,-0.0005148376382151178,0.9001447178002946,0.09985528219970544
PLZL,1,2023-09-21 11:00:00+00:00,2023-09-21 11:00:00+00:00,1132.2,1120.878,611.2609252789729,-6920.696196008602,-0.007000000000000071,0,v3_long,sl,False,A,True,0.015895443306252206,0.006269869304132812,2.6492405510420344e-05,0.23333333333333586,0.7666666666666642
PLZL,1,2023-09-28 10:30:00+00:00,2023-09-29 10:30:00+00:00,1121.2,1131.15,612.9371497178444,6098.724639692579,0.006212094184802026,48,v3_long,timeout,False,A,True,0.005842476139505802,0.003750636615536006,0.00015788065293016032,0.8473282442748081,0.1526717557251919
PLZL,-1,2023-10-04 10:30:00+00:00,2023-10-04 16:30:00+00:00,1137.85,1136.85,607.7200329669395,607.7200329669395,0.0006151953245155338,12,v3_short,opposite_signal,False,A,True,0.0054063557645816565,0.003897737213961535,0.00030196474880224563,0.6016260162601463,0.3983739837398536
PLZL,-1,2023-10-11 11:30:00+00:00,2023-10-11 12:30:00+00:00,1158.75,1170.3375,597.1259059628986,-6919.196435345142,-0.007000000000000055,2,v3_short,sl,False,A,True,0.006687087449846844,0.0028126126401957327,-4.443677466672497e-05,0.45161290322580644,0.5483870967741935
PLZL,1,2023-10-11 22:30:00+00:00,2023-10-11 23:00:00+00:00,1159.65,1148.0535,592.4858414433382,-6870.762060297734,-0.007000000000000063,1,v3_long,sl,False,A,True,0.018065016814693493,0.0034185704311738103,0.00022764508062429623,0.12649164677804703,0.873508353221953
PLZL,1,2023-10-18 16:30:00+00:00,2023-10-19 14:30:00+00:00,1189.15,1177.2585000000001,573.74315484805,-6822.666725875559,-0.00699999999999997,44,v3_long,sl,False,A,True,0.014253878821006639,0.0032932170308691707,0.0002417693310347727,0.4336283185840777,0.5663716814159223
PLZL,-1,2023-10-20 10:30:00+00:00,2023-10-20 10:30:00+00:00,1183.5,1181.6,572.4468152762533,1087.6489490249335,0.0011237853823405691,0,v3_short,opposite_signal,False,A,True,0.00667427026570362,0.003305794133237413,-0.00011278671904701482,0.0632911392405056,0.9367088607594944
PLZL,1,2023-10-20 11:30:00+00:00,2023-10-23 09:30:00+00:00,1184.15,1187.9,572.7755437603034,2147.908289101138,0.0022167799687539584,140,v3_long,timeout,False,A,True,0.010049402525018021,0.003263535978577267,-0.00013427352953595482,0.4327731092437018,0.5672268907562982
PLZL,-1,2023-10-26 10:30:00+00:00,2023-10-26 12:00:00+00:00,1174.3,1175.2,578.8603388794467,-520.9743049915546,-0.0005364898237248264,3,v3_short,opposite_signal,False,A,True,0.008514986376021797,0.0034073679353080763,2.2564713896458536e-05,0.16499999999998635,0.8350000000000136
PLZL,1,2023-10-26 13:00:00+00:00,2023-10-26 15:00:00+00:00,1177.7,1165.923,576.8795227414791,-6793.910139326425,-0.007000000000000025,4,v3_long,sl,False,A,True,0.008490045421743007,0.003298793454996611,0.00011291760410918352,0.5049999999999955,0.49500000000000455
PLZL,-1,2023-10-27 19:30:00+00:00,2023-10-27 21:30:00+00:00,1161.75,1173.3675,580.7060700108557,-6746.352768351153,-0.007000000000000039,4,v3_short,sl,False,A,True,0.01863888769316869,0.0038560821816232735,-0.00027118935904610613,0.8845265588914555,0.11547344110854454
PLZL,-1,2023-11-01 19:30:00+00:00,2023-11-02 19:30:00+00:00,1144.7,1143.4,585.2300427162276,760.7990555310693,0.0007949681139162822,48,v3_short,timeout,False,A,True,0.014414886646573187,0.0037213798273313886,-0.0002494212204604003,0.751515151515157,0.24848484848484298
PLZL,-1,2023-11-03 19:00:00+00:00,2023-11-06 09:30:00+00:00,1142.5,1141.55,586.8230977996826,557.4819429097251,0.0005820568927790212,125,v3_short,timeout,False,A,True,0.013729777000437295,0.00299871644780456,-0.00012155662439878046,0.7898089171974557,0.21019108280254425
PLZL,1,2023-11-10 11:30:00+00:00,2023-11-13 09:30:00+00:00,1123.55,1117.8,597.0678889200964,-3433.140361290554,-0.003582395087001024,140,v3_long,timeout,False,A,True,0.0076101468624832705,0.003146848127252117,-4.583889630618279e-05,0.25146198830407895,0.748538011695921
PLZL,1,2023-11-15 11:30:00+00:00,2023-11-16 11:30:00+00:00,1125.2,1123.95,594.0565484742897,-742.5706855928621,-0.0007776395307500887,48,v3_long,timeout,False,A,True,0.010488888888888848,0.003605734767025096,8.755555555555879e-05,0.3559322033898357,0.6440677966101642
PLZL,-1,2023-11-16 14:30:00+00:00,2023-11-17 14:30:00+00:00,1130.5,1123.8,590.8117017809428,3958.438401932344,0.004148606811145539,48,v3_short,timeout,False,A,True,0.012115852310413483,0.0032336516585480765,-1.5034269290292443e-05,0.7445255474452563,0.25547445255474366
PLZL,-1,2023-12-05 21:00:00+00:00,2023-12-06 12:30:00+00:00,1075.5,1076.0,623.6016138955914,-311.8008069477957,-0.00032543003254300326,31,v3_short,opposite_signal,False,A,True,0.011348837209302368,0.004073518379594905,-0.0004316279069767408,0.4467213114754119,0.5532786885245881
PLZL,1,2023-12-08 10:30:00+00:00,2023-12-08 14:30:00+00:00,1057.0,1072.8549999999998,634.3096264709982,10056.979127697543,0.01049999999999986,8,v3_long,tp,False,A,True,0.010214697815189591,0.004248496627136071,4.161543554337034e-05,0.3703703703703719,0.6296296296296281
PLZL,1,2023-12-08 19:00:00+00:00,2023-12-11 09:30:00+00:00,1058.7,1051.0,639.9406447239381,-4927.542964374353,-0.005091149522999935,125,v3_long,timeout,False,A,True,0.022637051039697584,0.004407280931764124,0.00011389413988657588,0.237995824634657,0.762004175365343
PLZL,1,2023-12-13 19:00:00+00:00,2023-12-14 10:00:00+00:00,996.8,1011.7519999999998,676.2197838023388,10110.838207412493,0.010499999999999919,30,v3_long,tp,False,A,True,0.022679377822378347,0.004446206885389182,0.00013045659809332664,0.2389380530973439,0.7610619469026562
PLZL,-1,2023-12-14 11:00:00+00:00,2023-12-14 12:00:00+00:00,1009.4,1019.494,674.7904371303351,-6811.334672393637,-0.0070000000000000374,2,v3_short,sl,False,A,True,0.009708737864077626,0.004873543529532072,0.0003368337626312661,0.3265306122448925,0.6734693877551075
PLZL,1,2023-12-21 11:00:00+00:00,2023-12-21 18:00:00+00:00,1050.5,1066.2575,643.85105470603,10145.482994530226,0.010499999999999956,14,v3_long,tp,False,A,True,0.017130620985010708,0.0038298296915413935,0.0003140613847251963,0.027777777777777776,0.9722222222222222
PLZL,-1,2023-12-21 20:30:00+00:00,2023-12-22 10:00:00+00:00,1060.65,1071.2565000000002,644.3853967518558,-6834.67371064862,-0.0070000000000000635,27,v3_short,sl,False,A,True,0.02017345399698328,0.0036430204836277206,7.35294117647076e-05,0.7219626168224367,0.2780373831775634
PLZL,1,2023-12-22 14:30:00+00:00,2023-12-25 09:30:00+00:00,1053.75,1062.95,644.0646258290883,5925.394557627642,0.006111506524317943,134,v3_long,timeout,False,A,True,0.019074733096085324,0.003600045918953059,0.00011103202846975348,0.06716417910447339,0.9328358208955266
PLZL,1,2024-02-01 21:00:00+00:00,2024-02-02 11:00:00+00:00,1133.25,1142.95,602.5421360315386,5844.658719505952,0.005991617030664048,28,v3_long,opposite_signal,False,A,True,0.02644569816643159,0.0037905500705218793,0.00030809238363892644,0.275,0.725
PLZL,-1,2024-02-02 12:00:00+00:00,2024-02-02 17:00:00+00:00,1138.65,1131.0,603.2776856465069,4615.074295195833,0.004702937689369044,10,v3_short,opposite_signal,False,A,True,0.016158068057080213,0.0038398073722602137,-2.239297475302026e-05,0.5081521739130483,0.4918478260869516
PLZL,1,2024-02-02 18:00:00+00:00,2024-02-05 09:30:00+00:00,1131.8,1129.5,609.7832556706418,-1402.5014880424483,-0.0014225128114507583,127,v3_long,timeout,False,A,True,0.016257289273723354,0.003397385837005305,-0.00011088531542675547,0.13586956521739063,0.8641304347826093
PLZL,1,2024-02-09 10:30:00+00:00,2024-02-09 11:00:00+00:00,1119.5,1108.305,615.6060185139818,-6891.709377263986,-0.006999999999999959,1,v3_long,sl,False,A,True,0.006209515300424432,0.003778451872293505,-0.00038909984364529984,0.784172661870505,0.21582733812949498
PLZL,1,2024-02-21 18:00:00+00:00,2024-02-21 18:30:00+00:00,1077.2,1066.428,635.3014678447065,-6843.467411623137,-0.006999999999999958,1,v3_long,sl,False,A,True,0.020426164059235877,0.0065082191350028665,-0.0004498398403045381,0.5272727272727334,0.4727272727272665
PLZL,-1,2024-02-22 13:30:00+00:00,2024-02-22 17:00:00+00:00,1079.8,1071.55,629.3353528192088,5192.016660758472,0.005348212631968883,7,v3_short,opposite_signal,False,A,True,0.0074087794035932585,0.004222705518943185,-1.1113169105388203e-05,0.9749999999999943,0.025000000000005684
PLZL,1,2024-02-22 18:00:00+00:00,2024-02-26 09:30:00+00:00,1071.3,1087.3694999999998,637.7212038053884,10247.860884550584,0.010499999999999891,175,v3_long,gap_tp,False,A,True,0.015124638222388031,0.0032179760933137885,-6.535337503499376e-06,0.1944444444444382,0.8055555555555618
PLZL,-1,2024-02-28 11:30:00+00:00,2024-02-29 11:30:00+00:00,1098.4,1105.4,628.5180519445538,-4399.6263636118765,-0.004461034231609613,48,v3_short,timeout,False,A,True,0.01001456664238893,0.003033738223339505,-8.330298616169055e-05,0.8545454545454628,0.14545454545453718
PLZL,1,2024-02-29 15:00:00+00:00,2024-03-01 11:00:00+00:00,1104.05,1093.0095,622.5121052500971,-6872.844898013737,-0.007000000000000041,40,v3_long,sl,False,A,True,0.02136810177011174,0.0035428523027809704,0.00023903300285209913,0.345338983050843,0.654661016949157
PLZL,1,2024-03-05 21:30:00+00:00,2024-03-06 11:30:00+00:00,1145.9,1147.3,595.5785830986648,833.8100163380495,0.0008552229688453656,28,v3_long,opposite_signal,False,A,True,0.020596962820736524,0.0051267180558448935,0.0004289579333216975,0.31779661016949273,0.6822033898305072
PLZL,1,2024-03-07 17:30:00+00:00,2024-03-11 09:30:00+00:00,1167.55,1175.95,585.0346155489673,4914.290770611378,0.005036186887071272,176,v3_long,timeout,False,A,True,0.018630348194783503,0.004467967820684448,0.0005614801490427833,0.03908045977011076,0.9609195402298892
PLZL,1,2024-03-13 10:30:00+00:00,2024-03-13 11:30:00+00:00,1164.75,1172.65,589.3944356502465,4656.216041637001,0.004747799957072387,2,v3_long,opposite_signal,False,A,True,0.004893754024468809,0.003148952080260891,-0.0001163339772483381,0.13157894736842,0.86842105263158
PLZL,-1,2024-03-14 10:30:00+00:00,2024-03-14 14:00:00+00:00,1179.9,1177.5,584.588965296017,1403.013516710494,0.001423849478769441,7,v3_short,opposite_signal,False,A,True,0.011017882871429782,0.0033819159086745953,0.0003847783710483985,0.0,1.0
PLZL,1,2024-03-14 15:00:00+00:00,2024-03-15 10:30:00+00:00,1176.1,1180.8,587.3128387164935,2760.370341967546,0.0027973811750701748,39,v3_long,opposite_signal,False,A,True,0.015300918055083304,0.0037690164635684476,0.000266065963957839,0.06666666666665656,0.9333333333333435
PLZL,1,2024-03-15 19:00:00+00:00,2024-03-18 09:30:00+00:00,1177.2,1178.65,588.4054441503952,853.1878940180998,0.000862215426435637,125,v3_long,timeout,False,A,True,0.010712008501593972,0.00316478694593945,-4.420828905419998e-05,0.17460317460317948,0.8253968253968206
PLZL,1,2024-03-21 22:00:00+00:00,2024-03-22 11:00:00+00:00,1166.5,1154.835,594.3147195710741,-6932.681203796557,-0.0069999999999999785,26,v3_long,sl,False,A,True,0.02126018002571792,0.005451930921007177,0.0005160737248178296,0.13306451612903067,0.8669354838709693
PLZL,-1,2024-03-27 10:30:00+00:00,2024-03-27 11:00:00+00:00,1160.15,1155.15,593.3846860638713,2966.9234303193566,0.003016851269232427,1,v3_short,opposite_signal,False,A,True,0.004740970605982243,0.003137938609296787,0.00021291267994138282,0.5090909090909421,0.4909090909090578
PLZL,-1,2024-03-27 19:00:00+00:00,2024-03-28 19:00:00+00:00,1156.2,1165.45,597.2081732729838,-5524.1756027751,-0.005600242172634492,48,v3_short,timeout,False,A,True,0.01974423226475409,0.0032598121879904335,-8.943229931737588e-05,0.7089715536105081,0.2910284463894919
PLZL,1,2024-04-04 17:00:00+00:00,2024-04-05 10:00:00+00:00,1311.1,1297.9889999999998,523.7015994327522,-6866.251670162869,-0.0070000000000000565,34,v3_long,sl,False,A,True,0.023034093509267065,0.005694553453022703,-8.809396689802596e-05,0.2599337748344337,0.7400662251655663
PLZL,1,2024-04-11 10:30:00+00:00,2024-04-11 10:30:00+00:00,1377.9,1380.85,494.8245814987788,1459.7325154213074,0.001498657377168062,0,v3_long,opposite_signal,False,A,True,0.005334397793664141,0.004349928066986104,-0.0002347860797619506,0.9319727891156475,0.06802721088435248
PLZL,-1,2024-04-11 13:00:00+00:00,2024-04-11 20:30:00+00:00,1382.55,1396.3754999999999,493.89939142017454,-6828.406036079584,-0.00699999999999996,15,v3_short,sl,False,A,True,0.013708043981481514,0.004304108796296318,-0.00014286747685185184,0.6068601583113442,0.3931398416886558
PLZL,-1,2024-04-18 20:00:00+00:00,2024-04-19 10:00:00+00:00,1426.55,1440.8155,475.31507439816806,-6780.607193827054,-0.006999999999999988,28,v3_short,sl,False,A,True,0.013143598191440889,0.0038407572521569513,-0.00023132732816935966,0.989333333333331,0.010666666666669091
PLZL,1,2024-04-19 16:30:00+00:00,2024-04-22 09:30:00+00:00,1419.7,1412.0,474.26519289077095,-3651.8419852589577,-0.003796576741565141,130,v3_long,timeout,False,A,True,0.01793011131464002,0.0032385333193943725,0.00017824432858954615,0.09430255402750831,0.9056974459724917
PLZL,1,2024-04-24 10:30:00+00:00,2024-04-24 13:00:00+00:00,1362.5,1348.875,492.2994531797038,-6707.580049573464,-0.007,5,v3_long,sl,False,A,True,0.01012695384163789,0.005123840951431817,-0.0003269244881485267,0.543478260869567,0.456521739130433
PLZL,-1,2024-04-25 12:00:00+00:00,2024-04-25 17:30:00+00:00,1350.0,1363.5,493.37977697973696,-6660.626989226449,-0.007,11,v3_short,sl,False,A,True,0.017258620051109355,0.004317641759982629,-0.00028369319654827734,0.8111587982832593,0.18884120171674063
PLZL,-1,2024-04-27 10:30:00+00:00,2024-04-27 10:30:00+00:00,1380.5,1373.4,479.1019630787298,3401.623937858938,0.0036001448750452277,0,v3_short,opposite_signal,False,A,True,0.00398406374501992,0.0033811966211400738,0.00034987323433538703,0.2727272727272727,0.7272727272727273
PLZL,1,2024-04-27 11:30:00+00:00,2024-04-29 09:30:00+00:00,1371.85,1371.0,483.8585827799597,-411.27979536292173,-0.00043372088785212403,92,v3_long,timeout,False,A,True,0.01122817250555947,0.0032950711521342146,7.145200685355785e-05,0.17857142857142752,0.8214285714285725
PLZL,1,2024-05-08 11:30:00+00:00,2024-05-10 09:30:00+00:00,1349.05,1368.0,491.8227648567019,9320.041394034522,0.009832845335606561,92,v3_long,timeout,False,A,True,0.011860637509266123,0.003158851239867055,-6.893995552261069e-05,0.19062499999999716,0.8093750000000028
PLZL,1,2024-05-16 17:30:00+00:00,2024-05-17 17:30:00+00:00,1413.55,1434.7532499999998,473.9963424751567,10050.26294858627,0.0104999999999999,48,v3_long,tp,False,A,True,0.02041032897064019,0.003744993552951387,0.000309515387336399,0.12478336221836812,0.8752166377816318
PLZL,1,2024-05-21 21:30:00+00:00,2024-05-22 12:30:00+00:00,1446.8,1432.3319999999999,467.96565798297496,-6770.527139697717,-0.007000000000000037,30,v3_long,sl,False,A,True,0.014928983654145307,0.004611798489934193,-9.123267788644485e-05,0.266203703703702,0.733796296296298
PLZL,-1,2024-05-30 18:00:00+00:00,2024-05-30 20:00:00+00:00,1287.05,1267.74425,522.3676974258807,10084.70017457969,0.010499999999999992,4,v3_short,tp,False,A,True,0.01787032360825143,0.0059049764966396115,3.496367662483975e-05,0.741304347826085,0.25869565217391505
PLZL,-1,2024-06-05 10:30:00+00:00,2024-06-05 11:00:00+00:00,1236.55,1248.9155,549.4097570613285,-6793.726350941918,-0.007000000000000064,1,v3_short,sl,False,A,True,0.013915857605178031,0.007512527403695599,-0.0003745954692556649,0.8168604651162743,0.18313953488372572
PLZL,-1,2024-06-06 10:30:00+00:00,2024-06-06 13:30:00+00:00,1259.6,1252.5,535.5803641223613,3802.6205852687162,0.003945697046681435,6,v3_short,opposite_signal,False,A,True,0.015878056525881232,0.006132259088906879,0.0005239758653540807,0.2799999999999955,0.7200000000000045
PLZL,1,2024-06-06 14:30:00+00:00,2024-06-06 18:30:00+00:00,1250.9,1254.45,541.4332569016024,1922.0880620006637,0.0019865696698376915,8,v3_long,opposite_signal,False,A,True,0.021183900235820775,0.005488731789646318,0.00027978736160518,0.12830188679245627,0.8716981132075438
PLZL,-1,2024-06-06 20:00:00+00:00,2024-06-07 14:30:00+00:00,1260.0,1249.05,538.590732302869,5897.56851871644,0.006083333333333359,37,v3_short,opposite_signal,False,A,True,0.02452964991664689,0.005197089936928159,0.0002429149797570843,0.5469255663430435,0.4530744336569566
PLZL,1,2024-06-11 21:30:00+00:00,2024-06-13 09:30:00+00:00,1205.8,1171.2,566.2237690037456,-19591.342407529544,-0.020086249792668716,72,v3_long,gap_sl,False,A,True,0.025195806224358786,0.006532889697497941,-8.453856035804416e-05,0.2401315789473662,0.7598684210526337
PLZL,-1,2024-06-25 21:00:00+00:00,2024-06-26 10:00:00+00:00,1173.85,1185.5884999999998,569.9524479102489,-6690.386809794418,-0.006999999999999959,26,v3_short,sl,False,A,True,0.018370913430800013,0.004602009374514482,-0.00032223690379779365,0.8839907192575404,0.11600928074245964
PLZL,-1,2024-06-27 10:30:00+00:00,2024-06-27 14:30:00+00:00,1186.9,1181.4,559.7400035492371,3078.570019520804,0.003243744207599629,8,v3_short,opposite_signal,False,A,True,0.010999662845583237,0.0041015922389228245,0.00020397842211733585,0.3639846743295032,0.6360153256704968
PLZL,1,2024-06-28 18:00:00+00:00,2024-07-01 09:30:00+00:00,1208.45,1212.0,551.54156913919,1957.9725704440993,0.0020563531796929688,127,v3_long,timeout,False,A,True,0.013983699474577048,0.003779522514983975,0.00048322369781969837,0.03846153846154363,0.9615384615384563
PLZL,1,2024-07-03 20:00:00+00:00,2024-07-04 13:30:00+00:00,1240.0,1227.6,538.6137016335201,-6678.809900255698,-0.0070000000000000505,35,v3_long,sl,False,A,True,0.01447580645161294,0.003656347554630592,0.00023991935483870966,0.0,1.0
PLZL,1,2024-07-05 12:30:00+00:00,2024-07-05 12:30:00+00:00,1218.9,1237.1834999999999,544.1019140990942,9948.087346430666,0.010499999999999869,0,v3_long,tp,False,A,True,0.01050127163836242,0.005328707269113602,-0.00035934038887521684,0.679687500000006,0.320312499999994
PLZL,-1,2024-07-18 16:00:00+00:00,2024-07-18 22:00:00+00:00,1290.3,1277.6,519.3904396170561,6596.258583136637,0.006889870572735048,12,v3_short,opposite_signal,False,A,True,0.017631558552274666,0.005441345223541426,0.0002902425792451389,0.45054945054945056,0.5494505494505495
PLZL,1,2024-07-18 23:00:00+00:00,2024-07-19 10:00:00+00:00,1273.5,1260.765,529.8679742803951,-6747.868652460778,-0.0069999999999999455,22,v3_long,sl,False,A,True,0.021748518038707684,0.004900824782217213,7.969222313822192e-05,0.18050541516245458,0.8194945848375454
PLZL,1,2024-07-19 22:30:00+00:00,2024-07-22 09:30:00+00:00,1266.85,1285.8527499999998,528.9208329236774,10050.950357840346,0.010499999999999935,118,v3_long,gap_tp,False,A,True,0.015149721860575253,0.004776285798281145,-0.00020239081548111915,0.059895833333326085,0.940104166666674
PLZL,1,2024-07-24 12:00:00+00:00,2024-07-25 10:00:00+00:00,1298.4,1285.4160000000002,521.4872323165811,-6770.990224398449,-0.0069999999999999585,44,v3_long,sl,False,A,True,0.011558021266759132,0.0037781058764459904,0.00022114347357065665,0.2933333333333394,0.7066666666666606
PLZL,-1,2024-08-02 10:30:00+00:00,2024-08-02 11:00:00+00:00,1295.5,1289.2,518.9960087092011,3269.6748548679434,0.003404091084523326,1,v3_short,opposite_signal,False,A,True,0.007564646854496299,0.004155824753177893,4.052489386337321e-05,0.5561224489795991,0.44387755102040094
PLZL,1,2024-08-02 12:00:00+00:00,2024-08-02 14:30:00+00:00,1288.6,1275.714,523.551219681187,-6746.481016811759,-0.006999999999999983,5,v3_long,sl,False,A,True,0.010050446255335521,0.003872970570931453,-4.501358168413024e-05,0.13127413127411908,0.868725868725881
PLZL,1,2024-08-07 10:30:00+00:00,2024-08-07 11:00:00+00:00,1232.6,1220.274,543.5060562789303,-6699.255649694106,-0.007000000000000014,1,v3_long,sl,False,A,True,0.010382868267359006,0.0045006384626656275,0.0001334360804672276,0.19531249999999722,0.8046875000000028
PLZL,-1,2024-08-07 15:30:00+00:00,2024-08-08 15:30:00+00:00,1236.05,1235.0,538.1951264225746,565.1048827436789,0.0005946361393147269,48,v3_short,timeout,False,A,True,0.02447411003236246,0.005256289800605476,-0.0002285598705501618,0.77355371900826,0.22644628099174005
PLZL,1,2024-08-08 21:00:00+00:00,2024-08-09 10:30:00+00:00,1235.9,1240.5,538.5805157638514,2477.4703725136674,0.002605388785500393,27,v3_long,opposite_signal,False,A,True,0.012135922330097087,0.0036994989038521887,0.0001492718446601927,0.42666666666667274,0.5733333333333273
PLZL,-1,2024-08-09 11:30:00+00:00,2024-08-09 16:30:00+00:00,1238.9,1233.05,538.6761552129336,3151.255507995735,0.0033053515215110945,10,v3_short,opposite_signal,False,A,True,0.013323643410852713,0.003954113528382112,6.379198966407974e-05,0.6303030303030358,0.3696969696969642
PLZL,1,2024-08-09 17:30:00+00:00,2024-08-12 09:30:00+00:00,1233.2,1232.0,542.9547255505194,-651.5456706606479,-0.0006811547194291533,128,v3_long,timeout,False,A,True,0.013380909901873328,0.004046973141387698,4.0953693942098634e-05,0.2848484848484876,0.7151515151515124
PLZL,-1,2024-08-14 13:00:00+00:00,2024-08-14 13:00:00+00:00,1288.3,1283.7,519.3787825657363,2389.1423998023397,0.0024994178374601697,0,v3_short,opposite_signal,False,A,True,0.011606692286790146,0.0033609194193272973,0.00020107915065408668,0.939799331103673,0.06020066889632697
PLZL,1,2024-08-15 16:00:00+00:00,2024-08-15 17:30:00+00:00,1251.55,1259.65,535.9658705279851,4341.323551276752,0.004530382325915941,3,v3_long,opposite_signal,False,A,True,0.012778532066128905,0.0046005469432043875,-0.0003789633415861339,0.09687499999999716,0.9031250000000028
PLZL,-1,2024-08-15 18:30:00+00:00,2024-08-16 10:30:00+00:00,1260.75,1263.5,534.465208602176,-1469.779323655984,-0.0015268689272258575,32,v3_short,opposite_signal,False,A,True,0.012690858615903232,0.004551822072115306,-0.0003763632758278788,0.671875,0.328125
PLZL,1,2024-08-16 11:30:00+00:00,2024-08-16 16:30:00+00:00,1256.4,1275.2459999999999,535.4967894131122,10091.972493279392,0.010499999999999876,10,v3_long,tp,False,A,True,0.013132237653706871,0.0035032137396839007,7.362012017987186e-05,0.17575757575758127,0.8242424242424188
PLZL,-1,2024-08-21 21:00:00+00:00,2024-08-22 13:00:00+00:00,1295.7,1287.75,524.7067584810757,4171.418729924575,0.00429497568881688,32,v3_short,opposite_signal,False,A,True,0.018795106325498752,0.005044563213282178,1.736714136853074e-05,0.6858316221765958,0.3141683778234042
PLZL,1,2024-08-22 14:00:00+00:00,2024-08-22 17:00:00+00:00,1291.7,1278.7830000000001,528.592196388385,-6827.825400748725,-0.006999999999999954,6,v3_long,sl,False,A,True,0.015871786930938374,0.004626669597098872,3.290492412511614e-05,0.2853658536585432,0.7146341463414567
PLZL,-1,2024-08-29 11:30:00+00:00,2024-08-29 15:30:00+00:00,1259.25,1240.36125,538.418155484894,10170.04593441533,0.010500000000000039,8,v3_short,tp,False,A,True,0.012629070691024695,0.005292218606677108,-0.0003943606036536941,0.07861635220125741,0.9213836477987426
PLZL,1,2024-09-11 21:30:00+00:00,2024-09-12 16:30:00+00:00,1244.9,1255.0,550.3430753060032,5558.465060590583,0.005679171017752378,38,v3_long,opposite_signal,False,A,True,0.015632534962224758,0.003913643175301158,4.2999517762420536e-05,0.09511568123393996,0.90488431876606
PLZL,-1,2024-09-12 17:30:00+00:00,2024-09-12 17:30:00+00:00,1255.6,1268.156,548.7520070013196,-6890.130199908591,-0.007000000000000022,0,v3_short,sl,False,A,True,0.018725099601593624,0.004248811206785776,-6.573705179282869e-05,0.7276595744680813,0.2723404255319188
PLZL,1,2024-09-13 14:30:00+00:00,2024-09-13 16:00:00+00:00,1259.4,1278.291,543.2665784110852,10262.848932763729,0.010499999999999914,3,v3_long,tp,False,A,True,0.020605050023820903,0.005369940627129176,0.0002199460060346182,0.5163776493256288,0.4836223506743712
PLZL,1,2024-09-18 10:30:00+00:00,2024-09-18 11:30:00+00:00,1311.8,1298.682,527.0421734287662,-6913.739231038522,-0.006999999999999967,2,v3_long,sl,False,A,True,0.008080808080808185,0.004210086255125823,-0.00023098913664951193,0.3490566037735847,0.6509433962264153
PLZL,1,2024-09-25 17:00:00+00:00,2024-09-25 19:00:00+00:00,1365.8,1352.142,502.66093545330835,-6865.343056421236,-0.00699999999999995,4,v3_long,sl,False,A,True,0.017387802913829707,0.003985319852915139,0.00034922029431144167,0.2126315789473665,0.7873684210526335
PLZL,1,2024-09-26 22:30:00+00:00,2024-09-27 10:00:00+00:00,1354.25,1340.7075,503.39934687290645,-6817.285655026345,-0.007000000000000009,23,v3_long,sl,False,A,True,0.02307635504356816,0.004549763936331906,-9.525919361985003e-05,0.35040000000000143,0.6495999999999985
PLZL,-1,2024-10-03 20:00:00+00:00,2024-10-04 20:00:00+00:00,1342.0,1341.6,504.43849891513804,201.7753995661011,0.0002086438152012397,48,v3_short,timeout,False,A,True,0.016812048013121566,0.0038804433830443665,-0.0002516215611719973,0.6895787139689572,0.31042128603104274
PLZL,-1,2024-10-10 11:30:00+00:00,2024-10-11 11:30:00+00:00,1307.35,1320.4234999999999,517.9161726575221,-6770.977083238098,-0.006999999999999984,48,v3_short,sl,False,A,True,0.013424102191455964,0.003918293223055289,-0.0003331166099361248,0.8518518518518436,0.1481481481481563
PLZL,1,2024-10-17 10:30:00+00:00,2024-10-17 11:30:00+00:00,1348.45,1362.0,498.6154654347916,6756.239556641403,0.007034002002298912,2,v3_long,opposite_signal,False,A,True,0.00559922871551465,0.0033600156936297214,1.112429546128745e-05,0.1324503311258286,0.8675496688741714
PLZL,-1,2024-10-17 12:30:00+00:00,2024-10-17 20:30:00+00:00,1356.0,1351.85,499.3269852914408,2072.2069889595246,0.0021423303834808725,16,v3_short,opposite_signal,False,A,True,0.014788862253365263,0.0035904421430823226,-7.560390927530887e-05,0.4264339152119688,0.5735660847880312
PLZL,1,2024-10-17 21:30:00+00:00,2024-10-18 10:00:00+00:00,1350.95,1357.3,502.26724671339827,3189.3970166300332,0.003290277212332015,25,v3_long,opposite_signal,False,A,True,0.012954326745132874,0.0035734838661919495,3.627211488637272e-05,0.0028571428571402585,0.9971428571428598
PLZL,-1,2024-10-18 11:00:00+00:00,2024-10-21 09:30:00+00:00,1361.1,1373.0,500.1620122394435,-5951.927945649423,-0.0061200499595915545,141,v3_short,timeout,False,A,True,0.009622094090858943,0.003795763293168214,8.520327591905622e-05,0.5229007633587753,0.47709923664122467
PLZL,-1,2024-10-23 10:30:00+00:00,2024-10-23 11:00:00+00:00,1463.2,1441.252,462.41400033977027,10149.062479457321,0.010500000000000044,1,v3_short,tp,False,A,True,0.008371489099979498,0.004318564093972304,0.00017016332946080838,0.24489795918367346,0.7551020408163265
PLZL,-1,2024-10-24 16:30:00+00:00,2024-10-25 09:30:00+00:00,1468.95,1485.0,465.4402866215815,-7470.316600276362,-0.007648320228734789,34,v3_short,gap_sl,False,A,True,0.01565850835687783,0.003956353829581406,-7.352690880621018e-05,0.9760869565217412,0.023913043478258893
PLZL,1,2024-10-25 14:00:00+00:00,2024-10-25 16:00:00+00:00,1490.5,1475.595,455.20247394336036,-6784.792874125774,-0.006999999999999987,4,v3_long,sl,False,A,True,0.02338141563233808,0.0044897252491586555,0.00039282120093928026,0.7890961262553823,0.21090387374461775
PLZL,1,2024-10-31 10:30:00+00:00,2024-11-01 10:30:00+00:00,1476.65,1473.5,456.25566816827995,-1437.2053547301234,-0.0014932448447499838,48,v3_long,timeout,False,A,True,0.010870301388418527,0.004683045126334081,0.00023772434812055783,0.7943925233644882,0.20560747663551177
PLZL,1,2024-11-01 11:30:00+00:00,2024-11-01 13:00:00+00:00,1472.0,1480.1,457.0135113127578,3701.809441633297,0.0038519021739130007,3,v3_long,opposite_signal,False,A,True,0.008763586956521801,0.004836518232819075,2.072010869565032e-05,0.38759689922480345,0.6124031007751966
PLZL,-1,2024-11-01 14:30:00+00:00,2024-11-01 17:00:00+00:00,1483.65,1498.4865000000002,455.17147255857026,-6753.15155261528,-0.007000000000000054,5,v3_short,sl,False,A,True,0.011458228018737571,0.0036853314026110457,-6.335726080949073e-05,0.9794117647058878,0.020588235294112297
PLZL,-1,2024-11-02 22:30:00+00:00,2024-11-05 09:30:00+00:00,1516.75,1525.2,442.1216081586893,-3735.9275889409446,-0.0038997857260590282,118,v3_short,timeout,False,A,True,0.009164029535865039,0.0035058952633728133,0.0003550237341772146,0.8453237410071888,0.1546762589928113
PLZL,1,2024-11-13 18:00:00+00:00,2024-11-13 20:00:00+00:00,1435.1,1420.7489999999998,465.45383587376034,-6679.7279986243875,-0.007000000000000056,4,v3_long,sl,False,A,True,0.015605949768349248,0.003954301356193909,0.0004716619639809093,0.1339285714285709,0.8660714285714292
PLZL,1,2024-11-20 10:30:00+00:00,2024-11-20 19:30:00+00:00,1447.55,1433.0745,458.22043470926485,-6632.969902633969,-0.007000000000000006,18,v3_long,sl,False,A,True,0.006216542911414264,0.0034859431487123927,-0.00011189777240545548,0.2833333333333283,0.7166666666666717
PLZL,-1,2024-11-21 10:30:00+00:00,2024-11-21 10:30:00+00:00,1454.2,1439.95,452.9321354226052,6454.282929772124,0.006859441617384127,0,v3_short,opposite_signal,False,A,True,0.0078049786824371725,0.004009520809579366,0.00010830697290606519,0.9339207048458158,0.06607929515418423
PLZL,-1,2024-11-21 22:00:00+00:00,2024-11-22 11:00:00+00:00,1443.05,1457.4805,459.56266891818933,-6631.719093823903,-0.006999999999999971,26,v3_short,sl,False,A,True,0.011712117536990257,0.004189446127948032,-7.311410651789862e-05,0.9142011834319504,0.08579881656804957
PLZL,-1,2024-11-28 12:00:00+00:00,2024-11-28 13:00:00+00:00,1428.0,1418.55,461.1552563142271,4357.9171721694665,0.004632352941176492,2,v3_short,opposite_signal,False,A,True,0.015476190476190413,0.007558507273877311,0.00021078431372549276,0.4886877828054298,0.5113122171945702
PLZL,1,2024-11-28 14:00:00+00:00,2024-11-28 14:30:00+00:00,1420.0,1405.8,465.90158312481327,-6615.802480372369,-0.007000000000000021,1,v3_long,sl,False,A,True,0.01911971830985906,0.007197864606996833,0.00017640845070422665,0.2891344383057071,0.7108655616942928
PLZL,-1,2024-11-28 21:00:00+00:00,2024-11-29 10:00:00+00:00,1426.5,1440.765,460.5322021037324,-6569.491863009789,-0.00700000000000005,26,v3_short,sl,False,A,True,0.024492799327236445,0.0053429997886310825,-4.69532919864033e-05,0.7567954220314739,0.24320457796852615
PLZL,1,2024-11-29 19:00:00+00:00,2024-12-02 09:30:00+00:00,1419.8,1412.5,459.4665037307138,-3354.1054772341895,-0.0035990984645724524,125,v3_long,timeout,False,A,True,0.024639211545230553,0.004400994652042106,0.00011017247448081725,0.2799999999999987,0.7200000000000013
PLZL,1,2024-12-04 11:00:00+00:00,2024-12-04 19:00:00+00:00,1445.65,1431.1935,449.6265819270248,-6500.026681628036,-0.007000000000000002,16,v3_long,sl,False,A,True,0.010374520178441747,0.004356182935141401,4.149808071376699e-05,0.0433333333333394,0.9566666666666606
PLZL,1,2024-12-05 10:30:00+00:00,2024-12-05 17:30:00+00:00,1432.2,1436.35,450.67214738560523,1870.2894116502002,0.002028347996089865,14,v3_long,opposite_signal,False,A,True,0.006321598211791131,0.003424997070726179,-0.0002584520815870355,0.5911602209944783,0.40883977900552165
PLZL,-1,2024-12-05 18:30:00+00:00,2024-12-06 17:30:00+00:00,1432.45,1430.4,451.5074537148375,925.5902801153964,0.0010017801668469883,46,v3_short,opposite_signal,False,A,True,0.014240837696335142,0.004082643697573602,-0.00022059336823734667,0.5612745098039214,0.4387254901960787
PLZL,1,2024-12-06 18:30:00+00:00,2024-12-09 09:30:00+00:00,1430.85,1440.0,452.4651537686688,4140.056156983361,0.004476360205472317,126,v3_long,timeout,False,A,True,0.011636846519429754,0.0038383669862111984,8.6664802907465e-05,0.2702702702702688,0.7297297297297312
PLZL,-1,2024-12-10 21:30:00+00:00,2024-12-11 10:00:00+00:00,1470.75,1485.4575,442.1606694406174,-6503.078045797873,-0.0069999999999999915,25,v3_short,sl,False,A,True,0.015645726335838918,0.004519266954931317,2.9590830243868636e-05,0.8152173913043478,0.18478260869565216
PLZL,1,2024-12-25 12:00:00+00:00,2024-12-25 12:30:00+00:00,1369.35,1377.1,471.5782305091682,3654.731286446053,0.003961733669259137,1,v3_long,opposite_signal,False,A,True,0.012962354401723447,0.004791536365852902,-0.00042355862270420606,0.4957746478873214,0.5042253521126786
PLZL,-1,2024-12-25 13:30:00+00:00,2024-12-25 16:30:00+00:00,1379.45,1393.2445,469.9800368612431,-6483.139618482404,-0.006999999999999985,6,v3_short,sl,False,A,True,0.014030381031795044,0.004579725941527814,-0.00041148533517021353,0.9767441860465095,0.023255813953490558
PLZL,-1,2025-01-14 22:30:00+00:00,2025-01-15 21:00:00+00:00,1491.35,1506.2635,431.6731579544065,-6437.75764115309,-0.007000000000000053,45,v3_short,sl,False,A,True,0.01045926919208844,0.0030041201215489943,-8.783104257458873e-05,0.7019230769230693,0.2980769230769306
PLZL,1,2025-01-29 14:00:00+00:00,2025-01-30 07:00:00+00:00,1701.3,1706.5,375.75344369981605,1953.9179072390605,0.002139540351495934,34,v3_long,opposite_signal,False,A,True,0.015339406406112201,0.004642167880487014,0.0003191301792535982,0.09195402298850085,0.9080459770114991
PLZL,-1,2025-01-30 08:30:00+00:00,2025-01-30 18:00:00+00:00,1709.1,1726.191,374.83884869320946,-6406.370763015689,-0.0070000000000000505,19,v3_short,sl,False,A,True,0.010619624363700246,0.004313159921374772,-0.00019513194078754848,0.735537190082636,0.2644628099173641
PLZL,1,2025-01-31 12:30:00+00:00,2025-02-03 06:30:00+00:00,1716.25,1713.0,370.66430692932454,-1204.6589975203046,-0.0013255644573925709,132,v3_long,timeout,False,A,True,0.01389657683903855,0.0031054506801047304,0.00022374362709395537,0.12997903563940968,0.8700209643605903
PLZL,1,2025-02-05 17:30:00+00:00,2025-02-06 07:00:00+00:00,1777.95,1793.8,357.3268964083293,5663.6313080719865,0.006240332967743714,27,v3_long,opposite_signal,False,A,True,0.016592142636182118,0.004373393895033994,0.00032284372451418824,0.26949152542373034,0.7305084745762697
PLZL,-1,2025-02-06 08:00:00+00:00,2025-02-06 11:30:00+00:00,1790.4,1763.544,357.05646636776106,9589.10846077259,0.010499999999999997,7,v3_short,tp,False,A,True,0.007931188561215396,0.004179195951984154,0.0002943476318141187,0.4859154929577513,0.5140845070422486
PLZL,1,2025-02-07 08:00:00+00:00,2025-02-10 06:30:00+00:00,1769.65,1787.5,365.0361785140453,6515.895786475675,0.007060718221117134,141,v3_long,timeout,False,A,True,0.004633553709668331,0.003469820048901253,-0.00016839012261965407,0.32317073170732635,0.6768292682926736
PLZL,-1,2025-02-20 07:30:00+00:00,2025-02-20 10:30:00+00:00,1899.05,1918.0405,342.56465093489544,-6505.47400357917,-0.007000000000000041,6,v3_short,sl,False,A,True,0.005264681881597304,0.003814760033665518,0.00028560899207665376,0.5049999999999955,0.49500000000000455
PLZL,1,2025-02-21 07:30:00+00:00,2025-02-21 07:30:00+00:00,1893.35,1874.4164999999998,341.190782768853,-6459.935685554111,-0.007000000000000036,0,v3_long,sl,False,A,True,0.006047162586812456,0.004234369836841523,3.4592938815388456e-05,0.16157205240173814,0.8384279475982619
PLZL,1,2025-02-27 07:30:00+00:00,2025-02-27 09:30:00+00:00,1944.7,1955.0,329.85633443488456,3397.520244679296,0.0037075127268987344,4,v3_long,opposite_signal,False,A,True,0.011654232055569778,0.006349647821219733,8.747105737072294e-05,0.21192052980132378,0.7880794701986762
PLZL,1,2025-02-27 11:00:00+00:00,2025-02-27 12:00:00+00:00,1946.95,1927.4805000000001,330.6966679918824,-6438.49877746793,-0.006999999999999973,2,v3_long,sl,False,A,True,0.012448026282018378,0.006342284998411489,-0.00013192341255582502,0.3567010309278388,0.6432989690721612
PLZL,-1,2025-02-27 16:00:00+00:00,2025-02-27 23:30:00+00:00,1937.5,1908.4375,329.9834470206803,9590.14392903852,0.0105,15,v3_short,tp,False,A,True,0.023562506451945835,0.006464501044866491,-0.00018994528749871053,0.45125958378970366,0.5487404162102963
PLZL,-1,2025-02-28 19:30:00+00:00,2025-03-01 14:00:00+00:00,1919.65,1938.8465,336.548865341544,-6460.560293528954,-0.007000000000000005,37,v3_short,sl,False,A,True,0.020779085511925886,0.005466772886833302,-0.0002968440787417977,0.7431077694235595,0.2568922305764405
PLZL,1,2025-03-05 15:00:00+00:00,2025-03-06 10:30:00+00:00,1960.3,1963.8,327.2629889034457,1145.42046116206,0.001249808702749579,39,v3_long,opposite_signal,False,A,True,0.02216497474876297,0.005252919092637506,0.00032979645972555497,0.4395857307249687,0.5604142692750314
PLZL,-1,2025-03-06 11:30:00+00:00,2025-03-06 14:00:00+00:00,1961.95,1981.5695,327.39643287047994,-6423.354314702387,-0.007000000000000005,5,v3_short,sl,False,A,True,0.007186727490506847,0.0035417052670295543,-2.6759091719974795e-05,0.6170212765957519,0.3829787234042481
PLZL,1,2025-03-06 18:00:00+00:00,2025-03-06 18:30:00+00:00,1962.75,1943.1225,324.9721479811216,-6378.3908344994825,-0.007000000000000019,1,v3_long,sl,False,A,True,0.017348550466194504,0.0034081567173736126,7.693483466652802e-05,0.27312775330396377,0.7268722466960362
PLZL,-1,2025-03-12 07:30:00+00:00,2025-03-12 10:30:00+00:00,1901.5,1893.2,333.0918800240846,2764.662604199887,0.003055482513804874,6,v3_short,opposite_signal,False,A,True,0.008234025201904659,0.004699672444917499,0.0001941441085944287,0.2971246006389817,0.7028753993610183
PLZL,-1,2025-03-12 12:30:00+00:00,2025-03-12 13:00:00+00:00,1898.0,1893.0,334.7257500994398,1673.6287504971988,0.0018440463645943096,1,v3_short,opposite_signal,False,A,True,0.013540569020021098,0.004368752313957799,0.000235247629083246,0.4357976653696508,0.5642023346303492
PLZL,1,2025-03-12 14:00:00+00:00,2025-03-12 18:00:00+00:00,1891.95,1906.25,336.4153459732471,4810.739447417418,0.005290837495705472,8,v3_long,opposite_signal,False,A,True,0.013583509513742096,0.004106193931775334,0.0002063953488372103,0.20038910505836893,0.7996108949416311
PLZL,-1,2025-03-12 19:00:00+00:00,2025-03-13 08:00:00+00:00,1906.9,1892.6,335.54383104896795,4798.2767840003025,0.005249357596098445,26,v3_short,opposite_signal,False,A,True,0.010592831484831823,0.003525510880187202,0.00011825165840740544,0.9950495049504996,0.004950495049500437
PLZL,-1,2025-03-15 10:30:00+00:00,2025-03-16 10:30:00+00:00,1936.9,1942.8,332.0808122133705,-1959.2767920588408,-0.002132273220093916,48,v3_short,timeout,False,A,True,0.009478795392323935,0.005123898361852205,0.0003489333126711099,0.5585831062670328,0.4414168937329673
PLZL,-1,2025-03-17 19:30:00+00:00,2025-03-18 13:30:00+00:00,1945.9,1938.65,329.84009014935816,2391.3406535828467,0.002608047690014903,36,v3_short,opposite_signal,False,A,True,0.014135183757388847,0.004016867034086262,1.2850167052171679e-05,0.740000000000005,0.259999999999995
PLZL,1,2025-03-18 14:30:00+00:00,2025-03-18 17:30:00+00:00,1938.1,1918.7189999999998,332.03125219500754,-6435.097698791469,-0.007000000000000031,6,v3_long,sl,False,A,True,0.008616686445487872,0.003344735788882126,6.346421753263366e-05,0.05988023952095792,0.9401197604790421
PLZL,1,2025-03-20 10:30:00+00:00,2025-03-20 15:00:00+00:00,1904.1,1885.059,335.59434981880685,-6390.052014899881,-0.0069999999999999785,9,v3_long,sl,False,A,True,0.00593955321944819,0.0037603437866249993,-6.044678055190539e-05,0.26548672566371256,0.7345132743362874
PLZL,-1,2025-03-20 16:00:00+00:00,2025-03-21 11:00:00+00:00,1898.9,1898.3,334.1577571644426,200.49465429871117,0.0002211806835536866,38,v3_short,opposite_signal,False,A,True,0.022328128702704172,0.0038235924120228683,-0.0002317069959714579,0.6391509433962282,0.36084905660377176
PLZL,1,2025-03-21 12:00:00+00:00,2025-03-21 12:30:00+00:00,1899.1,1908.65,334.1964674517241,3191.5762641640263,0.0035200884629562044,1,v3_long,opposite_signal,False,A,True,0.00889988940965827,0.00394680846521386,1.2638896203065411e-05,0.3017751479289871,0.6982248520710129
PLZL,1,2025-03-21 14:00:00+00:00,2025-03-27 06:30:00+00:00,1903.0,1901.8,334.68555686940834,-401.6226682433052,-0.00044140830267999566,273,v3_long,timeout,False,A,True,0.011034627712679313,0.0042278103861835715,3.415480006305502e-05,0.42857142857142855,0.5714285714285714
PLZL,1,2025-03-28 18:00:00+00:00,2025-03-29 18:00:00+00:00,1872.6,1870.6,339.96874872087676,-679.9374974417535,-0.0007476236249065471,48,v3_long,timeout,False,A,True,0.028214171208720717,0.007197964235476253,-0.00021053756545901268,0.34469696969696656,0.6553030303030335
PLZL,1,2025-03-31 15:30:00+00:00,2025-04-01 15:30:00+00:00,1865.8,1847.1419999999998,340.95268657225023,-6361.495226065089,-0.007000000000000048,48,v3_long,sl,False,A,True,0.03846565948783883,0.006778019849915265,1.5000535733420026e-05,0.35933147632311935,0.6406685236768807
PLZL,1,2025-04-03 10:30:00+00:00,2025-04-03 12:30:00+00:00,1785.4,1767.546,353.8122974953842,-6316.964759482605,-0.007000000000000017,4,v3_long,sl,False,A,True,0.025546218487394908,0.008088424559012798,0.0003215686274509809,0.05263157894737052,0.9473684210526295
PLZL,-1,2025-04-10 20:00:00+00:00,2025-04-10 23:00:00+00:00,1828.6,1846.886,343.0354372835072,-6272.746006166232,-0.0070000000000000236,6,v3_short,sl,False,A,True,0.018915372840586,0.007612248154561721,5.7948830089656186e-05,0.7398843930635831,0.2601156069364169
PLZL,1,2025-04-13 11:30:00+00:00,2025-04-14 11:30:00+00:00,1931.0,1919.0,322.5705222228404,-3870.8462666740847,-0.004350077679958571,48,v3_long,timeout,False,A,True,0.01760381070725898,0.0032692791313480834,0.00011390701045873459,0.6764705882352942,0.3235294117647059
PLZL,1,2025-04-15 11:30:00+00:00,2025-04-16 08:00:00+00:00,1899.0,1927.485,326.57929753851124,9302.61129038446,0.010499999999999962,41,v3_long,tp,False,A,True,0.016426239865220498,0.0056262432802392705,-0.00030535958723807517,0.5,0.5
PLZL,1,2025-04-17 10:30:00+00:00,2025-04-17 17:00:00+00:00,1929.0,1909.71,324.8760569875075,-6266.859139289008,-0.006999999999999987,13,v3_long,sl,False,A,True,0.018351477449455724,0.0037493169686015674,0.00023742871954380367,0.1807909604519795,0.8192090395480205
PLZL,1,2025-04-18 07:30:00+00:00,2025-04-18 13:00:00+00:00,1916.6,1897.434,324.6890913760825,-6222.991125313978,-0.0069999999999999785,11,v3_long,sl,False,A,True,0.007825542570951586,0.0039057212471235846,-0.00022328881469115287,0.37333333333332724,0.6266666666666727
PLZL,-1,2025-04-18 17:00:00+00:00,2025-04-21 06:30:00+00:00,1916.4,1929.4,322.4499158545605,-4191.848906109287,-0.004748486745982049,123,v3_short,timeout,False,A,True,0.03653063354555892,0.004660124063109139,-0.0005333472497651593,0.8885714285714292,0.11142857142857078
PLZL,1,2025-04-22 23:30:00+00:00,2025-04-23 07:00:00+00:00,1965.6,1945.944,312.8860014801604,-6150.087245094017,-0.006999999999999981,15,v3_long,sl,False,A,True,0.014143264143264236,0.004636504636504625,0.00017806267806267807,0.43165467625898996,0.56834532374101
PLZL,1,2025-04-24 15:30:00+00:00,2025-04-24 17:00:00+00:00,1912.0,1892.8799999999999,319.4056817143502,-6107.0366343784135,-0.0070000000000000435,3,v3_long,sl,False,A,True,0.01673290106672244,0.0039005749108238126,2.091612633340781e-06,0.03125,0.96875
PLZL,1,2025-04-29 08:30:00+00:00,2025-04-29 10:30:00+00:00,1801.8,1783.782,336.56828604382986,-6064.287377937736,-0.0070000000000000106,4,v3_long,sl,False,A,True,0.013762486126526056,0.005216426193118753,-0.0005072142064372924,0.38709677419354543,0.6129032258064546
PLZL,-1,2025-05-04 10:30:00+00:00,2025-05-05 10:30:00+00:00,1721.0,1733.2,349.903391417325,-4268.821375291381,-0.0049622312608948475,48,v3_short,timeout,False,A,True,0.006045105789351234,0.003382380620232284,0.0002348291095094143,0.3461538461538419,0.6538461538461581
PLZL,1,2025-05-07 14:30:00+00:00,2025-05-07 16:30:00+00:00,1782.8,1764.972,336.0980265125154,-5991.9556166651155,-0.006999999999999991,4,v3_long,sl,False,A,True,0.01884464385866512,0.004259447332918979,0.00017835109366236783,0.37499999999999833,0.6250000000000017
PLZL,-1,2025-05-14 07:30:00+00:00,2025-05-14 08:00:00+00:00,1752.0,1743.6,339.6125529308486,2852.745444619159,0.00335616438356168,1,v3_short,opposite_signal,False,A,True,0.006732085805568208,0.004264990686715922,0.00022364217252396324,0.33898305084745894,0.6610169491525411
PLZL,1,2025-05-14 09:00:00+00:00,2025-05-14 15:30:00+00:00,1747.2,1729.728,341.6884813107144,-5969.981145460795,-0.0069999999999999915,13,v3_long,sl,False,A,True,0.011217948717948666,0.004250816750816743,0.00013507326007326215,0.3571428571428588,0.6428571428571412
PLZL,-1,2025-05-16 13:00:00+00:00,2025-05-16 13:30:00+00:00,1692.2,1676.0,350.32450522648486,5675.25698466907,0.006701335539534352,1,v3_short,opposite_signal,False,A,True,0.01418104467029071,0.004720627032137297,-9.572205152446121e-05,0.7166666666666686,0.28333333333333144
PLZL,1,2025-05-16 14:30:00+00:00,2025-05-16 14:30:00+00:00,1685.6,1683.0,354.0530420227374,-920.5379092590849,-0.0010797342192690653,0,v3_long,opposite_signal,False,A,True,0.016377877996676896,0.004785701913639237,-4.035129361499957e-05,0.5144927536231835,0.48550724637681647
PLZL,1,2025-05-17 10:30:00+00:00,2025-05-17 16:00:00+00:00,1668.4,1673.2,357.31684913512623,1715.1208758485898,0.002013905538240211,11,v3_long,opposite_signal,False,A,True,0.003000120004800192,0.0056518389767848745,-0.0002652106084243359,0.6800000000000181,0.3199999999999818
PLZL,-1,2025-05-17 17:00:00+00:00,2025-05-18 17:00:00+00:00,1673.2,1680.4,357.00933284134516,-2570.4671964577014,-0.003012192206550342,48,v3_short,timeout,False,A,True,0.007052354769304299,0.0033044658487117436,-5.6179775280896703e-05,0.6949152542372947,0.30508474576270533
PLZL,1,2025-05-22 08:30:00+00:00,2025-05-22 10:00:00+00:00,1699.8,1682.802,350.3639773341677,-5955.486886726199,-0.007000000000000019,3,v3_long,sl,False,A,True,0.015065913370998062,0.005035756095078128,-5.885122410546407e-05,0.26562499999999917,0.7343750000000009
PLZL,-1,2025-05-23 10:00:00+00:00,2025-05-23 15:00:00+00:00,1682.0,1698.82,351.59325080375146,-5913.798478519077,-0.006999999999999974,10,v3_short,sl,False,A,True,0.016282386498692573,0.005309683346288995,-0.00037675303066318094,0.7883211678832123,0.2116788321167877
PLZL,-1,2025-05-27 18:30:00+00:00,2025-05-28 07:00:00+00:00,1659.8,1656.2,353.8017766700486,1273.6863960121427,0.0015182552114712234,25,v3_short,opposite_signal,False,A,True,0.019036144578313197,0.005330511234125694,-0.0006614457831325312,0.9430379746835456,0.05696202531645442
PLZL,-1,2025-05-28 08:00:00+00:00,2025-05-28 10:00:00+00:00,1656.6,1673.166,355.02340299055606,-5881.3176939415625,-0.007000000000000013,4,v3_short,sl,False,A,True,0.008933961125196158,0.004796538661080494,-7.96812749004028e-05,0.7972972972972967,0.20270270270270332
PLZL,1,2025-05-29 22:00:00+00:00,2025-05-30 09:30:00+00:00,1683.8,1692.0,346.8433584798646,2844.1155395349056,0.0034089559330086894,23,v3_long,opposite_signal,False,A,True,0.014134695331987145,0.003797716233872538,0.0001413469533198701,0.3193277310924338,0.6806722689075663
PLZL,-1,2025-05-30 10:30:00+00:00,2025-05-31 10:30:00+00:00,1682.6,1685.4,348.2739378854573,-975.1670260793438,-0.0011648639011055076,48,v3_short,timeout,False,A,True,0.016284321882800348,0.004150590623905729,-2.3772732675599445e-06,0.5255474452554721,0.4744525547445279
PLZL,-1,2025-05-31 12:00:00+00:00,2025-06-01 12:00:00+00:00,1686.8,1677.8,347.0020814369309,3123.018732932378,0.003734882617974864,48,v3_short,timeout,False,A,True,0.003201327958264088,0.003124832666549372,3.794166469053614e-05,0.8148148148148101,0.18518518518518987
PLZL,1,2025-06-03 19:30:00+00:00,2025-06-04 12:00:00+00:00,1733.8,1759.8069999999998,338.85639870854055,8812.638361212958,0.010499999999999931,33,v3_long,tp,False,A,True,0.013611719921559528,0.00452684776136154,0.00045910716345599206,0.3983050847457585,0.6016949152542416
PLZL,-1,2025-06-05 11:30:00+00:00,2025-06-05 15:30:00+00:00,1772.0,1789.72,335.0327714072893,-5936.780709337176,-0.0070000000000000106,8,v3_short,sl,False,A,True,0.01015916017609211,0.004835516179911696,0.00037476013094028723,0.5555555555555556,0.4444444444444444
PLZL,1,2025-06-10 10:30:00+00:00,2025-06-10 13:00:00+00:00,1708.0,1690.92,345.1535857360542,-5895.22324437178,-0.006999999999999969,5,v3_long,sl,False,A,True,0.011596579594705373,0.006018317720320759,-0.00027995783061965666,0.0404040404040382,0.9595959595959618
PLZL,-1,2025-06-10 17:30:00+00:00,2025-06-10 18:30:00+00:00,1718.0,1735.18,340.7425309465195,-5853.956681661226,-0.007000000000000027,2,v3_short,sl,False,A,True,0.024208566108007396,0.005646358649151941,-0.00030609869646182445,0.7836538461538457,0.21634615384615433
PLZL,-1,2025-06-17 08:30:00+00:00,2025-06-17 09:00:00+00:00,1763.2,1736.752,329.6834723735013,8719.468477334392,0.010500000000000035,1,v3_short,tp,False,A,True,0.01122958257713246,0.00577267376269191,-6.578947368421258e-05,0.7575757575757593,0.24242424242424068
PLZL,1,2025-06-17 10:00:00+00:00,2025-06-18 08:30:00+00:00,1731.8,1745.0,339.18554476445985,4477.249190890885,0.005335489086499614,45,v3_long,opposite_signal,False,A,True,0.021839611740235704,0.006252381339046467,-0.00012595331638548754,0.04232804232803997,0.95767195767196
PLZL,1,2025-06-18 12:00:00+00:00,2025-06-19 10:30:00+00:00,1738.2,1720.818,339.73973124882934,-5905.3560085671725,-0.0070000000000000236,45,v3_long,sl,False,A,True,0.015189873417721572,0.003729045501197396,-8.400460299194425e-05,0.36363636363636753,0.6363636363636325
PLZL,-1,2025-06-20 07:30:00+00:00,2025-06-20 09:30:00+00:00,1734.4,1719.8,338.1006985993532,4936.270199550603,0.005892527675276807,4,v3_short,opposite_signal,False,A,True,0.004497232472324697,0.0034999252019547273,9.225092250921985e-06,0.5384615384615474,0.46153846153845257
PLZL,1,2025-06-20 10:30:00+00:00,2025-06-20 12:30:00+00:00,1717.2,1730.6,343.49944141067067,4602.89251490294,0.005462380619613269,4,v3_long,opposite_signal,False,A,True,0.012689173457508704,0.0036057011609980255,-7.45052386495936e-05,0.045871559633027616,0.9541284403669724
PLZL,-1,2025-06-20 14:30:00+00:00,2025-06-20 15:00:00+00:00,1734.6,1720.8,341.91125651495196,4718.375339906322,0.0055690072639225,1,v3_short,opposite_signal,False,A,True,0.012566290062254988,0.0033838311449563546,1.2681577127045297e-05,0.8440366972477019,0.15596330275229808
PLZL,1,2025-06-20 16:00:00+00:00,2025-06-23 06:30:00+00:00,1719.2,1729.4,346.89514209444513,3538.3304493633564,0.004153094462540735,125,v3_long,timeout,False,A,True,0.013382986151518679,0.003516375679764494,5.818689631095078e-06,0.18260869565217588,0.8173913043478241
PLZL,-1,2025-06-24 20:00:00+00:00,2025-06-25 07:00:00+00:00,1705.6,1722.656,351.1133674972587,-5988.589596033258,-0.007000000000000016,22,v3_short,sl,False,A,True,0.02509086645562197,0.003501566990838883,-0.000336499003400162,0.8551401869158867,0.14485981308411336
PLZL,1,2025-06-27 07:30:00+00:00,2025-06-27 10:00:00+00:00,1777.0,1759.23,334.6465654958364,-5946.669468861007,-0.006999999999999994,5,v3_long,sl,False,A,True,0.016321476812246737,0.004271268116382922,0.00029040972534894144,0.42068965517241536,0.5793103448275846
PLZL,-1,2025-06-27 15:30:00+00:00,2025-06-28 10:00:00+00:00,1784.2,1802.0420000000001,330.96305249293715,-5905.0427825790175,-0.007000000000000038,37,v3_short,sl,False,A,True,0.017705064993276506,0.004458066313736405,4.818467055132177e-05,0.8924050632911432,0.10759493670885675
PLZL,-1,2025-07-02 23:30:00+00:00,2025-07-03 10:00:00+00:00,1866.6,1848.0,314.1384058234722,5842.974348316555,0.006975249116039825,21,v3_short,opposite_signal,False,A,True,0.019607843137254853,0.004699974806050016,-0.000242151505410909,0.9071038251366093,0.09289617486339069
PLZL,1,2025-07-03 11:00:00+00:00,2025-07-03 11:00:00+00:00,1861.0,1864.4,317.2814778903358,1078.7570248271707,0.0012788823213326513,0,v3_long,opposite_signal,False,A,True,0.015799656061908782,0.0047000999279589025,-0.0002472055030094583,0.7346938775510207,0.2653061224489793
PLZL,-1,2025-07-03 12:00:00+00:00,2025-07-03 15:00:00+00:00,1864.2,1850.6,317.14191624895074,4313.1300609857735,0.005106748202982565,6,v3_short,opposite_signal,False,A,True,0.01577084003862239,0.004436364269000242,-0.0001716554017809248,0.8435374149659888,0.15646258503401123
PLZL,-1,2025-07-05 12:00:00+00:00,2025-07-06 12:00:00+00:00,1905.4,1904.0,311.86897833210026,436.6165696649687,0.0005143277002204595,48,v3_short,timeout,False,A,True,0.005353768633214385,0.0036301328113888657,0.00041885366365735976,0.4117647058823556,0.5882352941176444
PLZL,1,2025-07-08 08:30:00+00:00,2025-07-08 12:30:00+00:00,1876.4,1880.2,316.8518348501115,1204.0369724304094,0.0014176081858878532,8,v3_long,opposite_signal,False,A,True,0.007887444041782111,0.003912033969590989,-0.0001289703687913015,0.36486486486487213,0.6351351351351279
PLZL,-1,2025-07-08 13:30:00+00:00,2025-07-08 19:30:00+00:00,1874.6,1846.481,317.6056805683616,8930.754131901733,0.010499999999999968,12,v3_short,tp,False,A,True,0.012700106723585888,0.0035853356024113715,-9.605122732123798e-05,0.5294117647058796,0.47058823529412047
PLZL,-1,2025-07-11 07:30:00+00:00,2025-07-11 09:00:00+00:00,1866.4,1838.404,322.3505875941823,9024.527050286757,0.010500000000000034,3,v3_short,tp,False,A,True,0.008038585209003215,0.0046783117522667325,0.0003944265809217573,0.9600000000000061,0.039999999999993936
PLZL,-1,2025-07-16 14:00:00+00:00,2025-07-16 17:00:00+00:00,1878.6,1897.386,323.619879495892,-6079.523056209846,-0.007000000000000023,6,v3_short,sl,False,A,True,0.023315234749281356,0.004405235641262461,2.7680187373577523e-05,0.8584474885844737,0.1415525114155263
PLZL,-1,2025-07-17 07:30:00+00:00,2025-07-17 14:30:00+00:00,1887.6,1885.4,319.8223349659015,703.6091369249251,0.0008158508158507483,14,v3_short,opposite_signal,False,A,True,0.00752118644067799,0.004114177737059094,0.0002510593220338964,0.5352112676056257,0.4647887323943743
PLZL,1,2025-07-17 15:30:00+00:00,2025-07-18 10:30:00+00:00,1883.0,1911.245,320.8651969609576,9062.837488162211,0.010499999999999957,38,v3_long,tp,False,A,True,0.00701009028146577,0.003131862611416522,0.000262347318109398,0.151515151515151,0.848484848484849
PLZL,-1,2025-07-23 09:30:00+00:00,2025-07-23 10:00:00+00:00,1966.8,1986.468,310.4195404307488,-6105.331521192004,-0.007000000000000043,1,v3_short,sl,False,A,True,0.0055905671884529376,0.003637302681823916,0.00019821101849969508,0.2545454545454504,0.7454545454545496
PLZL,1,2025-07-23 17:30:00+00:00,2025-07-24 16:30:00+00:00,1968.4,1972.4,307.99604757892826,1231.984190315713,0.001422475106685633,46,v3_long,opposite_signal,False,A,True,0.013307598537179915,0.0032616932251227208,0.0003677366924014633,0.11450381679389393,0.8854961832061061
PLZL,1,2025-07-25 09:30:00+00:00,2025-07-25 13:30:00+00:00,1958.4,1938.816,310.0090936415356,-6071.2180898758525,-0.007000000000000022,8,v3_long,sl,False,A,True,0.013277499744663466,0.003707210427667986,-1.9405576549893685e-05,0.24615384615384966,0.7538461538461504
PLZL,-1,2025-07-29 08:30:00+00:00,2025-07-29 11:30:00+00:00,1933.0,1952.33,311.88409535678744,-6028.719563246678,-0.006999999999999972,6,v3_short,sl,False,A,True,0.011583410900817092,0.005098489740127962,0.00014375840314406724,0.5089285714285734,0.4910714285714266
PLZL,-1,2025-07-31 19:00:00+00:00,2025-08-01 07:00:00+00:00,1963.0,1982.63,304.9678311922555,-5986.518526304009,-0.00700000000000004,24,v3_short,sl,False,A,True,0.017626082526744732,0.004218584351034677,-0.00021192052980132403,0.5086705202312126,0.49132947976878744
PLZL,1,2025-08-01 12:30:00+00:00,2025-08-04 06:30:00+00:00,1959.8,1966.6,303.3275281467419,2062.627191397831,0.002428819267272155,132,v3_long,timeout,False,A,True,0.017656664625433718,0.004010746815400829,0.00010920596040008212,0.27167630057803144,0.7283236994219685
PLZL,1,2025-08-06 15:30:00+00:00,2025-08-06 20:00:00+00:00,2043.0,2043.2,291.6814139480975,58.33628278963276,6.852667645620746e-05,9,v3_long,opposite_signal,False,A,True,0.011163337250293861,0.004128688029980642,0.00014590677634155984,0.21929824561403333,0.7807017543859667
PLZL,-1,2025-08-06 21:30:00+00:00,2025-08-06 22:00:00+00:00,2044.6,2065.046,291.4731312207356,-5959.459640939134,-0.0069999999999999715,1,v3_short,sl,False,A,True,0.015942879499217483,0.004324747282493777,-9.780907668233837e-06,0.674846625766873,0.32515337423312696
PLZL,-1,2025-08-07 10:00:00+00:00,2025-08-07 11:00:00+00:00,2053.6,2074.136,288.16436615955325,-5917.743423452603,-0.007000000000000021,2,v3_short,sl,False,A,True,0.008569480962118953,0.00503483325569215,-2.921413964356092e-06,0.5454545454545431,0.4545454545454569
PLZL,1,2025-08-13 23:30:00+00:00,2025-08-14 12:00:00+00:00,2091.4,2107.0,280.9753858414658,4383.216019126841,0.005221382805776004,25,v3_long,opposite_signal,False,A,True,0.015487571701720885,0.004206500956022967,0.00034894837476099423,0.11728395061728923,0.8827160493827108
PLZL,-1,2025-08-14 13:00:00+00:00,2025-08-15 13:00:00+00:00,2110.0,2119.6,279.9526887024789,-2687.545811543772,-0.0031848341232227186,48,v3_short,timeout,False,A,True,0.015829383886255967,0.004104009222492648,-3.317535545023697e-05,0.8982035928143688,0.10179640718563118
PLZL,1,2025-08-17 10:30:00+00:00,2025-08-18 10:30:00+00:00,2084.4,2094.8,282.4884336471645,2937.8797099305366,0.0034926117827672534,48,v3_long,timeout,False,A,True,0.009978890807906439,0.0036324259122186998,-0.0002820955670696612,0.3076923076923094,0.6923076923076906
PLZL,1,2025-08-18 19:30:00+00:00,2025-08-18 22:00:00+00:00,2090.4,2121.756,282.66140781242876,8863.13110336645,0.01049999999999992,5,v3_long,tp,False,A,True,0.011194029850746311,0.0037774092500460865,0.00012150784538844065,0.10256410256410606,0.8974358974358939
PLZL,-1,2025-08-20 07:30:00+00:00,2025-08-20 08:00:00+00:00,2134.0,2131.6,279.7936263652566,671.5047032766413,0.0007872539831303015,1,v3_short,opposite_signal,False,A,True,0.011806596701649302,0.004469893431662558,0.00032983508245876893,0.03174603174603862,0.9682539682539614
PLZL,1,2025-08-20 09:00:00+00:00,2025-08-20 09:30:00+00:00,2136.6,2146.4,279.6731498435605,2740.796868466944,0.0032107086024525545,1,v3_long,opposite_signal,False,A,True,0.015162860351928159,0.0043839234217369905,0.0001684762261325346,0.3271604938271568,0.6728395061728433
PLZL,-1,2025-08-20 10:30:00+00:00,2025-08-20 15:00:00+00:00,2143.0,2135.8,279.73318234422686,2014.0789128783824,0.002351843210452577,9,v3_short,opposite_signal,False,A,True,0.015113350125944626,0.004583929017178402,0.00013900550424479554,0.5246913580246899,0.47530864197531014
PLZL,1,2025-08-20 17:30:00+00:00,2025-08-21 07:00:00+00:00,2129.4,2146.0,282.18186578505356,4684.218972031864,0.005456936226166966,27,v3_long,opposite_signal,False,A,True,0.01765423983472622,0.005025214904076792,3.38059911728835e-05,0.09042553191489626,0.9095744680851038
PLZL,-1,2025-08-21 08:00:00+00:00,2025-08-21 10:00:00+00:00,2140.8,2141.6,282.2108642951772,-225.76869143606476,-0.0002615844544094773,4,v3_short,opposite_signal,False,A,True,0.005605381165919282,0.004565103219811761,4.017189835575656e-05,0.06666666666668182,0.9333333333333181
PLZL,1,2025-08-21 11:00:00+00:00,2025-08-21 12:00:00+00:00,2138.0,2150.0,282.5065389144575,3390.0784669734903,0.003928905519176801,2,v3_long,opposite_signal,False,A,True,0.007668568222201483,0.004006157096964184,1.4963059945762308e-05,0.14634146341463888,0.8536585365853612
PLZL,1,2025-08-21 19:30:00+00:00,2025-08-22 08:30:00+00:00,2143.2,2162.0,282.9283478564724,5319.052939701733,0.006140350877193043,26,v3_long,opposite_signal,False,A,True,0.021550517772180366,0.004167895855553279,0.00012221289299374857,0.16450216450216157,0.8354978354978384
PLZL,-1,2025-08-22 09:30:00+00:00,2025-08-22 14:00:00+00:00,2156.0,2177.56,282.9755900666896,-6100.953721837813,-0.006999999999999983,9,v3_short,sl,False,A,True,0.010206922149021063,0.003922266889697508,6.866474900250618e-05,0.6181818181818141,0.38181818181818594
PLZL,1,2025-08-26 08:30:00+00:00,2025-08-26 10:00:00+00:00,2208.8,2206.6,274.2777546987035,-603.4110603372226,-0.0006972111553785726,3,v3_long,opposite_signal,False,A,True,0.006064995021272785,0.0034545272166346106,-0.00016837150357563055,0.910447761194044,0.08955223880595596
PLZL,-1,2025-08-26 11:00:00+00:00,2025-08-26 11:00:00+00:00,2203.0,2198.2,274.8081329261281,1319.0790380454648,0.0015251929187472207,0,v3_short,opposite_signal,False,A,True,0.006899682251475385,0.003619143428494353,-0.00016432137993644945,0.31578947368421684,0.6842105263157832
PLZL,-1,2025-08-27 09:30:00+00:00,2025-08-27 12:30:00+00:00,2211.0,2177.835,274.2314211501095,9094.885082443372,0.01049999999999999,6,v3_short,tp,False,A,True,0.008139640047029032,0.0030896411469803968,6.421271592656154e-05,0.5333333333333283,0.4666666666666717
PLZL,1,2025-08-28 13:30:00+00:00,2025-08-28 14:00:00+00:00,2147.8,2158.4,285.26496495046206,3023.808628474872,0.0034546978303379907,1,v3_long,opposite_signal,False,A,True,0.010616502141925955,0.004726835235309828,-0.0005289625628608697,0.2456140350877333,0.7543859649122667
PLZL,-1,2025-08-28 15:00:00+00:00,2025-08-28 20:00:00+00:00,2156.6,2149.6,285.0824250025665,1995.5769750179654,0.002272094964295651,10,v3_short,opposite_signal,False,A,True,0.010575139146567802,0.004056561199418364,-0.00031447124304267245,0.63157894736842,0.36842105263158
PLZL,1,2025-08-29 12:30:00+00:00,2025-08-29 13:00:00+00:00,2148.6,2127.114,286.794034088731,-6162.056616430439,-0.00699999999999996,1,v3_long,sl,False,A,True,0.009496322502560326,0.0038196654899010233,1.2103156130711547e-05,0.11764705882353335,0.8823529411764667
PLZL,1,2025-08-30 10:30:00+00:00,2025-08-31 10:30:00+00:00,2128.2,2135.0,287.51631520136556,1955.1109433693382,0.0022366318954986034,48,v3_long,timeout,False,A,True,0.010440180586907577,0.004939440277676641,-0.00024548532731376885,0.22522522522522245,0.7747747747747775
PLZL,1,2025-09-02 10:30:00+00:00,2025-09-02 17:30:00+00:00,2179.6,2212.294,281.36391983478836,9198.911995078559,0.010499999999999987,14,v3_long,tp,False,A,True,0.014588494357280567,0.003236101501997461,0.0003055326176713435,0.4213836477987426,0.5786163522012574
PLZL,-1,2025-09-03 20:30:00+00:00,2025-09-04 07:00:00+00:00,2232.2,2226.0,277.6185100208134,1721.2347621289925,0.00194427022668214,21,v3_short,opposite_signal,False,A,True,0.0138913783832228,0.003778648697092879,0.0002634880803011301,0.9096774193548328,0.09032258064516716
PLZL,1,2025-09-04 08:30:00+00:00,2025-09-05 08:30:00+00:00,2222.0,2222.2,279.43514959583706,55.887029919116586,6.30063006300057e-05,48,v3_long,timeout,False,A,True,0.008280828082808321,0.0036757729827036905,6.930693069306767e-05,0.3260869565217375,0.6739130434782625
PLZL,-1,2025-09-10 07:30:00+00:00,2025-09-10 12:00:00+00:00,2334.6,2325.2,265.9744809915589,2500.1601213206777,0.0028184699734430155,9,v3_short,opposite_signal,False,A,True,0.007883461868037742,0.004039000440028746,0.0003924592973436138,0.7391304347826001,0.2608695652173999
PLZL,-1,2025-09-10 13:00:00+00:00,2025-09-10 14:00:00+00:00,2334.0,2335.4,266.79268869229554,-373.509764169238,-0.0004198800342759484,2,v3_short,opposite_signal,False,A,True,0.013796058269065903,0.003791194793765499,0.00021679520137103843,0.6894409937888181,0.3105590062111819
PLZL,-1,2025-09-10 17:30:00+00:00,2025-09-11 07:00:00+00:00,2338.8,2327.4,266.1333498259361,3033.9201880156957,0.003412006157003619,27,v3_short,opposite_signal,False,A,True,0.013767744142295115,0.003776480431175143,0.00021635026509321173,0.838509316770191,0.16149068322980892
PLZL,1,2025-09-11 08:00:00+00:00,2025-09-12 07:00:00+00:00,2331.4,2366.3709999999996,267.88900347624184,9368.346340567532,0.010499999999999864,46,v3_long,tp,False,A,True,0.008062441032678695,0.003250012170159686,6.861651942706765e-06,0.5744680851063871,0.4255319148936129
PLZL,-1,2025-09-15 17:00:00+00:00,2025-09-15 22:00:00+00:00,2312.2,2335.3219999999997,272.94968650761507,-6311.142651429033,-0.006999999999999953,10,v3_short,sl,False,A,True,0.022060731897222942,0.004905589039164612,-0.00018513712258845999,0.886274509803918,0.113725490196082
PLZL,1,2025-09-16 23:30:00+00:00,2025-09-17 12:00:00+00:00,2336.8,2313.4320000000002,268.1857520056946,-6266.9646528690555,-0.006999999999999981,25,v3_long,sl,False,A,True,0.010445205479452093,0.003357552758237693,0.0002662671232876744,0.4590163934426324,0.5409836065573675
PLZL,-1,2025-09-17 21:30:00+00:00,2025-09-18 08:00:00+00:00,2318.0,2311.0,268.46833047018936,1879.2783132913255,0.0021138912855910266,21,v3_short,opposite_signal,False,A,True,0.020276100086281276,0.004416668609938683,-0.00019240724762726254,0.472340425531911,0.527659574468089
PLZL,1,2025-09-19 07:30:00+00:00,2025-09-19 09:30:00+00:00,2298.4,2307.2,271.3300926075543,2387.704814946404,0.0026801253045596104,4,v3_long,opposite_signal,False,A,True,0.0053080403759137975,0.0034124796568235677,-0.00020797076226940559,0.4754098360655781,0.5245901639344219
PLZL,1,2025-09-19 11:00:00+00:00,2025-09-22 06:30:00+00:00,2298.2,2297.2,272.0809669391982,-272.0809669391982,-0.000304586197894004,135,v3_long,timeout,False,A,True,0.007397093377425812,0.0033727923380695354,-3.480985118788618e-05,0.3058823529411658,0.6941176470588343
PLZL,1,2025-09-23 22:30:00+00:00,2025-09-24 21:30:00+00:00,2325.2,2301.948,268.83967897075865,-6251.060215428068,-0.006999999999999987,46,v3_long,sl,False,A,True,0.021333333333333294,0.0036710258645742747,0.00027268817204300917,0.19758064516128518,0.8024193548387148
PLZL,1,2025-09-25 09:30:00+00:00,2025-09-25 12:30:00+00:00,2320.0,2320.0,267.55615491034837,0.0,0.0,6,v3_long,opposite_signal,False,A,True,0.007068965517241419,0.0034645852749301035,-0.00010862068965517162,1.0,0.0
PLZL,1,2025-09-25 16:00:00+00:00,2025-09-26 16:00:00+00:00,2315.8,2316.4,268.04140227653863,160.8248413658988,0.00018136281198719074,48,v3_long,timeout,False,A,True,0.014167242570836293,0.0030771960626832873,6.046993780233398e-06,0.3719512195122014,0.6280487804877987
PLZL,-1,2025-10-01 11:00:00+00:00,2025-10-01 17:00:00+00:00,2382.6,2356.2,260.5736828594663,6879.145227489935,0.007756232686980637,12,v3_short,opposite_signal,False,A,True,0.012254490515360003,0.0050678511313058975,-0.000358401880141009,0.7602739726027382,0.23972602739726176
PLZL,1,2025-10-01 18:00:00+00:00,2025-10-02 15:00:00+00:00,2365.8,2373.6,264.4594887311722,2062.784012103071,0.002307887395384144,42,v3_long,opposite_signal,False,A,True,0.02240446398376733,0.004464897768922125,-9.299966181941157e-05,0.2603773584905695,0.7396226415094306
PLZL,-1,2025-10-02 16:00:00+00:00,2025-10-02 17:30:00+00:00,2367.0,2331.495,264.93544877426257,9406.533108730222,0.010500000000000034,3,v3_short,tp,False,A,True,0.011998310097169451,0.004160814807202631,-0.00015293620616814072,0.584507042253516,0.4154929577464839
PLZL,-1,2025-10-03 23:30:00+00:00,2025-10-04 11:00:00+00:00,2318.6,2312.4,273.3057795328175,1694.4958331034188,0.0018718192012420743,23,v3_short,opposite_signal,False,A,True,0.012764122466580383,0.004193326573662928,-0.0001759379042690862,0.7162162162162122,0.2837837837837877
PLZL,-1,2025-10-19 10:30:00+00:00,2025-10-19 10:30:00+00:00,2205.0,2201.0,287.92423016234153,1151.6969206493661,0.00126984126984127,0,v3_short,opposite_signal,False,A,True,0.005351473922902577,0.003420796890184647,0.00017959183673469552,0.0,1.0
PLZL,1,2025-10-24 07:30:00+00:00,2025-10-24 10:00:00+00:00,2035.8,2048.0,312.2502777052842,3809.4533880044814,0.004194911091462831,5,v3_long,opposite_signal,False,A,True,0.004813359528487208,0.005670896830032388,-3.7328094302555815e-05,0.0,1.0
PLZL,1,2025-10-24 22:30:00+00:00,2025-10-27 06:30:00+00:00,2047.6,2041.6,311.75314159211797,-1870.5188495527077,-0.0020511818714592693,112,v3_long,timeout,False,A,True,0.028521195546005126,0.00495240307703681,0.0003633522172299304,0.2054794520547942,0.7945205479452058
PLZL,1,2025-10-28 18:00:00+00:00,2025-10-28 20:30:00+00:00,1969.8,1980.8,323.40154814160513,3557.4170295576564,0.0039090262970859985,5,v3_long,opposite_signal,False,A,True,0.024365482233502538,0.005773082727397444,-0.0001380710659898491,0.22916666666666666,0.7708333333333334
PLZL,1,2025-10-31 17:00:00+00:00,2025-10-31 19:30:00+00:00,2084.4,2063.556,306.81565987815395,-6395.265614500257,-0.007000000000000017,5,v3_long,sl,False,A,True,0.02369531849577901,0.00491070502582399,0.0003635840368380712,0.28340080971659865,0.7165991902834014
