symbol,entry_dt,exit_dt,direction,begin,v3_signal,v3_L,v3_U,v3_M,v3_segment_quality,v3_breakout,ma_close,std_close,band_lower,band_upper,dist_from_ma,band_pos,ret_1,ret_3,ret_6,ret_mean_20,ret_vol_20,atr_14,atr_14_pct,bar_range,bar_range_pct,bar_body,bar_body_pct,hour,day_of_week,z_ma,band_width_pct,edge_proximity,range_vs_atr,body_vs_range,pnl_rel,pnl_abs,bars_in_trade,max_adverse_excursion
SBER,2022-01-04 10:50:00,2022-01-04 19:00:00+00:00,1,2022-01-04 10:50:00+00:00,1.0,305.7305,309.65500000000003,307.69275000000005,ROLLING,False,307.35158653260504,1.7122487207660366,304.783213451456,309.9199596137541,-0.003942021403805326,0.26413346224937656,0.0004902120984344727,-0.0012397233459480184,-0.0074568797821295,-0.00033328881926802945,0.002037294561391828,1.0821428571428637,0.00353479733828596,0.5,0.0016332396942575294,0.14999999999997726,0.0004899719082771845,10,1,-0.0023022481231825477,0.016712931988568634,0.26413346224937656,0.46204620462045926,0.2999999999999545,-0.0033154765793427,-3315.476579342758,49,
SBER,2022-01-04 19:30:00,2022-01-05 06:50:00+00:00,1,2022-01-04 19:30:00+00:00,1.0,303.066,306.068,304.567,ROLLING,False,304.6350792537325,0.6310424397922885,303.6885155940441,305.5816429134209,-0.001428198140536961,0.27017961270786356,0.0004933399111988201,-0.0016081919327841643,-0.003276539973787629,0.00011541372983809861,0.0010849513232830093,,,0.7900000000000205,0.0025969756738988183,0.14999999999997726,0.0004930966469427261,19,1,-0.002263236274579347,0.006214410119853751,0.27017961270786356,,0.1898734177214853,-0.0011045364891517,-1100.874424290973,68,
SBER,2022-01-05 11:20:00,2022-01-05 19:20:00+00:00,1,2022-01-05 11:20:00+00:00,1.0,301.599,303.847,302.723,ROLLING,False,302.8392334519991,0.8003669535332872,301.6386830216992,304.03978388229905,-0.003431634138526609,0.06718459059671343,-0.0043547110055423,-0.005765112831493946,-0.003203752022987616,-0.00014203578766650016,0.0019894859970646214,0.9264285714285693,0.003069677175044961,1.660000000000025,0.005500331345261846,1.3199999999999932,0.004373757455268367,11,2,-0.004287575996706725,0.007928632077258363,0.06718459059671343,1.79182729375485,0.7951807228915502,-0.0118986083499005,-11846.059918972658,48,
GAZP,2022-01-03 17:50:00,2022-01-04 06:50:00+00:00,1,2022-01-03 17:50:00+00:00,1.0,349.711,351.823,350.767,ROLLING,False,350.92708763193997,0.6325759337976788,349.9782237312435,351.87595153263646,-0.001843937543569381,0.15901978594347693,-0.0005991611743559888,-0.0021934197407778022,-0.0015961691939345712,-0.00010198236075208423,0.001198300220689197,0.6271428571428633,0.0017904044111649634,0.9700000000000273,0.002769213200867955,0.12000000000000455,0.00034258307639603905,17,0,-0.002914966322697854,0.0054077552525194856,0.15901978594347693,1.5466970387244017,0.12371134020618679,0.0073940847322143,7394.08473221432,78,
GAZP,2022-01-04 11:50:00,2022-01-04 19:50:00+00:00,1,2022-01-04 11:50:00+00:00,1.0,350.802,357.579,354.19050000000004,ROLLING,False,352.5382835393774,2.7807496907294196,348.3671590032833,356.7094080754715,-0.004221622470148423,0.3215968467857067,0.0015977631316157481,0.005096343802788672,-0.0040287116634040165,-0.0009709326657528161,0.002601799958090296,1.7764285714285637,0.005060329216432314,1.7099999999999795,0.004871100982765929,0.6800000000000068,0.0019370460048426343,11,1,-0.001518159827266239,0.023663384834221618,0.3215968467857067,0.9626055488540336,0.39766081871345904,0.0029312063808573,2952.879969205035,48,
GAZP,2022-01-04 21:00:00,2022-01-05 06:50:00+00:00,1,2022-01-04 21:00:00+00:00,1.0,351.9,354.614,353.25699999999995,ROLLING,False,352.9294857901991,0.5239723618163438,352.1435272474746,353.71544433292365,0.0005114738696222104,0.6148369792986387,-0.0001698898547441985,-0.00039631988676569474,0.00036829282112305073,1.3498573225673161e-05,0.001086544329513027,,,1.160000000000025,0.0032850952960834442,0.08000000000004093,0.00022655829628172785,21,1,0.0009761466575244398,0.004453912605033781,0.3851630207013613,,0.0689655172414131,-0.0023986859618816,-2423.505080859018,59,
GAZP,2022-01-05 11:20:00,2022-01-05 19:20:00+00:00,1,2022-01-05 11:20:00+00:00,1.0,349.83,352.283,351.0565,ROLLING,False,351.3427765193739,0.8643565659113561,350.04624167050684,352.63931136824095,-0.002000258910503487,0.22897893180888382,-0.0019071475335175059,-0.005502297350955754,-0.0024466571834993456,8.181409705809716e-06,0.001487284911850292,0.9442857142857081,0.0026930347772236712,1.3000000000000114,0.0037075062742414197,0.660000000000025,0.001882272416153391,11,2,-0.0023141594445973386,0.007380455415713152,0.22897893180888382,1.3767019667171163,0.5076923076923224,-0.0150524754734199,-15171.743155023078,48,
GAZP,2022-01-06 11:20:00,2022-01-06 19:20:00+00:00,1,2022-01-06 11:20:00+00:00,1.0,335.995,342.738,339.3665,ROLLING,False,340.18942395960056,1.8920625317041648,337.3513301620443,343.02751775715683,-0.0064358966075928545,0.11427914019512733,-0.00050270573971678,-0.008594139559440328,-0.01290812452543666,-0.0005376926937883164,0.00326591172130032,2.0235714285714272,0.005986897717666945,1.990000000000009,0.005887573964497068,0.17000000000001592,0.0005029585798817039,11,3,-0.003401524262412245,0.016685373487056485,0.11427914019512733,0.9834098129191721,0.08542713567839957,0.0120532544378698,11965.889032191108,48,
GAZP,2022-01-10 10:10:00,2022-01-10 18:10:00+00:00,1,2022-01-10 10:10:00+00:00,1.0,348.204,350.353,349.2785,ROLLING,False,348.7538262718551,1.3589956919107669,346.71533273398893,350.7923198097212,0.0002184168958350894,0.5186838287024068,-8.599438170042717e-05,-0.00040118061724514487,0.00017203314505254141,3.9676672642174894e-05,0.0014220372412134408,1.0257142857142907,0.002940441721509878,1.0600000000000023,0.0030387294670756594,0.03000000000002956,8.60017773701504e-05,10,0,0.000160719343803064,0.011690157264552166,0.4813161712975932,1.0334261838440082,0.02830188679248066,-0.0149901097956023,-15060.82721998567,48,
GAZP,2022-01-11 10:10:00,2022-01-11 18:10:00+00:00,1,2022-01-11 10:10:00+00:00,1.0,343.03,344.7975,343.91375,ROLLING,False,343.56307161044936,0.8143645471462844,342.34152478972993,344.7846184311688,-0.0006783954089036703,0.40459980473277923,0.003771488714770177,0.00023306627822283765,-0.00145420702091148,-0.00019477735003733398,0.0017302487597134234,0.8335714285714378,0.0024279015191548594,2.0600000000000023,0.006000058252992754,1.2899999999999636,0.0037573180322137993,10,1,-0.0008330365206600897,0.007111048431331302,0.40459980473277923,2.4712939160239684,0.6262135922329913,-0.0004689365916173,-464.0862764765381,48,
GAZP,2022-01-11 18:20:00,2022-01-12 06:50:00+00:00,1,2022-01-11 18:20:00+00:00,1.0,342.151,345.4455,343.79825,ROLLING,False,343.81076011909227,1.1246716076759387,342.1237527075784,345.49776753060615,-0.0036088460950509118,0.13226002724586822,-0.0015447391431070434,0.0008472595535820027,-0.0032587506182897297,-0.0002903063443264409,0.0012256175534691215,0.8600000000000014,0.002510435823335381,0.8100000000000023,0.0023644802522112336,0.5300000000000296,0.0015471290539160742,18,1,-0.003208799858038881,0.009813581232475263,0.13226002724586822,0.9418604651162802,0.6543209876543556,0.0039028519718598,3860.672648526462,75,
GAZP,2022-01-12 11:00:00,2022-01-12 19:00:00+00:00,1,2022-01-12 11:00:00+00:00,1.0,341.12,343.02,342.07,ROLLING,False,342.15214464131026,0.8828830503225186,340.8278200658265,343.47646921679404,0.0004613601322161209,0.5595984404473044,0.004578136463682991,-0.00017524899962029217,0.0006431056154814208,2.234238290887425e-05,0.001993517720843849,0.9178571428571364,0.002681362340735405,1.9499999999999886,0.005696590809500127,1.5400000000000205,0.0044988460751950584,11,2,0.0005225608669773254,0.007741144378166154,0.44040155955269555,2.124513618677045,0.7897435897436049,0.0072390523209956,7188.765264240602,48,
GAZP,2022-01-12 22:40:00,2022-01-13 06:50:00+00:00,1,2022-01-12 22:40:00+00:00,1.0,346.47,348.09,347.28,ROLLING,False,347.182366257528,0.5366703240098675,346.37736077151317,347.9873717435428,-0.0017638172817617949,0.11965087930051849,-0.0020731953122751223,-0.0016707475154831286,-0.0009512827904294419,1.8643987311273146e-06,0.0009421803174249827,0.4492857142857239,0.0012963779735283606,0.7300000000000182,0.0021063565802003008,0.6299999999999955,0.00181781458291253,22,2,-0.0032865936550823044,0.00463736390008749,0.11965087930051849,1.624801271860101,0.8630136986301092,0.0008887093516461,888.9245347650422,49,
GAZP,2022-01-13 10:40:00,2022-01-13 18:40:00+00:00,1,2022-01-13 10:40:00+00:00,1.0,344.714,346.549,345.6315,ROLLING,False,345.6001647337721,0.7390414412088537,344.4916025719588,346.70872689558536,-0.002025938657498829,0.18420141066926837,0.0005511879550925691,0.00034804803062815637,-0.003323219187978732,-9.928790350466899e-05,0.0011567668174313507,0.8621428571428608,0.002499689350950597,0.8599999999999568,0.002493476369962183,0.2999999999999545,0.0008698173383588128,10,3,-0.0027413058923799875,0.006415287230359001,0.18420141066926837,0.997514498757195,0.3488372093022902,-0.0207219483908378,-20745.38604275311,48,
GAZP,2022-01-13 23:10:00,2022-01-14 07:10:00+00:00,1,2022-01-13 23:10:00+00:00,1.0,335.276,340.268,337.772,ROLLING,False,337.38775562932545,1.1361935643313945,335.68346528282837,339.09204597582254,-0.00467638674789037,0.03712240623544869,-0.0029394299287410774,-0.005419973936737321,-0.007712310147154455,-0.00032061163197121266,0.0017142013859661937,0.9207142857142928,0.0027417714949355076,1.7900000000000205,0.005330395163932047,0.9300000000000068,0.0027694231857300464,23,3,-0.004115836328154385,0.010102858316942156,0.03712240623544869,1.9441427463149803,0.5195530726256962,0.0077960751615497,7643.160358199673,48,
GAZP,2022-01-14 10:30:00,2022-01-14 18:30:00+00:00,1,2022-01-14 10:30:00+00:00,1.0,337.599,340.3125,338.95575,ROLLING,False,338.866806425913,0.8924426737547716,337.52814241528085,340.20547043654517,0.00036354571103124896,0.5460136274332278,-0.000854751237915452,-0.0010902876001885886,0.0027509909483522943,-8.072655968993092e-05,0.001946432248892352,1.3228571428571456,0.0039023485732828274,1.3799999999999955,0.004070916546210789,0.2899999999999636,0.0008554824626094092,10,4,0.0004073602952016,0.007900827022577274,0.4539863725667722,1.0431965442764521,0.21014492753620623,-0.0142482079117378,-14077.640175023822,48,
GAZP,2022-01-17 10:50:00,2022-01-17 19:00:00+00:00,1,2022-01-17 10:50:00+00:00,1.0,334.7075,338.344,336.52575,ROLLING,False,336.5630185189039,1.2732251566114274,334.6531807839868,338.472856253821,-0.004346937834531293,0.11697831911165729,-0.008051625125806594,-0.006551836589487325,-0.007405213270142208,-0.00015968961794963766,0.0029563913513677843,1.4764285714285765,0.004405934262693454,3.6399999999999864,0.010862429125634098,2.7199999999999704,0.008116980005968279,10,0,-0.003414115572535711,0.011349064691193027,0.11697831911165729,2.465408805031429,0.7472527472527419,-0.0146433900328261,-14261.94712744655,49,
GAZP,2022-01-17 22:00:00,2022-01-18 06:50:00+00:00,1,2022-01-17 22:00:00+00:00,1.0,325.028,328.9,326.964,ROLLING,False,327.6704559781535,1.6886217561087886,325.1375233439903,330.20338861231664,-0.004335013890444212,0.21960249574051943,-0.0047588542143315316,-0.00790634027672199,-0.006002071781122553,0.00032040607137562847,0.0038039984990952875,1.0092857142857221,0.0030935960591133246,2.5200000000000387,0.007724137931034601,1.6000000000000227,0.004904214559387043,22,0,-0.002567190594792343,0.015460244205428372,0.21960249574051943,2.4968152866242224,0.6349206349206343,0.0061363984674329,5889.035590517951,53,
GAZP,2022-01-18 14:00:00,2022-01-18 22:00:00+00:00,1,2022-01-18 14:00:00+00:00,1.0,319.533,324.631,322.082,ROLLING,False,321.27859168840996,1.2605563032265976,319.3877572335701,323.16942614324984,-0.0030459287164674525,0.24122756069282103,-0.004073256428593686,-0.004599415749891089,-0.003143381780834731,0.0002393990449814587,0.0025535886781795246,1.492857142857137,0.004660809062932055,1.8600000000000136,0.005807055885107754,1.3100000000000023,0.004089915704027481,14,1,-0.002416336905119514,0.011770684407591589,0.24122756069282103,1.2459330143540808,0.7043010752688132,-0.0397533562285357,-38384.97721419556,48,
GAZP,2022-01-20 21:30:00,2022-01-21 06:50:00+00:00,1,2022-01-20 21:30:00+00:00,1.0,312.34000000000003,318.26800000000003,315.30400000000003,ROLLING,False,315.5018882274319,1.6115734610069121,313.08452803592155,317.91924841894223,-0.006693741959190857,0.0631829640347432,-0.002863597314582189,-0.005047939551717673,-0.007631412286257189,-0.0009053617704381844,0.002680872021686817,1.28857142857143,0.004111718397432688,2.319999999999993,0.007402916493825564,0.9000000000000341,0.0028718210536393444,21,3,-0.004153544421740852,0.015323903163253137,0.0631829640347432,1.800443458980037,0.38793103448277444,-0.0087111905293722,-8076.957492447078,56,
GAZP,2022-01-26 21:00:00,2022-01-27 06:50:00+00:00,1,2022-01-26 21:00:00+00:00,1.0,300.778,306.688,303.733,ROLLING,False,303.0274990924157,1.4421001993693507,300.86434879336167,305.1906493914698,-0.00276377257814582,0.30641680497606544,-0.0016518550332023096,0.0031203319502075555,-0.0072275698938860655,-0.0008252799560082069,0.003974708820216247,,,1.579999999999984,0.005228498626691763,0.6899999999999977,0.002283331678745153,21,2,-0.0019164913640220382,0.014276924078064258,0.30641680497606544,,0.43670886075949666,-0.0121843873059995,-11198.869494413038,59,
LKOH,2022-01-03 16:50:00,2022-01-04 06:50:00+00:00,1,2022-01-03 16:50:00+00:00,1.0,6628.35,6690.125,6659.2375,ROLLING,False,6674.455604641548,14.274608538257588,6653.043691834162,6695.867517448934,-0.003813884779433682,-0.09442621662383927,-0.0030736936801859516,-0.003895131086142367,-0.004566210045662156,-0.0004038399183402819,0.0010403316785687847,13.607142857142858,0.0020464946393657477,39.5,0.005940742968867499,20.0,0.0030079711234772145,16,0,-0.00026717964063336893,0.00641607767755499,-0.09442621662383927,2.902887139107612,0.5063291139240506,0.0041058805835463,4105.880583546398,84,
LKOH,2022-01-04 10:30:00,2022-01-04 18:30:00+00:00,1,2022-01-04 10:30:00+00:00,1.0,6648.0,6686.95,6667.475,ROLLING,False,6655.558301541847,12.103949717728051,6637.402376965255,6673.714226118439,-0.0009853871372935976,0.31938949145276785,0.0010538994278832536,0.0006019563581640686,-0.000976635865074016,-0.0002615662072523228,0.0013810988718772664,12.428571428571429,0.0018692391981608406,17.5,0.002631974733042563,7.0,0.001052789893217025,10,1,-8.141037927895142e-05,0.0054558682394491185,0.31938949145276785,1.4080459770114944,0.39999999999999997,0.0073695292525191,7399.787659586972,48,
LKOH,2022-01-05 14:20:00,2022-01-05 22:20:00+00:00,1,2022-01-05 14:20:00+00:00,1.0,6685.95,6743.0,6714.475,ROLLING,False,6726.803222705912,15.543642318787755,6703.487759227731,6750.118686184093,-0.004727836039348114,-0.18201995503271093,-0.0029041626331074433,-0.005939123979213035,-0.006602863713925378,-0.00023014819977572044,0.0013032090281037464,15.107142857142858,0.002256481382694975,28.0,0.004182225541448843,18.0,0.0026885735623599703,14,2,-0.00030416526206560556,0.00693210807757283,-0.18201995503271093,1.8534278959810875,0.6428571428571429,-0.0135922330097087,-13748.620733401813,48,
LKOH,2022-01-06 11:20:00,2022-01-06 19:20:00+00:00,1,2022-01-06 11:20:00+00:00,1.0,6528.35,6632.4,6580.375,ROLLING,False,6589.909223082161,31.805875895642778,6542.200409238697,6637.618036925624,-0.006663099838820532,0.03982063747979383,-0.00395617772367618,-0.00795635371675385,-0.011028856322707337,-0.0004829968896449321,0.0026587797670560077,31.25,0.004773907729911396,48.0,0.007332722273143905,22.0,0.003360831041857623,11,3,-0.00020949273211914084,0.014479353881342211,0.03982063747979383,1.536,0.45833333333333337,0.0128857317445768,12856.829660471409,48,
LKOH,2022-01-10 10:10:00,2022-01-10 18:10:00+00:00,1,2022-01-10 10:10:00+00:00,1.0,6732.975,6780.45,6756.7125,ROLLING,False,6746.202062947105,29.092661231029936,6702.563071100561,6789.84105479365,-0.0014381518455240203,0.38883722404469884,-0.002443358507330129,-0.00140824192113842,-0.003402618536874069,4.9293073264083945e-05,0.0014685677199515231,15.678571428571429,0.0023274061350213654,21.5,0.0031915683218288428,19.0,0.0028204557262673496,10,0,-4.943349231970921e-05,0.012937350953724879,0.38883722404469884,1.3712984054669703,0.8837209302325582,-0.0087805240109849,-8873.719414327545,48,
LKOH,2022-01-10 20:30:00,2022-01-11 06:50:00+00:00,1,2022-01-10 20:30:00+00:00,1.0,6694.2,6828.2,6761.2,ROLLING,False,6721.558790568121,23.578213636507268,6686.19147011336,6756.926111022883,0.001553391074482608,0.6476109767098994,0.0013386880856760541,0.0006688963210701449,0.0017857142857142794,6.220261086178902e-05,0.0023469976227257186,,,16.0,0.0023767082590612004,14.0,0.0020796197266785502,20,0,6.588247517095268e-05,0.010523547158254331,0.3523890232901006,,0.875,0.0069667260843731,6978.849286801924,62,
LKOH,2022-01-11 10:10:00,2022-01-11 18:10:00+00:00,1,2022-01-11 10:10:00+00:00,1.0,6769.925,6814.575,6792.25,ROLLING,False,6781.354242723004,20.113895381793196,6751.183399650315,6811.5250857956935,0.0020122466381459203,0.7261414645278514,0.007039644312708315,0.0036927621861151394,-0.0005148194454659416,-2.636433377692371e-05,0.002540448867295087,16.642857142857142,0.0024492799327236413,54.0,0.007947019867549669,48.5,0.007137601177336277,10,1,0.00010004261233094493,0.008898176379759372,0.27385853547214856,3.244635193133047,0.8981481481481483,-0.0028329654157468,-2857.666061158431,48,
LKOH,2022-01-11 18:20:00,2022-01-12 07:00:00+00:00,1,2022-01-11 18:20:00+00:00,1.0,6753.925,6821.625,6787.775,ROLLING,False,6786.099948046524,20.10972734880403,6755.935357023318,6816.264539069731,-0.0024461691064987722,0.22484380720173602,0.0002955301071296823,-0.00022153300841820656,-0.005362915074933916,-0.0003447688391422177,0.0015336016938331473,22.0,0.003249870743777236,18.5,0.0027328458527217667,2.0,0.00029544279488883963,18,1,-0.0001216410876224163,0.008890111037014632,0.22484380720173602,0.8409090909090909,0.1081081081081081,0.0058940837580323,5928.63099271181,76,
LKOH,2022-01-12 10:40:00,2022-01-12 18:40:00+00:00,1,2022-01-12 10:40:00+00:00,1.0,6787.575,6817.7,6802.6375,ROLLING,False,6804.299515932222,10.334887232453651,6788.797185083541,6819.801846780902,-0.0008523310766438541,0.31294696943216993,-0.0013954171562867712,-0.0016153902636023565,-0.00022058823529413907,-9.860299736999534e-05,0.0011051818343309225,16.0,0.0023534603221298817,20.5,0.003015371037728911,9.5,0.0013973670662646171,10,2,-8.247125077159632e-05,0.004556628000393598,0.31294696943216993,1.28125,0.46341463414634143,0.0139516069721262,14116.096027323052,48,
LKOH,2022-01-13 10:50:00,2022-01-13 19:00:00+00:00,1,2022-01-13 10:50:00+00:00,1.0,6892.3,6937.375,6914.8375,ROLLING,False,6912.942902093004,21.760179840154425,6880.302632332772,6945.583171853235,-0.0022339114197411076,0.2634378911932403,-7.248477819654653e-05,0.0025436046511628785,-0.003107385460326628,-0.00023042590865250402,0.001435825135725162,18.5,0.002682131206959043,30.5,0.004421891989851395,1.0,0.00014498006524102936,10,3,-0.00010266052193276607,0.00944323429905641,0.2634378911932403,1.6486486486486485,0.03278688524590164,-0.0230373323667995,-23634.139065668263,49,
LKOH,2022-01-14 10:40:00,2022-01-14 18:40:00+00:00,1,2022-01-14 10:40:00+00:00,1.0,6698.3,6762.3,6730.3,ROLLING,False,6728.468994031231,28.315197320219948,6685.9961980509015,6770.94179001156,-0.00133299180529587,0.3944148386724433,-0.0037805782060785775,-0.007605966622360016,0.0011174016686532617,-6.0054873946280285e-05,0.002574266842999291,29.607142857142858,0.004406152668672202,44.5,0.006622516556291391,23.0,0.0034228737257236404,10,4,-4.707690326932589e-05,0.01262480246784424,0.3944148386724433,1.5030156815440288,0.5168539325842697,-0.0093236103876776,-9344.79296790434,48,
LKOH,2022-01-17 10:50:00,2022-01-17 19:00:00+00:00,1,2022-01-17 10:50:00+00:00,1.0,6638.625,6718.0,6678.3125,ROLLING,False,6679.5852352822685,28.536276685267048,6636.780820254368,6722.389650310169,-0.004728622237715,0.13105166532843557,-0.008057296329453845,-0.008205281217365412,-0.005609154139555761,-9.458205297574462e-05,0.0025478477773843195,27.464285714285715,0.004131210245831185,63.0,0.00947653429602888,54.0,0.008122743682310469,10,0,-0.00016570564863342292,0.01281648890467114,0.13105166532843557,2.2938881664499347,0.8571428571428571,-0.0133724428399518,-13277.86136996894,49,
GMKN,2022-01-03 19:10:00,2022-01-04 06:50:00+00:00,1,2022-01-03 19:10:00+00:00,1.0,232.792,233.972,233.382,ROLLING,False,233.13411062640316,0.5108257032952664,232.36787207146025,233.90034918134606,0.0008831370623700107,0.6343507007502311,0.0015451970126192371,0.0021473973544063885,0.0038719669592153227,-7.213986084713686e-05,0.0012553567025751237,,,0.47999999999998977,0.0020570840833118616,0.36000000000001364,0.0015428130624839875,19,0,0.0017288422580794484,0.006573371463181527,0.36564929924976886,,0.7500000000000444,0.0019799434301876,1979.9434301876984,70,
GMKN,2022-01-04 10:30:00,2022-01-04 18:30:00+00:00,1,2022-01-04 10:30:00+00:00,1.0,233.633,234.48,234.0565,ROLLING,False,234.00622050759156,0.3745245364276212,233.44443370295014,234.568007312233,-0.00036845391291117236,0.4232622527983648,0.0018845297241734116,0.0004276794115130045,-0.002303164718928663,-0.00010221535074368404,0.0007588267801021265,0.491428571428565,0.0021008403361344264,1.079999999999984,0.004616963064295418,0.4399999999999977,0.0018809849521203735,10,1,-0.0009837911193366579,0.004801468981660711,0.4232622527983648,2.1976744186046475,0.4074074074074113,-0.0034712722298221,-3478.145152467981,48,
GMKN,2022-01-05 19:20:00,2022-01-06 06:50:00+00:00,1,2022-01-05 19:20:00+00:00,1.0,233.884,235.616,234.75,ROLLING,False,234.9322805904324,0.45834985808174833,234.2447558033098,235.61980537755502,-0.002606200343748566,0.05472107922472162,-0.0016190881976991811,,-0.0039108995068866115,-5.0400930434618686e-05,0.0012845638347780894,,,0.7600000000000193,0.00324342779105505,0.4399999999999977,0.0018777739842949716,19,2,-0.0056860502906139025,0.00585296141845406,0.05472107922472162,,0.5789473684210349,-0.0146978490952543,-14675.828752425989,69,
GMKN,2022-01-06 11:30:00,2022-01-06 19:30:00+00:00,1,2022-01-06 11:30:00+00:00,1.0,231.174,233.698,232.436,ROLLING,False,232.56967948258256,1.001079307638608,231.06806052112464,234.07129844404048,-0.004169414881337462,0.17712199050779778,0.0010373443983402453,-0.006946231026498606,-0.006435006435006385,-0.0003202976825663506,0.0022660514869987255,0.9300000000000007,0.0040155440414507805,1.1999999999999886,0.005181347150259018,0.3400000000000034,0.0014680483592400839,11,3,-0.004164919651743147,0.012913282288548537,0.17712199050779778,1.290322580645148,0.2833333333333389,0.0020552677029361,2022.025740475149,48,
GMKN,2022-01-10 18:00:00,2022-01-11 06:50:00+00:00,1,2022-01-10 18:00:00+00:00,1.0,234.742,236.826,235.784,ROLLING,False,235.86170682670425,0.49443955485198665,235.12004749442627,236.60336615898223,-0.00433180460045992,-0.18879793069286674,-0.004324599338590751,-0.003310415075120976,-0.004915254237288114,-0.00034714558770739814,0.0012591143626378143,0.5342857142857197,0.002275105238825241,1.200000000000017,0.005109862033725162,0.9799999999999898,0.004173053994208779,18,0,-0.008761039763003329,0.006288933818518483,-0.18879793069286674,2.2459893048128436,0.8166666666666464,0.0007749957417816,764.027998374909,77,
GMKN,2022-01-11 10:10:00,2022-01-11 18:10:00+00:00,1,2022-01-11 10:10:00+00:00,1.0,234.66,235.583,235.1215,ROLLING,False,235.01424641734465,0.26746172605320157,234.61305382826484,235.41543900642446,0.0010456965328770912,0.806278816389664,0.0032409381663112136,0.0006805614632070522,0.0006805614632070522,3.4899082845285535e-05,0.0013630269933444614,0.42857142857142044,0.0018216927168724834,1.079999999999984,0.004590665646518678,0.6599999999999966,0.0028054067839836635,10,1,0.003909705318618518,0.0034141980343384277,0.19372118361033597,2.5200000000000107,0.611111111111117,0.0054747938451075,5401.497432475642,48,
GMKN,2022-01-11 21:00:00,2022-01-12 06:50:00+00:00,1,2022-01-11 21:00:00+00:00,1.0,236.88,237.8,237.34000000000003,ROLLING,False,237.19258625637576,0.26991928118899655,236.78770733459226,237.59746517815927,-0.0011492191247543565,0.16337312007374707,0.00016886187098941186,-0.0012646488491695473,-0.0020219039595620325,-0.00015547411887288366,0.0010569297073173942,,,0.18000000000000682,0.00075975012662505,0.01999999999998181,8.441668073603669e-05,21,1,-0.004257639986636142,0.0034139256051273254,0.16337312007374707,,0.11111111111100584,0.0002954583825764,293.09871031900707,59,
GMKN,2022-01-12 10:10:00,2022-01-12 18:10:00+00:00,1,2022-01-12 10:10:00+00:00,1.0,236.588,237.358,236.973,ROLLING,False,237.03925383665108,0.16921799926888134,236.78542683774776,237.2930808355544,-0.00016560057465475956,0.42267600211820644,-0.00025310048089088877,-0.0007589172780166908,0.0,-3.623002197755687e-06,0.0011201282003458638,0.36428571428571593,0.0015370705244123035,0.3800000000000239,0.001603375527426261,0.09999999999999432,0.0004219409282700182,10,2,-0.000978622695991259,0.0021416452743159473,0.42267600211820644,1.0431372549020217,0.2631578947368106,0.0085654008438818,8499.503955257758,48,
GMKN,2022-01-13 14:50:00,2022-01-13 22:50:00+00:00,1,2022-01-13 14:50:00+00:00,1.0,227.76,232.313,230.0365,ROLLING,False,230.5365947140952,1.777757871652862,227.86995790661592,233.20323152157448,-0.009094411742722842,0.10688408931153333,-0.0036636427076064404,-0.005225570458108342,-0.013814539803142734,-0.0005541519722318588,0.00247016630465863,0.8814285714285676,0.0038584686194561703,1.3400000000000034,0.005865872876904235,0.8600000000000136,0.0037646646821923205,14,3,-0.005115663886369045,0.023134173650707076,0.10688408931153333,1.5202593192868827,0.6417910447761279,0.0001225704780248,122.66928495069128,48,
GMKN,2022-01-13 23:10:00,2022-01-14 07:10:00+00:00,1,2022-01-13 23:10:00+00:00,1.0,226.616,230.5,228.558,ROLLING,False,227.99138292030085,0.8924980668442001,226.65263582003456,229.33013002056714,-0.0014534887944282334,0.37623393535831423,8.785802143740362e-05,-0.0020164825530423203,-0.0007023088403125266,-3.790160340089721e-05,0.0018431754295897048,0.6171428571428562,0.0027108093522922616,0.4200000000000159,0.0018448563647545284,0.020000000000010232,8.785030308359058e-05,23,3,-0.0016285624007765648,0.011743839465496607,0.37623393535831423,0.6805555555555823,0.047619047619070175,0.0038741983659843,3877.7966929402496,48,
GMKN,2022-01-14 10:10:00,2022-01-14 18:10:00+00:00,1,2022-01-14 10:10:00+00:00,1.0,227.385,229.595,228.49,ROLLING,False,228.15098203529007,0.6831562455779419,227.12624766692315,229.175716403657,-0.0011000699319858424,0.37753800251179004,-0.0007015697623432571,0.0013181019332162425,-0.0013146362839613346,-1.9167820608095854e-05,0.0024156186175648656,0.7685714285714299,0.0033724064439290473,0.8400000000000034,0.0036858271171566624,0.13999999999998636,0.000614304519526048,10,4,-0.0016102757445409822,0.00898294944186054,0.37753800251179004,1.0929368029739803,0.16666666666664975,-0.0028258007898201,-2839.383253773705,48,
GMKN,2022-01-14 19:10:00,2022-01-17 06:50:00+00:00,1,2022-01-14 19:10:00+00:00,1.0,224.604,228.684,226.644,ROLLING,False,225.9167627465698,1.3691965706604008,223.8629678905792,227.97055760256038,-0.002907100555909363,0.3401099446095783,0.0004441286196481542,-0.003627034677990193,-0.007577760155079716,-0.00021957257741061497,0.004517918264604349,,,0.960000000000008,0.004261741987037237,0.07999999999998408,0.00035514516558636283,19,4,-0.0021232163578288757,0.018181872217198036,0.3401099446095783,,0.08333333333331606,0.0054070851460534,5417.721996862009,358,
GMKN,2022-01-17 10:50:00,2022-01-17 19:00:00+00:00,1,2022-01-17 10:50:00+00:00,1.0,224.772,227.46,226.116,ROLLING,False,226.21298219959823,0.7905312817471511,225.0271852769775,227.39877912221897,-0.004920063334898257,0.030702863885653787,-0.007495590828924259,-0.00985308348728775,-0.005038896746817567,2.0896876348702743e-05,0.002562222435784906,0.9242857142857162,0.0041061115694612,2.0999999999999943,0.009329187027987537,1.5999999999999943,0.007107952021323831,10,0,-0.006223742751867375,0.010483898060054352,0.030702863885653787,2.272024729520855,0.7619047619047612,-0.0230741892492225,-23244.590477405614,49,
GMKN,2022-01-20 10:10:00,2022-01-20 18:10:00+00:00,1,2022-01-20 10:10:00+00:00,1.0,221.936,226.249,224.0925,ROLLING,False,224.09396634998794,1.7949718763954352,221.40150853539478,226.7864241645811,-0.0038107511946761266,0.3414150919358105,-0.0022347367480111124,-0.006232193732193636,-0.013434682694007383,0.0004084710128044344,0.004134168913479754,1.4700000000000029,0.006584841426267706,2.0200000000000102,0.009048557606163816,0.39999999999997726,0.0017917935853788624,10,3,-0.002123014429801914,0.02402972162479465,0.3414150919358105,1.37414965986395,0.19801980198018576,0.0077136713850563,7591.33516106935,48,
GMKN,2022-01-20 22:40:00,2022-01-21 06:50:00+00:00,1,2022-01-20 22:40:00+00:00,1.0,222.608,225.1,223.854,ROLLING,False,223.61681135901208,0.5618259066284914,222.77407249906935,224.4595502189548,-0.0018639535931084578,0.25270431991209397,-8.959770629879404e-05,-0.0008952551477171555,-0.002591831262847455,-0.00012013726747982512,0.0011940770971207396,0.39285714285714896,0.0017601126472094489,0.2600000000000193,0.0011648745519714128,0.0,0.0,22,3,-0.0033176711346296125,0.007537347973267788,0.25270431991209397,0.6618181818182207,0.0,-0.0100358422939067,-9952.86266576036,49,
GMKN,2022-01-21 12:10:00,2022-01-21 20:10:00+00:00,1,2022-01-21 12:10:00+00:00,1.0,219.472,221.705,220.5885,ROLLING,False,220.46316389154617,0.8128666952269661,219.24386384870573,221.68246393438662,-0.0030080485095115325,0.2280554956755043,0.0015492572678392769,-0.0027223230490017736,-0.0019978205593897957,-0.00026924476845361923,0.0024919405033936924,0.6814285714285729,0.0031002209801117967,0.46000000000000796,0.0020928116469518102,0.4000000000000057,0.0018198362147406992,12,4,-0.003700543431259211,0.011061258682110381,0.2280554956755043,0.6750524109014776,0.8695652173913018,0.0061146496815286,6003.233488516112,48,
GMKN,2022-01-21 21:00:00,2022-01-24 06:50:00+00:00,1,2022-01-21 21:00:00+00:00,1.0,220.28,223.34,221.81,ROLLING,False,221.80609259789622,0.5726436103413435,220.9471271823842,222.66505801340824,-0.004806417106985848,-0.12056782417760827,-0.0029810298102981303,-0.00433017591339635,-0.004868812550716695,-0.00048572334052957575,0.0015882134723258356,,,1.3400000000000034,0.006070490169430114,0.6599999999999966,0.0029899429192715254,21,4,-0.008393382935192137,0.007745192257357896,-0.12056782417760827,,0.492537313432832,0.0039322279604964,3884.184170679328,347,
GMKN,2022-01-24 10:40:00,2022-01-24 18:40:00+00:00,1,2022-01-24 10:40:00+00:00,1.0,219.732,222.0,220.866,ROLLING,False,220.59170168499494,0.7643431323169416,219.44518698651953,221.73821638347036,-0.001957016885482929,0.31173303509802075,0.0005453553899290586,0.002184996358339353,-0.003259688518652659,-0.00031989253107779226,0.001783291839686611,0.9100000000000007,0.004133357558139538,1.039999999999992,0.00472383720930229,0.0,0.0,10,0,-0.0025603904879090804,0.010394903250827066,0.31173303509802075,1.1428571428571332,0.0,-0.0300145348837209,-29764.40058611869,48,
GMKN,2022-01-24 20:20:00,2022-01-25 06:50:00+00:00,1,2022-01-24 20:20:00+00:00,1.0,208.288,212.408,210.348,ROLLING,False,209.97052035800462,1.4665143378749137,207.77074885119225,212.170291864817,-0.007670221301821951,0.13393462616070298,0.0018270987594961596,-0.00818735719725816,-0.014939485627836646,-0.0005122423310688351,0.004084950756665897,,,0.6599999999999966,0.0031675945478978527,0.3800000000000239,0.0018237665578807057,20,0,-0.0052302395576552365,0.02095314621368473,0.13393462616070298,,0.5757575757576149,0.0147149164906891,14154.30505910903,63,
GMKN,2022-01-25 10:10:00,2022-01-25 18:10:00+00:00,1,2022-01-25 10:10:00+00:00,1.0,210.254,214.242,212.248,ROLLING,False,212.43165907493716,1.1682301436071596,210.67931385952642,214.1840042903479,-0.00024317973677802818,0.485260017694329,0.0035913429732539193,-0.007013278473910645,-0.006641721234799003,-7.25108304233002e-05,0.005054607569035435,1.4885714285714349,0.007009000040358955,2.3400000000000034,0.011017986627742742,0.8400000000000034,0.00395517468688202,10,1,-0.0002081608132684874,0.01649796666882488,0.485260017694329,1.5719769673704371,0.35897435897435986,-0.0076466710613051,-7463.580180557571,48,
GMKN,2022-01-25 18:20:00,2022-01-26 06:50:00+00:00,1,2022-01-25 18:20:00+00:00,1.0,209.77,212.366,211.068,ROLLING,False,210.55402386733033,0.5095288850867641,209.78973053970017,211.31831719496049,-0.00168139207614199,0.26839790788959117,0.0006664762448822525,-0.002467729688686471,-0.0014251781472685021,-0.00022542478634345886,0.002241142546229632,0.8671428571428562,0.004125322821802361,1.299999999999983,0.006184586108468045,0.13999999999998636,0.0006660323501426564,18,1,-0.0032998955022062733,0.007259831121648247,0.26839790788959117,1.4991762767709869,0.10769230769229861,0.0126546146527117,12257.165501713647,75,
GMKN,2022-01-26 10:20:00,2022-01-26 18:20:00+00:00,1,2022-01-26 10:20:00+00:00,1.0,211.4,212.8,212.1,ROLLING,False,212.24757051393905,0.7971373316305514,211.05186451649323,213.44327651138488,-0.0026740966342499147,0.2626630145071426,0.0029375533023785483,-0.004046297167591861,-0.0026385224274406704,-0.00021426434843712093,0.0023153141198484065,0.730000000000006,0.0034486016628874055,0.9199999999999875,0.00434618291761143,0.6599999999999966,0.00311791383219953,10,2,-0.0033546247655721084,0.011267087717899709,0.2626630145071426,1.2602739726027123,0.717391304347832,0.0316137566137566,31008.344245437376,48,
GMKN,2022-01-26 22:40:00,2022-01-27 06:50:00+00:00,1,2022-01-26 22:40:00+00:00,1.0,218.68,222.196,220.438,ROLLING,False,220.43124102369694,0.9006025204305417,219.08033724305113,221.78214480434275,-0.00377097647246647,0.19233892316906284,-0.005795001810938061,9.108297659166098e-05,-0.005885015844273478,-0.00013487648064355873,0.00472667270229266,1.2257142857142895,0.00558157689305232,2.1200000000000045,0.009653916211293282,1.1200000000000045,0.005100182149362498,22,2,-0.004187170685091708,0.01225691761632447,0.19233892316906284,1.729603729603728,0.5283018867924538,-0.008287795992714,-8386.073189780225,49,
GMKN,2022-01-27 19:10:00,2022-01-28 06:50:00+00:00,1,2022-01-27 19:10:00+00:00,1.0,220.464,223.776,222.12,ROLLING,False,221.81731473735942,1.2027467001087404,220.01319468719632,223.62143478752253,-0.0022420014323420697,0.3621724930903378,0.0002711741842176263,0.004356507533127552,-0.0009930486593843213,-0.00027021671658511437,0.003487717132737388,,,0.6599999999999966,0.002982107355864796,0.060000000000002274,0.00027110066871499313,19,3,-0.0018640678308569627,0.0162667197761298,0.3621724930903378,,0.09090909090909483,-0.0010121091632025,-1015.6231946893756,70,
GMKN,2022-01-28 10:10:00,2022-01-28 18:10:00+00:00,1,2022-01-28 10:10:00+00:00,1.0,220.925,223.386,222.1555,ROLLING,False,222.02489914687575,0.7919111688957566,220.83703239353213,223.21276590021938,-0.0020038254654556917,0.31273188022838766,9.026900162489859e-05,-0.002880028800287926,-0.006367713004484243,0.0001348573167561984,0.0028289477919669613,0.9871428571428486,0.004455017858754619,1.0,0.004513042693383879,0.0800000000000125,0.00036104341547076675,10,4,-0.002530366465534047,0.010700302154469798,0.31273188022838766,1.013024602026058,0.0800000000000125,-0.0023377561151728,-2343.498498443801,48,
YNDX,2022-01-03 15:00:00,2022-01-03 23:00:00+00:00,1,2022-01-03 15:00:00+00:00,1.0,4583.24,4624.92,4604.08,ROLLING,False,4606.709463981551,11.09801216620129,4590.062445732249,4623.3564822308535,-0.004973064648568197,-0.18809511825072797,-0.004257722552895582,-0.0047333680736495465,-0.005769564462953181,-0.00043537526852351907,0.0015333537990306694,9.300000000000052,0.0020288843317771395,22.400000000000546,0.004886775164710621,19.599999999999454,0.0042759282691215705,15,0,-0.00044810409054276735,0.007227292443537017,-0.18809511825072797,2.40860215053768,0.8749999999999544,-0.0112701252236136,-11270.125223613624,48,
YNDX,2022-01-03 23:30:00,2022-01-04 07:30:00+00:00,1,2022-01-03 23:30:00+00:00,1.0,4507.52,4595.64,4551.58,ROLLING,False,4517.421562384684,16.241616098890468,4493.059138236348,4541.78398653302,-0.0007131418531998883,0.43388255690260985,0.0018197958277852422,0.0009312638580931676,0.00026589851539982057,-4.820468781750464e-05,0.0010313563557217847,9.485714285714364,0.00210130572099472,14.0,0.0031013247086970007,6.800000000000182,0.0015063577156528693,23,0,-4.3908306221362165e-05,0.01078598656861911,0.43388255690260985,1.475903614457819,0.4857142857142987,0.0021709272960879,2146.4606736096293,48,
YNDX,2022-01-04 10:10:00,2022-01-04 18:10:00+00:00,1,2022-01-04 10:10:00+00:00,1.0,4515.02,4541.759999999999,4528.389999999999,ROLLING,False,4527.685631892386,9.66911030678216,4513.181966432212,4542.189297352559,-0.0012115752590563553,0.31088808524131173,0.0009739253619016619,-0.0018540590650246713,-0.002338510412989825,-3.910695148922616e-05,0.0011964338371247625,10.314285714285754,0.002280811488719153,12.600000000000364,0.0027862544779090627,6.199999999999818,0.0013710141081773957,10,1,-0.00012530369606048714,0.006406657457846359,0.31088808524131173,1.2216066481994765,0.4920634920634635,-0.0059130511697845,-5859.102474444468,48,
YNDX,2022-01-05 10:20:00,2022-01-05 18:20:00+00:00,1,2022-01-05 10:20:00+00:00,1.0,4442.2,4465.2,4453.7,ROLLING,False,4454.083785679888,10.351350358479154,4438.556760142169,4469.610811217607,-0.002398649462822706,0.15596161177378173,-4.500855162492545e-05,-0.0037219730941704388,-0.002424677832158495,-0.00015142877378553353,0.0016930778150192436,12.214285714285845,0.0027488602678772665,9.0,0.0020254759868569114,0.2000000000007276,4.5010577485872894e-05,10,2,-0.00023172333847804583,0.006972040170254207,0.15596161177378173,0.73684210526315,0.022222222222303068,-0.0069316289327992,-6827.773951399153,48,
YNDX,2022-01-05 20:00:00,2022-01-06 06:50:00+00:00,1,2022-01-05 20:00:00+00:00,1.0,4388.4,4468.32,4428.36,ROLLING,False,4401.135100644923,22.8491567005492,4366.861365594099,4435.408835695747,-0.0028481517513711204,0.317132556076328,-0.00031890660592248654,0.0009579417936320667,0.004072481010341411,-0.00024845565748338736,0.001721883878028733,,,9.199999999999818,0.0020963405186163737,1.3999999999996362,0.00031900833978937157,20,2,-0.00012465019119513773,0.015574952491597824,0.317132556076328,,0.15217391304344172,-0.0189809962174725,-18567.010421708947,65,
ROSN,2022-01-03 19:10:00,2022-01-04 06:50:00+00:00,1,2022-01-03 19:10:00+00:00,1.0,606.56,609.73,608.145,ROLLING,False,607.9748100025669,0.9291162607509262,606.5811356114405,609.3684843936933,-0.0009454503593075921,0.2937789464215121,0.0009887936717205559,0.0002470152326059516,-0.0027091371808554143,8.791389869294842e-06,0.0010541428618190435,,,0.75,0.0012347711557458018,0.39999999999997726,0.0006585446163977235,19,0,-0.0010175802525977367,0.004584645180021607,0.2937789464215121,,0.533333333333303,0.0040335857754362,4033.585775436286,70,
ROSN,2022-01-04 10:50:00,2022-01-04 19:00:00+00:00,1,2022-01-04 10:50:00+00:00,1.0,607.135,611.255,609.1949999999999,ROLLING,False,608.5668897707917,1.2344648511234546,606.7151924941065,610.4185870474769,-0.0006850352488758343,0.38743036563243627,0.0013171976619741343,0.0013171976619741343,-0.0009856262833676244,-0.00017173560590487137,0.0011299884149320212,1.2392857142857565,0.0020377961264256457,1.3500000000000227,0.002219847077201386,1.0,0.0016443311682972951,10,1,-0.0005549248714958562,0.0060854354970990565,0.38743036563243627,1.0893371757924886,0.7407407407407282,0.0062731234070542,6298.426588396484,49,
ROSN,2022-01-04 20:40:00,2022-01-05 06:50:00+00:00,1,2022-01-04 20:40:00+00:00,1.0,612.01,616.24,614.125,ROLLING,False,614.1195730084916,1.1104077269420147,612.4539614180785,615.7851845989046,0.0004566325579473804,0.584181388122689,0.001956947162426559,0.0004070666775217724,0.0026109660574413773,8.185912809039464e-05,0.0009694920218967602,,,1.75,0.002848307291666667,1.1999999999999318,0.001953124999999889,20,1,0.00041122962932265843,0.005424388551087654,0.41581861187731095,,0.6857142857142466,-0.0025065104166665,-2532.407713281664,61,
ROSN,2022-01-05 11:20:00,2022-01-05 19:20:00+00:00,1,2022-01-05 11:20:00+00:00,1.0,610.19,614.715,612.4525000000001,ROLLING,False,612.8511554536083,1.4993851438685968,610.6020777378054,615.1002331694111,-0.0026942193694423334,0.13292610077308697,-0.0026923390715508644,-0.006421198081768553,-0.005289283098706132,-0.00012116260672835333,0.0017102954141942199,1.7357142857142744,0.0028398466716529356,2.25,0.0036812827225130886,1.6499999999999773,0.0026996073298428945,11,2,-0.0017968827958978694,0.007339719263931799,0.13292610077308697,1.2962962962963047,0.7333333333333233,-0.0104221204188481,-10503.408837735644,48,
ROSN,2022-01-06 11:10:00,2022-01-06 19:10:00+00:00,1,2022-01-06 11:10:00+00:00,1.0,588.8625,599.1125,593.9875,ROLLING,False,594.9551306624171,3.5428760307640865,589.640816616271,600.2694447085632,-0.010345537579555098,-0.0791086684913513,-0.012825886495096084,-0.017766285761948608,-0.017848206839032654,-0.00034691664723492945,0.004200491426080367,3.428571428571445,0.005822981366459656,8.0,0.013586956521739132,7.300000000000068,0.012398097826087074,11,3,-0.0029200958457820756,0.017864587671440814,-0.0791086684913513,2.3333333333333224,0.9125000000000085,0.0111752717391305,11145.055992609356,48,
ROSN,2022-01-10 10:10:00,2022-01-10 18:10:00+00:00,1,2022-01-10 10:10:00+00:00,1.0,604.8575,607.8075,606.3325,ROLLING,False,605.4120860231827,2.0657274200931415,602.313494893043,608.5106771533225,0.0008059204434160737,0.5787315841821385,0.0014048425749937365,-0.0002475043313258096,-0.0021409749670620037,0.0001582507676684497,0.0015904754007130676,1.3749999999999918,0.002269351378115187,1.6000000000000227,0.00264069978544318,0.6000000000000227,0.000990262419541216,10,0,0.00039013881288351955,0.010236304169260056,0.42126841581786145,1.1636363636363871,0.3750000000000089,-0.0117841227925399,-11883.595540337818,48,
ROSN,2022-01-10 18:20:00,2022-01-11 06:50:00+00:00,1,2022-01-10 18:20:00+00:00,1.0,600.2375,607.8325,604.035,ROLLING,False,601.8779952742743,2.7762823287439655,597.7135717811584,606.0424187673902,-0.0022894926963501583,0.3345514959570937,0.008057747188181974,-0.00016650016650021637,-0.0043936002652739115,-0.0002938644782225053,0.003228838264815712,2.657142857142852,0.004424884025217073,5.100000000000023,0.008492922564529597,5.100000000000023,0.008492922564529597,18,0,-0.0008246613367257794,0.013838098504392743,0.3345514959570937,1.9193548387096895,1.0,0.0018068276436302,1800.6079218111363,75,
ROSN,2022-01-11 10:10:00,2022-01-11 18:10:00+00:00,1,2022-01-11 10:10:00+00:00,1.0,601.355,604.0175,602.68625,ROLLING,False,601.987498434106,1.3069333268778995,600.0270984437891,603.9478984244229,0.0014327566073009499,0.7199810166685977,0.006847599164927054,0.0009131661962478166,0.0,6.887081906041259e-05,0.002283585408733883,1.4857142857142744,0.0024644841763527816,5.649999999999977,0.009372148959110852,4.100000000000023,0.0068010284482044004,10,1,0.0010962736796402816,0.0065130920340249355,0.2800189833314023,3.8028846153846287,0.7256637168141663,0.0084183461889358,8404.525488510422,48,
ROSN,2022-01-12 10:20:00,2022-01-12 18:20:00+00:00,1,2022-01-12 10:20:00+00:00,1.0,611.15,613.85,612.5,ROLLING,False,612.1583949164008,0.915912126815322,610.7845267261778,613.5322631066238,-0.001238886736992897,0.2239928394158053,0.0003272251308898966,-0.0007354743809757647,-0.0009803921568627416,-0.000175089247463045,0.0009322964646319129,1.1535714285714107,0.001886770409832206,1.2999999999999545,0.0021262675825972433,0.4499999999999318,0.0007360157016681907,10,2,-0.0013526261971228354,0.004488603608582758,0.2239928394158053,1.1269349845201018,0.3461538461538058,0.015399084069349,15503.224836104026,48,
ROSN,2022-01-13 10:40:00,2022-01-13 18:40:00+00:00,1,2022-01-13 10:40:00+00:00,1.0,622.2149999999999,626.1700000000001,624.1925,ROLLING,False,624.3048165231942,1.6033650868824618,621.8997688928705,626.7098641535179,-0.000648427679044119,0.41584022742624066,0.002732240437158362,0.003135300265294516,-0.0001602564102564097,-7.097257043377492e-05,0.0015212997435924292,1.6464285714285924,0.002638930231493176,2.3999999999999773,0.003846770315755694,2.0499999999999545,0.00328578297804128,10,3,-0.0004044167384889886,0.007704722330087379,0.41584022742624066,1.4577006507591868,0.8541666666666557,-0.028329860554576,-28960.653640793367,48,
ROSN,2022-01-14 10:50:00,2022-01-14 19:00:00+00:00,1,2022-01-14 10:50:00+00:00,1.0,602.2125,609.0,605.60625,ROLLING,False,605.396663941243,2.5260128236027644,601.6076447058389,609.1856831766471,-0.002389613335205548,0.3090978362255986,0.005661476979435642,-0.008617859487852875,-0.0024774960772978583,-0.0001595736900272482,0.003465617375623337,3.0321428571428686,0.005020519674050614,3.8999999999999773,0.006457488202665745,3.0,0.004967298617435218,10,4,-0.0009460020601943442,0.012517476428551501,0.3090978362255986,1.2862190812720724,0.7692307692307737,-0.0038248199354251,-3799.2141462230447,49,
ROSN,2022-01-17 10:50:00,2022-01-17 19:00:00+00:00,1,2022-01-17 10:50:00+00:00,1.0,603.0375,609.415,606.2262499999999,ROLLING,False,606.4966214387487,2.7274347250108057,602.4054693512325,610.5877735262649,-0.0035393790548352306,0.23765074081468804,-0.008612204724409489,-0.006248458439529592,-0.004037574159525215,-3.6504851429697283e-06,0.003115986413652125,3.1785714285714284,0.005259487761349265,7.100000000000023,0.011748159179283565,5.449999999999932,0.0090179531728302,10,0,-0.00129769523808538,0.01349109605198149,0.23765074081468804,2.2337078651685465,0.7676056338028049,-0.0145941921072226,-14441.042796574946,49,
NVTK,2022-01-04 11:00:00,2022-01-04 19:00:00+00:00,1,2022-01-04 11:00:00+00:00,1.0,1760.36,1775.8,1768.08,ROLLING,False,1766.888160019483,4.919489082623805,1759.5089263955472,1774.2673936434187,-0.001295022555053965,0.3449595082569953,0.0019305019305018156,0.0007940108892920961,-0.0005663797009515248,-0.00030341788876653286,0.0018474787208632834,4.98571428571425,0.002825407619695257,8.0,0.004533605349654313,2.0,0.0011334013374135782,11,1,-0.0002632433029739068,0.008352802164744136,0.3449595082569953,1.6045845272206418,0.25,0.0088858664853224,8885.86648532249,48,
NVTK,2022-01-05 12:40:00,2022-01-05 20:40:00+00:00,1,2022-01-05 12:40:00+00:00,1.0,1777.62,1793.9,1785.76,ROLLING,False,1786.7685994355966,5.552072444812168,1778.4404907683784,1795.0967081028148,-0.003676245171127034,0.1056367839283609,-0.0014583800762844046,-0.0041396285522486975,-0.003916741271262292,-1.543444956192408e-05,0.0017263321686073574,5.0428571428571365,0.002832747524355205,4.0,0.0022469385462307607,1.7999999999999545,0.0010111223458038167,12,2,-0.000662139265592995,0.0093219778653474,0.1056367839283609,0.793201133144477,0.44999999999998863,-0.0142343556903718,-14360.840274541122,48,
NVTK,2022-01-06 13:40:00,2022-01-06 21:40:00+00:00,1,2022-01-06 13:40:00+00:00,1.0,1718.6,1752.0,1735.3,ROLLING,False,1731.037331276258,8.073885062297194,1718.9265036828124,1743.1481588697038,-0.005220760472909653,0.12689043310512363,-0.00427894067306589,-0.00657667012807206,-0.003126085446335636,-0.0009437745573824153,0.003208499799302912,7.585714285714256,0.004405176704828256,8.0,0.004645760743321719,7.0,0.0040650406504065045,13,3,-0.0006466230857420993,0.013992566624217927,0.12689043310512363,1.0546139359698723,0.8750000000000001,0.0120325203252032,11966.642591804488,48,
NVTK,2022-01-10 10:10:00,2022-01-10 18:10:00+00:00,1,2022-01-10 10:10:00+00:00,1.0,1756.25,1771.6899999999998,1763.9699999999998,ROLLING,False,1759.5093357938113,6.525794844595343,1749.7206435269181,1769.2980280607044,0.001074540593634218,0.5965738913145401,0.006399268655010948,0.0,0.00022714366837028876,-0.00026909706630420804,0.002356529635705713,6.342857142857156,0.0036010316469042556,15.0,0.008515953219030316,10.800000000000182,0.006131486317701931,10,0,0.00016466049258722124,0.011126615889738267,0.4034261086854599,2.36486486486486,0.7200000000000122,-0.0047689338026569,-4799.892141445283,48,
NVTK,2022-01-10 18:20:00,2022-01-11 06:50:00+00:00,1,2022-01-10 18:20:00+00:00,1.0,1748.2,1781.93,1765.065,ROLLING,False,1758.6999263474936,7.247736939132883,1747.8283209387944,1769.5715317561928,-0.003240988563257254,0.23785259245462298,0.0020578484051674284,-0.0022766078542970636,-0.006461119927454129,-0.00016149680729612425,0.002770297514413331,6.999999999999984,0.003993154592127772,5.199999999999818,0.002966343411294819,3.599999999999909,0.002053622361665664,18,0,-0.0004471724885264675,0.012363229503599983,0.23785259245462298,0.7428571428571186,0.6923076923076991,0.0022361665715915,2239.949666007762,75,
NVTK,2022-01-11 10:10:00,2022-01-11 18:10:00+00:00,1,2022-01-11 10:10:00+00:00,1.0,1760.13,1771.6899999999998,1765.91,ROLLING,False,1765.2655712112319,3.781582834164773,1759.5931969599847,1770.937945462479,-0.0009435244409650705,0.3531857087122078,0.0018177686889342404,-0.00022675736961452753,-0.0037283922720596774,0.0001428976536467619,0.0014002281287060596,4.414285714285711,0.00250299711628811,10.400000000000091,0.005897028804717675,3.3999999999998636,0.0019278748015422226,10,1,-0.0002495051628753926,0.006426652560107584,0.3531857087122078,2.355987055016204,0.32692307692306094,0.0057155817645725,5738.05386787124,48,
NVTK,2022-01-12 10:10:00,2022-01-12 18:10:00+00:00,1,2022-01-12 10:10:00+00:00,1.0,1766.34,1782.06,1774.2,ROLLING,False,1772.9734399013219,4.799167449569474,1765.7746887269677,1780.172191075676,1.498053951649987e-05,0.5018447712689923,0.0005643340857788282,-0.0009016116307899447,0.004418762746430938,-0.00019592561329352388,0.001502186749777598,4.757142857142851,0.0026831036983321213,4.0,0.0022560631697687537,0.20000000000004547,0.00011280315848846333,10,2,3.121487148326894e-06,0.008120540344648128,0.4981552287310077,0.840840840840842,0.05000000000001137,0.0105019740552735,10603.525836001803,48,
NVTK,2022-01-12 18:30:00,2022-01-13 06:50:00+00:00,1,2022-01-12 18:30:00+00:00,1.0,1777.61,1807.89,1792.75,ROLLING,False,1796.7826952311823,7.4753641103902675,1785.5696490655969,1807.9957413967677,-0.007670763564098631,-0.11458300570827629,-0.006685236768802283,-0.009334370485609478,-0.008563167259786564,-0.0005775826000138706,0.0021298157732754152,5.514285714285718,0.0030927009053761736,18.40000000000009,0.010319685922602406,12.200000000000045,0.006842400448682022,18,2,-0.0010261391218973229,0.012481249062945465,-0.11458300570827629,3.336787564766854,0.6630434782608688,0.0011777902411665,1201.6679431660937,74,
NVTK,2022-01-13 10:20:00,2022-01-13 18:20:00+00:00,1,2022-01-13 10:20:00+00:00,1.0,1784.2,1794.8,1789.5,ROLLING,False,1790.3866691979779,6.713466254288492,1780.3164698165451,1800.4568685794106,-0.003232077906707253,0.21268348426907405,0.0002241901132158386,-0.0025709814442209655,-0.002347942754919563,-0.00038282524443890574,0.002177849099010412,4.85714285714289,0.002721698339764031,4.599999999999909,0.0025776084276588084,0.7999999999999545,0.00044827972654934136,10,3,-0.00048143206270570517,0.011249189412188606,0.21268348426907405,0.9470588235293868,0.17391304347825443,-0.0229070940266725,-23399.02327471965,48,
NVTK,2022-01-14 10:30:00,2022-01-14 18:30:00+00:00,1,2022-01-14 10:30:00+00:00,1.0,1732.23,1752.51,1742.37,ROLLING,False,1740.8157487668475,6.222589547063967,1731.4818644462516,1750.1496330874434,-0.0019621541046299907,0.31702426077263934,-0.0013794689044717146,-0.003898635477582846,0.0019607843137254832,-0.0003000049359666135,0.0029282646272771958,8.414285714285679,0.004843033103652399,7.7999999999999545,0.00448946701968456,2.3999999999998636,0.0013813744675951786,10,4,-0.00031532758022836374,0.01072357522869123,0.31702426077263934,0.9269949066213907,0.30769230769229194,-0.009911361804996,-9892.2918562478,48,
NVTK,2022-01-17 10:50:00,2022-01-17 19:00:00+00:00,1,2022-01-17 10:50:00+00:00,1.0,1715.0,1736.55,1725.775,ROLLING,False,1725.6071685912007,6.547255024921568,1715.7862860538182,1735.428051128583,-0.0032493887909485204,0.21452827330652785,-0.008302583025830312,-0.006928406466512715,-0.004053271569195105,-0.00010107231697694119,0.0026972160126209166,7.385714285714276,0.004294019933554812,17.0,0.009883720930232558,14.599999999999909,0.008488372093023203,10,0,-0.0004962978803452744,0.011382524036916556,0.21452827330652785,2.301740812379113,0.8588235294117593,-0.0319883720930232,-31610.38657532204,49,
NLMK,2022-01-03 11:40:00,2022-01-03 19:40:00+00:00,1,2022-01-03 11:40:00+00:00,1.0,217.172,218.896,218.034,ROLLING,False,218.0992135923413,0.4716806026810819,217.39169268831967,218.80673449636294,-0.00201382474107521,0.1896108723821727,-0.0010097301266752678,-0.003205715332478598,-0.0014680245894118649,-0.00015530352606867303,0.0011675161492114565,0.4771428571428617,0.002192147648363786,0.5999999999999943,0.0027565928512358466,0.3400000000000034,0.0015620692823670101,11,0,-0.00426946694358093,0.006488064696501777,0.1896108723821727,1.257485029940096,0.5666666666666776,0.0030230634935219,3023.063493521999,48,
NLMK,2022-01-04 10:50:00,2022-01-04 19:00:00+00:00,1,2022-01-04 10:50:00+00:00,1.0,217.692,218.82,218.256,ROLLING,False,218.1784054398746,0.39920427158753197,217.57959903249332,218.7772118472559,-0.0005427000881956537,0.4011321201518035,0.002298216583930923,0.0011937557392103226,-0.0019223727572317273,-8.642166238689852e-05,0.0011522106422456543,0.5042857142857124,0.0023126007258814658,0.6400000000000148,0.0029349720260479443,0.5200000000000102,0.002384664771163947,10,1,-0.0013594546121399856,0.005489144594067609,0.4011321201518035,1.2691218130311954,0.8124999999999973,0.0009630376960469,965.9490201488012,49,
NLMK,2022-01-05 10:10:00,2022-01-05 18:10:00+00:00,1,2022-01-05 10:10:00+00:00,1.0,217.017,217.706,217.3615,ROLLING,False,217.5051307338861,0.3556091262247851,216.9717170445489,218.03854442322327,-0.0014948186867549166,0.19523585503580604,-0.00027619222979191616,-0.0023886081763894174,-0.0018384042650979593,-0.0003020855403012224,0.0013324624891858621,0.3542857142857108,0.0016312999092260375,0.6800000000000068,0.0031310433741597145,0.01999999999998181,9.20895110046128e-05,10,2,-0.004203544218969292,0.004904837762101376,0.19523585503580604,1.9193548387097155,0.029411764705855308,0.0025785063081314,2588.792002061165,48,
NLMK,2022-01-05 19:10:00,2022-01-06 06:50:00+00:00,1,2022-01-05 19:10:00+00:00,1.0,217.044,218.416,217.73,ROLLING,False,217.38672120991637,0.4012185077476343,216.78489344829492,217.98854897153782,-0.0011349414929449372,0.2950234056570699,0.0010141987829614951,0.0007373951516269628,-0.003853564547206201,-0.0001235027455155413,0.0011518870712495615,,,0.6800000000000068,0.00313162015289678,0.09999999999999432,0.0004605323754259663,19,2,-0.002828736638587005,0.005536932138925856,0.2950234056570699,,0.14705882352940194,-0.0132172791747259,-13304.219853367167,70,
NLMK,2022-01-06 12:50:00,2022-01-06 20:50:00+00:00,1,2022-01-06 12:50:00+00:00,1.0,213.8,216.435,215.1175,ROLLING,False,215.53209800224568,0.8675161169632303,214.23082382680084,216.8333721776905,-0.006087715075422341,-0.004158933991426087,-0.0031642624476501124,-0.006585049156000666,-0.009249838127832755,-0.0001419855024905825,0.002296817941012439,0.9742857142857133,0.004548061405497681,0.9599999999999795,0.004481374288114927,0.6800000000000068,0.003174306787414839,12,3,-0.0070174086179892485,0.012074991961812324,-0.004158933991426087,0.9853372434017396,0.7083333333333555,-0.0007188871253851,-714.0515919988954,48,
NLMK,2022-01-10 10:10:00,2022-01-10 18:10:00+00:00,1,2022-01-10 10:10:00+00:00,1.0,214.52,215.624,215.072,ROLLING,False,214.82655269890083,0.38886253735875137,214.2432588928627,215.40984650493894,-0.0005890924436990483,0.3915189072892636,-0.0007446709485247061,-0.00195239866121244,-0.0012095273539264317,1.928640463678688e-05,0.001171905407120752,0.4528571428571451,0.0021092554394836756,0.4399999999999977,0.0020493712156497332,0.12000000000000455,0.0005589194224499514,10,0,-0.0015149117929958154,0.0054303697444296264,0.3915189072892636,0.971608832807561,0.27272727272728453,-0.0103027480204937,-10226.090764562863,48,
MTSS,2022-01-04 11:30:00,2022-01-04 19:30:00+00:00,1,2022-01-04 11:30:00+00:00,1.0,304.0575,304.9,304.47875,ROLLING,False,304.4229299623796,0.34891378758622377,303.8995592810003,304.94630064375895,-0.0012250390022383905,0.14372291413348634,-0.0013138446378715418,-0.001641766540797951,0.0001644736842105754,-4.0515503168242485e-05,0.0011031949539138536,0.5607142857142914,0.0018441515728146402,0.44999999999998863,0.0014800197335964106,0.44999999999998863,0.0014800197335964106,11,1,-0.003511007721171403,0.0034384445445289624,0.14372291413348634,0.8025477707006086,1.0,-0.0013813517513567,-1381.3517513567372,48,
MTSS,2022-01-04 20:00:00,2022-01-05 07:00:00+00:00,1,2022-01-04 20:00:00+00:00,1.0,303.6,305.85,304.725,ROLLING,False,304.3026931204519,0.7885111826581214,303.11992634646475,305.4854598944391,-0.0021448811831369097,0.22408206976778683,0.00016469038208155595,0.0006590871642775387,-0.0011513157894738058,-7.359412832280698e-05,0.0009370870072046413,,,0.14999999999997726,0.0004939897908775803,0.049999999999954525,0.00016466326362573532,20,1,-0.002720165839508298,0.007773620153397688,0.22408206976778683,,0.3333333333330807,-0.000115264284538,-115.10506401669926,66,
MTSS,2022-01-05 18:20:00,2022-01-06 06:50:00+00:00,1,2022-01-05 18:20:00+00:00,1.0,304.05,304.95,304.5,ROLLING,False,304.4043462558919,0.3730646094126144,303.84474934177297,304.9639431700108,-0.0009998091671004417,0.22806653484584363,-0.0013136288998357726,-0.0019691499835903237,-0.00032873109796172084,5.387839214388012e-07,0.0010656459468727632,0.3535714285714237,0.0011626814487715347,0.44999999999998863,0.0014797763893455724,0.39999999999997726,0.0013153567905293563,18,2,-0.0026799893151875994,0.003676668359054888,0.22806653484584363,1.2727272727272578,0.888888888888861,-0.0140414337389017,-14020.421339685534,75,
TATN,2022-01-04 10:30:00,2022-01-04 18:30:00+00:00,1,2022-01-04 10:30:00+00:00,1.0,512.705,516.7249999999999,514.7149999999999,ROLLING,False,513.9083184218468,1.0818245859043423,512.2855815429904,515.5310553007033,-0.0009891227746767228,0.3433762033543376,0.00038971161340595195,0.0009748488984206993,-0.001555814858032023,-0.00032903518420607236,0.0014095943531549813,1.085714285714285,0.0021147531860426275,1.2999999999999545,0.0025321386832877963,0.1999999999999318,0.00038955979742877247,10,1,-0.0009143097573899874,0.006315277728290951,0.3433762033543376,1.1973684210525906,0.15384615384610675,0.0043630697312038,4363.069731203802,48,
TATN,2022-01-05 12:00:00,2022-01-05 20:00:00+00:00,1,2022-01-05 12:00:00+00:00,1.0,512.3,516.3499999999999,514.3249999999999,ROLLING,False,514.1317722611569,1.6184026354725647,511.70416830794807,516.5593762143658,-0.0023958298778922,0.24629876106257675,0.00019500780031211917,0.002345124096150064,-0.0054295132829165205,-0.0002030465551148719,0.0016098765214058544,1.4214285714285333,0.0027713561540817573,1.1999999999999318,0.0023396373562096545,0.10000000000002274,0.0001949697796841933,12,2,-0.001480367014598089,0.009443508781930482,0.24629876106257675,0.8442211055276129,0.08333333333335702,-0.012692532657438,-12747.91106248802,48,
TATN,2022-01-06 11:10:00,2022-01-06 19:10:00+00:00,1,2022-01-06 11:10:00+00:00,1.0,485.0750000000001,490.625,487.85,ROLLING,False,488.73627900723284,2.9035769986014173,484.3809135093307,493.091644505135,-0.006417119297146348,0.1399522601784542,-0.006749846594395481,-0.00897959183673469,-0.006749846594395481,-0.0001391664951766902,0.0031671847782350593,2.1214285714285745,0.004368674982348794,3.900000000000034,0.008031301482701881,3.3999999999999773,0.007001647446457943,11,3,-0.002210073747049697,0.017822967866224993,0.1399522601784542,1.8383838383838518,0.8717948717948585,0.0092257001647446,9148.344132693226,48,
TATN,2022-01-10 15:10:00,2022-01-10 23:10:00+00:00,1,2022-01-10 15:10:00+00:00,1.0,497.435,503.665,500.55,ROLLING,False,501.2963687497578,1.619117526512376,498.8676924599892,503.7250450395264,-0.004580860530637744,0.027238611536699733,-0.0020000000000000018,-0.004786597526924563,-0.007557677008750985,-0.0002871855647519794,0.002300051159121259,1.8999999999999975,0.0038076152304609167,1.8000000000000114,0.003607214428857738,1.1999999999999886,0.0024048096192384543,15,0,-0.002829232872616137,0.009689582614874117,0.027238611536699733,0.9473684210526387,0.6666666666666562,0.0004208416833667,421.16299717094967,48,
TATN,2022-01-11 10:10:00,2022-01-11 18:10:00+00:00,1,2022-01-11 10:10:00+00:00,1.0,499.255,502.245,500.75,ROLLING,False,499.99548210006833,1.1379061085904205,498.2886229371827,501.70234126295395,-0.00039096773284282347,0.4427363123100808,0.0038160273147218593,0.0006006006006005205,-0.002594292556375999,-1.8070166681549705e-05,0.0020179880980935564,1.5142857142857136,0.0030297833419081904,3.599999999999966,0.007202881152460916,2.0,0.004001600640256103,10,1,-0.0003435852307068939,0.006827498343451083,0.4427363123100808,2.3773584905660163,0.5555555555555609,0.003781512605042,3785.992433692093,48,
TATN,2022-01-12 10:10:00,2022-01-12 18:10:00+00:00,1,2022-01-12 10:10:00+00:00,1.0,505.955,508.415,507.185,ROLLING,False,506.89368264622715,0.9076955582449346,505.53213930885977,508.2552259835945,0.0002097429054902091,0.5390429562008736,0.000987166831194486,-0.0007883326763893361,0.001778304682868992,-0.00011736188203055886,0.0013252050548327352,1.1857142857142833,0.002338686954071565,2.099999999999966,0.004142011834319459,0.6000000000000227,0.0011834319526627668,10,2,0.00023107186499375995,0.00537210615945921,0.4609570437991264,1.7710843373493723,0.2857142857143012,0.0055226824457593,5550.133812722607,48,
TATN,2022-01-12 19:10:00,2022-01-13 06:50:00+00:00,1,2022-01-12 19:10:00+00:00,1.0,507.3,511.48,509.39,ROLLING,False,509.4302940728365,1.0367911120530156,507.875107404757,510.985480740916,-0.0018261459588492371,0.2009059774202833,0.0003934684241588826,-0.000589622641509413,-0.004892367906066508,-7.715710780937247e-05,0.0016823048748449041,,,1.8000000000000114,0.00353982300884958,0.19999999999998863,0.00039331366764992846,19,2,-0.0017613441489030227,0.0061055916233248,0.2009059774202833,,0.11111111111110408,0.003716814159292,3755.917988131823,70,
TATN,2022-01-13 10:20:00,2022-01-13 18:20:00+00:00,1,2022-01-13 10:20:00+00:00,1.0,508.0,510.7,509.35,ROLLING,False,509.39584001446696,0.9326699731183813,507.99683505478936,510.79484497414455,0.00020447749539942542,0.5372264532775668,0.00019630938358861094,0.001966568338249708,0.0009823182711199419,-0.00021456720709714383,0.0013313977545979891,0.9642857142857143,0.00189261180428992,1.6000000000000227,0.0031403336604514677,0.19999999999998863,0.00039254170755640555,10,3,0.00021923885328457084,0.0054928008820718495,0.4627735467224332,1.659259259259283,0.1249999999999911,-0.0204710500490676,-20763.309294691844,48,
TATN,2022-01-14 12:10:00,2022-01-14 20:10:00+00:00,1,2022-01-14 12:10:00+00:00,1.0,496.095,500.835,498.465,ROLLING,False,499.0074415218131,1.444316862880955,496.84096622749166,501.1739168161346,-0.000616106086265034,0.42904568941566834,-0.0029988004798080503,-0.0014016820184220569,-0.0018014411529223562,0.00028425220432884977,0.0023818204527287275,2.5214285714285642,0.005056002750007147,3.599999999999966,0.007218768798877012,1.5,0.00300782033286545,12,4,-0.00042657266012673795,0.008683138222205268,0.42904568941566834,1.4277620396600472,0.4166666666666706,-0.0047724082614798,-4741.451561575013,48,
TATN,2022-01-17 16:50:00,2022-01-18 06:50:00+00:00,1,2022-01-17 16:50:00+00:00,1.0,497.4,505.93,501.665,ROLLING,False,501.7581323687308,1.585412555050118,499.3800135361556,504.136251201306,-0.0035039439429330197,0.13035228840373428,-0.002593257530420945,-0.003984063745019917,-0.001198561725928915,-0.0003366850302661428,0.00210536362157968,2.0214285714285842,0.004042857142857168,3.0,0.006,1.5,0.003,16,0,-0.002210114920417199,0.009479144149984823,0.13035228840373428,1.4840989399293194,0.5,0.01764,17441.93718347984,84,
TATN,2022-01-18 22:00:00,2022-01-19 06:50:00+00:00,1,2022-01-18 22:00:00+00:00,1.0,472.26,481.62,476.94,ROLLING,False,475.09334087036444,2.4612962870313497,471.4013964398174,478.7852853009115,-0.0025118029820798624,0.3383858569903167,-0.0016852749104697695,-0.0008433480919249892,0.0031752751905165244,-0.0005720787588677001,0.0036981633816682243,2.1571428571428606,0.004551894613088966,0.8000000000000114,0.0016881198565098362,0.6000000000000227,0.001266089892382407,22,1,-0.0010205203637264778,0.015541975072870725,0.3383858569903167,0.3708609271523225,0.7500000000000178,0.0069423929098966,6985.532150507596,53,
TATN,2022-01-19 23:30:00,2022-01-20 07:30:00+00:00,1,2022-01-19 23:30:00+00:00,1.0,491.22,498.66,494.94,ROLLING,False,494.94316111040325,1.815201053614293,492.2203595299818,497.6659626908247,-0.005138289222337576,0.0329881676486991,-0.004448038819247935,-0.004850444624090566,-0.006256306760847652,-0.00044386322988101967,0.0013326668089442982,1.1285714285714334,0.0022919809678542515,2.400000000000034,0.004874086108854659,2.2000000000000455,0.004467912266450133,23,2,-0.0028306997795679973,0.011002481878173044,0.0329881676486991,2.1265822784810338,0.9166666666666725,0.0015637692932575,1584.410138613665,48,
TATN,2022-01-20 10:50:00,2022-01-20 19:00:00+00:00,1,2022-01-20 10:50:00+00:00,1.0,491.34,499.67,495.505,ROLLING,False,495.8276205984701,2.2317777928591664,492.47995390918135,499.17528728775886,-0.0010641210302750966,0.42119576895778243,0.0032408345148875473,-0.0008069396812587781,-0.0062199036918136885,0.0001912736139771165,0.004407474258223632,3.7000000000000006,0.007470220068645266,6.0,0.012113870381586917,1.1999999999999886,0.0024227740763173604,10,3,-0.0004768042023179351,0.013503348947152572,0.42119576895778243,1.6216216216216215,0.1999999999999981,-0.0113062790228144,-11473.429114550738,49,
TATN,2022-01-20 19:50:00,2022-01-21 06:50:00+00:00,1,2022-01-20 19:50:00+00:00,1.0,481.3,490.68,485.99,ROLLING,False,484.90878707606186,2.0960171045953855,481.7647614191688,488.0528127329549,-0.003111486358413243,0.26005490401231857,-0.00020682523267845365,-0.006372045220966127,,-0.00031456426919999615,0.0031232145031684895,,,2.0,0.004137360364087712,0.5,0.001034340091021928,19,3,-0.0014844756522222578,0.012967493024208274,0.26005490401231857,,0.25,-0.0101365328920148,-10170.088865786223,66,
TATN,2022-01-21 14:40:00,2022-01-21 22:40:00+00:00,1,2022-01-21 14:40:00+00:00,1.0,472.19,480.33,476.26,ROLLING,False,477.74597840801323,2.0220849725316166,474.7128509492158,480.77910586681065,-0.0076316255348975485,-0.10102624395790587,-0.00836645053336127,-0.008988294314381196,-0.0073283082077052475,-0.0001524478808313523,0.003395163852360973,2.1571428571428646,0.00454997438756141,4.600000000000023,0.009702594389369379,4.199999999999989,0.008858890529424148,14,4,-0.0037741369124280077,0.012697657733947548,-0.10102624395790587,2.132450331125831,0.9130434782608626,0.0041341489137312,4105.789936535437,48,
TATN,2022-01-21 22:50:00,2022-01-24 06:50:00+00:00,1,2022-01-21 22:50:00+00:00,1.0,475.52,482.8,479.16,ROLLING,False,477.7290097472165,1.6077113135601313,475.3174427768763,480.14057671755666,-0.004247198109844979,0.07931714686524337,-0.0025162507863283334,-0.004603473530027213,-0.004811715481171541,-0.0005424604826235691,0.0014425053462559575,1.3785714285714334,0.002897984924472217,1.3999999999999773,0.002943031322261882,1.1999999999999886,0.0025225982762244873,22,4,-0.0026417666368472228,0.010095962025066142,0.07931714686524337,1.015544041450757,0.8571428571428629,0.003090182888375,3081.672835590362,336,
TATN,2022-01-24 11:10:00,2022-01-24 19:10:00+00:00,1,2022-01-24 11:10:00+00:00,1.0,471.375,479.375,475.375,ROLLING,False,474.7984150159885,3.067626579881984,470.1969751461655,479.39985488581146,-0.00547266994541464,0.21765196443950527,0.0031867431485022024,0.0006357279084552303,0.002334960730205893,-0.000584865342327856,0.0030554104318487097,2.221428571428561,0.004704423065287084,2.400000000000034,0.005082592121982283,1.5,0.0031766200762388818,11,0,-0.001784007865007214,0.019382709479634712,0.21765196443950527,1.0803858520900524,0.6249999999999911,-0.0263871240999576,-26395.773098428584,48,
TATN,2022-01-26 11:00:00,2022-01-26 19:00:00+00:00,1,2022-01-26 11:00:00+00:00,1.0,467.92,477.06,472.49,ROLLING,False,471.44891843847915,3.697183409251167,465.9031433246024,476.9946935523559,-0.004770227166769148,0.29724038639324923,0.0042808219178083196,0.0,-0.005721551176096629,-0.000523031893631376,0.0037871741267728807,3.0999999999999943,0.006606990622335879,5.099999999999966,0.010869565217391231,2.0,0.004262574595055414,11,2,-0.0012902327633606138,0.023526515374116524,0.29724038639324923,1.6451612903225725,0.3921568627451007,0.0079070758738278,7700.954222659578,48,
TATN,2022-01-26 19:20:00,2022-01-27 06:50:00+00:00,1,2022-01-26 19:20:00+00:00,1.0,471.36,478.58,474.97,ROLLING,False,474.8497619836494,2.4176573563983204,471.2232759490519,478.47624801824685,-0.0030530961573891017,0.30011477090793043,-0.001687051876845258,,0.005949851253718608,-0.0005116556337706968,0.003486720910070087,,,2.6999999999999886,0.005703422053231915,0.9000000000000341,0.0019011406844107186,19,2,-0.0012628324478276855,0.01527424598234224,0.30011477090793043,,0.3333333333333474,-0.0079847908745246,-7838.133857747151,69,
TATN,2022-01-27 23:40:00,2022-01-28 07:40:00+00:00,1,2022-01-27 23:40:00+00:00,1.0,483.66,491.64,487.65,ROLLING,False,486.2804321677703,1.6819114432783668,483.75756500285274,488.80329933268786,-0.002838757384533342,0.22641600260086758,-0.006352459016393475,-0.0022633744855967697,-0.003083881578947345,-0.00019072761553963756,0.0031740941682864665,2.2714285714285603,0.0046843237191762435,5.099999999999966,0.01051763250154664,2.900000000000034,0.005980614559703102,23,3,-0.001687816202142047,0.010376182128780987,0.22641600260086758,2.2452830188679203,0.5686274509804027,0.0051969478242937,5060.76087478553,48,
TATN,2022-01-28 10:10:00,2022-01-28 18:10:00+00:00,1,2022-01-28 10:10:00+00:00,1.0,487.655,493.015,490.335,ROLLING,False,490.03676908373404,2.10906269297553,486.87317504427074,493.20036312319735,-0.003748227071140861,0.20970215191617042,-0.0032666394446713154,-0.004689092762487301,-0.006916192026037549,0.00012849441893501569,0.0033849022562840256,2.3642857142857117,0.004842862995259549,2.900000000000034,0.005940188447357711,1.400000000000034,0.0028676771814830685,10,4,-0.0017772004045326635,0.012911659855151534,0.20970215191617042,1.226586102719049,0.4827586206896612,0.0192134371159361,18807.180162318826,48,
TATN,2022-01-31 11:20:00,2022-01-31 19:20:00+00:00,1,2022-01-31 11:20:00+00:00,1.0,504.78,510.95,507.865,ROLLING,False,507.2482309152003,2.64807858138297,503.2761130431258,511.22034878727476,-0.0028550733682940715,0.3177004104810317,0.0027755749405233843,-0.009400705052878933,-0.007846214201647661,1.333237822015998e-05,0.002691516253744281,2.1857142857142833,0.004321301474326381,2.400000000000034,0.004744958481613353,1.400000000000034,0.0027678924476078177,11,0,-0.00107816791705743,0.015661436077984155,0.3177004104810317,1.0980392156862913,0.5833333333333394,-0.0137010676156584,-13669.04495629053,48,
TATN,2022-01-31 19:30:00,2022-02-01 06:50:00+00:00,1,2022-01-31 19:30:00+00:00,1.0,495.3,505.0,500.15,ROLLING,False,497.70006625439356,3.043015427637774,493.1355431129369,502.26458939585024,-0.001607526919605914,0.41236036825762923,0.002016535591853108,0.001612578109251972,0.0032303654350898103,-0.0007491498153989695,0.0017381363659500896,,,1.6000000000000227,0.0032199637754075725,1.0,0.0020124773596297044,19,0,-0.0005282677521138306,0.01834246547648066,0.41236036825762923,,0.6249999999999912,0.0069027973435299,6792.309214298129,68,
TATN,2022-02-01 10:30:00,2022-02-01 18:30:00+00:00,1,2022-02-01 10:30:00+00:00,1.0,495.115,500.19,497.6525,ROLLING,False,496.8817572151952,1.3242380537039784,494.8954001346392,498.8681142957512,-0.000567050834738423,0.4290768971114937,-0.0022101667671287073,0.00040290088638195165,0.0020177562550443007,-0.0003601484266226751,0.0014090077444412989,1.2357142857142784,0.002488349346988076,1.6999999999999886,0.003423278292388217,1.099999999999966,0.0022150624244864393,10,1,-0.00042820913743744606,0.007995290838160984,0.4290768971114937,1.3757225433526,0.647058823529396,-0.0109947643979057,-10893.458924638631,48,
TATN,2022-02-01 23:40:00,2022-02-02 07:40:00+00:00,1,2022-02-01 23:40:00+00:00,1.0,487.52,497.1,492.31,ROLLING,False,489.274324520717,1.7749024415314818,486.6119708584198,491.93667818301424,0.004957700328254735,0.9555509498294772,0.003879134340547097,0.006962932623387319,0.00799507995079951,0.0003683799967966861,0.0013686715769937984,1.021428571428564,0.002077341003515485,2.6999999999999886,0.00549115314215983,1.6999999999999886,0.0034573927191376627,23,1,0.0027932241300975182,0.010882866845323256,0.04444905017052281,2.6433566433566513,0.6296296296296281,-0.0009965426072808,-976.5046936512374,48,
TATN,2022-02-02 11:10:00,2022-02-02 19:10:00+00:00,1,2022-02-02 11:10:00+00:00,1.0,490.4,494.275,492.3375,ROLLING,False,492.6090548680726,2.0378261299917586,489.55231567308493,495.6657940630602,-0.0030633924674338332,0.25315936823346585,-0.0004070832485243425,-0.0072771376591873604,-0.0032474122183884235,0.0001871630526409207,0.0027355274459174763,2.107142857142865,0.004290659452540959,1.6999999999999886,0.0034616167786601275,0.5999999999999659,0.0012217470983505719,11,2,-0.0015032648871992932,0.012410406040166187,0.25315936823346585,0.8067796610169408,0.3529411764705705,-0.0027082060680106,-2651.106420222932,48,
CHMF,2022-01-03 19:10:00,2022-01-04 06:50:00+00:00,1,2022-01-03 19:10:00+00:00,1.0,1610.4,1618.8,1614.6,ROLLING,False,1616.6015976937613,2.4605485927957953,1612.9107748045676,1620.292420582955,-0.0008670025414800697,0.3101239566567988,0.00012383900928791824,-0.002223869532987366,-0.0021005807487951556,0.00019223864502266875,0.0008733710879997869,,,5.2000000000000455,0.003219415552253619,0.7999999999999545,0.0004952947003466781,19,0,-0.00035236147906956764,0.004566150243150799,0.3101239566567988,,0.15384615384614375,0.0020802377414561,2080.2377414561465,70,
CHMF,2022-01-04 10:50:00,2022-01-04 19:00:00+00:00,1,2022-01-04 10:50:00+00:00,1.0,1612.04,1624.8,1618.42,ROLLING,False,1616.8891659706735,4.399197436447863,1610.2903698160017,1623.4879621253453,-5.514661892116692e-05,0.49324376987987273,0.003600248292985775,0.0029776674937964653,-0.00012368583797162103,-0.00021476788195774478,0.0016014027639087768,3.828571428571422,0.0023679932141089945,5.7999999999999545,0.003587333003463604,5.2000000000000455,0.0032162295893122497,10,1,-1.2535608987282717e-05,0.008162335790914108,0.49324376987987273,1.514925373134319,0.8965517241379458,-0.0049356754082136,-4945.942786477441,49,
CHMF,2022-01-04 19:10:00,2022-01-05 06:50:00+00:00,1,2022-01-04 19:10:00+00:00,1.0,1605.0,1619.0,1612.0,ROLLING,False,1607.2275209544584,2.742171939446841,1603.1142630452882,1611.3407788636287,-0.0011370642492315398,0.2778499434251348,0.0,-0.0006225099601593342,-0.0009956440572495007,1.2661726721913125e-05,0.0006647486519061215,,,1.599999999999909,0.0009966363523108937,0.599999999999909,0.0003737386321165498,19,1,-0.0004146582615315186,0.0051184513151287265,0.2778499434251348,,0.37499999999996453,-0.000872056808272,-869.5577506770712,70,
CHMF,2022-01-05 10:10:00,2022-01-05 18:10:00+00:00,1,2022-01-05 10:10:00+00:00,1.0,1595.17,1602.0,1598.585,ROLLING,False,1598.6208639603267,2.138399255896931,1595.4132650764814,1601.828462844172,-0.0005134825766587171,0.37204385740671725,-0.00037537537537546406,-0.00037537537537546406,-0.0016245938515372371,-0.00017403993385223804,0.0013593925668230046,2.4142857142856946,0.0015110062049603797,2.599999999999909,0.0016272374514957498,0.0,0.0,10,2,-0.00024012474529380706,0.004012957613850991,0.37204385740671725,1.076923076923048,0.0,0.0015771686068344,1571.277467614805,48,
CHMF,2022-01-05 18:20:00,2022-01-06 06:50:00+00:00,1,2022-01-05 18:20:00+00:00,1.0,1600.28,1614.93,1607.605,ROLLING,False,1605.367603771266,3.7809605414672793,1599.696162959065,1611.0390445834669,-0.0022222971006049634,0.18547641689294536,0.0002497814412387722,-0.001371571072319222,-0.0019937694704049713,5.744870832287141e-05,0.0016095794816988762,3.4285714285714124,0.0021404491375773584,1.0,0.0006242976651267324,0.3999999999998636,0.0002497190660506078,18,2,-0.0005877599293174732,0.0070655976847642556,0.18547641689294536,0.291666666666668,0.3999999999998636,-0.013896866025721,-13866.79341153504,75,
CHMF,2022-01-06 14:10:00,2022-01-06 22:10:00+00:00,1,2022-01-06 14:10:00+00:00,1.0,1578.67,1605.0,1591.835,ROLLING,False,1595.5832169425191,6.615459826426129,1585.66002720288,1605.5064066821583,-0.002997785945433074,0.25898793291172567,0.003912659346207326,-0.001506402209389912,-0.006122703986005229,-0.0002711211512660239,0.003133283867658525,6.471428571428597,0.004068034052947321,7.399999999999864,0.004651747548403234,6.7999999999999545,0.0042745788282624805,14,3,-0.0004531485375299405,0.012438323033572793,0.25898793291172567,1.143487858719621,0.9189189189189295,-0.0024641689715865,-2424.666424026045,48,
CHMF,2022-01-10 11:30:00,2022-01-10 19:30:00+00:00,1,2022-01-10 11:30:00+00:00,1.0,1586.01,1596.57,1591.29,ROLLING,False,1591.1408604642368,4.029978592582849,1585.0958925753625,1597.185828353111,-0.0027281434171518336,0.14095256219423652,-0.001761449421238015,-0.0030158331239004132,-0.0038920276208411764,-0.0001982734743618042,0.0024990953435695988,5.94285714285713,0.003745183477979033,5.400000000000091,0.0034030753718175518,2.7999999999999545,0.001764557600201635,11,0,-0.0006769622603387931,0.007598281257274135,0.14095256219423652,0.9086538461538635,0.5185185185185014,-0.0184396269221073,-18099.31539860835,48,
SNGS,2022-01-03 10:30:00,2022-01-03 18:30:00+00:00,1,2022-01-03 10:30:00+00:00,1.0,39.80225,40.07925,39.94075,ROLLING,False,39.93398952892973,0.08456292019052607,39.80714514864394,40.06083390921552,0.0005261300290332533,0.5828198735447776,0.004272967198692967,0.003894472361809065,-0.0001251251251251917,5.796585906665541e-05,0.0018466679201732624,0.11214285714285868,0.002806728998694999,0.1600000000000037,0.004004505068201819,0.11999999999999744,0.0030033788011512314,10,0,0.0062217580453447704,0.006352702636629773,0.4171801264552224,1.4267515923567011,0.7499999999999668,-0.00595670128895,-5956.701288950003,48,
SNGS,2022-01-04 10:20:00,2022-01-04 18:20:00+00:00,1,2022-01-04 10:20:00+00:00,1.0,39.42,39.595,39.5075,ROLLING,False,39.484489560827285,0.053713586157306974,39.40391918159133,39.56505994006324,-0.0004936004249784518,0.37905256862323705,0.0012685525815046006,-0.0005065214638468873,0.00025345330122927834,-0.00013868737928864893,0.0009979782810454528,0.06035714285714227,0.001529384083545984,0.060000000000002274,0.001520334473584246,0.05000000000000426,0.0012669453946535984,10,1,-0.009189489294810461,0.004081115401623031,0.37905256862323705,0.9940828402367338,0.8333333333333729,0.0139237298872417,13840.790387475472,48,
SNGS,2022-01-05 11:00:00,2022-01-05 19:00:00+00:00,1,2022-01-05 11:00:00+00:00,1.0,39.90225,40.272,40.087125,ROLLING,False,40.105341359943765,0.10271346345903401,39.95127116475521,40.25941155513232,-0.0037486617703726536,0.012101092103578424,-0.0011250000000000426,-0.003367423297580552,-0.005104581673306741,-5.500409911421977e-05,0.0016384895348821858,0.11178571428571311,0.0027977903713105523,0.11499999999999488,0.0028782380177698632,0.03999999999999915,0.0010011262670504104,11,2,-0.03649630383525876,0.007683275591935687,0.012101092103578424,1.0287539936101886,0.3478260869565298,-0.0006131898385683,-618.0242818899128,48,
SNGS,2022-01-05 19:10:00,2022-01-06 06:50:00+00:00,1,2022-01-05 19:10:00+00:00,1.0,39.776,40.099,39.9375,ROLLING,False,39.95174389611277,0.11004943862067057,39.78666973818176,40.116818054043776,-4.3650062367703027e-05,0.4947178403493881,0.0007515030060121219,-0.0032435129740517876,-0.006218905472636815,0.0003596784399663933,0.002482307283184414,,,0.21000000000000085,0.005256570713391761,0.030000000000001137,0.0007509386733417055,19,2,-0.00039664048190341466,0.008263677218208778,0.4947178403493881,,0.14285714285714768,-0.0205006257822278,-20649.58465794307,70,
SNGS,2022-01-06 12:20:00,2022-01-06 20:20:00+00:00,1,2022-01-06 12:20:00+00:00,1.0,38.792,39.474,39.133,ROLLING,False,39.17171701373633,0.18968701165461901,38.8871864962544,39.45624753121825,-0.0036178402311706145,0.2509634203907004,0.0010259040779687645,-0.0007680491551459445,-0.0005121638924454608,-0.00010555903850659187,0.0025981221860851135,0.1528571428571414,0.003916401303026938,0.134999999999998,0.0034588777863181655,0.03999999999999915,0.0010248526774275979,12,3,-0.019072682940242405,0.014527344685051704,0.2509634203907004,0.8831775700934534,0.29629629629629434,-8.96746092749626e-05,-88.47444736246965,48,
PIKK,2022-01-03 10:10:00,2022-01-03 18:10:00+00:00,1,2022-01-03 10:10:00+00:00,1.0,1111.0,1120.91,1115.955,ROLLING,False,1114.1509519354588,5.559112382062687,1105.8122833623647,1122.489620508553,-0.00040474940552299955,0.472960195533264,-0.0002692998204667507,-0.004291461779168504,-0.004736371760500457,0.0005144049078404933,0.0030384140317593683,4.114285714285708,0.003694249541425615,5.400000000000091,0.004848702523121209,0.2999999999999545,0.00026937236239557734,10,0,-7.280827903911144e-05,0.014968651345867414,0.472960195533264,1.3125000000000242,0.05555555555554619,0.0275927089880577,27592.708988057737,48,
PIKK,2022-01-04 11:10:00,2022-01-04 19:10:00+00:00,1,2022-01-04 11:10:00+00:00,1.0,1166.875,1189.75,1178.3125,ROLLING,False,1177.5314892950798,9.635190312897512,1163.0787038257336,1191.9842747644261,-0.006905538721471983,0.2186878158426182,-0.005865850548329443,-0.0062037902608991224,-0.0025588536335721113,-0.00013070201033760776,0.004635693425617221,8.171428571428594,0.006987710425370782,8.0,0.006841115101761586,6.899999999999864,0.005900461775269252,11,1,-0.0007166997741838414,0.024547599110064277,0.2186878158426182,0.9790209790209763,0.862499999999983,-0.0016162134427912,-1660.8091499807267,48,
PIKK,2022-01-04 19:20:00,2022-01-05 06:50:00+00:00,1,2022-01-04 19:20:00+00:00,1.0,1162.52,1181.98,1172.25,ROLLING,False,1172.1812500303122,4.679984558977239,1165.1612731918462,1179.2012268687781,-0.002458024328778269,0.294782084285205,0.002228507756921072,,-0.0016222677595628676,0.0001511025051416981,0.0017129373828681993,,,4.0,0.0034208500812451894,2.599999999999909,0.0022235525528092955,19,1,-0.0005252206065644465,0.01197763031661597,0.294782084285205,,0.6499999999999773,0.0058068930129137,5957.476780895045,69,
PIKK,2022-01-06 19:10:00,2022-01-10 06:50:00+00:00,1,2022-01-06 19:10:00+00:00,1.0,1139.32,1158.9,1149.11,ROLLING,False,1144.912790908565,5.436941786569376,1136.757378228711,1153.068203588419,0.0008622570201627472,0.5605247784623888,-0.0024375380865325758,0.0053518161080892135,0.005793030808391331,-0.0006647369529825086,0.0022564037313620913,,,4.5,0.00392704424469849,0.8999999999998636,0.0007854088489395789,19,3,0.0001585922847827322,0.01424634739800939,0.4394752215376112,,0.19999999999996967,0.0018937080024434,1954.0971701397184,502,
PIKK,2022-01-10 10:10:00,2022-01-10 18:10:00+00:00,1,2022-01-10 10:10:00+00:00,1.0,1148.7,1162.115,1155.4075,ROLLING,False,1154.736080387491,5.701051072099499,1146.1845037793419,1163.2876569956402,-0.0028024415643140795,0.3107904228790262,0.0007822005909960961,-0.009973347089674123,-0.0070707941709062805,0.000112335744340325,0.0027727499885795057,4.16428571428576,0.003616400967681945,6.300000000000182,0.005471124620060948,0.7999999999999545,0.0006947459834997434,10,0,-0.0004915657707451545,0.014811309273855091,0.3107904228790262,1.5128644939965965,0.12698412698411612,0.0451671732522796,46695.7872963714,48,
PIKK,2022-01-11 11:20:00,2022-01-11 19:20:00+00:00,1,2022-01-11 11:20:00+00:00,1.0,1225.6999999999998,1247.17,1236.435,ROLLING,False,1234.1983080786822,8.135989842425548,1221.9943233150439,1246.4022928423205,-0.0027534538464669494,0.3607705538601017,-0.0007306974100836916,-0.006136950904392924,-0.008778287831199272,-0.0005550583825673528,0.0036414342666215185,8.849999999999975,0.007190445238869008,6.2000000000000455,0.005037374065648396,0.900000000000091,0.0007312317192070938,11,1,-0.0003384288697250971,0.019776375779734616,0.3607705538601017,0.7005649717514196,0.14516129032259426,0.0097822554436139,10570.111068792046,48,
PIKK,2022-01-12 20:10:00,2022-01-13 06:50:00+00:00,1,2022-01-12 20:10:00+00:00,1.0,1246.82,1262.8,1254.81,ROLLING,False,1254.4854390055943,5.305703644985299,1246.5268835381164,1262.4439944730723,-0.00245952556295912,0.3061558395739857,0.0004796929964823171,0.0003197442046363186,-0.0008782435129739419,0.0001301749715934164,0.0025750284921313305,,,2.199999999999818,0.0017580310052739475,0.1999999999998181,0.00015982100047931764,20,2,-0.000463562559752795,0.012688159176700409,0.3061558395739857,,0.09090909090901575,0.0076074796228223,8300.592314934176,64,
PIKK,2022-01-13 10:20:00,2022-01-13 18:20:00+00:00,1,2022-01-13 10:20:00+00:00,1.0,1250.0,1263.7,1256.85,ROLLING,False,1254.3707090441937,5.081063250822922,1246.7491141679593,1261.9923039204282,-0.003484383852939408,0.2132680813419751,0.002164675699511065,0.0023253949162056475,-0.0049355198216844975,-0.0004553747616287518,0.002254700707146423,3.9714285714285813,0.003177142857142865,4.7999999999999545,0.0038399999999999637,3.599999999999909,0.0028799999999999273,10,3,-0.0006857588030172784,0.012152061302582468,0.2132680813419751,1.2086330935251655,0.7499999999999881,-0.012264,-13483.163804250436,48,
PIKK,2022-01-19 19:30:00,2022-01-20 07:00:00+00:00,1,2022-01-19 19:30:00+00:00,1.0,1126.22,1148.48,1137.35,ROLLING,False,1134.4820558684273,6.1405704899080895,1125.2712001335651,1143.6929116032895,-0.003950750781153946,0.2566970975637382,-0.005544310481386927,-0.0037030506083584047,0.004444444444444473,-0.0006920275022782418,0.003260484085494573,,,10.700000000000045,0.009469026548672606,6.2999999999999545,0.005575221238938013,19,2,-0.0006433849733745308,0.016237992813048857,0.2566970975637382,,0.5887850467289653,-0.0105929203539822,-11503.136109698657,69,
PIKK,2022-01-20 13:10:00,2022-01-20 21:10:00+00:00,1,2022-01-20 13:10:00+00:00,1.0,1110.82,1132.96,1121.89,ROLLING,False,1119.8131345730762,5.6318101077898115,1111.3654194113915,1128.260849734761,-0.005548367295624784,0.13225946577504952,-0.0040246847330291935,-0.007398163829218429,-0.0032223415682063328,-0.0009417706490242927,0.005394837441159261,6.335714285714289,0.005689398604269297,8.5,0.007632902298850575,3.6000000000001364,0.003232758620689778,13,3,-0.0009851836602143935,0.015087722943891721,0.13225946577504952,1.341600901916572,0.4235294117647219,-0.0057201867816091,-6145.904043837049,48,
PLZL,2022-01-03 13:40:00,2022-01-03 21:40:00+00:00,1,2022-01-03 13:40:00+00:00,1.0,1314.5425,1324.7075,1319.625,ROLLING,False,1319.7706665146482,2.6518913834965203,1315.7928294394035,1323.7485035898928,-0.002099354520407053,0.15173705430384798,-0.0007966313872765918,-0.003028009084027228,-0.002499431947284636,3.89760635421732e-05,0.0014482520443074769,2.4750000000000227,0.0018792710706150514,2.0,0.0015186028853454822,0.5499999999999545,0.0004176157934699731,13,0,-0.0007916442330451154,0.006028073173879,0.15173705430384798,0.8080808080808007,0.27499999999997726,-0.0118792710706149,-11879.271070614986,48,
PLZL,2022-01-03 21:50:00,2022-01-04 06:50:00+00:00,1,2022-01-03 21:50:00+00:00,1.0,1291.06,1316.58,1303.82,ROLLING,False,1294.8242975745752,4.502155158045332,1288.0710648375073,1301.5775303116432,-0.00025045681887702915,0.47598945666457126,-0.00011586142973007973,0.0003863987635239763,-0.000193087468623232,0.0001258682069699535,0.0006834543301344096,1.8357142857142728,0.0014180875131048843,1.150000000000091,0.0008883738895327084,0.15000000000009095,0.00011587485515650131,21,0,-5.563042811384763e-05,0.010431118337395882,0.47598945666457126,0.6264591439689257,0.13043478260876443,0.005488605639243,5423.405005054727,54,
PLZL,2022-01-04 10:10:00,2022-01-04 18:10:00+00:00,1,2022-01-04 10:10:00+00:00,1.0,1293.76,1299.03,1296.395,ROLLING,False,1295.8533378487834,1.9942921630267492,1292.8618996042433,1298.8447760933236,-0.0016231295528204934,0.14844036934034216,-3.864584943569227e-05,-0.002275005783913042,-0.0029285962005317634,-0.00041799126762038786,0.0017233574296915612,2.667857142857169,0.0020621118012422563,2.5499999999999545,0.001971014492753588,0.599999999999909,0.0004637681159419587,10,1,-0.0008138875451213026,0.004616939521113085,0.14844036934034216,0.9558232931726643,0.23529411764702737,0.0043826086956521,4354.315160895235,48,
PLZL,2022-01-05 12:20:00,2022-01-05 20:20:00+00:00,1,2022-01-05 12:20:00+00:00,1.0,1281.375,1300.1675,1290.77125,ROLLING,False,1287.6523279273874,7.1586979035533655,1276.9142810720573,1298.3903747827176,-0.004661450763692341,0.2205111875439474,0.0001560731983301089,-0.0004679274712419135,7.803050992949423e-05,-0.0007149311509748347,0.0017020165724645087,4.710714285714338,0.0036755075767286993,1.7000000000000455,0.001326415167947603,0.0500000000001819,3.90122108221292e-05,12,2,-0.0006511590273111728,0.01667848785333874,0.2205111875439474,0.3608794541319238,0.029411764705988566,-0.0035228026372254,-3515.3992881562585,48,
PLZL,2022-01-05 20:30:00,2022-01-06 06:50:00+00:00,1,2022-01-05 20:30:00+00:00,1.0,1274.18,1284.75,1279.465,ROLLING,False,1277.2637406057513,3.5143388767644725,1271.9922322906045,1282.535248920898,-0.0017331898928732389,0.2900277801525466,-0.00011762860727737579,-0.0003528028224225599,0.00027457440966505153,-0.00040187450886892685,0.0013455298945359059,,,1.0499999999999545,0.0008234971177600522,0.049999999999954525,3.9214148464730426e-05,20,2,-0.0004931766553113186,0.008254377146331149,0.2900277801525466,,0.04761904761900637,-0.0110074114740598,-10945.58339205813,62,
PLZL,2022-01-06 11:10:00,2022-01-06 19:10:00+00:00,1,2022-01-06 11:10:00+00:00,1.0,1248.4375,1269.625,1259.03125,ROLLING,False,1261.770650852416,8.914076853851522,1248.3995355716388,1275.1417661331934,-0.010200467766246566,0.01871438611709396,-0.006799475128235644,-0.011437843827917682,-0.0230757196495619,-0.00019512087066669292,0.004726828852535027,7.392857142857143,0.005919494869771113,9.600000000000136,0.007686764352630424,8.849999999999909,0.007086235887580998,11,3,-0.0011443100540286715,0.0211942087442661,0.01871438611709396,1.2985507246376995,0.9218749999999774,-0.0120225798702858,-11823.455487407373,48,
MGNT,2022-01-03 17:50:00,2022-01-04 06:50:00+00:00,1,2022-01-03 17:50:00+00:00,1.0,5506.375,5532.0,5519.1875,ROLLING,False,5520.2299581308225,6.7782863613864155,5510.062528588743,5530.397387672902,-0.0017626001461209303,0.021513373141498614,-0.002263262719536474,-0.0029853446716120446,-0.0013591881116346016,-8.584448526554045e-05,0.0007629587585513629,7.321428571428571,0.0013286323512255822,11.5,0.002086924961437256,9.5,0.0017239814898829507,17,0,-0.0002600362469431598,0.0036836978238937667,0.021513373141498614,1.5707317073170735,0.8260869565217391,0.001079756827874,1079.7568278740584,78,
MGNT,2022-01-04 10:20:00,2022-01-04 18:20:00+00:00,1,2022-01-04 10:20:00+00:00,1.0,5506.5,5531.0,5518.75,ROLLING,False,5514.94608205461,6.475190018202628,5505.233297027306,5524.658867081914,-0.0006248623292661892,0.32260072446148086,0.0011807447774749846,-0.0009969186151894682,-0.0010874490258269143,-0.00013064753545660168,0.0012256016940512702,10.285714285714286,0.0018662277575459106,7.5,0.0013607910732105597,6.5,0.0011793522634491519,10,1,-9.650100267476589e-05,0.003522349949678973,0.32260072446148086,0.7291666666666666,0.8666666666666668,0.0052707974235689,5276.4886030753405,48,
MGNT,2022-01-04 21:50:00,2022-01-05 06:50:00+00:00,1,2022-01-04 21:50:00+00:00,1.0,5541.6,5566.7,5554.15,ROLLING,False,5554.322355461552,6.311104145262841,5544.855699243658,5563.789011679447,-0.001588376564582614,0.03403000708551077,-0.0016203078584930974,-0.0023387604569578,-0.001800018000180037,-4.026550619043445e-05,0.0007755506128042915,5.892857142857143,0.0010626376598786662,10.5,0.0018934271030565323,9.5,0.0017131007122892436,21,1,-0.0002516796630229689,0.0034087528998334,0.03403000708551077,1.7818181818181817,0.9047619047619048,0.003092597601659,3112.254911034313,54,
MGNT,2022-01-05 10:10:00,2022-01-05 18:10:00+00:00,1,2022-01-05 10:10:00+00:00,1.0,5537.35,5555.5,5546.425,ROLLING,False,5547.849129017481,6.389223521903783,5538.265293734625,5557.432964300337,-0.0005135556052846812,0.3513575758873208,0.00036081544290089695,-0.00045065344749883884,9.01794571197545e-05,-0.00022361030053438257,0.0016445337967471326,10.535714285714286,0.0019000386448537938,13.5,0.0024346257889990984,2.0,0.0003606853020739405,10,2,-8.037840647209946e-05,0.003454973291443213,0.3513575758873208,1.2813559322033898,0.14814814814814814,0.0016411181244364,1656.657051958891,48,
MGNT,2022-01-05 18:20:00,2022-01-06 06:50:00+00:00,1,2022-01-05 18:20:00+00:00,1.0,5541.525,5594.825,5568.174999999999,ROLLING,False,5553.490576129673,13.137659259861547,5533.784087239881,5573.197065019465,-0.0006285373283384263,0.4114358689365188,-0.0014393666786614023,0.0015338807182170289,0.0016242555495398214,-0.00011626364118751952,0.001222376484579824,10.892857142857142,0.0019626769626769625,10.5,0.0018918918918918919,8.0,0.0014414414414414415,18,2,-4.784241362224599e-05,0.007096973919248435,0.4114358689365188,0.9639344262295083,0.761904761904762,-0.0191711711711711,-19384.45346787667,75,
MGNT,2022-01-10 10:10:00,2022-01-10 18:10:00+00:00,1,2022-01-10 10:10:00+00:00,1.0,5536.0,5572.3,5554.15,ROLLING,False,5549.977722654231,10.192461210436447,5534.689030838576,5565.266414469886,-0.0010770714682026158,0.30450509676340615,-0.0017106329341856075,-0.00018034265103694658,-0.00018034265103694658,-7.589070605596438e-05,0.0012199222728832102,10.5,0.001893939393939394,15.0,0.0027056277056277055,9.5,0.0017135642135642135,10,0,-0.00010567334483449018,0.0055094606067510165,0.30450509676340615,1.4285714285714284,0.6333333333333333,-0.0112373737373737,-11144.560940583318,48,
MGNT,2022-01-10 20:00:00,2022-01-11 06:50:00+00:00,1,2022-01-10 20:00:00+00:00,1.0,5450.0,5526.0,5488.0,ROLLING,False,5461.539870001889,25.89824929983607,5422.692496052135,5500.387243951643,-0.001746736310447429,0.37721345058963707,0.0010098228219956873,0.0031278748850045446,0.0011936461298320822,-0.00045418631690494204,0.00191633158071451,,,10.0,0.001834189288334556,5.5,0.0010088041085840058,20,0,-6.744611538118469e-05,0.014225795242520337,0.37721345058963707,,0.5499999999999999,0.0026962582538517,2643.9404442198447,65,
MGNT,2022-01-11 10:10:00,2022-01-11 18:10:00+00:00,1,2022-01-11 10:10:00+00:00,1.0,5472.4,5493.575,5482.987499999999,ROLLING,False,5479.156532161054,7.700631330472566,5467.6055851653455,5490.707479156763,-0.00021107850346411793,0.44993777733185586,0.00073072707343802,0.0005479452054795164,-0.001094091903719896,4.6258540743282504e-05,0.0011235313253506107,8.428571428571429,0.0015386220205497315,10.0,0.0018254837531945967,3.5,0.0006389193136181087,10,1,-2.741054524047246e-05,0.0042163230518814454,0.44993777733185586,1.1864406779661016,0.35,0.0024278933917488,2387.2021010615267,48,
MGNT,2022-01-11 20:50:00,2022-01-12 06:50:00+00:00,1,2022-01-11 20:50:00+00:00,1.0,5494.3,5541.4,5517.85,ROLLING,False,5512.625887876924,11.722312663635458,5495.04241888147,5530.209356872378,-0.0004763406642012003,0.4253307786534335,0.00018152114721359247,0.0007264802034143703,-0.0014498006524102935,-0.00023467806915868916,0.0017149742709314081,,,9.5,0.0017241379310344827,0.0,0.0,20,1,-4.063538295466964e-05,0.006379344201144585,0.4253307786534335,,0.0,-0.001016333938294,-1001.7264607935168,60,
MGNT,2022-01-12 10:10:00,2022-01-12 18:10:00+00:00,1,2022-01-12 10:10:00+00:00,1.0,5495.85,5511.8,5503.825000000001,ROLLING,False,5501.661734074006,6.739283227219971,5491.552809233176,5511.770658914836,-0.00030204221094038683,0.41780856519507803,0.0014566642388929019,9.091735612321017e-05,-9.090082719753756e-05,-1.7578758714864583e-05,0.001123996313148514,7.607142857142857,0.001383116883116883,20.0,0.0036363636363636364,11.5,0.0020909090909090908,10,2,-4.4818150648490044e-05,0.00367486237048023,0.41780856519507803,2.6291079812206575,0.575,0.0114545454545454,11278.438222074208,48,
MGNT,2022-01-13 10:10:00,2022-01-13 18:10:00+00:00,1,2022-01-13 10:10:00+00:00,1.0,5596.425,5620.0,5608.2125,ROLLING,False,5606.148421593765,10.877057926160894,5589.8328347045235,5622.464008483007,-0.001631855046599803,0.21964166364748985,-0.0012491077801570771,-0.0014272970561998166,-0.002939342656096855,-0.00010580674663540068,0.0016372280685843323,11.107142857142858,0.0019844814824268105,16.0,0.002858674289798106,7.5,0.0013400035733428623,10,3,-0.00015002724612461207,0.005820604686953132,0.21964166364748985,1.440514469453376,0.46875000000000006,-0.0379578345542254,-37802.35916110325,48,
MGNT,2022-01-14 10:10:00,2022-01-14 18:10:00+00:00,1,2022-01-14 10:10:00+00:00,1.0,5350.85,5391.625,5371.2375,ROLLING,False,5369.518843106963,15.157421621690002,5346.782710674428,5392.2549755394975,0.0008345546452062161,0.5985470353485629,0.00018611576400529017,0.0007448789571695702,0.0021445221445222096,0.00032009782839646507,0.0023878436186473063,17.678571428571427,0.003289648572491892,25.0,0.0046520282843319685,1.0,0.00018608113137327876,10,4,5.505914304131932e-05,0.008468592101775346,0.4014529646514371,1.4141414141414141,0.04000000000000001,-0.0212969854856717,-20404.67668107299,48,
MGNT,2022-01-17 11:00:00,2022-01-17 19:00:00+00:00,1,2022-01-17 11:00:00+00:00,1.0,5176.0,5245.6,5210.8,ROLLING,False,5219.563296466375,22.617128150127193,5185.637604241184,5253.488988691565,0.0014247750455790096,0.6096028267347109,0.005966127790608233,-0.004096408497666015,0.0016288205423014013,0.00040057311639100647,0.0037632573846931258,29.071428571428573,0.005561780863100932,65.5,0.012531088578534532,28.5,0.0054524583891333465,11,0,6.299540048239931e-05,0.01299943704032031,0.3903971732652891,2.2530712530712527,0.43511450381679395,-0.0030132006887315,-2825.469130062259,48,
VKCO,2022-01-03 17:20:00,2022-01-04 06:50:00+00:00,1,2022-01-03 17:20:00+00:00,1.0,880.2,885.2,882.7,ROLLING,False,882.4129304872179,1.3195650173582028,880.4335829611806,884.3922780132551,-0.002281166127185445,-0.00848334128768739,-0.00249263539542266,-0.0018140589569161092,-0.00249263539542266,-0.0002146103806613897,0.0012249760898289453,1.4285714285714448,0.0016226390601674749,2.2000000000000455,0.0024988641526579344,2.2000000000000455,0.0024988641526579344,17,0,-0.0017287258279644214,0.004486216050674544,-0.00848334128768739,1.5400000000000142,1.0,0.0066787823716492,6678.782371649232,81,
VKCO,2022-01-04 11:50:00,2022-01-04 19:50:00+00:00,1,2022-01-04 11:50:00+00:00,1.0,877.0400000000001,886.8,881.9200000000001,ROLLING,False,880.3161223407376,3.3250150967336523,875.3285996956371,885.3036449858381,-0.0035397765207933027,0.1876082012581269,-0.001138692780687789,0.000684462696783017,-0.0036347114947750114,-0.0003962283756680562,0.0015247149447643964,2.9000000000000017,0.003305973552211584,2.800000000000068,0.003191974464204364,1.0,0.0011399908800729594,11,1,-0.0010645896087120394,0.01133120822969553,0.1876082012581269,0.9655172413793334,0.35714285714284844,-0.005266757865937,-5301.933395527856,48,
VKCO,2022-01-04 20:00:00,2022-01-05 06:50:00+00:00,1,2022-01-04 20:00:00+00:00,1.0,869.48,883.2,876.34,ROLLING,False,872.8850921871688,5.27770662558855,864.9685322487859,880.8016521255516,-0.0028469866302126305,0.3430446932435895,-0.00022972662531595134,0.0027649769585254003,0.004384952688668342,-0.00022391286374935372,0.002123599355110914,,,1.2000000000000455,0.0013786764705882876,0.0,0.0,20,1,-0.0005394363181176531,0.018138836392649408,0.3430446932435895,,0.0,0.0028952205882353,2899.20686973787,65,
VKCO,2022-01-05 11:10:00,2022-01-05 19:10:00+00:00,1,2022-01-05 11:10:00+00:00,1.0,870.1,875.6,872.85,ROLLING,False,873.183123326928,2.112505599138458,870.0143649282203,876.3518817256357,-0.001354954413708978,0.313314368269523,-0.005020538566864463,-0.0038839387708475837,-0.002516586593456882,8.185671924708649e-05,0.0017835602377873,2.5000000000000244,0.002866972477064248,7.2000000000000455,0.008256880733945007,4.600000000000023,0.0052752293577981915,11,2,-0.0006413968390245064,0.007257946962223433,0.313314368269523,2.87999999999999,0.6388888888888881,-0.0218348623853211,-21928.229476267417,48,
VKCO,2022-01-10 10:20:00,2022-01-10 18:20:00+00:00,1,2022-01-10 10:20:00+00:00,1.0,788.8,798.8,793.8,ROLLING,False,793.7490627371039,2.681370079389895,789.7270076180191,797.7711178561888,0.0005681106083339825,0.5560580660315155,0.00025188916876572875,-0.0012575452716298008,0.0015132408575031508,-0.0005708874475754411,0.003179785970607711,3.328571428571422,0.004191099758966786,3.800000000000068,0.004784688995215397,0.20000000000004547,0.00025182573659033675,10,0,0.000211873255654157,0.010134324077726723,0.44394193396848447,1.1416309012875765,0.05263157894737944,-0.032435154872828,-31862.60388728372,48,
VKCO,2022-01-11 10:10:00,2022-01-11 18:10:00+00:00,1,2022-01-11 10:10:00+00:00,1.0,758.5899999999999,766.78,762.685,ROLLING,False,761.4453715019249,2.987542832739738,756.9640572528153,765.9266857510345,0.0004657307160138773,0.5395674659666534,0.0036890645586296067,0.002632271650434337,0.0,-0.0005320881580806791,0.0025503218536812463,2.8142857142856963,0.003694257960469541,3.199999999999932,0.004200577579417081,3.199999999999932,0.004200577579417081,10,1,0.00015589089164180355,0.011770546954065358,0.4604325340333466,1.137055837563435,1.0,0.0020215279600945,1921.4324529046796,48,
VKCO,2022-01-11 18:20:00,2022-01-12 07:00:00+00:00,1,2022-01-11 18:20:00+00:00,1.0,762.07,772.13,767.1,ROLLING,False,765.092611905056,2.4013734966014604,761.4905516601538,768.6946721499581,-0.0035193280697763535,0.12624002348840732,-0.0020942408376963817,-0.0015715034049240684,-0.0018329405603561,-0.0004034255935175202,0.0017520185110959626,3.471428571428549,0.004553290361265148,2.0,0.002623294858342078,1.3999999999999773,0.0018363064008394246,18,1,-0.0014655479769211564,0.009416011052395805,0.12624002348840732,0.5761316872428022,0.6999999999999886,0.0084470094438615,8044.988008634313,76,
VKCO,2022-01-12 16:50:00,2022-01-13 06:50:00+00:00,1,2022-01-12 16:50:00+00:00,1.0,771.11,784.13,777.62,ROLLING,False,777.231270630836,3.205874410439235,772.4224590151771,782.0400822464949,-0.005186706689714083,0.08084544030494582,-0.0007753941586972068,-0.003094378545642096,-0.003094378545642096,-0.0006411505194326983,0.001562471845467799,2.200000000000013,0.0028453181583031725,3.2000000000000455,0.004138644593895558,1.1999999999999318,0.001551991722710724,16,2,-0.0016178758197216638,0.012374210347341914,0.08084544030494582,1.4545454545454666,0.37499999999997335,-0.0043455768235903,-4173.716399756042,84,
VKCO,2022-01-13 14:40:00,2022-01-13 22:40:00+00:00,1,2022-01-13 14:40:00+00:00,1.0,766.6,781.62,774.11,ROLLING,False,777.1297348646351,4.327009413214254,770.6392207448138,783.6202489844565,-0.007630302378878786,0.0431999102716467,0.0012983640612826974,-0.010774756285274467,-0.012042018959774525,-0.0006029535866176993,0.0023442885013342483,3.057142857142838,0.003964137522228783,4.2000000000000455,0.005446058091286366,1.0,0.0012966804979253112,14,3,-0.0017634124750402912,0.016703811033435483,0.0431999102716467,1.3738317757009582,0.23809523809523553,-0.0130705394190872,-12499.068334497531,48,
VKCO,2022-01-14 10:30:00,2022-01-14 18:30:00+00:00,1,2022-01-14 10:30:00+00:00,1.0,757.21,764.37,760.79,ROLLING,False,760.9734326026904,2.215429844295249,757.6502878362476,764.2965773691333,3.491238481048033e-05,0.5039973277086595,0.002370916754478314,-0.003926701570680646,-0.00026274303730955406,0.0001355019165963145,0.0028703876184606376,2.885714285714284,0.0037920030035667332,4.0,0.005256241787122208,2.0,0.002628120893561104,10,4,1.5758740860325603e-05,0.008733931104735134,0.49600267229134054,1.386138613861387,0.5,-0.0827858081471747,-78131.49548909906,48,
OZON,2022-01-03 14:00:00,2022-01-03 22:00:00+00:00,1,2022-01-03 14:00:00+00:00,1.0,2267.3,2304.2,2285.75,ROLLING,False,2287.7166330596983,9.676644639611428,2273.2016661002813,2302.2316000191154,-0.006870008650799627,-0.0413940349861304,-0.0030715225976305494,-0.005689277899343592,-0.009590235396687019,-0.0007177815532239396,0.0024975790293282865,10.25,0.004511443661971831,15.0,0.006602112676056338,7.0,0.0030809859154929575,14,0,-0.0007099577288058288,0.012689479763063193,-0.0413940349861304,1.4634146341463414,0.4666666666666666,-0.0112455985915492,-11245.598591549297,48,
OZON,2022-01-03 22:10:00,2022-01-04 07:00:00+00:00,1,2022-01-03 22:10:00+00:00,1.0,2235.0,2276.9,2255.95,ROLLING,False,2244.406082957507,10.720503636047601,2228.3253275034353,2260.4868384115784,-0.004190900670306631,0.2075360363394702,-0.0002236636099306466,-0.0026773761713521083,-0.003566651805617438,-0.00030913533331135,0.0023804242210684447,6.25,0.002796420581655481,2.5,0.0011185682326621924,0.5,0.00022371364653243848,22,0,-0.000390923860723741,0.014329630966675656,0.2075360363394702,0.39999999999999997,0.2,0.0032885906040268,3251.6084341620185,53,
OZON,2022-01-04 10:30:00,2022-01-04 18:30:00+00:00,1,2022-01-04 10:30:00+00:00,1.0,2240.0,2255.0,2247.5,ROLLING,False,2246.703748768376,5.160705514884412,2238.9626904960496,2254.4448070407025,-0.0003132361214787814,0.454544408295447,-0.002442815900510764,0.001784121320249854,-0.002664298401420906,6.806018780590173e-05,0.0016071526348746784,6.428571428571429,0.0028622312682864775,9.0,0.004007123775601068,4.5,0.002003561887800534,10,1,-6.0696375829884415e-05,0.006891036058109584,0.454544408295447,1.4,0.5,-0.0115316117542297,-11439.428163367618,48,
OZON,2022-01-05 11:20:00,2022-01-05 19:20:00+00:00,1,2022-01-05 11:20:00+00:00,1.0,2196.0,2216.625,2206.3125,ROLLING,False,2208.3954959180865,6.717677326864985,2198.318979927789,2218.472011908384,-0.002216765940310556,0.2570839006855051,-0.005416384563303955,-0.005640794223826684,-0.0006802721088435826,-0.0002351260683506662,0.0023095233040734795,6.785714285714286,0.003079516353852637,15.5,0.007034263671431813,12.0,0.005445881552076242,11,2,-0.000329989940339257,0.009125644395600914,0.2570839006855051,2.2842105263157895,0.7741935483870968,-0.0358974358974359,-35199.82600899854,48,
OZON,2022-01-06 15:20:00,2022-01-06 23:20:00+00:00,1,2022-01-06 15:20:00+00:00,1.0,2050.5,2078.0,2064.25,ROLLING,False,2064.971670542338,8.307114123888361,2052.5109993565056,2077.4323417281703,-0.0033761579598362928,0.22025300891236543,-0.0007283321194464509,-0.0014556040756914523,-0.002423654871546277,-0.000241141676729828,0.001585544397359518,7.25,0.003522837706511176,4.0,0.001943634596695821,1.5,0.0007288629737609329,15,3,-0.00040641766917919676,0.01206861223675741,0.22025300891236543,0.5517241379310345,0.375,0.0008503401360544,803.8832956379646,48,
OZON,2022-01-10 10:20:00,2022-01-10 18:20:00+00:00,1,2022-01-10 10:20:00+00:00,1.0,2073.5,2100.0,2086.75,ROLLING,False,2084.784041771888,11.332246833771888,2067.78567152123,2101.782412022546,0.00010358781714791537,0.5063523215734049,0.006760019314340893,0.0016814797021378336,-0.003822264691829891,-0.00043397487794975543,0.004000618034608747,10.142857142857142,0.00486467968482357,17.5,0.008393285371702638,14.5,0.006954436450839328,10,0,9.140977836734661e-06,0.016307080167604064,0.49364767842659507,1.7253521126760563,0.8285714285714285,-0.0271942446043165,-25730.395793460742,48,
OZON,2022-01-12 10:10:00,2022-01-12 18:10:00+00:00,1,2022-01-12 10:10:00+00:00,1.0,2056.35,2074.15,2065.25,ROLLING,False,2062.9598166627084,7.053860807877367,2052.379025450892,2073.5406078745245,-0.0014347427607661878,0.3601325456926621,-0.002421307506053294,-0.0072289156626506035,-0.00048520135856378044,1.6157628651369827e-06,0.0018440394350374748,6.821428571428571,0.003311373092926491,10.5,0.005097087378640777,5.5,0.002669902912621359,10,2,-0.00020339822401427957,0.010257874270118296,0.3601325456926621,1.5392670157068062,0.5238095238095238,0.0100242718446601,9226.743214325508,48,
OZON,2022-01-12 23:30:00,2022-01-13 07:30:00+00:00,1,2022-01-12 23:30:00+00:00,1.0,2064.0,2097.4,2080.7,ROLLING,False,2081.967988440805,9.275822789700959,2068.054254256254,2095.8817226253564,-0.005508244365175641,0.08788962442813068,-0.0014468290330359457,-0.0014468290330359457,-0.006477927063339717,-0.0006216009622330876,0.0021335950616798477,7.5,0.003622313450857281,4.0,0.001931900507123883,4.0,0.001931900507123883,23,2,-0.0005938281153119378,0.013365944396648757,0.08788962442813068,0.5333333333333333,1.0,0.0008452064718666,785.7605535748905,48,
OZON,2022-01-13 10:30:00,2022-01-13 18:30:00+00:00,1,2022-01-13 10:30:00+00:00,1.0,2061.525,2079.625,2070.575,ROLLING,False,2069.3678893803303,6.895288068290268,2059.024957277895,2079.710821482766,-0.0009026376556416281,0.4097021346639951,0.0026673132880699058,0.0,-0.0019309678976586753,-0.00019180199176205281,0.0016387482819059554,6.75,0.0032648125755743653,15.5,0.0074969770253929865,7.0,0.003385731559854897,10,3,-0.00013090644606896648,0.009996223634776391,0.4097021346639951,2.2962962962962963,0.45161290322580644,-0.0363966142684401,-33865.32972539753,48,
OZON,2022-01-14 11:20:00,2022-01-14 19:20:00+00:00,1,2022-01-14 11:20:00+00:00,1.0,1864.45,1901.25,1882.85,ROLLING,False,1883.102035412079,17.07685452955583,1857.4867536177453,1908.7173172064126,-0.009347361471162727,0.1564153470298206,-0.002673082063619381,-0.002673082063619381,-0.018416206261510082,-0.0004543112579876052,0.005109822289298601,14.571428571428571,0.007811004326683769,9.5,0.0050924685071026534,5.0,0.002680246582685607,11,4,-0.0005473702112402929,0.027205410341695352,0.1564153470298206,0.6519607843137255,0.5263157894736842,-0.0431519699812382,-38689.51331321447,48,
OZON,2022-01-26 10:30:00,2022-01-26 18:30:00+00:00,1,2022-01-26 10:30:00+00:00,1.0,1340.0,1364.5,1352.25,ROLLING,False,1349.3150061056444,12.93186575769914,1329.9172074690957,1368.7128047421932,-0.0028273650618139998,0.4016639419470947,0.005981308411215025,-0.0014842300556586752,-0.009204712812960203,-0.0003988369581534479,0.004146976709353934,10.285714285714286,0.007644529383659819,13.0,0.00966183574879227,8.0,0.005945745076179859,10,2,-0.00021863550973924196,0.0287520683439727,0.4016639419470947,1.2638888888888888,0.6153846153846154,0.0275733927907841,23655.155878672256,48,
OZON,2022-01-28 14:00:00,2022-01-28 22:00:00+00:00,1,2022-01-28 14:00:00+00:00,1.0,1458.55,1487.35,1472.9499999999998,ROLLING,False,1472.571764611988,7.879552435056092,1460.752435959404,1484.3910932645722,-0.0037836964865724017,0.26429437002033396,-0.004073319755600768,-0.0006811989100817817,-0.004411265693926025,-0.0009018650571360698,0.004492404476154134,9.035714285714286,0.006159314441523031,13.5,0.009202453987730062,4.5,0.003067484662576687,14,4,-0.0004801918024859831,0.01605263517421631,0.26429437002033396,1.4940711462450593,0.3333333333333333,-0.038173142467621,-33651.65054376382,48,
OZON,2022-02-02 11:20:00,2022-02-02 19:20:00+00:00,1,2022-02-02 11:20:00+00:00,1.0,1645.0,1675.95,1660.475,ROLLING,False,1658.9843989185115,12.424280513156296,1640.347978148777,1677.620819688246,-0.005114212601421961,0.27237048295533967,-0.0015124016938898865,-0.007516536380036132,-0.010491606714628343,-0.00022012718607011816,0.003707778515159308,11.964285714285714,0.00724888561907647,11.0,0.006664647076643442,2.5,0.001514692517418964,11,2,-0.0004116304840353877,0.02246726464924391,0.27237048295533967,0.9194029850746269,0.22727272727272727,0.0031808542865798,2697.0508321673783,48,
OZON,2022-02-07 10:10:00,2022-02-07 18:10:00+00:00,1,2022-02-07 10:10:00+00:00,1.0,1533.125,1560.15,1546.6375,ROLLING,False,1545.3982744388964,7.31215240052706,1534.4300458381058,1556.366503039687,-0.004787293063066554,0.1627406891226215,-0.0006497725795971965,-0.011568123393316143,-0.003240440699935232,0.00026915737053687105,0.0042001080841373465,9.357142857142858,0.006083968047557124,14.0,0.009102730819245773,0.0,0.0,10,0,-0.000654703676953107,0.014194695027432848,0.1627406891226215,1.49618320610687,0.0,-0.0109232769830949,-9291.32258072538,48,
OZON,2022-02-09 17:40:00,2022-02-10 06:50:00+00:00,1,2022-02-09 17:40:00+00:00,1.0,1630.0,1662.0,1646.0,ROLLING,False,1647.382293337133,9.102610107611506,1633.7283781757158,1661.0362084985502,-0.005998785696011235,0.13811503073279535,-0.006672732787382452,-0.012364294330518666,-0.0033475349969568358,-0.0006884759638583204,0.004271008828652428,13.857142857142858,0.00846237731733915,21.0,0.01282442748091603,10.5,0.006412213740458015,17,2,-0.000659018196439625,0.016576498626506696,0.13811503073279535,1.5154639175257731,0.5,0.0117557251908396,9890.175509401652,79,
OZON,2022-02-10 11:40:00,2022-02-10 19:40:00+00:00,1,2022-02-10 11:40:00+00:00,1.0,1630.9,1658.0,1644.45,ROLLING,False,1643.9607240201806,6.301018205982187,1634.5091967112073,1653.4122513291538,-0.0036258311607372724,0.18466874054728263,-0.001828153564899404,-0.006670709520921747,-0.0030432136335970528,-8.26022334023957e-06,0.0038417654209371935,9.535714285714286,0.005821559392987965,11.0,0.006715506715506716,2.0,0.001221001221001221,11,3,-0.0005754357537476893,0.01149848310957243,0.18466874054728263,1.1535580524344569,0.1818181818181818,0.0074786324786324,6365.791870707531,48,
OZON,2022-02-11 10:10:00,2022-02-11 18:10:00+00:00,1,2022-02-11 10:10:00+00:00,1.0,1606.925,1631.875,1619.4,ROLLING,False,1618.7608711367661,10.060301125309701,1603.6704194488016,1633.8513228247307,-0.006029841288362504,0.1765878404901908,-0.002479851208927464,-0.0034066274388355744,-0.0009313877677740168,-0.0006439283796590811,0.002977583959036534,8.5,0.0052827843380981974,5.5,0.003418272218769422,5.5,0.003418272218769422,10,4,-0.0005993698611259888,0.01864444830244429,0.1765878404901908,0.6470588235294118,1.0,-0.018924798011187,-16229.208541476586,48,
OZON,2022-02-18 10:10:00,2022-02-18 18:10:00+00:00,1,2022-02-18 10:10:00+00:00,1.0,1600.55,1630.95,1615.75,ROLLING,False,1609.9131029324817,12.776734903740161,1590.7480005768714,1629.078205288092,-0.004915236057193315,0.29355437853518024,-0.005586592178770999,0.0012499999999999734,-0.01050030883261277,-8.28973327240634e-05,0.004739037830957296,9.428571428571429,0.005885500267522739,14.5,0.009051186017478152,6.5,0.004057428214731586,10,4,-0.000384702045884545,0.02380886560982799,0.29355437853518024,1.5378787878787878,0.4482758620689656,-0.0561485642946317,-47239.69037115244,48,
OZON,2022-04-08 13:10:00,2022-04-11 09:50:00+00:00,1,2022-04-08 13:10:00+00:00,1.0,1216.925,1235.0,1225.9625,ROLLING,False,1223.8121155489273,6.23792176912333,1214.4552328952423,1233.1689982026123,-0.0022978327418060837,0.34973010493939477,0.0008196721311475308,0.002051702913418163,0.0032867707477404196,8.433639229410427e-06,0.00421746416790328,4.964285714285714,0.004065754065754066,3.0,0.002457002457002457,1.0,0.000819000819000819,13,4,-0.0003683651105052281,0.015291371175040392,0.34973010493939477,0.60431654676259,0.33333333333333337,-0.0252252252252252,-20031.205195274943,412,
