symbol,side,entry_time,exit_time,entry_price,exit_price,qty,pnl,pnl_rel,bars_held,entry_reason,exit_reason,post_circuit_breaker,entry_geo_class,entry_geo_valid_box,entry_geo_h_pct,entry_atr_pct,entry_slope_pct_per_bar,entry_dist_L_pct,entry_dist_U_pct
VKCO,1,2022-01-11 10:20:00+00:00,2022-01-11 10:30:00+00:00,761.8,773.2269999999999,918.876345497506,10499.999999999916,0.010499999999999916,1,v3_long,tp,False,A,True,0.024153321081648697,0.0037880208528672426,-7.876082961406e-06,0.31521739130434573,0.6847826086956542
VKCO,1,2022-01-11 18:40:00+00:00,2022-01-11 19:30:00+00:00,761.6,767.2,928.768382352941,5201.10294117649,0.005147058823529432,5,v3_long,opposite_signal,False,A,True,0.01310615989515072,0.004744429882044555,-5.2424639580614795e-06,0.16000000000000228,0.8399999999999977
VKCO,-1,2022-01-11 20:00:00+00:00,2022-01-12 07:00:00+00:00,767.8,771.6,926.0103829888297,-3518.8394553576163,-0.00346444386559006,66,v3_short,timeout,False,A,True,0.01379848997656863,0.004154955395331782,-8.331163759437469e-05,0.7924528301886754,0.2075471698113246
VKCO,1,2022-01-12 23:10:00+00:00,2022-01-13 07:10:00+00:00,768.0,766.0,922.5619589063452,-1845.1239178126905,-0.0018229166666666667,48,v3_long,timeout,False,A,True,0.006510416666666667,0.003135629251700668,-0.0002630208333333339,0.2400000000000091,0.7599999999999909
VKCO,-1,2022-01-14 10:20:00+00:00,2022-01-14 10:30:00+00:00,761.6,761.0,928.6186944558879,557.1712166735539,0.000551470588235315,1,v3_short,opposite_signal,False,A,True,0.014443277310924369,0.004264205682272905,7.615546218487335e-05,0.690909090909093,0.30909090909090703
VKCO,-1,2022-01-14 11:20:00+00:00,2022-01-14 12:10:00+00:00,762.0,750.5699999999999,928.6430676499681,10614.390263239195,0.010500000000000058,5,v3_short,tp,False,A,True,0.01366622864651771,0.004711150046235458,0.0001235216819973701,0.7115384615384609,0.2884615384615391
VKCO,1,2022-01-20 21:40:00+00:00,2022-01-20 23:00:00+00:00,689.4,682.506,1037.2151011510634,-7150.560907335437,-0.007000000000000005,8,v3_long,sl,False,A,True,0.02814857806152057,0.0064019804091108344,-0.00021474172954149672,0.12371134020618454,0.8762886597938154
VKCO,1,2022-01-21 10:20:00+00:00,2022-01-21 11:00:00+00:00,675.8,685.9369999999999,1050.6817077514181,10650.760471476066,0.010499999999999942,4,v3_long,tp,False,A,True,0.028164838422769047,0.007934154984258724,-0.00018677734954046705,0.3578947368421029,0.6421052631578972
VKCO,-1,2022-01-21 11:20:00+00:00,2022-01-21 12:10:00+00:00,679.0,673.0,1056.710206816556,6340.2612408993355,0.006185567010309278,5,v3_short,opposite_signal,False,A,True,0.026804123711340104,0.008367424862270196,-0.00010309278350515464,0.48351648351648285,0.5164835164835172
VKCO,1,2022-01-21 12:30:00+00:00,2022-01-21 13:40:00+00:00,674.6,667.854,1070.1814605648844,-7219.44413297069,-0.00699999999999998,7,v3_long,sl,False,A,True,0.026986951364175463,0.00796350568697227,,0.24175824175824143,0.7582417582417585
VKCO,-1,2022-01-27 10:20:00+00:00,2022-01-27 10:20:00+00:00,581.0,586.8100000000001,1233.89122616866,-7168.908024039988,-0.00700000000000007,0,v3_short,sl,False,A,True,0.027548209366391185,0.007493768857405211,-0.0003409090909090901,0.625,0.375
VKCO,1,2022-01-28 10:20:00+00:00,2022-01-28 10:50:00+00:00,597.0,591.03,1192.4163597774937,-7118.725667871669,-0.007000000000000032,3,v3_long,sl,False,A,True,0.022445561139028628,0.007114939778256338,0.00025460636515912597,0.3880597014925381,0.6119402985074619
VKCO,-1,2022-01-28 21:50:00+00:00,2022-01-28 22:40:00+00:00,597.4,591.8,1183.2766300965072,6626.349128540467,0.006561767659859417,5,v3_short,opposite_signal,False,A,True,0.020100502512562814,0.004731138686630426,-0.0001340033500837521,0.9166666666666666,0.08333333333333333
VKCO,-1,2022-01-28 23:10:00+00:00,2022-01-31 06:50:00+00:00,594.8,597.2,1196.247315416328,-2870.9935569992963,-0.0028244788164089847,334,v3_short,timeout,False,A,True,0.014122394082044347,0.004343768442144845,-0.00012441156691324587,0.5714285714285675,0.42857142857143243
VKCO,1,2022-02-01 21:10:00+00:00,2022-02-01 23:20:00+00:00,644.6,649.0,1100.7108403967302,4843.127697745588,0.004778156996587006,13,v3_long,opposite_signal,False,A,True,0.02016754576481539,0.005464550076934266,0.00012100527458889162,0.3230769230769266,0.6769230769230734
VKCO,-1,2022-02-01 23:40:00+00:00,2022-02-01 23:40:00+00:00,650.8,657.308,1095.4339230303538,-7129.083971081584,-0.007000000000000041,0,v3_short,sl,False,A,True,0.014764687788372843,0.005323322808052757,2.1531836358045077e-05,0.979166666666662,0.02083333333333802
VKCO,1,2022-02-03 20:50:00+00:00,2022-02-03 21:10:00+00:00,601.0,602.8,1177.9002301637224,2120.2204142946466,0.002096505823627235,2,v3_long,opposite_signal,False,A,True,0.022628951747088222,0.006336378145268091,-9.65058236272833e-05,0.4852941176470597,0.5147058823529403
VKCO,-1,2022-02-03 21:30:00+00:00,2022-02-04 06:50:00+00:00,603.6,611.0,1175.2852760410924,-8697.111042704057,-0.008581842279655374,56,v3_short,gap_sl,False,A,True,0.022200132538104666,0.00586954463694026,-0.0001325381047051027,0.6716417910447773,0.3283582089552227
VKCO,-1,2022-02-07 18:40:00+00:00,2022-02-08 06:50:00+00:00,579.6,580.0,1213.4475757220678,-485.3790302887995,-0.00048309178743958603,73,v3_short,timeout,False,A,True,0.016206896551724293,0.005496551724137931,-5.5172413793100316e-05,0.40425531914893953,0.5957446808510605
VKCO,1,2022-02-08 11:20:00+00:00,2022-02-08 16:00:00+00:00,581.8,590.5269999999999,1208.2750937904923,10544.616743509596,0.01049999999999997,28,v3_long,tp,False,A,True,0.0165118679050568,0.00453566741836436,7.223942208462411e-05,0.24999999999999703,0.750000000000003
VKCO,1,2022-02-09 19:40:00+00:00,2022-02-09 22:50:00+00:00,626.6,629.8,1133.6669027892835,3627.73408892563,0.0035748483881263204,19,v3_long,opposite_signal,False,A,True,0.016911295469049174,0.005281116913900196,0.00012444160816847043,0.3396226415094354,0.6603773584905647
VKCO,-1,2022-02-09 23:30:00+00:00,2022-02-09 23:40:00+00:00,629.6,635.8960000000001,1132.2984357528796,-7128.9509515001855,-0.007000000000000054,1,v3_short,sl,False,A,True,0.010482846251588346,0.004097191608536665,-0.00010800508259212126,0.7878787878787921,0.21212121212120794
VKCO,1,2022-02-10 11:10:00+00:00,2022-02-10 11:20:00+00:00,633.6,627.264,1117.2740364330223,-7079.048294839643,-0.007000000000000014,1,v3_long,sl,False,A,True,0.02050473186119874,0.007510313030817753,0.00010094637223974549,0.23076923076923078,0.7692307692307693
VKCO,1,2022-02-11 19:20:00+00:00,2022-02-11 21:30:00+00:00,590.6,584.6940000000001,1190.2294203819422,-7029.49495677569,-0.006999999999999939,13,v3_long,sl,False,A,True,0.02235015238740272,0.005584082600192119,-0.00012868269556383185,0.19696969696969802,0.803030303030302
VKCO,-1,2022-02-15 11:10:00+00:00,2022-02-15 11:10:00+00:00,608.0,614.08,1148.0737651444608,-6980.288492078369,-0.007000000000000048,0,v3_short,sl,False,A,True,0.01740558292282434,0.007035493242389771,0.00042036124794745706,0.8113207547169815,0.18867924528301847
VKCO,1,2022-02-15 20:50:00+00:00,2022-02-15 23:00:00+00:00,606.0,615.0899999999999,1143.7997479593685,10397.139708950566,0.010499999999999905,13,v3_long,tp,False,A,True,0.019808517662594918,0.00675780381482403,-0.00017497523935292028,0.25,0.75
VKCO,-1,2022-02-17 19:20:00+00:00,2022-02-17 23:10:00+00:00,592.6,583.711,1181.9450642248441,10506.309675894652,0.010500000000000013,23,v3_short,tp,False,A,True,0.02228976697061811,0.00565170343720061,-0.00035123269165822276,0.954545454545453,0.04545454545454702
VKCO,1,2022-02-17 23:30:00+00:00,2022-02-18 07:00:00+00:00,584.6,593.3689999999999,1210.6997294436692,10616.625927491405,0.010499999999999872,45,v3_long,tp,False,A,True,0.017105713308244952,0.0046220335551257746,-9.579199452617019e-05,0.16000000000000228,0.8399999999999977
VKCO,-1,2022-02-18 10:20:00+00:00,2022-02-18 11:00:00+00:00,594.0,590.6,1204.0516834714024,4093.7757238027407,0.00400673400673398,4,v3_short,opposite_signal,False,A,True,0.021885521885521887,0.005178771845438486,0.0002962962962962986,0.41538461538461363,0.5846153846153863
VKCO,-1,2022-09-13 13:20:00+00:00,2022-09-13 17:00:00+00:00,466.6,459.601,1538.9462987326935,10771.085144830158,0.010500000000000034,22,v3_short,tp,False,A,True,0.028289755679382744,0.005143591941705967,,0.4242424242424263,0.5757575757575737
VKCO,1,2022-09-13 21:40:00+00:00,2022-09-14 09:50:00+00:00,463.8,460.0,1564.4935372791203,-5945.075441660675,-0.005735230702889194,73,v3_long,timeout,False,A,True,0.009495036685368963,0.0036112848246765334,-0.00018990073370738172,0.6363636363636422,0.36363636363635776
VKCO,-1,2022-09-14 22:40:00+00:00,2022-09-15 09:50:00+00:00,465.2,467.0,1550.8395309133566,-2791.5111556440597,-0.002708512467755821,67,v3_short,timeout,False,A,True,0.003870967741935508,0.0032565284178187374,0.00040000000000000295,0.555555555555552,0.444444444444448
VKCO,1,2022-09-15 13:20:00+00:00,2022-09-15 15:00:00+00:00,472.6,479.68899999999996,1522.4216927040684,10792.447379579053,0.010499999999999916,10,v3_long,tp,False,A,True,0.0275190516511431,0.005140921737026756,,0.5076923076923094,0.49230769230769056
VKCO,-1,2022-09-22 23:40:00+00:00,2022-09-23 09:50:00+00:00,467.4,470.0,1555.5224756903042,-4044.358436794826,-0.0038938810440736333,61,v3_short,timeout,False,A,True,0.01069747539580659,0.00463702811034555,0.00014976465554129227,0.8799999999999955,0.12000000000000455
VKCO,1,2022-10-04 21:40:00+00:00,2022-10-05 09:50:00+00:00,390.6,387.4,1854.1222586581966,-5933.191227706314,-0.005734767025089687,73,v3_long,timeout,False,A,True,0.012800819252432155,0.00605034640584344,-0.00017921146953405018,0.32000000000000456,0.6799999999999955
VKCO,1,2022-10-06 13:20:00+00:00,2022-10-06 18:00:00+00:00,392.8,388.872,1833.164257567457,-7200.669203724967,-0.006999999999999995,28,v3_long,sl,False,A,True,0.02748091603053438,0.0071004483218223705,,0.4259259259259276,0.5740740740740724
VKCO,1,2022-10-12 23:00:00+00:00,2022-10-12 23:00:00+00:00,422.8,425.2,1691.169470032852,4058.806728078806,0.003973509933774796,0,v3_long,opposite_signal,False,A,True,0.011369019422074873,0.0054428213729831205,5.210800568451079e-05,0.8333333333333314,0.16666666666666863
VKCO,-1,2022-10-12 23:20:00+00:00,2022-10-13 09:50:00+00:00,425.6,428.2,1686.719024059081,-4385.469462553553,-0.004276315789473628,63,v3_short,timeout,False,A,True,0.019266917293233054,0.005380159582630058,0.0001315789473684189,0.8292682926829293,0.17073170731707063
VKCO,-1,2022-10-14 21:40:00+00:00,2022-10-14 21:50:00+00:00,435.0,439.35,1643.2133057833503,-7147.977880157611,-0.007000000000000036,1,v3_short,sl,False,A,True,0.005519779208831594,0.003708014944708334,-0.0001931922723091071,0.5833333333333294,0.4166666666666706
VKCO,1,2022-10-20 23:40:00+00:00,2022-10-21 09:50:00+00:00,434.2,435.8,1634.7171890825591,2615.5475025321316,0.002579456471672077,61,v3_long,timeout,False,A,True,0.009664058904740095,0.004094781032523479,-0.0002715140358950749,0.19047619047619113,0.8095238095238089
VKCO,1,2022-10-27 21:40:00+00:00,2022-10-28 09:50:00+00:00,446.0,444.8,1595.5719433888332,-1914.6863320665818,-0.0018834080717488612,73,v3_long,timeout,False,A,True,0.01704035874439454,0.0038985997986638594,-0.0003363228699551569,0.5789473684210522,0.4210526315789478
VKCO,1,2022-11-01 13:20:00+00:00,2022-11-01 21:20:00+00:00,461.4,466.6,1539.412237362317,8004.943634284118,0.00788903337667974,48,v3_long,timeout,False,A,True,0.032076289553532755,0.0057382294053295495,,0.5540540540540528,0.44594594594594716
VKCO,1,2022-11-08 22:40:00+00:00,2022-11-09 09:50:00+00:00,475.0,476.8,1507.1331933957304,2712.8397481123316,0.002652631578947385,67,v3_long,timeout,False,A,True,0.015157894736842202,0.003102040816326545,0.00038315789473684306,0.361111111111112,0.6388888888888881
VKCO,-1,2022-11-09 13:20:00+00:00,2022-11-09 17:00:00+00:00,481.4,474.179,1491.0412436365818,10766.808820299762,0.010500000000000004,22,v3_short,tp,False,A,True,0.02534275031159117,0.005559182542979794,,0.6393442622950788,0.36065573770492115
VKCO,-1,2022-11-14 21:40:00+00:00,2022-11-14 22:50:00+00:00,523.8,522.8,1384.7346713647585,1384.7346713647585,0.0013363879343260788,7,v3_short,opposite_signal,False,A,True,0.011450381679389313,0.004299735161240064,0.0005877862595419839,0.5,0.5
VKCO,1,2022-11-14 23:10:00+00:00,2022-11-15 09:50:00+00:00,522.2,522.0,1390.8336559379848,-278.1667311876602,-0.00026809651474536927,64,v3_long,timeout,False,A,True,0.011106855610876971,0.003314079365947832,1.9149751053236305e-05,0.2068965517241474,0.7931034482758526
VKCO,-1,2022-11-22 13:20:00+00:00,2022-11-22 20:50:00+00:00,499.6,504.596,1453.3599247777909,-7260.9861841898155,-0.006999999999999972,45,v3_short,sl,False,A,True,0.03323988786543857,0.005644869080992417,,0.7951807228915679,0.2048192771084321
VKCO,-1,2022-11-23 13:20:00+00:00,2022-11-23 21:20:00+00:00,504.4,504.0,1429.4526726606891,571.7810690642432,0.0005551149881046474,48,v3_short,timeout,False,A,True,0.025773195876288662,0.004777009931649087,,0.6461538461538444,0.3538461538461556
VKCO,1,2022-11-24 13:20:00+00:00,2022-11-24 14:30:00+00:00,507.0,501.93,1422.9115874524587,-7214.1617483839555,-0.006999999999999991,7,v3_long,sl,False,A,True,0.011444356748224173,0.0030067275528996126,,0.3793103448275835,0.6206896551724165
VKCO,1,2022-12-07 13:20:00+00:00,2022-12-07 21:20:00+00:00,479.2,484.0,1494.9212471087808,7175.621986122164,0.007011686143572638,48,v3_long,timeout,False,A,True,0.017939090529829,0.0037348272642390317,,0.11627906976744155,0.8837209302325585
VKCO,1,2022-12-14 23:10:00+00:00,2022-12-15 09:50:00+00:00,444.0,442.0,1624.7504437045343,-3249.5008874090686,-0.003153153153153153,64,v3_long,timeout,False,A,True,0.015329125338142496,0.003938094624684862,-0.0003832281334535618,0.2647058823529424,0.7352941176470575
VKCO,-1,2022-12-15 13:20:00+00:00,2022-12-15 14:20:00+00:00,436.8,441.168,1646.3245109515267,-7191.14546383626,-0.0069999999999999915,6,v3_short,sl,False,A,True,0.03388278388278391,0.005320076748648172,,0.594594594594595,0.4054054054054051
VKCO,-1,2022-12-15 22:10:00+00:00,2022-12-15 22:30:00+00:00,444.0,441.2,1608.2899652228411,4503.211902623973,0.004414414414414432,2,v3_short,opposite_signal,False,A,True,0.009909909909909859,0.0044677330391616026,0.0003963963963963969,0.7727272727272716,0.22727272727272846
VKCO,1,2022-12-15 22:50:00+00:00,2022-12-16 09:50:00+00:00,442.6,441.2,1620.4993061246685,-2268.699028574591,-0.002214188883868106,66,v3_long,timeout,False,A,True,0.010854816824966104,0.004485919198072711,0.0002170963364993221,0.5000000000000059,0.49999999999999406
VKCO,1,2022-12-21 22:20:00+00:00,2022-12-21 23:20:00+00:00,437.8,440.8,1634.6388843553589,4903.916653066077,0.004796710826861581,6,v3_long,opposite_signal,False,A,True,0.007766103243490126,0.0033749452270629525,-0.00041571493832800473,0.8823529411764764,0.11764705882352351
VKCO,-1,2022-12-21 23:40:00+00:00,2022-12-22 09:50:00+00:00,442.0,440.0,1626.8725005156614,3253.7450010313228,0.003167420814479638,61,v3_short,timeout,False,A,True,0.013580805794477138,0.0032797184061492306,-0.0002806699864191937,1.0,0.0
VKCO,1,2022-12-23 21:40:00+00:00,2022-12-26 09:50:00+00:00,452.0,451.2,1595.9187317005403,-1276.7349853604503,-0.0012389380530973626,361,v3_long,timeout,False,A,True,0.008849557522123894,0.004009391367166349,-0.0004026548672566382,0.25,0.75
VKCO,-1,2022-12-26 21:50:00+00:00,2022-12-27 09:50:00+00:00,452.2,454.8,1593.2365153447413,-4142.414939896364,-0.0040247678018576205,72,v3_short,timeout,False,A,True,0.01459531180893415,0.0030327920641940983,-0.00022556390977443458,0.9393939393939345,0.06060606060606556
VKCO,-1,2022-12-29 13:20:00+00:00,2022-12-29 21:20:00+00:00,442.6,440.8,1621.2423447378324,2918.2362205281165,0.0028468142792589424,48,v3_short,timeout,False,A,True,0.020767494356659116,0.004815650865312278,,0.5869565217391348,0.4130434782608651
VKCO,1,2023-01-04 13:20:00+00:00,2023-01-04 21:20:00+00:00,451.0,449.6,1595.5756699231358,-2233.805937892354,-0.0021729490022172598,48,v3_long,timeout,False,A,True,0.03723404255319139,0.005234718000675426,,0.5,0.5
VKCO,1,2023-01-05 13:20:00+00:00,2023-01-05 21:20:00+00:00,451.8,451.6,1589.2894266905923,-317.8578853381004,-0.0003098716246126429,48,v3_long,timeout,False,A,True,0.014165559982293,0.003288433567318046,,0.2812500000000028,0.7187499999999972
VKCO,-1,2023-01-12 13:20:00+00:00,2023-01-12 19:30:00+00:00,462.0,466.62,1553.719615712279,-7178.184624590735,-0.007000000000000006,37,v3_short,sl,False,A,True,0.0173235166738848,0.0036503124419971574,,0.625,0.375
VKCO,1,2023-01-19 13:20:00+00:00,2023-01-19 21:20:00+00:00,470.4,467.6,1515.292800216538,-4242.819840606237,-0.0041666666666666,48,v3_long,timeout,False,A,True,0.028061224489795894,0.003927761580822824,,0.2727272727272704,0.7272727272727296
VKCO,1,2023-01-20 13:20:00+00:00,2023-01-20 21:20:00+00:00,465.6,467.8,1524.5355655786834,3353.978244273086,0.0033075601374570273,48,v3_long,timeout,False,A,True,0.018908465835840164,0.003417439171629131,,0.5227272727272746,0.47727272727272535
VKCO,1,2023-01-25 13:20:00+00:00,2023-01-25 21:20:00+00:00,473.0,475.8,1505.6480847873704,4215.814637404655,0.004143763213530672,48,v3_long,timeout,False,A,True,0.013113367174280856,0.002981226331480135,,0.3225806451612909,0.6774193548387091
VKCO,1,2023-01-31 13:20:00+00:00,2023-01-31 17:30:00+00:00,484.0,491.25999999999993,1477.5260627078708,10726.839215259044,0.010499999999999904,25,v3_long,tp,False,A,True,0.0111570247933885,0.003482880755608026,,0.3333333333333333,0.6666666666666666
VKCO,-1,2023-02-01 13:20:00+00:00,2023-02-01 17:20:00+00:00,494.0,486.59,1462.816602836621,10839.4710270194,0.010500000000000035,24,v3_short,tp,False,A,True,0.024281667341157425,0.003912046404964265,,0.75,0.25
VKCO,1,2023-02-03 13:20:00+00:00,2023-02-03 21:20:00+00:00,483.4,485.6,1510.5896390571047,3323.297205925699,0.003185767480347604,48,v3_long,timeout,False,A,True,0.020695364238410598,0.0034492273730684494,,0.17999999999999544,0.8200000000000045
VKCO,1,2023-02-16 13:20:00+00:00,2023-02-16 16:40:00+00:00,462.8,458.172,1582.8550984536569,-7325.453395643502,-0.0069999999999999785,20,v3_long,sl,False,A,True,0.016421780466724337,0.005124089393752293,,0.21052631578947606,0.789473684210524
VKCO,1,2023-02-28 13:20:00+00:00,2023-02-28 14:20:00+00:00,477.0,472.23,1524.9843232440292,-7274.175221873991,-0.006999999999999972,6,v3_long,sl,False,A,True,0.015932914046121523,0.0029749425975841137,,0.31578947368420895,0.684210526315791
VKCO,-1,2023-03-15 13:20:00+00:00,2023-03-15 14:20:00+00:00,509.6,501.956,1417.4364198039445,10834.88399298136,0.010500000000000008,6,v3_short,tp,False,A,True,0.014913657770800672,0.0034387381326156843,,0.6842105263157934,0.31578947368420657
VKCO,-1,2023-03-16 22:20:00+00:00,2023-03-17 09:50:00+00:00,485.0,486.0,1504.9691099529423,-1504.9691099529423,-0.0014432989690721647,69,v3_short,timeout,False,A,True,0.010305028854080791,0.0033144337702104656,-0.00032976092333058534,0.8,0.2
VKCO,1,2023-03-17 13:20:00+00:00,2023-03-17 14:30:00+00:00,486.6,481.73400000000004,1497.8556102552611,-7288.565399502078,-0.0069999999999999785,7,v3_long,sl,False,A,True,0.01068639539662965,0.0031119722858317252,,0.2692307692307764,0.7307692307692236
VKCO,-1,2023-03-21 13:20:00+00:00,2023-03-21 19:20:00+00:00,486.4,479.104,1487.9822042980236,10856.31816255837,0.01049999999999999,36,v3_short,tp,False,A,True,0.01644736842105263,0.0033090538847117806,,0.7999999999999972,0.20000000000000284
VKCO,1,2023-03-28 13:20:00+00:00,2023-03-28 21:20:00+00:00,483.8,484.0,1511.686578925898,302.3373157851624,0.00028937577511366685,48,v3_long,timeout,False,A,True,0.023563455973542858,0.0035630622650052435,,0.31578947368421156,0.6842105263157884
VKCO,1,2023-04-04 13:20:00+00:00,2023-04-04 18:00:00+00:00,474.0,469.26,1543.3873481126564,-7315.656030054005,-0.007000000000000014,28,v3_long,sl,False,A,True,0.023206751054852322,0.0032951577255374734,,0.2545454545454556,0.7454545454545444
VKCO,1,2023-04-05 13:20:00+00:00,2023-04-05 21:20:00+00:00,466.6,467.4,1556.8895066102898,1245.511605288161,0.0012001714530646551,48,v3_long,timeout,False,A,True,0.014150943396226464,0.0031650739197909184,,0.18181818181818807,0.8181818181818119
VKCO,1,2023-04-06 13:20:00+00:00,2023-04-06 21:20:00+00:00,465.4,463.4,1562.7771850194738,-3125.5543700389476,-0.0030081650193382044,48,v3_long,timeout,False,A,True,0.01546391752577317,0.0030477826869579456,,0.2499999999999941,0.7500000000000059
VKCO,1,2023-04-13 13:20:00+00:00,2023-04-13 21:20:00+00:00,470.8,470.2,1540.2052120837634,-924.123127250293,-0.0008920985556499913,48,v3_long,timeout,False,A,True,0.01614273576890404,0.0029938908443581424,,0.10526315789473803,0.8947368421052619
VKCO,-1,2023-04-20 13:20:00+00:00,2023-04-20 16:10:00+00:00,473.2,477.932,1531.0264743448024,-7244.817276599648,-0.007000000000000041,17,v3_short,sl,False,A,True,0.020287404902789567,0.003723382844261965,,0.729166666666665,0.27083333333333504
VKCO,-1,2023-05-02 22:10:00+00:00,2023-05-03 09:50:00+00:00,485.4,484.4,1482.097971912527,1482.097971912527,0.001442109600329625,70,v3_short,timeout,False,A,True,0.011129431162407326,0.0029947675690226694,-0.00028441879637263124,0.7777777777777708,0.22222222222222923
VKCO,-1,2023-05-03 13:20:00+00:00,2023-05-03 17:10:00+00:00,478.6,471.421,1505.3234938292505,10806.717362200236,0.010500000000000042,23,v3_short,tp,False,A,True,0.034295273943956574,0.006134114038756456,,0.5731707317073179,0.42682926829268203
VKCO,-1,2023-05-04 13:20:00+00:00,2023-05-04 15:10:00+00:00,471.0,475.71,1545.674153503651,-7280.1252630021645,-0.00699999999999997,11,v3_short,sl,False,A,True,0.017417162276975335,0.003863737508597332,,0.8536585365853671,0.14634146341463297
VKCO,1,2023-05-05 22:00:00+00:00,2023-05-08 09:50:00+00:00,475.0,477.4,1521.9293444549858,3652.6304266919315,0.003536842105263125,359,v3_long,timeout,False,A,True,0.015578947368421005,0.003832438238453278,0.00013052631578947224,0.0,1.0
VKCO,1,2023-05-23 13:20:00+00:00,2023-05-23 19:10:00+00:00,527.2,535.108,1376.0874049977285,10882.099198721902,0.010499999999999869,35,v3_long,tp,False,A,True,0.027693474962063775,0.00484139027386373,,0.260273972602744,0.739726027397256
VKCO,-1,2023-05-24 22:40:00+00:00,2023-05-24 23:20:00+00:00,543.0,542.0,1350.0750448506592,1350.0750448506592,0.0012891344383057092,4,v3_short,opposite_signal,False,A,True,0.006624953993375088,0.003252386711033324,0.00030180345969819825,0.722222222222224,0.277777777777776
VKCO,1,2023-05-25 13:20:00+00:00,2023-05-25 13:30:00+00:00,532.8,540.7919999999999,1377.6948233583023,11010.5370282795,0.01049999999999995,1,v3_long,tp,False,A,True,0.03453453453453449,0.005022880022880007,,0.34782608695652095,0.652173913043479
VKCO,-1,2023-06-01 23:10:00+00:00,2023-06-02 09:50:00+00:00,573.4,576.0,1293.5876836503294,-3363.3279774908856,-0.0031740495291245475,64,v3_short,timeout,False,A,True,0.01011157601115772,0.0030099906071215103,-6.276150627614903e-05,0.7931034482758567,0.20689655172414334
VKCO,1,2023-06-09 13:20:00+00:00,2023-06-09 21:20:00+00:00,635.8,636.2,1162.9267823542866,465.1707129418204,0.0004403900597673226,48,v3_long,timeout,False,A,True,0.022641509433962228,0.004207846660676844,,0.16666666666666535,0.8333333333333347
VKCO,1,2023-06-16 13:20:00+00:00,2023-06-16 16:00:00+00:00,615.2,624.428,1202.39672906358,11095.717015798658,0.010499999999999943,16,v3_long,tp,False,A,True,0.025357607282184506,0.004659731252709123,,0.2564102564102579,0.7435897435897421
VKCO,-1,2023-06-21 13:20:00+00:00,2023-06-21 21:20:00+00:00,638.8,640.4,1170.1337971680866,-1872.2140754689651,-0.0017532874139010895,48,v3_short,timeout,False,A,True,0.027230046948356772,0.004501080557418592,,0.7241379310344784,0.2758620689655215
VKCO,1,2023-06-22 13:20:00+00:00,2023-06-22 13:20:00+00:00,635.0,628.65,1175.0723146112525,-7461.70919778148,-0.007000000000000024,0,v3_long,sl,False,A,True,0.023299748110831162,0.003748350725680692,,0.1891891891891867,0.8108108108108133
VKCO,-1,2023-06-27 13:20:00+00:00,2023-06-27 21:20:00+00:00,627.2,625.2,1181.3579772635496,2362.7159545270993,0.002232142857142857,48,v3_short,timeout,False,A,True,0.027449728694542045,0.005182922195370331,,0.5465116279069806,0.4534883720930194
VKCO,1,2023-06-28 13:20:00+00:00,2023-06-28 21:20:00+00:00,625.4,623.0,1187.4026615092218,-2849.7663876221054,-0.0026862807803005825,48,v3_long,timeout,False,A,True,0.015669971218420137,0.003137039913502972,,0.12244897959183035,0.8775510204081697
VKCO,1,2023-07-19 13:20:00+00:00,2023-07-19 21:20:00+00:00,669.0,667.2,1107.0355576031866,-1992.6640036856854,-0.0018834080717488313,48,v3_long,timeout,False,A,True,0.017638266068759446,0.003729802832941845,,0.18644067796610447,0.8135593220338956
VKCO,-1,2023-07-20 13:20:00+00:00,2023-07-20 16:10:00+00:00,665.8,672.458,1110.2612244427035,-7392.119232339537,-0.0070000000000000175,17,v3_short,sl,False,A,True,0.021334134615384512,0.0044356684981684815,,0.7464788732394338,0.2535211267605662
VKCO,-1,2023-07-21 13:20:00+00:00,2023-07-21 15:20:00+00:00,663.6,670.236,1106.1444240074054,-7340.374397713106,-0.0069999999999999655,12,v3_short,sl,False,A,True,0.01475459199036428,0.0037137408411121032,,0.5102040816326554,0.4897959183673446
VKCO,-1,2023-07-28 13:20:00+00:00,2023-07-28 13:50:00+00:00,711.2,718.312,1024.8863578359321,-7288.991776929115,-0.006999999999999966,3,v3_short,sl,False,A,True,0.022778402699662605,0.004124484439445063,,0.8765432098765435,0.12345679012345645
VKCO,-1,2023-08-01 13:20:00+00:00,2023-08-01 13:50:00+00:00,723.0,730.23,1001.1021901093562,-7237.9688344906635,-0.007000000000000017,3,v3_short,sl,False,A,True,0.022130013831258646,0.005176842521240855,,0.7374999999999972,0.26250000000000284
VKCO,1,2023-08-01 22:00:00+00:00,2023-08-02 09:50:00+00:00,727.2,729.8,988.3530050397706,2569.7178131033133,0.0025027502750274147,71,v3_long,timeout,False,A,True,0.009625962596259625,0.0034238117689319825,0.00024202420242024078,0.05714285714287014,0.9428571428571298
VKCO,-1,2023-08-04 13:20:00+00:00,2023-08-04 14:40:00+00:00,760.8,749.3879999999999,947.067702068998,10807.936616011437,0.010500000000000034,8,v3_short,tp,False,A,True,0.023396424815983117,0.005295178008111763,,0.6067415730337069,0.39325842696629315
VKCO,1,2023-08-09 13:20:00+00:00,2023-08-09 13:20:00+00:00,734.8,727.452,990.8746099146729,-7280.946633652973,-0.006999999999999959,0,v3_long,sl,False,A,True,0.01904761904761905,0.004496274700356332,,0.2714285714285682,0.7285714285714319
VKCO,1,2023-08-10 22:10:00+00:00,2023-08-11 09:50:00+00:00,758.0,759.2,953.823219949531,1144.5878639394805,0.001108179419525108,70,v3_long,timeout,False,A,True,0.012921940928269983,0.0036812193231722874,-1.8459915611812545e-05,0.2857142857142824,0.7142857142857176
VKCO,1,2023-08-17 13:20:00+00:00,2023-08-17 21:20:00+00:00,711.6,713.2,1017.1433561361749,1627.429369817903,0.0015739179314221698,48,v3_long,timeout,False,A,True,0.021079258010118042,0.006223399983939582,,0.32000000000000456,0.6799999999999955
VKCO,-1,2023-08-18 13:20:00+00:00,2023-08-18 21:20:00+00:00,720.6,724.8,1006.020556182868,-4225.286335967977,-0.004079933388842565,48,v3_short,timeout,False,A,True,0.012486126526082131,0.003567464721737744,,0.5111111111111136,0.4888888888888864
VKCO,1,2023-08-22 13:20:00+00:00,2023-08-22 21:20:00+00:00,743.2,743.2,971.4487518167344,0.0,0.0,48,v3_long,timeout,False,A,True,0.026103336921421003,0.004779845199651415,,0.2783505154639209,0.7216494845360791
VKCO,1,2023-08-24 13:20:00+00:00,2023-08-24 21:20:00+00:00,723.8,729.6,997.4864774111593,5785.4215689847915,0.0056092843326886535,48,v3_long,timeout,False,A,True,0.02569060773480666,0.005695869508024206,,0.4301075268817199,0.5698924731182801
VKCO,1,2023-08-29 13:20:00+00:00,2023-08-29 16:10:00+00:00,731.6,724.284,992.3872436419988,-7260.305074484894,-0.00700000000000003,17,v3_long,sl,False,A,True,0.01859447634673217,0.004062658697605366,,0.39705882352941274,0.6029411764705872
VKCO,1,2023-09-05 13:20:00+00:00,2023-09-05 14:30:00+00:00,756.0,767.3399999999999,953.6353093867023,10814.224408445125,0.010499999999999923,7,v3_long,tp,False,A,True,0.02222222222222216,0.004308390022675721,,0.05952380952380969,0.9404761904761904
VKCO,-1,2023-09-12 22:30:00+00:00,2023-09-12 23:40:00+00:00,677.6,684.376,1075.1449984980204,-7285.182509822536,-0.0069999999999999524,7,v3_short,sl,False,A,True,0.01208370173887422,0.004402822136812264,-0.0003448275862068979,0.8292682926829306,0.17073170731706946
VKCO,1,2023-09-13 23:20:00+00:00,2023-09-14 09:50:00+00:00,645.6,642.6,1120.5369009067267,-3361.61070272018,-0.0032527881040892194,63,v3_long,timeout,False,A,True,0.021065675340768135,0.005114685279316175,-0.00021685254027261464,0.029411764705880878,0.9705882352941191
VKCO,1,2023-09-14 13:20:00+00:00,2023-09-14 18:40:00+00:00,635.4,644.9309999999999,1134.8213656491637,10815.982436002121,0.010499999999999943,32,v3_long,gap_tp,False,A,True,0.02958766131570657,0.006894794430205196,,0.43617021276595486,0.5638297872340451
VKCO,1,2023-09-15 22:10:00+00:00,2023-09-18 09:50:00+00:00,643.8,647.0,1131.7749043781923,3621.6796940102668,0.003479341410375943,358,v3_long,timeout,False,A,True,0.020186335403726708,0.0038534668525795307,0.00020496894409937957,0.2923076923076888,0.7076923076923112
VKCO,-1,2023-10-23 21:50:00+00:00,2023-10-24 09:50:00+00:00,619.8,620.4,1179.6899955219221,-707.8139973131802,-0.0006776379477250983,72,v3_short,timeout,False,A,True,0.00903808908973535,0.0036626658410297826,-0.0003679793415106476,0.6071428571428507,0.3928571428571494
VKCO,1,2023-10-24 13:20:00+00:00,2023-10-24 15:50:00+00:00,615.0,608.85,1188.0916901241758,-7306.763894263654,-0.006999999999999974,15,v3_long,sl,False,A,True,0.01951854261548471,0.00455432661027978,,0.38333333333333525,0.6166666666666648
VKCO,1,2023-10-27 13:20:00+00:00,2023-10-27 13:30:00+00:00,589.8,583.9019999999999,1230.1825274675884,-7255.616547003867,-0.0070000000000000305,1,v3_long,sl,False,A,True,0.01390301797219385,0.0036654878974309276,,0.5609756097560912,0.4390243902439089
VKCO,1,2023-10-27 21:40:00+00:00,2023-10-30 09:50:00+00:00,583.0,579.0,1235.819422156914,-4943.277688627656,-0.004802744425385935,361,v3_long,timeout,False,A,True,0.011663807890222906,0.00413064024923862,-0.00016809605488850695,0.2941176470588255,0.7058823529411745
VKCO,-1,2023-10-30 22:50:00+00:00,2023-10-31 09:50:00+00:00,592.6,590.0,1209.9602239882577,3145.8965823694975,0.003071211609854904,66,v3_short,timeout,False,A,True,0.017549780627742113,0.0033818454820334974,-0.0001822477219034716,0.8076923076923073,0.19230769230769273
VKCO,1,2023-10-31 13:20:00+00:00,2023-10-31 21:20:00+00:00,579.6,579.4,1240.8981303366115,-248.17962606737873,-0.00024154589371986167,48,v3_long,timeout,False,A,True,0.027260179434092396,0.004107923362581729,,0.16455696202531836,0.8354430379746817
VKCO,-1,2023-11-02 13:20:00+00:00,2023-11-02 19:00:00+00:00,595.2,586.272,1208.0827127097662,10785.762459072788,0.010499999999999995,34,v3_short,tp,False,A,True,0.01913393756294055,0.004587669240237215,,0.66666666666667,0.33333333333333
VKCO,1,2023-11-08 13:20:00+00:00,2023-11-08 14:40:00+00:00,628.6,622.314,1155.9033794562579,-7266.008643262105,-0.007000000000000064,8,v3_long,sl,False,A,True,0.010817690104995155,0.0032877293456358026,,0.2941176470588255,0.7058823529411745
VKCO,-1,2023-11-09 13:20:00+00:00,2023-11-09 16:40:00+00:00,623.2,613.8520000000001,1157.7577956930686,10822.719874138755,0.01049999999999995,20,v3_short,tp,False,A,True,0.02118100128369712,0.005394584021028173,,0.7727272727272735,0.2272727272727265
VKCO,1,2023-11-10 21:40:00+00:00,2023-11-10 22:00:00+00:00,593.2,595.0,1229.0805161628748,2212.344929093119,0.002124072825353958,2,v3_long,opposite_signal,False,A,True,0.009443507588532922,0.003847609870255026,-0.0002495784148398007,0.4285714285714431,0.571428571428557
VKCO,-1,2023-11-10 22:20:00+00:00,2023-11-10 23:20:00+00:00,595.0,592.8,1227.9650481313995,2701.5231058891345,0.0025882352941177006,6,v3_short,opposite_signal,False,A,True,0.00974789915966398,0.003718058652032256,-0.0002184873949579832,0.7241379310344821,0.2758620689655179
VKCO,1,2023-11-10 23:40:00+00:00,2023-11-13 09:50:00+00:00,593.4,598.0,1234.4628746415656,5678.52922335123,0.005426356589147314,349,v3_long,timeout,False,A,True,0.008431703204047217,0.003606704064425106,-0.00017875210792580332,0.3599999999999909,0.6400000000000091
VKCO,1,2023-11-14 13:20:00+00:00,2023-11-14 14:10:00+00:00,604.0,597.96,1219.3795368686272,-7365.052402686463,-0.006999999999999957,5,v3_long,sl,False,A,True,0.02251655629139058,0.0044938505203405595,,0.4264705882352936,0.5735294117647064
VKCO,1,2023-11-14 21:40:00+00:00,2023-11-15 09:50:00+00:00,599.0,598.0,1220.9510911298337,-1220.9510911298337,-0.0011686143572621037,73,v3_long,timeout,False,A,True,0.013013013013012938,0.0036567179424322085,-0.00013680347013680425,0.2564102564102579,0.7435897435897421
VKCO,-1,2023-11-21 13:20:00+00:00,2023-11-21 21:20:00+00:00,635.4,637.2,1149.6616899952462,-2069.3910419915214,-0.0019830028328612645,48,v3_short,timeout,False,A,True,0.021725440806045267,0.004423053856303175,,0.7391304347826062,0.2608695652173938
VKCO,1,2023-11-24 13:20:00+00:00,2023-11-24 15:10:00+00:00,626.8,620.5319999999999,1163.12454386341,-7290.464640935888,-0.007000000000000033,11,v3_long,sl,False,A,True,0.014039566049776572,0.004299996961132883,,0.3181818181818147,0.6818181818181853
VKCO,1,2023-12-05 13:20:00+00:00,2023-12-05 21:20:00+00:00,598.0,599.6,1210.6072555935289,1936.9716089496737,0.0018729096989966822,48,v3_long,timeout,False,A,True,0.0221031480241126,0.0042101234331642775,,0.3787878787878775,0.6212121212121225
VKCO,-1,2023-12-07 22:00:00+00:00,2023-12-08 09:50:00+00:00,580.2,581.0,1250.0844863343589,-1000.0675890674303,-0.00096518441916575,71,v3_short,timeout,False,A,True,0.013769363166953529,0.003639045979837703,0.00018932874354561101,0.4000000000000057,0.5999999999999943
VKCO,1,2023-12-13 23:20:00+00:00,2023-12-14 09:50:00+00:00,554.2,560.0,1307.4683718131503,7583.316556516212,0.007325875135330148,63,v3_long,timeout,False,A,True,0.015156983038614177,0.0031669109361535815,7.217610970768675e-05,0.3095238095238131,0.6904761904761869
VKCO,1,2023-12-14 13:20:00+00:00,2023-12-14 18:20:00+00:00,556.0,550.4399999999999,1312.7829015259158,-7299.0729324841695,-0.007000000000000074,30,v3_long,sl,False,A,True,0.01618705035971223,0.004693388146625572,,0.1111111111111111,0.8888888888888888
VKCO,-1,2023-12-18 22:20:00+00:00,2023-12-19 09:50:00+00:00,583.6,583.0,1241.9430126724988,745.1658076035275,0.0007196710075394378,69,v3_short,timeout,False,A,True,0.013712718546451834,0.0035471164811485055,9.598902982516128e-05,0.7999999999999972,0.20000000000000284
VKCO,1,2023-12-26 13:20:00+00:00,2023-12-26 21:20:00+00:00,556.0,552.6,1304.531579606102,-4435.407370660717,-0.004280575539568316,48,v3_long,timeout,False,A,True,0.02230215827338146,0.004008221993833491,,0.258064516129034,0.741935483870966
VKCO,1,2023-12-27 13:20:00+00:00,2023-12-27 21:20:00+00:00,555.4,552.6,1300.3506897758919,-3640.981931372438,-0.003528988116672611,48,v3_long,timeout,False,A,True,0.016924738926899493,0.0034638270144211596,,0.212765957446809,0.787234042553191
VKCO,-1,2023-12-28 13:20:00+00:00,2023-12-28 21:20:00+00:00,562.4,565.0,1279.6338651308138,-3327.048049340145,-0.003236130867709844,48,v3_short,timeout,False,A,True,0.024528972627088436,0.004367477527804583,,0.666666666666664,0.3333333333333361
VKCO,1,2023-12-29 13:20:00+00:00,2023-12-29 13:40:00+00:00,566.0,560.34,1267.3801274117163,-7173.371521150274,-0.00699999999999996,2,v3_long,sl,False,A,True,0.0176678445229682,0.0034999158674070448,,0.37999999999999545,0.6200000000000045
VKCO,1,2024-01-04 23:10:00+00:00,2024-01-05 09:50:00+00:00,583.8,586.0,1220.1366770301925,2684.300689466479,0.0026378896882494553,64,v3_long,timeout,False,A,True,0.010958904109589003,0.00314509365389992,0.00028767123287671154,0.4999999999999911,0.5000000000000089
VKCO,1,2024-01-05 13:20:00+00:00,2024-01-05 21:20:00+00:00,578.8,579.6,1233.9232939406581,987.1386351526107,0.0009675190048376776,48,v3_long,timeout,False,A,True,0.02349689011748449,0.004343962878862649,,0.17647058823529216,0.8235294117647078
VKCO,-1,2024-01-09 23:20:00+00:00,2024-01-10 09:50:00+00:00,626.0,628.4,1141.9900951716609,-2740.7762284119603,-0.0026837060702875146,63,v3_short,timeout,False,A,True,0.006387735547748323,0.003617544111224812,0.0002682848930054288,0.5,0.5
VKCO,-1,2024-01-10 13:20:00+00:00,2024-01-10 14:00:00+00:00,627.8,634.078,1135.6598538030767,-7129.672562175738,-0.0070000000000000236,4,v3_short,sl,False,A,True,0.013698630136986339,0.003564981264885685,,0.5116279069767402,0.4883720930232598
VKCO,1,2024-01-12 21:40:00+00:00,2024-01-15 09:50:00+00:00,639.4,644.8,1107.2513065749895,5979.157055504918,0.005911792305286181,361,v3_long,timeout,False,A,True,0.010634970284641958,0.003261986683944764,1.2511729746636763e-05,0.5882352941176412,0.41176470588235886
VKCO,-1,2024-01-19 13:20:00+00:00,2024-01-19 21:20:00+00:00,635.6,632.6,1120.4560971725955,3361.3682915177865,0.0033039647577092508,48,v3_short,timeout,False,A,True,0.024866225999370585,0.0041068992910352565,,0.8354430379746828,0.1645569620253172
VKCO,-1,2024-01-25 13:20:00+00:00,2024-01-25 21:20:00+00:00,660.0,664.8,1082.5982623741882,-5196.471659396054,-0.005090909090909042,48,v3_short,timeout,False,A,True,0.013632232656770675,0.0038227954011049877,,0.6666666666666666,0.3333333333333333
VKCO,1,2024-01-26 22:40:00+00:00,2024-01-29 09:50:00+00:00,674.8,679.6,1053.4637270382143,5056.6258897835005,0.004979253112033266,355,v3_long,timeout,False,A,True,0.011555555555555487,0.0037853363567649017,0.0002222222222222222,0.153846153846146,0.846153846153854
VKCO,-1,2024-01-30 13:20:00+00:00,2024-01-30 21:20:00+00:00,676.8,674.2,1055.580616324225,2744.509602442889,0.00268912529550818,48,v3_short,timeout,False,A,True,0.01712429878948909,0.0038663236183165326,,0.7413793103448255,0.25862068965517443
VKCO,1,2024-02-01 13:20:00+00:00,2024-02-01 18:20:00+00:00,692.2,685.278,1034.8715946979853,-7163.3811784994805,-0.007000000000000025,30,v3_long,sl,False,A,True,0.028034682080924824,0.004968345719790809,,0.23711340206185713,0.7628865979381428
VKCO,1,2024-02-07 13:20:00+00:00,2024-02-07 14:30:00+00:00,677.2,670.428,1050.3894728662078,-7113.23751025001,-0.0070000000000000505,7,v3_long,sl,False,A,True,0.0194977843426884,0.00305268340718856,,0.25757575757576356,0.7424242424242364
VKCO,-1,2024-02-08 13:20:00+00:00,2024-02-08 13:20:00+00:00,666.6,673.2660000000001,1059.6226894206732,-7063.4448476782645,-0.007000000000000056,0,v3_short,sl,False,A,True,0.02580258025802587,0.0058005800580057795,,0.8255813953488377,0.17441860465116232
VKCO,-1,2024-02-13 13:20:00+00:00,2024-02-13 18:10:00+00:00,680.4,687.204,1030.864305371026,-7014.000733744433,-0.006999999999999973,29,v3_short,sl,False,A,True,0.020870076425632048,0.0037932868620699344,,0.8450704225352086,0.15492957746479144
VKCO,-1,2024-02-16 13:20:00+00:00,2024-02-16 19:30:00+00:00,667.6,657.586,1043.2748245368857,10447.354092912385,0.010500000000000011,37,v3_short,tp,False,A,True,0.029676258992805855,0.005252940504739067,,0.46464646464646536,0.5353535353535347
VKCO,-1,2024-02-21 22:20:00+00:00,2024-02-22 09:50:00+00:00,640.4,642.0,1099.0059661553148,-1758.4095458485288,-0.0017489069331667957,69,v3_short,timeout,False,A,True,0.012496094970321774,0.004615904468629051,-0.00021868166198063107,0.9249999999999972,0.07500000000000284
VKCO,-1,2024-02-22 13:20:00+00:00,2024-02-22 19:00:00+00:00,645.6,635.916,1088.2474195225675,10538.58801065651,0.010499999999999966,34,v3_short,tp,False,A,True,0.02168525402726146,0.00457308078125922,,0.7285714285714319,0.2714285714285682
VKCO,1,2024-02-27 13:20:00+00:00,2024-02-27 14:10:00+00:00,653.2,646.668,1086.879279931459,-7099.495456512333,-0.00700000000000004,5,v3_long,sl,False,A,True,0.01806491120636875,0.0031347505321785703,,0.15254237288136083,0.8474576271186391
VKCO,1,2024-02-28 13:20:00+00:00,2024-02-28 21:20:00+00:00,644.2,642.0,1094.3494238305968,-2407.5687324273626,-0.0023905619372866058,48,v3_long,timeout,False,A,True,0.018001241464928652,0.0033401318317519304,,0.10344827586207268,0.8965517241379273
VKCO,-1,2024-02-29 13:20:00+00:00,2024-02-29 21:20:00+00:00,648.0,651.0,1085.33117394903,-3255.99352184709,-0.0032407407407407406,48,v3_short,timeout,False,A,True,0.02098765432098769,0.0034832451499118063,,0.6764705882352964,0.3235294117647037
VKCO,1,2024-03-01 13:20:00+00:00,2024-03-01 21:20:00+00:00,658.6,658.0,1064.4023766378357,-638.6414259827257,-0.000637716368053471,48,v3_long,timeout,False,A,True,0.015795868772782468,0.003847711624139323,,0.19230769230769273,0.8076923076923073
VKCO,-1,2024-03-05 13:20:00+00:00,2024-03-05 21:20:00+00:00,661.6,660.4,1058.900175718698,1270.6802108624856,0.0012696493349456345,48,v3_short,timeout,False,A,True,0.01571946795646913,0.002994184372660795,,0.7307692307692345,0.26923076923076544
VKCO,1,2024-03-19 13:20:00+00:00,2024-03-19 17:10:00+00:00,638.6,632.214,1098.4306802428662,-7014.578324030907,-0.006999999999999964,23,v3_long,sl,False,A,True,0.019718309859154966,0.00359192190178106,,0.2539682539682571,0.7460317460317428
VKCO,-1,2024-03-26 13:20:00+00:00,2024-03-26 21:20:00+00:00,617.0,617.0,1128.9264628464712,-0.0,-0.0,48,v3_short,timeout,False,A,True,0.018794556059624143,0.003132426009937327,,0.827586206896552,0.17241379310344793
VKCO,1,2024-04-05 13:20:00+00:00,2024-04-05 18:30:00+00:00,613.0,606.87,1136.2930303038709,-6965.476275762723,-0.006999999999999995,31,v3_long,sl,False,A,True,0.02218597063621537,0.003511225044667136,,0.30882352941176755,0.6911764705882325
VKCO,-1,2024-04-09 13:20:00+00:00,2024-04-09 16:20:00+00:00,614.8,605.578,1125.0354492245265,10375.07691274856,0.010499999999999976,18,v3_short,tp,False,A,True,0.019193233571893228,0.0035319267589924734,,0.8305084745762705,0.16949152542372947
VKCO,1,2024-04-10 13:20:00+00:00,2024-04-10 21:20:00+00:00,602.4,603.8,1160.2495817100976,1624.3494143941102,0.001626826029216441,48,v3_long,timeout,False,A,True,0.018586126783936164,0.003224124033948144,,0.3392857142857123,0.6607142857142877
VKCO,-1,2024-05-03 13:20:00+00:00,2024-05-03 21:20:00+00:00,587.2,584.0,1192.2196740671639,3815.1029570149785,0.0038147138964578194,48,v3_short,timeout,False,A,True,0.019407558733401394,0.0034210483648685753,,0.8596491228070252,0.14035087719297476
VKCO,1,2024-05-22 13:20:00+00:00,2024-05-22 21:20:00+00:00,605.8,609.8,1160.0230516377503,4640.092206551001,0.00462198745460548,48,v3_long,timeout,False,A,True,0.014856388246946187,0.003474351113836069,,0.37777777777777527,0.6222222222222248
VKCO,1,2024-06-06 13:20:00+00:00,2024-06-06 21:20:00+00:00,556.8,558.8,1267.9418628353715,2535.883725670743,0.002514367816091954,48,v3_long,timeout,False,A,True,0.01185344827586211,0.0038485221674876943,,0.42424242424241587,0.5757575757575841
VKCO,1,2024-06-07 13:20:00+00:00,2024-06-07 13:30:00+00:00,560.0,568.4,1263.8663354191149,10616.477217520536,0.010499999999999971,1,v3_long,tp,False,A,True,0.013928571428571348,0.0033503401360544,,0.48717948717948417,0.5128205128205158
VKCO,-1,2024-06-11 21:40:00+00:00,2024-06-13 09:50:00+00:00,553.2,544.902,1292.8356505548963,10727.950228304533,0.010500000000000002,217,v3_short,gap_tp,False,A,True,0.006148282097649145,0.0031073550577554727,-0.00010849909584086799,0.47058823529412747,0.5294117647058725
VKCO,1,2024-06-14 13:20:00+00:00,2024-06-14 16:30:00+00:00,546.6,554.799,1322.1848647032234,10840.593705701669,0.010499999999999942,19,v3_long,tp,False,A,True,0.017915904936014748,0.0038826499521198,,0.22448979591837043,0.7755102040816296
VKCO,1,2024-06-18 13:20:00+00:00,2024-06-18 15:40:00+00:00,542.6,537.174,1345.917181424204,-7302.946626407791,-0.007000000000000058,14,v3_long,sl,False,A,True,0.02028023598820059,0.0045125719904481046,,0.41818181818182026,0.5818181818181798
VKCO,1,2024-06-19 13:20:00+00:00,2024-06-19 13:50:00+00:00,523.0,517.77,1386.5824091821942,-7251.826000022901,-0.007000000000000024,3,v3_long,sl,False,A,True,0.022562141491395925,0.005827187471546905,,0.38983050847457595,0.6101694915254241
VKCO,1,2024-06-20 13:20:00+00:00,2024-06-20 14:20:00+00:00,508.6,503.514,1415.859854113786,-7201.063218022734,-0.007000000000000018,6,v3_long,sl,False,A,True,0.02478363493312357,0.005320145367352298,,0.41269841269841556,0.5873015873015844
VKCO,1,2024-06-21 22:00:00+00:00,2024-06-24 09:50:00+00:00,510.0,508.8,1402.0893677444228,-1682.5072412932914,-0.001647058823529396,359,v3_long,timeout,False,A,True,0.00784313725490185,0.0030892356942776853,-0.00030588235294117465,0.30000000000000143,0.6999999999999986
VKCO,1,2024-06-27 13:20:00+00:00,2024-06-27 21:20:00+00:00,512.0,512.0,1394.3121532827154,0.0,0.0,48,v3_long,timeout,False,A,True,0.017564402810304452,0.0036801605888256966,,0.2222222222222222,0.7777777777777778
VKCO,1,2024-06-28 13:20:00+00:00,2024-06-28 18:10:00+00:00,511.4,506.286,1395.9480298802314,-7138.878224807469,-0.006999999999999967,29,v3_long,sl,False,A,True,0.012910798122065772,0.0031298904538341232,,0.454545454545453,0.545454545454547
VKCO,1,2024-07-02 21:40:00+00:00,2024-07-03 09:50:00+00:00,522.0,525.4,1358.027984144416,4617.2951460909835,0.0045593869731800464,73,v3_long,timeout,False,A,True,0.004980842911877438,0.003065134099616849,0.00015708812260536921,0.538461538461525,0.461538461538475
VKCO,1,2024-07-04 23:30:00+00:00,2024-07-05 09:50:00+00:00,498.2,496.0,1429.3912371048752,-3144.6607216307093,-0.003091128061019655,62,v3_long,timeout,False,A,True,0.008028904054596548,0.003203368862599239,-0.000381372942593336,0.09999999999999432,0.9000000000000057
VKCO,-1,2024-07-15 22:30:00+00:00,2024-07-16 09:50:00+00:00,442.0,440.4,1606.1571308156276,2569.8514093050408,0.0025339366515837467,68,v3_short,timeout,False,A,True,0.011317338162064282,0.0042497759628976105,-0.00022634676324128565,0.6,0.4
VKCO,-1,2024-07-18 13:20:00+00:00,2024-07-18 15:40:00+00:00,442.0,446.42,1610.2270312376038,-7117.203478070234,-0.007000000000000025,14,v3_short,sl,False,A,True,0.015822784810126583,0.005360371996900021,,0.5999999999999984,0.40000000000000163
VKCO,-1,2024-07-23 13:20:00+00:00,2024-07-23 21:20:00+00:00,465.4,467.4,1518.5610343196643,-3037.1220686393285,-0.003008165019338204,48,v3_short,timeout,False,A,True,0.01677419354838712,0.004116743471582186,,0.5641025641025603,0.4358974358974396
VKCO,-1,2024-07-24 13:20:00+00:00,2024-07-24 21:20:00+00:00,471.8,467.6,1493.4555318446887,6272.513233747675,0.006231454005934701,48,v3_short,timeout,False,A,True,0.017819261773440887,0.003575974301472814,,0.9047619047619038,0.0952380952380962
VKCO,1,2024-07-25 13:20:00+00:00,2024-07-25 17:50:00+00:00,463.8,470.75699999999995,1528.6827925570235,10635.046187819116,0.010499999999999905,27,v3_long,tp,False,A,True,0.012494614390349013,0.004575203627336325,,0.4482758620689686,0.5517241379310315
VKCO,-1,2024-07-30 13:20:00+00:00,2024-07-30 16:40:00+00:00,448.6,453.086,1597.0744795350442,-7164.476115194192,-0.006999999999999984,20,v3_short,sl,False,A,True,0.018279090503789543,0.005307517567883156,,0.780487804878054,0.21951219512194597
VKCO,1,2024-07-31 13:20:00+00:00,2024-07-31 21:20:00+00:00,454.6,455.8,1564.9636564865486,1877.9563877838407,0.0018477782666079896,48,v3_long,timeout,False,A,True,0.02245706737120209,0.005053364366442305,,0.15686274509804163,0.8431372549019583
VKCO,-1,2024-08-01 13:20:00+00:00,2024-08-01 18:40:00+00:00,466.4,459.404,1528.1883527234857,10691.205715653476,0.010499999999999971,32,v3_short,gap_tp,False,A,True,0.024892703862660993,0.004107909258123855,,0.9482758620689636,0.05172413793103634
VKCO,1,2024-08-02 13:20:00+00:00,2024-08-02 14:40:00+00:00,449.6,445.10400000000004,1601.9370367241795,-7202.308917111881,-0.006999999999999971,8,v3_long,sl,False,A,True,0.019572953736654828,0.005062701237078456,,0.18181818181818415,0.8181818181818158
VKCO,-1,2024-08-02 22:30:00+00:00,2024-08-05 09:50:00+00:00,449.6,442.856,1590.7234774671103,10727.839132038236,0.010500000000000042,356,v3_short,gap_tp,False,A,True,0.00978212538906188,0.0033212039818150494,-0.0001956425077812351,0.9545454545454575,0.04545454545454252
VKCO,1,2024-08-07 21:50:00+00:00,2024-08-07 23:10:00+00:00,449.4,451.8,1608.1414393894963,3859.539454534846,0.003738317757009399,8,v3_long,opposite_signal,False,A,True,0.013808463251670353,0.003963456206536071,0.00012026726057906155,0.19354838709677272,0.8064516129032273
VKCO,-1,2024-08-07 23:30:00+00:00,2024-08-08 09:50:00+00:00,453.0,453.0,1601.3254756728786,-0.0,-0.0,62,v3_short,timeout,False,A,True,0.01059602649006625,0.00315357931251971,3.532008830022125e-05,1.0,0.0
VKCO,-1,2024-08-20 13:20:00+00:00,2024-08-20 18:00:00+00:00,404.2,398.137,1794.6572005933053,10881.006607197189,0.01049999999999998,28,v3_short,tp,False,A,True,0.012864918357248858,0.004146933389882437,,0.6923076923076873,0.30769230769231276
VKCO,-1,2024-08-26 23:10:00+00:00,2024-08-27 09:50:00+00:00,379.8,379.0,1930.0082809501107,1544.0066247601105,0.001474460242232775,64,v3_short,timeout,False,A,True,0.008421052631578918,0.003651987110633721,8.421052631578769e-05,0.9375000000000033,0.06249999999999667
VKCO,1,2024-08-27 13:20:00+00:00,2024-08-27 17:00:00+00:00,372.2,368.478,1972.3211975878132,-7340.979497421801,-0.006999999999999962,22,v3_long,sl,False,A,True,0.024731182795698893,0.005299539170506902,,0.15217391304347597,0.8478260869565241
VKCO,-1,2024-08-28 21:40:00+00:00,2024-08-29 09:50:00+00:00,359.2,358.0,2029.3966149609935,2435.275937953169,0.0023385300668151226,73,v3_short,timeout,False,A,True,0.010584958217270226,0.0060712864532999865,-0.0003175487465181052,0.789473684210524,0.21052631578947606
VKCO,1,2024-08-30 13:20:00+00:00,2024-08-30 14:40:00+00:00,356.4,352.83599999999996,2050.1233368421886,-7306.639572505604,-0.007000000000000041,8,v3_long,sl,False,A,True,0.02636006730229943,0.006489864594183161,,0.042553191489359384,0.9574468085106406
VKCO,1,2024-09-05 13:20:00+00:00,2024-09-05 13:50:00+00:00,349.0,345.51,2078.9378497129,-7255.49309549804,-0.0070000000000000175,3,v3_long,sl,False,A,True,0.028636884306987402,0.006872852233676973,,0.4600000000000023,0.5399999999999977
VKCO,-1,2024-09-06 22:30:00+00:00,2024-09-06 23:40:00+00:00,346.2,349.662,2081.081641776296,-7204.704643829513,-0.0069999999999999785,7,v3_short,sl,False,A,True,0.009826589595375657,0.004117022531555976,0.00015606936416184906,0.9411764705882383,0.058823529411761756
VKCO,1,2024-09-10 13:20:00+00:00,2024-09-10 15:10:00+00:00,364.0,360.36,1965.459261352398,-7154.271711322702,-0.006999999999999973,11,v3_long,sl,False,A,True,0.022527472527472652,0.0055468341182626875,,0.3170731707317083,0.6829268292682916
VKCO,1,2024-09-11 13:20:00+00:00,2024-09-11 17:50:00+00:00,353.4,349.866,2010.24103263822,-7104.191809343453,-0.006999999999999984,27,v3_long,sl,False,A,True,0.02037351443123936,0.004204058533430349,,0.1944444444444416,0.8055555555555584
VKCO,1,2024-09-12 13:20:00+00:00,2024-09-12 21:20:00+00:00,334.0,338.0,2112.114510981457,8448.458043925828,0.008383233532934131,48,v3_long,timeout,False,A,True,0.02694610778443114,0.006843455945252368,,0.2222222222222222,0.7777777777777778
VKCO,-1,2024-09-16 21:40:00+00:00,2024-09-17 09:50:00+00:00,355.6,356.8,2000.4504142254068,-2400.5404970704653,-0.0023622047244094262,73,v3_short,timeout,False,A,True,0.007307476110174319,0.0032809076413027323,-6.18324901630142e-05,0.9230769230769281,0.07692307692307188
VKCO,1,2024-09-17 13:20:00+00:00,2024-09-17 21:20:00+00:00,353.8,358.0,2005.8784311775166,8424.689410945548,0.008309779536461255,48,v3_long,timeout,False,A,True,0.02487280949689093,0.005868260249266477,,0.38636363636363974,0.6136363636363602
VKCO,-1,2024-09-19 22:00:00+00:00,2024-09-20 09:50:00+00:00,359.0,358.4,1993.2508956497695,1195.9505373899071,0.0011699164345404345,71,v3_short,timeout,False,A,True,0.008903728436282662,0.0029300534905113977,2.2259321090708633e-05,0.6250000000000022,0.3749999999999978
VKCO,-1,2024-09-25 13:20:00+00:00,2024-09-25 16:40:00+00:00,377.2,371.542,1899.2954319046667,10746.213553716634,0.01050000000000003,20,v3_short,tp,False,A,True,0.019618239660657566,0.004544765944553877,,0.5135135135135127,0.4864864864864873
VKCO,-1,2024-09-27 13:20:00+00:00,2024-09-27 18:10:00+00:00,358.4,361.984,2019.9123504521262,-7239.365864020427,-0.007000000000000008,29,v3_short,sl,False,A,True,0.03123257110987169,0.004700820651740917,,0.42857142857142494,0.5714285714285751
VKCO,1,2024-10-01 13:20:00+00:00,2024-10-01 16:10:00+00:00,351.0,347.49,2048.0599153767166,-7188.690302972257,-0.006999999999999982,17,v3_long,sl,False,A,True,0.017094017094017096,0.0056980056980056905,,0.6999999999999981,0.3000000000000019
VKCO,1,2024-10-01 21:40:00+00:00,2024-10-02 09:50:00+00:00,349.0,351.0,2045.378071877212,4090.756143754424,0.0040114613180515755,73,v3_long,timeout,False,A,True,0.011461318051575931,0.0037541664230162004,2.292263610315056e-05,0.20000000000000284,0.7999999999999972
VKCO,1,2024-10-02 13:20:00+00:00,2024-10-02 15:00:00+00:00,351.6,348.084,2038.3972593452079,-7167.004763857791,-0.007000000000000038,10,v3_long,sl,False,A,True,0.01364411597498582,0.004006605484718036,,0.33333333333333726,0.6666666666666627
VKCO,1,2024-10-03 13:20:00+00:00,2024-10-03 13:40:00+00:00,334.4,331.056,2128.2403500331184,-7116.835730510736,-0.006999999999999989,2,v3_long,sl,False,A,True,0.018518518518518483,0.0055185754110485385,,0.12903225806450902,0.870967741935491
VKCO,1,2024-10-04 13:20:00+00:00,2024-10-04 15:10:00+00:00,337.0,333.63,2097.037946705392,-7067.017880397181,-0.00700000000000001,11,v3_long,sl,False,A,True,0.018408551068883745,0.005033367266146374,,0.258064516129034,0.741935483870966
VKCO,-1,2024-10-08 13:20:00+00:00,2024-10-08 21:20:00+00:00,335.6,336.4,2091.045517054348,-1672.8364136433831,-0.001668653158521955,48,v3_short,timeout,False,A,True,0.015476190476190612,0.004790249433106602,,0.8076923076923094,0.19230769230769063
VKCO,-1,2024-10-09 21:40:00+00:00,2024-10-10 09:50:00+00:00,340.2,340.8,2059.3294827568748,-1235.5976896541717,-0.001234567901234615,73,v3_short,timeout,False,A,True,0.012941176470588168,0.00340936374549821,-2.352941176470789e-05,0.9545454545454569,0.045454545454543104
VKCO,1,2024-10-11 13:20:00+00:00,2024-10-11 19:20:00+00:00,336.2,341.24299999999994,2081.258095333524,10495.784574766858,0.010499999999999897,36,v3_long,tp,False,A,True,0.017272185824895637,0.003318301710201647,,0.2758620689655135,0.7241379310344864
VKCO,-1,2024-10-15 21:40:00+00:00,2024-10-16 09:50:00+00:00,354.2,356.2,1996.2338251086044,-3992.4676502172088,-0.003952569169960475,73,v3_short,timeout,False,A,True,0.005646527385657821,0.002984593046704855,0.0003896103896103883,0.5999999999999943,0.4000000000000057
VKCO,1,2024-10-22 13:20:00+00:00,2024-10-22 21:20:00+00:00,339.0,339.2,2077.496440997981,415.4992881995726,0.0004129793510324249,48,v3_long,timeout,False,A,True,0.018856806128462092,0.0034234082554648153,,0.4062500000000014,0.5937499999999987
VKCO,1,2024-10-23 13:20:00+00:00,2024-10-23 20:30:00+00:00,334.2,330.858,2108.205095751213,-7045.62143000052,-0.006999999999999968,43,v3_long,sl,False,A,True,0.016148325358851776,0.003987240829346069,,0.1481481481481493,0.8518518518518506
VKCO,-1,2024-10-28 21:50:00+00:00,2024-10-29 09:50:00+00:00,301.6,304.0,2319.728806362914,-5567.349135270941,-0.005570291777188275,72,v3_short,timeout,False,A,True,0.013271400132714002,0.00471270127161681,-6.635700066357002e-05,0.8500000000000085,0.14999999999999147
VKCO,1,2024-11-08 13:20:00+00:00,2024-11-08 18:10:00+00:00,304.0,308.55999999999995,2288.5956039617276,10435.995954065353,0.010499999999999874,29,v3_long,tp,False,A,True,0.029605263157894735,0.006359649122807021,,0.2444444444444432,0.7555555555555569
VKCO,-1,2024-11-12 13:20:00+00:00,2024-11-12 19:20:00+00:00,318.4,313.62399999999997,2208.034738606191,10545.573911583191,0.010500000000000027,36,v3_short,tp,False,A,True,0.02889447236180901,0.004815745393634856,,0.5869565217391287,0.4130434782608713
VKCO,-1,2024-11-14 22:50:00+00:00,2024-11-15 09:50:00+00:00,310.2,309.4,2290.200394939778,1832.1603159518486,0.0018052869116699161,66,v3_short,timeout,False,A,True,0.018041237113402137,0.0029586576898801022,-0.00028350515463917747,0.8571428571428557,0.14285714285714432
VKCO,-1,2024-11-15 13:20:00+00:00,2024-11-15 16:40:00+00:00,309.0,312.09,2303.2449020436425,-7117.026747314798,-0.006999999999999944,20,v3_short,sl,False,A,True,0.016828478964401258,0.003883495145631075,,0.6153846153846145,0.38461538461538547
VKCO,1,2024-11-18 21:40:00+00:00,2024-11-19 09:50:00+00:00,307.6,305.0,2297.531716542149,-5973.5824630096395,-0.005916775032509804,73,v3_long,timeout,False,A,True,0.012353706111833587,0.0035030917438496826,-0.0001040312093628103,0.15789473684211078,0.8421052631578893
VKCO,-1,2024-11-19 23:10:00+00:00,2024-11-20 09:50:00+00:00,296.8,297.2,2367.045984785237,-946.818393914041,-0.0009433962264150408,64,v3_short,timeout,False,A,True,0.012129380053908241,0.004620716211012714,-0.0002560646900269511,0.5555555555555608,0.4444444444444392
VKCO,1,2024-11-20 13:20:00+00:00,2024-11-20 15:20:00+00:00,293.6,290.66400000000004,2390.5874503014934,-7018.764754085133,-0.006999999999999948,12,v3_long,sl,False,A,True,0.025903203817314327,0.006102509169993809,,0.4736842105263174,0.5263157894736826
VKCO,-1,2024-11-25 23:30:00+00:00,2024-11-26 09:50:00+00:00,264.4,263.0,2636.01868411747,3690.426157764398,0.0037065052950075047,62,v3_short,timeout,False,A,True,0.02116402116402125,0.004689404106313719,-0.00031746031746031654,0.8928571428571392,0.10714285714286077
VKCO,-1,2024-11-29 21:40:00+00:00,2024-11-29 23:20:00+00:00,274.0,276.74,2553.0899211353794,-6995.466383910963,-0.007000000000000023,10,v3_short,sl,False,A,True,0.010218978102189823,0.004409354982869039,0.00018248175182481753,0.5714285714285773,0.4285714285714228
VKCO,-1,2024-12-02 22:40:00+00:00,2024-12-03 09:50:00+00:00,277.4,277.2,2504.144960066173,500.8289920132062,0.0005046863734678878,67,v3_short,timeout,False,A,True,0.010108303249097514,0.003448021808001171,4.1042179682893876e-18,0.9285714285714126,0.07142857142858738
VKCO,1,2024-12-06 23:40:00+00:00,2024-12-09 09:50:00+00:00,259.6,262.4,2677.1971965206685,7496.15215025775,0.007550077041602342,349,v3_long,timeout,False,A,True,0.006933744221879859,0.004087921763466544,-5.392912172572663e-05,0.444444444444448,0.555555555555552
VKCO,1,2024-12-09 21:40:00+00:00,2024-12-10 09:50:00+00:00,265.6,264.0,2636.4747692844353,-4218.359630855157,-0.004216867469879579,73,v3_long,timeout,False,A,True,0.008283132530120653,0.004471969510695879,0.00019578313253012218,0.5454545454545549,0.45454545454544515
VKCO,-1,2024-12-11 21:40:00+00:00,2024-12-11 23:30:00+00:00,253.4,255.934,2751.7555129453326,-6972.94846980345,-0.006999999999999976,11,v3_short,sl,False,A,True,0.02920284135753751,0.004928885524217585,4.7355958958170694e-05,0.7837837837837848,0.21621621621621528
VKCO,1,2024-12-12 22:40:00+00:00,2024-12-13 09:50:00+00:00,247.4,246.4,2798.7622597068917,-2798.7622597068917,-0.0028294260307194824,67,v3_long,timeout,False,A,True,0.014527845036319589,0.00393668363229068,-0.0002744148506860353,0.16666666666666535,0.8333333333333347
VKCO,-1,2024-12-19 13:20:00+00:00,2024-12-19 21:20:00+00:00,247.8,247.6,2786.338375583899,557.2676751168274,0.0005649717514124775,48,v3_short,timeout,False,A,True,0.029055690072639178,0.0058418847765094525,,0.6111111111111128,0.3888888888888871
VKCO,-1,2024-12-19 21:40:00+00:00,2024-12-20 09:50:00+00:00,247.6,248.4,2790.1645268266234,-2232.1316214613303,-0.0022617124394184486,73,v3_short,timeout,False,A,True,0.013720742534301878,0.004381413582382109,-2.4213075060533605e-05,0.7647058823529382,0.23529411764706176
VKCO,1,2024-12-24 23:40:00+00:00,2024-12-25 09:50:00+00:00,284.4,282.2,2423.636584765292,-5332.000486483615,-0.005414908579465513,61,v3_long,timeout,False,A,True,0.00633356790992263,0.003030346551006029,-0.00022519352568613972,0.2222222222222082,0.7777777777777918
VKCO,1,2025-01-10 13:20:00+00:00,2025-01-10 14:10:00+00:00,300.8,305.31199999999995,2279.088578346777,10283.24766550053,0.01049999999999987,5,v3_long,tp,False,A,True,0.03725881570192943,0.007160282609384404,,0.5535714285714282,0.4464285714285719
VKCO,-1,2025-01-10 22:30:00+00:00,2025-01-13 09:50:00+00:00,309.8,313.0,2236.1140017190473,-7155.564805500926,-0.007230471271788225,356,v3_short,gap_sl,False,A,True,0.009032258064516166,0.004502962475312709,0.0006322580645161298,0.5714285714285773,0.4285714285714228
VKCO,-1,2025-01-16 22:40:00+00:00,2025-01-17 09:50:00+00:00,338.4,339.0,2032.3263072361415,-1219.395784341731,-0.0012411347517730968,67,v3_short,timeout,False,A,True,0.012404016538688853,0.004170835493086789,-7.0880094506792e-05,0.7142857142857065,0.28571428571429347
VKCO,1,2025-01-23 13:20:00+00:00,2025-01-23 14:50:00+00:00,344.0,349.15999999999997,1996.760596859509,10303.284679795002,0.010499999999999936,9,v3_long,tp,False,A,True,0.01976744186046515,0.00526024363233664,,0.29411764705882304,0.705882352941177
VKCO,-1,2025-01-24 13:20:00+00:00,2025-01-24 16:30:00+00:00,356.8,351.448,1945.3417729695277,10411.469168932976,0.010500000000000063,19,v3_short,tp,False,A,True,0.02073991031390128,0.005418535127055309,,0.7027027027027033,0.29729729729729665
VKCO,1,2025-01-28 10:20:00+00:00,2025-01-28 10:50:00+00:00,336.2,337.6,2086.216457506783,2920.7030405095675,0.0029149315883403443,3,v3_long,opposite_signal,False,A,True,0.024375743162901274,0.004954419342053112,-0.00018430439952437372,0.39024390243902357,0.6097560975609765
VKCO,1,2025-01-28 12:10:00+00:00,2025-01-28 14:40:00+00:00,335.8,340.837,2094.7899497979074,10551.456977132013,0.010499999999999954,15,v3_long,tp,False,A,True,0.014889815366289458,0.004820577724836208,,0.12000000000000455,0.8799999999999955
VKCO,1,2025-01-29 10:20:00+00:00,2025-01-29 12:10:00+00:00,349.6,346.10400000000004,2033.2279319969384,-7108.164850261258,-0.006999999999999961,11,v3_long,sl,False,A,True,0.026887871853547008,0.004767353165522517,0.00021167048054919843,0.8936170212765961,0.10638297872340387
VKCO,-1,2025-01-30 11:00:00+00:00,2025-01-30 12:10:00+00:00,341.4,336.279,2067.489073318532,10587.611544464164,0.01049999999999996,7,v3_short,tp,False,A,True,0.008782201405152224,0.0031147540983606447,0.000117096018735363,0.5999999999999849,0.4000000000000152
VKCO,-1,2025-01-31 10:20:00+00:00,2025-01-31 10:40:00+00:00,345.6,343.2,2063.8081531020594,4953.139567445013,0.004861111111111181,2,v3_short,opposite_signal,False,A,True,0.017929438982070528,0.0031397174254316966,0.00016772700983227166,0.7419354838709727,0.25806451612902725
VKCO,-1,2025-01-31 11:10:00+00:00,2025-01-31 11:50:00+00:00,345.6,342.4,2073.8405538463053,6636.2897723082715,0.006481481481481572,4,v3_short,opposite_signal,False,A,True,0.01677270098322733,0.0035147039195622155,0.00017929438982070036,0.7241379310344892,0.2758620689655108
VKCO,1,2025-01-31 21:50:00+00:00,2025-02-03 06:50:00+00:00,335.8,335.0,2148.197433740021,-1718.5579469920413,-0.001667659321024443,342,v3_long,timeout,False,A,True,0.006551518761167496,0.0033061467588822325,-0.00047051816557474555,0.6363636363636387,0.3636363636363613
VKCO,-1,2025-02-03 21:10:00+00:00,2025-02-04 06:50:00+00:00,324.2,320.6,2221.350116246159,7996.860418486096,0.007772979642196102,58,v3_short,timeout,False,A,True,0.019118100524205945,0.003222010358259858,-0.0004162812210915819,0.9032258064516091,0.09677419354839094
VKCO,-1,2025-02-04 10:30:00+00:00,2025-02-04 12:30:00+00:00,323.4,318.549,2244.1543289423157,10886.392649699172,0.010499999999999997,12,v3_short,tp,False,A,True,0.014837712519319798,0.0037375298580862274,-3.0911901081923564e-06,0.47916666666666174,0.5208333333333383
VKCO,1,2025-02-05 10:30:00+00:00,2025-02-05 10:30:00+00:00,308.6,308.1,2376.474351376326,-1188.237175688163,-0.0011341542449773167,0,v3_long,opposite_signal,False,A,True,0.011345218800648298,0.0032414910858995223,6.482982171800501e-06,0.7428571428571493,0.2571428571428506
VKCO,1,2025-02-05 10:50:00+00:00,2025-02-05 11:00:00+00:00,307.6,308.6,2381.4961599861913,2381.4961599861913,0.002275682704811443,1,v3_long,opposite_signal,False,A,True,0.011382113821138212,0.0033468834688347025,0.0,0.4571428571428636,0.5428571428571364
VKCO,1,2025-02-06 10:20:00+00:00,2025-02-06 10:40:00+00:00,319.2,316.008,2300.17313948541,-7342.1526612374455,-0.007000000000000016,2,v3_long,sl,False,A,True,0.010968348480100282,0.0036113473907269196,6.894390473206033e-05,0.885714285714276,0.11428571428572402
VKCO,1,2025-02-10 22:40:00+00:00,2025-02-10 22:40:00+00:00,310.0,306.9,2351.857287938312,-7290.75759260882,-0.007000000000000051,0,v3_long,sl,False,A,True,0.013548387096774157,0.0038117182356813676,0.00027741935483871407,0.21428571428570944,0.7857142857142906
VKCO,1,2025-02-11 10:20:00+00:00,2025-02-11 10:50:00+00:00,306.5,311.09749999999997,2362.0627371812416,10859.583434190683,0.010499999999999928,3,v3_long,tp,False,A,True,0.014029363784665431,0.0043967995028353765,-2.28384991843408e-05,0.44186046511627847,0.5581395348837216
VKCO,-1,2025-02-12 10:50:00+00:00,2025-02-12 14:40:00+00:00,318.0,313.23,2300.546972798692,10973.609060249719,0.010499999999999959,23,v3_short,tp,False,A,True,0.014784523435042432,0.003722344552794392,5.3475935828878446e-05,0.5106382978723368,0.48936170212766317
VKCO,1,2025-02-17 20:00:00+00:00,2025-02-17 22:30:00+00:00,326.7,331.60049999999995,2262.796032115577,11088.831955382308,0.010499999999999928,15,v3_long,tp,False,A,True,0.013468013468013398,0.003685588101172496,0.00024793388429752137,0.045454545454543104,0.9545454545454569
VKCO,-1,2025-02-19 10:40:00+00:00,2025-02-19 10:40:00+00:00,324.8,323.5,2299.931176295956,2989.910529184769,0.002801724137931059,0,v3_short,opposite_signal,False,A,True,0.012627040344933855,0.0034011328182536357,0.00012627040344933858,0.5121951219512222,0.48780487804877776
VKCO,1,2025-02-19 11:00:00+00:00,2025-02-19 11:10:00+00:00,323.3,320.067,2317.075729759839,-7491.105834313568,-0.007000000000000008,1,v3_long,sl,False,A,True,0.011448019801980163,0.0034405940594059423,0.00014232673267327155,0.05405405405405115,0.9459459459459488
VKCO,-1,2025-02-20 11:50:00+00:00,2025-02-20 12:20:00+00:00,328.3,331.583,2265.8142228063853,-7438.668093473398,-0.007000000000000032,3,v3_short,sl,False,A,True,0.013711151736745888,0.0037781840341255435,,0.644444444444452,0.35555555555554796
VKCO,1,2025-02-20 20:00:00+00:00,2025-02-21 06:50:00+00:00,328.8,330.0,2246.5320610763533,2695.8384732915983,0.002554744525547421,65,v3_long,timeout,False,A,True,0.024939172749391694,0.0044503202740950355,0.00021593673965937155,0.20731707317073061,0.7926829268292694
VKCO,1,2025-02-21 11:30:00+00:00,2025-02-21 13:40:00+00:00,329.7,326.40299999999996,2246.123229036121,-7405.468286132148,-0.007000000000000054,13,v3_long,sl,False,A,True,0.013952077646345231,0.0030113956410589664,,0.282608695652175,0.717391304347825
VKCO,-1,2025-02-24 20:30:00+00:00,2025-02-25 06:50:00+00:00,337.5,340.4,2178.853335741975,-6318.674673651678,-0.006014814814814768,62,v3_short,timeout,False,A,True,0.009783575452119808,0.003297494509217855,-5.929439667949356e-06,0.969696969696963,0.03030303030303709
VKCO,-1,2025-02-25 10:20:00+00:00,2025-02-25 17:40:00+00:00,341.5,344.915,2140.380464249957,-7309.399285413648,-0.007000000000000042,44,v3_short,sl,False,A,True,0.020204978038067284,0.0033326361291222085,4.68521229868235e-05,0.6521739130434804,0.34782608695651956
VKCO,-1,2025-02-27 10:20:00+00:00,2025-02-27 10:30:00+00:00,333.9,337.239,2173.774630253282,-7258.233490415705,-0.0069999999999999975,1,v3_short,sl,False,A,True,0.024572969733293513,0.005765086975755246,-0.00017980221756068324,0.6707317073170694,0.32926829268293056
VKCO,1,2025-02-27 12:30:00+00:00,2025-02-27 15:20:00+00:00,330.6,335.55899999999997,2180.104614634845,10811.138783974078,0.010499999999999884,17,v3_long,tp,False,A,True,0.022686025408348454,0.005684851072915547,,0.05333333333333788,0.9466666666666621
VKCO,1,2025-02-27 22:20:00+00:00,2025-02-27 23:40:00+00:00,332.6,329.274,2189.748595150516,-7283.103827470663,-0.007000000000000045,8,v3_long,sl,False,A,True,0.022255639097744292,0.004873408009820468,0.00012631578947368556,0.13513513513513556,0.8648648648648645
VKCO,-1,2025-02-28 10:20:00+00:00,2025-02-28 11:20:00+00:00,329.7,324.7545,2193.5462847068006,10848.183151017442,0.01049999999999996,6,v3_short,tp,False,A,True,0.019411586290567287,0.004722908271588898,-4.5495905368516835e-05,0.39062499999999795,0.6093750000000021
VKCO,-1,2025-02-28 18:40:00+00:00,2025-02-28 19:50:00+00:00,327.4,330.674,2232.150086357802,-7308.059382735446,-0.007000000000000002,7,v3_short,sl,False,A,True,0.013125763125762985,0.004737484737484721,-0.00025335775335775195,0.7674418604651139,0.2325581395348862
VKCO,-1,2025-03-03 20:00:00+00:00,2025-03-04 06:50:00+00:00,323.4,321.2,2243.9403113965045,4936.6686850722845,0.004761904761904737,65,v3_short,timeout,False,A,True,0.021335807050092696,0.003716885641083884,-1.8552875695733542e-05,0.4057971014492701,0.5942028985507299
VKCO,-1,2025-03-05 10:20:00+00:00,2025-03-05 10:20:00+00:00,333.6,334.2,2185.6893428812355,-1311.4136057286667,-0.001258992805755324,0,v3_short,opposite_signal,False,A,True,0.02757793764988006,0.005381409158387573,-0.00021282973621103185,0.5217391304347845,0.4782608695652155
VKCO,1,2025-03-05 10:40:00+00:00,2025-03-05 11:10:00+00:00,332.7,335.3,2188.8427269647436,5690.991090108383,0.0054703937481214784,3,v3_long,opposite_signal,False,A,True,0.012319711538461436,0.005421718227424742,-0.00018629807692307487,0.2195121951219475,0.7804878048780525
VKCO,1,2025-03-05 19:50:00+00:00,2025-03-05 21:30:00+00:00,338.9,335.51099999999997,2160.5537592925525,-7322.116690242482,-0.007000000000000021,10,v3_long,sl,False,A,True,0.015343759221009114,0.003661305183035137,0.0003098259073473035,0.15384615384614544,0.8461538461538546
VKCO,1,2025-03-06 11:40:00+00:00,2025-03-06 13:00:00+00:00,335.7,332.34299999999996,2165.8808082844103,-7270.861873410825,-0.007000000000000059,8,v3_long,sl,False,A,True,0.01250372134563855,0.0033774419726724948,,0.28571428571428376,0.7142857142857162
VKCO,1,2025-03-06 22:50:00+00:00,2025-03-07 06:50:00+00:00,331.7,334.0,2176.655363369577,5006.3073357500525,0.004853783539342804,48,v3_long,timeout,False,A,True,0.00693606755126662,0.0031203072302503796,-0.00012665862484921727,0.08695652173912506,0.913043478260875
VKCO,-1,2025-03-12 19:20:00+00:00,2025-03-13 06:50:00+00:00,321.6,321.8,2255.9110670544583,-451.182213410866,-0.00043532338308455235,69,v3_short,timeout,False,A,True,0.007771215418091389,0.003425678633281102,-0.0001554243083618278,0.32000000000000456,0.6799999999999955
VKCO,-1,2025-03-13 12:50:00+00:00,2025-03-13 15:30:00+00:00,319.5,314.7075,2269.750145900864,10877.777574229933,0.010500000000000039,16,v3_short,tp,False,A,True,0.01564455569461827,0.0031289111389236446,,0.9799999999999954,0.02000000000000455
VKCO,-1,2025-03-14 10:20:00+00:00,2025-03-14 16:40:00+00:00,320.8,324.00800000000004,2284.2880795426654,-7327.996159172932,-0.007000000000000057,38,v3_short,sl,False,A,True,0.009975062344139616,0.00307267545422157,-0.00020885286783041827,0.8437499999999994,0.15625000000000056
VKCO,-1,2025-03-21 11:00:00+00:00,2025-03-21 11:50:00+00:00,296.8,299.76800000000003,2451.7183915291985,-7276.700186058704,-0.007000000000000042,5,v3_short,sl,False,A,True,0.022237196765498728,0.00664420485175203,-0.0004716981132075472,0.848484848484849,0.151515151515151
VKCO,-1,2025-03-21 22:30:00+00:00,2025-03-24 06:50:00+00:00,294.4,294.0,2454.4032896590525,981.7613158635652,0.0009510869565216852,338,v3_short,timeout,False,A,True,0.0186693822131704,0.004426617897668226,-0.0001289884589273576,0.3818181818181756,0.6181818181818244
VKCO,1,2025-03-24 20:20:00+00:00,2025-03-24 20:50:00+00:00,288.6,289.3,2506.110746350414,1754.2775224452614,0.0016978516978516703,3,v3_long,opposite_signal,False,A,True,0.006576670128072116,0.003115264797507782,-0.00022152994115611253,0.47368421052632526,0.5263157894736747
VKCO,-1,2025-03-24 21:10:00+00:00,2025-03-24 22:40:00+00:00,288.9,284.56649999999996,2507.7589327187306,10867.373334936658,0.010500000000000039,9,v3_short,tp,False,A,True,0.004496713939813253,0.00297192553949977,-0.00020754064337599444,0.538461538461525,0.461538461538475
VKCO,-1,2025-03-25 11:10:00+00:00,2025-03-25 12:20:00+00:00,289.8,286.5,2526.2205555448477,8336.527833298027,0.00797101449275365,7,v3_short,opposite_signal,False,A,True,0.024154589371980676,0.004021340977862711,0.00018633540372670727,0.7857142857142857,0.21428571428571427
VKCO,1,2025-03-25 12:50:00+00:00,2025-03-25 17:50:00+00:00,285.3,289.5795,2586.5204573438677,11069.014297203043,0.010499999999999962,30,v3_long,tp,False,A,True,0.02279102384291725,0.004090696587190276,,0.16923076923077274,0.8307692307692273
VKCO,-1,2025-03-27 18:40:00+00:00,2025-03-27 21:40:00+00:00,282.2,280.6,2642.3904907450305,4227.824785191959,0.003968816442239462,18,v3_short,opposite_signal,False,A,True,0.021238938053097345,0.004601769911504433,-0.00012743362831858486,0.5500000000000019,0.4499999999999981
VKCO,1,2025-03-27 22:00:00+00:00,2025-03-27 23:40:00+00:00,280.5,282.0,2668.9556999567985,4003.433549935198,0.0037433155080213902,10,v3_long,opposite_signal,False,A,True,0.012121212121212243,0.003383171450398325,0.00014260249554367202,0.32352941176470934,0.6764705882352907
VKCO,1,2025-03-28 18:40:00+00:00,2025-03-29 09:50:00+00:00,282.0,280.0,2664.696728095166,-5329.393456190332,-0.004964539007092199,91,v3_long,timeout,False,A,True,0.011335458731845514,0.004484590860786358,-3.5423308537017356e-05,0.12499999999999334,0.8750000000000067
VKCO,1,2025-04-01 10:20:00+00:00,2025-04-01 16:40:00+00:00,283.6,280.764,2636.508821944652,-7477.139019035067,-0.0070000000000000305,38,v3_long,sl,False,A,True,0.016907361747094087,0.00348882067797178,0.00019020781965480723,0.33333333333333726,0.6666666666666627
VKCO,1,2025-04-01 21:40:00+00:00,2025-04-01 21:50:00+00:00,282.7,279.873,2626.3880600996777,-7424.799045901784,-0.006999999999999995,1,v3_long,sl,False,A,True,0.017326732673267245,0.0053401841641890135,7.07213578500466e-06,0.12244897959183035,0.8775510204081697
VKCO,-1,2025-04-02 21:40:00+00:00,2025-04-03 06:50:00+00:00,280.4,281.7,2629.3956678247064,-3418.214368172148,-0.0032453637660485304,55,v3_short,timeout,False,A,True,0.02030637691485568,0.004282297172520596,-0.00013537584609904055,0.7192982456140306,0.28070175438596945
VKCO,-1,2025-04-03 12:30:00+00:00,2025-04-03 17:20:00+00:00,280.1,275.8985,2623.6693866487935,11023.346928004932,0.010500000000000025,29,v3_short,tp,False,A,True,0.013556903317873747,0.003945352668359539,,0.6842105263157934,0.31578947368420657
VKCO,1,2025-04-04 10:20:00+00:00,2025-04-04 11:00:00+00:00,279.5,276.705,2656.9092595704133,-7426.061380499347,-0.00700000000000004,4,v3_long,sl,False,A,True,0.01501072194424585,0.00401647435242859,0.0002394567548248765,0.09523809523809008,0.9047619047619099
VKCO,1,2025-04-08 10:20:00+00:00,2025-04-08 11:40:00+00:00,259.5,256.905,2841.6489213240116,-7374.078950835888,-0.007000000000000073,8,v3_long,sl,False,A,True,0.020801232665639355,0.00553965808203094,0.0003043143297380577,0.4444444444444421,0.5555555555555579
VKCO,-1,2025-04-09 10:20:00+00:00,2025-04-09 10:20:00+00:00,243.1,242.6,3012.1186335581897,1506.0593167790948,0.001439736733854381,0,v3_short,opposite_signal,False,A,True,0.04070723684210529,0.0075971177944862125,-2.8782894736843975e-05,0.5454545454545457,0.4545454545454543
VKCO,1,2025-04-09 10:40:00+00:00,2025-04-09 12:20:00+00:00,243.8,241.36200000000002,3007.7944271523434,-7333.002813397377,-0.0069999999999999655,10,v3_long,sl,False,A,True,0.022988505747126416,0.007478403655315196,0.0001806239737274234,0.3214285714285738,0.6785714285714262
VKCO,-1,2025-04-11 12:40:00+00:00,2025-04-11 13:40:00+00:00,252.7,255.227,2881.547999091267,-7281.671793703675,-0.007000000000000041,6,v3_short,sl,False,A,True,0.020569620253164625,0.004023508137432187,,0.7884615384615348,0.21153846153846523
VKCO,-1,2025-04-11 19:40:00+00:00,2025-04-11 21:40:00+00:00,253.4,251.3,2853.4728062934905,5992.292893216314,0.005801104972375674,12,v3_short,opposite_signal,False,A,True,0.018547750591949443,0.0038577388334970794,3.157063930544638e-05,0.9787234042553203,0.021276595744679692
VKCO,1,2025-04-11 22:00:00+00:00,2025-04-11 23:30:00+00:00,251.8,252.8,2888.262963224869,2888.262963224869,0.0027799841143764893,9,v3_long,opposite_signal,False,A,True,0.012708498808578191,0.004125399166815243,6.354249404289208e-05,0.3125000000000011,0.6874999999999989
VKCO,1,2025-04-14 20:30:00+00:00,2025-04-14 21:20:00+00:00,248.3,250.9,2937.1179952246457,7636.506787584062,0.007329842931937157,5,v3_long,opposite_signal,False,A,True,0.011276681433749542,0.0030328684031002634,-0.0002053966975432953,0.21428571428572155,0.7857142857142785
VKCO,-1,2025-04-14 21:40:00+00:00,2025-04-15 06:50:00+00:00,250.5,250.0,2932.6624868885765,1466.3312434442882,0.0013972055888223553,55,v3_short,timeout,False,A,True,0.013955342902711323,0.00324675324675324,-0.0001594896331738437,0.8000000000000033,0.19999999999999676
VKCO,1,2025-04-15 10:30:00+00:00,2025-04-15 13:30:00+00:00,249.4,246.906,2949.7128501844395,-7356.583848359992,-0.006999999999999999,18,v3_long,sl,False,A,True,0.013643659711075465,0.003192032686414704,-4.815409309791059e-05,0.44117647058823456,0.5588235294117655
VKCO,1,2025-04-15 19:20:00+00:00,2025-04-16 06:50:00+00:00,246.0,246.7,2969.547870496534,2078.68350934754,0.001991869918699155,69,v3_long,timeout,False,A,True,0.009353395689304525,0.0033612468981085793,-0.0002562017080113895,0.3043478260869538,0.6956521739130461
VKCO,1,2025-04-16 10:20:00+00:00,2025-04-16 11:10:00+00:00,243.6,241.164,3004.777728237646,-7319.638545986927,-0.007000000000000021,5,v3_long,sl,False,A,True,0.019696347968814046,0.003536745022177925,-0.00018465326220763232,0.24999999999999853,0.7500000000000014
VKCO,1,2025-04-17 10:20:00+00:00,2025-04-17 11:30:00+00:00,252.6,253.4,2877.4351053701494,2301.948084296152,0.0022169437846397784,7,v3_long,opposite_signal,False,A,True,0.009900990099009901,0.003017444601603017,0.00014653465346534835,0.3199999999999932,0.6800000000000068
VKCO,-1,2025-04-17 11:50:00+00:00,2025-04-17 15:10:00+00:00,252.9,255.429,2880.393322560328,-7284.51471275506,-0.006999999999999991,20,v3_short,sl,False,A,True,0.011862396204033215,0.003347831817582704,,0.6000000000000038,0.3999999999999962
VKCO,-1,2025-04-17 21:00:00+00:00,2025-04-18 06:50:00+00:00,252.5,252.0,2864.7616276300137,1432.3808138150068,0.001386138613861386,59,v3_short,timeout,False,A,True,0.02414885193982579,0.003999224392845024,-0.00011084718923199003,0.7213114754098376,0.27868852459016236
VKCO,1,2025-04-18 10:20:00+00:00,2025-04-18 12:50:00+00:00,250.7,248.19299999999998,2889.3297867820065,-7243.549775462505,-0.007000000000000015,15,v3_long,sl,False,A,True,0.01156299840510369,0.0033796612743981183,-0.00022727272727272906,0.41379310344827114,0.5862068965517289
VKCO,1,2025-04-18 23:30:00+00:00,2025-04-21 06:50:00+00:00,249.6,250.0,2881.7487688438514,1152.6995075375569,0.0011217948717948878,332,v3_long,timeout,False,A,True,0.007609130957148601,0.0030076908616870983,0.00015218261914296975,0.052631578947365275,0.9473684210526347
VKCO,1,2025-04-22 12:40:00+00:00,2025-04-22 17:00:00+00:00,259.0,262.885,2780.2756075625543,10801.370735380498,0.010499999999999976,26,v3_long,tp,False,A,True,0.018539976825029014,0.003619709761077077,,0.16666666666666863,0.8333333333333314
VKCO,1,2025-04-24 11:00:00+00:00,2025-04-24 14:20:00+00:00,273.7,270.96299999999997,2658.576331287789,-7276.52341873474,-0.007000000000000059,20,v3_long,sl,False,A,True,0.02009499451954695,0.0038874680306905324,0.00023748629886737307,0.1272727272727252,0.8727272727272748
VKCO,-1,2025-04-24 19:20:00+00:00,2025-04-25 06:50:00+00:00,273.1,273.7,2645.7662961565484,-1587.4597776938388,-0.0015378982057853389,69,v3_short,timeout,False,A,True,0.01684364701574523,0.0038709002458544584,-0.0003112413035518125,0.847826086956525,0.15217391304347505
VKCO,1,2025-04-25 21:40:00+00:00,2025-04-25 22:20:00+00:00,281.5,282.7,2562.868751815161,3075.442502178164,0.002984014209591446,4,v3_long,opposite_signal,False,A,True,0.010657193605683837,0.004538369521876244,-0.00011367673179396253,0.5333333333333409,0.46666666666665907
VKCO,-1,2025-04-25 22:40:00+00:00,2025-04-26 09:50:00+00:00,282.7,284.0,2559.6051057215864,-3327.4866374380913,-0.0032189600282985778,67,v3_short,timeout,False,A,True,0.00849256900212306,0.003704666580007804,-5.661712668082174e-05,0.8749999999999941,0.1250000000000059
VKCO,-1,2025-04-26 13:20:00+00:00,2025-04-27 09:50:00+00:00,285.4,283.3,2527.228881364001,5307.180650864316,0.005150665732305453,123,v3_short,timeout,False,A,True,0.009457092819614672,0.0030689683929613553,,0.5185185185185123,0.4814814814814877
VKCO,1,2025-04-29 18:40:00+00:00,2025-04-29 19:50:00+00:00,266.7,264.03299999999996,2718.3582647052526,-7249.861491968991,-0.00700000000000008,7,v3_long,sl,False,A,True,0.015355805243445778,0.00366292134831458,-0.00010861423220973698,0.07317073170731944,0.9268292682926805
VKCO,1,2025-04-30 10:30:00+00:00,2025-04-30 11:40:00+00:00,261.2,258.58799999999997,2756.1686299866483,-7199.112461525189,-0.007000000000000063,7,v3_long,sl,False,A,True,0.02029096477794798,0.0045941807044410175,-0.00016845329249617498,0.24528301886792614,0.7547169811320739
VKCO,-1,2025-04-30 22:10:00+00:00,2025-04-30 23:00:00+00:00,264.5,267.145,2702.729177427013,-7148.7186742944,-0.0069999999999999524,5,v3_short,sl,False,A,True,0.018910741301059002,0.00405230170736976,0.0001626323751891057,1.0,0.0
VKCO,1,2025-05-07 10:20:00+00:00,2025-05-07 10:50:00+00:00,256.7,258.9,2765.359424843938,6083.790734656633,0.005999220880405112,3,v3_long,opposite_signal,False,A,True,0.023382696804364767,0.004620866273243499,-1.9485580670303975e-05,0.23333333333332953,0.7666666666666705
VKCO,1,2025-05-07 11:30:00+00:00,2025-05-07 11:50:00+00:00,257.9,259.2,2769.005110010464,3599.706643013634,0.003528499418379248,2,v3_long,opposite_signal,False,A,True,0.022480620155038804,0.004498892580287921,,0.41379310344827114,0.5862068965517289
VKCO,-1,2025-05-07 12:10:00+00:00,2025-05-07 13:40:00+00:00,258.3,260.88300000000004,2774.4723674866746,-7166.462125218155,-0.007000000000000073,9,v3_short,sl,False,A,True,0.017034456058846213,0.004682055749128912,,0.6363636363636422,0.36363636363635776
VKCO,1,2025-05-07 20:30:00+00:00,2025-05-07 21:00:00+00:00,257.7,255.123,2761.465615188806,-7116.2968903415485,-0.006999999999999995,3,v3_long,sl,False,A,True,0.015521924718665115,0.0044348356339043325,4.656577415599711e-05,0.3499999999999943,0.6500000000000057
VKCO,-1,2025-05-13 18:40:00+00:00,2025-05-14 06:50:00+00:00,266.2,264.7,2654.576563527108,3981.8648452906623,0.003944402704733283,73,v3_short,timeout,False,A,True,0.020997375328084076,0.00395200599925008,-0.0003374578177727784,0.8928571428571392,0.10714285714286077
VKCO,-1,2025-05-15 19:50:00+00:00,2025-05-16 06:50:00+00:00,258.4,257.8,2745.493756202089,1647.29625372116,0.0016253869969039328,66,v3_short,timeout,False,A,True,0.012761020881670576,0.003519737361301824,-0.0002204176334106746,0.8181818181818119,0.18181818181818807
VKCO,-1,2025-05-16 22:40:00+00:00,2025-05-17 09:50:00+00:00,258.2,257.9,2752.086343842853,825.6259031528871,0.0008133230054221843,67,v3_short,timeout,False,A,True,0.004649360712901932,0.004301449367038569,2.3246803564515164e-05,0.916666666666647,0.08333333333335308
VKCO,1,2025-05-19 21:20:00+00:00,2025-05-20 06:50:00+00:00,261.2,260.9,2722.690015744378,-816.8070047233443,-0.0008039816232772128,57,v3_long,timeout,False,A,True,0.012251148545176067,0.0030159077413507533,-3.062787136294724e-05,0.3125000000000011,0.6874999999999989
VKCO,1,2025-05-22 10:20:00+00:00,2025-05-22 17:40:00+00:00,250.0,253.74999999999997,2842.3794688365006,10658.923008136797,0.01049999999999992,44,v3_long,tp,False,A,True,0.020791683326669287,0.0030083204813312688,-0.0002479008396641339,0.19230769230769273,0.8076923076923073
VKCO,1,2025-05-22 22:10:00+00:00,2025-05-23 06:50:00+00:00,252.0,251.8,2849.429021090559,-569.8858042180794,-0.000555555555555524,52,v3_long,timeout,False,A,True,0.015079365079365125,0.0031341107871720223,0.0001785714285714263,0.07894736842105539,0.9210526315789446
VKCO,-1,2025-05-26 22:40:00+00:00,2025-05-27 06:50:00+00:00,241.4,240.4,2972.8964094940684,2972.8964094940684,0.0028997514498757247,49,v3_short,timeout,False,A,True,0.02735184417737254,0.004643216590407402,-0.0003439701616245366,0.8787878787878812,0.12121212121211873
VKCO,-1,2025-05-28 10:20:00+00:00,2025-05-28 10:20:00+00:00,256.4,257.9,2807.0913445339866,-4210.63701680098,-0.004095163806552262,0,v3_short,opposite_signal,False,A,True,0.016380655226209004,0.0042715994354059665,9.360374414976732e-05,0.3333333333333288,0.6666666666666712
VKCO,-1,2025-05-28 10:40:00+00:00,2025-05-28 10:50:00+00:00,257.1,256.1,2787.984343939142,2787.984343939142,0.0027226760015558148,1,v3_short,opposite_signal,False,A,True,0.01556420233463035,0.004635425477922494,7.782101167315176e-05,0.4750000000000085,0.5249999999999915
VKCO,1,2025-05-28 11:10:00+00:00,2025-05-28 11:10:00+00:00,257.3,257.1,2793.4021137485847,-558.6804227496851,-0.0005441119315973262,0,v3_long,opposite_signal,False,A,True,0.01243684415079669,0.0046189721665819234,0.00010104935872522436,0.406250000000005,0.593749999999995
VKCO,1,2025-05-28 11:40:00+00:00,2025-05-28 14:40:00+00:00,256.2,253.63799999999998,2803.869194268486,-7183.512875715894,-0.007000000000000032,18,v3_long,sl,False,A,True,0.014826375341396844,0.0046012888990541465,,0.2368421052631512,0.7631578947368488
VKCO,-1,2025-05-29 12:00:00+00:00,2025-05-29 20:00:00+00:00,260.7,257.3,2736.182694892923,9303.021162635876,0.009129267357115398,48,v3_short,timeout,False,A,True,0.014587332053742847,0.0041112005448578955,,0.8421052631578893,0.15789473684211078
VKCO,-1,2025-05-30 10:20:00+00:00,2025-05-30 11:50:00+00:00,259.5,257.9,2773.930417620154,4438.288668192309,0.0043159922928709665,9,v3_short,opposite_signal,False,A,True,0.020809248554913316,0.003523259014588482,3.853564547207041e-06,0.814814814814815,0.18518518518518498
VKCO,1,2025-05-30 12:10:00+00:00,2025-05-30 12:10:00+00:00,258.7,259.2,2794.5177635878035,1397.2588817939018,0.0013529184383455743,0,v3_long,opposite_signal,False,A,True,0.011218568665377088,0.0034332688588007572,,0.3793103448275774,0.6206896551724226
VKCO,-1,2025-05-30 12:30:00+00:00,2025-05-30 12:50:00+00:00,259.3,261.89300000000003,2791.823473418513,-7239.1982665742535,-0.007000000000000048,2,v3_short,sl,False,A,True,0.011183956806787416,0.0033914838592590756,,0.5862068965517249,0.4137931034482752
VKCO,1,2025-05-30 18:40:00+00:00,2025-05-31 09:50:00+00:00,259.7,261.3,2768.010734966571,4428.817175946577,0.004312668463611922,91,v3_long,timeout,False,A,True,0.007324595219737769,0.0034309946029298342,0.00013492675404780263,0.5789473684210417,0.4210526315789584
VKCO,-1,2025-06-03 18:40:00+00:00,2025-06-03 20:30:00+00:00,271.3,274.01300000000003,2661.0857349575413,-7219.525598939868,-0.0070000000000000565,11,v3_short,sl,False,A,True,0.014385835485060987,0.00402803393581701,0.0003799336038362253,0.8717948717948729,0.12820512820512708
VKCO,-1,2025-06-04 10:20:00+00:00,2025-06-04 16:20:00+00:00,278.3,281.083,2575.993143998286,-7168.98891974727,-0.007000000000000038,36,v3_short,sl,False,A,True,0.02154398563734291,0.004821749166452935,-1.7953321364452423e-05,0.7166666666666686,0.28333333333333144
VKCO,1,2025-06-05 10:20:00+00:00,2025-06-05 12:00:00+00:00,283.1,287.3465,2514.590603076298,10678.208995963421,0.010499999999999923,10,v3_long,tp,False,A,True,0.015542211232779855,0.003835091083413213,0.0001483574708583515,0.3636363636363707,0.6363636363636294
VKCO,1,2025-06-05 19:20:00+00:00,2025-06-06 06:50:00+00:00,285.5,287.2,2519.633436175392,4283.376841498138,0.0041681260945709,69,v3_long,timeout,False,A,True,0.01750087504375219,0.0043002150107505285,0.00021701085054252873,0.1,0.9
VKCO,-1,2025-06-06 11:00:00+00:00,2025-06-06 11:10:00+00:00,287.2,286.0,2515.1591567448577,3018.1909880938006,0.002924791086350947,1,v3_short,opposite_signal,False,A,True,0.012199372603694669,0.003081212966190306,5.92540955036614e-05,0.6285714285714253,0.37142857142857466
VKCO,-1,2025-06-09 19:40:00+00:00,2025-06-10 06:50:00+00:00,270.8,273.0,2675.2822876986293,-5885.621032936954,-0.0056868537666174,67,v3_short,timeout,False,A,True,0.012186115214180249,0.004069574654086154,-0.0001366322008862562,0.909090909090906,0.09090909090909403
VKCO,-1,2025-06-10 10:20:00+00:00,2025-06-10 10:40:00+00:00,276.1,275.0,2609.0058268226476,2869.9064095049716,0.002788844621514002,2,v3_short,opposite_signal,False,A,True,0.021353601158161335,0.003636488978508507,0.00021715526601520085,0.61016949152543,0.38983050847457007
VKCO,1,2025-06-10 11:00:00+00:00,2025-06-10 11:40:00+00:00,275.0,272.25,2626.7470664450416,-7223.554432723864,-0.007,4,v3_long,sl,False,A,True,0.015636363636363473,0.003825454545454522,0.0002763636363636372,0.20930232558139228,0.7906976744186077
VKCO,1,2025-06-10 19:20:00+00:00,2025-06-11 06:50:00+00:00,271.4,271.4,2642.9585673156953,0.0,0.0,69,v3_long,timeout,False,A,True,0.013264554163596044,0.004609507767734938,-0.00024686809137804144,0.08333333333332149,0.9166666666666785
VKCO,-1,2025-06-11 10:20:00+00:00,2025-06-11 11:40:00+00:00,272.5,271.8,2632.28974374121,1842.6028206188168,0.0017981651376146495,8,v3_short,opposite_signal,False,A,True,0.01614086573734401,0.0034063515354784807,0.00013206162876008886,0.4545454545454569,0.5454545454545431
VKCO,1,2025-06-11 12:00:00+00:00,2025-06-11 17:00:00+00:00,271.4,268.686,2647.711043271602,-7185.887771439125,-0.006999999999999997,30,v3_long,sl,False,A,True,0.015849612974566732,0.003769187781648731,,0.18604651162789837,0.8139534883721017
VKCO,1,2025-06-16 19:30:00+00:00,2025-06-16 23:20:00+00:00,259.2,256.608,2752.9269124379066,-7135.5865570390115,-0.0069999999999999585,23,v3_long,sl,False,A,True,0.006949806949806994,0.00321487668426444,-0.00012741312741313004,0.6666666666666562,0.33333333333334386
VKCO,-1,2025-06-17 10:20:00+00:00,2025-06-17 12:00:00+00:00,258.6,261.18600000000004,2739.999014361864,-7085.637451139814,-0.007000000000000033,10,v3_short,sl,False,A,True,0.015087040618955534,0.0035737312333057126,-4.255319148936258e-05,0.8974358974359035,0.10256410256409658
VKCO,1,2025-06-17 22:00:00+00:00,2025-06-18 06:50:00+00:00,262.0,262.8,2685.5106828174817,2148.408546254016,0.0021374045801527022,53,v3_long,timeout,False,A,True,0.010305343511450338,0.0030612244897959147,0.00020610687022900242,0.1111111111111158,0.8888888888888842
VKCO,1,2025-06-18 10:40:00+00:00,2025-06-18 11:20:00+00:00,264.4,268.36599999999993,2666.821803632973,10576.615273208241,0.010499999999999872,4,v3_long,tp,False,A,True,0.013615733736762569,0.0036834835229888523,0.000181543116490169,0.277777777777776,0.722222222222224
VKCO,1,2025-06-18 18:40:00+00:00,2025-06-18 20:50:00+00:00,267.5,264.825,2663.5937030721634,-7125.113155718067,-0.007000000000000029,13,v3_long,sl,False,A,True,0.017649267743146783,0.004701464513706318,0.000274126924521215,0.2765957446808541,0.7234042553191459
VKCO,1,2025-06-19 10:20:00+00:00,2025-06-19 15:10:00+00:00,266.7,264.03299999999996,2652.882401060372,-7075.237363628092,-0.00700000000000008,29,v3_long,sl,False,A,True,0.013118440779610194,0.003284072249589497,0.00010494752623687985,0.2285714285714318,0.7714285714285681
VKCO,1,2025-06-23 21:50:00+00:00,2025-06-24 06:50:00+00:00,254.3,253.0,2762.7647275197064,-3591.59414577565,-0.003578450648839984,54,v3_long,timeout,False,A,True,0.01376327172630751,0.003169966374280759,-6.685017695634808e-05,0.14285714285714285,0.8571428571428571
VKCO,-1,2025-06-24 12:50:00+00:00,2025-06-24 15:20:00+00:00,254.3,256.843,2752.8783102879215,-7000.569543062202,-0.007000000000000017,15,v3_short,sl,False,A,True,0.014931237721021545,0.003765553372626061,,0.7894736842105299,0.21052631578947015
VKCO,1,2025-06-25 11:40:00+00:00,2025-06-25 15:40:00+00:00,269.7,267.003,2577.517818413329,-6951.565556260756,-0.007000000000000007,24,v3_long,sl,False,A,True,0.024860853432282174,0.004529460687096138,,0.26865671641791034,0.7313432835820897
VKCO,1,2025-06-26 10:20:00+00:00,2025-06-26 11:40:00+00:00,268.5,269.6,2570.9141889634725,2828.005607859878,0.00286778398510248,8,v3_long,opposite_signal,False,A,True,0.01564245810055862,0.004593420235878323,5.959031657355341e-05,0.3095238095238131,0.6904761904761869
VKCO,-1,2025-06-26 12:20:00+00:00,2025-06-26 13:00:00+00:00,270.6,273.30600000000004,2558.2781362239257,-6922.7006366219875,-0.007000000000000044,4,v3_short,sl,False,A,True,0.014412416851441156,0.004087437568590536,,0.7948717948718054,0.20512820512819466
VKCO,1,2025-06-26 18:40:00+00:00,2025-06-27 06:50:00+00:00,270.4,268.7,2542.2491613038424,-4321.823574216503,-0.004400887573964468,73,v3_long,timeout,False,A,True,0.013318534961154357,0.0032852386237513602,0.00014798372179060723,0.24999999999999212,0.7500000000000079
VKCO,-1,2025-06-27 21:50:00+00:00,2025-06-28 09:50:00+00:00,268.1,268.4,2552.7746986744023,-765.8324096022046,-0.0007832898172322571,72,v3_short,timeout,False,A,True,0.008948545861297454,0.0030893789283050915,9.694258016405752e-05,0.6250000000000059,0.37499999999999406
VKCO,1,2025-07-01 10:20:00+00:00,2025-07-01 11:30:00+00:00,279.8,283.99699999999996,2444.1129879481264,10257.942210418154,0.010499999999999864,7,v3_long,tp,False,A,True,0.018227305218012947,0.003931379556826298,3.57398141529664e-05,0.35294117647058887,0.6470588235294111
VKCO,1,2025-07-01 19:20:00+00:00,2025-07-01 20:10:00+00:00,282.7,279.873,2444.4406564385517,-6910.433735751782,-0.006999999999999996,5,v3_long,sl,False,A,True,0.01627166607711363,0.0044180388816297605,0.00018394057304563303,0.3260869565217375,0.6739130434782625
VKCO,-1,2025-07-02 10:40:00+00:00,2025-07-02 15:30:00+00:00,283.1,285.93100000000004,2423.89992921283,-6862.060699601564,-0.007000000000000042,29,v3_short,sl,False,A,True,0.015889830508474576,0.004099115696389118,4.943502824859078e-05,0.5555555555555556,0.4444444444444444
VKCO,-1,2025-07-03 11:00:00+00:00,2025-07-03 11:00:00+00:00,287.7,290.577,2368.4484792159587,-6814.026274704336,-0.007000000000000024,0,v3_short,sl,False,A,True,0.0201598887730275,0.004365658672227996,-0.00015641293013555788,0.7758620689655157,0.2241379310344843
VKCO,1,2025-07-03 19:40:00+00:00,2025-07-04 06:50:00+00:00,292.9,293.0,2310.115428740656,231.01154287411813,0.00023898941618305194,67,v3_long,timeout,False,A,True,0.02013651877133098,0.004708504562234447,0.00045051194539248913,0.15254237288135267,0.8474576271186474
VKCO,-1,2025-07-04 10:20:00+00:00,2025-07-04 11:10:00+00:00,292.9,288.50649999999996,2310.6675218782866,10151.917757372292,0.010500000000000042,5,v3_short,tp,False,A,True,0.015363605326049848,0.00401567250321091,-6.828269033800321e-05,0.8222222222222197,0.1777777777777803
VKCO,-1,2025-07-04 20:10:00+00:00,2025-07-05 09:50:00+00:00,289.2,290.0,2364.8024190467177,-1891.841935237401,-0.0019363762102351592,82,v3_short,timeout,False,A,True,0.010726643598615996,0.0033330979450603925,-0.00012802768166090124,0.48387096774193195,0.516129032258068
VKCO,1,2025-07-07 21:00:00+00:00,2025-07-08 06:50:00+00:00,284.0,283.1,2403.4386275832553,-2163.0947648248753,-0.002218309859154874,59,v3_long,timeout,False,A,True,0.011623811201127198,0.0029832292198316533,0.00012680521310320215,0.151515151515151,0.848484848484849
VKCO,-1,2025-07-08 10:30:00+00:00,2025-07-08 11:10:00+00:00,282.6,285.42600000000004,2409.987274940789,-6810.624038982723,-0.007000000000000053,4,v3_short,sl,False,A,True,0.013795542978422276,0.004823616426021802,-0.0001910152104704626,0.7948717948718054,0.20512820512819466
VKCO,-1,2025-07-09 10:20:00+00:00,2025-07-09 10:30:00+00:00,288.7,287.5,2342.5527089400043,2811.0632507279784,0.0029095947350190232,1,v3_short,opposite_signal,False,A,True,0.02249913464866736,0.005389902586164257,0.00019730010384215755,0.5384615384615384,0.46153846153846156
VKCO,1,2025-07-09 10:50:00+00:00,2025-07-09 11:00:00+00:00,288.0,289.8,2355.078858841975,4239.141945915582,0.004375000000000028,1,v3_long,opposite_signal,False,A,True,0.018402777777777816,0.005497685185185185,0.0002534722222222207,0.30188679245283384,0.6981132075471662
VKCO,1,2025-07-09 13:00:00+00:00,2025-07-09 15:00:00+00:00,287.9,292.21849999999995,2366.2039274353237,10218.451660629378,0.010499999999999931,12,v3_long,tp,False,A,True,0.022924626606460656,0.005519934661997885,,0.2272727272727265,0.7727272727272735
VKCO,1,2025-07-11 11:10:00+00:00,2025-07-11 13:40:00+00:00,315.6,312.444,2181.1882980705645,-6883.830268710714,-0.007000000000000012,15,v3_long,sl,False,A,True,0.03295310519645113,0.006410256410256406,-2.5348542458807178e-05,0.14423076923076955,0.8557692307692305
VKCO,-1,2025-07-15 10:20:00+00:00,2025-07-15 10:40:00+00:00,325.4,322.0,2100.6894458603956,7142.344115925297,0.007314074984634248,2,v3_short,opposite_signal,False,A,True,0.021511985248924403,0.005531653349723386,0.00010141364474493142,0.6571428571428523,0.34285714285714775
VKCO,1,2025-07-15 11:00:00+00:00,2025-07-15 11:40:00+00:00,321.0,324.0,2145.0591481748297,6435.177444524489,0.006542056074766355,4,v3_long,opposite_signal,False,A,True,0.021786492374727667,0.005502645502645473,6.224712107065402e-05,0.028571428571426947,0.9714285714285731
VKCO,-1,2025-07-15 22:20:00+00:00,2025-07-16 06:50:00+00:00,331.2,331.5,2092.5984624857715,-627.7795387457552,-0.0006340579710145168,51,v3_short,timeout,False,A,True,0.007845503922752031,0.003374675156725338,0.000262522631261317,0.5769230769230719,0.4230769230769281
VKCO,1,2025-07-16 10:20:00+00:00,2025-07-16 12:10:00+00:00,329.4,331.1,2102.699347596131,3574.588890913518,0.0036126290224651847,11,v3_long,opposite_signal,False,A,True,0.014268366727383087,0.0034261427704050554,-5.7680631451122574e-05,0.2978723404255278,0.7021276595744722
VKCO,-1,2025-07-16 12:30:00+00:00,2025-07-16 20:30:00+00:00,330.4,330.8,2103.908527003042,-841.5634108012885,-0.0008474576271187164,48,v3_short,timeout,False,A,True,0.012102874432677761,0.003381685503248198,,0.7749999999999915,0.22500000000000853
VKCO,-1,2025-07-18 10:30:00+00:00,2025-07-18 10:50:00+00:00,324.5,323.2,2140.346018287347,2782.449823773575,0.002804314329738083,2,v3_short,opposite_signal,False,A,True,0.01571648690292765,0.004048186020451041,0.00012942989214175795,0.49019607843137036,0.5098039215686296
VKCO,1,2025-07-18 11:10:00+00:00,2025-07-18 11:50:00+00:00,323.3,328.1495,2154.314871051301,10447.349967163236,0.010499999999999952,4,v3_long,tp,False,A,True,0.015769944341372983,0.0039960039960039925,0.00011750154607297675,0.2549019607843148,0.7450980392156852
VKCO,1,2025-07-21 19:40:00+00:00,2025-07-22 06:50:00+00:00,335.8,337.9,2095.899770065217,4401.389517136885,0.00437760571768903,67,v3_long,timeout,False,A,True,0.008040500297796273,0.0033912314181181466,0.00030375223347230287,0.0,1.0
VKCO,-1,2025-07-23 10:20:00+00:00,2025-07-23 11:10:00+00:00,336.6,334.6,2100.0716442361722,4200.1432884723445,0.0041592394533571,5,v3_short,opposite_signal,False,A,True,0.01188001188001188,0.0030972888115745386,-2.97000297000297e-05,0.8000000000000114,0.19999999999998863
VKCO,1,2025-07-23 11:30:00+00:00,2025-07-23 13:20:00+00:00,334.7,331.353,2120.7774596708286,-7098.242157518221,-0.0069999999999999585,11,v3_long,sl,False,A,True,0.01195457262402869,0.0031487490393647235,,0.25,0.75
VKCO,1,2025-07-25 23:10:00+00:00,2025-07-26 09:50:00+00:00,325.2,325.3,2167.4521717145253,216.74521717150182,0.00021525215252157418,64,v3_long,timeout,False,A,True,0.010147601476014796,0.0037778949218063673,-0.00020602706027060064,0.303030303030302,0.696969696969698
VKCO,1,2025-07-29 10:20:00+00:00,2025-07-29 18:20:00+00:00,314.4,317.5,2242.3892108574546,6951.40655365816,0.0069020356234097205,48,v3_long,timeout,False,A,True,0.020674300254452927,0.004680116321337684,-7.63358778625947e-05,0.2923076923076888,0.7076923076923112
VKCO,-1,2025-07-30 18:40:00+00:00,2025-07-30 19:20:00+00:00,322.3,321.1,2202.5229676734234,2643.027561208083,0.0026062674526838104,4,v3_short,opposite_signal,False,A,True,0.015494267121165169,0.004741245739076532,0.0004555314533622574,0.6600000000000023,0.33999999999999775
VKCO,1,2025-07-30 19:40:00+00:00,2025-07-30 21:30:00+00:00,321.8,322.6,2211.6944430515537,1769.3555544412682,0.0017402113113735487,11,v3_long,opposite_signal,False,A,True,0.01056885296860422,0.0038760919350643423,0.0001647497668635396,0.35294117647058726,0.6470588235294128
VKCO,-1,2025-07-30 21:50:00+00:00,2025-07-30 23:40:00+00:00,322.3,325.523,2212.106176425997,-7129.618206621018,-0.007000000000000028,11,v3_short,sl,False,A,True,0.009922480620155003,0.003164056320202474,0.00010232558139534743,0.6250000000000022,0.3749999999999978
VKCO,1,2025-07-31 10:20:00+00:00,2025-07-31 11:50:00+00:00,324.2,320.95799999999997,2183.747957796003,-7079.710879174682,-0.00700000000000004,9,v3_long,sl,False,A,True,0.016964836520666257,0.003730795217531822,7.711289327575571e-05,0.23636363636363844,0.7636363636363616
VKCO,1,2025-08-01 19:20:00+00:00,2025-08-01 20:00:00+00:00,327.5,324.225,2146.6115734413493,-7030.15290302037,-0.006999999999999951,4,v3_long,sl,False,A,True,0.010680500457735734,0.00300797767993371,4.577357339029253e-05,0.37142857142857466,0.6285714285714253
VKCO,-1,2025-08-06 20:40:00+00:00,2025-08-06 21:50:00+00:00,328.4,331.68399999999997,2125.7435544151267,-6980.941832699259,-0.006999999999999983,7,v3_short,sl,False,A,True,0.018879415347137603,0.003038852569042225,-0.000124847746650427,0.8225806451612864,0.17741935483871368
VKCO,-1,2025-08-07 22:00:00+00:00,2025-08-08 06:50:00+00:00,331.8,333.0,2089.233043963346,-2507.0796527559914,-0.0025316455696202294,53,v3_short,timeout,False,A,True,0.01658124811576726,0.003199350285788103,-8.44136267711774e-05,0.7818181818181839,0.21818181818181612
VKCO,1,2025-08-13 19:30:00+00:00,2025-08-14 06:50:00+00:00,353.0,352.2,1958.7891451277876,-1567.0313161022523,-0.0015864022662889744,68,v3_long,timeout,False,A,True,0.014730878186968806,0.004041163207492628,-0.000178470254957509,0.03846153846153636,0.9615384615384637
VKCO,1,2025-08-14 10:20:00+00:00,2025-08-14 12:10:00+00:00,348.2,349.1,1982.6411439082065,1784.3770295174534,0.001809304997128156,11,v3_long,opposite_signal,False,A,True,0.016360505166475286,0.003512656497731131,-0.00012055109070034574,0.08771929824561421,0.9122807017543858
VKCO,-1,2025-08-14 12:30:00+00:00,2025-08-14 20:30:00+00:00,350.1,349.2,1975.44904378606,1777.9041394075214,0.0017994858611825875,48,v3_short,timeout,False,A,True,0.01200000000000013,0.003630252100840345,,0.8809523809523823,0.11904761904761776
VKCO,1,2025-08-21 21:50:00+00:00,2025-08-22 06:50:00+00:00,336.2,336.0,2060.8246374987652,-412.16492749972963,-0.0004164187983343011,54,v3_long,timeout,False,A,True,0.0074360499702558,0.0029258580291128904,-0.00023497917906008597,0.07999999999999545,0.9200000000000046
VKCO,-1,2025-08-22 10:20:00+00:00,2025-08-22 14:00:00+00:00,335.4,338.75399999999996,2064.8799274831104,-6925.607276778321,-0.006999999999999969,22,v3_short,sl,False,A,True,0.014907573047107932,0.0032228753158985864,-3.2796660703638124e-05,0.6799999999999955,0.32000000000000456
VKCO,1,2025-09-02 10:20:00+00:00,2025-09-02 16:10:00+00:00,328.8,325.512,2091.583949464995,-6877.128025840926,-0.0070000000000000236,35,v3_long,sl,False,A,True,0.021587108543630353,0.003561655735568783,-0.00017026451809060576,0.2676056338028209,0.7323943661971791
VKCO,-1,2025-09-03 20:20:00+00:00,2025-09-04 06:50:00+00:00,333.2,335.5,2049.5162453961634,-4713.887364411199,-0.004831932773109267,63,v3_short,timeout,False,A,True,0.007505253677574301,0.0030511153725975393,0.0003332332632842962,0.7200000000000045,0.2799999999999955
VKCO,1,2025-09-04 10:30:00+00:00,2025-09-04 10:40:00+00:00,334.6,336.1,2031.0791745693778,3046.6187618540666,0.0031380753138075313,1,v3_long,opposite_signal,False,A,True,0.010460251046025104,0.0030565668640982527,-2.988643156007852e-06,0.37142857142857466,0.6285714285714253
VKCO,-1,2025-09-04 11:00:00+00:00,2025-09-04 11:10:00+00:00,335.6,334.0,2031.3817787372218,3250.210845979601,0.0033373063170441474,1,v3_short,opposite_signal,False,A,True,0.010432190760059613,0.003040238450074529,3.3885793657709696e-18,0.6571428571428604,0.3428571428571396
VKCO,1,2025-09-04 11:30:00+00:00,2025-09-04 16:00:00+00:00,333.9,330.561,2048.5381028343736,-6840.068725363971,-0.006999999999999997,27,v3_long,sl,False,A,True,0.010479041916167664,0.002994011976047922,,0.1714285714285617,0.8285714285714383
VKCO,1,2025-09-10 10:20:00+00:00,2025-09-10 18:20:00+00:00,327.9,327.7,2071.420629547553,-414.28412590948705,-0.0004269594388532847,48,v3_long,timeout,False,A,True,0.014647543484894755,0.0029643838005144045,-0.0001312175770521805,0.35416666666666347,0.6458333333333366
VKCO,1,2025-09-15 18:40:00+00:00,2025-09-15 21:00:00+00:00,313.0,309.87,2169.1016790431504,-6789.288255405051,-0.006999999999999991,14,v3_long,sl,False,A,True,0.011824864173857428,0.0031000319590923546,-0.00011505273250239402,0.1081081081081023,0.8918918918918977
VKCO,1,2025-09-16 13:00:00+00:00,2025-09-16 19:10:00+00:00,311.1,313.3,2167.0727218313164,4767.559988028871,0.004950176792028261,37,v3_long,opposite_signal,False,A,True,0.018000642880102932,0.003066711842025227,,0.16071428571429114,0.8392857142857089
VKCO,-1,2025-09-16 19:50:00+00:00,2025-09-17 06:50:00+00:00,313.5,310.7,2161.127960935702,6051.15829061999,0.006251993620414698,66,v3_short,timeout,False,A,True,0.013392857142857106,0.0031432215743440383,-4.4642857142860036e-05,0.7619047619047613,0.23809523809523875
VKCO,1,2025-09-17 19:40:00+00:00,2025-09-18 06:50:00+00:00,307.0,306.2,2220.6821711947123,-1776.545736955795,-0.0018241042345277132,67,v3_long,timeout,False,A,True,0.014983713355048748,0.003443462075383889,3.2573289902250508e-06,0.19565217391304,0.80434782608696
VKCO,1,2025-09-18 19:20:00+00:00,2025-09-18 20:30:00+00:00,307.1,304.029,2215.909620777947,-6805.058445409134,-0.00700000000000006,7,v3_long,sl,False,A,True,0.009120521172638474,0.0030645482948879893,-2.931596091205508e-05,0.3928571428571494,0.6071428571428507
VKCO,1,2025-09-19 11:20:00+00:00,2025-09-19 19:20:00+00:00,302.4,302.4,2234.5975649111147,0.0,0.0,48,v3_long,timeout,False,A,True,0.01421487603305789,0.0033914906642179216,-2.9752066115697968e-05,0.372093023255805,0.6279069767441949
VKCO,1,2025-09-19 19:40:00+00:00,2025-09-19 23:40:00+00:00,301.7,303.8,2239.7822460361986,4703.542716676068,0.0048723897911833475,24,v3_long,opposite_signal,False,A,True,0.0169042094796154,0.003612184018453246,4.6403712296979235e-05,0.11764705882352351,0.8823529411764764
VKCO,1,2025-09-22 21:40:00+00:00,2025-09-23 06:50:00+00:00,296.9,298.0,2287.0824638962426,2515.790710285919,0.002593465813405241,55,v3_long,timeout,False,A,True,0.009087849209020492,0.00422451040328618,-0.0002625378660383732,0.25925925925925614,0.7407407407407438
VKCO,-1,2025-09-23 12:30:00+00:00,2025-09-23 15:00:00+00:00,298.3,301.283,2282.25221933622,-6807.958370279954,-0.007000000000000009,15,v3_short,sl,False,A,True,0.02112676056338032,0.0034224957588669374,,0.8730158730158715,0.12698412698412856
VKCO,1,2025-09-23 22:00:00+00:00,2025-09-23 22:00:00+00:00,299.8,296.802,2254.9375122374868,-6760.302661687964,-0.0069999999999999785,0,v3_long,sl,False,A,True,0.013337779259753253,0.0031983450265734878,0.0003601200400133401,0.0,1.0
VKCO,-1,2025-09-24 11:20:00+00:00,2025-09-24 12:40:00+00:00,294.2,297.142,2281.7744877825185,-6712.9805430561855,-0.007000000000000017,8,v3_short,sl,False,A,True,0.01937457511896665,0.0042047485963189685,-0.00012916383412644306,1.0,0.0
VKCO,1,2025-09-24 19:30:00+00:00,2025-09-25 06:50:00+00:00,295.8,297.4,2253.5462066446166,3605.6739306313098,0.0037863421230560383,68,v3_long,timeout,False,A,True,0.012512681772066245,0.003229969701779939,0.0003753804531619893,0.21621621621621995,0.78378378378378
VKCO,1,2025-09-26 10:30:00+00:00,2025-09-26 11:10:00+00:00,293.2,293.0,2282.1382662923584,-456.42765325844573,-0.0004774897680763712,4,v3_long,opposite_signal,False,A,True,0.01467076083248042,0.0031946899910052537,-9.89423404981266e-05,0.6511627906976754,0.34883720930232465
VKCO,1,2025-09-26 11:30:00+00:00,2025-09-26 12:30:00+00:00,292.7,294.0,2284.9451326260287,2970.4286724138633,0.0031089853091903243,6,v3_long,opposite_signal,False,A,True,0.012307692307692191,0.003345543345543357,,0.4444444444444392,0.5555555555555608
VKCO,1,2025-09-30 10:20:00+00:00,2025-09-30 10:40:00+00:00,280.8,281.7,2389.1835483986047,2150.26519355869,0.002243589743589687,2,v3_long,opposite_signal,False,A,True,0.01817533856022816,0.0036486440620439094,-3.5637918745545257e-05,0.450980392156863,0.5490196078431371
VKCO,-1,2025-09-30 11:00:00+00:00,2025-09-30 11:50:00+00:00,282.5,280.4,2380.1342514188295,4998.281927979596,0.005203539823008906,5,v3_short,opposite_signal,False,A,True,0.01593484419263456,0.004022662889518402,-9.206798866855605e-05,0.8888888888888888,0.1111111111111111
VKCO,1,2025-09-30 20:40:00+00:00,2025-09-30 23:40:00+00:00,275.9,277.6,2449.7525312627945,4164.579303146862,0.004313156940920739,18,v3_long,opposite_signal,False,A,True,0.014498006524102937,0.004615691872979705,-0.00027183762232693004,0.22499999999999432,0.7750000000000057
VKCO,1,2025-10-02 10:20:00+00:00,2025-10-02 10:40:00+00:00,267.5,269.0,2537.577304252739,3806.3659563791084,0.0039252336448598124,2,v3_long,opposite_signal,False,A,True,0.025420560747663593,0.004307966177125044,-0.00019813084112149364,0.3235294117647037,0.6764705882352964
VKCO,-1,2025-10-02 11:10:00+00:00,2025-10-02 11:50:00+00:00,269.8,272.498,2525.8205524724726,-6814.663850570679,-0.006999999999999946,4,v3_short,sl,False,A,True,0.017413856984068134,0.004260837347165606,-0.00029270100037051094,0.9574468085106406,0.042553191489359384
VKCO,1,2025-10-03 11:30:00+00:00,2025-10-03 12:30:00+00:00,278.6,275.814,2428.916440637737,-6766.961203616739,-0.007000000000000003,6,v3_long,sl,False,A,True,0.014003590664272808,0.0038856116953064758,,0.3333333333333382,0.6666666666666619
VKCO,-1,2025-10-06 20:00:00+00:00,2025-10-07 06:50:00+00:00,267.2,264.0,2514.817543110561,8047.416137953766,0.0083832335329341,65,v3_short,timeout,False,A,True,0.02131637995512337,0.005151649290980421,3.7397157815971975e-06,0.8596491228070152,0.14035087719298472
VKCO,1,2025-10-07 10:20:00+00:00,2025-10-07 10:30:00+00:00,265.5,267.1,2552.1372460102057,4083.419593616387,0.004218455743879533,1,v3_long,opposite_signal,False,A,True,0.015430937147158536,0.004767281395057076,-8.280015054572997e-05,0.5121951219512222,0.48780487804877776
VKCO,-1,2025-10-07 22:50:00+00:00,2025-10-08 06:50:00+00:00,273.0,274.1,2492.4938920558284,-2741.743281261468,-0.0028205128205128793,48,v3_short,timeout,False,A,True,0.004761904761904804,0.003064962248635735,0.00019780219780220112,0.9230769230769063,0.07692307692309375
VKCO,-1,2025-10-09 10:20:00+00:00,2025-10-09 10:50:00+00:00,260.9,259.7,2600.7344278817864,3120.881313458114,0.003219624377155968,3,v3_short,opposite_signal,False,A,True,0.022997316979685704,0.005785832922666936,8.81563817554645e-05,0.6999999999999981,0.3000000000000019
VKCO,1,2025-10-09 11:10:00+00:00,2025-10-09 11:20:00+00:00,258.7,256.113,2631.2958220091955,-6807.16229153776,-0.006999999999999972,1,v3_long,sl,False,A,True,0.017008117510629986,0.005738752936279006,0.00014302280633939104,0.09090909090908621,0.9090909090909138
VKCO,1,2025-10-10 10:20:00+00:00,2025-10-10 10:50:00+00:00,266.4,263.736,2537.3544127241084,-6759.512155496993,-0.006999999999999968,3,v3_long,sl,False,A,True,0.016516516516516432,0.0043078793078792825,-0.00014639639639639555,0.522727272727265,0.4772727272727349
VKCO,-1,2025-10-10 11:50:00+00:00,2025-10-10 13:30:00+00:00,267.1,263.0935,2512.9897305909935,10068.293355612857,0.010500000000000042,10,v3_short,tp,False,A,True,0.019093972295020675,0.005141644827155855,,0.8627450980392185,0.13725490196078147
VKCO,-1,2025-10-10 20:50:00+00:00,2025-10-10 22:40:00+00:00,264.9,263.2,2560.465694185668,4352.791680115606,0.004492261230653046,11,v3_short,opposite_signal,False,A,True,0.021903323262839922,0.005610703495899871,2.6435045317222258e-05,0.3793103448275835,0.6206896551724165
VKCO,1,2025-10-10 23:00:00+00:00,2025-10-11 09:50:00+00:00,262.9,260.9,2591.534106374532,-5183.068212749064,-0.005325218714340053,65,v3_long,timeout,False,A,True,0.011787072243346094,0.004733452316287741,-1.9011406844106464e-05,0.06451612903225393,0.9354838709677461
VKCO,1,2025-10-13 23:00:00+00:00,2025-10-14 07:00:00+00:00,264.4,264.7,2563.1095643605904,768.9328693082063,0.0007942511346445083,48,v3_long,timeout,False,A,True,0.007564296520423602,0.003836178949643397,0.0001739788199697437,0.14999999999997726,0.8500000000000227
VKCO,1,2025-10-17 21:40:00+00:00,2025-10-18 09:50:00+00:00,271.7,272.6,2496.225328765019,2246.6027958886025,0.002318733897681354,73,v3_long,timeout,False,A,True,0.012159174649963196,0.004782458303881622,0.0005342667649226192,0.09090909090909403,0.909090909090906
VKCO,-1,2025-10-18 13:20:00+00:00,2025-10-19 09:50:00+00:00,275.9,277.0,2463.9254939564253,-2710.318043352124,-0.0027908662558898726,123,v3_short,timeout,False,A,True,0.0210221094599493,0.0032620514679231275,,0.8103448275862033,0.18965517241379665
VKCO,-1,2025-10-20 21:30:00+00:00,2025-10-21 06:50:00+00:00,281.1,282.0,2411.596660093316,-2170.4369940839297,-0.002241195304162163,56,v3_short,timeout,False,A,True,0.0120910384068278,0.003396522193514647,0.0002916073968705564,0.8823529411764764,0.11764705882352351
VKCO,1,2025-10-22 10:20:00+00:00,2025-10-22 11:30:00+00:00,267.8,271.817,2525.6927380745797,10145.707728845577,0.010499999999999989,7,v3_long,tp,False,A,True,0.01230425055928416,0.00324917439011399,0.00013795674869500544,0.03030303030303709,0.969696969696963
VKCO,1,2025-10-24 10:30:00+00:00,2025-10-24 13:10:00+00:00,265.1,265.8,2578.206377467236,1804.744464227036,0.0018483591097698678,16,v3_long,opposite_signal,False,A,True,0.015465861938891068,0.0037378690717053908,0.00020369671821953892,0.21951219512195833,0.7804878048780417
VKCO,-1,2025-10-27 19:50:00+00:00,2025-10-28 06:50:00+00:00,253.4,250.0,2702.232958924717,9187.592060344054,0.009392265193370181,66,v3_short,timeout,False,A,True,0.010260457774269906,0.0032617624792616357,-0.00017758484609313338,0.9615384615384637,0.03846153846153636
VKCO,-1,2025-10-29 10:20:00+00:00,2025-10-29 11:10:00+00:00,263.5,266.135,2623.063173562672,-6911.771462337617,-0.006999999999999975,5,v3_short,sl,False,A,True,0.01858172165339392,0.004135290824710605,-4.5506257110350094e-05,0.7142857142857176,0.2857142857142824
VKCO,1,2025-10-29 12:20:00+00:00,2025-10-29 20:20:00+00:00,261.8,262.6,2621.6153789538876,2097.29230316314,0.0021390374331551106,48,v3_long,timeout,False,A,True,0.024064171122994693,0.004282704817464175,,0.28571428571428703,0.714285714285713
