symbol,side,entry_time,exit_time,entry_price,exit_price,qty,pnl,pnl_rel,bars_held,entry_reason,exit_reason,post_circuit_breaker,entry_geo_class,entry_geo_valid_box,entry_geo_h_pct,entry_atr_pct,entry_slope_pct_per_bar,entry_dist_L_pct,entry_dist_U_pct
SBER,-1,2022-01-06 19:20:00+00:00,2022-01-06 19:20:00+00:00,292.92,292.92,2389.7309845691652,-0.0,-0.0,0,v3_short,opposite_signal,False,A,True,0.009761425304617757,0.003969627715928164,-1.2287108775040102e-05,0.8321678321678432,0.16783216783215685
SBER,-1,2022-01-31 20:50:00+00:00,2022-01-31 23:40:00+00:00,266.88,269.54879999999997,2622.901678657074,-6999.999999999937,-0.006999999999999937,17,v3_short,sl,False,A,True,0.009666541775945989,0.003478334008762729,8.654926938928234e-05,0.9224806201550427,0.07751937984495731
SBER,-1,2022-02-01 23:40:00+00:00,2022-02-02 07:00:00+00:00,263.75,266.3875,2635.450236966825,-6950.999999999971,-0.00699999999999997,44,v3_short,sl,False,A,True,0.012092494313874137,0.003308010088038256,-0.00018574677786202014,0.8463949843260159,0.15360501567398416
SBER,1,2022-02-02 19:30:00+00:00,2022-02-02 23:40:00+00:00,257.6,261.0,2679.48097826087,9110.235326086897,0.009239130434782547,25,v3_long,opposite_signal,False,A,True,0.020260829063810073,0.005586817866410674,-0.0002449153858096592,0.061302681992346425,0.9386973180076535
SBER,-1,2022-02-03 19:40:00+00:00,2022-02-03 22:40:00+00:00,253.57,251.58,2747.215619861423,5466.959083524179,0.005493552076349674,18,v3_short,opposite_signal,False,A,True,0.013605710454706743,0.0044764839721430985,-0.00022242378830303217,0.889855072463769,0.11014492753623092
SBER,1,2022-02-04 19:40:00+00:00,2022-02-04 21:50:00+00:00,255.39,255.97,2742.622405288883,1590.7209950675863,0.0015897255178355014,13,v3_long,opposite_signal,False,A,True,0.013942740766850639,0.004169074515013377,-2.9373751615556335e-05,0.735955056179774,0.26404494382022603
SBER,-1,2022-02-10 13:20:00+00:00,2022-02-10 15:50:00+00:00,276.67,279.43670000000003,2535.6989944094958,-7015.518407832788,-0.007000000000000037,15,v3_short,sl,False,A,True,0.01293960313731154,0.003944345434207002,,0.8379888268156462,0.16201117318435382
SBER,-1,2022-09-16 13:20:00+00:00,2022-09-16 14:00:00+00:00,140.66,138.5501,4952.658736654288,10449.614668466933,0.010500000000000051,4,v3_short,tp,False,A,True,0.02239442627612667,0.003954148131597264,,0.7682539682539699,0.23174603174603017
SBER,-1,2022-10-28 13:20:00+00:00,2022-10-28 21:20:00+00:00,126.32,126.82,5572.796929747618,-2786.398464873809,-0.002770740975300824,48,v3_short,timeout,False,A,True,0.017095370003957347,0.004609267529726584,,0.7962962962962918,0.20370370370370822
SBER,-1,2022-11-16 13:20:00+00:00,2022-11-16 21:20:00+00:00,138.93,138.81,5052.94197970422,606.3530375645294,0.0006046210321744991,48,v3_short,timeout,False,A,True,0.021449650903332743,0.004051372222393588,,0.8758389261744959,0.12416107382550412
SBER,-1,2023-05-03 13:20:00+00:00,2023-05-03 18:30:00+00:00,241.82,238.1927,2904.762535632299,10536.445145499012,0.010499999999999973,31,v3_short,tp,False,A,True,0.013935409171732227,0.003373089714734671,,0.6528189910979186,0.3471810089020814
SBER,-1,2023-05-04 13:20:00+00:00,2023-05-04 21:20:00+00:00,239.2,238.74,2967.4129931791467,1365.0099768623468,0.0013461538461537863,48,v3_short,timeout,False,A,True,0.014673913043478343,0.0031613314222010036,,0.8461538461538411,0.15384615384615882
SBER,-1,2023-06-07 13:20:00+00:00,2023-06-07 21:20:00+00:00,242.67,241.36,2928.918675370897,3836.883464735798,0.003778794247331692,48,v3_short,timeout,False,A,True,0.02006675182331371,0.0036750783382288685,,0.8439425051334664,0.15605749486653359
SBER,-1,2023-06-27 13:20:00+00:00,2023-06-27 16:50:00+00:00,239.01,241.40009999999998,2985.006959447599,-7134.465133775676,-0.006999999999999971,21,v3_short,sl,False,A,True,0.010418410041840923,0.002976688583383138,,0.8875502008032116,0.11244979919678848
SBER,-1,2023-08-15 13:20:00+00:00,2023-08-15 21:20:00+00:00,263.1,260.88,2692.711470102347,5977.819463627284,0.0059064994298746445,48,v3_short,timeout,False,A,True,0.02725199543899664,0.0042858952779135226,,0.9023709902371009,0.09762900976289918
SBER,-1,2023-12-12 13:20:00+00:00,2023-12-12 14:50:00+00:00,259.2,261.792,2749.370607285751,-7126.368614084624,-0.006999999999999958,9,v3_short,sl,False,A,True,0.01994598765432105,0.004589212228101131,,0.802707930367498,0.19729206963250204
SBER,-1,2023-12-13 13:20:00+00:00,2023-12-13 21:20:00+00:00,260.16,259.37,2720.0507509940317,2148.8400932853406,0.002125615006150116,48,v3_short,timeout,False,A,True,0.01879612546125456,0.003891378199496258,,0.7484662576687189,0.2515337423312811
SBER,-1,2024-08-20 13:20:00+00:00,2024-08-20 21:20:00+00:00,268.21,265.92,2644.019952439906,6054.805691087288,0.005976660079788131,48,v3_short,timeout,False,A,True,0.02028337061894108,0.0040605802350768706,,0.8915441176470529,0.10845588235294708
SBER,-1,2024-09-04 13:20:00+00:00,2024-09-04 15:20:00+00:00,246.61,249.07610000000003,2892.7900548544994,-7133.9095542767145,-0.007000000000000032,12,v3_short,sl,False,A,True,0.02063569285656359,0.0042491495909155776,,0.7485265225933243,0.25147347740667564
SBER,-1,2024-09-26 13:20:00+00:00,2024-09-26 21:20:00+00:00,269.13,266.67,2632.174855050253,6475.150143423569,0.006398394827778345,48,v3_short,timeout,False,A,True,0.0146774673008323,0.0030098097502972636,,0.8405063291139248,0.15949367088607525
SBER,-1,2024-12-05 13:20:00+00:00,2024-12-05 15:20:00+00:00,226.81,223.40785,3143.290965301667,10693.947357601084,0.010500000000000018,12,v3_short,tp,False,A,True,0.01600387972841899,0.00424292810325787,,0.7575757575757586,0.2424242424242415
SBER,1,2025-02-27 19:20:00+00:00,2025-02-28 06:50:00+00:00,308.92,306.01,2332.045794996736,-6786.25326344056,-0.006593940178687094,69,v3_long,timeout,False,A,True,0.012687726566545883,0.0031256935710586705,8.900828586224754e-05,0.09948979591837796,0.9005102040816221
SBER,-1,2025-04-02 12:40:00+00:00,2025-04-02 20:40:00+00:00,304.68,303.96,2348.907738302427,1691.2135715778115,0.00165419456478935,48,v3_short,timeout,False,A,True,0.015589615674948308,0.0033476648396731307,,0.7305263157894795,0.2694736842105206
GAZP,-1,2022-01-10 21:50:00+00:00,2022-01-11 06:50:00+00:00,345.29,344.68,2027.2814156216514,1236.641663529235,0.0012366416635292352,54,v3_short,timeout,False,A,True,0.012658961212015889,0.003129121640835022,-0.00027809159641957134,0.9542334096109867,0.045766590389013366
GAZP,-1,2022-01-14 10:30:00+00:00,2022-01-14 10:30:00+00:00,339.28,338.99,2065.744073227041,599.0657812357667,0.0005983258665408351,0,v3_short,opposite_signal,False,A,True,0.01117071445413807,0.003598529506334279,0.0001517920301815603,0.5567282321899676,0.4432717678100324
GAZP,-1,2022-01-25 21:10:00+00:00,2022-01-25 21:30:00+00:00,297.71,300.6871,2355.597713248919,-7012.849952113374,-0.007000000000000018,2,v3_short,sl,False,A,True,0.027539882451721204,0.00505217704210147,-0.00011318219983207023,0.9865853658536569,0.013414634146343146
GAZP,-1,2022-02-01 23:40:00+00:00,2022-02-02 07:40:00+00:00,330.11,330.14,2109.5271280629368,-63.285813841830546,-6.36151585834446e-05,48,v3_short,timeout,False,A,True,0.016952744225471397,0.0033985803930145332,-0.00026488662852299215,0.858928571428577,0.14107142857142294
GAZP,1,2022-02-02 19:20:00+00:00,2022-02-02 21:30:00+00:00,329.81,331.38,2111.311664822676,3314.759313771587,0.003332221582123026,13,v3_long,opposite_signal,False,A,True,0.011824990145841477,0.003691055270536106,4.851278008549412e-06,0.20769230769230948,0.7923076923076905
GAZP,-1,2022-02-10 19:20:00+00:00,2022-02-11 06:50:00+00:00,331.4,328.97,2108.18355973086,5122.886050145884,0.005132770066384927,69,v3_short,timeout,False,A,True,0.010139111017230496,0.00308779777942138,-0.00011225444340505229,0.8035714285714219,0.19642857142857809
GAZP,-1,2022-02-16 19:30:00+00:00,2022-02-17 06:50:00+00:00,337.19,336.37,2082.618262492687,1707.746975243989,0.001702304338800069,68,v3_short,timeout,False,A,True,0.014236142005516539,0.0038289895547150322,-0.00013168431355102927,0.8729166666666641,0.12708333333333588
GAZP,-1,2022-09-23 23:00:00+00:00,2022-09-23 23:50:00+00:00,225.18,224.84,3123.8719016457053,1062.1164465595505,0.0010569322319921946,5,v3_short,weekend_exit,False,A,True,0.013233857358557553,0.003927923420900463,-0.00016564526156852375,0.993288590604033,0.006711409395967073
GAZP,-1,2022-10-18 13:20:00+00:00,2022-10-18 21:00:00+00:00,163.59,161.13615000000001,4304.523236904282,10562.654344877525,0.01049999999999995,46,v3_short,tp,False,A,True,0.017360474356623114,0.00350178582344361,,0.6302816901408478,0.36971830985915216
GAZP,-1,2022-10-25 13:20:00+00:00,2022-10-25 16:10:00+00:00,167.87,169.5487,4238.820601456996,-7115.708143665825,-0.006999999999999967,17,v3_short,sl,False,A,True,0.02514299332697807,0.004306822824458653,,0.8649289099526082,0.1350710900473918
GAZP,-1,2023-03-03 13:20:00+00:00,2023-03-03 21:20:00+00:00,162.57,162.18,4346.372754296734,1695.0853741756669,0.001679276619302396,48,v3_short,timeout,False,A,True,0.014761963341124403,0.0032921521419491673,,0.6958333333333264,0.3041666666666735
GAZP,-1,2023-04-12 13:20:00+00:00,2023-04-12 15:30:00+00:00,177.79,179.56789999999998,3980.9684370771292,-7077.763784279381,-0.006999999999999953,13,v3_short,sl,False,A,True,0.021092299904381575,0.004355057732637999,,0.5973333333333282,0.40266666666667184
GAZP,-1,2023-05-26 13:20:00+00:00,2023-05-26 21:20:00+00:00,164.39,164.93,4275.3327074575545,-2308.679662027167,-0.0022994099397774465,48,v3_short,timeout,False,A,True,0.020133819951338214,0.0030645348163596373,,0.8157099697885156,0.18429003021148435
GAZP,-1,2023-05-31 13:20:00+00:00,2023-05-31 21:20:00+00:00,162.92,162.81,4303.988878072233,473.43877658788205,0.00047262460103111745,48,v3_short,timeout,False,A,True,0.014734774066797678,0.0032217700439704316,,0.8416666666666571,0.1583333333333429
GAZP,-1,2023-06-07 13:20:00+00:00,2023-06-07 21:20:00+00:00,165.09,164.6,4249.423194373613,2082.2173652431093,0.002077654612635571,48,v3_short,timeout,False,A,True,0.01883706844336774,0.002936171440108442,,0.7781350482315129,0.22186495176848703
GAZP,-1,2023-08-15 13:20:00+00:00,2023-08-15 18:30:00+00:00,178.76,176.0786,3932.618188156243,10544.922409722136,0.010499999999999987,31,v3_short,tp,False,A,True,0.024221066174413962,0.0055085411688868356,,0.8637413394919156,0.13625866050808444
GAZP,-1,2023-09-20 13:20:00+00:00,2023-09-20 21:20:00+00:00,169.4,169.44,4193.484492335391,-167.7393796933823,-0.00016528925619831421,48,v3_short,timeout,False,A,True,0.01859504132231408,0.004084443694833313,,0.7301587301587324,0.26984126984126755
GAZP,-1,2024-06-26 13:20:00+00:00,2024-06-26 21:20:00+00:00,116.09,116.72,6118.174308173228,-3854.4498141491063,-0.003798776811094813,48,v3_short,timeout,False,A,True,0.01507580978635424,0.0035361491253979214,,0.8228571428571415,0.17714285714285843
GAZP,-1,2024-07-17 13:20:00+00:00,2024-07-17 17:20:00+00:00,125.5,126.755,5637.9341877763,-7075.607405659231,-0.006999999999999974,24,v3_short,sl,False,A,True,0.025258964143426307,0.005088218554354017,,0.7223974763406956,0.27760252365930443
GAZP,-1,2024-09-05 13:20:00+00:00,2024-09-05 16:50:00+00:00,123.53,124.7653,5687.750468566051,-7026.078153819615,-0.006999999999999973,21,v3_short,sl,False,A,True,0.01974749109744252,0.005002389431007113,,0.8155737704918019,0.18442622950819806
GAZP,-1,2024-10-08 13:20:00+00:00,2024-10-08 21:20:00+00:00,134.44,133.61,5189.59804131427,4307.366374290761,0.004321630467122797,48,v3_short,timeout,False,A,True,0.014724473860340521,0.0031410794406257895,,0.7777777777777778,0.2222222222222222
GAZP,-1,2024-10-23 13:20:00+00:00,2024-10-23 20:50:00+00:00,136.86,134.80710000000002,5119.864950579379,10510.570757044377,0.010499999999999968,45,v3_short,tp,False,A,True,0.02140873885722641,0.003458522090700949,,0.7815699658703124,0.21843003412968767
GAZP,-1,2024-11-13 13:20:00+00:00,2024-11-13 20:00:00+00:00,135.84,133.8024,5212.471412442764,10620.931749993362,0.010499999999999987,40,v3_short,tp,False,A,True,0.01582744405182551,0.0029551573279488295,,0.7162790697674457,0.2837209302325543
GAZP,-1,2024-12-20 13:20:00+00:00,2024-12-20 13:30:00+00:00,108.17,109.2517,6614.558277629845,-7154.967688912189,-0.006999999999999985,1,v3_short,sl,False,A,True,0.014421743551816605,0.0039884309090188795,,0.8269230769230798,0.17307692307692027
GAZP,-1,2025-01-13 23:20:00+00:00,2025-01-14 09:50:00+00:00,131.59,131.0,5399.257477840124,3185.5619119256917,0.003138536362945531,63,v3_short,timeout,False,A,True,0.00835866261398172,0.003163575460579374,0.000193009118541035,0.9909090909090992,0.00909090909090087
GAZP,-1,2025-01-17 13:20:00+00:00,2025-01-17 16:30:00+00:00,136.83,138.19830000000002,5208.785974182049,-7127.181848473324,-0.007000000000000025,19,v3_short,sl,False,A,True,0.017542577296981256,0.003334481954465858,,0.8875000000000078,0.11249999999999215
GAZP,1,2025-02-27 19:20:00+00:00,2025-02-27 20:50:00+00:00,169.19,167.4981,4183.043664243741,-7077.291575534002,-0.007000000000000017,9,v3_long,sl,False,A,True,0.017082397446506765,0.004331819026227341,9.693817236079834e-05,0.08304498269896465,0.9169550173010353
GAZP,1,2025-03-03 19:20:00+00:00,2025-03-03 19:40:00+00:00,164.47,166.93704999999997,4272.968039463274,10541.625801757751,0.010499999999999883,2,v3_long,tp,False,A,True,0.01952435983212705,0.004787682362039145,-0.0003168907000790728,0.02492211838006614,0.9750778816199338
GAZP,1,2025-03-05 19:50:00+00:00,2025-03-05 22:20:00+00:00,174.26,172.51739999999998,4075.2564645458233,-7101.541915117593,-0.007000000000000042,15,v3_long,sl,False,A,True,0.012737391703482695,0.004186079733402331,0.0003740891617419233,0.07207207207207057,0.9279279279279294
GAZP,-1,2025-03-25 20:00:00+00:00,2025-03-26 06:50:00+00:00,163.97,165.2,4300.683735873469,-5289.840995124323,-0.005250960541562437,65,v3_short,timeout,False,A,True,0.026530861185655,0.0036706314631243992,-0.0003891192973896069,0.8551724137931043,0.1448275862068957
GAZP,-1,2025-03-31 20:30:00+00:00,2025-03-31 22:10:00+00:00,145.98,145.38,4805.317327542031,2883.1903965251913,0.002877106452938731,10,v3_short,opposite_signal,False,A,True,0.012535963830661627,0.0036530025080315763,6.576243321002738e-05,0.6065573770491776,0.3934426229508225
GAZP,-1,2025-04-15 20:50:00+00:00,2025-04-16 06:50:00+00:00,131.74,131.6,5340.05204761009,747.6072866654915,0.0007438894792774429,60,v3_short,timeout,False,A,True,0.011080752884031419,0.003756056156524514,-0.00029826958105646687,0.986301369863026,0.013698630136974034
GAZP,1,2025-04-16 20:50:00+00:00,2025-04-17 06:50:00+00:00,131.66,132.52,5347.271622761805,4598.653595575225,0.004572383411818393,60,v3_long,timeout,False,A,True,0.01807686465137472,0.0036085526417767564,0.00038584232113018257,0.01680672268907232,0.9831932773109276
GAZP,-1,2025-04-17 20:50:00+00:00,2025-04-17 20:50:00+00:00,134.65,135.9965,5252.438465426823,-7072.408393697175,-0.006999999999999957,0,v3_short,sl,False,A,True,0.018122400475341638,0.0032891944656650396,3.862150920974738e-05,0.8852459016393437,0.11475409836065631
GAZP,-1,2025-04-30 11:20:00+00:00,2025-04-30 11:40:00+00:00,149.18,148.05,4707.6696172015945,5319.66666743778,0.005302319345756783,2,v3_short,opposite_signal,False,A,True,0.018503620273531717,0.004593625537578333,-8.447304907481839e-05,0.75,0.25
GAZP,-1,2025-04-30 12:20:00+00:00,2025-04-30 13:00:00+00:00,149.31,150.8031,4728.510616578529,-7060.139201613394,-0.0069999999999999915,4,v3_short,sl,False,A,True,0.015203268367825398,0.0045461648837176166,,0.7533039647577093,0.24669603524229064
GAZP,-1,2025-05-08 20:50:00+00:00,2025-05-09 23:50:00+00:00,143.04,142.9,4901.229185683802,686.1720859956654,0.0006851230425055262,162,v3_short,weekend_exit,False,A,True,0.010207648745018583,0.0038082491613718864,-3.5656855205201075e-05,0.6917808219177982,0.3082191780822018
GAZP,-1,2025-05-12 20:30:00+00:00,2025-05-13 06:50:00+00:00,147.1,146.98,4769.219192252944,572.306303070375,0.0005710401087695664,62,v3_short,timeout,False,A,True,0.016255186016459134,0.0035297530560887786,-0.00030878052098211003,0.9372384937238466,0.06276150627615336
GAZP,1,2025-05-19 21:00:00+00:00,2025-05-19 21:50:00+00:00,140.86,139.4514,4983.336345254558,-7019.527575925606,-0.007000000000000034,5,v3_long,sl,False,A,True,0.023283878753460645,0.0043679003510256244,3.2654220203026646e-05,0.19512195121951664,0.8048780487804834
GAZP,-1,2025-05-23 12:20:00+00:00,2025-05-23 20:20:00+00:00,130.68,130.76,5333.938539098631,-426.71508312780554,-0.00042852770125488863,48,v3_short,timeout,False,A,True,0.015458789316599147,0.003341751485931514,,0.9108910891089079,0.08910891089109203
GAZP,-1,2025-05-29 13:20:00+00:00,2025-05-29 20:10:00+00:00,131.66,129.6851,5291.967095026734,10451.105815968249,0.010499999999999952,41,v3_short,tp,False,A,True,0.01215251405134433,0.0032971484437381514,,0.9874999999999936,0.01250000000000644
GAZP,-1,2025-05-30 13:00:00+00:00,2025-05-30 14:30:00+00:00,130.29,131.5929,5403.762083063915,-7040.561618023942,-0.006999999999999967,9,v3_short,sl,False,A,True,0.018885306310455856,0.003875824235105668,,0.7967479674796731,0.2032520325203269
GAZP,-1,2025-10-17 12:40:00+00:00,2025-10-17 15:40:00+00:00,123.63,124.8663,5655.000959878515,-6991.277686697807,-0.007,18,v3_short,sl,False,A,True,0.015775422700428792,0.004031111676124228,,0.5538461538461522,0.44615384615384784
GAZP,-1,2025-10-28 11:20:00+00:00,2025-10-28 19:20:00+00:00,116.42,116.02,5963.183939950973,2385.273575980423,0.0024050850369352686,48,v3_short,timeout,False,A,True,0.010994674454561081,0.003025444272652662,0.00016577907576017923,0.7031250000000038,0.29687499999999617
LKOH,-1,2022-01-10 22:00:00+00:00,2022-01-11 06:50:00+00:00,6775.0,6799.0,103.3210332103321,-2479.7047970479707,-0.0024797047970479707,53,v3_short,timeout,False,A,True,0.013282172373081463,0.0031579042478856946,-0.00021841794569067295,0.95,0.05
LKOH,1,2022-01-21 21:10:00+00:00,2022-01-21 23:50:00+00:00,6415.0,6420.0,108.84866822167831,544.2433411083915,0.0005455962587685113,16,v3_long,weekend_exit,False,A,True,0.015354637568199532,0.0051648718723654695,0.00021044427123928294,0.15228426395939088,0.8477157360406091
LKOH,1,2022-01-26 19:50:00+00:00,2022-01-26 22:00:00+00:00,6556.0,6625.5,106.56576830092163,7406.320896914053,0.007420683343502135,13,v3_long,opposite_signal,False,A,True,0.01906504995043087,0.005073637782726908,0.00039807824296499654,0.048,0.952
LKOH,-1,2022-02-07 21:00:00+00:00,2022-02-08 07:00:00+00:00,6969.0,6956.0,100.99434662199486,1312.9265060859332,0.0013057827521882625,60,v3_short,timeout,False,A,True,0.00746161572679007,0.00318319320840691,-5.237480269766107e-05,0.6346153846153846,0.36538461538461536
LKOH,1,2022-02-11 20:10:00+00:00,2022-02-11 21:30:00+00:00,6818.0,6749.82,103.36589178101235,-7047.4865016294525,-0.00700000000000003,8,v3_long,sl,False,A,True,0.012834616795012835,0.0036356016554036355,-0.00017015034836817013,0.09714285714285714,0.9028571428571428
LKOH,-1,2022-02-17 19:40:00+00:00,2022-02-17 23:10:00+00:00,6752.0,6694.5,103.64564715814598,5959.624711593394,0.005961196682464456,21,v3_short,opposite_signal,False,A,True,0.019468502479828263,0.00424206991257529,-0.0004900436745873121,0.7756653992395437,0.22433460076045628
LKOH,-1,2022-09-16 13:20:00+00:00,2022-09-16 15:50:00+00:00,4565.5,4497.0175,154.1971628320922,10559.807203648765,0.01050000000000001,15,v3_short,tp,False,A,True,0.01708465666411127,0.00347846947343169,,0.8141025641025641,0.1858974358974359
LKOH,-1,2022-09-23 22:00:00+00:00,2022-09-23 23:50:00+00:00,3939.0,3948.5,180.59888599961187,-1715.6894169963127,-0.0016882457476516883,11,v3_short,weekend_exit,False,A,True,0.013959390862944163,0.0041541489692323635,-0.0002715736040609137,0.8,0.2
LKOH,-1,2022-09-27 22:40:00+00:00,2022-09-28 09:50:00+00:00,3839.0,3840.0,184.99036972143102,-184.99036972143102,-0.00018233915082052618,67,v3_short,timeout,False,A,True,0.016931492576191715,0.005350564294485703,-0.00030867413388903364,1.0,0.0
LKOH,1,2022-10-05 22:00:00+00:00,2022-10-06 09:50:00+00:00,4082.5,4123.0,173.92493229682023,7043.959758021219,0.006944274341702388,71,v3_long,timeout,False,A,True,0.010779029887310143,0.0035296823285904267,0.00022782949534541893,0.06818181818181818,0.9318181818181818
LKOH,-1,2022-10-12 13:20:00+00:00,2022-10-12 13:50:00+00:00,4194.0,4235.94,170.47670670776907,-7149.7930793237665,-0.006999999999999933,3,v3_short,sl,False,A,True,0.03314258464473057,0.005012830120126258,,0.381294964028777,0.6187050359712231
LKOH,-1,2022-10-27 13:20:00+00:00,2022-10-27 21:20:00+00:00,4703.0,4727.0,150.96203546180246,-3623.088851083259,-0.003572187965128642,48,v3_short,timeout,False,A,True,0.02614240170031881,0.0033146095845351955,,0.9024390243902439,0.0975609756097561
LKOH,-1,2023-04-11 13:20:00+00:00,2023-04-11 16:40:00+00:00,4680.0,4609.8,151.16202790194413,10611.57435871645,0.010499999999999973,20,v3_short,tp,False,A,True,0.012498664672577715,0.002904655078568122,,0.8461538461538461,0.15384615384615385
LKOH,-1,2023-05-03 13:20:00+00:00,2023-05-03 17:50:00+00:00,4619.5,4550.2074999999995,154.7497332248512,10722.995889483076,0.010500000000000074,27,v3_short,tp,False,A,True,0.025327416387054876,0.004788190847288152,,0.8418803418803419,0.1581196581196581
LKOH,-1,2023-05-31 13:20:00+00:00,2023-05-31 21:20:00+00:00,5575.5,5567.5,129.56192085998353,1036.4953668798682,0.0010043942247332078,48,v3_short,timeout,False,A,True,0.015965557449098573,0.0033400390383079414,,0.7921348314606742,0.20786516853932585
LKOH,-1,2023-08-01 13:20:00+00:00,2023-08-01 14:10:00+00:00,5957.5,6017.075,121.37608669939641,-7230.980365116519,-0.0069999999999999785,5,v3_short,sl,False,A,True,0.012927054478301015,0.0033256986165573423,,0.9675324675324676,0.032467532467532464
LKOH,-1,2023-09-21 13:20:00+00:00,2023-09-21 21:20:00+00:00,6405.0,6390.5,112.10559722967565,1625.531159830297,0.0015846994535519126,48,v3_short,timeout,False,A,True,0.011787665886026541,0.0036020965763354524,,0.695364238410596,0.304635761589404
LKOH,-1,2023-10-05 13:20:00+00:00,2023-10-05 21:20:00+00:00,6728.5,6697.5,106.88477700348575,3313.428087108058,0.003225087315151966,48,v3_short,timeout,False,A,True,0.014120095124851368,0.0036202649906573806,,0.8789473684210526,0.12105263157894737
LKOH,-1,2024-05-28 13:20:00+00:00,2024-05-28 21:20:00+00:00,7638.5,7612.5,94.45488272945335,2455.826950965787,0.0023826667539438373,48,v3_short,timeout,False,A,True,0.030314934852353828,0.005443780340657182,,0.896328293736501,0.10367170626349892
LKOH,-1,2024-08-21 21:40:00+00:00,2024-08-22 09:50:00+00:00,6292.0,6314.0,114.94162437930792,-2528.7157363447745,-0.0024475524475524478,73,v3_short,timeout,False,A,True,0.009932459276916964,0.003201089732674953,0.0002566547477155344,0.88,0.12
LKOH,-1,2024-09-05 13:20:00+00:00,2024-09-05 21:20:00+00:00,6332.5,6274.0,113.92697979931529,6664.728318259945,0.006466640347414134,48,v3_short,timeout,False,A,True,0.018081326490327676,0.0031620701972063995,,0.851528384279476,0.14847161572052403
LKOH,1,2025-02-26 21:00:00+00:00,2025-02-27 06:50:00+00:00,7545.5,7570.0,96.23058901357712,2357.649430832639,0.0022728778742296734,59,v3_long,timeout,False,A,True,0.01437847866419295,0.003718688641637413,-0.00031871190034455337,0.05069124423963134,0.9493087557603687
LKOH,1,2025-02-27 19:30:00+00:00,2025-02-28 06:50:00+00:00,7510.0,7497.0,96.90522822949785,-1259.767966983472,-0.0012117177097203727,68,v3_long,timeout,False,A,True,0.01897091126938694,0.0034491330979572817,-8.453704320042602e-05,0.26666666666666666,0.7333333333333333
LKOH,-1,2025-04-07 20:30:00+00:00,2025-04-08 06:50:00+00:00,6390.0,6399.5,113.7521794094899,-1080.645704390154,-0.0010406885758998433,62,v3_short,timeout,False,A,True,0.02269170579029734,0.006446616205167513,-2.895148669796557e-05,0.5793103448275863,0.4206896551724138
LKOH,1,2025-04-08 19:40:00+00:00,2025-04-08 20:00:00+00:00,6388.5,6324.615,113.66047967966931,-7261.199744335699,-0.007000000000000024,2,v3_long,sl,False,A,True,0.014954588161603508,0.0032357133269844108,-1.644221735045412e-05,0.17277486910994763,0.8272251308900523
LKOH,-1,2025-04-11 19:20:00+00:00,2025-04-11 23:50:00+00:00,6517.5,6508.0,110.63093741657575,1050.9939054574695,0.0010203298810893748,27,v3_short,weekend_exit,False,A,True,0.010663598005370157,0.003032651495580971,7.59493670886076e-05,0.9640287769784173,0.03597122302158273
LKOH,-1,2025-04-18 19:30:00+00:00,2025-04-18 23:50:00+00:00,6627.0,6629.5,108.913962629599,-272.2849065739975,-0.00026407122378149995,26,v3_short,weekend_exit,False,A,True,0.014938886373924853,0.003635406176956976,-0.00022483778481967708,0.8131313131313131,0.18686868686868688
LKOH,-1,2025-10-07 11:10:00+00:00,2025-10-07 19:10:00+00:00,6147.5,6134.5,117.37815874936979,1525.9160637418072,0.001480276535176901,48,v3_short,timeout,False,A,True,0.014636526264433241,0.0032463064663422444,1.9515368352577653e-05,0.8,0.2
GMKN,1,2022-01-21 21:10:00+00:00,2022-01-21 23:50:00+00:00,220.74,221.0,3171.1515810455735,824.4994110718203,0.0008244994110718203,16,v3_long,weekend_exit,False,A,True,0.01567454924345387,0.0039015334320735727,9.966476397572009e-05,0.17919075144508761,0.8208092485549124
GMKN,-1,2022-01-25 19:30:00+00:00,2022-01-25 21:30:00+00:00,211.04,213.1504,3319.641535195936,-7005.771495877498,-0.006999999999999995,12,v3_short,sl,False,A,True,0.013740168672415454,0.004020522261780676,-0.00019141476357433733,0.7379310344827524,0.2620689655172475
GMKN,1,2022-02-02 19:50:00+00:00,2022-02-02 20:40:00+00:00,216.24,217.3,3217.1342468582866,3410.1623016697913,0.003431372549019615,5,v3_long,opposite_signal,False,A,True,0.013137200481080597,0.003341886296566912,-0.00022666296604681178,0.43661971830986185,0.5633802816901382
GMKN,-1,2022-02-10 13:10:00+00:00,2022-02-10 14:00:00+00:00,226.02,228.2802,3088.488731757388,-6980.602231518041,-0.006999999999999992,5,v3_short,sl,False,A,True,0.024237063246351127,0.0034567843758001936,,0.6386861313868625,0.36131386861313747
GMKN,-1,2022-02-10 19:20:00+00:00,2022-02-10 21:30:00+00:00,226.36,225.2,3062.26277429644,3552.2248181839473,0.003587206220180321,13,v3_short,opposite_signal,False,A,True,0.014305898975627028,0.0036350463887427154,-8.389261744966344e-05,0.8209876543209931,0.17901234567900692
GMKN,-1,2022-02-14 20:30:00+00:00,2022-02-14 22:00:00+00:00,220.9,217.5865,3149.2094113285243,10434.905384437081,0.010500000000000016,9,v3_short,tp,False,A,True,0.014124038026256244,0.004050221265509383,0.00035581711181530167,0.6666666666666697,0.3333333333333303
GMKN,-1,2022-02-16 11:30:00+00:00,2022-02-16 13:20:00+00:00,224.42,221.0537,3132.362502145874,10544.47189097364,0.010499999999999987,11,v3_short,tp,False,A,True,0.014521158129175905,0.0031053133948456815,,0.8957055214723914,0.1042944785276087
GMKN,-1,2022-02-17 13:20:00+00:00,2022-02-17 17:50:00+00:00,221.6,218.27599999999998,3205.532143751166,10655.188845828916,0.010500000000000039,27,v3_short,tp,False,A,True,0.01858870240028878,0.004097658943354661,,0.9417475728155318,0.058252427184468165
GMKN,-1,2022-10-13 13:20:00+00:00,2022-10-13 15:40:00+00:00,127.86,125.9421,5613.988387668846,10767.068328710098,0.010500000000000018,14,v3_short,tp,False,A,True,0.021892103205629485,0.0046464872109907365,,0.6428571428571392,0.35714285714286076
GMKN,-1,2022-11-23 13:20:00+00:00,2022-11-23 21:20:00+00:00,148.6,147.58,4881.167584639541,4978.790936332243,0.004804845222072593,48,v3_short,timeout,False,A,True,0.014128094725511457,0.0031203547080834427,,0.9047619047618977,0.09523809523810232
GMKN,-1,2023-03-17 13:20:00+00:00,2023-03-17 21:20:00+00:00,145.78,145.58,4999.496890745427,999.8993781490285,0.0009603512141582662,48,v3_short,timeout,False,A,True,0.019344217313760414,0.0033514297473688213,,0.8652482269503559,0.1347517730496441
GMKN,-1,2023-08-01 13:20:00+00:00,2023-08-01 19:40:00+00:00,170.88,168.3168,4269.233299962386,10942.898794463565,0.010499999999999976,38,v3_short,tp,False,A,True,0.02621722846441958,0.0044587123238808875,,0.9196428571428544,0.08035714285714557
GMKN,-1,2023-08-04 13:20:00+00:00,2023-08-04 15:10:00+00:00,168.4,165.874,4377.59272834737,11057.799231805502,0.010500000000000044,11,v3_short,tp,False,A,True,0.013301662707838533,0.0031387852052935333,,0.8482142857142848,0.1517857142857152
GMKN,-1,2023-08-15 13:20:00+00:00,2023-08-15 21:20:00+00:00,164.06,163.2,4540.577074947952,3904.8962844553002,0.003669389247836215,48,v3_short,timeout,False,A,True,0.02145818093148002,0.004696879971203301,,0.7386363636363659,0.2613636363636342
GMKN,-1,2024-05-23 13:20:00+00:00,2024-05-23 14:20:00+00:00,149.6,151.096,4997.730630448394,-7476.605023150843,-0.0070000000000000435,6,v3_short,sl,False,A,True,0.028735632183908125,0.005689846106846899,,0.6744186046511623,0.3255813953488377
GMKN,-1,2024-06-11 13:20:00+00:00,2024-06-11 13:40:00+00:00,140.0,137.9,5303.049134277672,11136.403181983082,0.010499999999999971,2,v3_short,tp,False,A,True,0.0257106127696043,0.0034756939484835497,,0.850000000000002,0.14999999999999802
GMKN,-1,2024-06-18 13:20:00+00:00,2024-06-18 18:10:00+00:00,139.14,137.0529,5391.852530014822,11253.335415393894,0.010499999999999962,29,v3_short,tp,False,A,True,0.01193386053199135,0.0038204785868337357,,0.9277108433734911,0.07228915662650891
GMKN,-1,2024-07-16 13:20:00+00:00,2024-07-16 17:50:00+00:00,124.38,125.6238,6095.028909929554,-7580.9969581704245,-0.007000000000000041,27,v3_short,sl,False,A,True,0.018652516481749537,0.00496941017925098,,0.7672413793103429,0.23275862068965714
GMKN,-1,2024-09-06 13:20:00+00:00,2024-09-06 21:20:00+00:00,105.8,106.38,7115.245727280895,-4126.842521822907,-0.003837429111531179,48,v3_short,timeout,False,A,True,0.016071090943467602,0.0036643888033564723,,0.7647058823529382,0.23529411764706176
GMKN,-1,2024-09-20 13:20:00+00:00,2024-09-20 18:20:00+00:00,111.98,110.30030000000001,6696.769138962695,11248.56312271562,0.01049999999999998,30,v3_short,tp,False,A,True,0.01250446588067172,0.0038108848398237323,,0.9857142857142887,0.014285714285711385
GMKN,-1,2024-11-22 13:20:00+00:00,2024-11-22 18:20:00+00:00,109.24,107.6014,6936.81986787755,11366.67303550413,0.01049999999999998,30,v3_short,tp,False,A,True,0.01628843338213764,0.004218085477236279,,0.6966292134831428,0.3033707865168572
GMKN,-1,2025-01-16 13:20:00+00:00,2025-01-16 21:20:00+00:00,119.98,119.32,6382.187643705588,4212.243844845757,0.0038506417736290013,48,v3_short,timeout,False,A,True,0.017000000000000053,0.0039444444444444605,,0.7254901960784311,0.2745098039215689
GMKN,-1,2025-01-21 13:20:00+00:00,2025-01-21 14:30:00+00:00,124.1,122.23849999999999,6194.064820170738,11530.251662747869,0.010500000000000039,7,v3_short,tp,False,A,True,0.01208313194780087,0.004196490905045761,,0.7333333333333295,0.26666666666667044
GMKN,1,2025-01-29 19:40:00+00:00,2025-01-30 06:50:00+00:00,121.84,121.78,6375.202071135192,-382.51212426812606,-0.0003447143795141299,67,v3_long,timeout,False,A,True,0.010669730794484663,0.0030685944765299605,0.00010341431385423432,0.18461538461539,0.81538461538461
GMKN,-1,2025-03-05 11:00:00+00:00,2025-03-05 12:30:00+00:00,140.32,141.7232,5533.686301739769,-7764.868618601234,-0.0069999999999999915,9,v3_short,sl,False,A,True,0.014108593415989868,0.004469146358842828,-0.00017386347441926734,0.818181818181813,0.18181818181818704
GMKN,1,2025-03-05 19:20:00+00:00,2025-03-05 21:30:00+00:00,140.64,139.2336,5482.447766119906,-7710.514538270985,-0.006999999999999955,13,v3_long,sl,False,A,True,0.011232759846438308,0.003572081470153791,0.00021612398691880872,0.1392405063291121,0.8607594936708879
GMKN,-1,2025-03-06 20:30:00+00:00,2025-03-07 06:50:00+00:00,136.72,136.46,5600.1615977934025,1456.0420154262338,0.0013311878291398015,62,v3_short,timeout,False,A,True,0.015947329919531874,0.003998029350730787,-0.0001638624725676671,0.5137614678899087,0.48623853211009127
GMKN,-1,2025-03-11 20:10:00+00:00,2025-03-11 21:10:00+00:00,136.44,135.76,5619.124326158841,3821.00454178805,0.003488712987393761,6,v3_short,opposite_signal,False,A,True,0.010407505130460184,0.0035808518658122794,-0.00020668425681617827,0.6056338028168964,0.3943661971831037
GMKN,-1,2025-03-27 13:00:00+00:00,2025-03-27 17:30:00+00:00,125.08,123.2038,6150.8476674157655,11540.220393605441,0.010499999999999983,27,v3_short,tp,False,A,True,0.018545163868904938,0.0039665564845421,,0.8620689655172387,0.13793103448276137
GMKN,1,2025-03-28 20:30:00+00:00,2025-03-28 23:50:00+00:00,121.72,121.56,6387.004440649752,-1021.9207105039385,-0.0009201445941504898,20,v3_long,weekend_exit,False,A,True,0.022014128470510864,0.004274750807173528,1.1499917857728467e-05,0.11194029850746194,0.8880597014925381
GMKN,-1,2025-04-02 21:10:00+00:00,2025-04-02 22:50:00+00:00,119.5,120.69500000000001,6499.6722679375325,-7767.1083601854,-0.007000000000000044,10,v3_short,sl,False,A,True,0.018069265517818393,0.004271476032273374,-0.0003128659862807436,0.916666666666664,0.08333333333333608
GMKN,-1,2025-04-04 10:40:00+00:00,2025-04-04 11:20:00+00:00,117.02,116.64,6590.957615505088,2504.5638938919037,0.0022731157067167737,4,v3_short,opposite_signal,False,A,True,0.014529914529914555,0.004325529542920852,0.00012307692307692532,0.7764705882352888,0.2235294117647112
GMKN,-1,2025-04-11 19:20:00+00:00,2025-04-11 23:50:00+00:00,116.54,117.1,6633.1478882111705,-3714.5628173981763,-0.00336365196499049,27,v3_short,weekend_exit,False,A,True,0.01664378860672613,0.0041880856666619976,4.9759780370623206e-05,0.7319587628865997,0.26804123711340033
GMKN,-1,2025-04-17 11:30:00+00:00,2025-04-17 18:00:00+00:00,114.08,112.3688,6753.391137096344,11556.402913799298,0.010500000000000032,39,v3_short,tp,False,A,True,0.014901823281907459,0.0030805449809657394,,0.847058823529409,0.152941176470591
GMKN,-1,2025-04-18 10:30:00+00:00,2025-04-18 11:10:00+00:00,114.22,113.56,6815.937164766332,4498.518528745756,0.004044825774820501,4,v3_short,opposite_signal,False,A,True,0.010329131652661,0.0036048510313216263,-0.0002923669467787118,0.8135593220338981,0.1864406779661019
GMKN,1,2025-04-23 19:40:00+00:00,2025-04-24 06:50:00+00:00,114.24,114.2,6842.308350225249,-273.6923340089555,-0.00024509803921563754,67,v3_long,timeout,False,A,True,0.009280336193311175,0.0034948666912045863,-0.000159341621432323,0.8679245283018865,0.13207547169811346
GMKN,1,2025-04-28 20:10:00+00:00,2025-04-28 21:40:00+00:00,118.08,116.8992,6618.171758942464,-7814.737212959295,-0.007000000000000029,9,v3_long,sl,False,A,True,0.011176968670618183,0.003818970433219865,8.975444538526692e-05,0.25757575757575873,0.7424242424242413
GMKN,-1,2025-05-06 11:10:00+00:00,2025-05-06 19:10:00+00:00,108.18,108.7,7173.261279782351,-3730.095865486794,-0.003364762432982041,48,v3_short,timeout,False,A,True,0.017008689221667622,0.003242459149281104,2.2185246810871608e-05,0.8804347826086965,0.1195652173913035
GMKN,1,2025-05-15 19:40:00+00:00,2025-05-16 06:50:00+00:00,110.04,110.52,7028.283698118993,3373.5761750970446,0.0030534351145037517,67,v3_long,timeout,False,A,True,0.014358415121773884,0.0038687230617437812,-7.997091966557573e-05,0.20253164556962513,0.7974683544303749
GMKN,-1,2025-05-30 21:50:00+00:00,2025-05-30 23:50:00+00:00,105.84,106.42,7329.495856609808,-4251.107596833676,-0.0038359788359788255,12,v3_short,weekend_exit,False,A,True,0.018140589569161012,0.003115985623274255,-1.8896447467874965e-05,0.5312500000000049,0.46874999999999517
GMKN,-1,2025-06-04 20:50:00+00:00,2025-06-04 21:40:00+00:00,112.26,111.68,6883.8238566345835,3992.617836848047,0.0036166043114199075,5,v3_short,opposite_signal,False,A,True,0.012466607301870042,0.004001671906518628,0.00012110418521816684,0.9,0.1
GMKN,1,2025-06-11 19:20:00+00:00,2025-06-13 06:50:00+00:00,107.18,107.04,7236.171847654339,-1013.0640586716116,-0.00091434969210674,213,v3_long,timeout,False,A,True,0.013435342414629573,0.003107494163927929,0.0003060272438887853,0.1111111111111188,0.8888888888888812
GMKN,1,2025-06-18 20:10:00+00:00,2025-06-19 06:50:00+00:00,107.24,107.38,7225.510572459174,1011.5714801442884,0.0009138381201044423,64,v3_long,timeout,False,A,True,0.011749347258485688,0.0030753069597850404,9.697873927638603e-05,0.06349206349206188,0.9365079365079381
GMKN,-1,2025-06-19 19:20:00+00:00,2025-06-20 06:50:00+00:00,106.98,106.98,7249.69016476559,-0.0,-0.0,69,v3_short,timeout,False,A,True,0.01420560747663561,0.0033263398817470965,-0.0002504672897196268,0.8157894736842111,0.184210526315789
GMKN,-1,2025-07-09 20:10:00+00:00,2025-07-10 06:50:00+00:00,103.94,104.22,7461.726513629236,-2089.2834238161945,-0.0018857032903598304,64,v3_short,timeout,False,A,True,0.01924187030979411,0.0034596097434547975,-5.964979796035945e-05,0.8699999999999974,0.13000000000000256
GMKN,-1,2025-07-16 20:10:00+00:00,2025-07-17 06:50:00+00:00,111.3,110.36,6955.160426145118,6537.850800576395,0.005911949685534577,64,v3_short,timeout,False,A,True,0.009523809523809544,0.0033665218108806915,0.00021743036837376604,0.9056603773584827,0.09433962264151728
GMKN,-1,2025-09-16 19:30:00+00:00,2025-09-17 06:50:00+00:00,124.2,124.46,6269.612326814453,-1630.0992049717008,-0.0014653784219001097,68,v3_short,timeout,False,A,True,0.016741790083709053,0.003623664533424443,-0.00015775917578879652,0.7692307692307687,0.23076923076923128
GMKN,-1,2025-09-30 19:20:00+00:00,2025-09-30 20:00:00+00:00,124.26,123.46,6257.402072645057,5005.921658116117,0.004506679542893996,4,v3_short,opposite_signal,False,A,True,0.01223832528180351,0.0038745933155870994,-0.00017069243156199484,0.8421052631578977,0.1578947368421023
GMKN,-1,2025-10-07 21:00:00+00:00,2025-10-08 06:50:00+00:00,125.58,125.94,6219.5327815540395,-2239.0318013594506,-0.002006688963210699,59,v3_short,timeout,False,A,True,0.0065307422746096935,0.0030784534266079843,0.0001768079006052882,1.0,0.0
GMKN,1,2025-10-17 19:20:00+00:00,2025-10-17 23:50:00+00:00,131.9,131.52,5909.640670558033,-2245.6634548120255,-0.002016679302501871,27,v3_long,weekend_exit,False,A,True,0.01819560272934045,0.003369899893240064,6.216830932524157e-05,0.08333333333334024,0.9166666666666597
YNDX,-1,2022-01-06 19:20:00+00:00,2022-01-06 22:00:00+00:00,4294.0,4247.0,163.01816488122964,7661.853749417793,0.007661853749417792,16,v3_short,opposite_signal,False,A,True,0.02301206503004616,0.005686944270417907,-0.0003293427120696833,0.8886639676113363,0.11133603238866377
YNDX,1,2022-01-06 22:40:00+00:00,2022-01-07 23:50:00+00:00,4247.0,4226.6,166.0850712560849,-3388.1354536240715,-0.003362373440075288,151,v3_long,weekend_exit,False,A,True,0.01450845541476291,0.004605752046920823,-0.00012058975929153686,0.15909090909091111,0.8409090909090889
YNDX,-1,2022-01-12 21:00:00+00:00,2022-01-12 22:40:00+00:00,4432.8,4395.6,158.58861279711596,5899.496396052685,0.005874390904168894,10,v3_short,opposite_signal,False,A,True,0.01878103837471779,0.004287096328373346,6.862302483070306e-05,0.8629807692307733,0.1370192307692267
YNDX,1,2022-01-12 23:20:00+00:00,2022-01-13 07:20:00+00:00,4385.6,4380.4,161.2370599882097,-838.4327119388078,-0.0008299890550894995,48,v3_long,timeout,False,A,True,0.013084112149532628,0.003976498281099552,-3.373603829496487e-05,0.010452961672480271,0.9895470383275198
YNDX,-1,2022-02-03 20:40:00+00:00,2022-02-03 22:30:00+00:00,3585.6,3546.0,197.0477318680096,7803.0901819731625,0.007730923694779099,11,v3_short,opposite_signal,False,A,True,0.03200981485612305,0.005524270828117111,-0.00025429399955386963,0.890243902439025,0.10975609756097508
YNDX,-1,2022-02-08 12:30:00+00:00,2022-02-08 14:20:00+00:00,3494.2,3529.142,203.76524254859953,-7119.965105133167,-0.007000000000000002,11,v3_short,sl,False,A,True,0.014592274678111588,0.0038980055541529865,,0.6509803921568592,0.34901960784314084
YNDX,-1,2022-02-09 22:40:00+00:00,2022-02-10 06:50:00+00:00,3749.0,3763.0,188.58696584148396,-2640.2175217807753,-0.002614030408108829,49,v3_short,timeout,False,A,True,0.012270593256508748,0.004425906085865852,-4.534784464361929e-05,1.0,0.0
YNDX,-1,2022-02-10 12:20:00+00:00,2022-02-10 15:40:00+00:00,3721.0,3758.21,189.50937454299296,-7051.643826744775,-0.007000000000000007,20,v3_short,sl,False,A,True,0.01263101316850309,0.004358554640736856,,0.851063829787234,0.14893617021276595
YNDX,-1,2022-10-20 13:20:00+00:00,2022-10-20 16:20:00+00:00,1940.4,1911.294,360.867981857223,10503.423479936331,0.010499999999999999,18,v3_short,tp,False,A,True,0.01864441697569018,0.0043851904173288535,,0.7955801104972416,0.2044198895027584
YNDX,-1,2022-10-25 13:20:00+00:00,2022-10-25 17:00:00+00:00,1987.0,2006.8700000000001,356.1049966943688,-7075.806284317151,-0.007000000000000042,22,v3_short,sl,False,A,True,0.018922999496728692,0.004347305102212005,,0.7978723404255339,0.20212765957446616
YNDX,-1,2023-01-20 13:20:00+00:00,2023-01-20 18:30:00+00:00,1894.4,1913.344,370.8971516219852,-7026.275640326872,-0.006999999999999984,31,v3_short,sl,False,A,True,0.015093941313067294,0.0031012193773434916,,0.8111888111888154,0.18881118881118464
YNDX,-1,2023-02-01 23:00:00+00:00,2023-02-02 09:50:00+00:00,2068.4,2099.8,337.3182996927383,-10591.794610352013,-0.010626571262811864,65,v3_short,gap_sl,False,A,True,0.010637269122908811,0.004237145975303378,-0.00038680978628759314,0.9272727272727314,0.07272727272726859
YNDX,-1,2023-02-02 13:20:00+00:00,2023-02-02 21:20:00+00:00,2078.0,2082.4,332.19197057613746,-1461.644670535035,-0.0014821944177093665,48,v3_short,timeout,False,A,True,0.022902232486528055,0.004174456541662101,,0.4831932773109253,0.5168067226890747
YNDX,-1,2023-05-04 23:10:00+00:00,2023-05-05 09:50:00+00:00,1973.0,1979.4,349.3521356248551,-2235.8536679991043,-0.002270653826659941,64,v3_short,timeout,False,A,True,0.01125076018649911,0.003125555918698306,5.4733427934320804e-05,0.7747747747747752,0.22522522522522476
YNDX,-1,2023-05-12 13:20:00+00:00,2023-05-12 21:20:00+00:00,2006.0,2002.0,342.82485843481544,1371.2994337392618,0.0013958125623130609,48,v3_short,timeout,False,A,True,0.01275917065390745,0.003313207260575663,,0.5703124999999984,0.42968750000000155
YNDX,-1,2023-06-28 13:20:00+00:00,2023-06-28 21:20:00+00:00,2456.8,2460.8,280.31039385536354,-1121.2415754214542,-0.001139693910778248,48,v3_short,timeout,False,A,True,0.020275221887468522,0.004877840721827393,,0.7349397590361492,0.2650602409638508
YNDX,-1,2023-07-05 13:20:00+00:00,2023-07-05 21:20:00+00:00,2413.8,2395.2,284.9787499051546,5300.604748235979,0.005393984588615566,48,v3_short,timeout,False,A,True,0.02113026184951939,0.0035276291491074512,,0.8588235294117683,0.14117647058823174
YNDX,-1,2023-08-29 13:20:00+00:00,2023-08-29 21:20:00+00:00,2703.0,2690.2,255.86094333881888,3275.020074736928,0.003314835368109555,48,v3_short,timeout,False,A,True,0.016278209396966333,0.003674929091133323,,0.8409090909090909,0.1590909090909091
YNDX,-1,2023-09-07 22:00:00+00:00,2023-09-08 09:50:00+00:00,2604.6,2585.6,266.4073730696242,5061.74008832286,0.005106350303309529,71,v3_short,timeout,False,A,True,0.013438795883888802,0.004657737768736749,-0.00020580555982184132,0.9599999999999974,0.040000000000002596
YNDX,-1,2023-10-06 13:20:00+00:00,2023-10-06 21:20:00+00:00,2498.8,2488.0,279.1051152389024,3014.3352445801966,0.0030254522170642417,48,v3_short,timeout,False,A,True,0.018327330932373022,0.00497341793860403,,0.6069868995633203,0.39301310043667964
YNDX,-1,2023-11-29 13:20:00+00:00,2023-11-29 18:20:00+00:00,2624.4,2585.034,266.5515533570246,10493.068449452627,0.010499999999999995,30,v3_short,tp,False,A,True,0.013488797439414758,0.003022913173804821,,0.8757062146892632,0.12429378531073672
YNDX,-1,2024-01-25 13:20:00+00:00,2024-01-25 18:00:00+00:00,2671.4,2698.114,264.6114563692417,-7068.830445447908,-0.006999999999999985,28,v3_short,sl,False,A,True,0.016614279299506096,0.0030113826701163686,,0.8513513513513538,0.1486486486486463
YNDX,-1,2024-02-09 23:00:00+00:00,2024-02-09 23:30:00+00:00,3264.2,3296.8419999999996,215.0403967995156,-7019.348632329751,-0.006999999999999965,3,v3_short,sl,False,A,True,0.01366589042774847,0.003485571210957737,-0.00020223066552273566,0.8789237668161413,0.1210762331838588
YNDX,-1,2024-03-04 22:20:00+00:00,2024-03-05 09:50:00+00:00,3689.6,3710.0,188.91514505375864,-3853.8689590966933,-0.003870338248048586,69,v3_short,timeout,False,A,True,0.014636526264433241,0.003385318999936945,4.1199110966554796e-05,0.9222222222222172,0.07777777777778283
YNDX,-1,2024-04-22 23:40:00+00:00,2024-04-23 09:50:00+00:00,4282.2,4290.2,162.14179882279674,-1297.134390582374,-0.0013077390126570456,61,v3_short,timeout,False,A,True,0.016770998785387316,0.004281652864827159,-0.00037045688124824903,0.9080779944289645,0.09192200557103547
YNDX,-1,2024-06-04 22:40:00+00:00,2024-06-05 09:50:00+00:00,4173.2,4180.4,166.1592104010286,-1196.3463148873757,-0.0012077063164957042,67,v3_short,timeout,False,A,True,0.009153647081376358,0.003418313553735511,0.0004897920061343782,0.9685863874345596,0.03141361256544042
YNDX,-1,2024-06-05 13:20:00+00:00,2024-06-05 16:20:00+00:00,4192.4,4234.324,165.1984959510427,-6925.781744251511,-0.006999999999999997,18,v3_short,sl,False,A,True,0.022946283751550382,0.0044843049327354285,,0.6486486486486461,0.3513513513513539
ROSN,-1,2022-01-12 20:50:00+00:00,2022-01-13 06:50:00+00:00,629.05,625.65,1112.7891264605357,3783.483029965796,0.003783483029965796,60,v3_short,timeout,False,A,True,0.009856132262936065,0.003075580442812227,0.0003632461648517628,1.0,0.0
ROSN,-1,2022-01-14 10:20:00+00:00,2022-01-14 12:20:00+00:00,608.55,599.42175,1154.6272913005935,10539.72657181462,0.010499999999999978,12,v3_short,tp,False,A,True,0.013059548254620197,0.003832991101984951,6.160164271047228e-05,0.899371069182382,0.10062893081761806
ROSN,1,2022-01-21 20:10:00+00:00,2022-01-21 23:50:00+00:00,567.6,564.8,1250.9271436244649,-3502.596002148587,-0.0034531360112756305,22,v3_long,weekend_exit,False,A,True,0.02854625550660801,0.005144295603704048,0.0003947136563876668,0.2839506172839512,0.7160493827160488
ROSN,-1,2022-01-28 20:00:00+00:00,2022-01-28 22:10:00+00:00,569.4,566.1,1242.6667185102604,4100.8001710838025,0.004056902002107426,13,v3_short,opposite_signal,False,A,True,0.011239901650860515,0.0053385948689275604,0.00010800842992623577,0.6328124999999951,0.3671875000000049
ROSN,1,2022-02-02 19:40:00+00:00,2022-02-03 06:50:00+00:00,572.6,575.0,1240.7352246585765,2977.7645391805554,0.0029339853300733216,67,v3_long,timeout,False,A,True,0.014755959137344007,0.003234158414959457,-6.985069414124921e-06,0.09467455621302531,0.9053254437869747
ROSN,-1,2022-10-27 13:20:00+00:00,2022-10-27 21:20:00+00:00,346.95,344.0,2053.6948402274893,6058.39977867107,0.005951866263150287,48,v3_short,timeout,False,A,True,0.02954742000576535,0.004598553171628971,,0.9024390243902439,0.0975609756097561
ROSN,-1,2022-11-16 13:20:00+00:00,2022-11-16 18:00:00+00:00,344.05,338.88925,2083.3317967213984,10751.554569929973,0.010500000000000016,28,v3_short,tp,False,A,True,0.01874727510536256,0.0029895986878983563,,0.8604651162790731,0.13953488372092696
ROSN,-1,2023-05-05 13:20:00+00:00,2023-05-05 21:20:00+00:00,382.0,378.5,1896.063855656932,6636.223494799262,0.006413612565445026,48,v3_short,timeout,False,A,True,0.01832460732984293,0.003409374220892534,,0.8571428571428571,0.14285714285714285
ROSN,-1,2023-10-27 13:20:00+00:00,2023-10-27 13:30:00+00:00,590.15,581.29775,1235.1804614204991,10934.126239609646,0.010500000000000032,1,v3_short,tp,False,A,True,0.014064220960772608,0.0034656241552793224,,0.7771084337349358,0.2228915662650642
ROSN,-1,2023-12-05 13:20:00+00:00,2023-12-05 15:00:00+00:00,569.35,575.0435,1293.7483756477284,-7365.956376750305,-0.006999999999999965,10,v3_short,sl,False,A,True,0.013698630136986223,0.0034121130011540647,,0.8141025641025718,0.18589743589742824
ROSN,-1,2024-06-05 13:20:00+00:00,2024-06-05 20:20:00+00:00,571.95,563.37075,1278.8521168131986,10971.592023169636,0.0105,42,v3_short,tp,False,A,True,0.016609843517790015,0.0035009720296895613,,0.8578947368421148,0.14210526315788516
ROSN,-1,2024-08-20 13:20:00+00:00,2024-08-20 21:20:00+00:00,485.25,482.4,1523.1727617259717,4341.042370919054,0.004111282843894932,48,v3_short,timeout,False,A,True,0.014837712519319915,0.003542601997006945,,0.7986111111111124,0.20138888888888762
ROSN,-1,2024-08-23 13:20:00+00:00,2024-08-23 15:20:00+00:00,478.5,471.3225,1551.010057026481,11132.374684307582,0.010500000000000015,12,v3_short,tp,False,A,True,0.014211076280041821,0.003408468925710305,,0.8897058823529413,0.11029411764705864
ROSN,-1,2024-09-20 13:20:00+00:00,2024-09-20 14:30:00+00:00,519.9,525.0989999999999,1442.490814707033,-7499.5097456618005,-0.006999999999999941,7,v3_short,sl,False,A,True,0.021252043465717768,0.003177961250852858,,0.8280542986425353,0.1719457013574647
ROSN,-1,2024-09-26 13:20:00+00:00,2024-09-26 21:20:00+00:00,514.0,511.6,1448.835248529617,3477.204596471048,0.0032684824902723428,48,v3_short,timeout,False,A,True,0.01935421124294893,0.0034688452311482996,,0.8040201005025089,0.19597989949749112
ROSN,-1,2024-12-20 13:20:00+00:00,2024-12-20 13:30:00+00:00,508.7,513.787,1468.7150795395182,-7471.353609617597,-0.007000000000000064,1,v3_short,sl,False,A,True,0.019559661883231744,0.004151572168084844,,0.773869346733668,0.22613065326633192
ROSN,-1,2025-01-16 13:20:00+00:00,2025-01-16 21:20:00+00:00,549.35,547.7,1350.5149966961328,2228.349744548588,0.002102484754710083,48,v3_short,timeout,False,A,True,0.013742264288314442,0.003219962903253764,,0.7086092715231861,0.2913907284768139
ROSN,-1,2025-01-29 11:20:00+00:00,2025-01-29 12:20:00+00:00,538.85,534.9,1379.7258202768942,5449.916990093795,0.005131298134917012,6,v3_short,opposite_signal,False,A,True,0.015404602821083807,0.0031723445791745626,5.660727542687369e-05,0.7530120481927752,0.2469879518072248
ROSN,1,2025-02-13 20:30:00+00:00,2025-02-14 07:00:00+00:00,572.65,581.23975,1304.9510174613993,11209.20300223903,0.010499999999999978,63,v3_long,gap_tp,False,A,True,0.011350737797956867,0.004695320894445262,-2.1828341919147822e-05,0.17692307692307344,0.8230769230769266
ROSN,-1,2025-03-03 19:50:00+00:00,2025-03-04 06:50:00+00:00,540.5,539.55,1397.089069844288,1327.234616352137,0.0012303422756707342,66,v3_short,timeout,False,A,True,0.01054384017758055,0.0035127258450550055,-0.00027099519052904345,0.76315789473684,0.23684210526316
ROSN,-1,2025-03-04 20:40:00+00:00,2025-03-05 06:50:00+00:00,541.65,541.0,1395.838099293426,907.2947645406952,0.0008400258469491075,61,v3_short,timeout,False,A,True,0.013478581979320448,0.0035420371989268464,-0.0002298744460856729,0.8150684931506806,0.18493150684931933
ROSN,-1,2025-03-25 20:30:00+00:00,2025-03-26 06:50:00+00:00,519.4,522.05,1456.8556272958463,-3860.6674123339594,-0.0035714285714285405,62,v3_short,timeout,False,A,True,0.019349249133615624,0.0032887240379401504,-0.0003051597997689668,0.860696517412937,0.13930348258706304
ROSN,-1,2025-03-31 20:00:00+00:00,2025-04-01 06:50:00+00:00,493.0,492.5,1529.3881250077668,764.6940625038834,0.0007099391480730224,65,v3_short,timeout,False,A,True,0.017241379310344827,0.003371693504988183,-0.00017038539553752719,1.0,0.0
ROSN,-1,2025-04-23 20:00:00+00:00,2025-04-24 06:50:00+00:00,472.95,471.4,1595.356023834616,2472.801836943673,0.00229411142826939,65,v3_short,timeout,False,A,True,0.009727215056037146,0.003087765027770466,-0.00017868471135546482,0.8478260869565231,0.1521739130434769
ROSN,-1,2025-04-30 23:00:00+00:00,2025-05-02 06:50:00+00:00,455.95,455.95,1658.6349221591015,-0.0,-0.0,191,v3_short,timeout,False,A,True,0.014802631578947368,0.0033252774794128156,-3.947368421052531e-05,0.8444444444444428,0.15555555555555725
ROSN,-1,2025-05-16 19:50:00+00:00,2025-05-16 21:40:00+00:00,441.6,438.35,1712.533045195748,5565.732396886181,0.005151721014492754,11,v3_short,opposite_signal,False,A,True,0.017885442608105,0.0037147754732411433,-7.92393026941363e-05,0.607594936708864,0.39240506329113606
ROSN,-1,2025-05-29 11:50:00+00:00,2025-05-29 13:10:00+00:00,430.8,435.108,1764.509297670062,-7601.506054362615,-0.00699999999999999,8,v3_short,sl,False,A,True,0.014043639740018597,0.003303930671618693,,0.826446280991734,0.17355371900826602
ROSN,-1,2025-05-30 10:20:00+00:00,2025-05-30 12:30:00+00:00,426.95,431.2195,1767.957726193252,-7548.295511982078,-0.006999999999999991,13,v3_short,sl,False,A,True,0.019084416344690398,0.0036574283149625694,-7.49326776724021e-05,0.80368098159509,0.19631901840490995
ROSN,-1,2025-06-13 20:40:00+00:00,2025-06-13 23:50:00+00:00,440.4,444.4,1701.965813668986,-6807.863254675944,-0.006357856494096276,19,v3_short,weekend_exit,False,A,True,0.008628519527701986,0.003380507516358026,0.0004995458673932788,0.8684210526315774,0.13157894736842263
ROSN,1,2025-08-07 19:30:00+00:00,2025-08-07 23:30:00+00:00,444.6,448.1,1675.1692309076657,5863.09230817683,0.005510571300044983,24,v3_long,opposite_signal,False,A,True,0.02170490328385073,0.004381374682126569,0.0003677462887989209,0.15025906735751712,0.8497409326424828
ROSN,1,2025-10-15 20:40:00+00:00,2025-10-16 06:50:00+00:00,400.75,400.85,1868.707185719955,186.870718572038,0.00017467248908300913,61,v3_long,timeout,False,A,True,0.008357240863165687,0.0033703889439023727,0.00012972433578645206,0.1194029850746213,0.8805970149253787
ROSN,-1,2025-10-23 19:30:00+00:00,2025-10-24 06:50:00+00:00,389.35,391.75,1923.7580947226722,-4617.0194273343695,-0.004314883780660033,68,v3_short,timeout,False,A,True,0.01630923333761403,0.0032288245977728338,-0.00012199820213175513,0.7244094488188986,0.2755905511811014
ROSN,-1,2025-10-24 20:40:00+00:00,2025-10-24 23:50:00+00:00,390.2,389.8,1911.284727270985,764.5138909083506,0.0007175807278318403,19,v3_short,weekend_exit,False,A,True,0.00794464377242431,0.0030910365171183665,-6.919528446950399e-05,0.9193548387096765,0.08064516129032347
ROSN,-1,2025-10-27 19:30:00+00:00,2025-10-27 21:30:00+00:00,375.6,373.5,1987.0033554440208,4172.707046432489,0.003913738019169371,12,v3_short,opposite_signal,False,A,True,0.015177739315670319,0.004219661503264601,-0.00024097989615231476,0.8596491228070252,0.14035087719297476
ROSN,-1,2025-10-28 20:40:00+00:00,2025-10-29 06:50:00+00:00,377.8,377.0,1983.163989511056,1586.5311916088672,0.0014822657490736048,61,v3_short,timeout,False,A,True,0.016146109052408743,0.0030385367487386606,-3.043938591847478e-05,0.9672131147541003,0.032786885245899657
NVTK,1,2022-01-10 19:40:00+00:00,2022-01-10 21:20:00+00:00,1753.0,1763.6,399.3154592127781,4232.743867655411,0.004232743867655411,10,v3_long,opposite_signal,False,A,True,0.014376996805111848,0.004412764649447174,-8.785942492012572e-05,0.32539682539682663,0.6746031746031734
NVTK,-1,2022-01-14 22:40:00+00:00,2022-01-14 23:50:00+00:00,1726.2,1726.0,407.23144520180676,81.44628904037987,8.110300081104845e-05,7,v3_short,weekend_exit,False,A,True,0.011464968152866347,0.005102631672240401,-0.00019687319050376378,0.7373737373737375,0.2626262626262625
NVTK,1,2022-01-19 23:10:00+00:00,2022-01-20 07:00:00+00:00,1604.8,1588.752,438.0732384781201,-7030.199331096873,-0.007000000000000003,47,v3_long,sl,False,A,True,0.00997630627260257,0.005105222036438963,-0.00013966828781643656,0.11249999999999716,0.8875000000000028
NVTK,1,2022-01-20 21:50:00+00:00,2022-01-20 23:40:00+00:00,1605.6,1589.5439999999999,434.7899810525157,-6980.98793577921,-0.0070000000000000175,11,v3_long,sl,False,A,True,0.02093457943925228,0.004971708309492009,0.00018193146417445652,0.06547619047618523,0.9345238095238148
NVTK,1,2022-01-28 19:50:00+00:00,2022-01-28 22:40:00+00:00,1607.8,1591.722,431.1556798251485,-6932.121020228727,-0.006999999999999989,17,v3_long,sl,False,A,True,0.014180868267197385,0.004716801511001212,0.00015424804080109298,0.026315789473680275,0.9736842105263197
NVTK,-1,2022-02-07 19:30:00+00:00,2022-02-08 06:50:00+00:00,1612.2,1606.0,426.96912126827544,2647.208551863327,0.0026919737005334523,68,v3_short,timeout,False,A,True,0.008923038790432436,0.003429603344622018,-0.0003197422233238314,0.5555555555555608,0.4444444444444392
NVTK,-1,2022-02-08 20:00:00+00:00,2022-02-09 06:50:00+00:00,1634.0,1638.0,422.40677068238557,-1689.6270827295423,-0.0017135862913096695,65,v3_short,timeout,False,A,True,0.014810281517747886,0.0035520695426273278,7.833537331701456e-05,1.0,0.0
NVTK,-1,2022-02-10 19:50:00+00:00,2022-02-10 23:30:00+00:00,1658.6,1633.7209999999998,415.4286291674348,10335.448865056665,0.010500000000000058,22,v3_short,tp,False,A,True,0.01567209162145871,0.0033484641596240616,-0.00021217600964436298,0.9461538461538427,0.053846153846157346
NVTK,-1,2022-02-16 20:20:00+00:00,2022-02-17 06:50:00+00:00,1615.8,1625.0,430.91022313568936,-3964.3740528483618,-0.003985641787349939,63,v3_short,timeout,False,A,True,0.014860681114551083,0.004463258987805638,-0.0003863777089783287,0.8666666666666648,0.13333333333333522
NVTK,-1,2022-02-18 10:30:00+00:00,2022-02-18 11:20:00+00:00,1563.4,1558.6,443.5778922256959,2129.173882683421,0.0021491620826404804,5,v3_short,opposite_signal,False,A,True,0.011510423327791277,0.003674034112709118,0.0002391610180329942,0.7444444444444495,0.2555555555555505
NVTK,-1,2022-10-18 13:20:00+00:00,2022-10-18 21:10:00+00:00,1012.6,997.4110000000001,686.3323113011371,10424.701476352948,0.010499999999999976,47,v3_short,tp,False,A,True,0.022121271973138432,0.005248158911994573,,0.8035714285714294,0.19642857142857062
NVTK,-1,2022-10-20 13:20:00+00:00,2022-10-20 21:20:00+00:00,1006.4,1003.0,697.8113965192554,2372.5587481654525,0.0023648648648648494,48,v3_short,timeout,False,A,True,0.019077901430842654,0.004021879021879032,,0.8124999999999992,0.18750000000000075
NVTK,-1,2022-11-03 13:20:00+00:00,2022-11-03 21:20:00+00:00,1102.4,1106.0,638.5505992205138,-2298.7821571937916,-0.0022859216255442095,48,v3_short,timeout,False,A,True,0.023222060957910136,0.0040863224825488835,,0.804687500000001,0.19531249999999897
NVTK,-1,2023-04-14 13:20:00+00:00,2023-04-14 14:30:00+00:00,1279.2,1291.992,549.0377056524849,-7023.290330706541,-0.006999999999999953,7,v3_short,sl,False,A,True,0.015168100078186154,0.00300830261737221,,0.9587628865979407,0.041237113402059315
NVTK,-1,2023-05-05 13:20:00+00:00,2023-05-05 14:40:00+00:00,1238.8,1251.1879999999999,562.9744348072039,-6974.127298391597,-0.006999999999999954,8,v3_short,sl,False,A,True,0.014530190506942202,0.0029752294847548177,,0.9333333333333308,0.06666666666666919
NVTK,-1,2023-07-18 13:20:00+00:00,2023-07-18 21:20:00+00:00,1479.8,1486.2,467.98948555905537,-2995.132707577997,-0.0030274361400189644,48,v3_short,timeout,False,A,True,0.012429073223453182,0.003165167715289299,,0.717391304347825,0.282608695652175
NVTK,-1,2023-07-26 13:20:00+00:00,2023-07-26 16:40:00+00:00,1487.8,1502.6779999999999,464.0638848198586,-6904.342478349823,-0.006999999999999967,20,v3_short,sl,False,A,True,0.014656447492268356,0.0034704213808691375,,0.8990825688073372,0.10091743119266285
NVTK,-1,2023-08-03 13:20:00+00:00,2023-08-03 14:50:00+00:00,1578.6,1594.386,434.3096465856713,-6856.012081001432,-0.007000000000000026,9,v3_short,sl,False,A,True,0.0150823827629911,0.003778139899812898,,0.9411764705882314,0.05882352941176864
NVTK,-1,2023-08-25 13:20:00+00:00,2023-08-25 21:20:00+00:00,1677.0,1674.2,405.96422161206897,1136.6998205137747,0.0011687537268932429,48,v3_short,timeout,False,A,True,0.012762404580152726,0.0032488186114140406,,0.7663551401869169,0.2336448598130831
NVTK,-1,2023-09-22 13:20:00+00:00,2023-09-22 15:40:00+00:00,1597.8,1613.778,426.58511047552844,-6815.976895178022,-0.00700000000000003,14,v3_short,sl,False,A,True,0.014645137063462318,0.003504819126298651,,0.547008547008543,0.45299145299145704
NVTK,-1,2023-12-06 13:20:00+00:00,2023-12-06 16:40:00+00:00,1543.6,1520.446,438.47272978179234,10152.397585367618,0.010499999999999997,20,v3_short,tp,False,A,True,0.01697111024744141,0.003756963337219832,,0.7633587786259529,0.23664122137404714
NVTK,-1,2023-12-07 13:20:00+00:00,2023-12-07 21:20:00+00:00,1521.0,1519.0,449.6602130183643,899.3204260367286,0.0009204470742932282,48,v3_short,timeout,False,A,True,0.01341575693805083,0.0038957053293499537,,0.7450980392156852,0.2549019607843148
NVTK,-1,2024-03-14 13:20:00+00:00,2024-03-14 21:20:00+00:00,1404.0,1396.8,487.58027656635164,3510.577991277754,0.003589743589743612,48,v3_short,timeout,False,A,True,0.022510329106710292,0.0031275653159112122,,0.8544303797468379,0.14556962025316209
NVTK,1,2024-07-17 23:40:00+00:00,2024-07-18 09:50:00+00:00,1034.4,1036.2,664.1725762693853,1195.5106372848634,0.0012180974477957929,61,v3_long,timeout,False,A,True,0.009667440061871615,0.003302713196647561,0.0001102088167053373,0.1400000000000091,0.8599999999999909
NVTK,1,2024-07-26 22:20:00+00:00,2024-07-26 23:30:00+00:00,1063.0,1066.4,647.0902825391831,2200.1069606332817,0.0022389463781750368,7,v3_long,opposite_signal,False,A,True,0.008468197214904027,0.004239859285829498,-0.00039518253669552125,0.2222222222222222,0.7777777777777778
NVTK,-1,2024-08-08 13:20:00+00:00,2024-08-08 21:20:00+00:00,1025.8,1017.8,672.0579500990398,5376.463600792318,0.005459153831156171,48,v3_short,timeout,False,A,True,0.01890838206627689,0.0036944212382809096,,0.8247422680412333,0.17525773195876676
NVTK,-1,2024-08-15 13:20:00+00:00,2024-08-15 21:20:00+00:00,1041.2,1033.2,665.7323950558485,5325.859160446788,0.005378409527468305,48,v3_short,timeout,False,A,True,0.018059558117194962,0.004409679337633242,,0.8085106382978767,0.19148936170212327
NVTK,-1,2024-11-21 21:40:00+00:00,2024-11-21 22:30:00+00:00,850.4,858.904,819.483385635539,-6968.886711444639,-0.007000000000000017,5,v3_short,sl,False,A,True,0.013875823142050747,0.004866857373240913,3.998118532455155e-05,0.8813559322033913,0.1186440677966087
NVTK,-1,2024-12-13 13:20:00+00:00,2024-12-13 21:20:00+00:00,792.2,792.2,873.5299803666386,-0.0,-0.0,48,v3_short,timeout,False,A,True,0.01362948006057541,0.0037979856253455607,,0.7592592592592666,0.24074074074073334
NVTK,-1,2025-02-12 19:50:00+00:00,2025-02-12 20:00:00+00:00,1174.6,1186.346,589.145624422315,-6920.104504464568,-0.007000000000000057,1,v3_short,sl,False,A,True,0.01516183986371376,0.004745680214164022,-0.00022487223168654637,0.887640449438202,0.11235955056179804
NVTK,-1,2025-03-03 21:00:00+00:00,2025-03-03 21:30:00+00:00,1249.8,1238.2,549.8210732063739,6377.924449193887,0.006497039526324163,3,v3_short,opposite_signal,False,A,True,0.015524967989756614,0.004690480545611309,3.040973111395792e-05,0.9072164948453625,0.09278350515463749
NVTK,-1,2025-03-06 20:30:00+00:00,2025-03-07 06:50:00+00:00,1276.4,1269.6,541.8606427513017,3684.6523707089505,0.003729238483234195,62,v3_short,timeout,False,A,True,0.01629072681704257,0.004485064702572761,-0.00033677944862155033,0.7211538461538477,0.27884615384615224
NVTK,1,2025-03-10 20:40:00+00:00,2025-03-11 06:50:00+00:00,1284.2,1287.4,540.5779326173945,1729.849384375687,0.0017442765924311104,61,v3_long,timeout,False,A,True,0.01292834890965725,0.0032901010871638266,5.1401869158877796e-05,0.07228915662650916,0.9277108433734909
NVTK,1,2025-03-20 19:30:00+00:00,2025-03-21 06:50:00+00:00,1310.0,1312.8,530.8557829284894,1486.396192199746,0.0014961832061068463,68,v3_long,timeout,False,A,True,0.009465648854961728,0.003573765384016193,-0.00012061068702290214,0.04838709677418675,0.9516129032258133
NVTK,-1,2025-03-27 20:00:00+00:00,2025-03-27 21:20:00+00:00,1289.6,1280.8,540.0601372292656,4752.529207617513,0.004776674937965237,8,v3_short,opposite_signal,False,A,True,0.011629710032563188,0.00391454457422604,-2.946193208249482e-05,0.9733333333333273,0.02666666666667273
NVTK,-1,2025-03-28 10:40:00+00:00,2025-03-28 11:10:00+00:00,1277.0,1269.8,547.9939885796343,3945.556717773392,0.003946750195771364,3,v3_short,opposite_signal,False,A,True,0.017543859649122702,0.00394328211833931,-8.458646616541496e-05,0.741071428571429,0.25892857142857095
NVTK,-1,2025-04-16 22:50:00+00:00,2025-04-17 06:50:00+00:00,1190.2,1190.0,590.279123776369,118.05582475530065,0.00011762728953119797,48,v3_short,timeout,False,A,True,0.01595834033260541,0.0039115931943078,0.000399798420964219,0.747368421052634,0.25263157894736604
NVTK,-1,2025-04-21 19:20:00+00:00,2025-04-22 06:50:00+00:00,1235.8,1238.8,568.5651822268677,-1705.695546680603,-0.001699304094513675,69,v3_short,timeout,False,A,True,0.01197798640336675,0.00393099939878832,0.00030754289414049857,0.9189189189189156,0.0810810810810844
NVTK,1,2025-04-28 20:10:00+00:00,2025-04-28 22:00:00+00:00,1269.4,1256.7060000000001,552.5751262905993,-7014.388653132845,-0.006999999999999978,11,v3_long,sl,False,A,True,0.016543248778950685,0.004408317604653332,0.00010241058767921853,0.20952380952381386,0.7904761904761861
NVTK,-1,2025-05-12 19:20:00+00:00,2025-05-13 06:50:00+00:00,1198.2,1202.4,581.3126299917324,-2441.5130459653024,-0.002453680520781198,69,v3_short,timeout,False,A,True,0.01668613382279326,0.003197608093796496,-7.508760220256967e-05,0.6100000000000023,0.38999999999999774
NVTK,-1,2025-05-19 19:50:00+00:00,2025-05-19 20:30:00+00:00,1159.4,1170.9940000000001,599.2925083007746,-6948.197341239211,-0.0070000000000000305,4,v3_short,sl,False,A,True,0.019499568593615107,0.003472381187159922,-6.212251941328574e-05,0.23008849557522418,0.7699115044247758
NVTK,1,2025-05-22 19:20:00+00:00,2025-05-23 06:50:00+00:00,1109.6,1104.2,621.8060526181062,-3357.7526841376884,-0.0034066330209083493,69,v3_long,timeout,False,A,True,0.015501081470800331,0.0042118505657489985,-0.00028839221341024206,0.0,1.0
NVTK,1,2025-05-30 20:10:00+00:00,2025-05-30 23:50:00+00:00,1097.2,1101.8,626.6911858422841,2882.7794548744496,0.0029347429821362883,22,v3_long,weekend_exit,False,A,True,0.008567262121764573,0.004188769930137568,0.00032263944586219135,0.1489361702127742,0.8510638297872258
NVTK,-1,2025-06-03 19:40:00+00:00,2025-06-03 20:50:00+00:00,1122.0,1133.22,614.6377136582588,-6896.23514724568,-0.007000000000000017,7,v3_short,sl,False,A,True,0.012838801711840108,0.003242452473143299,-0.00019793152639086857,0.8194444444444491,0.18055555555555095
NVTK,1,2025-06-11 19:30:00+00:00,2025-06-13 06:50:00+00:00,1023.4,1038.751,669.1383135836373,10271.942251822416,0.0105,212,v3_long,gap_tp,False,A,True,0.015047879616963043,0.003517686144225109,0.000293140512018761,0.18181818181817913,0.8181818181818209
NVTK,-1,2025-06-19 19:50:00+00:00,2025-06-20 06:50:00+00:00,1062.8,1057.6,651.0975815748684,3385.707424189345,0.003424915318027881,66,v3_short,timeout,False,A,True,0.012984569062852799,0.003352714815696695,-0.0002389913436206256,0.9855072463768082,0.014492753623191749
NVTK,-1,2025-07-09 20:00:00+00:00,2025-07-10 06:50:00+00:00,1030.8,1036.0,673.6093373056875,-3502.7685539896056,-0.0035312378734963447,65,v3_short,timeout,False,A,True,0.016695787225781335,0.003446923323784932,8.930304795185445e-05,0.8837209302325577,0.11627906976744232
NVTK,-1,2025-08-06 20:10:00+00:00,2025-08-06 20:20:00+00:00,1051.8,1062.318,657.8290234901217,-6919.045669069119,-0.00700000000000002,1,v3_short,sl,False,A,True,0.023008176459402757,0.003251956800974818,-0.00013500665525765184,0.6776859504132225,0.3223140495867774
NVTK,-1,2025-08-14 13:20:00+00:00,2025-08-14 15:40:00+00:00,1237.0,1249.3700000000001,555.4254122381257,-6870.61234938568,-0.007000000000000067,14,v3_short,sl,False,A,True,0.014715394566623581,0.0032797624970975466,,0.8681318681318635,0.13186813186813653
NVTK,1,2025-08-28 19:20:00+00:00,2025-08-28 20:30:00+00:00,1225.6,1213.3439999999998,556.667596519249,-6822.518062939963,-0.007000000000000049,7,v3_long,sl,False,A,True,0.015992167101827603,0.0031637981563382386,3.5900783289817975e-05,0.12244897959183035,0.8775510204081697
NVTK,-1,2025-08-29 20:20:00+00:00,2025-08-29 23:50:00+00:00,1235.6,1238.4,548.2972188814613,-1535.2322128681913,-0.001586273875040569,21,v3_short,weekend_exit,False,A,True,0.011332361988020073,0.0030726229296964085,-5.666180994010037e-05,0.885714285714276,0.11428571428572402
NVTK,-1,2025-09-02 22:20:00+00:00,2025-09-03 06:50:00+00:00,1214.4,1220.2,556.9840094704592,-3230.5072549286383,-0.0033432147562582077,51,v3_short,timeout,False,A,True,0.011034255599473065,0.003071979780054294,-0.00010540184453227707,1.0,0.0
NVTK,-1,2025-09-16 19:20:00+00:00,2025-09-17 06:50:00+00:00,1206.6,1207.6,558.7104475571655,-558.7104475571655,-0.0005801425493121167,69,v3_short,timeout,False,A,True,0.016741256423006834,0.0030275660736696435,-0.00017901541521630576,0.910891089108902,0.08910891089109792
NVTK,-1,2025-09-26 12:30:00+00:00,2025-09-26 20:30:00+00:00,1113.0,1117.6,605.344949424246,-2784.5867673514767,-0.002893081761006232,48,v3_short,timeout,False,A,True,0.017253774263119893,0.003494100731593855,,0.7604166666666692,0.23958333333333087
NVTK,-1,2025-09-30 19:20:00+00:00,2025-09-30 20:00:00+00:00,1103.8,1098.4,608.6244953542669,3286.572274912958,0.0034245334299691107,4,v3_short,opposite_signal,False,A,True,0.00978438122848338,0.003945553579286379,1.0871534698317384e-05,0.814814814814814,0.18518518518518595
NVTK,-1,2025-10-01 22:20:00+00:00,2025-10-02 06:50:00+00:00,1116.2,1117.0,603.9243133528747,-483.1394506822723,-0.0005017022039060814,51,v3_short,timeout,False,A,True,0.01289860265137931,0.0036268179790726516,-0.0003206735936940181,0.9722222222222314,0.02777777777776857
NVTK,1,2025-10-02 20:00:00+00:00,2025-10-03 06:50:00+00:00,1117.0,1114.6,603.1890071163842,-1447.653617079377,-0.001504028648164784,65,v3_long,timeout,False,A,True,0.01217547000895247,0.003175415197412886,0.00012354521038496135,0.13235294117646812,0.8676470588235319
NVTK,-1,2025-10-13 20:10:00+00:00,2025-10-13 21:30:00+00:00,1037.8,1032.8,648.2450986866888,3241.225493433444,0.003372518789747543,8,v3_short,opposite_signal,False,A,True,0.012141067643091067,0.004094218145920925,-0.000277510117556371,0.7619047619047602,0.2380952380952398
NVTK,1,2025-10-13 22:20:00+00:00,2025-10-14 06:50:00+00:00,1031.0,1037.0,654.7212621362261,3928.3275728173567,0.004073714839961203,51,v3_long,timeout,False,A,True,0.008729388942774006,0.0033848651002593264,-0.00014354995150339653,0.04444444444445455,0.9555555555555455
NVTK,1,2025-10-15 20:20:00+00:00,2025-10-16 06:50:00+00:00,1068.0,1077.0,634.6137177560124,5711.523459804112,0.005898876404494382,63,v3_long,timeout,False,A,True,0.011427500936680449,0.004736926617780865,0.00035219183214687497,0.06557377049179931,0.9344262295082006
NVTK,1,2025-10-24 19:20:00+00:00,2025-10-24 23:50:00+00:00,1054.6,1057.6,646.4683453302524,1939.4050359907574,0.0019912763132941404,27,v3_long,weekend_exit,False,A,True,0.016691957511380792,0.00501687776779909,-0.00025606980273141556,0.2613636363636325,0.7386363636363674
NLMK,-1,2022-02-01 11:50:00+00:00,2022-02-01 19:50:00+00:00,214.14,214.0,3268.8895115345103,457.64453161478684,0.00045764453161478686,48,v3_short,timeout,False,A,True,0.014469753547423423,0.003049539457306446,,0.8129032258064472,0.18709677419355275
NLMK,-1,2022-02-03 22:00:00+00:00,2022-02-04 06:50:00+00:00,217.24,216.18,3223.717322648363,3417.140362007272,0.0034155772417602728,53,v3_short,timeout,False,A,True,0.010954616588419385,0.0031881297119786827,-0.00022553622387922462,0.8487394957983252,0.15126050420167475
NLMK,-1,2022-02-14 23:30:00+00:00,2022-02-15 07:10:00+00:00,228.34,230.6234,3077.482479747462,-7027.123494255356,-0.007000000000000001,46,v3_short,sl,False,A,True,0.018654755648975386,0.004132393892922385,8.933263268523225e-05,0.943661971830984,0.056338028169015966
NLMK,-1,2022-10-20 13:20:00+00:00,2022-10-20 15:00:00+00:00,86.62,87.48620000000001,8055.799618789617,-6977.933629795617,-0.0070000000000000505,10,v3_short,sl,False,A,True,0.01085951940850291,0.0038288883020860956,,0.9361702127659558,0.06382978723404416
NLMK,-1,2022-11-23 13:20:00+00:00,2022-11-23 21:20:00+00:00,107.8,106.84,6427.725504997215,6170.616484797286,0.006233766233766193,48,v3_short,timeout,False,A,True,0.021892393320964744,0.0044880289778248695,,0.9322033898305099,0.0677966101694901
NLMK,-1,2023-02-09 13:20:00+00:00,2023-02-09 14:40:00+00:00,120.22,121.4222,5799.602736466961,-6972.282409780608,-0.007000000000000029,8,v3_short,sl,False,A,True,0.0188019966722129,0.003937881308929578,,0.8318584070796473,0.16814159292035263
NLMK,-1,2023-03-01 13:20:00+00:00,2023-03-01 21:20:00+00:00,126.96,127.94,5453.273812942749,-5344.208336683916,-0.005403276622558308,48,v3_short,timeout,False,A,True,0.018582677165354326,0.0032095988001499664,,0.7711864406779634,0.2288135593220366
NLMK,-1,2023-04-18 13:20:00+00:00,2023-04-18 17:20:00+00:00,134.0,135.34,5138.855951160692,-6886.066974555344,-0.0070000000000000175,24,v3_short,sl,False,A,True,0.01910162662289212,0.003375473454566097,,0.8828124999999957,0.11718750000000433
NLMK,-1,2023-05-04 13:20:00+00:00,2023-05-04 17:10:00+00:00,131.66,129.6851,5193.577780444661,10256.796758600114,0.010499999999999954,23,v3_short,tp,False,A,True,0.020969457529250803,0.004348738431704529,,0.9637681159420309,0.03623188405796907
NLMK,-1,2023-05-11 13:20:00+00:00,2023-05-11 14:40:00+00:00,131.66,129.6851,5248.110347139329,10364.493124565413,0.010499999999999952,8,v3_short,tp,False,A,True,0.013673655423883406,0.003942932384135688,,0.6444444444444385,0.3555555555555615
NLMK,-1,2023-05-31 13:20:00+00:00,2023-05-31 17:40:00+00:00,145.5,146.955,4798.772188945429,-6982.213534915659,-0.00700000000000006,26,v3_short,sl,False,A,True,0.01456844420010998,0.0036715620827770354,,0.8584905660377308,0.1415094339622692
NLMK,-1,2024-06-07 13:20:00+00:00,2024-06-07 13:30:00+00:00,195.18,197.1318,3552.27894260231,-6933.338040171158,-0.006999999999999969,1,v3_short,sl,False,A,True,0.018239573726816283,0.0031423984697885906,,0.7696629213483167,0.23033707865168332
NLMK,-1,2024-07-30 13:20:00+00:00,2024-07-30 16:00:00+00:00,165.44,167.0944,4161.511529188824,-6884.804673890031,-0.007000000000000041,16,v3_short,sl,False,A,True,0.02622990450864259,0.005951661457523928,,0.89400921658986,0.10599078341014
NLMK,-1,2024-08-13 13:20:00+00:00,2024-08-13 21:20:00+00:00,165.06,164.84,4141.894487563771,911.2167872640249,0.0009329940627650502,48,v3_short,timeout,False,A,True,0.0162306201550388,0.0032645810262089477,,0.880597014925376,0.11940298507462402
NLMK,-1,2024-09-04 13:20:00+00:00,2024-09-04 13:50:00+00:00,129.48,130.7748,5284.978034201119,-6842.989558683658,-0.007000000000000051,3,v3_short,sl,False,A,True,0.021470497374111844,0.004589787722317861,,0.8129496402877662,0.18705035971223383
NLMK,1,2024-09-05 23:20:00+00:00,2024-09-06 09:50:00+00:00,139.16,139.36,4882.932330966386,976.5864661933605,0.0010060362173039087,63,v3_long,timeout,False,A,True,0.012500000000000067,0.005313159746657289,6.609195402298965e-05,0.8045977011494243,0.19540229885057564
NLMK,-1,2024-09-16 23:00:00+00:00,2024-09-17 09:50:00+00:00,152.42,152.1,4462.6195624171205,1428.038259973448,0.001469623409001412,65,v3_short,timeout,False,A,True,0.01731828916294927,0.0032451710676398623,-0.00011151928627656708,0.787878787878786,0.21212121212121407
NLMK,-1,2024-09-27 13:20:00+00:00,2024-09-27 17:50:00+00:00,143.24,144.6724,4755.59969621334,-6811.921004855994,-0.007000000000000005,27,v3_short,sl,False,A,True,0.022765363128491756,0.004495876562915663,,0.8098159509202452,0.19018404907975486
NLMK,-1,2024-11-13 13:20:00+00:00,2024-11-13 20:00:00+00:00,132.62,130.6307,5100.465659645602,10146.356336733068,0.010500000000000074,40,v3_short,tp,False,A,True,0.020358920223194,0.003626544872209184,,0.8592592592592604,0.14074074074073964
NLMK,-1,2024-12-25 22:30:00+00:00,2024-12-26 09:50:00+00:00,135.32,135.58,5051.183899038671,-1313.3078137501523,-0.0013449600945907004,68,v3_short,timeout,False,A,True,0.008867868755542335,0.0032002750849083137,0.00012119420632574537,0.9166666666666706,0.08333333333332939
NLMK,-1,2025-01-29 13:00:00+00:00,2025-01-29 21:00:00+00:00,145.98,144.32,4676.030207893464,7762.210145103134,0.007959994519797217,48,v3_short,timeout,False,A,True,0.015755582956569276,0.0036732169901096947,,0.9217391304347791,0.07826086956522094
NLMK,-1,2025-02-12 19:50:00+00:00,2025-02-12 20:00:00+00:00,145.34,146.7934,4734.0060330938495,-6880.404368498544,-0.006999999999999942,1,v3_short,sl,False,A,True,0.01651300399064267,0.0030301923989631647,9.357368928030526e-05,0.8916666666666707,0.10833333333332928
NLMK,-1,2025-02-19 10:40:00+00:00,2025-02-19 11:40:00+00:00,155.64,153.3054,4389.772255152346,10248.362306878644,0.010499999999999978,6,v3_short,tp,False,A,True,0.01605858170606372,0.003597122302158256,0.00011947584789311496,0.7759999999999991,0.22400000000000092
NLMK,1,2025-02-20 20:30:00+00:00,2025-02-21 06:50:00+00:00,157.02,157.6,4396.879425593721,2550.190066844288,0.0025856578779772568,62,v3_long,timeout,False,A,True,0.018848700967906317,0.003222888747959709,0.0002024961793173682,0.14189189189189688,0.8581081081081031
NLMK,1,2025-02-21 20:20:00+00:00,2025-02-21 20:50:00+00:00,159.9,160.72,4328.850159183972,3549.6571305308275,0.00358974358974356,3,v3_long,opposite_signal,False,A,True,0.01137926722520941,0.004210762709485423,6.002250844066752e-05,0.24175824175824143,0.7582417582417585
NLMK,1,2025-03-03 19:20:00+00:00,2025-03-03 20:40:00+00:00,154.12,155.58,4507.318326271014,6580.684756355716,0.006631196470282932,8,v3_long,opposite_signal,False,A,True,0.014272739068379323,0.004128237515325314,7.78513040093451e-06,0.027272727272728448,0.9727272727272716
NLMK,-1,2025-03-03 21:00:00+00:00,2025-03-03 21:20:00+00:00,155.66,154.86,4492.3190272024785,3593.8552217619063,0.0035975844789926004,2,v3_short,opposite_signal,False,A,True,0.010792753436978074,0.0037260696389566873,6.55274315816548e-05,0.9523809523809451,0.04761904761905487
NLMK,-1,2025-03-05 10:40:00+00:00,2025-03-05 12:30:00+00:00,162.46,164.08460000000002,4319.771503321254,-7017.900784295775,-0.007000000000000065,11,v3_short,sl,False,A,True,0.011695186507448021,0.00431945790000482,-0.0002080512126061797,0.9473684210526347,0.052631578947365275
NLMK,-1,2025-03-25 20:40:00+00:00,2025-03-26 06:50:00+00:00,153.68,154.58,4534.601430768896,-4081.1412876920317,-0.004099427381572123,61,v3_short,timeout,False,A,True,0.021343050494534103,0.0031021258060746327,-0.0003969286829776099,0.9634146341463401,0.03658536585365991
NLMK,-1,2025-03-28 10:20:00+00:00,2025-03-28 10:50:00+00:00,142.8,144.228,4860.089278565682,-6940.207489791781,-0.006999999999999985,3,v3_short,sl,False,A,True,0.018067226890756388,0.004161664665866352,-9.80392156862729e-05,0.6976744186046522,0.3023255813953478
NLMK,-1,2025-03-31 20:20:00+00:00,2025-04-01 06:50:00+00:00,144.06,144.46,4783.858140610338,-1913.5432562441622,-0.0019436345966958486,63,v3_short,timeout,False,A,True,0.010409437890353921,0.003359345125975434,4.163775156145671e-06,0.839999999999994,0.16000000000000605
NLMK,-1,2025-04-02 19:50:00+00:00,2025-04-02 21:30:00+00:00,142.34,143.76340000000002,4832.254625944601,-6878.231234569617,-0.007000000000000075,10,v3_short,sl,False,A,True,0.015028089887640553,0.0040587021325383995,0.00014606741573033993,0.5514018691588779,0.4485981308411221
NLMK,-1,2025-04-15 10:20:00+00:00,2025-04-15 11:30:00+00:00,132.2,131.02,5166.477773016307,6096.44377215913,0.00624810892586978,7,v3_short,opposite_signal,False,A,True,0.014826021180030319,0.00361645414595491,7.715582450831936e-05,0.8469387755101989,0.15306122448980108
NLMK,-1,2025-04-16 12:40:00+00:00,2025-04-16 13:10:00+00:00,129.88,131.1788,5291.622052920135,-6872.758722332671,-0.007,3,v3_short,sl,False,A,True,0.014934565050038474,0.0032816452215990418,,0.8556701030927828,0.14432989690721726
NLMK,-1,2025-04-17 20:50:00+00:00,2025-04-17 23:40:00+00:00,132.78,134.1078,5139.8173002533085,-6824.649411276324,-0.006999999999999981,17,v3_short,sl,False,A,True,0.009640006025003775,0.0030370937349182506,-8.585630366018876e-05,0.9218750000000046,0.07812499999999549
NLMK,-1,2025-04-18 10:40:00+00:00,2025-04-18 10:50:00+00:00,132.96,132.36,5096.929050389145,3058.157430233458,0.0031588447653429297,1,v3_short,opposite_signal,False,A,True,0.010078219013236875,0.0031588447653429497,-0.0001835138387484956,0.6567164179104567,0.34328358208954335
NLMK,-1,2025-04-18 20:00:00+00:00,2025-04-18 23:50:00+00:00,131.4,130.84,5173.732090874461,2897.2899708897103,0.0029832572298325844,23,v3_short,weekend_exit,False,A,True,0.007001522070015125,0.0036498617711924817,-0.00023744292237442525,0.9565217391304428,0.04347826086955716
NLMK,-1,2025-04-25 20:10:00+00:00,2025-04-25 23:50:00+00:00,135.3,135.76,5039.589798377879,-2318.211307253721,-0.0023798965262378834,22,v3_short,weekend_exit,False,A,True,0.008131283264340585,0.0035029387272354066,6.357185097575501e-05,0.8727272727272845,0.12727272727271552
NLMK,1,2025-04-30 19:20:00+00:00,2025-04-30 22:30:00+00:00,128.8,130.38,5281.317948800073,8344.482359104031,0.008586956521739044,19,v3_long,opposite_signal,False,A,True,0.017083398043174537,0.0039776743124645495,0.00017704612517471444,0.09090909090909796,0.9090909090909021
NLMK,-1,2025-04-30 22:50:00+00:00,2025-05-02 06:50:00+00:00,130.72,130.28,5248.430916897355,2309.309603434824,0.0023561811505507834,192,v3_short,timeout,False,A,True,0.015601101254206119,0.003296271093325681,5.9651269501374486e-05,0.9705882352941164,0.02941176470588358
NLMK,-1,2025-05-15 20:30:00+00:00,2025-05-16 06:50:00+00:00,126.68,126.58,5428.571251809493,542.8571251809956,0.0005525734133249602,62,v3_short,timeout,False,A,True,0.013893274392169285,0.003434654569121619,0.00022734449005367818,0.5909090909090927,0.40909090909090723
NLMK,-1,2025-05-23 13:10:00+00:00,2025-05-23 21:10:00+00:00,117.6,116.74,5850.947331350794,5031.81470496168,0.005119047619047617,48,v3_short,timeout,False,A,True,0.018024145553477217,0.0031188752360411277,,0.6981132075471682,0.30188679245283184
NLMK,-1,2025-05-27 19:20:00+00:00,2025-05-28 06:50:00+00:00,114.74,114.62,6027.485414505199,723.2982497405656,0.0007320899424785883,69,v3_short,timeout,False,A,True,0.019177126917712718,0.003042011783793017,5.05578800557891e-05,0.9272727272727225,0.07272727272727754
NLMK,-1,2025-06-03 19:20:00+00:00,2025-06-04 06:50:00+00:00,118.92,120.48,5819.878786033846,-9079.010906212814,-0.00918264379414734,69,v3_short,gap_sl,False,A,True,0.012613521695257316,0.002986058197244585,-3.0272452068618706e-05,0.9866666666666694,0.01333333333333068
NLMK,-1,2025-06-05 10:20:00+00:00,2025-06-05 11:00:00+00:00,120.36,119.4,5697.446640086374,5469.548774482883,0.005583250249252207,4,v3_short,opposite_signal,False,A,True,0.022262834357866693,0.004050664957792391,1.6614055490953842e-06,0.8582089552238819,0.1417910447761181
NLMK,1,2025-06-05 19:40:00+00:00,2025-06-06 06:50:00+00:00,119.74,120.24,5758.922346274712,2879.461173137356,0.0029229998329714383,67,v3_long,timeout,False,A,True,0.017201068804275237,0.003326380652461387,0.00018871075484302096,0.15533980582523924,0.8446601941747608
NLMK,1,2025-06-18 19:30:00+00:00,2025-06-19 06:50:00+00:00,112.32,112.66,6157.309335506857,2093.4851740723525,0.0021189458689458906,68,v3_long,timeout,False,A,True,0.014066951566951553,0.003404994476423055,0.00011396011396011406,0.08860759493670033,0.9113924050632997
NLMK,-1,2025-06-27 20:30:00+00:00,2025-06-27 23:50:00+00:00,109.9,110.14,6306.227699599462,-1513.4946479038385,-0.0015286624203821333,20,v3_short,weekend_exit,False,A,True,0.011828935395814479,0.0030083006815101137,-0.00014922656960873396,1.0,0.0
NLMK,-1,2025-07-01 11:10:00+00:00,2025-07-01 11:20:00+00:00,114.2,114.0,6059.500682420736,1211.9001364841645,0.0012259194395797023,1,v3_short,opposite_signal,False,A,True,0.013660245183887936,0.004041492657955,0.0002381786339754815,0.5769230769230798,0.4230769230769203
NLMK,-1,2025-07-18 19:30:00+00:00,2025-07-18 23:50:00+00:00,112.82,113.66,6141.139053607402,-5158.556805030239,-0.005211841872008531,26,v3_short,weekend_exit,False,A,True,0.013472788512675023,0.0032524266575979783,0.0001453642971104402,1.0,0.0
NLMK,1,2025-09-26 11:10:00+00:00,2025-09-26 19:10:00+00:00,106.66,107.5,6461.95685603287,5428.043759067633,0.005512844552784572,48,v3_long,timeout,False,A,True,0.010500656291018231,0.0032886670801540604,-1.8751171948245702e-05,0.4464285714285696,0.5535714285714304
NLMK,1,2025-10-15 19:50:00+00:00,2025-10-16 06:50:00+00:00,97.0,97.28,7144.659266967146,2000.504594750809,0.002020618556701039,66,v3_long,timeout,False,A,True,0.012788778877887883,0.003338216474708689,3.919141914191373e-05,0.03225806451613384,0.9677419354838661
NLMK,-1,2025-10-28 19:50:00+00:00,2025-10-29 06:50:00+00:00,98.1,98.64,7078.820612763902,-3822.5631308925517,-0.003853211009174357,66,v3_short,timeout,False,A,True,0.01304791029561673,0.0031288356321121764,0.0002507645259938846,0.9374999999999903,0.06250000000000971
MTSS,1,2022-01-20 19:40:00+00:00,2022-01-21 06:50:00+00:00,276.9,274.2,2527.9884434814016,-6825.568797399756,-0.006825568797399755,67,v3_long,timeout,False,A,True,0.016793066088840656,0.0045474311067872355,0.00012459371614300947,0.19354838709677025,0.8064516129032298
MTSS,1,2022-01-25 20:10:00+00:00,2022-01-25 21:50:00+00:00,274.9,279.02349999999996,2529.0000066999646,10428.33152762725,0.010499999999999947,10,v3_long,tp,False,A,True,0.014550745725718444,0.004302120993905014,8.366678792288354e-05,0.8249999999999886,0.17500000000001137
MTSS,-1,2022-02-14 20:30:00+00:00,2022-02-14 21:50:00+00:00,284.4,280.13399999999996,2470.1896410378317,10537.829008667439,0.01050000000000005,8,v3_short,tp,False,A,True,0.01600140671707387,0.004668721717630223,0.00014418850008792063,0.8901098901098891,0.10989010989011098
MTSS,-1,2022-02-15 19:30:00+00:00,2022-02-16 06:50:00+00:00,285.7,287.0,2484.768688194703,-3230.1992946531423,-0.0031851592579629265,68,v3_short,timeout,False,A,True,0.006653825949921125,0.0037057022073406264,0.0001540886009455429,0.8421052631578869,0.15789473684211314
MTSS,-1,2022-02-16 11:40:00+00:00,2022-02-16 19:40:00+00:00,290.85,289.3,2432.9973344025075,3771.1458683239143,0.0037304452466907613,48,v3_short,timeout,False,A,True,0.015643802647412598,0.003343351532073047,,0.8241758241758325,0.1758241758241676
MTSS,-1,2023-02-01 13:20:00+00:00,2023-02-01 21:20:00+00:00,251.6,251.4,2823.0408458616694,564.6081691723018,0.0005564387917328777,48,v3_short,timeout,False,A,True,0.017100815271425665,0.0029921692280013984,,0.8023255813953494,0.19767441860465063
MTSS,-1,2023-02-17 13:20:00+00:00,2023-02-17 18:10:00+00:00,248.0,250.48,2865.614123133938,-7106.723025372136,-0.006999999999999971,29,v3_short,sl,False,A,True,0.016129032258064516,0.0036770353302611487,,0.8999999999999986,0.10000000000000142
MTSS,-1,2023-04-19 13:20:00+00:00,2023-04-19 16:40:00+00:00,270.05,265.99925,2613.210873613983,10585.463946291826,0.010499999999999983,20,v3_short,tp,False,A,True,0.023329013145713798,0.0030417647525590496,,0.8492063492063513,0.1507936507936487
MTSS,-1,2023-05-12 13:20:00+00:00,2023-05-12 21:20:00+00:00,274.3,275.15,2599.7354035066,-2209.7750929805215,-0.0021691578563615608,48,v3_short,timeout,False,A,True,0.018592781625957063,0.003984167491276503,,0.8431372549019592,0.15686274509804074
MTSS,-1,2023-10-25 13:20:00+00:00,2023-10-25 21:20:00+00:00,285.25,284.65,2494.515613029883,1496.7093678179865,0.0014723926380368656,48,v3_short,timeout,False,A,True,0.02261174408413688,0.0030299236258920707,,0.829457364341083,0.17054263565891706
MTSS,-1,2024-09-04 13:20:00+00:00,2024-09-04 19:00:00+00:00,190.25,192.1525,3745.641393819956,-7126.08275174248,-0.007000000000000012,34,v3_short,sl,False,A,True,0.016819973718791004,0.0037669732807709116,,0.8437499999999994,0.15625000000000056
MTSS,-1,2024-09-13 13:20:00+00:00,2024-09-13 13:30:00+00:00,194.7,191.77949999999998,3634.412004355557,10614.30025872042,0.010500000000000015,1,v3_short,tp,False,A,True,0.0161787365177196,0.0031183505759776946,,0.6984126984126935,0.30158730158730646
MTSS,-1,2024-11-26 22:20:00+00:00,2024-11-27 09:50:00+00:00,170.35,170.05,4197.534648835523,1259.260394650585,0.0012327560904020433,69,v3_short,timeout,False,A,True,0.01115023474178407,0.004766695410558581,-0.0005252347417840368,0.9210526315789446,0.07894736842105539
MTSS,-1,2025-02-14 19:40:00+00:00,2025-02-14 23:50:00+00:00,251.65,251.45,2844.949372960011,568.9898745920507,0.0005563282336579056,25,v3_short,weekend_exit,False,A,True,0.013709517186568602,0.004407644241881116,-0.00027021657063381726,0.7681159420289897,0.2318840579710103
MTSS,-1,2025-02-27 10:20:00+00:00,2025-02-27 11:30:00+00:00,248.85,246.85,2878.5605891806354,5757.121178361271,0.005625879043600563,7,v3_short,opposite_signal,False,A,True,0.01766713511343106,0.0035468112159539496,-6.424412768520468e-05,0.8522727272727262,0.14772727272727382
MTSS,-1,2025-03-03 22:30:00+00:00,2025-03-04 06:50:00+00:00,239.5,239.6,3007.7652920352984,-300.7765292035127,-0.00029227557411271824,50,v3_short,timeout,False,A,True,0.014196242171190003,0.0037322653487282162,-0.00018789144050104382,1.0,0.0
MTSS,1,2025-03-05 19:50:00+00:00,2025-03-05 22:30:00+00:00,247.35,244.8765,2911.4584348979647,-7201.49243872012,-0.0070000000000000045,16,v3_long,sl,False,A,True,0.013947847180109111,0.003444676839808079,0.0001677784515868217,0.10144927536231753,0.8985507246376825
MTSS,-1,2025-03-25 19:20:00+00:00,2025-03-26 06:50:00+00:00,237.55,239.15,3010.3481337188273,-4816.557013950107,-0.004714796884866327,69,v3_short,timeout,False,A,True,0.0155756682803621,0.003509465246843838,-0.00013260366238686497,0.9054054054054074,0.09459459459459263
MTSS,-1,2025-03-31 20:20:00+00:00,2025-04-01 06:50:00+00:00,227.85,227.2,3123.706865284803,2030.4094624351396,0.0019969278033794336,63,v3_short,timeout,False,A,True,0.007678806494076349,0.0029103348228277683,0.0002720491443615616,0.7142857142857143,0.2857142857142857
MTSS,-1,2025-04-02 19:40:00+00:00,2025-04-02 21:30:00+00:00,221.5,223.715,3219.6744734936665,-7131.578958788482,-0.007000000000000011,11,v3_short,sl,False,A,True,0.010830324909747318,0.0038817873719885257,-2.9332129963900457e-05,0.9583333333333358,0.0416666666666642
MTSS,-1,2025-04-11 19:30:00+00:00,2025-04-11 23:50:00+00:00,220.0,219.8,3218.935411853159,643.7870823705953,0.0006363636363636002,26,v3_short,weekend_exit,False,A,True,0.013636363636363636,0.003710575139146562,-0.00019090909090909038,0.8333333333333334,0.16666666666666666
MTSS,-1,2025-04-15 19:30:00+00:00,2025-04-16 06:50:00+00:00,214.5,214.75,3303.5731541508367,-825.8932885377092,-0.0008158508158508159,68,v3_short,timeout,False,A,True,0.019589552238805916,0.0036551934206518295,-0.00016557835820895576,0.7619047619047613,0.23809523809523875
MTSS,-1,2025-04-16 11:50:00+00:00,2025-04-16 13:50:00+00:00,214.15,216.2915,3306.272781991025,-7080.383162633806,-0.007000000000000025,12,v3_short,sl,False,A,True,0.015176278309596078,0.0032531714530313607,,0.8153846153846172,0.18461538461538288
MTSS,1,2025-04-16 20:50:00+00:00,2025-04-17 06:50:00+00:00,216.1,215.9,3253.5032302153377,-650.7006460430306,-0.0006478482184173626,60,v3_long,timeout,False,A,True,0.018505667360629193,0.0032148876205582815,0.000388619014573212,0.10000000000000142,0.8999999999999986
MTSS,-1,2025-04-23 13:10:00+00:00,2025-04-23 19:10:00+00:00,216.45,215.85,3246.1379422374885,1947.6827653424746,0.0019404019404019222,36,v3_short,opposite_signal,False,A,True,0.018022181146025905,0.0034536433505204687,,0.8589743589743563,0.14102564102564374
MTSS,-1,2025-06-04 19:50:00+00:00,2025-06-05 06:50:00+00:00,228.05,226.3,3086.9981825610353,5402.246819481812,0.005371629028721772,66,v3_short,timeout,False,A,True,0.024352786309785043,0.003031225653929852,-0.00041246160596752863,0.9369369369369381,0.0630630630630619
MTSS,-1,2025-07-07 19:50:00+00:00,2025-07-08 06:50:00+00:00,194.9,193.7,3631.4597655550606,4357.751718666134,0.004309902514109861,66,v3_short,timeout,False,A,True,0.00794871794871786,0.003291470434327579,0.00022820512820513055,0.8064516129032346,0.19354838709676533
TATN,-1,2022-01-11 12:20:00+00:00,2022-01-11 20:20:00+00:00,502.4,505.4,1393.312101910828,-4179.9363057324845,-0.004179936305732485,48,v3_short,timeout,False,A,True,0.012746464847639867,0.0030719463103450447,,0.953124999999998,0.04687500000000194
TATN,-1,2022-01-14 22:40:00+00:00,2022-01-14 23:50:00+00:00,495.2,498.1,1407.6616409248531,-4082.218758682122,-0.004099353796445928,7,v3_short,weekend_exit,False,A,True,0.012512613521695234,0.0050412899771412065,-2.0181634712439236e-06,0.8064516129032273,0.19354838709677272
TATN,1,2022-01-20 21:10:00+00:00,2022-01-20 23:40:00+00:00,483.1,478.269,1437.003708248623,-6942.164914549123,-0.007000000000000025,15,v3_long,sl,False,A,True,0.014489753674187538,0.005234053878226936,-0.00035603394742289476,0.1571428571428604,0.8428571428571396
TATN,-1,2022-02-03 11:00:00+00:00,2022-02-03 12:50:00+00:00,488.4,481.07399999999996,1411.4598198499702,10340.354640220912,0.010500000000000032,11,v3_short,tp,False,A,True,0.01494370522006132,0.0033326509723643795,-0.00023336745138178048,0.9315068493150681,0.06849315068493193
TATN,-1,2022-02-03 19:40:00+00:00,2022-02-03 19:50:00+00:00,487.1,482.9,1430.0866849987272,6006.364076994719,0.006035721617737696,1,v3_short,opposite_signal,False,A,True,0.014370765756518168,0.0037330473145940693,-3.900636419626313e-05,0.7857142857142857,0.21428571428571427
TATN,1,2022-02-03 20:10:00+00:00,2022-02-03 20:40:00+00:00,483.6,485.3,1449.1308501174033,2463.522445199569,0.002460711331679057,3,v3_long,opposite_signal,False,A,True,0.014474772539288668,0.003886666329062636,-6.823821339950277e-05,0.2857142857142857,0.7142857142857143
TATN,-1,2022-02-04 21:00:00+00:00,2022-02-04 23:50:00+00:00,491.6,490.8,1429.0564378120748,1143.245150249676,0.0011391375101708868,17,v3_short,weekend_exit,False,A,True,0.01058631921824102,0.0037642092667685835,-0.0001852605863192164,0.8653846153846173,0.13461538461538272
TATN,1,2022-02-10 21:00:00+00:00,2022-02-11 06:50:00+00:00,501.9,498.5,1401.3238024179932,-4764.500928221145,-0.004741980474198016,59,v3_long,timeout,False,A,True,0.01612903225806456,0.003039686603434684,0.00011748307447232134,0.23456790123456445,0.7654320987654356
TATN,1,2022-02-11 20:20:00+00:00,2022-02-11 21:30:00+00:00,489.0,484.11,1431.4708911734888,-6999.892657838341,-0.006999999999999981,7,v3_long,sl,False,A,True,0.013292433537832311,0.0037268895288176556,-6.3394683026583e-05,0.15384615384615385,0.8461538461538461
TATN,-1,2022-02-15 21:00:00+00:00,2022-02-16 06:50:00+00:00,496.7,498.5,1399.414819656431,-2518.946675381592,-0.0025367425005033387,59,v3_short,timeout,False,A,True,0.009865109724179654,0.003829355378148827,0.0001671028790014107,0.8775510204081595,0.12244897959184052
TATN,-1,2023-02-21 13:20:00+00:00,2023-02-21 21:20:00+00:00,317.2,315.8,2185.7694774608512,3060.077268445142,0.0030895334174022198,48,v3_short,timeout,False,A,True,0.017023959646910575,0.0034978682519665977,,0.7037037037037014,0.2962962962962986
TATN,-1,2023-04-05 13:20:00+00:00,2023-04-05 17:50:00+00:00,383.3,387.13300000000004,1814.4224689238026,-6954.681323384984,-0.007000000000000048,27,v3_short,sl,False,A,True,0.02111574556830037,0.004034460499528292,,0.8765432098765435,0.12345679012345645
TATN,-1,2023-05-24 13:20:00+00:00,2023-05-24 21:20:00+00:00,429.0,429.2,1609.7898727555341,-321.9579745510885,-0.00032634032634030775,48,v3_short,timeout,False,A,True,0.011660447761194029,0.0032427149964463255,,0.6,0.4
TATN,-1,2023-06-08 13:20:00+00:00,2023-06-08 21:20:00+00:00,473.8,471.2,1457.1010654916386,3788.462770278293,0.003841283241874242,48,v3_short,timeout,False,A,True,0.02005065428450823,0.003346800940722433,,0.7894736842105263,0.21052631578947367
TATN,-1,2023-12-05 13:20:00+00:00,2023-12-05 17:50:00+00:00,629.5,635.795,1100.9156612694728,-6930.2640876912865,-0.006999999999999954,27,v3_short,sl,False,A,True,0.011755361397934833,0.003131737206399618,,0.9594594594594654,0.04054054054053452
TATN,-1,2023-12-07 13:20:00+00:00,2023-12-07 21:20:00+00:00,631.4,627.0,1089.919581735428,4795.646159635859,0.00487804878048778,48,v3_short,timeout,False,A,True,0.021711568938193235,0.003939325333937074,,0.8978102189781033,0.10218978102189666
TATN,-1,2024-06-04 13:20:00+00:00,2024-06-04 17:00:00+00:00,685.6,692.456,1008.6525324088308,-6915.321762194938,-0.006999999999999994,22,v3_short,sl,False,A,True,0.01867250182348644,0.004035983467055679,,0.8281250000000048,0.17187499999999528
TATN,-1,2024-06-07 13:20:00+00:00,2024-06-07 13:30:00+00:00,698.7,705.687,982.8130112866148,-6866.9145098595445,-0.006999999999999965,1,v3_short,sl,False,A,True,0.014743773260807263,0.0034286259594017935,,0.7961165048543769,0.20388349514562315
TATN,-1,2024-06-11 13:20:00+00:00,2024-06-11 13:50:00+00:00,690.1,697.001,988.0953641922274,-6818.846108290515,-0.006999999999999952,3,v3_short,sl,False,A,True,0.032015065913371034,0.004263156805529692,,0.8868778280542987,0.11312217194570125
TATN,-1,2024-08-07 13:20:00+00:00,2024-08-07 15:50:00+00:00,608.7,614.787,1112.3893848418807,-6771.114185532515,-0.006999999999999985,15,v3_short,sl,False,A,True,0.016428454082470838,0.003191813936022902,,0.7900000000000091,0.20999999999999092
TATN,-1,2024-11-13 13:20:00+00:00,2024-11-13 15:00:00+00:00,596.3,587.3554999999999,1127.5727630779475,10085.57457935077,0.010500000000000072,10,v3_short,tp,False,A,True,0.01677289500167729,0.003761920736090443,,0.6899999999999977,0.3100000000000023
TATN,1,2025-02-27 19:30:00+00:00,2025-02-28 06:50:00+00:00,718.1,713.0,946.1517070448762,-4825.37370592889,-0.004971452443949332,68,v3_long,timeout,False,A,True,0.019629681191702664,0.003966280929746265,-0.0004218293192259464,0.3546099290780136,0.6453900709219864
TATN,-1,2025-03-03 19:50:00+00:00,2025-03-04 06:50:00+00:00,712.3,711.3,949.1138273687709,949.1138273687709,0.00098273199494595,66,v3_short,timeout,False,A,True,0.012770137524557988,0.004038101347752117,-0.0002624193095705904,0.8021978021977952,0.19780219780220482
TATN,-1,2025-03-04 19:20:00+00:00,2025-03-05 06:50:00+00:00,716.9,715.0,943.9505634173994,1793.5060704930374,0.0018552099316501384,69,v3_short,timeout,False,A,True,0.0185520993165017,0.003393294826648743,-0.00016738736225414982,0.7894736842105222,0.21052631578947772
TATN,-1,2025-03-06 20:30:00+00:00,2025-03-07 06:50:00+00:00,701.4,700.5,966.6005320263454,869.9404788236889,0.0008982035928143485,62,v3_short,timeout,False,A,True,0.013257305773342772,0.0032466871281655934,-2.851033499644269e-06,0.7204301075268779,0.2795698924731221
TATN,-1,2025-03-27 20:30:00+00:00,2025-03-28 06:50:00+00:00,682.5,675.9,994.2601780197147,6562.117174930139,0.006769230769230792,62,v3_short,timeout,False,A,True,0.008648490178833153,0.0030334033349487407,-2.9316915860424817e-06,0.9322033898305121,0.06779661016948793
TATN,-1,2025-04-02 19:30:00+00:00,2025-04-02 19:30:00+00:00,650.6,657.106,1050.0707862294903,-6831.760535209034,-0.006999999999999969,0,v3_short,sl,False,A,True,0.01860393603936043,0.004785124381856046,-0.000352091020910207,0.8677685950413206,0.13223140495867933
TATN,-1,2025-04-04 10:40:00+00:00,2025-04-04 11:00:00+00:00,654.0,650.9,1037.299420712936,3215.6282042101247,0.003318042813455682,2,v3_short,opposite_signal,False,A,True,0.009478672985781885,0.0032969297341850267,3.974927381134244e-05,0.8709677419354898,0.1290322580645102
TATN,-1,2025-04-11 19:20:00+00:00,2025-04-11 23:50:00+00:00,682.5,686.9,997.2817009365672,-4388.039484120873,-0.004512820512820489,27,v3_short,weekend_exit,False,A,True,0.018605332552006932,0.004511561436763378,0.00014503369469674905,0.8582677165354359,0.1417322834645641
TATN,1,2025-04-14 19:30:00+00:00,2025-04-15 06:50:00+00:00,684.0,684.0,990.6039959800037,0.0,0.0,68,v3_long,timeout,False,A,True,0.015940333430827694,0.003832126591496502,7.60456273764232e-05,0.2660550458715581,0.7339449541284419
TATN,-1,2025-04-17 20:40:00+00:00,2025-04-17 21:00:00+00:00,687.7,694.577,985.2742958416786,-6775.731332503177,-0.006999999999999951,2,v3_short,sl,False,A,True,0.019194416169841567,0.0030388191338771974,-0.0001715864475788855,0.848484848484849,0.151515151515151
TATN,-1,2025-04-29 21:00:00+00:00,2025-04-30 06:50:00+00:00,722.0,721.9,931.8976749550836,93.18976749552955,9.695290858727968e-05,59,v3_short,timeout,False,A,True,0.02133259454218033,0.003725995177126111,-0.0001537609087131169,0.8441558441558454,0.1558441558441546
TATN,1,2025-04-30 19:20:00+00:00,2025-04-30 22:40:00+00:00,707.5,718.1125,951.0888397947945,10093.430312322213,0.010499999999999954,20,v3_long,tp,False,A,True,0.017662851490744664,0.004299642705746981,-0.0002147802741274558,0.03199999999999818,0.9680000000000019
TATN,-1,2025-05-05 20:40:00+00:00,2025-05-06 06:50:00+00:00,682.2,683.3,996.7176126846124,-1096.389373952983,-0.0011287012606272886,61,v3_short,timeout,False,A,True,0.012459689240691879,0.0038800040684699604,-0.00032981530343007914,1.0,0.0
TATN,-1,2025-05-06 19:20:00+00:00,2025-05-07 06:50:00+00:00,690.3,686.3,983.9103039427432,3935.641215770973,0.004056207446037955,69,v3_short,timeout,False,A,True,0.012023757786469585,0.0035654418221004055,0.00020136172678545362,0.8192771084337339,0.18072289156626606
TATN,1,2025-05-07 21:10:00+00:00,2025-05-07 23:30:00+00:00,686.7,692.5,993.0802849318701,5759.865652604802,0.005912334352701279,14,v3_long,opposite_signal,False,A,True,0.016013975833454652,0.004070342651545991,0.0001135536468190414,0.009090909090911158,0.9909090909090889
TATN,-1,2025-05-12 19:20:00+00:00,2025-05-13 06:50:00+00:00,717.9,720.6,955.53717456406,-2579.9503713230056,-0.0026326786460510268,69,v3_short,timeout,False,A,True,0.012809802283486556,0.0029722833159997503,-0.00010303536619326219,0.8260869565217375,0.17391304347826247
TATN,-1,2025-05-15 21:20:00+00:00,2025-05-16 06:50:00+00:00,696.1,695.0,982.8676517161507,1081.154416887788,0.001106162907628237,57,v3_short,timeout,False,A,True,0.010051694428489374,0.0031151461158846097,-9.046524985640371e-05,0.8428571428571396,0.1571428571428604
TATN,-1,2025-06-19 19:20:00+00:00,2025-06-20 06:50:00+00:00,658.7,654.7,1039.8223477325548,4159.289390930219,0.004250797024442082,69,v3_short,timeout,False,A,True,0.0200394716866556,0.003023890594646847,-0.00019584029148322246,0.7878787878787921,0.21212121212120794
TATN,-1,2025-10-13 19:40:00+00:00,2025-10-14 09:50:00+00:00,591.9,583.0215,1162.0923855804783,10317.637245376312,0.010500000000000035,85,v3_short,gap_tp,False,A,True,0.010474742355127633,0.003834072909447616,-1.689474573406134e-06,0.9516129032257958,0.0483870967742042
TATN,-1,2025-10-22 12:20:00+00:00,2025-10-22 16:10:00+00:00,590.9,582.0364999999999,1176.2816535739528,10425.972436452783,0.010500000000000054,23,v3_short,tp,False,A,True,0.01742219215155627,0.0034700865215073627,,0.7281553398058204,0.2718446601941796
TATN,-1,2025-10-28 19:40:00+00:00,2025-10-29 06:50:00+00:00,519.5,522.3,1351.998093941031,-3785.594663034825,-0.003772858517805521,67,v3_short,timeout,False,A,True,0.01675009626492115,0.003477324699614159,-7.508663842895824e-05,0.6551724137931052,0.34482758620689474
TATN,-1,2025-10-30 10:20:00+00:00,2025-10-30 10:20:00+00:00,536.1,533.8,1305.191370151541,3001.940151348633,0.0030031710501772944,0,v3_short,opposite_signal,False,A,True,0.018093639246409336,0.003153285190218588,-0.00010632344711807583,0.7525773195876324,0.24742268041236762
CHMF,-1,2022-01-19 19:30:00+00:00,2022-01-20 06:50:00+00:00,1487.0,1494.0,470.74646940147943,-3295.225285810356,-0.003295225285810356,68,v3_short,timeout,False,A,True,0.02394082044384661,0.006752398336604306,0.000242098184263618,0.8988764044943843,0.10112359550561568
CHMF,1,2022-01-27 21:10:00+00:00,2022-01-28 06:50:00+00:00,1461.8,1474.0,477.28372027632565,5822.861387371195,0.005842112464085397,58,v3_long,timeout,False,A,True,0.020947426067907934,0.006119096050249225,0.00039978094194961734,0.254901960784313,0.745098039215687
CHMF,1,2022-01-28 23:00:00+00:00,2022-01-28 23:40:00+00:00,1469.4,1475.6,477.5890467341041,2961.0520897513584,0.0029535864978902085,4,v3_long,opposite_signal,False,A,True,0.011170140307860026,0.003447230956133989,-2.4519820187984665e-05,0.21951219512195833,0.7804878048780417
CHMF,1,2022-01-31 19:20:00+00:00,2022-02-01 06:50:00+00:00,1502.2,1508.4,468.5408612261474,2904.953339602135,0.0028890959925442898,69,v3_long,timeout,False,A,True,0.013846358673944851,0.003456155461785298,0.00014378910930635007,0.14423076923076955,0.8557692307692305
CHMF,1,2022-02-01 20:10:00+00:00,2022-02-02 06:50:00+00:00,1523.0,1539.4,463.47705126174657,7601.023640692686,0.007537754432042064,64,v3_long,timeout,False,A,True,0.011815675462780622,0.003239263409184065,0.0003282132072994617,0.011111111111113637,0.9888888888888864
CHMF,1,2022-02-09 19:30:00+00:00,2022-02-10 06:50:00+00:00,1670.6,1679.8,425.7130765115078,3916.560303905891,0.0038549024302645947,68,v3_long,timeout,False,A,True,0.014364376346660284,0.004152965950565028,0.0002465884606176671,0.10833333333332955,0.8916666666666705
CHMF,1,2022-02-10 22:10:00+00:00,2022-02-11 06:50:00+00:00,1652.4,1640.0,432.06115821402744,-5357.5583618539795,-0.005252965383684376,52,v3_long,timeout,False,A,True,0.01270724918310541,0.0035417289268363764,0.00017669127435555987,0.11428571428571861,0.8857142857142813
CHMF,-1,2022-02-11 10:50:00+00:00,2022-02-11 11:00:00+00:00,1646.8,1646.4,431.25307686395513,172.50123074552323,0.0001700267184842753,1,v3_short,opposite_signal,False,A,True,0.01323940240495564,0.003309850601238921,-0.00012024778331106357,0.8165137614678896,0.18348623853211046
CHMF,-1,2022-02-11 11:20:00+00:00,2022-02-11 11:40:00+00:00,1645.8,1634.4,431.5884784549054,4920.108654385863,0.0048487057965730385,2,v3_short,opposite_signal,False,A,True,0.013242619365812145,0.00350526689975117,-8.504434455108736e-05,0.7706422018348619,0.2293577981651381
CHMF,1,2022-02-11 20:20:00+00:00,2022-02-11 21:30:00+00:00,1630.0,1613.7,437.88490423260936,-7137.523938991512,-0.006999999999999979,7,v3_long,sl,False,A,True,0.018036809815950836,0.0037260548391135585,1.2269938650306748e-05,0.12925170068027117,0.8707482993197289
CHMF,-1,2023-02-16 22:50:00+00:00,2023-02-17 09:50:00+00:00,974.0,971.0,727.6756952175147,2183.027085652544,0.00215605749486653,66,v3_short,timeout,False,A,True,0.015400410677618069,0.0033692327033482765,-0.0002566735112936345,0.9333333333333333,0.06666666666666667
CHMF,-1,2023-02-22 13:20:00+00:00,2023-02-22 17:00:00+00:00,1017.4,1027.574,698.1366680772716,-7102.842461018225,-0.007000000000000063,22,v3_short,sl,False,A,True,0.015723270440251572,0.003958894878706195,,0.8374999999999986,0.16250000000000142
CHMF,-1,2023-05-12 13:20:00+00:00,2023-05-12 21:20:00+00:00,987.6,986.8,714.1679388204772,571.3343510564305,0.0005670311867153176,48,v3_short,timeout,False,A,True,0.017614901801984186,0.0037408767921017325,,0.655172413793103,0.344827586206897
CHMF,-1,2023-08-01 13:20:00+00:00,2023-08-01 21:20:00+00:00,1378.0,1367.2,512.1278595245594,5530.9808828652185,0.005486211901306218,48,v3_short,timeout,False,A,True,0.020319303338171262,0.0036008017140092548,,0.9357142857142874,0.06428571428571266
CHMF,-1,2023-08-15 13:20:00+00:00,2023-08-15 21:20:00+00:00,1324.8,1314.6,535.615849217126,5463.28166201471,0.0053894927536232125,48,v3_short,timeout,False,A,True,0.027924528301886794,0.006080862533692749,,0.7513513513513501,0.24864864864864988
CHMF,-1,2023-10-04 13:20:00+00:00,2023-10-04 15:10:00+00:00,1370.0,1383.7,520.7358935812108,-7134.081742062612,-0.0070000000000000236,11,v3_short,sl,False,A,True,0.020437956204379562,0.0035106013208203064,,0.8928571428571429,0.10714285714285714
CHMF,-1,2023-10-05 13:20:00+00:00,2023-10-05 21:20:00+00:00,1379.0,1367.4,513.71596590777,5959.105204530086,0.005888324873096399,48,v3_short,timeout,False,A,True,0.01740391588107324,0.0034807831762146625,,0.7916666666666666,0.20833333333333334
CHMF,-1,2023-11-03 13:20:00+00:00,2023-11-03 20:00:00+00:00,1360.2,1373.8020000000001,523.8830250183694,-7125.856906299907,-0.007000000000000045,40,v3_short,sl,False,A,True,0.01764705882352941,0.003242296918767504,,0.8000000000000019,0.1999999999999981
CHMF,-1,2023-12-20 13:20:00+00:00,2023-12-20 21:20:00+00:00,1324.4,1328.0,534.2778547233283,-1923.4002770039335,-0.0019027484143762734,48,v3_short,timeout,False,A,True,0.015856236786469344,0.003681810990781069,,0.68571428571429,0.31428571428570995
CHMF,-1,2024-01-19 13:20:00+00:00,2024-01-19 14:40:00+00:00,1547.8,1563.278,456.29358483116255,-7062.512106016764,-0.0070000000000000305,8,v3_short,sl,False,A,True,0.015505879312572685,0.003273463410432,,0.9499999999999981,0.0500000000000019
CHMF,1,2024-07-26 22:20:00+00:00,2024-07-26 23:50:00+00:00,1430.2,1443.6,490.3562104093565,6570.77321948531,0.006558523283456792,9,v3_long,weekend_exit,False,A,True,0.007411550832051398,0.0035017223222668864,-0.00017759753880576204,0.018867924528306337,0.9811320754716937
CHMF,-1,2024-08-07 13:20:00+00:00,2024-08-07 17:00:00+00:00,1372.0,1385.72,514.5094703943887,-7059.069933811027,-0.007000000000000013,22,v3_short,sl,False,A,True,0.01661807580174924,0.004081632653061221,,0.8245614035087716,0.17543859649122842
CHMF,-1,2024-08-09 13:20:00+00:00,2024-08-09 21:20:00+00:00,1391.2,1380.0,503.8568461956826,5643.196677391667,0.005635422656699274,48,v3_short,timeout,False,A,True,0.01437607820586544,0.0031969659629233816,,0.8100000000000023,0.18999999999999773
CHMF,-1,2024-08-15 13:20:00+00:00,2024-08-15 21:20:00+00:00,1398.4,1383.2,504.0874442946279,7662.129153278367,0.007608695652173934,48,v3_short,timeout,False,A,True,0.014302059496567505,0.0038887980821619202,,0.6700000000000046,0.32999999999999546
CHMF,-1,2024-09-24 13:20:00+00:00,2024-09-24 15:50:00+00:00,1318.0,1298.23,538.9069594149489,10654.19058763353,0.010499999999999989,15,v3_short,tp,False,A,True,0.021244309559939303,0.003902016041621496,,0.75,0.25
CHMF,-1,2024-10-08 13:20:00+00:00,2024-10-08 15:20:00+00:00,1218.6,1230.7859999999998,588.9851517481095,-7177.373059202417,-0.006999999999999956,12,v3_short,sl,False,A,True,0.013943569553805773,0.0036245469316335617,,0.8588235294117593,0.14117647058824065
CHMF,-1,2024-12-19 22:00:00+00:00,2024-12-20 09:50:00+00:00,1045.8,1041.8,681.5004253000617,2726.0017012002468,0.0026773761713520753,71,v3_short,timeout,False,A,True,0.01893287435456106,0.0035594272132260666,-9.753298909925678e-05,0.8585858585858606,0.14141414141413944
CHMF,-1,2024-12-23 23:10:00+00:00,2024-12-24 09:50:00+00:00,1150.8,1151.0,620.9778814473799,-124.19557628950422,-0.00012165450121657269,64,v3_short,timeout,False,A,True,0.013900955690703735,0.003283746165712159,-0.00042745438748914224,0.8875000000000028,0.11249999999999716
CHMF,-1,2024-12-25 22:00:00+00:00,2024-12-26 09:50:00+00:00,1155.4,1161.4,618.4303350062679,-3710.5820100376077,-0.0036351047256361433,71,v3_short,timeout,False,A,True,0.011764705882352863,0.0043429136360426486,0.00022837370242214611,0.9117647058823657,0.08823529411763427
CHMF,-1,2025-01-29 11:20:00+00:00,2025-01-29 19:20:00+00:00,1267.2,1254.2,561.8189722689517,7303.646639496372,0.007181186868686868,48,v3_short,timeout,False,A,True,0.017048145224940733,0.003694934081674396,3.788476716653656e-05,0.7777777777777789,0.22222222222222104
CHMF,-1,2025-02-11 12:40:00+00:00,2025-02-11 14:10:00+00:00,1211.0,1223.11,592.1135873714807,-7170.495543068571,-0.006999999999999942,9,v3_short,sl,False,A,True,0.013047068538398168,0.003260587471983046,,0.7848101265822752,0.2151898734177248
CHMF,-1,2025-02-20 13:10:00+00:00,2025-02-20 18:30:00+00:00,1352.4,1346.8,526.4937943113835,2948.3652481438194,0.002898550724637752,32,v3_short,opposite_signal,False,A,True,0.016565596805206396,0.0034836017717715245,,0.9285714285714329,0.07142857142856708
CHMF,1,2025-02-20 19:20:00+00:00,2025-02-21 06:50:00+00:00,1346.0,1347.0,530.5305075040235,530.5305075040235,0.0005200594353640416,69,v3_long,timeout,False,A,True,0.013079667063020148,0.0035338154286684883,-2.9726516052318672e-05,0.21590909090908944,0.7840909090909105
CHMF,-1,2025-02-21 21:00:00+00:00,2025-02-21 23:10:00+00:00,1372.0,1385.72,520.7474012067554,-7144.654344556699,-0.007000000000000013,13,v3_short,sl,False,A,True,0.012538270884968688,0.003918581574633052,-2.9158769499930417e-05,0.8372093023255844,0.16279069767441554
CHMF,-1,2025-02-24 19:30:00+00:00,2025-02-24 22:50:00+00:00,1404.4,1418.4440000000002,505.1724411951572,-7094.641764144836,-0.007000000000000048,20,v3_short,sl,False,A,True,0.01694673882084873,0.0036823045937258393,-8.117345485616374e-05,0.7983193277310939,0.20168067226890604
CHMF,1,2025-03-27 22:00:00+00:00,2025-03-28 06:50:00+00:00,1198.2,1200.0,587.963551309946,1058.334392357876,0.001051577366049047,53,v3_long,timeout,False,A,True,0.009180437322650642,0.0032531790883604354,-0.00034384910699382257,0.07272727272726859,0.9272727272727314
CHMF,1,2025-04-02 19:30:00+00:00,2025-04-02 20:10:00+00:00,1148.6,1155.4,613.9985732667839,4175.190298214242,0.004144175518022051,4,v3_long,opposite_signal,False,A,True,0.016364902506963947,0.0047218748223523425,0.00012012534818941662,0.15957446808510484,0.8404255319148951
CHMF,-1,2025-04-02 21:10:00+00:00,2025-04-03 06:50:00+00:00,1159.0,1161.4,611.01069410093,-1466.4256658422876,-0.001449525452976759,58,v3_short,timeout,False,A,True,0.013807386952019331,0.00419857276704261,6.385916465308626e-05,0.8375000000000057,0.16249999999999432
CHMF,-1,2025-04-11 19:30:00+00:00,2025-04-11 21:50:00+00:00,1056.2,1048.2,669.5085177967129,5356.068142373703,0.005302026131414505,14,v3_short,opposite_signal,False,A,True,0.015906078394243472,0.004965818935034709,9.278545729975556e-05,0.8928571428571452,0.10714285714285472
CHMF,-1,2025-04-15 10:30:00+00:00,2025-04-15 11:10:00+00:00,1042.0,1026.37,682.2304646799903,10663.262162948322,0.010500000000000074,4,v3_short,tp,False,A,True,0.01765834932821506,0.003960914325597625,0.00012092130518234077,0.652173913043475,0.34782608695652495
CHMF,-1,2025-04-15 20:50:00+00:00,2025-04-16 06:50:00+00:00,1037.8,1043.4,692.1838771541854,-3876.229712063533,-0.00377722104451734,60,v3_short,timeout,False,A,True,0.00828676045480816,0.004047022547697034,-9.635767970711646e-06,0.9069767441860508,0.09302325581394918
CHMF,1,2025-04-16 20:50:00+00:00,2025-04-17 06:50:00+00:00,1042.6,1041.4,686.3946546251383,-823.6735855500411,-0.0008056781124111574,60,v3_long,timeout,False,A,True,0.015541059094397586,0.0038412141525834935,0.0003491941673062216,0.1481481481481393,0.8518518518518607
CHMF,-1,2025-04-17 21:00:00+00:00,2025-04-18 06:50:00+00:00,1056.2,1055.8,677.0105050201516,270.8042020081222,0.00026510130657078553,59,v3_short,timeout,False,A,True,0.02101476713366132,0.0038289454365615823,-3.7864445285842126e-06,0.7117117117117155,0.2882882882882845
CHMF,-1,2025-04-18 20:10:00+00:00,2025-04-18 23:40:00+00:00,1030.0,1022.4,694.4155906249416,5277.5584887495725,0.005165048543689336,21,v3_short,opposite_signal,False,A,True,0.012815533980582458,0.004715672676837724,-0.00040194174757281643,0.712121212121214,0.2878787878787859
CHMF,-1,2025-04-23 19:50:00+00:00,2025-04-23 22:40:00+00:00,1068.2,1059.8,673.0409560810846,5653.544031081172,0.005504587155963363,17,v3_short,opposite_signal,False,A,True,0.01609281437125753,0.004078577538799941,-0.000241392215568864,0.7674418604651169,0.2325581395348831
CHMF,1,2025-04-23 23:10:00+00:00,2025-04-24 07:10:00+00:00,1060.8,1057.8,681.4666573412248,-2044.3999720236745,-0.0019796380090497737,48,v3_long,timeout,False,A,True,0.01678295304544593,0.003952325791715875,-4.148595134829857e-05,0.14606741573033236,0.8539325842696677
CHMF,1,2025-04-30 19:40:00+00:00,2025-04-30 22:00:00+00:00,1038.8,1054.3819999999998,694.5213228024209,10822.031251907238,0.010499999999999919,14,v3_long,tp,False,A,True,0.014833365440185023,0.004784576130587081,0.00036601810826430796,0.05194805194804869,0.9480519480519514
CHMF,-1,2025-05-15 20:30:00+00:00,2025-05-16 06:50:00+00:00,1029.8,1031.8,707.947341234696,-1415.894682469392,-0.0013594872790833172,62,v3_short,timeout,False,A,True,0.010683760683760575,0.003520289234574945,4.662004662004398e-05,0.7454545454545469,0.254545454545453
CHMF,1,2025-05-16 20:40:00+00:00,2025-05-16 23:40:00+00:00,1017.4,1027.2,715.6015782639682,7012.895466986937,0.006742677413013611,18,v3_long,opposite_signal,False,A,True,0.01356398663259295,0.003911531193959782,-6.290544525260557e-05,0.0,1.0
CHMF,1,2025-05-22 19:40:00+00:00,2025-05-23 06:50:00+00:00,990.8,996.0,739.7679375783731,3846.7932754075737,0.003673798950343189,67,v3_long,timeout,False,A,True,0.018570851836899452,0.0033450602687582973,0.00010092854259184498,0.15217391304347597,0.8478260869565241
CHMF,1,2025-05-29 19:20:00+00:00,2025-05-29 21:20:00+00:00,992.2,982.278,741.4380445932649,-7356.548278454393,-0.0070000000000000175,12,v3_long,sl,False,A,True,0.013908486192299892,0.003241611097170168,0.00018947792783712916,0.15942028985507628,0.8405797101449237
CHMF,-1,2025-05-30 12:30:00+00:00,2025-05-30 14:10:00+00:00,993.6,1003.5360000000001,735.2105918382844,-7305.052440505219,-0.007000000000000024,10,v3_short,sl,False,A,True,0.0118783974229917,0.003221260318099452,,0.7966101694915265,0.20338983050847342
CHMF,-1,2025-06-04 20:40:00+00:00,2025-06-05 06:50:00+00:00,1066.0,1050.01,680.4800256493112,10880.875610132493,0.010500000000000006,61,v3_short,gap_tp,False,A,True,0.014446529080675508,0.0037868055289657894,1.6885553470916764e-05,0.8051948051948064,0.19480519480519365
CHMF,-1,2025-06-05 10:20:00+00:00,2025-06-05 18:20:00+00:00,1062.6,1053.0,689.8252590525677,6622.322486904587,0.006324110671936699,48,v3_short,timeout,False,A,True,0.019198193111236463,0.004060122072544439,8.281573498964975e-05,0.7941176470588199,0.20588235294118007
CHMF,1,2025-06-16 19:20:00+00:00,2025-06-17 06:50:00+00:00,988.8,989.2,745.9991363370668,298.3996545348946,0.0002831715210356631,69,v3_long,timeout,False,A,True,0.011729019211324593,0.0032108293266750543,0.0001456016177957542,0.03448275862068763,0.9655172413793124
CHMF,-1,2025-06-19 20:30:00+00:00,2025-06-20 06:50:00+00:00,1015.2,1013.0,726.8053839324921,1598.9718446515155,0.001516942474389314,62,v3_short,timeout,False,A,True,0.0049261083743842365,0.0029958781542173472,-0.0002226600985221666,0.8800000000000182,0.11999999999998182
CHMF,-1,2025-08-12 19:40:00+00:00,2025-08-13 06:50:00+00:00,1111.4,1108.8,664.9020209281285,1728.745254413225,0.001637574230700104,67,v3_short,timeout,False,A,True,0.013498920086393088,0.0034491118261559474,-0.00026457883369330126,0.9600000000000061,0.039999999999993936
CHMF,-1,2025-10-09 21:00:00+00:00,2025-10-10 06:50:00+00:00,929.4,930.8,796.4086805870576,-1114.9721528218624,-0.0010544437271357693,59,v3_short,timeout,False,A,True,0.006673842841765265,0.0038311987873728528,0.0006329386437029059,0.8387096774193531,0.16129032258064693
CHMF,-1,2025-10-10 11:40:00+00:00,2025-10-10 16:20:00+00:00,927.0,913.095,797.6286377892513,11091.026208459518,0.01049999999999998,28,v3_short,tp,False,A,True,0.01359223300970864,0.0032064873712011406,,0.8571428571428598,0.14285714285714027
CHMF,1,2025-10-15 20:20:00+00:00,2025-10-16 06:50:00+00:00,873.8,876.2,855.0760649766054,2052.1825559439308,0.001922636758983822,63,v3_long,timeout,False,A,True,0.008007320979180966,0.003959305067256817,-0.00013726835964310226,0.08571428571427273,0.9142857142857272
SNGS,-1,2022-01-12 20:50:00+00:00,2022-01-13 06:50:00+00:00,40.805,40.95,17154.76044602377,-2487.4402646735,-0.0024874402646735,60,v3_short,timeout,False,A,True,0.01409141036637674,0.003395942374008791,0.000252420046562918,0.8782608695652175,0.1217391304347825
SNGS,-1,2022-02-01 12:00:00+00:00,2022-02-01 18:00:00+00:00,36.455,35.908175,19153.99236907773,10473.881877220898,0.01049999999999997,36,v3_short,tp,False,A,True,0.015481572818194407,0.0037256539782294625,,0.7876106194690203,0.2123893805309797
SNGS,1,2022-02-02 19:20:00+00:00,2022-02-03 06:50:00+00:00,35.76,35.76,19731.27821948499,0.0,0.0,69,v3_long,timeout,False,A,True,0.028107956929100696,0.003444644533802883,6.572507341630525e-05,0.08955223880596688,0.9104477611940331
SNGS,-1,2022-02-03 11:50:00+00:00,2022-02-03 19:50:00+00:00,35.72,35.395,19753.373715811398,6419.84645763862,0.0063689809630458295,48,v3_short,timeout,False,A,True,0.01471206389239172,0.0031432441268506926,,0.7619047619047613,0.23809523809523875
SNGS,-1,2022-09-28 22:20:00+00:00,2022-09-29 09:50:00+00:00,18.265,18.415,38876.78081845772,-5831.517122768603,-0.005748699698877581,69,v3_short,timeout,False,A,True,0.011220580186097335,0.005132759179205342,-0.00030377668308702776,0.9756097560975656,0.024390243902434376
SNGS,-1,2022-10-28 13:20:00+00:00,2022-10-28 14:00:00+00:00,21.08,21.290799999999997,33491.572090284266,-7060.023396631889,-0.006999999999999967,4,v3_short,sl,False,A,True,0.01707779886148005,0.003512695400740933,,0.8888888888888812,0.1111111111111188
SNGS,-1,2023-01-10 13:20:00+00:00,2023-01-10 21:20:00+00:00,21.52,21.47,32577.152569031132,1628.8576284515798,0.001626394052044633,48,v3_short,timeout,False,A,True,0.02277480827329779,0.0038732667131458755,,0.7959183673469367,0.20408163265306328
SNGS,-1,2023-03-22 13:20:00+00:00,2023-03-22 21:20:00+00:00,23.06,23.0,30451.020105180658,1827.0612063108006,0.0018213356461404644,48,v3_short,timeout,False,A,True,0.01431049436253245,0.003252385082393769,,0.6363636363636315,0.36363636363636853
SNGS,-1,2023-05-12 13:20:00+00:00,2023-05-12 21:20:00+00:00,23.92,23.825,29409.676691884757,2793.9192857291227,0.0027801003344482306,48,v3_short,timeout,False,A,True,0.018189420865565492,0.004012225839530865,,0.7356321839080487,0.2643678160919512
SNGS,-1,2023-05-19 13:20:00+00:00,2023-05-19 21:20:00+00:00,24.47,24.27,28828.57417122574,5765.714834245127,0.0057212913771965464,48,v3_short,timeout,False,A,True,0.02167245961970972,0.004264392324093812,,0.8490566037735817,0.15094339622641825
SNGS,-1,2023-05-31 13:20:00+00:00,2023-05-31 21:20:00+00:00,24.445,24.395,29023.162624416673,1451.1581312208543,0.001431785641235447,48,v3_short,timeout,False,A,True,0.01840867253016974,0.0034966737768946706,,0.8666666666666692,0.1333333333333307
SNGS,-1,2023-08-29 13:20:00+00:00,2023-08-29 21:20:00+00:00,31.45,31.32,22591.00225900541,2936.830293670681,0.002893481717011107,48,v3_short,timeout,False,A,True,0.02257551669316378,0.003626315391021289,,0.8873239436619693,0.11267605633803064
SNGS,-1,2023-09-29 13:20:00+00:00,2023-09-29 14:10:00+00:00,30.62,30.9262,23270.50301277889,-7125.428022512907,-0.007000000000000011,5,v3_short,sl,False,A,True,0.028077048645119146,0.005114811187289138,,0.8837209302325605,0.11627906976743946
SNGS,-1,2023-10-04 13:20:00+00:00,2023-10-04 14:30:00+00:00,33.785,34.12285,20942.87413454286,-7075.55002635537,-0.007000000000000064,7,v3_short,sl,False,A,True,0.021015243451235784,0.005792934311507642,,0.8732394366197137,0.12676056338028635
SNGS,-1,2023-10-05 23:30:00+00:00,2023-10-06 09:50:00+00:00,33.83,33.925,20768.61122131486,-1973.018066024888,-0.0019657109074785457,62,v3_short,timeout,False,A,True,0.01197870452528841,0.00306031906995272,-2.070393374740999e-05,0.9506172839506097,0.0493827160493903
SNGS,-1,2023-11-28 13:20:00+00:00,2023-11-28 21:20:00+00:00,31.805,31.895,22047.508409711187,-1984.2757568740037,-0.001980820625687782,48,v3_short,timeout,False,A,True,0.013356379635449426,0.0032100206518811004,,0.7647058823529382,0.23529411764706176
SNGS,-1,2024-02-22 13:20:00+00:00,2024-02-22 17:10:00+00:00,29.065,28.629025000000002,24078.17003065723,10497.480179115764,0.010499999999999976,23,v3_short,tp,False,A,True,0.013076393668272629,0.0035312817487628246,,0.9078947368421055,0.0921052631578945
SNGS,-1,2024-04-12 13:20:00+00:00,2024-04-12 21:20:00+00:00,31.705,31.635,22305.00703568628,1561.3504924979668,0.0015454975555905287,48,v3_short,timeout,False,A,True,0.0260211323135152,0.004055241399508881,,0.769696969696968,0.23030303030303206
SNGS,-1,2024-04-26 13:20:00+00:00,2024-04-26 14:50:00+00:00,33.77,33.263450000000006,20973.443689996508,10624.097901167672,0.01049999999999994,9,v3_short,tp,False,A,True,0.016878886585726983,0.003348985433675997,,0.824561403508782,0.175438596491218
SNGS,-1,2024-06-05 13:20:00+00:00,2024-06-05 14:10:00+00:00,29.09,28.65365,24603.302232451,10735.650929130015,0.010500000000000021,5,v3_short,tp,False,A,True,0.020622100017185133,0.005286458972659369,,0.6499999999999994,0.3500000000000006
SNGS,-1,2024-06-26 13:20:00+00:00,2024-06-26 21:20:00+00:00,28.285,28.15,25569.20691505712,3451.842933532751,0.0033409934594308324,48,v3_short,timeout,False,A,True,0.010961810466760915,0.0035444871017714084,,0.8548387096774247,0.1451612903225753
SNGS,-1,2024-07-03 13:20:00+00:00,2024-07-03 15:30:00+00:00,30.065,30.365650000000002,24135.74946435601,-7256.413076458658,-0.007000000000000022,13,v3_short,sl,False,A,True,0.014147802929427454,0.003931266248177046,,0.7764705882352971,0.22352941176470284
SNGS,-1,2024-07-10 13:20:00+00:00,2024-07-10 15:30:00+00:00,28.23,27.80655,25524.68361644855,10808.427277385113,0.010499999999999976,13,v3_short,tp,False,A,True,0.014346439957491944,0.004908658468700965,,0.8024691358024721,0.19753086419752783
SNGS,-1,2024-08-01 13:20:00+00:00,2024-08-01 18:00:00+00:00,28.165,27.742525,25852.217915374116,10921.915763797644,0.010499999999999964,28,v3_short,tp,False,A,True,0.016690340909090995,0.003060741341991352,,0.7553191489361673,0.24468085106383275
SNGS,-1,2024-08-15 13:20:00+00:00,2024-08-15 21:20:00+00:00,26.515,26.235,27749.313921220833,7769.807897941865,0.007392042240241403,48,v3_short,timeout,False,A,True,0.018658122879758668,0.004675748927539341,,0.838383838383841,0.161616161616159
SNGS,-1,2024-09-06 13:20:00+00:00,2024-09-06 15:20:00+00:00,22.985,23.21485,32247.636465074167,-7412.119241497265,-0.006999999999999969,12,v3_short,sl,False,A,True,0.01849031977376553,0.004816805991485129,,0.7647058823529382,0.23529411764706176
SNGS,-1,2024-09-26 13:20:00+00:00,2024-09-26 21:20:00+00:00,24.825,24.865,29648.476965989194,-1185.9390786395425,-0.0011278952668680527,48,v3_short,timeout,False,A,True,0.02114377768828025,0.004171221448708368,,0.7714285714285689,0.2285714285714311
SNGS,-1,2024-10-08 13:20:00+00:00,2024-10-08 21:20:00+00:00,26.2,26.04,28060.812340673052,4489.7299745076925,0.004274809160305347,48,v3_short,timeout,False,A,True,0.01221374045801528,0.0035169029443838456,,0.8437499999999979,0.15625000000000208
SNGS,-1,2024-10-15 13:20:00+00:00,2024-10-15 14:40:00+00:00,25.9,26.159,28507.185108408852,-7383.360943077902,-0.007000000000000009,8,v3_short,sl,False,A,True,0.016599112140513402,0.0036304813374877223,,0.5813953488372097,0.41860465116279033
SNGS,-1,2024-11-01 13:20:00+00:00,2024-11-01 19:20:00+00:00,22.745,22.972450000000002,32234.237926912934,-7331.67741647638,-0.007000000000000031,36,v3_short,sl,False,A,True,0.020663882171905863,0.005066524301521015,,0.7446808510638346,0.25531914893616536
SNGS,-1,2024-12-19 13:20:00+00:00,2024-12-19 15:10:00+00:00,22.365,22.588649999999998,32552.45103760793,-7280.3556745609885,-0.006999999999999977,11,v3_short,sl,False,A,True,0.014978761457634736,0.003662184748703869,,0.7164179104477547,0.2835820895522453
SNGS,-1,2024-12-20 13:20:00+00:00,2024-12-20 13:30:00+00:00,22.645,22.87145,31924.898144575338,-7229.393184839079,-0.006999999999999994,1,v3_short,sl,False,A,True,0.019430337822919024,0.004489585633325946,,0.8068181818181804,0.19318181818181956
SNGS,-1,2025-02-27 10:30:00+00:00,2025-02-27 13:00:00+00:00,28.12,27.6982,25529.11604745808,10768.181148817845,0.010500000000000025,15,v3_short,tp,False,A,True,0.013869132290184941,0.003313720418983584,-0.00014935988620198954,0.8974358974358998,0.10256410256410023
SNGS,1,2025-03-06 19:20:00+00:00,2025-03-07 06:50:00+00:00,27.315,27.26,26557.439870353057,-1460.6591928694106,-0.0014094819696137582,69,v3_long,timeout,False,A,True,0.01610836536701451,0.004038298460515453,-0.00016291414973458075,0.09090909090909678,0.9090909090909032
SNGS,-1,2025-03-25 11:10:00+00:00,2025-03-25 11:30:00+00:00,27.445,27.22,26394.389091772093,5938.737545648758,0.005738750227728219,2,v3_short,opposite_signal,False,A,True,0.012024048096192452,0.003496503496503493,0.00013663691018400177,0.8939393939393941,0.1060606060606059
SNGS,-1,2025-03-25 19:30:00+00:00,2025-03-26 06:50:00+00:00,27.185,27.375,26799.747099710843,-5091.951948945094,-0.004892403899209155,68,v3_short,timeout,False,A,True,0.016550202280250066,0.004631054334201506,-0.00019860242736299816,0.8111111111111089,0.18888888888889108
SNGS,-1,2025-03-27 22:50:00+00:00,2025-03-28 06:50:00+00:00,26.315,26.165,27550.323334272383,4132.548500140916,0.003990119703591165,48,v3_short,timeout,False,A,True,0.012547528517110336,0.0034181733529913823,-0.00018250950570342355,1.0,0.0
SNGS,-1,2025-04-01 10:50:00+00:00,2025-04-01 13:00:00+00:00,25.755,25.695,28261.678994039074,1695.7007396423082,0.0016307513104251254,13,v3_short,opposite_signal,False,A,True,0.012228260869565128,0.003137939958592123,0.00010481366459627175,0.7142857142857126,0.2857142857142873
SNGS,-1,2025-04-02 21:10:00+00:00,2025-04-03 06:50:00+00:00,25.22,25.265,28908.26855706685,-1300.8720850680577,-0.001249008723235575,58,v3_short,timeout,False,A,True,0.023186682520808456,0.005217306898978375,8.521601268331487e-05,0.7863247863247853,0.21367521367521466
SNGS,1,2025-04-16 20:50:00+00:00,2025-04-17 06:50:00+00:00,23.385,23.45,31137.734554187653,2023.9527460221266,0.001945691682702519,60,v3_long,timeout,False,A,True,0.015180671370536533,0.003063188071893275,0.00037417147744280525,0.0,1.0
SNGS,-1,2025-04-17 20:50:00+00:00,2025-04-18 06:50:00+00:00,23.635,23.55,30868.31772675666,2623.8070067743424,0.0025174529299767543,60,v3_short,timeout,False,A,True,0.01354784081287046,0.0030802329399160153,2.5402201524133052e-05,1.015625000000008,-0.01562500000000798
SNGS,-1,2025-04-18 10:20:00+00:00,2025-04-18 11:00:00+00:00,23.6,23.836000000000002,30991.92179562016,-7314.093543766378,-0.007000000000000019,4,v3_short,sl,False,A,True,0.012923728813559309,0.0032082324455205663,-0.0001949152542372885,0.7213114754098446,0.27868852459015536
SNGS,-1,2025-04-18 20:00:00+00:00,2025-04-18 23:50:00+00:00,23.715,23.62,30625.74273227912,2909.4455595664813,0.0028041324056503982,23,v3_short,weekend_exit,False,A,True,0.011382799325463875,0.004005059021922435,3.372681281619115e-05,0.7037037037037003,0.2962962962962997
SNGS,-1,2025-04-23 19:50:00+00:00,2025-04-24 06:50:00+00:00,24.19,24.0,30108.561421566592,5720.626670097691,0.0054981397271600205,66,v3_short,timeout,False,A,True,0.013432527381690549,0.0034414261674911824,2.0665426741072776e-06,0.7846153846153856,0.21538461538461437
SNGS,1,2025-04-30 19:20:00+00:00,2025-05-02 06:50:00+00:00,23.245,23.455,31504.86295791629,6616.021221162337,0.006323940632393982,213,v3_long,timeout,False,A,True,0.012690901269090046,0.004108849390476769,-0.000126909012690902,0.05084745762712089,0.9491525423728792
SNGS,-1,2025-05-29 10:40:00+00:00,2025-05-29 11:00:00+00:00,22.28,22.16,33077.27802116598,3969.27336253995,0.0037701974865350404,2,v3_short,opposite_signal,False,A,True,0.012788871438187127,0.00334598238237849,8.301548126542618e-05,0.7719298245614116,0.2280701754385884
SNGS,-1,2025-05-29 11:50:00+00:00,2025-05-29 19:30:00+00:00,22.28,21.945800000000002,33201.98589162279,11096.103684980308,0.010499999999999971,46,v3_short,tp,False,A,True,0.012342908438061136,0.0031941950927588296,,0.8000000000000026,0.19999999999999743
SNGS,-1,2025-09-24 11:20:00+00:00,2025-09-24 19:20:00+00:00,21.49,21.51,34783.970137033146,-695.6794027407717,-0.0006514657980457045,48,v3_short,timeout,False,A,True,0.012563983248022317,0.0030763662685486855,-6.281991624011406e-05,0.8888888888888845,0.11111111111111549
SNGS,-1,2025-10-10 12:00:00+00:00,2025-10-10 13:30:00+00:00,20.675,20.364875,36131.586102197034,11205.30813994383,0.010499999999999976,9,v3_short,tp,False,A,True,0.016203143893591163,0.003482466747279317,,0.7014925373134367,0.2985074626865632
SNGS,-1,2025-10-21 11:50:00+00:00,2025-10-21 18:00:00+00:00,20.605,20.295925,36635.004045662914,11322.963875413265,0.010499999999999999,37,v3_short,tp,False,A,True,0.008978403300169972,0.003947261991426043,,0.9189189189189169,0.08108108108108315
SNGS,-1,2025-10-28 10:20:00+00:00,2025-10-28 18:20:00+00:00,19.88,19.78,38369.73506406809,3836.973506406727,0.0035211267605633053,48,v3_short,timeout,False,A,True,0.019124308002013212,0.0031394540705059213,6.0392551585303196e-05,0.8421052631578898,0.1578947368421102
PIKK,1,2022-01-04 19:20:00+00:00,2022-01-04 21:20:00+00:00,1166.7,1180.0,599.982857632639,7979.772006514072,0.007979772006514072,12,v3_long,opposite_signal,False,A,True,0.015085283277620562,0.004801612082220399,-0.00014485300419988078,0.09659090909091217,0.9034090909090878
PIKK,-1,2022-01-12 21:50:00+00:00,2022-01-13 06:50:00+00:00,1261.5,1265.0,559.3229016286641,-1957.6301557003244,-0.0019421323820848196,54,v3_short,timeout,False,A,True,0.016805390408244008,0.0035105599909404975,0.00014427269124058517,0.9245283018867961,0.07547169811320391
PIKK,-1,2022-02-02 23:20:00+00:00,2022-02-03 07:20:00+00:00,981.1,974.1,717.7815709872282,5024.470996910597,0.004994394047497706,48,v3_short,timeout,False,A,True,0.0071275837491090515,0.0034141749562058847,-4.8874859993890174e-05,0.8571428571428571,0.14285714285714285
PIKK,-1,2022-02-04 21:00:00+00:00,2022-02-04 23:50:00+00:00,937.6,945.0,754.8342886021832,-5585.773735656138,-0.005524744027303737,17,v3_short,weekend_exit,False,A,True,0.01600170684873053,0.004659000361399086,-0.0003520375506720717,0.8400000000000015,0.15999999999999848
PIKK,-1,2022-02-08 19:50:00+00:00,2022-02-09 06:50:00+00:00,907.0,906.0,775.9896222474616,775.9896222474616,0.0007717750826901875,66,v3_short,timeout,False,A,True,0.0176444640494045,0.0036706786817064696,-0.00034406704896338823,1.0,0.0
PIKK,-1,2022-02-11 19:20:00+00:00,2022-02-11 21:40:00+00:00,943.6,929.446,746.4664901589878,10565.48670171031,0.010499999999999997,14,v3_short,tp,False,A,True,0.01195767195767191,0.004662563438073634,0.0002391534391534382,0.6194690265486751,0.3805309734513249
PIKK,-1,2022-02-15 23:10:00+00:00,2022-02-16 07:00:00+00:00,941.9,951.319,755.6658040187046,-7117.616208052166,-0.006999999999999986,47,v3_short,sl,False,A,True,0.008386411889596579,0.004367606915377626,0.00037791932059447886,0.9873417721518958,0.01265822784810418
PIKK,-1,2022-10-19 23:40:00+00:00,2022-10-20 09:50:00+00:00,608.2,609.0,1162.0836722452837,-929.6669377961741,-0.0009207497533705495,61,v3_short,timeout,False,A,True,0.01216905114290409,0.0032587282569663334,-0.00016609110343693322,0.702702702702711,0.297297297297289
PIKK,-1,2023-01-18 13:20:00+00:00,2023-01-18 21:20:00+00:00,616.5,612.2,1145.3828428274521,4925.146224157992,0.004882400648823955,48,v3_short,timeout,False,A,True,0.02497972424979739,0.004055150040551544,,0.8896103896103873,0.11038961038961269
PIKK,-1,2023-03-22 13:20:00+00:00,2023-03-22 21:20:00+00:00,644.9,642.9,1100.288610575337,2200.577221150674,0.002170879206078462,48,v3_short,timeout,False,A,True,0.022173980462087076,0.004260535040500922,,0.818181818181816,0.181818181818184
PIKK,-1,2023-04-05 13:20:00+00:00,2023-04-05 21:20:00+00:00,651.8,654.2,1091.0041868899052,-2618.4100485358717,-0.0025774777539123404,48,v3_short,timeout,False,A,True,0.022859772936483724,0.0038282265959467625,,0.6711409395973114,0.32885906040268864
PIKK,-1,2023-06-22 13:20:00+00:00,2023-06-22 21:20:00+00:00,779.9,776.5,909.4545992830684,3092.145637562412,0.003051673291447601,48,v3_short,timeout,False,A,True,0.016929588303193594,0.003145287870182046,,0.6893939393939388,0.3106060606060613
PIKK,-1,2023-08-16 22:50:00+00:00,2023-08-17 09:50:00+00:00,773.8,790.6,919.4212250286364,-15446.276580481153,-0.015197725510467884,66,v3_short,gap_sl,False,A,True,0.014215559576117861,0.006060733934307747,-0.00016670974411992883,0.7181818181818161,0.2818181818181839
PIKK,-1,2023-08-18 13:20:00+00:00,2023-08-18 16:40:00+00:00,778.7,786.4870000000001,899.7505461934273,-7006.35750320825,-0.0070000000000000305,20,v3_short,sl,False,A,True,0.019260400616332822,0.004035512510088782,,0.7133333333333364,0.2866666666666636
PIKK,-1,2023-12-12 13:20:00+00:00,2023-12-12 14:10:00+00:00,672.3,679.0229999999999,1034.8524469263368,-6957.313000685717,-0.006999999999999955,5,v3_short,sl,False,A,True,0.028707422281719405,0.005659321589709784,,0.7098445595854904,0.29015544041450964
PIKK,-1,2024-02-15 13:20:00+00:00,2024-02-15 13:20:00+00:00,854.4,862.944,808.5922061892511,-6908.611809680948,-0.006999999999999986,0,v3_short,sl,False,A,True,0.024812734082397057,0.0037899054752987276,,0.8301886792452823,0.1698113207547177
PIKK,-1,2024-06-13 23:40:00+00:00,2024-06-14 09:50:00+00:00,856.9,859.0,800.5895118465626,-1681.2379748777996,-0.0017154860543820935,61,v3_short,timeout,False,A,True,0.008861940298507488,0.0032220910752360638,0.00014109141791044936,0.8947368421052545,0.1052631578947455
PIKK,-1,2024-09-03 22:00:00+00:00,2024-09-04 09:50:00+00:00,638.1,636.6,1073.2616927110248,1609.8925390665372,0.0016455101081335212,71,v3_short,timeout,False,A,True,0.01003134796238241,0.005770584095707262,7.836990595611286e-05,0.9375000000000033,0.06249999999999667
PIKK,-1,2024-09-24 13:20:00+00:00,2024-09-24 16:30:00+00:00,646.7,653.167,1060.7317317090638,-6859.752108962499,-0.006999999999999983,19,v3_short,sl,False,A,True,0.021319326432875128,0.004465435177624274,,0.6449275362318875,0.3550724637681125
PIKK,-1,2024-10-01 13:20:00+00:00,2024-10-01 16:10:00+00:00,648.6,638.871,1050.221067560866,10217.600766299709,0.010500000000000044,17,v3_short,tp,False,A,True,0.019118100524205945,0.0045445868757616956,,0.7016129032258114,0.2983870967741886
PIKK,-1,2024-11-19 23:30:00+00:00,2024-11-20 09:50:00+00:00,484.5,483.8,1420.6928894868684,994.4850226407917,0.0010113519091847103,62,v3_short,timeout,False,A,True,0.01052197235403347,0.004458891045586777,-0.0002351970290901584,0.901960784313726,0.09803921568627408
PIKK,-1,2024-12-11 22:00:00+00:00,2024-12-12 09:50:00+00:00,388.8,386.5,1772.175525905957,4076.0037095837215,0.004140946502057634,71,v3_short,timeout,False,A,True,0.014921533316182175,0.004378803232123811,0.00010033444816053745,0.9482758620689636,0.05172413793103634
PIKK,-1,2024-12-23 22:50:00+00:00,2024-12-23 23:10:00+00:00,466.9,471.56899999999996,1481.848462345138,-6918.750470689423,-0.006999999999999975,2,v3_short,sl,False,A,True,0.014349967873206231,0.005345723639637905,-0.0008203041336474634,0.9850746268656683,0.014925373134331777
PIKK,1,2025-01-30 20:30:00+00:00,2025-01-31 06:50:00+00:00,700.0,700.0,981.4741739135176,0.0,0.0,62,v3_long,timeout,False,A,True,0.013142857142857208,0.0036384839650145727,5.714285714287013e-06,0.05434782608695626,0.9456521739130438
PIKK,-1,2025-02-03 19:50:00+00:00,2025-02-03 21:00:00+00:00,678.6,685.3860000000001,1012.4254667542915,-6870.319217394681,-0.007000000000000059,7,v3_short,sl,False,A,True,0.015325670498084257,0.003557744937055291,-0.000207780725022103,0.9230769230769272,0.07692307692307272
PIKK,-1,2025-02-04 19:30:00+00:00,2025-02-04 21:30:00+00:00,679.1,668.9135,1004.5982893348342,10233.340474309312,0.010500000000000023,12,v3_short,tp,False,A,True,0.011485790016197841,0.0032365766215188747,-0.0001663967015167126,0.8846153846153869,0.11538461538461314
PIKK,-1,2025-02-12 12:10:00+00:00,2025-02-12 14:30:00+00:00,722.8,711.958,953.7714950460743,10340.790549289522,0.010499999999999985,14,v3_short,tp,False,A,True,0.012036524626452591,0.003873824017708906,,0.8160919540229844,0.18390804597701554
PIKK,-1,2025-02-24 20:50:00+00:00,2025-02-25 06:50:00+00:00,703.9,705.5,989.6641426393027,-1583.4626282229067,-0.0015911351044182638,60,v3_short,timeout,False,A,True,0.01903679499928964,0.004117004096709,-0.0005370080977411591,0.932835820895524,0.06716417910447603
PIKK,-1,2025-03-03 20:30:00+00:00,2025-03-03 22:20:00+00:00,632.6,638.926,1099.456475124959,-6955.161661640515,-0.007000000000000024,11,v3_short,sl,False,A,True,0.016729797979797834,0.0043644351680065885,-0.00018308080808080663,0.5566037735849083,0.4433962264150917
PIKK,1,2025-03-06 22:50:00+00:00,2025-03-07 06:50:00+00:00,665.2,665.5,1038.2554915828332,311.47664747480275,0.0003156945279614674,48,v3_long,timeout,False,A,True,0.014279272508642719,0.0048344003165673175,-0.00017285435142041188,0.126315789473689,0.873684210526311
PIKK,-1,2025-03-11 21:00:00+00:00,2025-03-12 06:50:00+00:00,636.0,634.0,1086.2666456825991,2172.5332913651982,0.0022012578616352196,59,v3_short,timeout,False,A,True,0.016823899371069075,0.0038826851495315,-0.0002955974842767289,0.6448598130841141,0.3551401869158859
PIKK,-1,2025-03-12 19:20:00+00:00,2025-03-12 20:00:00+00:00,613.6,611.0,1128.400195498841,2933.840508297012,0.00296610169491528,4,v3_short,opposite_signal,False,A,True,0.012385919165580218,0.003814889710773482,-0.00016460234680573885,0.2763157894736864,0.7236842105263136
PIKK,1,2025-03-12 20:20:00+00:00,2025-03-12 20:50:00+00:00,612.4,616.3,1133.9648078280484,4422.462750529363,0.004457870672762875,3,v3_long,opposite_signal,False,A,True,0.014696276943174396,0.0036224156547008065,-2.2860875244935723e-05,0.2555555555555505,0.7444444444444495
PIKK,1,2025-04-11 19:20:00+00:00,2025-04-11 19:20:00+00:00,427.7,428.6,1630.8996311416117,1467.8096680275062,0.0014729950900164226,0,v3_long,opposite_signal,False,A,True,0.013327098433481385,0.0070190339404408,-0.00036941781622632853,0.771929824561401,0.22807017543859895
PIKK,1,2025-04-16 20:40:00+00:00,2025-04-17 06:50:00+00:00,426.8,429.2,1636.7461082635582,3928.1906598325027,0.003936269915651322,61,v3_long,timeout,False,A,True,0.0260135926880713,0.0050219290903612355,0.0005319896883055995,0.08108108108108399,0.918918918918916
PIKK,-1,2025-04-17 11:00:00+00:00,2025-04-17 11:30:00+00:00,431.3,435.613,1626.044452744654,-7013.129724687674,-0.00699999999999998,3,v3_short,sl,False,A,True,0.010196987253766011,0.0036523754345307103,0.00014136732329084377,0.7045454545454543,0.29545454545454575
PIKK,-1,2025-04-17 21:00:00+00:00,2025-04-17 21:00:00+00:00,435.8,440.158,1597.989402619293,-6964.037816614886,-0.007000000000000005,0,v3_short,sl,False,A,True,0.021344962129905793,0.00375656344704511,2.9837043837501824e-05,0.8279569892473146,0.17204301075268535
PIKK,1,2025-04-28 20:10:00+00:00,2025-04-28 21:50:00+00:00,506.2,501.138,1366.1180466018523,-6915.289551898592,-0.007000000000000017,10,v3_long,sl,False,A,True,0.01461872777558273,0.00464848128109401,-5.333860134334345e-05,0.29729729729729665,0.7027027027027033
PIKK,1,2025-04-30 19:20:00+00:00,2025-04-30 22:30:00+00:00,469.1,476.13649999999996,1463.8419366947953,10300.323787552828,0.010499999999999898,19,v3_long,tp,False,A,True,0.01811980387976977,0.004598471236714671,0.00016627584736730053,0.0,1.0
PIKK,-1,2025-05-08 11:30:00+00:00,2025-05-08 14:30:00+00:00,487.3,479.9905,1423.9656867531612,10408.477187322253,0.01050000000000002,18,v3_short,tp,False,A,True,0.01375205254515597,0.004354327938071779,,0.6417910447761221,0.3582089552238778
PIKK,-1,2025-05-12 20:20:00+00:00,2025-05-13 06:50:00+00:00,499.6,504.8,1403.491619667616,-7298.156422271588,-0.007285828662930328,63,v3_short,gap_sl,False,A,True,0.015612489991993618,0.004044051567784828,8.406725380304334e-05,0.6923076923076956,0.3076923076923043
PIKK,-1,2025-05-13 19:30:00+00:00,2025-05-14 06:50:00+00:00,499.9,497.0,1392.4298933593739,4038.0466907421524,0.004060812162432455,68,v3_short,timeout,False,A,True,0.009401880376075193,0.00313940339088225,-0.00018403680736147322,0.7659574468085052,0.23404255319149478
PIKK,-1,2025-05-15 11:40:00+00:00,2025-05-15 12:30:00+00:00,502.8,495.258,1390.0205576250405,10483.535045608098,0.01050000000000004,5,v3_short,tp,False,A,True,0.014726368159204048,0.00463887459255447,,0.8243243243243236,0.1756756756756764
PIKK,1,2025-05-19 20:20:00+00:00,2025-05-19 20:50:00+00:00,491.8,486.882,1436.0325557254903,-7062.40810905797,-0.00700000000000001,3,v3_long,sl,False,A,True,0.01728344855632371,0.003381995335751211,7.726718178121095e-05,0.27058823529411896,0.729411764705881
PIKK,-1,2025-05-23 19:40:00+00:00,2025-05-23 22:00:00+00:00,479.9,484.69899999999996,1461.3401234204118,-7012.971252294525,-0.00699999999999997,14,v3_short,sl,False,A,True,0.014996875650906037,0.0054112876144000515,0.0003790876900645708,0.749999999999998,0.250000000000002
PIKK,-1,2025-05-28 19:20:00+00:00,2025-05-28 23:30:00+00:00,532.3,537.6229999999999,1308.2623433267884,-6963.880453528467,-0.006999999999999973,25,v3_short,sl,False,A,True,0.016353383458646703,0.005036826760779502,3.759398496240601e-05,0.9195402298850527,0.08045977011494733
PIKK,-1,2025-05-29 11:50:00+00:00,2025-05-29 16:40:00+00:00,535.4,527.3689999999999,1291.582609330182,10372.699935530773,0.010500000000000082,29,v3_short,tp,False,A,True,0.016816143497757848,0.0050697558545092294,,0.8333333333333334,0.16666666666666666
PIKK,-1,2025-05-30 12:30:00+00:00,2025-05-30 12:50:00+00:00,530.7,536.0070000000001,1316.7028810820632,-6987.742189902531,-0.007000000000000021,2,v3_short,sl,False,A,True,0.01582815149802165,0.004782806282490394,,0.7619047619047645,0.23809523809523553
PIKK,-1,2025-05-30 19:20:00+00:00,2025-05-30 21:00:00+00:00,534.8,533.0,1297.46222785587,2335.432010140507,0.0023560209424083175,10,v3_short,opposite_signal,False,A,True,0.00822583660497285,0.003761908577227859,0.00018508132361189179,0.8181818181818017,0.18181818181819825
PIKK,-1,2025-06-03 19:20:00+00:00,2025-06-04 06:50:00+00:00,598.9,601.4,1161.3250991224204,-2903.312747806051,-0.002922023710135248,69,v3_short,timeout,False,A,True,0.03239271998664214,0.005435134481242808,3.5064284521625256e-05,0.9123711340206161,0.0876288659793839
PIKK,1,2025-06-11 19:50:00+00:00,2025-06-13 06:50:00+00:00,552.0,554.9,1256.3139183712922,3643.310363276719,0.0036775362318840293,210,v3_long,timeout,False,A,True,0.01358203549438609,0.0042760313107495776,0.0003531329228540384,0.06666666666666667,0.9333333333333333
PIKK,1,2025-06-25 19:30:00+00:00,2025-06-25 21:40:00+00:00,557.9,552.321,1247.5992116781629,-6960.356001952409,-0.0069999999999999386,13,v3_long,sl,False,A,True,0.013801756587202089,0.003621452165738128,0.00012188564258827666,0.9870129870129841,0.012987012987015864
PIKK,-1,2025-07-02 12:40:00+00:00,2025-07-02 14:20:00+00:00,600.2,606.202,1151.5550666342556,-6911.633509938748,-0.006999999999999944,10,v3_short,sl,False,A,True,0.013993003498250839,0.0038028604745246252,,0.7142857142857162,0.28571428571428376
PIKK,1,2025-07-03 20:00:00+00:00,2025-07-04 06:50:00+00:00,625.8,625.0,1096.7165348944122,-877.3732279154799,-0.000894854586129703,65,v3_long,timeout,False,A,True,0.02285075103867043,0.004399266897554781,0.0002540747842761244,0.2307692307692283,0.7692307692307717
PIKK,-1,2025-07-04 20:10:00+00:00,2025-07-04 23:50:00+00:00,629.1,628.2,1089.9873569820097,980.9886212837839,0.0010014306151644953,22,v3_short,weekend_exit,False,A,True,0.009538950715421303,0.003689043184841498,7.94912559618442e-05,0.8500000000000038,0.14999999999999622
PIKK,1,2025-07-11 19:30:00+00:00,2025-07-11 21:10:00+00:00,622.0,615.78,1103.5333413380724,-6863.97738312284,-0.0070000000000000305,10,v3_long,sl,False,A,True,0.013987138263665485,0.004143972701620843,-0.00031028938906752337,0.6781609195402326,0.3218390804597674
PIKK,-1,2025-07-22 13:10:00+00:00,2025-07-22 21:10:00+00:00,657.5,655.0,1036.6432762647833,2591.6081906619584,0.0026615969581749053,48,v3_short,timeout,False,A,True,0.012011555420404404,0.003160935636948527,,0.8101265822784804,0.18987341772151953
PIKK,-1,2025-07-30 10:30:00+00:00,2025-07-30 10:40:00+00:00,619.4,625.5939999999999,1103.3372293793323,-6834.0707987755395,-0.006999999999999955,1,v3_short,sl,False,A,True,0.012907389480477574,0.0030141687934524103,1.6134236850596968e-05,0.7999999999999972,0.20000000000000284
PIKK,-1,2025-07-31 13:00:00+00:00,2025-07-31 15:50:00+00:00,613.5,619.635,1106.150334667344,-6786.232303184145,-0.00699999999999999,17,v3_short,sl,False,A,True,0.01809290953545236,0.0032776052335954627,,0.7567567567567531,0.24324324324324684
PIKK,-1,2025-08-06 20:10:00+00:00,2025-08-06 20:20:00+00:00,624.8,631.048,1078.5417216808366,-6738.7286770619185,-0.007000000000000054,1,v3_short,sl,False,A,True,0.019369297262686123,0.0033093435869625378,-2.5612293901074696e-05,0.826446280991734,0.17355371900826602
PIKK,-1,2025-09-22 20:50:00+00:00,2025-09-23 06:50:00+00:00,562.8,560.2,1188.9761151958837,3091.3378995091894,0.0032338308457710314,60,v3_short,timeout,False,A,True,0.021851128086694028,0.004778461393439959,-0.0002398294546100551,0.8455284552845463,0.15447154471545368
PIKK,1,2025-09-23 20:50:00+00:00,2025-09-23 21:50:00+00:00,561.7,556.0830000000001,1195.157012928431,-6713.196941618951,-0.0069999999999999524,6,v3_long,sl,False,A,True,0.01674683769820077,0.0035704287059559153,0.0002868341350436471,0.1489361702127742,0.8510638297872258
PIKK,1,2025-10-02 20:00:00+00:00,2025-10-02 21:00:00+00:00,524.9,519.651,1269.9951539393533,-6666.204563027695,-0.007000000000000032,6,v3_long,sl,False,A,True,0.016003048199657036,0.0037480414150800473,0.00029338921699371485,0.08333333333332543,0.9166666666666745
PIKK,-1,2025-10-03 10:50:00+00:00,2025-10-03 12:20:00+00:00,528.3,520.3755,1252.9890462022472,9929.311696629666,0.010499999999999957,9,v3_short,tp,False,A,True,0.012303615370054893,0.003233642501104171,0.00013817906492523104,0.6769230769230734,0.3230769230769266
PIKK,-1,2025-10-07 20:30:00+00:00,2025-10-08 06:50:00+00:00,537.2,539.6,1245.1687105292026,-2988.404905270058,-0.003127326880119106,62,v3_short,timeout,False,A,True,0.01321667907669401,0.00393575151579621,-0.00011913626209977829,0.7605633802817006,0.2394366197182995
PIKK,-1,2025-10-13 20:10:00+00:00,2025-10-13 21:20:00+00:00,422.1,418.6,1579.7506464406508,5529.127262542278,0.005804311774461028,7,v3_short,opposite_signal,False,A,True,0.013503909026297058,0.005289393653694594,-0.00019900497512437485,0.7894736842105279,0.21052631578947212
PIKK,-1,2025-10-20 23:20:00+00:00,2025-10-21 07:00:00+00:00,426.0,419.61,1574.3735609069915,10060.247054195654,0.010499999999999978,46,v3_short,tp,False,A,True,0.010793054903801086,0.0036918568459763054,0.0001900516189582361,0.8913043478260875,0.10869565217391251
PIKK,-1,2025-10-28 20:30:00+00:00,2025-10-29 06:50:00+00:00,383.7,382.4,1766.2895748874519,2296.1764473537073,0.0023716445139432053,62,v3_short,timeout,False,A,True,0.01277039353661709,0.00374442192827091,0.0001198853270784473,0.938775510204079,0.061224489795920975
PIKK,-1,2025-10-29 10:20:00+00:00,2025-10-29 13:40:00+00:00,385.4,389.25399999999996,1762.6690020691824,-6793.326333974603,-0.006999999999999973,20,v3_short,sl,False,A,True,0.015572281339216195,0.0036953270797028667,0.00012976901116013497,0.8999999999999962,0.1000000000000038
PLZL,-1,2022-01-17 21:10:00+00:00,2022-01-18 06:50:00+00:00,1164.2,1164.0,601.2712592338086,120.25425184678906,0.00012025425184678906,58,v3_short,timeout,False,A,True,0.021388077649888412,0.003930175402921867,-0.0004483765676000671,0.91164658634538,0.08835341365461997
PLZL,-1,2022-01-27 20:00:00+00:00,2022-01-28 06:50:00+00:00,1187.75,1195.0,589.420482404793,-4273.298497434749,-0.004272784676910125,65,v3_short,timeout,False,A,True,0.015619737285281203,0.0035915342897010686,-0.00015367126978780736,0.9029649595687353,0.09703504043126464
PLZL,-1,2022-02-02 19:20:00+00:00,2022-02-03 06:50:00+00:00,1223.4,1220.75,569.7996313781988,1509.9690231522786,0.001516266143534464,69,v3_short,timeout,False,A,True,0.015208503679476622,0.0033924608273399335,-0.00019991823385118784,0.9354838709677514,0.0645161290322486
PLZL,1,2022-02-03 19:50:00+00:00,2022-02-04 07:00:00+00:00,1211.0,1220.0,576.5068929350084,5188.562036415075,0.005202312138728325,67,v3_long,timeout,False,A,True,0.015683037556747832,0.003775889224860384,-4.1271151465125874e-06,0.18947368421052152,0.8105263157894784
PLZL,-1,2022-02-08 19:20:00+00:00,2022-02-09 07:00:00+00:00,1209.0,1208.7,580.4647152769112,174.13941458304697,0.0001736972704714377,70,v3_short,timeout,False,A,True,0.023420366615632852,0.0032773650694191726,-0.00011958455745438221,0.9823321554770318,0.017667844522968226
PLZL,-1,2022-02-09 12:10:00+00:00,2022-02-09 16:30:00+00:00,1208.5,1220.585,580.805741299126,-7019.037383599959,-0.007000000000000021,26,v3_short,sl,False,A,True,0.012872516556291354,0.003757209997863712,,0.8392282958199352,0.16077170418006478
PLZL,-1,2022-02-10 20:20:00+00:00,2022-02-10 21:30:00+00:00,1254.5,1244.6,555.5921978409516,5500.3627586254715,0.005524113192507025,7,v3_short,opposite_signal,False,A,True,0.015025307879319206,0.0039017161206677145,0.00024869475110597645,0.7214854111405822,0.27851458885941777
PLZL,-1,2022-02-17 21:40:00+00:00,2022-02-18 06:50:00+00:00,1331.9,1333.0,526.196160464383,-578.8157765107734,-0.0005781214805915882,55,v3_short,timeout,False,A,True,0.015465465465465397,0.004220291720291717,0.0002631381381381395,0.9563106796116569,0.043689320388343084
PLZL,-1,2022-10-20 23:10:00+00:00,2022-10-21 09:50:00+00:00,595.0,595.0,1177.202512737738,-0.0,-0.0,64,v3_short,timeout,False,A,True,0.009663865546218488,0.003695764019893672,0.00020084033613445453,0.8260869565217391,0.17391304347826086
PLZL,-1,2022-10-27 13:20:00+00:00,2022-10-27 13:50:00+00:00,614.3,620.443,1140.217312516611,-7004.354950789574,-0.007000000000000033,3,v3_short,sl,False,A,True,0.020828248311772768,0.004447698858243157,,0.726562499999999,0.273437500000001
PLZL,-1,2022-12-14 13:20:00+00:00,2022-12-14 15:20:00+00:00,773.35,781.0835000000001,899.3760219996138,-6955.324466134058,-0.0070000000000000435,12,v3_short,sl,False,A,True,0.022690542375072665,0.003774061179194022,,0.7977207977207997,0.2022792022792002
PLZL,-1,2023-03-15 13:20:00+00:00,2023-03-15 15:00:00+00:00,922.95,932.1795000000001,748.3219237088765,-6906.6371948710985,-0.0070000000000000236,10,v3_short,sl,False,A,True,0.022265561514708224,0.0043597264465133736,,0.8029197080291989,0.19708029197080115
PLZL,-1,2023-05-03 13:20:00+00:00,2023-05-03 17:20:00+00:00,1047.55,1031.83675,654.6981752190328,10287.436101760479,0.010500000000000013,24,v3_short,tp,False,A,True,0.01593967738856547,0.0034360981196907467,,0.6916167664670613,0.3083832335329387
PLZL,-1,2023-05-31 13:20:00+00:00,2023-05-31 16:00:00+00:00,1052.9,1063.429,658.2109210009783,-6930.302787219298,-0.006999999999999997,16,v3_short,sl,False,A,True,0.019455252918287938,0.003642493345444866,,0.7731707317073238,0.22682926829267627
PLZL,-1,2023-10-03 13:20:00+00:00,2023-10-03 21:20:00+00:00,1136.0,1138.45,605.7914320166168,-1484.1890084407387,-0.0015096830985915773,48,v3_short,timeout,False,A,True,0.025528169014084508,0.003959171696847765,,0.8913793103448244,0.10862068965517555
PLZL,-1,2024-04-08 22:20:00+00:00,2024-04-09 09:50:00+00:00,1350.85,1348.0,508.6724169707726,1449.7163883666556,0.001476847910574776,69,v3_short,timeout,False,A,True,0.01917950236966831,0.0030792085791662566,-0.0001954976303317542,0.8783783783783753,0.12162162162162471
PLZL,-1,2024-04-25 13:20:00+00:00,2024-04-25 17:30:00+00:00,1351.15,1364.6615000000002,509.31053986368994,-6881.549359368282,-0.007000000000000035,25,v3_short,sl,False,A,True,0.01723755271140059,0.003246352917137874,,0.8605150214592285,0.13948497854077144
PLZL,1,2024-06-05 22:20:00+00:00,2024-06-06 09:50:00+00:00,1247.1,1255.0,547.9415054007433,4328.737892665921,0.004434287547109343,69,v3_long,timeout,False,A,True,0.016358606310893784,0.0032149341834484496,0.00012349143979792384,0.09803921568627408,0.901960784313726
PLZL,-1,2024-06-28 13:20:00+00:00,2024-06-28 21:20:00+00:00,1220.45,1211.75,562.3892563481774,4892.786530229168,0.0049899627186693685,48,v3_short,timeout,False,A,True,0.01159836065573778,0.003003512880562072,,0.6996466431095426,0.30035335689045745
PLZL,-1,2024-09-27 13:20:00+00:00,2024-09-27 21:20:00+00:00,1349.6,1339.7,511.10915714381565,5059.980655723705,0.005134854771784162,48,v3_short,timeout,False,A,True,0.017558156763965067,0.0038559504406296672,,0.7848101265822731,0.21518987341772686
PLZL,-1,2024-10-17 13:20:00+00:00,2024-10-17 21:20:00+00:00,1361.5,1350.9,509.2434116344474,5397.980163325096,0.0054498714652955835,48,v3_short,timeout,False,A,True,0.014726404700697726,0.003097074305300541,,0.7007481296758098,0.2992518703241902
PLZL,-1,2025-02-26 10:50:00+00:00,2025-02-26 11:30:00+00:00,1969.1,1957.15,354.0264542454054,4230.61612823253,0.004248133665126136,4,v3_short,opposite_signal,False,A,True,0.01673353308618153,0.0033232187293687366,0.0001513381748006713,0.6691957511380857,0.3308042488619143
PLZL,-1,2025-02-26 19:50:00+00:00,2025-02-26 20:40:00+00:00,1954.35,1945.45,358.21368861482875,3188.1018286719273,0.0031877606365287208,5,v3_short,opposite_signal,False,A,True,0.010874014942175826,0.0032927509351913927,-0.00018089243680278095,0.9858823529411679,0.014117647058832089
PLZL,1,2025-02-27 19:20:00+00:00,2025-02-27 23:30:00+00:00,1927.65,1908.3735000000001,364.3330447044125,-7023.065936244586,-0.006999999999999978,25,v3_long,sl,False,A,True,0.010844467505513085,0.003663886101852854,-0.0001421714878713197,0.12679425837320954,0.8732057416267904
PLZL,-1,2025-03-04 10:40:00+00:00,2025-03-04 14:20:00+00:00,1934.45,1953.7945,360.51097080260007,-6973.90447469087,-0.006999999999999974,22,v3_short,sl,False,A,True,0.014375096954340945,0.0030856772864924745,2.4820311288069326e-05,0.9082733812949655,0.09172661870503449
PLZL,1,2025-03-28 19:40:00+00:00,2025-03-28 23:50:00+00:00,1874.0,1880.0,369.53506634834895,2217.210398090094,0.00224119530416222,25,v3_long,weekend_exit,False,A,True,0.011845053889659613,0.00422275408936384,9.604097748368756e-06,0.15315315315315695,0.8468468468468431
PLZL,-1,2025-04-02 19:50:00+00:00,2025-04-03 06:50:00+00:00,1802.6,1818.8,385.033153009802,-6237.53707875881,-0.006290913125485428,66,v3_short,timeout,False,A,True,0.01397670549084861,0.004785674669202124,0.00016528008874098826,0.5079365079365052,0.4920634920634948
PLZL,-1,2025-04-15 10:20:00+00:00,2025-04-15 11:10:00+00:00,1906.4,1897.0,361.7784754827622,3400.7176695379976,0.003451531682752866,5,v3_short,opposite_signal,False,A,True,0.01636592530423826,0.003167276142517422,7.763323541754187e-05,0.7371794871794914,0.2628205128205085
PLZL,-1,2025-04-30 22:40:00+00:00,2025-05-02 06:50:00+00:00,1752.4,1751.4,394.9298037143429,394.9298037143429,0.00039945217986761013,193,v3_short,timeout,False,A,True,0.015065053640721348,0.0033400258071728897,0.00019173704633645232,0.9772727272727308,0.022727272727269203
PLZL,1,2025-05-05 19:20:00+00:00,2025-05-05 22:00:00+00:00,1728.4,1742.0,400.57361657695816,5447.801185446595,0.0055079842629020695,16,v3_long,opposite_signal,False,A,True,0.013540099525517933,0.003800108169642116,0.00018284920726767683,0.1452991452991486,0.8547008547008513
PLZL,1,2025-06-11 19:30:00+00:00,2025-06-13 06:50:00+00:00,1728.0,1753.9199999999998,402.8732058573073,10442.473495821343,0.010499999999999936,212,v3_long,gap_tp,False,A,True,0.017939814814814815,0.0030824829931972867,0.0002407407407407402,0.05806451612903079,0.9419354838709693
PLZL,1,2025-07-01 20:10:00+00:00,2025-07-02 06:50:00+00:00,1868.0,1865.2,376.5924149724315,-1054.4587619227912,-0.001049250535331889,64,v3_long,timeout,False,A,True,0.014882226980728148,0.0034763798452999996,0.00027944325481798614,0.05035971223021877,0.9496402877697813
PLZL,1,2025-07-03 19:40:00+00:00,2025-07-04 06:50:00+00:00,1858.0,1855.8,378.22201831816795,-832.0884402999867,-0.0008288482238966801,67,v3_long,timeout,False,A,True,0.013778256189450973,0.0032248852178115685,0.00016146393972012917,0.14062499999999695,0.8593750000000031
PLZL,-1,2025-07-04 10:20:00+00:00,2025-07-04 10:30:00+00:00,1877.0,1863.0,374.0831369882505,5237.163917835507,0.005221097496004263,1,v3_short,opposite_signal,False,A,True,0.019605753862546593,0.0038714260344521207,0.00015769845498135517,0.7880434782608705,0.21195652173912946
PLZL,-1,2025-07-04 12:00:00+00:00,2025-07-04 14:20:00+00:00,1875.4,1894.154,376.357077353861,-7058.200628694273,-0.006999999999999964,14,v3_short,sl,False,A,True,0.010662117496534812,0.003714544160083092,,0.7700000000000046,0.22999999999999546
PLZL,-1,2025-07-15 12:30:00+00:00,2025-07-15 20:30:00+00:00,1875.6,1863.6,373.68272682306724,4484.192721876807,0.004478566858605246,48,v3_short,timeout,False,A,True,0.01748960221819343,0.0034722004403766353,,0.7195121951219494,0.28048780487805053
PLZL,-1,2025-07-22 13:20:00+00:00,2025-07-22 17:20:00+00:00,1950.2,1969.702,360.99797832768877,-7040.182573346569,-0.006999999999999982,24,v3_short,sl,False,A,True,0.013230769230769324,0.003358316896778427,,0.9534883720930218,0.04651162790697818
PLZL,1,2025-08-01 20:00:00+00:00,2025-08-01 23:50:00+00:00,1951.8,1966.4,358.17713368855215,5229.38615185291,0.005236192232810787,23,v3_long,weekend_exit,False,A,True,0.011576682716934694,0.0031048173802868165,-8.400778608749151e-05,0.026548672566367764,0.9734513274336323
PLZL,-1,2025-08-14 11:00:00+00:00,2025-08-14 11:10:00+00:00,2103.6,2092.6,334.070498117329,3674.775479290619,0.0036603917094504665,1,v3_short,opposite_signal,False,A,True,0.012074538885719762,0.0030233884768967314,-5.704506560186003e-06,0.9291338582677097,0.07086614173229037
PLZL,-1,2025-08-29 19:40:00+00:00,2025-08-29 23:50:00+00:00,2143.2,2138.2,329.09809755277934,1645.4904877638967,0.0016330720418066445,25,v3_short,weekend_exit,False,A,True,0.013064576334453156,0.0032756663695713496,-0.00023329600597237778,0.8571428571428571,0.14285714285714285
PLZL,1,2025-10-09 19:50:00+00:00,2025-10-10 06:50:00+00:00,2321.8,2322.8,304.27895857375796,304.27895857375796,0.00030149022310276506,66,v3_long,timeout,False,A,True,0.015417743324720148,0.00454920986482449,-9.302325581395114e-05,0.32960893854748946,0.6703910614525106
PLZL,-1,2025-10-16 13:10:00+00:00,2025-10-16 16:20:00+00:00,2213.4,2235.534,319.2770765733952,-7066.878812875534,-0.0070000000000000045,19,v3_short,sl,False,A,True,0.016897081413210484,0.004082787614196811,,0.8930481283422462,0.10695187165775374
PLZL,-1,2025-10-23 19:40:00+00:00,2025-10-24 06:50:00+00:00,2046.2,2041.0,342.94842445437405,1783.3318071627607,0.0017789072426937897,67,v3_short,timeout,False,A,True,0.009480989150620707,0.0038039651399607776,-0.00018961978301241194,0.9072164948453636,0.0927835051546364
PLZL,1,2025-10-24 19:20:00+00:00,2025-10-24 23:50:00+00:00,2060.0,2043.2,341.2569895065796,-5733.1174237105215,-0.005708737864077654,27,v3_long,weekend_exit,False,A,True,0.01087273080283461,0.003881136961143092,-4.368507911853219e-05,0.5892857142857199,0.4107142857142801
MGNT,-1,2022-01-19 20:20:00+00:00,2022-01-20 07:00:00+00:00,5073.5,5055.5,137.97181432935844,2483.492657928452,0.002483492657928452,64,v3_short,timeout,False,A,True,0.015078348280279886,0.005655637636941048,0.0003074800433625702,0.803921568627451,0.19607843137254902
MGNT,1,2022-01-20 20:00:00+00:00,2022-01-21 06:50:00+00:00,5019.5,4980.0,139.80245938052593,-5522.197145530774,-0.005508516784540292,65,v3_long,timeout,False,A,True,0.01922693763697948,0.004214596777144809,-0.00023709902370990237,0.30569948186528495,0.694300518134715
MGNT,1,2022-01-28 20:30:00+00:00,2022-01-28 23:50:00+00:00,4913.5,4904.0,142.03173030603003,-1349.3014379072852,-0.0013534140632950036,20,v3_long,weekend_exit,False,A,True,0.00987076422102371,0.004163871715369774,0.0001719751704487636,0.15463917525773196,0.845360824742268
MGNT,-1,2022-02-01 19:20:00+00:00,2022-02-02 06:50:00+00:00,5092.0,5102.5,136.86732047371237,-1437.1068649739798,-0.0014434406912804398,69,v3_short,timeout,False,A,True,0.013546677137528221,0.003690177356895443,-5.3008736625110435e-05,0.8188405797101449,0.18115942028985507
MGNT,-1,2022-02-02 12:20:00+00:00,2022-02-02 12:40:00+00:00,5166.0,5147.5,134.71204433733286,2492.172820240658,0.0025067750677506776,2,v3_short,opposite_signal,False,A,True,0.01654091700522345,0.003452986041494457,,0.30994152046783624,0.6900584795321637
MGNT,-1,2023-02-16 13:20:00+00:00,2023-02-16 16:40:00+00:00,4502.5,4434.9625,154.9510143300011,10465.004130312505,0.010500000000000056,20,v3_short,tp,False,A,True,0.01622222222222222,0.0037883597883597883,,0.8493150684931506,0.1506849315068493
MGNT,-1,2023-08-29 13:20:00+00:00,2023-08-29 19:40:00+00:00,6073.5,6134.235,116.0768000184488,-7049.924449120449,-0.006999999999999962,38,v3_short,sl,False,A,True,0.017614618487118282,0.003574662229695566,,0.8738317757009346,0.1261682242990654
MGNT,-1,2023-08-31 13:20:00+00:00,2023-08-31 21:20:00+00:00,6058.5,6075.0,115.54964063673589,-1906.5690705061422,-0.0019064124783362219,48,v3_short,timeout,False,A,True,0.021048287247214196,0.003934516439675333,,0.9529411764705882,0.047058823529411764
MGNT,1,2023-09-19 21:40:00+00:00,2023-09-20 09:50:00+00:00,5591.0,5564.0,124.97279546562513,-3374.2654775718784,-0.003380432838490431,73,v3_long,timeout,False,A,True,0.010282546494992847,0.0035564655046567985,-0.0002271101573676681,0.0,1.0
MGNT,-1,2023-11-14 13:20:00+00:00,2023-11-14 15:20:00+00:00,6081.5,5990.2775,114.50479546394965,10445.41370421013,0.010499999999999983,12,v3_short,tp,False,A,True,0.015046867291563888,0.003022685805122904,,0.9234972677595629,0.07650273224043716
MGNT,-1,2024-08-20 13:20:00+00:00,2024-08-20 21:20:00+00:00,5286.5,5240.0,133.10748192697568,6189.497909604369,0.00615719284971153,48,v3_short,timeout,False,A,True,0.024496358649389954,0.004584904045794994,,0.8494208494208494,0.15057915057915058
MGNT,-1,2024-09-03 22:00:00+00:00,2024-09-04 09:50:00+00:00,4610.5,4610.0,153.56368110696883,76.78184055348441,7.59136753063659e-05,71,v3_short,timeout,False,A,True,0.014315150200628998,0.0037514192316119594,-0.0001355601344756534,0.9772727272727273,0.022727272727272728
MGNT,-1,2024-12-17 13:20:00+00:00,2024-12-17 16:10:00+00:00,4354.0,4288.69,162.62266858798057,10620.886485481076,0.010500000000000065,17,v3_short,tp,False,A,True,0.0188310942702951,0.0032916140391166227,,0.5853658536585366,0.4146341463414634
MGNT,-1,2024-12-25 13:20:00+00:00,2024-12-25 21:20:00+00:00,4990.5,5027.0,143.37114909766638,-5233.046942064822,-0.00511972748221621,48,v3_short,timeout,False,A,True,0.013421474358974358,0.00381085927960928,,0.753731343283582,0.2462686567164179
MGNT,-1,2025-02-12 20:00:00+00:00,2025-02-12 20:30:00+00:00,4908.0,4957.08,145.03475686887913,-7118.305867124577,-0.00699999999999999,3,v3_short,sl,False,A,True,0.015281173594132029,0.0032599837000814994,-0.00016605541972290137,1.0,0.0
MGNT,1,2025-02-17 20:00:00+00:00,2025-02-18 06:50:00+00:00,5149.0,5200.0,137.27865072935938,7001.211187197328,0.0069333851233249165,65,v3_long,timeout,False,A,True,0.011948707985234118,0.0033227201896884654,0.0002467456770934525,0.1951219512195122,0.8048780487804879
MGNT,1,2025-02-27 19:30:00+00:00,2025-02-27 23:10:00+00:00,5067.0,5016.33,140.46746012167154,-7117.486204365107,-0.0070000000000000106,22,v3_long,sl,False,A,True,0.02170909808565226,0.004080021588268226,-0.0001638050128281034,0.17272727272727273,0.8272727272727273
MGNT,1,2025-03-06 19:20:00+00:00,2025-03-06 19:50:00+00:00,4995.0,5015.0,141.4947707894803,2829.895415789606,0.002802802802802803,3,v3_long,opposite_signal,False,A,True,0.011114448783418444,0.0033329042040366763,-5.5071593070992295e-05,0.04504504504504504,0.954954954954955
MGNT,-1,2025-03-25 20:40:00+00:00,2025-03-26 06:50:00+00:00,4680.5,4672.0,151.42555429644415,1287.1172115197753,0.0012712317060143148,61,v3_short,timeout,False,A,True,0.020833333333333332,0.0036804465375893944,-0.0003514957264957265,0.9794871794871794,0.020512820512820513
MGNT,1,2025-03-28 21:10:00+00:00,2025-03-28 23:50:00+00:00,4430.0,4421.5,160.1914873436954,-1361.6276424214109,-0.0013431151241534989,16,v3_long,weekend_exit,False,A,True,0.016930022573363433,0.004929285483945271,-0.0002821670428893905,0.06666666666666667,0.9333333333333333
MGNT,-1,2025-03-31 20:20:00+00:00,2025-04-01 06:50:00+00:00,4433.5,4429.0,159.85003937811564,719.3251772015203,0.0007104996052779971,63,v3_short,timeout,False,A,True,0.014435547535806925,0.003756188389419149,-6.31555204691553e-05,0.7421875,0.2578125
MGNT,-1,2025-04-02 22:50:00+00:00,2025-04-03 06:50:00+00:00,4758.5,4738.0,149.03828458693218,3055.2848340321098,0.003015656194178838,48,v3_short,timeout,False,A,True,0.019438898812651047,0.005182991553246285,-8.406010297362615e-06,0.9243243243243243,0.07567567567567568
MGNT,1,2025-04-18 19:20:00+00:00,2025-04-18 23:50:00+00:00,4486.0,4473.0,158.5682961637849,-2061.387850129204,-0.0020285332144449396,27,v3_long,weekend_exit,False,A,True,0.012373202541522684,0.0030642956101178628,7.245569055846617e-05,0.009009009009009009,0.990990990990991
MGNT,-1,2025-04-28 23:40:00+00:00,2025-04-29 07:40:00+00:00,4760.0,4786.5,149.13748006211108,-3952.1432216459434,-0.003897058823529412,48,v3_short,timeout,False,A,True,0.01365546218487395,0.0044332018521694395,0.000532563025210084,0.8769230769230769,0.12307692307692308
MGNT,-1,2025-05-27 11:00:00+00:00,2025-05-27 19:00:00+00:00,3759.0,3742.0,188.11596297964792,3197.9713706540147,0.003165735567970205,48,v3_short,timeout,False,A,True,0.026602819898909284,0.004208566108007449,-0.00015828677839851022,0.89,0.11
MGNT,-1,2025-09-17 19:30:00+00:00,2025-09-18 06:50:00+00:00,3292.0,3302.0,215.48192126365564,-2154.8192126365566,-0.0021263669501822603,68,v3_short,timeout,False,A,True,0.01746658566221142,0.003471619510501649,-0.00022023086269744836,0.9304347826086956,0.06956521739130435
MGNT,1,2025-10-01 21:10:00+00:00,2025-10-01 22:40:00+00:00,3023.0,3044.0,234.15749631197778,4917.307422551534,0.0048627191531591145,9,v3_long,opposite_signal,False,A,True,0.00959311941779689,0.003280968358233138,-0.0003837247767118756,0.06896551724137931,0.9310344827586207
MGNT,1,2025-10-02 20:00:00+00:00,2025-10-03 06:50:00+00:00,3057.0,3052.0,232.6791712616601,-1163.3958563083004,-0.0011449133137062478,65,v3_long,timeout,False,A,True,0.02225130890052356,0.0045310663532428675,0.0004139397905759162,0.16911764705882354,0.8308823529411765
MGNT,-1,2025-10-06 19:20:00+00:00,2025-10-07 06:50:00+00:00,3033.5,3020.0,234.21323535436923,3161.8786772839844,0.0031152134498104497,69,v3_short,timeout,False,A,True,0.01549876339653751,0.0034389353433046757,8.244023083264634e-05,0.776595744680851,0.22340425531914893
MGNT,-1,2025-10-09 10:20:00+00:00,2025-10-09 11:20:00+00:00,2989.0,2944.165,238.44067063284638,10690.487467823676,0.010500000000000008,6,v3_short,tp,False,A,True,0.013549682167949146,0.003457120553139289,-1.840080294412847e-05,0.8148148148148148,0.18518518518518517
MGNT,-1,2025-10-10 12:00:00+00:00,2025-10-10 16:40:00+00:00,3036.0,2990.46,237.21426408071625,10802.73758623581,0.010499999999999994,28,v3_short,tp,False,A,True,0.012681159420289856,0.0031663054103446813,,0.8961038961038961,0.1038961038961039
MGNT,-1,2025-10-21 13:10:00+00:00,2025-10-21 18:00:00+00:00,3015.5,2970.2675,241.33457869654106,10916.16633089131,0.010500000000000016,29,v3_short,tp,False,A,True,0.01176860600033151,0.0039345005975904455,,0.8732394366197183,0.1267605633802817
VKCO,-1,2022-01-11 19:40:00+00:00,2022-01-12 07:00:00+00:00,767.4,771.6,912.170966901225,-3831.1180609851867,-0.0038311180609851866,68,v3_short,timeout,False,A,True,0.01381647549530764,0.004202932476431654,-8.34202294056291e-05,0.7547169811320739,0.24528301886792614
VKCO,-1,2022-01-28 22:00:00+00:00,2022-01-28 22:40:00+00:00,597.0,591.8,1168.03721500387,6073.793518020177,0.006097152428810773,4,v3_short,opposite_signal,False,A,True,0.020100502512562814,0.004649095819232211,-0.0001340033500837521,0.8833333333333352,0.11666666666666477
VKCO,1,2022-02-01 22:30:00+00:00,2022-02-01 23:20:00+00:00,643.2,649.0,1090.749180379236,6326.345246199518,0.006312189054726319,5,v3_long,opposite_signal,False,A,True,0.018685767673621925,0.00551675045602169,0.0001837433821239482,0.15000000000000568,0.8499999999999943
VKCO,-1,2022-02-01 23:40:00+00:00,2022-02-01 23:40:00+00:00,650.8,657.308,1084.8160947945055,-7059.983144922683,-0.007000000000000042,0,v3_short,sl,False,A,True,0.014764687788372843,0.005323322808052757,2.1531836358045077e-05,0.979166666666662,0.02083333333333802
VKCO,-1,2022-02-07 19:50:00+00:00,2022-02-07 22:50:00+00:00,577.0,582.77,1215.0022985976052,-7010.56326290816,-0.006999999999999978,18,v3_short,sl,False,A,True,0.016296809986130534,0.004925132327549607,0.00012829403606102793,0.1276595744680887,0.8723404255319113
VKCO,1,2022-02-09 19:50:00+00:00,2022-02-09 22:50:00+00:00,625.0,629.8,1113.8382912108523,5346.42379781204,0.005375999999999949,18,v3_long,opposite_signal,False,A,True,0.016320000000000074,0.005289795918367328,0.0001311999999999971,0.15686274509804074,0.8431372549019592
VKCO,1,2022-02-11 19:20:00+00:00,2022-02-11 21:30:00+00:00,590.6,584.6940000000001,1185.0515216140384,-6998.914286652451,-0.00699999999999994,13,v3_long,sl,False,A,True,0.02235015238740272,0.005584082600192119,-0.00012868269556383185,0.19696969696969802,0.803030303030302
VKCO,1,2022-02-15 20:50:00+00:00,2022-02-15 23:00:00+00:00,606.0,615.0899999999999,1146.8517964762282,10424.88282996882,0.010499999999999904,13,v3_long,tp,False,A,True,0.019808517662594918,0.00675780381482403,-0.00017497523935292028,0.25,0.75
VKCO,-1,2022-02-17 19:50:00+00:00,2022-02-17 23:10:00+00:00,590.4,583.8,1189.5149164051024,7850.798448273703,0.007825203252032547,20,v3_short,opposite_signal,False,A,True,0.022335025380710735,0.00538002002831589,-0.0003519458544839248,0.7878787878787834,0.21212121212121657
VKCO,1,2022-12-15 23:40:00+00:00,2022-12-16 09:50:00+00:00,440.8,441.2,1605.6832249531853,642.2732899812377,0.0006352087114337208,61,v3_long,timeout,False,A,True,0.010899182561307928,0.0038091530890285263,9.082652134423253e-05,0.12500000000000444,0.8749999999999956
VKCO,-1,2022-12-21 23:40:00+00:00,2022-12-22 09:50:00+00:00,442.0,440.0,1602.341078874097,3204.682157748194,0.003167420814479638,61,v3_short,timeout,False,A,True,0.013580805794477138,0.0032797184061492306,-0.0002806699864191937,1.0,0.0
VKCO,-1,2022-12-26 21:50:00+00:00,2022-12-27 09:50:00+00:00,452.2,454.8,1571.1588553135218,-4085.0130238151924,-0.0040247678018576205,72,v3_short,timeout,False,A,True,0.01459531180893415,0.0030327920641940983,-0.00022556390977443458,0.9393939393939345,0.06060606060606556
VKCO,-1,2023-04-20 13:20:00+00:00,2023-04-20 16:10:00+00:00,473.2,477.932,1495.3899519359761,-7076.18525256108,-0.007000000000000041,17,v3_short,sl,False,A,True,0.020287404902789567,0.003723382844261965,,0.729166666666665,0.27083333333333504
VKCO,1,2023-05-05 22:00:00+00:00,2023-05-05 23:50:00+00:00,475.0,474.6,1479.2951485880235,-591.7180594351757,-0.0005894736842104928,11,v3_long,weekend_exit,False,A,True,0.015578947368421005,0.003832438238453278,0.00013052631578947224,0.0,1.0
VKCO,-1,2023-06-21 13:20:00+00:00,2023-06-21 21:20:00+00:00,638.8,640.4,1099.3284172475055,-1758.9254675960337,-0.0017532874139010893,48,v3_short,timeout,False,A,True,0.027230046948356772,0.004501080557418592,,0.7241379310344784,0.2758620689655215
VKCO,-1,2023-07-20 13:20:00+00:00,2023-07-20 16:10:00+00:00,665.8,672.458,1052.898385566821,-7010.19745110391,-0.007000000000000017,17,v3_short,sl,False,A,True,0.021334134615384512,0.0044356684981684815,,0.7464788732394338,0.2535211267605662
VKCO,-1,2023-07-28 13:20:00+00:00,2023-07-28 13:50:00+00:00,711.2,718.312,978.7860051949051,-6961.126068946132,-0.006999999999999966,3,v3_short,sl,False,A,True,0.022778402699662605,0.004124484439445063,,0.8765432098765435,0.12345679012345645
VKCO,-1,2023-08-01 13:20:00+00:00,2023-08-01 13:50:00+00:00,723.0,730.23,956.0716717100336,-6912.39818646356,-0.007000000000000017,3,v3_short,sl,False,A,True,0.022130013831258646,0.005176842521240855,,0.7374999999999972,0.26250000000000284
VKCO,-1,2023-08-04 13:20:00+00:00,2023-08-04 14:40:00+00:00,760.8,749.3879999999999,902.2097002048237,10296.017098737479,0.010500000000000032,8,v3_short,tp,False,A,True,0.023396424815983117,0.005295178008111763,,0.6067415730337069,0.39325842696629315
VKCO,-1,2023-09-12 22:30:00+00:00,2023-09-12 23:40:00+00:00,677.6,684.376,1023.6250765716441,-6936.083518849413,-0.006999999999999952,7,v3_short,sl,False,A,True,0.01208370173887422,0.004402822136812264,-0.0003448275862068979,0.8292682926829306,0.17073170731706946
VKCO,1,2023-10-27 22:30:00+00:00,2023-10-27 23:50:00+00:00,581.6,578.0,1184.2384687444144,-4263.258487479919,-0.004332874828060549,8,v3_long,weekend_exit,False,A,True,0.015834767641996636,0.0036601215357055013,-6.196213425128931e-05,0.3913043478260875,0.6086956521739125
VKCO,-1,2023-10-30 22:50:00+00:00,2023-10-31 09:50:00+00:00,592.6,590.0,1157.2204058057976,3008.7730550951,0.003071211609854904,66,v3_short,timeout,False,A,True,0.017549780627742113,0.0033818454820334974,-0.0001822477219034716,0.8076923076923073,0.19230769230769273
VKCO,-1,2023-11-09 13:20:00+00:00,2023-11-09 16:40:00+00:00,623.2,613.8520000000001,1103.7788087597594,10318.124304286182,0.010499999999999949,20,v3_short,tp,False,A,True,0.02118100128369712,0.005394584021028173,,0.7727272727272735,0.2272727272727265
VKCO,-1,2023-12-07 22:20:00+00:00,2023-12-08 09:50:00+00:00,582.0,581.0,1194.3258430104509,1194.3258430104509,0.0012027491408934706,69,v3_short,timeout,False,A,True,0.013745704467353952,0.0036468195525632815,0.00020618556701030926,0.625,0.375
VKCO,-1,2023-12-28 13:20:00+00:00,2023-12-28 21:20:00+00:00,562.4,565.0,1237.4353995771512,-3217.3320389006212,-0.0032361308677098435,48,v3_short,timeout,False,A,True,0.024528972627088436,0.004367477527804583,,0.666666666666664,0.3333333333333361
VKCO,-1,2024-01-30 13:20:00+00:00,2024-01-30 21:20:00+00:00,676.8,674.2,1024.9431682845145,2664.8522375396446,0.0026891252955081805,48,v3_short,timeout,False,A,True,0.01712429878948909,0.0038663236183165326,,0.7413793103448255,0.25862068965517443
VKCO,-1,2024-03-26 13:20:00+00:00,2024-03-26 21:20:00+00:00,617.0,617.0,1127.3045913472238,-0.0,-0.0,48,v3_short,timeout,False,A,True,0.018794556059624143,0.003132426009937327,,0.827586206896552,0.17241379310344793
VKCO,-1,2024-04-09 13:20:00+00:00,2024-04-09 16:20:00+00:00,614.8,605.578,1131.338537510145,10433.203992918534,0.010499999999999976,18,v3_short,tp,False,A,True,0.019193233571893228,0.0035319267589924734,,0.8305084745762705,0.16949152542372947
VKCO,-1,2024-05-03 13:20:00+00:00,2024-05-03 21:20:00+00:00,587.2,584.0,1196.9519340195504,3830.246188862616,0.0038147138964578194,48,v3_short,timeout,False,A,True,0.019407558733401394,0.0034210483648685753,,0.8596491228070252,0.14035087719297476
VKCO,-1,2024-07-24 13:20:00+00:00,2024-07-24 21:20:00+00:00,471.8,467.6,1495.4034505902582,6280.694492479068,0.006231454005934701,48,v3_short,timeout,False,A,True,0.017819261773440887,0.003575974301472814,,0.9047619047619038,0.0952380952380962
VKCO,-1,2024-07-30 13:20:00+00:00,2024-07-30 16:40:00+00:00,448.6,453.086,1582.540869668344,-7099.278341332175,-0.006999999999999983,20,v3_short,sl,False,A,True,0.018279090503789543,0.005307517567883156,,0.780487804878054,0.21951219512194597
VKCO,-1,2024-08-01 13:20:00+00:00,2024-08-01 18:40:00+00:00,466.4,459.404,1511.4887206138224,10574.375089414272,0.010499999999999973,32,v3_short,gap_tp,False,A,True,0.024892703862660993,0.004107909258123855,,0.9482758620689636,0.05172413793103634
VKCO,-1,2024-08-07 23:30:00+00:00,2024-08-08 09:50:00+00:00,453.0,453.0,1572.5395184478514,-0.0,-0.0,62,v3_short,timeout,False,A,True,0.01059602649006625,0.00315357931251971,3.532008830022125e-05,1.0,0.0
VKCO,-1,2024-08-20 13:20:00+00:00,2024-08-20 18:00:00+00:00,404.2,398.137,1762.3958482357168,10685.40602785313,0.01049999999999998,28,v3_short,tp,False,A,True,0.012864918357248858,0.004146933389882437,,0.6923076923076873,0.30769230769231276
VKCO,-1,2024-08-26 23:10:00+00:00,2024-08-27 09:50:00+00:00,379.8,379.0,1895.3138127340019,1516.251050187223,0.001474460242232775,64,v3_short,timeout,False,A,True,0.008421052631578918,0.003651987110633721,8.421052631578769e-05,0.9375000000000033,0.06249999999999667
VKCO,-1,2024-08-28 21:50:00+00:00,2024-08-29 09:50:00+00:00,359.8,358.0,2003.6174591759448,3606.5114265167235,0.0035019455252918506,72,v3_short,timeout,False,A,True,0.011117287381878822,0.005955689668863658,-0.00031128404669260827,0.9000000000000057,0.09999999999999432
VKCO,-1,2024-09-06 23:30:00+00:00,2024-09-06 23:50:00+00:00,346.8,349.0,2086.0038056806998,-4589.2083724975155,-0.004440599769319469,2,v3_short,weekend_exit,False,A,True,0.008650519031141867,0.00381329002189111,0.00023644752018454573,1.0,0.0
VKCO,-1,2024-09-16 21:50:00+00:00,2024-09-17 09:50:00+00:00,356.2,356.8,2021.936198622455,-1213.161719173519,-0.0011791128579450195,72,v3_short,timeout,False,A,True,0.008422234699606963,0.0032543056526372523,2.2459292532287147e-05,1.0,0.0
VKCO,-1,2024-10-08 13:20:00+00:00,2024-10-08 21:20:00+00:00,335.6,336.4,2143.517463485986,-1714.8139707886912,-0.0016686531585219549,48,v3_short,timeout,False,A,True,0.015476190476190612,0.004790249433106602,,0.8076923076923094,0.19230769230769063
VKCO,-1,2024-12-11 22:00:00+00:00,2024-12-11 23:30:00+00:00,254.4,256.944,2822.972055685318,-7181.640909663481,-0.007000000000000031,9,v3_short,sl,False,A,True,0.02913385826771656,0.004933311907440147,0.0,0.9189189189189197,0.08108108108108025
VKCO,-1,2024-12-19 21:50:00+00:00,2024-12-20 09:50:00+00:00,248.4,248.4,2870.92166799348,-0.0,-0.0,72,v3_short,timeout,False,A,True,0.013687600644122406,0.004387262151237312,-2.415458937198159e-05,1.0,0.0
VKCO,-1,2025-01-16 22:40:00+00:00,2025-01-17 09:50:00+00:00,338.4,339.0,2107.3786711867033,-1264.4272027120699,-0.0012411347517730965,67,v3_short,timeout,False,A,True,0.012404016538688853,0.004170835493086789,-7.0880094506792e-05,0.7142857142857065,0.28571428571429347
VKCO,-1,2025-02-03 21:10:00+00:00,2025-02-04 06:50:00+00:00,324.2,320.6,2196.952015076132,7909.0272542739995,0.007772979642196101,58,v3_short,timeout,False,A,True,0.019118100524205945,0.003222010358259858,-0.0004162812210915819,0.9032258064516091,0.09677419354839094
VKCO,-1,2025-02-12 12:50:00+00:00,2025-02-12 14:30:00+00:00,319.0,314.215,2250.1196312403567,10766.822435485163,0.010500000000000054,10,v3_short,tp,False,A,True,0.014738162433364656,0.0036235671230967687,,0.7234042553191459,0.2765957446808541
VKCO,1,2025-02-17 20:00:00+00:00,2025-02-17 22:30:00+00:00,326.7,331.60049999999995,2220.155916959025,10879.874071057626,0.010499999999999928,15,v3_long,tp,False,A,True,0.013468013468013398,0.003685588101172496,0.00024793388429752137,0.045454545454543104,0.9545454545454569
VKCO,-1,2025-02-20 11:50:00+00:00,2025-02-20 12:20:00+00:00,328.3,331.583,2232.533810296234,-7329.408499202571,-0.007000000000000032,3,v3_short,sl,False,A,True,0.013711151736745888,0.0037781840341255435,,0.644444444444452,0.35555555555554796
VKCO,1,2025-02-20 20:00:00+00:00,2025-02-21 06:50:00+00:00,328.8,330.0,2213.534866091277,2656.241839309507,0.002554744525547421,65,v3_long,timeout,False,A,True,0.024939172749391694,0.0044503202740950355,0.00021593673965937155,0.20731707317073061,0.7926829268292694
VKCO,-1,2025-02-24 20:30:00+00:00,2025-02-25 06:50:00+00:00,337.5,340.4,2161.9840985431956,-6269.753885775218,-0.006014814814814767,62,v3_short,timeout,False,A,True,0.009783575452119808,0.003297494509217855,-5.929439667949356e-06,0.969696969696963,0.03030303030303709
VKCO,-1,2025-03-03 20:20:00+00:00,2025-03-04 06:50:00+00:00,324.4,321.2,2235.760806221597,7154.434579909084,0.006905055487052997,63,v3_short,timeout,False,A,True,0.018495684340320593,0.0036236442789199436,-2.1578298397038587e-05,0.6333333333333258,0.36666666666667425
VKCO,1,2025-03-05 19:50:00+00:00,2025-03-05 21:30:00+00:00,338.9,335.51099999999997,2154.880229401659,-7302.889097442244,-0.00700000000000002,10,v3_long,sl,False,A,True,0.015343759221009114,0.003661305183035137,0.0003098259073473035,0.15384615384614544,0.8461538461538546
VKCO,-1,2025-03-13 12:50:00+00:00,2025-03-13 15:30:00+00:00,319.5,314.7075,2269.72421713932,10877.653310640233,0.01050000000000004,16,v3_short,tp,False,A,True,0.01564455569461827,0.0031289111389236446,,0.9799999999999954,0.02000000000000455
VKCO,-1,2025-03-21 22:40:00+00:00,2025-03-21 23:50:00+00:00,295.3,294.4,2481.514543492925,2233.363089143717,0.0021334236369794234,7,v3_short,weekend_exit,False,A,True,0.015238740264138163,0.004395391749656176,-9.481882831019149e-05,0.4444444444444444,0.5555555555555556
VKCO,-1,2025-03-24 21:00:00+00:00,2025-03-24 21:20:00+00:00,289.3,284.9605,2538.3843721253415,11015.318982837885,0.010499999999999966,2,v3_short,tp,False,A,True,0.005530591081921958,0.003012196928546725,-0.00021085378499827246,0.8124999999999956,0.18750000000000444
VKCO,1,2025-03-28 19:30:00+00:00,2025-03-28 23:50:00+00:00,282.1,280.4,2630.504509549266,-4471.857666233872,-0.004218362282878524,26,v3_long,weekend_exit,False,A,True,0.011347517730496413,0.004197423650311151,-3.546099290780142e-05,0.15625000000000056,0.8437499999999994
VKCO,-1,2025-04-03 13:00:00+00:00,2025-04-03 17:10:00+00:00,281.6,277.37600000000003,2624.0590261984526,11084.025326662237,0.010499999999999973,25,v3_short,tp,False,A,True,0.015991471215351813,0.003947444245951717,,0.9111111111111162,0.08888888888888384
VKCO,-1,2025-04-11 19:40:00+00:00,2025-04-11 21:40:00+00:00,253.4,251.3,2946.700234830891,6188.0704931448545,0.005801104972375674,12,v3_short,opposite_signal,False,A,True,0.018547750591949443,0.0038577388334970794,3.157063930544638e-05,0.9787234042553203,0.021276595744679692
VKCO,1,2025-04-14 20:30:00+00:00,2025-04-14 21:20:00+00:00,248.3,250.9,3024.669709429518,7864.14124451673,0.007329842931937156,5,v3_long,opposite_signal,False,A,True,0.011276681433749542,0.0030328684031002634,-0.0002053966975432953,0.21428571428572155,0.7857142857142785
VKCO,-1,2025-04-17 21:00:00+00:00,2025-04-18 06:50:00+00:00,252.5,252.0,2996.1599513762812,1498.0799756881406,0.001386138613861386,59,v3_short,timeout,False,A,True,0.02414885193982579,0.003999224392845024,-0.00011084718923199003,0.7213114754098376,0.27868852459016236
VKCO,-1,2025-04-24 19:20:00+00:00,2025-04-25 06:50:00+00:00,273.1,273.7,2773.998695369801,-1664.399217221786,-0.001537898205785339,69,v3_short,timeout,False,A,True,0.01684364701574523,0.0038709002458544584,-0.0003112413035518125,0.847826086956525,0.15217391304347505
VKCO,-1,2025-04-25 22:30:00+00:00,2025-04-25 23:50:00+00:00,282.8,283.6,2674.7311324378975,-2139.7849059503483,-0.0019801980198020084,8,v3_short,weekend_exit,False,A,True,0.008135833038556613,0.003804422370292301,-6.013441811107342e-05,0.9565217391304488,0.04347826086955125
VKCO,-1,2025-05-15 19:50:00+00:00,2025-05-16 06:50:00+00:00,258.4,257.8,2921.5019923346454,1752.9011954006876,0.0016253869969039328,66,v3_short,timeout,False,A,True,0.012761020881670576,0.003519737361301824,-0.0002204176334106746,0.8181818181818119,0.18181818181818807
VKCO,-1,2025-05-29 12:00:00+00:00,2025-05-29 20:00:00+00:00,260.7,257.3,2900.4340071194965,9861.475624206223,0.0091292673571154,48,v3_short,timeout,False,A,True,0.014587332053742847,0.0041112005448578955,,0.8421052631578893,0.15789473684211078
VKCO,-1,2025-05-30 10:20:00+00:00,2025-05-30 11:50:00+00:00,259.5,257.9,2940.4477017071176,4704.716322731455,0.004315992292870967,9,v3_short,opposite_signal,False,A,True,0.020809248554913316,0.003523259014588482,3.853564547207041e-06,0.814814814814815,0.18518518518518498
VKCO,-1,2025-06-04 10:40:00+00:00,2025-06-04 16:20:00+00:00,278.5,281.285,2751.667791809368,-7663.394800189159,-0.007000000000000063,34,v3_short,sl,False,A,True,0.021528525296017224,0.0045241103882934655,-2.511661284535506e-05,0.75,0.25
VKCO,1,2025-06-05 19:20:00+00:00,2025-06-06 06:50:00+00:00,285.5,287.2,2665.4119217470284,4531.200266969918,0.0041681260945709,69,v3_long,timeout,False,A,True,0.01750087504375219,0.0043002150107505285,0.00021701085054252873,0.1,0.9
VKCO,-1,2025-06-09 19:40:00+00:00,2025-06-10 06:50:00+00:00,270.8,273.0,2821.8129388687425,-6207.988465511202,-0.005686853766617401,67,v3_short,timeout,False,A,True,0.012186115214180249,0.004069574654086154,-0.0001366322008862562,0.909090909090906,0.09090909090909403
VKCO,-1,2025-06-17 10:30:00+00:00,2025-06-17 12:00:00+00:00,258.5,261.085,2939.270220192641,-7598.013519197916,-0.006999999999999945,9,v3_short,sl,False,A,True,0.015087040618955534,0.0036926323193247805,-3.868471953577897e-05,0.871794871794872,0.12820512820512803
VKCO,-1,2025-06-24 13:00:00+00:00,2025-06-24 15:20:00+00:00,254.6,257.146,2963.4043301506645,-7544.827424563653,-0.007000000000000058,14,v3_short,sl,False,A,True,0.014925373134328292,0.0037366510265174797,,0.8684210526315783,0.13157894736842166
VKCO,1,2025-07-03 19:40:00+00:00,2025-07-04 06:50:00+00:00,292.9,293.0,2557.8742344116235,255.7874234412205,0.00023898941618305197,67,v3_long,timeout,False,A,True,0.02013651877133098,0.004708504562234447,0.00045051194539248913,0.15254237288135267,0.8474576271186474
VKCO,-1,2025-07-04 10:20:00+00:00,2025-07-04 11:10:00+00:00,292.9,288.50649999999996,2558.4855392815753,11240.706216833645,0.010500000000000042,5,v3_short,tp,False,A,True,0.015363605326049848,0.00401567250321091,-6.828269033800321e-05,0.8222222222222197,0.1777777777777803
VKCO,1,2025-07-07 21:00:00+00:00,2025-07-08 06:50:00+00:00,284.0,283.1,2666.369397209003,-2399.732457488042,-0.002218309859154874,59,v3_long,timeout,False,A,True,0.011623811201127198,0.0029832292198316533,0.00012680521310320215,0.151515151515151,0.848484848484849
VKCO,-1,2025-07-16 12:30:00+00:00,2025-07-16 20:30:00+00:00,330.4,330.8,2286.8314046220194,-914.7325618488858,-0.0008474576271187165,48,v3_short,timeout,False,A,True,0.012102874432677761,0.003381685503248198,,0.7749999999999915,0.22500000000000853
VKCO,-1,2025-07-18 10:40:00+00:00,2025-07-18 10:50:00+00:00,325.2,323.2,2321.429222920729,4642.858445841458,0.004305043050430505,1,v3_short,opposite_signal,False,A,True,0.015682656826568338,0.004010909674314127,0.00012915129151291652,0.6274509803921519,0.37254901960784814
VKCO,1,2025-07-30 19:50:00+00:00,2025-07-30 21:30:00+00:00,320.6,322.6,2364.87456084189,4729.74912168378,0.004366812227074236,10,v3_long,opposite_signal,False,A,True,0.010917030567685589,0.003895756680713439,0.00015283842794759753,0.02857142857143507,0.971428571428565
VKCO,-1,2025-08-06 20:40:00+00:00,2025-08-06 21:50:00+00:00,328.4,331.68399999999997,2318.7868714710376,-7614.896085910868,-0.006999999999999984,7,v3_short,sl,False,A,True,0.018879415347137603,0.003038852569042225,-0.000124847746650427,0.8225806451612864,0.17741935483871368
VKCO,1,2025-08-13 19:30:00+00:00,2025-08-14 06:50:00+00:00,353.0,352.2,2142.0939981046768,-1713.6751984837658,-0.0015864022662889744,68,v3_long,timeout,False,A,True,0.014730878186968806,0.004041163207492628,-0.000178470254957509,0.03846153846153636,0.9615384615384637
VKCO,-1,2025-08-14 12:30:00+00:00,2025-08-14 20:30:00+00:00,350.1,349.2,2156.411335881212,1940.7702022931642,0.0017994858611825872,48,v3_short,timeout,False,A,True,0.01200000000000013,0.003630252100840345,,0.8809523809523823,0.11904761904761776
VKCO,-1,2025-08-22 10:30:00+00:00,2025-08-22 14:30:00+00:00,335.8,339.158,2252.287515883316,-7563.181478336183,-0.007000000000000008,24,v3_short,sl,False,A,True,0.01221328567173078,0.003222574268150693,-5.36193029490637e-05,0.9268292682926805,0.07317073170731944
VKCO,-1,2025-09-04 10:50:00+00:00,2025-09-04 11:10:00+00:00,336.1,334.0,2234.5252032097055,4692.5029267404325,0.004373698304076214,2,v3_short,opposite_signal,False,A,True,0.010413567390657541,0.00306208469701479,3.3825301315565612e-18,0.8000000000000033,0.19999999999999676
VKCO,-1,2025-09-16 19:50:00+00:00,2025-09-17 06:50:00+00:00,313.5,310.7,2406.0882706459342,6737.0471578086435,0.006251993620414699,66,v3_short,timeout,False,A,True,0.013392857142857106,0.0031432215743440383,-4.4642857142860036e-05,0.7619047619047613,0.23809523809523875
VKCO,1,2025-09-17 20:10:00+00:00,2025-09-18 06:50:00+00:00,306.5,306.2,2476.4261202543767,-742.9278360763411,-0.0006851549755302054,64,v3_long,timeout,False,A,True,0.015008156606851439,0.003262642740619891,9.787928221858222e-06,0.08695652173912613,0.9130434782608738
VKCO,1,2025-09-19 19:40:00+00:00,2025-09-19 23:40:00+00:00,301.7,303.8,2514.101943562191,5279.614081480659,0.004872389791183348,24,v3_long,opposite_signal,False,A,True,0.0169042094796154,0.003612184018453246,4.6403712296979235e-05,0.11764705882352351,0.8823529411764764
VKCO,-1,2025-09-23 12:30:00+00:00,2025-09-23 15:00:00+00:00,298.3,301.283,2555.1467858858514,-7622.002862297505,-0.007000000000000009,15,v3_short,sl,False,A,True,0.02112676056338032,0.0034224957588669374,,0.8730158730158715,0.12698412698412856
VKCO,-1,2025-10-06 20:00:00+00:00,2025-10-07 06:50:00+00:00,267.2,264.0,2832.578159528972,9064.250110492678,0.008383233532934102,65,v3_short,timeout,False,A,True,0.02131637995512337,0.005151649290980421,3.7397157815971975e-06,0.8596491228070152,0.14035087719298472
VKCO,1,2025-10-10 23:00:00+00:00,2025-10-10 23:50:00+00:00,262.9,263.1,2903.042446951259,580.6084893903839,0.0005325218714341263,5,v3_long,weekend_exit,False,A,True,0.011787072243346094,0.004733452316287741,-1.9011406844106464e-05,0.06451612903225393,0.9354838709677461
VKCO,-1,2025-10-27 19:50:00+00:00,2025-10-28 06:50:00+00:00,253.4,250.0,3013.481788658482,10245.838081438857,0.009392265193370181,66,v3_short,timeout,False,A,True,0.010260457774269906,0.0032617624792616357,-0.00017758484609313338,0.9615384615384637,0.03846153846153636
OZON,-1,2022-01-12 13:20:00+00:00,2022-01-12 17:40:00+00:00,2066.0,2086.66,338.8189738625363,-6999.999999999951,-0.006999999999999951,26,v3_short,sl,False,A,True,0.016210984756835228,0.0033687580263917064,,0.6865671641791045,0.31343283582089554
OZON,1,2022-01-12 23:40:00+00:00,2022-01-13 07:40:00+00:00,2070.5,2068.5,335.7160106254528,-671.4320212509056,-0.000676165177493359,48,v3_long,timeout,False,A,True,0.014247766240038639,0.004469984081534087,0.00021009418014972229,0.0,1.0
OZON,-1,2022-01-13 11:10:00+00:00,2022-01-13 14:40:00+00:00,2075.0,2043.875,334.761444619337,10419.449963776864,0.010499999999999999,21,v3_short,tp,False,A,True,0.012289156626506025,0.0031788693234476367,-7.228915662650602e-05,0.9019607843137255,0.09803921568627451
OZON,-1,2022-09-16 13:20:00+00:00,2022-09-16 21:20:00+00:00,1459.0,1464.0,481.09911758722967,-2405.4955879361482,-0.0023989033584647015,48,v3_short,timeout,False,A,True,0.018505825908156272,0.0032148568817520155,,0.6666666666666666,0.3333333333333333
OZON,-1,2022-11-01 22:10:00+00:00,2022-11-02 09:50:00+00:00,1382.5,1383.0,506.50254296434923,-253.25127148217462,-0.00025316455696202533,70,v3_short,timeout,False,A,True,0.00795084929526563,0.0032894979459076727,0.00033610408384531984,0.9090909090909091,0.09090909090909091
OZON,-1,2022-11-08 13:20:00+00:00,2022-11-08 21:20:00+00:00,1403.5,1397.0,498.79764143795893,3242.1846693467332,0.003241895261845387,48,v3_short,timeout,False,A,True,0.0220876380477378,0.004393777461109132,,0.7258064516129032,0.27419354838709675
OZON,-1,2022-11-11 23:30:00+00:00,2022-11-11 23:50:00+00:00,1449.0,1447.0,484.7011863538427,969.4023727076853,0.000966183574879227,2,v3_short,weekend_exit,False,A,True,0.01518288474810214,0.003316854692187434,-0.0002173913043478261,1.0,0.0
OZON,-1,2022-11-23 13:20:00+00:00,2022-11-23 21:20:00+00:00,1444.0,1444.5,486.84944645956614,-243.42472322978307,-0.00024238227146814405,48,v3_short,timeout,False,A,True,0.02352127291594604,0.0038213832748595807,,0.6617647058823529,0.3382352941176471
OZON,-1,2022-12-16 13:20:00+00:00,2022-12-16 21:20:00+00:00,1375.0,1362.0,511.15651155007464,6645.03465015097,0.006618181818181819,48,v3_short,timeout,False,A,True,0.019992729916394038,0.003081130671097956,,0.6363636363636364,0.36363636363636365
OZON,-1,2022-12-21 22:00:00+00:00,2022-12-22 09:50:00+00:00,1407.5,1406.5,502.6584210560982,502.6584210560982,0.000497335701598579,71,v3_short,timeout,False,A,True,0.017412935323383085,0.0036696981564480805,8.173418621179815e-05,0.8979591836734694,0.10204081632653061
OZON,-1,2023-01-18 13:20:00+00:00,2023-01-18 19:00:00+00:00,1572.0,1548.42,450.28218099948947,10617.65382796793,0.010499999999999968,34,v3_short,tp,False,A,True,0.023862551702195353,0.004090723148947775,,0.9466666666666667,0.05333333333333334
OZON,-1,2023-01-26 13:20:00+00:00,2023-01-26 21:20:00+00:00,1635.5,1631.5,437.34389863086216,1749.3755945234486,0.001712014674411495,48,v3_short,timeout,False,A,True,0.01651376146788991,0.003203727974370176,,0.6111111111111112,0.3888888888888889
OZON,-1,2023-04-05 13:20:00+00:00,2023-04-05 19:00:00+00:00,1803.0,1821.03,397.39351587739407,-7165.005091269404,-0.00699999999999999,34,v3_short,sl,False,A,True,0.032723239046034386,0.004952064020283654,,0.8983050847457628,0.1016949152542373
OZON,1,2023-04-06 22:50:00+00:00,2023-04-07 09:50:00+00:00,1751.0,1750.0,406.33067136667785,-406.33067136667785,-0.00039977155910908053,66,v3_long,timeout,False,A,True,0.013135351227869789,0.004219163393512745,-0.000568246716162193,0.043478260869565216,0.9565217391304348
OZON,-1,2023-05-24 22:50:00+00:00,2023-05-25 09:50:00+00:00,1802.0,1804.5,394.6729046021622,-986.6822615054054,-0.0009711431742508323,66,v3_short,timeout,False,A,True,0.008606329816768461,0.004062368978685311,0.00036646307606885063,0.9354838709677419,0.06451612903225806
OZON,-1,2023-05-31 13:20:00+00:00,2023-05-31 14:20:00+00:00,1752.5,1770.025,405.42647447078025,-7105.098965100461,-0.007000000000000036,6,v3_short,sl,False,A,True,0.023965763195435093,0.0048502139800285305,,0.8452380952380952,0.15476190476190477
OZON,-1,2023-06-02 13:20:00+00:00,2023-06-02 17:20:00+00:00,1775.0,1792.75,397.4852547799843,-7055.363272344722,-0.007,24,v3_short,sl,False,A,True,0.01098901098901099,0.003582498087992593,,0.8461538461538461,0.15384615384615385
OZON,-1,2023-07-12 13:20:00+00:00,2023-07-12 20:10:00+00:00,2058.5,2027.6225,340.3437323020796,10508.963594157482,0.010500000000000018,41,v3_short,tp,False,A,True,0.013605442176870748,0.002984867416354297,,0.875,0.125
OZON,-1,2023-07-26 22:20:00+00:00,2023-07-27 09:50:00+00:00,2419.5,2425.0,292.6033674146481,-1609.3185207805645,-0.0015912378590617895,69,v3_short,timeout,False,A,True,0.01033912324234905,0.0031565976266437097,-8.684863523573201e-05,0.98,0.02
OZON,-1,2023-08-17 23:20:00+00:00,2023-08-18 09:50:00+00:00,2702.5,2719.0,261.54572599267146,-4315.504478879079,-0.0042738205365402395,63,v3_short,timeout,False,A,True,0.008140610545790935,0.0031565632728577093,0.00020906567992599442,0.9318181818181818,0.06818181818181818
OZON,-1,2023-08-18 13:20:00+00:00,2023-08-18 17:40:00+00:00,2707.0,2734.07,259.99500234945674,-7038.064713599837,-0.007000000000000043,26,v3_short,sl,False,A,True,0.017355982274741506,0.003701554477034536,,0.6808510638297872,0.3191489361702128
OZON,-1,2023-09-07 22:00:00+00:00,2023-09-08 09:50:00+00:00,2769.5,2746.0,252.34873661688374,5930.195310496768,0.005939700306914606,71,v3_short,timeout,False,A,True,0.01282051282051282,0.005575578010185656,-0.0003810039725532683,1.0,0.0
OZON,-1,2023-12-13 13:20:00+00:00,2023-12-13 21:20:00+00:00,2610.5,2602.5,269.30893038797444,2154.4714431037955,0.0021451829151503546,48,v3_short,timeout,False,A,True,0.02949626508331737,0.004514734451528169,,0.8896103896103896,0.11038961038961038
OZON,-1,2023-12-28 13:20:00+00:00,2023-12-28 16:50:00+00:00,2723.0,2750.23,258.7363543106793,-7045.390927879802,-0.007000000000000004,21,v3_short,sl,False,A,True,0.015424164524421594,0.00405714985222881,,0.7857142857142857,0.21428571428571427
OZON,-1,2024-02-09 13:20:00+00:00,2024-02-09 21:20:00+00:00,2840.5,2833.0,246.29724313975143,1847.2293235481357,0.0018482661503256468,48,v3_short,timeout,False,A,True,0.023403132148513108,0.0036784729728597406,,0.9097744360902256,0.09022556390977443
OZON,-1,2024-03-28 13:20:00+00:00,2024-03-28 14:10:00+00:00,3739.0,3776.39,187.45664072344147,-7009.003796649453,-0.006999999999999977,5,v3_short,sl,False,A,True,0.011103678929765886,0.00294951425386208,,0.9397590361445783,0.060240963855421686
OZON,1,2024-03-28 21:40:00+00:00,2024-03-29 09:50:00+00:00,3764.0,3810.0,184.9080969732447,8505.772460769256,0.008554729011689691,73,v3_long,timeout,False,A,True,0.014748870581982461,0.003934659167945679,0.0003348392240233856,0.14414414414414414,0.8558558558558559
OZON,-1,2024-04-04 13:20:00+00:00,2024-04-04 16:50:00+00:00,3816.0,3854.16,183.94866816819484,-7019.4811772982885,-0.006999999999999973,21,v3_short,sl,False,A,True,0.018736897274633124,0.0038497055006488966,,0.8531468531468531,0.14685314685314685
OZON,-1,2024-06-07 22:10:00+00:00,2024-06-07 23:50:00+00:00,4627.5,4631.0,150.6287370946997,-527.2005798314489,-0.0005294435440302539,10,v3_short,weekend_exit,False,A,True,0.01265001621796951,0.0040754543789620935,0.00017407287274299926,0.9829059829059829,0.017094017094017096
OZON,-1,2024-08-26 23:20:00+00:00,2024-08-27 09:50:00+00:00,3394.5,3388.0,205.2335956694184,1334.0183718512196,0.0013404035940491972,63,v3_short,timeout,False,A,True,0.00883912787271656,0.002922323908938944,1.6205067766647025e-05,0.9166666666666666,0.08333333333333333
OZON,-1,2024-09-03 22:00:00+00:00,2024-09-04 09:50:00+00:00,2907.0,2926.5,239.97222337809995,-4679.458355872949,-0.004695562435500516,71,v3_short,timeout,False,A,True,0.011525890246000344,0.005059033763169813,-3.956648890418029e-05,1.0,0.0
OZON,-1,2024-09-16 21:40:00+00:00,2024-09-17 09:50:00+00:00,3356.0,3353.0,206.89023614750462,620.6707084425138,0.0006257449344457687,73,v3_short,timeout,False,A,True,0.013261808970347191,0.0035518901346859714,0.00016838027119654296,1.0,0.0
OZON,-1,2024-09-25 13:20:00+00:00,2024-09-25 15:00:00+00:00,3445.0,3393.325,201.67143744758644,10421.371530104067,0.010500000000000037,10,v3_short,tp,False,A,True,0.01451378809869376,0.003725205611998065,,0.88,0.12
OZON,-1,2024-11-14 22:00:00+00:00,2024-11-15 09:50:00+00:00,3312.0,3312.0,211.97254289794932,-0.0,-0.0,71,v3_short,timeout,False,A,True,0.014645930847048166,0.0037315847371713297,-4.5296693341386076e-06,0.9175257731958762,0.08247422680412371
OZON,-1,2025-01-14 21:50:00+00:00,2025-01-15 09:50:00+00:00,3171.0,3153.0,221.3980012860322,3985.16402314858,0.003973509933774834,72,v3_short,timeout,False,A,True,0.015294859665720592,0.0031503613744457105,-0.00016871649321980448,0.9587628865979382,0.041237113402061855
OZON,-1,2025-01-17 13:20:00+00:00,2025-01-17 16:30:00+00:00,3302.5,3335.525,213.42700284457598,-7048.426768942141,-0.007000000000000019,19,v3_short,sl,False,A,True,0.019827455728772515,0.004648749162144046,,0.8625954198473282,0.13740458015267176
OZON,-1,2025-01-28 13:20:00+00:00,2025-01-28 14:10:00+00:00,3419.5,3453.695,204.6816137318183,-6999.0877815595595,-0.007000000000000033,5,v3_short,sl,False,A,True,0.029828922357069746,0.005960214177789846,,0.7107843137254902,0.28921568627450983
OZON,1,2025-01-31 23:00:00+00:00,2025-01-31 23:50:00+00:00,3523.5,3514.0,197.2497280286252,-1873.8724162719395,-0.0018873279409677877,5,v3_long,weekend_exit,False,A,True,0.008941243258586432,0.0032700562484431752,-0.0002838489923360772,0.1111111111111111,0.8888888888888888
OZON,1,2025-03-03 22:10:00+00:00,2025-03-03 22:20:00+00:00,3882.0,3915.0,178.69595724303724,5896.966589020229,0.005950540958268933,1,v3_long,opposite_signal,False,A,True,0.010175167439464193,0.0032094754439642935,0.00019706336939721793,0.10126582278481013,0.8987341772151899
OZON,-1,2025-03-05 13:20:00+00:00,2025-03-05 21:20:00+00:00,4072.0,4048.0,171.3717049680218,4112.920919232523,0.00412573673870334,48,v3_short,timeout,False,A,True,0.02185389809699202,0.0030635212955654944,,0.7752808988764045,0.2247191011235955
OZON,1,2025-03-11 22:20:00+00:00,2025-03-12 09:50:00+00:00,4004.0,4019.5,175.00115566264924,2712.517912771063,0.0027097902097902096,69,v3_long,timeout,False,A,True,0.014735264735264736,0.0030861995147709433,0.00026473526473526474,0.06779661016949153,0.9322033898305084
OZON,-1,2025-04-03 13:20:00+00:00,2025-04-03 16:00:00+00:00,3740.5,3684.3925,187.83675706782176,10539.050847182823,0.010500000000000015,16,v3_short,tp,False,A,True,0.020841683366733466,0.004052549543531507,,0.6474358974358975,0.3525641025641026
OZON,1,2025-04-28 21:50:00+00:00,2025-04-29 09:50:00+00:00,3768.0,3817.5,188.42375939628857,9326.976090116284,0.009195859872611466,72,v3_long,timeout,False,A,True,0.009952229299363057,0.002940985311321981,0.00030785562632696387,0.0,1.0
OZON,1,2025-09-16 22:20:00+00:00,2025-09-17 09:50:00+00:00,4121.5,4100.0,173.8468054514853,-3737.706317206934,-0.0036515831614703383,69,v3_long,timeout,False,A,True,0.006307617661329452,0.004517818772341542,-9.825327510917032e-05,0.0,1.0
