symbol,side,entry_time,exit_time,entry_price,exit_price,qty,pnl,pnl_rel,bars_held,entry_reason,exit_reason,post_circuit_breaker,entry_geo_class,entry_geo_valid_box,entry_geo_h_pct,entry_atr_pct,entry_slope_pct_per_bar,entry_dist_L_pct,entry_dist_U_pct
SBER,-1,2022-01-06 19:20:00+00:00,2022-01-06 19:20:00+00:00,292.92,292.92,2389.7309845691652,-0.0,-0.0,0,v3_short,opposite_signal,False,A,True,0.009761425304617757,0.003969627715928164,-1.2287108775040102e-05,0.8321678321678432,0.16783216783215685
SBER,-1,2022-01-21 10:20:00+00:00,2022-01-21 10:20:00+00:00,253.77,256.3077,2758.4032785593254,-7000.000000000003,-0.007000000000000003,0,v3_short,sl,False,A,True,0.03306664564694749,0.008182676373272682,-0.00019666574705395535,0.5852205005959481,0.4147794994040519
SBER,-1,2022-01-27 10:20:00+00:00,2022-01-27 11:00:00+00:00,236.89,239.25889999999998,2934.273291401072,-6950.999999999989,-0.006999999999999989,4,v3_short,sl,False,A,True,0.019798218582464427,0.004890757011994703,-0.00020642492296002305,0.808102345415777,0.19189765458422306
SBER,-1,2022-01-28 21:30:00+00:00,2022-01-28 23:50:00+00:00,258.56,257.82,2669.532410272277,1975.4539836015092,0.002003403465346559,14,v3_short,weekend_exit,False,A,True,0.00944089765912168,0.004063471006510567,6.887212226736647e-05,0.9549180327868796,0.04508196721312039
SBER,-1,2022-01-31 20:50:00+00:00,2022-01-31 23:40:00+00:00,266.88,269.54879999999997,2591.490998907828,-6916.171177885149,-0.006999999999999937,17,v3_short,sl,False,A,True,0.009666541775945989,0.003478334008762729,8.654926938928234e-05,0.9224806201550427,0.07751937984495731
SBER,-1,2022-02-01 23:40:00+00:00,2022-02-02 07:00:00+00:00,263.75,266.3875,2603.8892813801003,-6867.757979639985,-0.00699999999999997,44,v3_short,sl,False,A,True,0.012092494313874137,0.003308010088038256,-0.00018574677786202014,0.8463949843260159,0.15360501567398416
SBER,1,2022-02-02 19:20:00+00:00,2022-02-02 23:40:00+00:00,258.25,261.0,2640.72939933496,7262.005848171139,0.007454017424975798,26,v3_long,opposite_signal,False,A,True,0.020987415295256596,0.005624987652369776,-0.00021335914811229832,0.1236162361623642,0.8763837638376358
SBER,-1,2022-02-03 19:40:00+00:00,2022-02-03 22:40:00+00:00,253.57,251.58,2709.5152087075494,5391.935265327971,0.005493552076349673,18,v3_short,opposite_signal,False,A,True,0.013605710454706743,0.0044764839721430985,-0.00022242378830303217,0.889855072463769,0.11014492753623092
SBER,1,2022-02-04 19:40:00+00:00,2022-02-04 21:50:00+00:00,255.39,255.97,2704.9850274392215,1568.8913159147824,0.0015897255178355016,13,v3_long,opposite_signal,False,A,True,0.013942740766850639,0.004169074515013377,-2.9373751615556335e-05,0.735955056179774,0.26404494382022603
SBER,-1,2022-02-04 22:10:00+00:00,2022-02-04 23:50:00+00:00,256.14,256.53,2701.352190516293,-1053.5273543013175,-0.0010658233778402066,10,v3_short,weekend_exit,False,A,True,0.008589052861716205,0.003296188468359931,-6.988365737487392e-05,0.9727272727272716,0.027272727272728448
SBER,-1,2022-02-10 13:20:00+00:00,2022-02-10 15:50:00+00:00,276.67,279.43670000000003,2498.2357354640267,-6911.868809308358,-0.007000000000000036,15,v3_short,sl,False,A,True,0.01293960313731154,0.003944345434207002,,0.8379888268156462,0.16201117318435382
SBER,1,2022-02-10 21:40:00+00:00,2022-02-11 06:50:00+00:00,276.6,274.9,2481.3758957495165,-4218.339022774291,-0.0043022415039769765,55,v3_long,timeout,False,A,True,0.014065155295223583,0.00405698671702112,0.00021658169721950666,0.023136246786640655,0.9768637532133594
SBER,1,2022-02-11 19:50:00+00:00,2022-02-11 21:30:00+00:00,266.3,263.637,2566.2626190325736,-6833.957354483771,-0.007000000000000028,10,v3_long,sl,False,A,True,0.014006759294029145,0.005011227172055452,-0.0003852797596695496,0.2010723860589833,0.7989276139410166
SBER,-1,2022-09-16 13:20:00+00:00,2022-09-16 14:00:00+00:00,140.66,138.5501,4824.484326036086,10179.179479503588,0.010500000000000053,4,v3_short,tp,False,A,True,0.02239442627612667,0.003954148131597264,,0.7682539682539699,0.23174603174603017
SBER,1,2022-10-04 22:20:00+00:00,2022-10-05 09:50:00+00:00,110.8,110.49,6188.965622165057,-1918.5793428711816,-0.00195848375451265,69,v3_long,timeout,False,A,True,0.00784773588309571,0.00313688527909811,-0.0002038607252390394,0.20689655172413174,0.7931034482758683
SBER,-1,2022-10-20 21:40:00+00:00,2022-10-21 09:50:00+00:00,116.17,116.93,5891.317770473259,-4477.4015055597065,-0.004579495566841728,73,v3_short,timeout,False,A,True,0.004907024793388371,0.003287161972226906,0.0003615702479338833,0.8771929824561508,0.12280701754384915
SBER,-1,2022-10-27 13:20:00+00:00,2022-10-27 21:20:00+00:00,126.52,126.86,5384.604839882917,-1830.7656455602103,-0.0018811255137527853,48,v3_short,timeout,False,A,True,0.026153603034133912,0.004838661128168076,,0.8580060422960724,0.14199395770392767
SBER,-1,2022-10-28 13:20:00+00:00,2022-10-28 21:20:00+00:00,126.32,126.82,5382.985025254074,-2691.492512627037,-0.002770740975300824,48,v3_short,timeout,False,A,True,0.017095370003957347,0.004609267529726584,,0.7962962962962918,0.20370370370370822
SBER,-1,2022-11-03 13:20:00+00:00,2022-11-03 21:20:00+00:00,125.18,125.4,5416.956571586959,-1191.730445749125,-0.0012302284710017514,48,v3_short,timeout,False,A,True,0.017499001198561705,0.00391910659589446,,0.579908675799092,0.42009132420090795
SBER,-1,2022-11-16 13:20:00+00:00,2022-11-16 21:20:00+00:00,138.93,138.81,4874.8320184210115,584.9798422105436,0.0006046210321744992,48,v3_short,timeout,False,A,True,0.021449650903332743,0.004051372222393588,,0.8758389261744959,0.12416107382550412
SBER,-1,2022-12-20 13:20:00+00:00,2022-12-20 21:20:00+00:00,137.29,137.44,4936.047040634995,-740.4070560952773,-0.0007648044285818629,48,v3_short,timeout,False,A,True,0.02359967951052523,0.0035205283220433553,,0.888888888888885,0.111111111111115
SBER,-1,2023-02-01 13:20:00+00:00,2023-02-01 21:20:00+00:00,158.79,157.32,4264.447466902902,6268.737776347261,0.006480256943132434,48,v3_short,timeout,False,A,True,0.016814660872850856,0.003448699840160251,,0.6966292134831438,0.30337078651685623
SBER,-1,2023-02-15 13:20:00+00:00,2023-02-15 17:50:00+00:00,160.22,157.8167,4253.774370945917,10223.09594569433,0.010500000000000006,27,v3_short,tp,False,A,True,0.01510234648027968,0.0034085776097758117,,0.6280991735537191,0.3719008264462809
SBER,-1,2023-02-17 13:20:00+00:00,2023-02-17 21:20:00+00:00,159.67,159.43,4313.245424155702,1035.178901797285,0.0010521701008328833,48,v3_short,timeout,False,A,True,0.021735045411838388,0.0034480187314512405,,0.7953890489913521,0.2046109510086479
SBER,-1,2023-03-22 13:20:00+00:00,2023-03-22 21:20:00+00:00,203.25,203.74,3391.982888591385,-1662.0716154098095,-0.001687576875768789,48,v3_short,timeout,False,A,True,0.013334645475569592,0.0031678862560130115,,0.6125461254612515,0.38745387453874847
SBER,-1,2023-05-03 13:20:00+00:00,2023-05-03 18:30:00+00:00,241.82,238.1927,2846.154461894848,10323.856079631156,0.010499999999999973,31,v3_short,tp,False,A,True,0.013935409171732227,0.003373089714734671,,0.6528189910979186,0.3471810089020814
SBER,-1,2023-05-04 13:20:00+00:00,2023-05-04 21:20:00+00:00,239.2,238.74,2907.5408496285704,1337.468790829083,0.0013461538461537865,48,v3_short,timeout,False,A,True,0.014673913043478343,0.0031613314222010036,,0.8461538461538411,0.15384615384615882
SBER,-1,2023-06-07 13:20:00+00:00,2023-06-07 21:20:00+00:00,242.67,241.36,2869.8232141786552,3759.4684105739634,0.003778794247331692,48,v3_short,timeout,False,A,True,0.02006675182331371,0.0036750783382288685,,0.8439425051334664,0.15605749486653359
SBER,-1,2023-06-08 13:20:00+00:00,2023-06-08 21:20:00+00:00,241.54,241.17,2894.144354028882,1070.8334109906996,0.0010722861637824097,48,v3_short,timeout,False,A,True,0.011509957355193976,0.0033772793678395405,,0.7158273381294892,0.2841726618705108
SBER,-1,2023-06-27 13:20:00+00:00,2023-06-27 16:50:00+00:00,239.01,241.40009999999998,2927.9160313787274,-6998.012106598267,-0.006999999999999971,21,v3_short,sl,False,A,True,0.010418410041840923,0.002976688583383138,,0.8875502008032116,0.11244979919678848
SBER,-1,2023-08-15 13:20:00+00:00,2023-08-15 21:20:00+00:00,263.1,260.88,2641.210954713838,5863.488319464793,0.005906499429874645,48,v3_short,timeout,False,A,True,0.02725199543899664,0.0042858952779135226,,0.9023709902371009,0.09762900976289918
SBER,-1,2023-09-20 13:20:00+00:00,2023-09-20 21:20:00+00:00,254.03,254.47,2751.671235715609,-1210.7353437148618,-0.0012124552218241878,48,v3_short,timeout,False,A,True,0.02184781325040354,0.004900058673235067,,0.7585585585585585,0.24144144144144156
SBER,-1,2023-09-29 13:20:00+00:00,2023-09-29 21:20:00+00:00,261.66,260.9,2668.193569014124,2027.8271124508617,0.002033172819689801,48,v3_short,timeout,False,A,True,0.022471910112359533,0.0036452248100952885,,0.841836734693886,0.15816326530611408
SBER,-1,2023-11-17 13:20:00+00:00,2023-11-17 21:20:00+00:00,280.92,281.84,2490.3139977465166,-2291.0888779266934,-0.0022924676064358944,48,v3_short,timeout,False,A,True,0.011533532678342418,0.00304611378938589,,0.6975308641975383,0.30246913580246165
SBER,-1,2023-12-12 13:20:00+00:00,2023-12-12 14:50:00+00:00,259.2,261.792,2692.8057331497016,-6979.752460323985,-0.0069999999999999585,9,v3_short,sl,False,A,True,0.01994598765432105,0.004589212228101131,,0.802707930367498,0.19729206963250204
SBER,-1,2023-12-13 13:20:00+00:00,2023-12-13 21:20:00+00:00,260.16,259.37,2664.0890963644524,2104.630386127972,0.002125615006150117,48,v3_short,timeout,False,A,True,0.01879612546125456,0.003891378199496258,,0.7484662576687189,0.2515337423312811
SBER,-1,2024-06-19 13:20:00+00:00,2024-06-19 19:10:00+00:00,312.32,307.6352,2223.8814695839696,10418.43990870697,0.010499999999999989,35,v3_short,tp,False,A,True,0.021455104393492984,0.0034782582175947115,,0.6328358208955248,0.3671641791044752
SBER,-1,2024-07-18 13:20:00+00:00,2024-07-18 17:50:00+00:00,286.08,288.94079999999997,2453.3541964365227,-7018.555685165563,-0.006999999999999959,27,v3_short,sl,False,A,True,0.0148930219549713,0.0035276451511943234,,0.7863849765258153,0.21361502347418473
SBER,-1,2024-08-20 13:20:00+00:00,2024-08-20 21:20:00+00:00,268.21,265.92,2598.49587836749,5950.555561461458,0.005976660079788131,48,v3_short,timeout,False,A,True,0.02028337061894108,0.0040605802350768706,,0.8915441176470529,0.10845588235294708
SBER,-1,2024-08-23 13:20:00+00:00,2024-08-23 17:50:00+00:00,260.83,256.91755,2687.9882238621612,10516.619526449454,0.010499999999999942,27,v3_short,tp,False,A,True,0.027757543227389523,0.004903759609890043,,0.7279005524861845,0.2720994475138156
SBER,1,2024-08-29 13:20:00+00:00,2024-08-29 21:20:00+00:00,260.41,261.02,2720.5929192369035,1659.5616807343936,0.0016397219768824918,48,v3_long,timeout,False,A,True,0.018584648465998443,0.0040244796609270935,,0.21900826446281152,0.7809917355371885
SBER,-1,2024-09-04 13:20:00+00:00,2024-09-04 15:20:00+00:00,246.61,249.07610000000003,2877.54468705647,-7096.312952749994,-0.007000000000000031,12,v3_short,sl,False,A,True,0.02063569285656359,0.0042491495909155776,,0.7485265225933243,0.25147347740667564
SBER,-1,2024-09-26 13:20:00+00:00,2024-09-26 21:20:00+00:00,269.13,266.67,2618.3029621672467,6441.025286931374,0.006398394827778343,48,v3_short,timeout,False,A,True,0.0146774673008323,0.0030098097502972636,,0.8405063291139248,0.15949367088607525
SBER,-1,2024-11-15 13:20:00+00:00,2024-11-15 17:20:00+00:00,250.82,253.32819999999998,2827.4164496807402,-7091.725939089199,-0.006999999999999967,24,v3_short,sl,False,A,True,0.014910497149463702,0.0030717066956751056,,0.7406417112299455,0.2593582887700545
SBER,-1,2024-12-04 13:20:00+00:00,2024-12-04 17:00:00+00:00,232.9,229.4065,3023.651291333451,10563.125786273446,0.010500000000000034,22,v3_short,tp,False,A,True,0.01927534987550434,0.003203359131924425,,0.8017817371937661,0.1982182628062339
SBER,-1,2024-12-05 13:20:00+00:00,2024-12-05 15:20:00+00:00,226.81,223.40785,3137.4391508396993,10674.038607029303,0.01050000000000002,12,v3_short,tp,False,A,True,0.01600387972841899,0.00424292810325787,,0.7575757575757586,0.2424242424242415
SBER,1,2025-01-09 13:20:00+00:00,2025-01-09 21:20:00+00:00,272.87,271.22,2635.227034217293,-4348.124606458473,-0.004232784842598982,48,v3_long,timeout,False,A,True,0.024227540959571737,0.003550091370345737,,0.10741301059001274,0.8925869894099873
SBER,1,2025-02-27 19:20:00+00:00,2025-02-28 06:50:00+00:00,308.92,306.01,2317.8515913581236,-6744.948130852198,-0.006593940178687095,69,v3_long,timeout,False,A,True,0.012687726566545883,0.0031256935710586705,8.900828586224754e-05,0.09948979591837796,0.9005102040816221
SBER,-1,2025-04-02 10:30:00+00:00,2025-04-02 10:50:00+00:00,304.99,303.9,2332.237941934998,2542.1393567092223,0.002501721367913775,2,v3_short,opposite_signal,False,A,True,0.011443373335956485,0.0031328432862960027,0.00010722014558331634,0.5673352435530123,0.43266475644698765
SBER,-1,2025-04-02 12:30:00+00:00,2025-04-02 20:30:00+00:00,305.1,304.09,2337.2295885298313,2360.6018844152413,0.0023172730252377367,48,v3_short,timeout,False,A,True,0.015569176308630242,0.003349059968803828,,0.8189473684210617,0.18105263157893828
SBER,1,2025-04-08 19:20:00+00:00,2025-04-08 19:50:00+00:00,290.03,287.12969999999996,2464.3697851240986,-7147.411687795462,-0.007000000000000038,3,v3_long,sl,False,A,True,0.016067303382408804,0.0034239948436016964,9.343860979898757e-05,0.006437768240337458,0.9935622317596625
SBER,-1,2025-04-10 10:20:00+00:00,2025-04-10 18:20:00+00:00,294.97,292.05,2406.1361514665405,7025.917562282337,0.006929518256093878,48,v3_short,timeout,False,A,True,0.014476048411703015,0.0032755550604823534,0.00010577346848831714,0.6627634660421582,0.33723653395784187
SBER,-1,2025-10-21 10:30:00+00:00,2025-10-21 10:50:00+00:00,301.76,300.16,2368.2930901765744,3789.2689442824385,0.003711558854718903,2,v3_short,opposite_signal,False,A,True,0.012559233853596991,0.0036767917770005325,-0.0002090996454253221,0.6992084432717686,0.3007915567282315
SBER,-1,2025-10-23 11:00:00+00:00,2025-10-23 11:30:00+00:00,287.25,285.9,2497.157915239968,3371.163185574014,0.003289817232376035,3,v3_short,opposite_signal,False,A,True,0.010339065654807586,0.003351667478938963,-0.00019738216250086887,0.6868686868686874,0.31313131313131254
SBER,-1,2025-10-23 13:10:00+00:00,2025-10-23 18:30:00+00:00,287.09,289.9609,2506.7693942059377,-7196.684253825842,-0.007000000000000016,32,v3_short,sl,False,A,True,0.009683374551534465,0.0032357357219724094,,0.6762589928057465,0.3237410071942534
GAZP,-1,2022-01-10 21:30:00+00:00,2022-01-11 06:50:00+00:00,344.7,344.68,2030.7513780098636,40.615027560160335,4.0615027560160334e-05,56,v3_short,timeout,False,A,True,0.011024078909196437,0.0031444083290409464,-0.0003408761241659414,0.9736842105263099,0.026315789473690114
GAZP,-1,2022-01-14 10:30:00+00:00,2022-01-14 10:30:00+00:00,339.28,338.99,2063.2764398705854,598.3501675623947,0.0005983258665408352,0,v3_short,opposite_signal,False,A,True,0.01117071445413807,0.003598529506334279,0.0001517920301815603,0.5567282321899676,0.4432717678100324
GAZP,1,2022-01-17 22:10:00+00:00,2022-01-18 06:50:00+00:00,326.22,329.11,2147.16226974614,6205.298959566315,0.00620133652136592,52,v3_long,timeout,False,A,True,0.014314176245210777,0.004664633669559774,-0.0002709578544061347,0.1905781584582527,0.8094218415417472
GAZP,-1,2022-01-21 10:20:00+00:00,2022-01-21 11:30:00+00:00,308.36,311.4436,2285.6109252441374,-7047.909849082799,-0.006999999999999978,7,v3_short,sl,False,A,True,0.025715860816551566,0.0073242255361138445,-0.0002808314686902051,0.612862547288778,0.387137452711222
GAZP,-1,2022-01-25 21:10:00+00:00,2022-01-25 21:30:00+00:00,297.71,300.6871,2350.8026200460995,-6998.574480139259,-0.0070000000000000175,2,v3_short,sl,False,A,True,0.027539882451721204,0.00505217704210147,-0.00011318219983207023,0.9865853658536569,0.013414634146343146
GAZP,1,2022-01-26 21:10:00+00:00,2022-01-26 22:00:00+00:00,302.34,304.91,2298.599080101299,5907.399635860454,0.005950254680161525,5,v3_long,opposite_signal,False,A,True,0.020483801581786285,0.005359514996309244,0.0003669876567722342,0.297253634894988,0.702746365105012
GAZP,-1,2022-01-27 10:20:00+00:00,2022-01-27 10:40:00+00:00,299.07,302.0607,2337.55851681188,-6990.936256229299,-0.007000000000000009,2,v3_short,sl,False,A,True,0.02056718614139515,0.004608705899589453,-0.000266871781151763,0.824390243902441,0.17560975609755905
GAZP,-1,2022-02-01 23:40:00+00:00,2022-02-02 07:40:00+00:00,330.11,330.14,2102.935295033681,-63.088058850953054,-6.361515858344461e-05,48,v3_short,timeout,False,A,True,0.016952744225471397,0.0033985803930145332,-0.00026488662852299215,0.858928571428577,0.14107142857142294
GAZP,-1,2022-02-02 10:20:00+00:00,2022-02-02 10:30:00+00:00,331.64,330.64,2093.1003757157546,2093.1003757157546,0.0021107224701483536,1,v3_short,opposite_signal,False,A,True,0.012085593731163323,0.0030597893165705088,0.00014888487040385596,0.6109725685785522,0.38902743142144786
GAZP,1,2022-02-02 19:20:00+00:00,2022-02-02 21:30:00+00:00,329.81,331.38,2109.156723159922,3311.376055361063,0.0033322215821230262,13,v3_long,opposite_signal,False,A,True,0.011824990145841477,0.003691055270536106,4.851278008549412e-06,0.20769230769230948,0.7923076923076905
GAZP,-1,2022-02-02 22:00:00+00:00,2022-02-03 06:50:00+00:00,331.83,330.0,2103.3027215867364,3849.043980503694,0.003860410451134584,53,v3_short,timeout,False,A,True,0.010184404001446292,0.0030949224332374996,5.664698083644678e-05,0.9852071005917126,0.014792899408287407
GAZP,-1,2022-02-09 12:00:00+00:00,2022-02-09 20:00:00+00:00,334.42,334.65,2095.0698908273403,-481.8660748902073,-0.0004814305364510882,48,v3_short,timeout,False,A,True,0.016835620944349736,0.003684872056804906,,0.7531083481349934,0.24689165186500667
GAZP,-1,2022-02-10 19:20:00+00:00,2022-02-11 06:50:00+00:00,331.4,328.97,2113.144135902402,5134.940250242731,0.005132770066384927,69,v3_short,timeout,False,A,True,0.010139111017230496,0.00308779777942138,-0.00011225444340505229,0.8035714285714219,0.19642857142857809
GAZP,1,2022-02-15 21:20:00+00:00,2022-02-16 06:50:00+00:00,331.4,335.86,2123.990418869119,9472.997268156347,0.009420639710319933,57,v3_long,timeout,False,A,True,0.009115605191669127,0.003353517682352154,0.000103229701177183,0.5960264900662137,0.4039735099337863
GAZP,-1,2022-02-16 19:30:00+00:00,2022-02-17 06:50:00+00:00,337.19,336.37,2107.184444677883,1727.89124463585,0.001702304338800069,68,v3_short,timeout,False,A,True,0.014236142005516539,0.0038289895547150322,-0.00013168431355102927,0.8729166666666641,0.12708333333333588
GAZP,-1,2022-09-16 13:20:00+00:00,2022-09-16 14:30:00+00:00,246.75,243.04874999999998,2884.4216687828994,10675.965701582752,0.010500000000000044,7,v3_short,tp,False,A,True,0.02103343465045592,0.0034081150190572677,,0.7206165703275551,0.27938342967244495
GAZP,-1,2022-09-23 23:00:00+00:00,2022-09-23 23:50:00+00:00,225.18,224.84,3193.9080858126313,1085.9287491763055,0.0010569322319921946,5,v3_short,weekend_exit,False,A,True,0.013233857358557553,0.003927923420900463,-0.00016564526156852375,0.993288590604033,0.006711409395967073
GAZP,-1,2022-10-18 13:20:00+00:00,2022-10-18 21:00:00+00:00,163.59,161.13615000000001,4401.0292370420675,10799.465593315626,0.01049999999999995,46,v3_short,tp,False,A,True,0.017360474356623114,0.00350178582344361,,0.6302816901408478,0.36971830985915216
GAZP,-1,2022-10-25 13:20:00+00:00,2022-10-25 16:10:00+00:00,167.87,169.5487,4333.85357004249,-7275.239988030294,-0.006999999999999967,17,v3_short,sl,False,A,True,0.02514299332697807,0.004306822824458653,,0.8649289099526082,0.1350710900473918
GAZP,1,2023-02-03 23:20:00+00:00,2023-02-03 23:50:00+00:00,160.78,160.87,4493.29102383015,404.39619214472884,0.00039183978106731174,3,v3_long,weekend_exit,False,A,True,0.008457185498414186,0.0034138398845639907,0.00045706112803930245,0.39705882352941024,0.6029411764705898
GAZP,-1,2023-02-21 13:20:00+00:00,2023-02-21 21:20:00+00:00,155.5,155.01,4647.681081324199,2277.3637298488998,0.0022057877813505236,48,v3_short,timeout,False,A,True,0.018069577519130617,0.003806216718569598,,0.6690391459074712,0.33096085409252884
GAZP,-1,2023-03-03 13:20:00+00:00,2023-03-03 21:20:00+00:00,162.57,162.18,4455.364229296962,1737.5920494257543,0.0016792766193023956,48,v3_short,timeout,False,A,True,0.014761963341124403,0.0032921521419491673,,0.6958333333333264,0.3041666666666735
GAZP,1,2023-03-21 13:20:00+00:00,2023-03-21 15:40:00+00:00,171.91,174.48864999999998,4220.376227045576,10882.873157871,0.010499999999999926,14,v3_long,tp,False,A,True,0.041589111214518415,0.007542267721420806,,0.25314685314685326,0.7468531468531467
GAZP,-1,2023-04-12 13:20:00+00:00,2023-04-12 15:30:00+00:00,177.79,179.56789999999998,4123.645246650063,-7331.428884019099,-0.006999999999999954,13,v3_short,sl,False,A,True,0.021092299904381575,0.004355057732637999,,0.5973333333333282,0.40266666666667184
GAZP,-1,2023-05-26 13:20:00+00:00,2023-05-26 21:20:00+00:00,164.39,164.93,4428.559451202028,-2391.422103649186,-0.002299409939777446,48,v3_short,timeout,False,A,True,0.020133819951338214,0.0030645348163596373,,0.8157099697885156,0.18429003021148435
GAZP,-1,2023-05-31 13:20:00+00:00,2023-05-31 21:20:00+00:00,162.92,162.81,4458.242651059089,490.40669161643393,0.0004726246010311174,48,v3_short,timeout,False,A,True,0.014734774066797678,0.0032217700439704316,,0.8416666666666571,0.1583333333333429
GAZP,-1,2023-06-07 13:20:00+00:00,2023-06-07 21:20:00+00:00,165.09,164.6,4401.721348323208,2156.843460678412,0.002077654612635571,48,v3_short,timeout,False,A,True,0.01883706844336774,0.002936171440108442,,0.7781350482315129,0.22186495176848703
GAZP,-1,2023-06-23 13:20:00+00:00,2023-06-23 21:20:00+00:00,168.16,168.3,4330.33996085367,-606.2475945195778,-0.0005827783063749425,48,v3_short,timeout,False,A,True,0.022072822465492498,0.003490401396160564,,0.795148247978438,0.20485175202156203
GAZP,-1,2023-08-15 13:20:00+00:00,2023-08-15 18:30:00+00:00,178.76,176.0786,4071.188154514374,10916.483917514828,0.010499999999999987,31,v3_short,tp,False,A,True,0.024221066174413962,0.0055085411688868356,,0.8637413394919156,0.13625866050808444
GAZP,-1,2023-09-20 13:20:00+00:00,2023-09-20 21:20:00+00:00,169.4,169.44,4341.246359169125,-173.64985436673044,-0.0001652892561983142,48,v3_short,timeout,False,A,True,0.01859504132231408,0.004084443694833313,,0.7301587301587324,0.26984126984126755
GAZP,1,2023-12-11 22:40:00+00:00,2023-12-12 09:50:00+00:00,165.4,164.87,4445.4992644812155,-2356.114610175049,-0.002243047158403874,67,v3_long,timeout,False,A,True,0.009431680773881512,0.0030686276929151315,0.0003210399032648127,0.12820512820513896,0.871794871794861
GAZP,-1,2024-05-24 13:20:00+00:00,2024-05-24 15:50:00+00:00,135.45,133.41825,5416.288653511043,11004.544471770998,0.010499999999999942,15,v3_short,tp,False,A,True,0.0132900177200235,0.0035686158692655955,,0.4444444444444392,0.5555555555555608
GAZP,-1,2024-06-26 13:20:00+00:00,2024-06-26 21:20:00+00:00,116.09,116.72,6385.9029998131655,-4023.118889882265,-0.0037987768110948126,48,v3_short,timeout,False,A,True,0.01507580978635424,0.0035361491253979214,,0.8228571428571415,0.17714285714285843
GAZP,-1,2024-07-10 13:20:00+00:00,2024-07-10 14:40:00+00:00,124.54,122.67190000000001,5930.008800589311,11077.849440380882,0.01049999999999999,8,v3_short,tp,False,A,True,0.020878503171926396,0.006309437771736013,,0.8230769230769251,0.1769230769230749
GAZP,-1,2024-07-11 13:20:00+00:00,2024-07-11 14:00:00+00:00,120.57,121.7757,6189.581078490997,-7462.777906336641,-0.007000000000000043,4,v3_short,sl,False,A,True,0.03391938961685191,0.007163787724411382,,0.7261613691931531,0.27383863080684684
GAZP,-1,2024-07-17 13:20:00+00:00,2024-07-17 17:20:00+00:00,125.5,126.755,5904.811522702979,-7410.538460992212,-0.006999999999999975,24,v3_short,sl,False,A,True,0.025258964143426307,0.005088218554354017,,0.7223974763406956,0.27760252365930443
GAZP,-1,2024-07-19 13:20:00+00:00,2024-07-19 15:50:00+00:00,130.43,131.73430000000002,5641.849798179324,-7358.664691765361,-0.007000000000000064,15,v3_short,sl,False,A,True,0.018247335735643605,0.004968912352183066,,0.6890756302521084,0.3109243697478916
GAZP,-1,2024-08-13 13:20:00+00:00,2024-08-13 21:20:00+00:00,129.83,130.16,5628.247738521863,-1857.3217537121252,-0.001779249788184463,48,v3_short,timeout,False,A,True,0.01547820730016956,0.003457936385704733,,0.5174129353233883,0.4825870646766117
GAZP,-1,2024-08-23 22:20:00+00:00,2024-08-23 23:50:00+00:00,116.94,116.81,6237.517347910853,810.8772552283824,0.0007781768428253532,9,v3_short,weekend_exit,False,A,True,0.013082513894826859,0.0035476524940886945,-0.0001598973920478841,0.9934640522875784,0.006535947712421639
GAZP,-1,2024-09-05 13:20:00+00:00,2024-09-05 16:50:00+00:00,123.53,124.7653,5909.3571824120045,-7299.82892743352,-0.006999999999999972,21,v3_short,sl,False,A,True,0.01974749109744252,0.005002389431007113,,0.8155737704918019,0.18442622950819806
GAZP,-1,2024-10-08 13:20:00+00:00,2024-10-08 21:20:00+00:00,134.44,133.61,5391.795689483423,4475.1904222711555,0.004321630467122797,48,v3_short,timeout,False,A,True,0.014724473860340521,0.0031410794406257895,,0.7777777777777778,0.2222222222222222
GAZP,-1,2024-10-23 13:20:00+00:00,2024-10-23 20:50:00+00:00,136.86,134.80710000000002,5319.345650955291,10920.084686846085,0.010499999999999966,45,v3_short,tp,False,A,True,0.02140873885722641,0.003458522090700949,,0.7815699658703124,0.21843003412968767
GAZP,1,2024-11-06 21:40:00+00:00,2024-11-07 12:00:00+00:00,131.56,131.85,5591.742969523666,1621.6054611618185,0.0015430221951960657,86,v3_long,timeout,False,A,True,0.007146115250114017,0.0031929451117530547,-0.0004979473924281596,0.47872340425530824,0.5212765957446918
GAZP,-1,2024-11-13 13:20:00+00:00,2024-11-13 20:00:00+00:00,135.84,133.8024,5423.916584903908,11051.77243340019,0.010499999999999989,40,v3_short,tp,False,A,True,0.01582744405182551,0.0029551573279488295,,0.7162790697674457,0.2837209302325543
GAZP,-1,2024-11-15 22:20:00+00:00,2024-11-15 23:50:00+00:00,133.27,133.37,5586.561638753859,-558.6561638753542,-0.0005252494935093871,9,v3_short,weekend_exit,False,A,True,0.00757689422355582,0.003351348041091903,0.0002070517629407345,0.633663366336654,0.366336633663346
GAZP,-1,2024-11-21 21:40:00+00:00,2024-11-21 23:00:00+00:00,122.65,123.87650000000001,6067.101592189272,-7441.300102820152,-0.007000000000000008,8,v3_short,sl,False,A,True,0.02405218100285367,0.005537575813040256,-0.00012800652262535614,0.9898305084745759,0.010169491525424105
GAZP,1,2024-11-22 23:10:00+00:00,2024-11-22 23:50:00+00:00,119.79,119.47,6168.470658736456,-1973.9106107957116,-0.0018699390600217477,4,v3_long,weekend_exit,False,A,True,0.014774624373956562,0.0038226976934346408,-0.0002095158597662764,0.0847457627118678,0.9152542372881322
GAZP,-1,2024-12-04 13:20:00+00:00,2024-12-04 17:00:00+00:00,122.72,120.8792,6009.936137406154,11063.090441737257,0.01050000000000001,22,v3_short,tp,False,A,True,0.02313645621181254,0.00406168169915624,,0.7394366197183107,0.26056338028168935
GAZP,-1,2024-12-20 13:20:00+00:00,2024-12-20 13:30:00+00:00,108.17,109.2517,6889.928132492366,-7452.835260916978,-0.006999999999999985,1,v3_short,sl,False,A,True,0.014421743551816605,0.0039884309090188795,,0.8269230769230798,0.17307692307692027
GAZP,-1,2024-12-27 13:20:00+00:00,2024-12-27 21:20:00+00:00,127.7,127.86,5795.352712678601,-927.2564340285564,-0.0008770555990602789,48,v3_short,timeout,False,A,True,0.014801472315764858,0.003617391823202778,,0.6825396825396806,0.3174603174603195
GAZP,-1,2025-01-13 23:00:00+00:00,2025-01-14 09:50:00+00:00,131.45,131.0,5625.0852940679915,2531.2883823305324,0.0023963484214529636,65,v3_short,timeout,False,A,True,0.008063902624572098,0.0032712057816660363,0.00022518067706352074,0.896226415094327,0.10377358490567302
GAZP,-1,2025-01-16 13:20:00+00:00,2025-01-16 16:30:00+00:00,136.59,134.54115,5426.380875414516,11117.840456593116,0.010500000000000079,19,v3_short,tp,False,A,True,0.017935578330893036,0.0033640103186223166,,0.5632653061224497,0.43673469387755026
GAZP,-1,2025-01-17 13:20:00+00:00,2025-01-17 16:30:00+00:00,136.83,138.19830000000002,5473.740057680946,-7489.7185209248655,-0.007000000000000024,19,v3_short,sl,False,A,True,0.017542577296981256,0.003334481954465858,,0.8875000000000078,0.11249999999999215
GAZP,-1,2025-01-22 13:20:00+00:00,2025-01-22 14:50:00+00:00,137.8,139.17800000000003,5397.162910942209,-7437.290491278442,-0.007000000000000072,9,v3_short,sl,False,A,True,0.015604587022789997,0.0037845011716400754,,0.6790697674418624,0.32093023255813763
GAZP,-1,2025-01-24 13:20:00+00:00,2025-01-24 21:20:00+00:00,138.25,138.01,5341.938125019468,1282.065150004721,0.0012151898734177676,48,v3_short,timeout,False,A,True,0.010559814841602835,0.003368394949474057,,0.5068493150684966,0.4931506849315034
GAZP,-1,2025-01-28 11:10:00+00:00,2025-01-28 15:50:00+00:00,134.59,135.9359,5493.873180689092,-7394.203913889451,-0.007000000000000002,28,v3_short,sl,False,A,True,0.012110855189835764,0.0034806563523406883,-4.4579835054611985e-06,0.7730061349693217,0.22699386503067828
GAZP,-1,2025-02-14 23:40:00+00:00,2025-02-14 23:50:00+00:00,167.9,168.1,4373.105709643968,-874.6211419287439,-0.0008338296605121621,1,v3_short,weekend_exit,False,A,True,0.012511170688114354,0.006053753047242135,-0.0002853738456955594,0.9047619047619099,0.09523809523809008
GAZP,1,2025-02-25 12:00:00+00:00,2025-02-25 18:20:00+00:00,176.11,174.34890000000001,4165.76125063808,-7336.322138498719,-0.006999999999999997,38,v3_long,sl,False,A,True,0.020896030889784832,0.004427218325789765,,0.005434782608698422,0.9945652173913015
GAZP,1,2025-02-27 19:20:00+00:00,2025-02-27 20:50:00+00:00,169.19,167.4981,4305.791053566541,-7284.967883529249,-0.007000000000000017,9,v3_long,sl,False,A,True,0.017082397446506765,0.004331819026227341,9.693817236079834e-05,0.08304498269896465,0.9169550173010353
GAZP,1,2025-03-03 19:20:00+00:00,2025-03-03 19:40:00+00:00,164.47,166.93704999999997,4398.354173006947,10850.959662516667,0.010499999999999881,2,v3_long,tp,False,A,True,0.01952435983212705,0.004787682362039145,-0.0003168907000790728,0.02492211838006614,0.9750778816199338
GAZP,-1,2025-03-05 11:10:00+00:00,2025-03-05 11:50:00+00:00,171.99,173.7099,4250.206306170209,-7309.929825982124,-0.006999999999999982,4,v3_short,sl,False,A,True,0.00854700854700854,0.00416839977279538,-0.00027269027269026926,0.7210884353741518,0.27891156462584826
GAZP,1,2025-03-05 19:50:00+00:00,2025-03-05 22:20:00+00:00,174.26,172.51739999999998,4165.477055664105,-7258.760317200312,-0.007000000000000042,15,v3_long,sl,False,A,True,0.012737391703482695,0.004186079733402331,0.0003740891617419233,0.07207207207207057,0.9279279279279294
GAZP,-1,2025-03-06 10:50:00+00:00,2025-03-06 11:10:00+00:00,172.59,171.9,4176.342195364659,2881.6761148016053,0.002798539892230131,2,v3_short,opposite_signal,False,A,True,0.008980821600324535,0.003119145566564295,5.909960020858577e-05,0.819354838709678,0.180645161290322
GAZP,-1,2025-03-06 12:00:00+00:00,2025-03-06 12:40:00+00:00,172.27,171.6,4195.809327093212,2811.192249152519,0.0027224705404307833,4,v3_short,opposite_signal,False,A,True,0.011609682475184303,0.0032188780927164106,,0.48499999999999943,0.5150000000000006
GAZP,-1,2025-03-31 20:20:00+00:00,2025-03-31 22:10:00+00:00,145.88,145.38,4968.329499264838,2484.164749632419,0.002399232245681382,11,v3_short,opposite_signal,False,A,True,0.01254455717027683,0.0037828128235116356,0.0001048807238826414,0.5519125683060108,0.44808743169398924
GAZP,-1,2025-04-02 22:30:00+00:00,2025-04-03 06:50:00+00:00,139.59,139.8,5204.662387545649,-1092.9791013846277,-0.0010530840318074758,50,v3_short,timeout,False,A,True,0.03194842406876797,0.005201450207590181,-8.166189111747754e-05,0.9304932735426005,0.06950672645739948
GAZP,-1,2025-04-03 12:50:00+00:00,2025-04-03 14:20:00+00:00,140.91,138.79635,5150.477164903328,10886.306059597955,0.010500000000000034,9,v3_short,tp,False,A,True,0.016467915956842858,0.0045980818979115615,,0.9396551724137873,0.06034482758621271
GAZP,-1,2025-04-15 20:50:00+00:00,2025-04-16 06:50:00+00:00,131.74,131.6,5566.829752150043,779.3561653010883,0.000743889479277443,60,v3_short,timeout,False,A,True,0.011080752884031419,0.003756056156524514,-0.00029826958105646687,0.986301369863026,0.013698630136974034
GAZP,-1,2025-04-16 12:20:00+00:00,2025-04-16 16:30:00+00:00,131.28,132.5928,5590.491322851595,-7339.1970086396295,-0.007000000000000053,25,v3_short,sl,False,A,True,0.019041815827557318,0.003630639551120926,,0.9039999999999964,0.09600000000000364
GAZP,1,2025-04-16 20:50:00+00:00,2025-04-17 06:50:00+00:00,131.66,132.52,5535.335431854091,4760.3884713945945,0.004572383411818393,60,v3_long,timeout,False,A,True,0.01807686465137472,0.0036085526417767564,0.00038584232113018257,0.01680672268907232,0.9831932773109276
GAZP,-1,2025-04-17 20:50:00+00:00,2025-04-17 20:50:00+00:00,134.65,135.9965,5437.16698765604,-7321.145348878813,-0.006999999999999957,0,v3_short,sl,False,A,True,0.018122400475341638,0.0032891944656650396,3.862150920974738e-05,0.8852459016393437,0.11475409836065631
GAZP,-1,2025-04-21 18:40:00+00:00,2025-04-22 06:50:00+00:00,138.91,139.8,5233.530581985967,-4657.842217967588,-0.004484918292419627,73,v3_short,timeout,False,A,True,0.007359307359307229,0.003353535353535343,0.00034343434343434687,1.058823529411768,-0.05882352941176799
GAZP,-1,2025-04-24 10:20:00+00:00,2025-04-24 12:50:00+00:00,144.74,146.1874,5000.202042221178,-7237.292435910871,-0.006999999999999939,15,v3_short,sl,False,A,True,0.011398963730569988,0.0034838391315075174,0.00014645941278065662,0.7272727272727351,0.2727272727272649
GAZP,1,2025-04-28 21:40:00+00:00,2025-04-29 06:50:00+00:00,153.26,153.27,4689.176163943336,46.89176163952399,4.567401800870109e-05,55,v3_long,timeout,False,A,True,0.014748107543722392,0.005640079054331203,0.00040785695640824845,0.07079646017698904,0.929203539823011
GAZP,-1,2025-04-29 11:00:00+00:00,2025-04-29 17:50:00+00:00,153.37,151.06945,4686.027013882137,10780.439446786622,0.01050000000000007,41,v3_short,tp,False,A,True,0.014670404903175328,0.004011214709525952,-2.2820629849385326e-05,0.7511111111111101,0.2488888888888899
GAZP,-1,2025-04-30 10:50:00+00:00,2025-04-30 11:40:00+00:00,148.87,148.05,4878.36549158228,4000.259703097436,0.0038557130382212345,5,v3_short,opposite_signal,False,A,True,0.01854091092301485,0.004713601146491103,-6.113126427515572e-05,0.6376811594202887,0.36231884057971137
GAZP,-1,2025-04-30 12:10:00+00:00,2025-04-30 13:00:00+00:00,149.11,150.6011,4889.292820897473,-7290.424525240167,-0.006999999999999947,5,v3_short,sl,False,A,True,0.01522468142186459,0.004598423876592884,,0.6651982378854681,0.33480176211453194
GAZP,-1,2025-05-07 11:20:00+00:00,2025-05-07 13:50:00+00:00,138.02,139.4002,5245.175737982568,-7239.391553563551,-0.00700000000000001,15,v3_short,sl,False,A,True,0.01543478260869562,0.003569511540526044,3.6231884057938063e-06,0.5915492957746582,0.4084507042253418
GAZP,-1,2025-05-08 20:50:00+00:00,2025-05-09 23:50:00+00:00,143.04,142.9,5025.66821356865,703.5935498995424,0.0006851230425055262,162,v3_short,weekend_exit,False,A,True,0.010207648745018583,0.0038082491613718864,-3.5656855205201075e-05,0.6917808219177982,0.3082191780822018
GAZP,-1,2025-05-12 20:30:00+00:00,2025-05-13 06:50:00+00:00,147.1,146.98,4890.306572085584,586.8367886502923,0.0005710401087695663,62,v3_short,timeout,False,A,True,0.016255186016459134,0.0035297530560887786,-0.00030878052098211003,0.9372384937238466,0.06276150627615336
GAZP,1,2025-05-15 20:10:00+00:00,2025-05-16 06:50:00+00:00,139.37,139.89,5164.489362889032,2685.534468702203,0.0026117528879958905,64,v3_long,timeout,False,A,True,0.01650283418239207,0.004725345688250163,-0.00021166678625242488,0.13913043478260675,0.8608695652173932
GAZP,1,2025-05-19 21:00:00+00:00,2025-05-19 21:50:00+00:00,140.86,139.4514,5123.205712295442,-7216.547566339395,-0.007000000000000035,5,v3_long,sl,False,A,True,0.023283878753460645,0.0043679003510256244,3.2654220203026646e-05,0.19512195121951664,0.8048780487804834
GAZP,-1,2025-05-23 12:20:00+00:00,2025-05-23 20:20:00+00:00,130.68,130.76,5483.648403256032,-438.69187226039526,-0.00042852770125488863,48,v3_short,timeout,False,A,True,0.015458789316599147,0.003341751485931514,,0.9108910891089079,0.08910891089109203
GAZP,-1,2025-05-29 13:20:00+00:00,2025-05-29 20:10:00+00:00,131.66,129.6851,5440.498929264136,10744.441335403693,0.010499999999999954,41,v3_short,tp,False,A,True,0.01215251405134433,0.0032971484437381514,,0.9874999999999936,0.01250000000000644
GAZP,-1,2025-05-30 12:40:00+00:00,2025-05-30 14:30:00+00:00,130.28,131.5828,5555.858136027777,-7238.1719796169355,-0.006999999999999951,11,v3_short,sl,False,A,True,0.01888240712311928,0.003927803851046092,,0.7926829268292702,0.20731707317072973
GAZP,-1,2025-05-30 20:50:00+00:00,2025-05-30 23:50:00+00:00,132.33,132.26,5431.500624015467,380.20504368120004,0.00037028640519923766,18,v3_short,weekend_exit,False,A,True,0.0049871542995314835,0.003158222636190635,0.0003989723439625187,0.6969696969697127,0.3030303030302874
GAZP,-1,2025-08-06 20:10:00+00:00,2025-08-06 20:20:00+00:00,125.86,127.1186,5712.82870734581,-7190.166211065443,-0.007000000000000007,1,v3_short,sl,False,A,True,0.02097568727157159,0.003358120619930798,-0.0001843317972350225,0.8068181818181799,0.1931818181818201
GAZP,-1,2025-10-09 10:20:00+00:00,2025-10-09 11:00:00+00:00,114.76,113.72,6221.536291031698,6470.397742673005,0.006343673753921264,4,v3_short,opposite_signal,False,A,True,0.016122004357298426,0.004232804232804228,-7.843137254902259e-06,0.7243243243243284,0.2756756756756716
GAZP,-1,2025-10-17 10:30:00+00:00,2025-10-17 12:10:00+00:00,123.99,122.98,5794.925261542616,5852.874514157989,0.005702072747802191,10,v3_short,opposite_signal,False,A,True,0.01548387096774195,0.004211876832844594,-9.677419354839076e-06,0.7499999999999981,0.25000000000000183
GAZP,-1,2025-10-17 12:40:00+00:00,2025-10-17 15:40:00+00:00,123.63,124.8663,5844.93889297565,-7226.097953385795,-0.007,18,v3_short,sl,False,A,True,0.015775422700428792,0.004031111676124228,,0.5538461538461522,0.44615384615384784
GAZP,1,2025-10-24 21:10:00+00:00,2025-10-24 23:50:00+00:00,116.88,116.94,6139.21566368249,368.3529398209634,0.00035934291581110194,16,v3_long,weekend_exit,False,A,True,0.006160691366475561,0.0033667270279378997,-0.00010781209891332172,0.19444444444444553,0.8055555555555545
GAZP,-1,2025-10-28 11:20:00+00:00,2025-10-28 19:20:00+00:00,116.42,116.02,6165.687801314929,2466.2751205260065,0.002405085036935268,48,v3_short,timeout,False,A,True,0.010994674454561081,0.003025444272652662,0.00016577907576017923,0.7031250000000038,0.29687499999999617
LKOH,-1,2022-01-10 22:00:00+00:00,2022-01-11 06:50:00+00:00,6775.0,6799.0,103.3210332103321,-2479.7047970479707,-0.0024797047970479707,53,v3_short,timeout,False,A,True,0.013282172373081463,0.0031579042478856946,-0.00021841794569067295,0.95,0.05
LKOH,-1,2022-01-17 21:30:00+00:00,2022-01-18 06:50:00+00:00,6538.0,6548.0,106.80088813736104,-1068.0088813736104,-0.0010706638115631692,56,v3_short,timeout,False,A,True,0.010861251338534496,0.003198434031712731,-0.0004520422212023864,0.9436619718309859,0.056338028169014086
LKOH,1,2022-01-20 22:40:00+00:00,2022-01-21 06:50:00+00:00,6446.5,6400.0,108.20082221749863,-5031.338233113686,-0.005049251531838983,49,v3_long,timeout,False,A,True,0.012868217054263565,0.004371143806359753,0.0001813953488372093,0.006024096385542169,0.9939759036144579
LKOH,-1,2022-01-21 10:20:00+00:00,2022-01-21 11:00:00+00:00,6367.5,6355.5,108.99013170976448,1307.881580517174,0.001319199057714959,4,v3_short,opposite_signal,False,A,True,0.017746368276403614,0.005997719071924019,-0.0002575579112681586,0.5088495575221239,0.4911504424778761
LKOH,-1,2022-01-21 11:50:00+00:00,2022-01-21 14:50:00+00:00,6386.5,6450.365,108.8092352255989,-6949.1018076828495,-0.006999999999999976,18,v3_short,sl,False,A,True,0.017694957720012526,0.005976615513101576,,0.6769911504424779,0.3230088495575221
LKOH,1,2022-01-21 21:10:00+00:00,2022-01-21 23:50:00+00:00,6415.0,6420.0,107.5675462981932,537.837731490966,0.0005455962587685114,16,v3_long,weekend_exit,False,A,True,0.015354637568199532,0.0051648718723654695,0.00021044427123928294,0.15228426395939088,0.8477157360406091
LKOH,1,2022-01-26 19:50:00+00:00,2022-01-26 22:00:00+00:00,6556.0,6625.5,105.31151554529485,7319.150330397993,0.007420683343502136,13,v3_long,opposite_signal,False,A,True,0.01906504995043087,0.005073637782726908,0.00039807824296499654,0.048,0.952
LKOH,1,2022-01-26 23:00:00+00:00,2022-01-27 07:00:00+00:00,6555.5,6489.945,106.10109086205958,-6955.457011462347,-0.0070000000000000305,48,v3_long,sl,False,A,True,0.014569031273836765,0.004940923737916218,9.382151029748284e-05,0.05759162303664921,0.9424083769633508
LKOH,-1,2022-02-07 20:50:00+00:00,2022-02-08 07:00:00+00:00,6963.0,6956.0,99.19242872873876,694.3470011011714,0.0007037196610656327,61,v3_short,timeout,False,A,True,0.008329742926899326,0.003307570335329306,-9.119632342381158e-05,0.5689655172413793,0.43103448275862066
LKOH,1,2022-02-11 20:10:00+00:00,2022-02-11 21:30:00+00:00,6818.0,6749.82,101.37326549413007,-6911.629241389817,-0.00700000000000003,8,v3_long,sl,False,A,True,0.012834616795012835,0.0036356016554036355,-0.00017015034836817013,0.09714285714285714,0.9028571428571428
LKOH,-1,2022-02-15 10:50:00+00:00,2022-02-15 11:00:00+00:00,6830.5,6898.805,100.47943542493314,-6863.247836700088,-0.007000000000000029,1,v3_short,sl,False,A,True,0.009288378556278797,0.0030565103976206145,1.0239157463614423e-05,0.7480314960629921,0.25196850393700787
LKOH,-1,2022-02-17 19:40:00+00:00,2022-02-17 23:10:00+00:00,6752.0,6694.5,100.93609451781931,5803.825434774611,0.005961196682464456,21,v3_short,opposite_signal,False,A,True,0.019468502479828263,0.00424206991257529,-0.0004900436745873121,0.7756653992395437,0.22433460076045628
LKOH,-1,2022-09-16 13:20:00+00:00,2022-09-16 15:50:00+00:00,4565.5,4497.0175,150.16606899324458,10283.747819829883,0.010500000000000011,15,v3_short,tp,False,A,True,0.01708465666411127,0.00347846947343169,,0.8141025641025641,0.1858974358974359
LKOH,1,2022-09-21 23:20:00+00:00,2022-09-22 09:50:00+00:00,3960.0,3955.0,174.94490188447955,-874.7245094223978,-0.0008838383838383839,63,v3_long,timeout,False,A,True,0.006815600151457781,0.004466459056170745,0.00010854474315284614,0.1111111111111111,0.8888888888888888
LKOH,-1,2022-09-23 21:40:00+00:00,2022-09-23 23:50:00+00:00,3947.0,3948.5,175.36597524852885,-263.04896287279325,-0.0002660248289840385,13,v3_short,weekend_exit,False,A,True,0.013936399341188396,0.0041886766108952134,-0.00024071962498416316,0.9454545454545454,0.05454545454545454
LKOH,-1,2022-09-27 22:10:00+00:00,2022-09-28 09:50:00+00:00,3831.0,3840.0,180.6278700161661,-1625.6508301454949,-0.0016444792482380578,70,v3_short,timeout,False,A,True,0.01605324980422866,0.005486924605394233,-0.00018271991647089532,0.926829268292683,0.07317073170731707
LKOH,1,2022-10-05 21:40:00+00:00,2022-10-06 09:50:00+00:00,4085.5,4123.0,169.0973967570262,6341.152378388482,0.006425162158854485,73,v3_long,timeout,False,A,True,0.011869799314733235,0.003588660133656987,0.00023861967694566814,0.12371134020618557,0.8762886597938144
LKOH,-1,2022-10-12 13:20:00+00:00,2022-10-12 13:50:00+00:00,4194.0,4235.94,165.78116860174117,-6952.862211156958,-0.006999999999999933,3,v3_short,sl,False,A,True,0.03314258464473057,0.005012830120126258,,0.381294964028777,0.6187050359712231
LKOH,-1,2022-10-18 13:20:00+00:00,2022-10-18 15:50:00+00:00,4260.0,4302.6,162.07023886570246,-6904.192175678984,-0.00700000000000006,15,v3_short,sl,False,A,True,0.018544600938967135,0.004080035770176615,,0.6708860759493671,0.3291139240506329
LKOH,-1,2022-10-21 13:20:00+00:00,2022-10-21 17:40:00+00:00,4411.0,4455.11,155.4264980831823,-6855.86283044912,-0.006999999999999947,26,v3_short,sl,False,A,True,0.020521541950113378,0.0063654033041788145,,0.6685082872928176,0.3314917127071823
LKOH,-1,2022-10-27 13:20:00+00:00,2022-10-27 21:20:00+00:00,4703.0,4727.0,144.75593856338566,-3474.1425255212557,-0.0035721879651286407,48,v3_short,timeout,False,A,True,0.02614240170031881,0.0033146095845351955,,0.9024390243902439,0.0975609756097561
LKOH,-1,2023-03-21 13:20:00+00:00,2023-03-21 15:40:00+00:00,4219.5,4261.695,160.76674470807868,-6783.552792957333,-0.006999999999999952,14,v3_short,sl,False,A,True,0.019549763033175356,0.004665989618596254,,0.6303030303030303,0.3696969696969697
LKOH,-1,2023-03-22 13:20:00+00:00,2023-03-22 21:20:00+00:00,4231.0,4217.0,159.2074668732375,2228.904536225325,0.002316237296147483,48,v3_short,timeout,False,A,True,0.013352239158690772,0.0037699116040129867,,0.672566371681416,0.3274336283185841
LKOH,-1,2023-04-11 13:20:00+00:00,2023-04-11 16:40:00+00:00,4680.0,4609.8,144.2664584435952,10127.505382740357,0.010499999999999971,20,v3_short,tp,False,A,True,0.012498664672577715,0.002904655078568122,,0.8461538461538461,0.15384615384615385
LKOH,-1,2023-05-03 13:20:00+00:00,2023-05-03 17:50:00+00:00,4619.5,4550.2074999999995,147.6905031462158,10233.84418925923,0.010500000000000072,27,v3_short,tp,False,A,True,0.025327416387054876,0.004788190847288152,,0.8418803418803419,0.1581196581196581
LKOH,-1,2023-05-31 13:20:00+00:00,2023-05-31 21:20:00+00:00,5575.5,5567.5,123.65168508948531,989.2134807158825,0.0010043942247332078,48,v3_short,timeout,False,A,True,0.015965557449098573,0.0033400390383079414,,0.7921348314606742,0.20786516853932585
LKOH,-1,2023-08-01 13:20:00+00:00,2023-08-01 14:10:00+00:00,5957.5,6017.075,115.83926473402039,-6901.124196529244,-0.0069999999999999785,5,v3_short,sl,False,A,True,0.012927054478301015,0.0033256986165573423,,0.9675324675324676,0.032467532467532464
LKOH,-1,2023-08-02 13:20:00+00:00,2023-08-02 21:20:00+00:00,6078.5,6054.5,112.73860865597698,2705.7266077434474,0.0027638397630994492,48,v3_short,timeout,False,A,True,0.02138157894736842,0.0035910087719298244,,0.9115384615384615,0.08846153846153847
LKOH,-1,2023-09-21 13:20:00+00:00,2023-09-21 21:20:00+00:00,6405.0,6390.5,107.28737569723285,1555.6669476098764,0.0015846994535519128,48,v3_short,timeout,False,A,True,0.011787665886026541,0.0036020965763354524,,0.695364238410596,0.304635761589404
LKOH,-1,2023-09-22 13:20:00+00:00,2023-09-22 15:50:00+00:00,6427.5,6491.775,107.08123037014441,-6882.646082040993,-0.006999999999999959,15,v3_short,sl,False,A,True,0.02178310253617551,0.0036564493542866035,,0.875,0.125
LKOH,-1,2023-10-05 13:20:00+00:00,2023-10-05 21:20:00+00:00,6728.5,6697.5,101.57490613757518,3148.822090264831,0.003225087315151966,48,v3_short,timeout,False,A,True,0.014120095124851368,0.0036202649906573806,,0.8789473684210526,0.12105263157894737
LKOH,-1,2023-12-13 13:20:00+00:00,2023-12-13 21:20:00+00:00,7017.5,7041.5,97.70586838758248,-2344.9408413019796,-0.0023940149625935165,48,v3_short,timeout,False,A,True,0.019380121125757037,0.003504843333842265,,0.7610294117647058,0.23897058823529413
LKOH,-1,2024-05-28 13:20:00+00:00,2024-05-28 21:20:00+00:00,7638.5,7612.5,89.5476170479739,2328.2380432473215,0.002382666753943837,48,v3_short,timeout,False,A,True,0.030314934852353828,0.005443780340657182,,0.896328293736501,0.10367170626349892
LKOH,-1,2024-07-11 13:20:00+00:00,2024-07-11 14:40:00+00:00,6869.5,6938.195,99.80919127319628,-6856.392394512189,-0.00699999999999997,8,v3_short,sl,False,A,True,0.03166169299075624,0.006394726170546827,,0.8666666666666667,0.13333333333333333
LKOH,-1,2024-08-21 21:40:00+00:00,2024-08-22 09:50:00+00:00,6292.0,6314.0,108.20720991339213,-2380.558618094627,-0.0024475524475524478,73,v3_short,timeout,False,A,True,0.009932459276916964,0.003201089732674953,0.0002566547477155344,0.88,0.12
LKOH,-1,2024-09-05 13:20:00+00:00,2024-09-05 21:20:00+00:00,6332.5,6274.0,107.25201322422377,6274.242773617091,0.006466640347414134,48,v3_short,timeout,False,A,True,0.018081326490327676,0.0031620701972063995,,0.851528384279476,0.14847161572052403
LKOH,-1,2024-09-06 13:20:00+00:00,2024-09-06 21:20:00+00:00,6316.5,6321.0,108.21900477858449,-486.9855215036302,-0.0004986938969365946,48,v3_short,timeout,False,A,True,0.016466117796073463,0.0030006936276727285,,0.8125,0.1875
LKOH,-1,2024-09-24 13:20:00+00:00,2024-09-24 21:20:00+00:00,7017.0,6963.0,97.36703061406249,5257.819653159374,0.005386917486105173,48,v3_short,timeout,False,A,True,0.026366422005273286,0.004051674115096049,,0.8189189189189189,0.1810810810810811
LKOH,-1,2024-11-01 13:20:00+00:00,2024-11-01 21:20:00+00:00,6786.0,6826.0,101.22383253405364,-4048.953301362146,-0.004126142057176541,48,v3_short,timeout,False,A,True,0.016357206012378427,0.0032630205043998146,,0.5900900900900901,0.4099099099099099
LKOH,-1,2024-11-21 13:20:00+00:00,2024-11-21 18:10:00+00:00,6831.5,6899.8150000000005,100.13476692748803,-6840.706602651396,-0.007000000000000052,29,v3_short,sl,False,A,True,0.011272141706924315,0.003251981512851078,,0.8246753246753247,0.17532467532467533
LKOH,-1,2024-12-25 13:20:00+00:00,2024-12-25 16:40:00+00:00,6878.0,6946.78,98.76158267567295,-6792.82165643276,-0.006999999999999974,20,v3_short,sl,False,A,True,0.01635531002398779,0.003025299674278376,,0.8044444444444444,0.19555555555555557
LKOH,-1,2025-02-18 13:10:00+00:00,2025-02-18 15:30:00+00:00,7773.0,7656.405,86.7782311184582,10117.907857256656,0.010500000000000023,14,v3_short,tp,False,A,True,0.016081307088640164,0.0037528692437384472,,0.968,0.032
LKOH,1,2025-02-26 21:00:00+00:00,2025-02-27 06:50:00+00:00,7545.5,7570.0,90.33327492993907,2213.165235783507,0.002272877874229673,59,v3_long,timeout,False,A,True,0.01437847866419295,0.003718688641637413,-0.00031871190034455337,0.05069124423963134,0.9493087557603687
LKOH,1,2025-02-27 19:30:00+00:00,2025-02-28 06:50:00+00:00,7510.0,7497.0,90.96657012635202,-1182.5654116425762,-0.0012117177097203727,68,v3_long,timeout,False,A,True,0.01897091126938694,0.0034491330979572817,-8.453704320042602e-05,0.26666666666666666,0.7333333333333333
LKOH,-1,2025-03-07 22:50:00+00:00,2025-03-07 23:50:00+00:00,7242.0,7225.0,94.21860616690886,1601.7163048374505,0.0016431924882629107,6,v3_short,weekend_exit,False,A,True,0.01297894373489817,0.0032010595056110123,-0.0001836382464618571,0.8723404255319149,0.1276595744680851
LKOH,-1,2025-04-07 20:30:00+00:00,2025-04-08 06:50:00+00:00,6390.0,6399.5,106.95654886919253,-1016.087214257329,-0.0010406885758998436,62,v3_short,timeout,False,A,True,0.02269170579029734,0.006446616205167513,-2.895148669796557e-05,0.5793103448275863,0.4206896551724138
LKOH,1,2025-04-08 19:40:00+00:00,2025-04-08 20:00:00+00:00,6388.5,6324.615,106.87032734196761,-6827.410862241624,-0.007000000000000024,2,v3_long,sl,False,A,True,0.014954588161603508,0.0032357133269844108,-1.644221735045412e-05,0.17277486910994763,0.8272251308900523
LKOH,-1,2025-04-09 11:10:00+00:00,2025-04-09 12:10:00+00:00,6281.0,6274.0,107.93852867705634,755.5697007393944,0.0007801305524597993,6,v3_short,opposite_signal,False,A,True,0.013850195017113747,0.004074847384566401,1.9103717264984477e-05,0.3505747126436782,0.6494252873563219
LKOH,-1,2025-04-11 19:20:00+00:00,2025-04-11 23:50:00+00:00,6517.5,6508.0,104.10292250266336,988.9777637753019,0.0010203298810893748,27,v3_short,weekend_exit,False,A,True,0.010663598005370157,0.003032651495580971,7.59493670886076e-05,0.9640287769784173,0.03597122302158273
LKOH,-1,2025-04-18 18:40:00+00:00,2025-04-18 23:50:00+00:00,6628.0,6629.5,102.47179870937705,-153.7076980640656,-0.0001584188292094146,31,v3_short,weekend_exit,False,A,True,0.019990947495473747,0.0036255280627640316,-0.0002693120096560048,0.8679245283018868,0.1320754716981132
LKOH,-1,2025-04-30 22:40:00+00:00,2025-05-02 06:50:00+00:00,6684.0,6685.0,101.59717032571908,-101.59717032571908,-0.0001047277079593058,193,v3_short,timeout,False,A,True,0.01331538001196888,0.003202896957705883,-1.3464991023339318e-05,0.9325842696629213,0.06741573033707865
LKOH,-1,2025-05-27 10:30:00+00:00,2025-05-27 18:30:00+00:00,6447.5,6477.5,105.31281402681326,-3159.384420804398,-0.0032570763861962007,48,v3_short,timeout,False,A,True,0.017371074059713068,0.0032606013606401355,-4.497867390461419e-05,0.6785714285714286,0.32142857142857145
LKOH,-1,2025-10-07 10:50:00+00:00,2025-10-07 19:00:00+00:00,6142.0,6126.5,110.19094746716301,1707.9596857410268,0.0017665255617062847,49,v3_short,timeout,False,A,True,0.013512413512413512,0.0031847781847781846,8.140008140008141e-06,0.8012048192771084,0.19879518072289157
LKOH,1,2025-10-10 22:30:00+00:00,2025-10-10 23:50:00+00:00,5983.5,5964.0,113.30966342831687,-2209.538436852179,-0.0022812735021308602,8,v3_long,weekend_exit,False,A,True,0.005765856104286789,0.0031157110625649105,-0.0002916353304921869,0.17391304347826086,0.8260869565217391
LKOH,-1,2025-10-17 10:20:00+00:00,2025-10-17 14:00:00+00:00,6181.5,6243.3150000000005,109.43002413937351,-6764.4169421754295,-0.007000000000000057,22,v3_short,sl,False,A,True,0.011404998786702257,0.0032239054321073247,-1.61773032435493e-06,0.7304964539007093,0.2695035460992908
LKOH,1,2025-10-27 21:40:00+00:00,2025-10-27 23:20:00+00:00,5300.5,5247.495,126.72513958268362,-6717.06602358016,-0.007000000000000015,10,v3_long,sl,False,A,True,0.01669811320754717,0.004095109742010011,-0.0003066037735849057,0.2033898305084746,0.7966101694915254
LKOH,-1,2025-10-29 10:30:00+00:00,2025-10-29 12:10:00+00:00,5454.5,5428.5,122.28520600265992,3179.415356069158,0.0033366944724539374,10,v3_short,opposite_signal,False,A,True,0.014116784306535887,0.003404195034958624,-0.00012833440278668987,0.8636363636363636,0.13636363636363635
LKOH,-1,2025-10-30 10:20:00+00:00,2025-10-30 10:20:00+00:00,5433.5,5487.835,123.16743294207359,-6692.302468907573,-0.0070000000000000045,0,v3_short,sl,False,A,True,0.018036256556547343,0.0030367166651329713,4.232998987761112e-05,0.8367346938775511,0.16326530612244897
GMKN,-1,2022-01-21 11:00:00+00:00,2022-01-21 14:20:00+00:00,221.5,223.715,3160.270880361174,-7000.000000000011,-0.0070000000000000106,20,v3_short,sl,False,A,True,0.01444173661882849,0.005274844300027067,-0.000184132141890059,0.6999999999999991,0.3000000000000009
GMKN,1,2022-01-21 21:10:00+00:00,2022-01-21 23:50:00+00:00,220.74,221.0,3148.9535199782545,818.7279151943176,0.0008244994110718203,16,v3_long,weekend_exit,False,A,True,0.01567454924345387,0.0039015334320735727,9.966476397572009e-05,0.17919075144508761,0.8208092485549124
GMKN,-1,2022-01-25 19:30:00+00:00,2022-01-25 21:30:00+00:00,211.04,213.1504,3296.4040444495645,-6956.731095406356,-0.006999999999999996,12,v3_short,sl,False,A,True,0.013740168672415454,0.004020522261780676,-0.00019141476357433733,0.7379310344827524,0.2620689655172475
GMKN,-1,2022-01-27 10:20:00+00:00,2022-01-27 10:30:00+00:00,217.1,219.271,3181.959455429994,-6908.033977738492,-0.006999999999999975,1,v3_short,sl,False,A,True,0.019345923537540385,0.005145752451141687,-0.00022478120681713475,0.6380952380952372,0.3619047619047629
GMKN,-1,2022-01-28 12:30:00+00:00,2022-01-28 19:40:00+00:00,222.72,220.44,3079.9558817772754,7022.299410452191,0.007165948275862074,43,v3_short,opposite_signal,False,A,True,0.017510775862068863,0.004891396213657865,,0.8051282051282064,0.19487179487179368
GMKN,-1,2022-02-01 11:10:00+00:00,2022-02-01 11:30:00+00:00,218.92,221.1092,3155.8714762321906,-6908.83383576751,-0.006999999999999998,2,v3_short,sl,False,A,True,0.012606193477665072,0.0035064049862624726,-0.00014159130355348602,0.9782608695652165,0.021739130434783503
GMKN,1,2022-02-02 19:40:00+00:00,2022-02-02 20:40:00+00:00,216.5,217.3,3168.8092373751224,2535.047389900134,0.0025866050808314458,6,v3_long,opposite_signal,False,A,True,0.013117782909930731,0.0032785030871470937,-0.0002309468822170901,0.5281690140845064,0.4718309859154936
GMKN,-1,2022-02-09 12:10:00+00:00,2022-02-09 17:30:00+00:00,225.4,227.654,3051.5604838715353,-6878.217330646412,-0.0069999999999999715,32,v3_short,sl,False,A,True,0.013487133984028359,0.0034882431233362945,,0.7105263157894744,0.28947368421052555
GMKN,-1,2022-02-10 13:10:00+00:00,2022-02-10 14:00:00+00:00,226.02,228.2802,3021.887359230119,-6830.069809331907,-0.006999999999999992,5,v3_short,sl,False,A,True,0.024237063246351127,0.0034567843758001936,,0.6386861313868625,0.36131386861313747
GMKN,-1,2022-02-10 19:20:00+00:00,2022-02-10 21:30:00+00:00,226.36,225.2,2996.22694851855,3475.623260281593,0.0035872062201803205,13,v3_short,opposite_signal,False,A,True,0.014305898975627028,0.0036350463887427154,-8.389261744966344e-05,0.8209876543209931,0.17901234567900692
GMKN,-1,2022-02-11 19:20:00+00:00,2022-02-11 21:30:00+00:00,220.64,217.3304,3084.9296063671877,10209.88302523281,0.010499999999999964,13,v3_short,tp,False,A,True,0.008701957940536693,0.004053144100279692,-0.00030456852791878043,0.7812499999999936,0.21875000000000647
GMKN,-1,2022-02-14 20:20:00+00:00,2022-02-15 06:50:00+00:00,220.44,221.44,3120.149639205767,-3120.149639205767,-0.003175467247323535,63,v3_short,timeout,False,A,True,0.014148376564483967,0.0041330880257054855,0.00035643025575911547,0.5192307692307699,0.48076923076923006
GMKN,-1,2022-02-16 11:20:00+00:00,2022-02-16 13:20:00+00:00,224.0,220.64,3060.811079103014,10284.32522578617,0.010500000000000042,12,v3_short,tp,False,A,True,0.014550973040528437,0.003114523200222174,6.248884127833707e-06,0.7668711656441739,0.23312883435582607
GMKN,-1,2022-02-17 13:20:00+00:00,2022-02-17 17:50:00+00:00,221.6,218.27599999999998,3126.4472444816133,10392.31064065692,0.010500000000000037,27,v3_short,tp,False,A,True,0.01858870240028878,0.004097658943354661,,0.9417475728155318,0.058252427184468165
GMKN,-1,2022-10-13 13:20:00+00:00,2022-10-13 15:40:00+00:00,127.86,125.9421,5475.483550958747,10501.429902383798,0.010500000000000016,14,v3_short,tp,False,A,True,0.021892103205629485,0.0046464872109907365,,0.6428571428571392,0.35714285714286076
GMKN,-1,2022-10-14 21:40:00+00:00,2022-10-14 23:50:00+00:00,126.2,126.4,5605.7553705012215,-1121.1510741002603,-0.001109350237717924,13,v3_short,weekend_exit,False,A,True,0.007922674694977025,0.003424535715094142,0.00015211535414355785,0.7400000000000091,0.2599999999999909
GMKN,-1,2022-10-27 13:20:00+00:00,2022-10-27 14:40:00+00:00,133.42,131.41869999999997,5296.518677899745,10599.922830080837,0.010500000000000079,8,v3_short,tp,False,A,True,0.022048897555122227,0.004206932510517321,,0.8707482993197196,0.12925170068028033
GMKN,-1,2022-10-31 22:20:00+00:00,2022-11-01 09:50:00+00:00,137.64,138.0,5188.037401819533,-1867.6934646551028,-0.0018308631211857716,69,v3_short,timeout,False,A,True,0.007993024269728196,0.003069677224181356,0.0002136317395727405,0.7636363636363448,0.23636363636365515
GMKN,-1,2022-11-22 13:20:00+00:00,2022-11-22 21:20:00+00:00,148.32,148.02,4805.6505027048415,1441.6951508113705,0.0014158576051779134,48,v3_short,timeout,False,A,True,0.021038435603506433,0.004090806922904035,,0.92948717948718,0.07051282051282004
GMKN,-1,2022-11-23 13:20:00+00:00,2022-11-23 21:20:00+00:00,148.6,147.58,4803.386737326715,4899.454472073162,0.004804845222072592,48,v3_short,timeout,False,A,True,0.014128094725511457,0.0031203547080834427,,0.9047619047618977,0.09523809523810232
GMKN,-1,2022-12-01 13:20:00+00:00,2022-12-01 15:20:00+00:00,145.06,146.5106,4944.249877962229,-7172.128872972052,-0.00700000000000004,12,v3_short,sl,False,A,True,0.018750861712394862,0.003197363324207373,,0.7352941176470591,0.26470588235294085
GMKN,-1,2022-12-07 13:20:00+00:00,2022-12-07 15:40:00+00:00,147.18,148.6518,4838.921029257512,-7121.923970861214,-0.007000000000000008,14,v3_short,sl,False,A,True,0.013181138741676842,0.00317719151799869,,0.8350515463917559,0.1649484536082441
GMKN,1,2022-12-15 22:40:00+00:00,2022-12-16 09:50:00+00:00,143.16,142.7,4939.976601749914,-2272.3892368049997,-0.0022492316289466716,67,v3_long,timeout,False,A,True,0.006007264599049911,0.0030905908046370357,-0.0004246996367700424,0.4186046511627807,0.5813953488372193
GMKN,-1,2022-12-20 13:20:00+00:00,2022-12-20 21:20:00+00:00,148.76,147.78,4743.3206361975945,4648.454223473594,0.0046114546921214895,48,v3_short,timeout,False,A,True,0.021914493143318038,0.0032842930127146377,,0.8282208588957043,0.17177914110429565
GMKN,-1,2022-12-21 13:20:00+00:00,2022-12-21 21:20:00+00:00,148.84,148.04,4762.633000518581,3810.106400414919,0.003762429454447782,48,v3_short,timeout,False,A,True,0.014911337990327773,0.0033520124868862077,,0.5675675675675638,0.43243243243243623
GMKN,-1,2023-03-17 13:20:00+00:00,2023-03-17 21:20:00+00:00,145.78,145.58,4880.898410464235,976.1796820927915,0.0009603512141582662,48,v3_short,timeout,False,A,True,0.019344217313760414,0.0033514297473688213,,0.8652482269503559,0.1347517730496441
GMKN,-1,2023-08-04 13:20:00+00:00,2023-08-04 15:10:00+00:00,168.4,165.874,4229.339050207488,10683.31044082416,0.010500000000000042,11,v3_short,tp,False,A,True,0.013301662707838533,0.0031387852052935333,,0.8482142857142848,0.1517857142857152
GMKN,1,2023-08-04 23:40:00+00:00,2023-08-04 23:50:00+00:00,163.44,163.38,4403.444770946634,-264.20668625680804,-0.00025697503671072924,1,v3_long,weekend_exit,False,A,True,0.006481594716888849,0.0038260626495920645,-0.0003803350862174409,0.05660377358490768,0.9433962264150924
GMKN,-1,2023-08-15 13:20:00+00:00,2023-08-15 21:20:00+00:00,164.06,163.2,4385.6763908517505,3771.6816961325653,0.003669389247836216,48,v3_short,timeout,False,A,True,0.02145818093148002,0.004696879971203301,,0.7386363636363659,0.2613636363636342
GMKN,-1,2023-10-27 13:20:00+00:00,2023-10-27 14:00:00+00:00,174.24,171.62640000000002,4144.595075013952,10832.313688056427,0.010499999999999964,4,v3_short,tp,False,A,True,0.02180399357355969,0.0032405434057947297,,0.5684210526315806,0.4315789473684194
GMKN,-1,2024-05-23 13:20:00+00:00,2024-05-23 14:20:00+00:00,149.6,151.096,4877.920223610096,-7297.368654520749,-0.007000000000000043,6,v3_short,sl,False,A,True,0.028735632183908125,0.005689846106846899,,0.6744186046511623,0.3255813953488377
GMKN,-1,2024-06-06 13:20:00+00:00,2024-06-06 21:20:00+00:00,140.84,140.72,5145.049044262326,617.4058853115025,0.0005964214711729848,48,v3_short,timeout,False,A,True,0.019599488708990136,0.0038887874422599703,,0.7681159420289897,0.2318840579710103
GMKN,-1,2024-06-11 13:20:00+00:00,2024-06-11 13:40:00+00:00,140.0,137.9,5179.006367954456,10875.91337270433,0.01049999999999997,2,v3_short,tp,False,A,True,0.0257106127696043,0.0034756939484835497,,0.850000000000002,0.14999999999999802
GMKN,-1,2024-06-18 13:20:00+00:00,2024-06-18 18:10:00+00:00,139.14,137.0529,5265.732577795868,10990.110463117715,0.01049999999999996,29,v3_short,tp,False,A,True,0.01193386053199135,0.0038204785868337357,,0.9277108433734911,0.07228915662650891
GMKN,-1,2024-07-16 13:20:00+00:00,2024-07-16 17:50:00+00:00,124.38,125.6238,5952.4610725092425,-7403.6710819870395,-0.007000000000000042,27,v3_short,sl,False,A,True,0.018652516481749537,0.00496941017925098,,0.7672413793103429,0.23275862068965714
GMKN,-1,2024-08-15 13:20:00+00:00,2024-08-15 21:20:00+00:00,125.8,125.22,5844.074232442835,3389.563054816834,0.0032273449920508647,48,v3_short,timeout,False,A,True,0.012241653418124056,0.0033386327503974484,,0.7402597402597376,0.2597402597402624
GMKN,-1,2024-09-06 13:20:00+00:00,2024-09-06 21:20:00+00:00,105.8,106.38,6971.240383550855,-4043.319422459484,-0.00383742911153118,48,v3_short,timeout,False,A,True,0.016071090943467602,0.0036643888033564723,,0.7647058823529382,0.23529411764706176
GMKN,-1,2024-09-20 13:20:00+00:00,2024-09-20 18:20:00+00:00,111.98,110.30030000000001,6561.233336166803,11020.90363475936,0.010499999999999978,30,v3_short,tp,False,A,True,0.01250446588067172,0.0038108848398237323,,0.9857142857142887,0.014285714285711385
GMKN,-1,2024-10-01 22:30:00+00:00,2024-10-02 09:50:00+00:00,111.22,110.64,6675.431950443178,3871.7505312570315,0.00365042258586584,68,v3_short,timeout,False,A,True,0.012405609492988221,0.0031702001188824943,-0.00011866235167205981,0.8695652173913003,0.13043478260869967
GMKN,1,2024-10-17 13:20:00+00:00,2024-10-17 17:30:00+00:00,105.22,104.1678,7081.845342141896,-7451.517669001697,-0.006999999999999994,25,v3_long,sl,False,A,True,0.02071849458277887,0.0038468152895067805,,0.07339449541284272,0.9266055045871573
GMKN,-1,2024-10-31 23:40:00+00:00,2024-11-01 09:50:00+00:00,98.92,99.4,7480.142585239276,-3590.468440914882,-0.0033966841892438615,61,v3_short,timeout,False,A,True,0.00950070749949462,0.0032672862959616813,7.277137659187375e-05,0.9787234042553233,0.02127659574467667
GMKN,-1,2024-11-22 13:20:00+00:00,2024-11-22 18:20:00+00:00,109.24,107.6014,6750.479463779099,11061.33564934841,0.01049999999999998,30,v3_short,tp,False,A,True,0.01628843338213764,0.004218085477236279,,0.6966292134831428,0.3033707865168572
GMKN,-1,2024-11-22 22:20:00+00:00,2024-11-22 23:50:00+00:00,108.82,108.52,6847.687112458854,2054.3061337376366,0.00192979231758866,9,v3_short,weekend_exit,False,A,True,0.02003308215401587,0.004425957113225735,-0.00016541077007903063,0.9174311926605476,0.08256880733945242
GMKN,-1,2024-12-06 22:30:00+00:00,2024-12-06 23:50:00+00:00,107.88,107.8,6920.683406297635,553.654672503799,0.0005190952910641343,8,v3_short,weekend_exit,False,A,True,0.011679644048943318,0.0034770304117197563,-0.00022246941045606019,0.9047619047619015,0.09523809523809847
GMKN,-1,2025-01-10 13:20:00+00:00,2025-01-10 13:40:00+00:00,112.18,113.30180000000001,6658.859726708339,-7469.908841421464,-0.007000000000000046,2,v3_short,sl,False,A,True,0.01497593153859874,0.0038883087554865098,,0.6904761904761941,0.3095238095238059
GMKN,1,2025-01-13 21:40:00+00:00,2025-01-14 09:50:00+00:00,117.7,118.42,6302.140594334294,4537.541227920685,0.004282073067119789,73,v3_long,timeout,False,A,True,0.022947475777664483,0.003940791002785619,0.00016488186299507034,0.06666666666666912,0.9333333333333309
GMKN,-1,2025-01-16 13:20:00+00:00,2025-01-16 21:20:00+00:00,119.98,119.32,6208.853365666702,4097.84322134009,0.003850641773629001,48,v3_short,timeout,False,A,True,0.017000000000000053,0.0039444444444444605,,0.7254901960784311,0.2745098039215689
GMKN,-1,2025-01-21 13:20:00+00:00,2025-01-21 14:30:00+00:00,124.1,122.23849999999999,6025.839782978478,11217.100756014477,0.010500000000000039,7,v3_short,tp,False,A,True,0.01208313194780087,0.004196490905045761,,0.7333333333333295,0.26666666666667044
GMKN,1,2025-01-29 19:40:00+00:00,2025-01-30 06:50:00+00:00,121.84,121.78,6202.05751474753,-372.1234508848659,-0.0003447143795141299,67,v3_long,timeout,False,A,True,0.010669730794484663,0.0030685944765299605,0.00010341431385423432,0.18461538461539,0.81538461538461
GMKN,-1,2025-02-06 20:50:00+00:00,2025-02-07 06:50:00+00:00,121.64,121.86,6210.113459233968,-1366.224961031466,-0.0012660309108845711,60,v3_short,timeout,False,A,True,0.0070723684210526275,0.0032592642320085816,4.934210526315977e-06,0.5813953488372097,0.41860465116279033
GMKN,-1,2025-02-11 11:00:00+00:00,2025-02-11 11:10:00+00:00,121.12,120.82,6228.879158755761,1868.663747626799,0.00173381770145317,1,v3_short,opposite_signal,False,A,True,0.010733157199471575,0.0036591809775429317,4.128137384412153e-05,0.47692307692308145,0.5230769230769186
GMKN,-1,2025-02-11 12:30:00+00:00,2025-02-11 20:30:00+00:00,121.1,120.4,6240.709399932589,4368.496579952741,0.004046242774566408,48,v3_short,timeout,False,A,True,0.017184401850627876,0.0038149760895766043,,0.7115384615384572,0.2884615384615428
GMKN,-1,2025-02-19 10:30:00+00:00,2025-02-19 10:40:00+00:00,135.02,134.54,5619.9663452659115,2697.5838457277396,0.002488520219226875,1,v3_short,opposite_signal,False,A,True,0.012144549763033285,0.0032380978026712737,0.00011700236966824949,0.48780487804878303,0.512195121951217
GMKN,-1,2025-03-05 10:50:00+00:00,2025-03-05 12:30:00+00:00,140.32,141.7232,5421.152826609271,-7606.961646298119,-0.006999999999999991,10,v3_short,sl,False,A,True,0.014395667046750358,0.0045966362599772085,-0.00017388825541618736,0.821782178217816,0.17821782178218407
GMKN,1,2025-03-05 19:20:00+00:00,2025-03-05 21:30:00+00:00,140.64,139.2336,5370.956281835924,-7553.712914773993,-0.006999999999999955,13,v3_long,sl,False,A,True,0.011232759846438308,0.003572081470153791,0.00021612398691880872,0.1392405063291121,0.8607594936708879
GMKN,-1,2025-03-06 20:30:00+00:00,2025-03-07 06:50:00+00:00,136.72,136.46,5486.2762758708495,1426.431831726371,0.0013311878291398015,62,v3_short,timeout,False,A,True,0.015947329919531874,0.003998029350730787,-0.0001638624725676671,0.5137614678899087,0.48623853211009127
GMKN,-1,2025-03-11 20:10:00+00:00,2025-03-11 21:10:00+00:00,136.44,135.76,5504.853376717026,3743.3002961676148,0.0034887129873937615,6,v3_short,opposite_signal,False,A,True,0.010407505130460184,0.0035808518658122794,-0.00020668425681617827,0.6056338028168964,0.3943661971831037
GMKN,1,2025-03-18 20:30:00+00:00,2025-03-18 20:50:00+00:00,133.94,132.6006,5627.1651853560425,-7537.025049265951,-0.0070000000000000635,2,v3_long,sl,False,A,True,0.021349656613914702,0.0036715193691689994,-2.2394744699907025e-05,0.17482517482517398,0.825174825174826
GMKN,-1,2025-03-27 12:50:00+00:00,2025-03-27 16:20:00+00:00,125.38,123.49929999999999,5969.266130101309,11226.398810881557,0.010500000000000025,21,v3_short,tp,False,A,True,0.01850374860424316,0.0039790149057974886,,0.9913793103448232,0.008620689655176797
GMKN,-1,2025-03-28 10:20:00+00:00,2025-03-28 11:50:00+00:00,123.16,122.4,6140.671212729127,4666.91012167408,0.004319584280610536,9,v3_short,opposite_signal,False,A,True,0.015264696329977229,0.004113889791057703,-7.95712893796679e-05,0.8191489361702106,0.1808510638297895
GMKN,1,2025-03-28 20:30:00+00:00,2025-03-28 23:50:00+00:00,121.72,121.56,6240.156947460492,-998.4251115936574,-0.0009201445941504897,20,v3_long,weekend_exit,False,A,True,0.022014128470510864,0.004274750807173528,1.1499917857728467e-05,0.11194029850746194,0.8880597014925381
GMKN,-1,2025-04-02 10:30:00+00:00,2025-04-02 10:50:00+00:00,121.44,121.3,6248.78957564868,874.8305405908187,0.0008069828722002669,2,v3_short,opposite_signal,False,A,True,0.015316205533596833,0.0036531321116301265,3.2938076416340095e-05,0.7096774193548353,0.29032258064516475
GMKN,-1,2025-04-02 11:10:00+00:00,2025-04-02 11:10:00+00:00,121.3,120.64,6261.050185038657,4132.293122125492,0.00380873866446824,0,v3_short,opposite_signal,False,A,True,0.015164001977913212,0.003911450342965087,2.802043843744643e-05,0.6413043478260867,0.3586956521739133
GMKN,-1,2025-04-02 21:10:00+00:00,2025-04-02 22:50:00+00:00,119.5,120.69500000000001,6379.564791888511,-7623.5799263068175,-0.007000000000000043,10,v3_short,sl,False,A,True,0.018069265517818393,0.004271476032273374,-0.0003128659862807436,0.916666666666664,0.08333333333333608
GMKN,-1,2025-04-03 12:30:00+00:00,2025-04-03 12:50:00+00:00,120.18,121.38180000000001,6299.063793328859,-7570.214866822659,-0.007000000000000033,2,v3_short,sl,False,A,True,0.014311865535030777,0.0032500269204037047,,0.8604651162790726,0.13953488372092734
GMKN,-1,2025-04-04 10:40:00+00:00,2025-04-04 11:20:00+00:00,117.02,116.64,6423.87913412653,2441.074070968052,0.0022731157067167732,4,v3_short,opposite_signal,False,A,True,0.014529914529914555,0.004325529542920852,0.00012307692307692532,0.7764705882352888,0.2235294117647112
GMKN,-1,2025-04-04 11:40:00+00:00,2025-04-04 11:40:00+00:00,116.82,116.4,6449.504264040097,2708.79179089676,0.002516692347200747,0,v3_short,opposite_signal,False,A,True,0.013182674199623285,0.004280089025851747,,0.7272727272727247,0.27272727272727526
GMKN,-1,2025-04-04 12:10:00+00:00,2025-04-04 12:30:00+00:00,117.0,116.42,6455.78839639993,3744.3572699119486,0.00347008547008546,2,v3_short,opposite_signal,False,A,True,0.013160143565202462,0.0043261835583661,,0.8441558441558467,0.15584415584415331
GMKN,-1,2025-04-10 10:20:00+00:00,2025-04-10 10:40:00+00:00,115.98,115.4,6535.16375640395,3790.39497871428,0.003500603552336599,2,v3_short,opposite_signal,False,A,True,0.020003448870494975,0.0048776882713768305,-3.44887049491223e-06,0.6293103448275876,0.37068965517241237
GMKN,-1,2025-04-11 19:20:00+00:00,2025-04-11 23:50:00+00:00,116.54,117.1,6526.527964242579,-3654.8556599757667,-0.0033636519649904895,27,v3_short,weekend_exit,False,A,True,0.01664378860672613,0.0041880856666619976,4.9759780370623206e-05,0.7319587628865997,0.26804123711340033
GMKN,-1,2025-04-16 12:30:00+00:00,2025-04-16 13:40:00+00:00,112.16,113.2816,6758.587464255058,-7580.431699908479,-0.007000000000000006,7,v3_short,sl,False,A,True,0.020328102710413704,0.003996391709322822,,0.8596491228070143,0.14035087719298564
GMKN,-1,2025-04-17 11:30:00+00:00,2025-04-17 18:00:00+00:00,114.08,112.3688,6598.324577497468,11291.053017013703,0.010500000000000032,39,v3_short,tp,False,A,True,0.014901823281907459,0.0030805449809657394,,0.847058823529409,0.152941176470591
GMKN,-1,2025-04-18 10:30:00+00:00,2025-04-18 11:10:00+00:00,114.22,113.56,6659.43446780617,4395.226748752049,0.0040448257748205005,4,v3_short,opposite_signal,False,A,True,0.010329131652661,0.0036048510313216263,-0.0002923669467787118,0.8135593220338981,0.1864406779661019
GMKN,1,2025-04-23 19:20:00+00:00,2025-04-24 06:50:00+00:00,113.56,114.2,6725.231275422219,4304.148016270225,0.0039450510743219485,69,v3_long,timeout,False,A,True,0.0077492074674180645,0.0035475267951491987,-0.0001990137372314187,0.06818181818182112,0.9318181818181789
GMKN,1,2025-04-25 20:30:00+00:00,2025-04-25 23:20:00+00:00,115.84,117.57759999999999,6618.872300141024,11500.952508724953,0.010499999999999916,17,v3_long,tp,False,A,True,0.00811464088397788,0.0033896155147141818,0.00025897790055248374,0.04255319148936846,0.9574468085106316
GMKN,1,2025-04-28 20:10:00+00:00,2025-04-28 21:40:00+00:00,118.08,116.8992,6561.490802883162,-7747.80834004447,-0.007000000000000029,9,v3_long,sl,False,A,True,0.011176968670618183,0.003818970433219865,8.975444538526692e-05,0.25757575757575873,0.7424242424242413
GMKN,-1,2025-04-30 10:40:00+00:00,2025-04-30 11:10:00+00:00,113.38,111.6793,6785.653273649787,11540.360522496176,0.010499999999999987,3,v3_short,tp,False,A,True,0.017816193332157313,0.0032978747881307275,-0.00017286999470805957,0.8910891089108914,0.10891089108910856
GMKN,-1,2025-05-05 21:10:00+00:00,2025-05-06 06:50:00+00:00,107.66,107.76,7221.211411221996,-722.1211411222612,-0.0006501950585176107,58,v3_short,timeout,False,A,True,0.009845810886123001,0.0036964442102310076,-0.00013375441203789686,0.8113207547169788,0.18867924528302116
GMKN,-1,2025-05-06 10:40:00+00:00,2025-05-06 18:40:00+00:00,107.88,108.72,7201.7995525896795,-6049.511624175355,-0.005450500556173548,48,v3_short,timeout,False,A,True,0.017062314540059378,0.0032415172235840508,1.6691394658754343e-05,0.7173913043478211,0.28260869565217894
GMKN,-1,2025-05-07 11:50:00+00:00,2025-05-07 17:40:00+00:00,108.42,109.5042,7126.8721416385515,-7726.9547759644865,-0.0069999999999999715,35,v3_short,sl,False,A,True,0.01420402139826593,0.0033204205866076363,,0.7532467532467549,0.2467532467532451
GMKN,1,2025-05-15 19:40:00+00:00,2025-05-16 06:50:00+00:00,110.04,110.52,6972.797248757513,3346.9426794035353,0.0030534351145037517,67,v3_long,timeout,False,A,True,0.014358415121773884,0.0038687230617437812,-7.997091966557573e-05,0.20253164556962513,0.7974683544303749
GMKN,1,2025-05-22 19:40:00+00:00,2025-05-23 06:50:00+00:00,104.56,105.02,7360.649092663152,3385.898582625004,0.0030795715378729494,67,v3_long,timeout,False,A,True,0.023335883703136932,0.004063675967709191,0.00010328997704667297,0.2868852459016408,0.7131147540983592
GMKN,-1,2025-05-29 11:40:00+00:00,2025-05-29 19:20:00+00:00,106.86,105.2571,7224.402003899464,11579.99397205049,0.010500000000000035,46,v3_short,tp,False,A,True,0.01703163017031637,0.003439885896467814,,0.8461538461538461,0.15384615384615385
GMKN,-1,2025-05-30 21:30:00+00:00,2025-05-30 23:50:00+00:00,106.12,106.42,7351.164661865172,-2205.3493985595305,-0.001978891820580456,14,v3_short,weekend_exit,False,A,True,0.018096135721017925,0.00322375887206909,-3.7700282752113145e-06,0.6770833333333387,0.32291666666666136
GMKN,-1,2025-06-04 10:20:00+00:00,2025-06-04 14:10:00+00:00,111.24,112.35239999999999,6998.93787610698,-7785.618493381362,-0.006999999999999961,23,v3_short,sl,False,A,True,0.01941747572815531,0.003296176435335019,0.00015641855447680775,0.7685185185185182,0.23148148148148184
GMKN,-1,2025-06-04 20:40:00+00:00,2025-06-04 21:40:00+00:00,112.16,111.68,6892.937913630292,3308.61019854247,0.002995720399429323,6,v3_short,opposite_signal,False,A,True,0.012482168330955829,0.004064892718856452,0.00012125534950071448,0.8285714285714227,0.17142857142857723
GMKN,1,2025-06-04 22:30:00+00:00,2025-06-05 06:50:00+00:00,111.32,111.38,6965.7558707487715,417.9453522449421,0.0003772906934962414,50,v3_long,timeout,False,A,True,0.011678045274883194,0.004058899880469623,0.00012217031979877698,0.09230769230768508,0.9076923076923149
GMKN,1,2025-06-11 19:20:00+00:00,2025-06-13 06:50:00+00:00,107.18,107.04,7237.549032266511,-1013.2568645173156,-0.00091434969210674,213,v3_long,timeout,False,A,True,0.013435342414629573,0.003107494163927929,0.0003060272438887853,0.1111111111111188,0.8888888888888812
GMKN,1,2025-06-18 20:10:00+00:00,2025-06-19 06:50:00+00:00,107.24,107.38,7226.885728022777,1011.7640019231928,0.0009138381201044423,64,v3_long,timeout,False,A,True,0.011749347258485688,0.0030753069597850404,9.697873927638603e-05,0.06349206349206188,0.9365079365079381
GMKN,-1,2025-06-19 19:20:00+00:00,2025-06-20 06:50:00+00:00,106.98,106.98,7251.069922177125,-0.0,-0.0,69,v3_short,timeout,False,A,True,0.01420560747663561,0.0033263398817470965,-0.0002504672897196268,0.8157894736842111,0.184210526315789
GMKN,-1,2025-06-26 12:30:00+00:00,2025-06-26 17:00:00+00:00,108.82,109.9082,7128.464071627539,-7757.194602745091,-0.007000000000000003,27,v3_short,sl,False,A,True,0.011209114296214616,0.003102233175519382,,0.6393442622950718,0.36065573770492815
GMKN,-1,2025-07-09 12:00:00+00:00,2025-07-09 18:10:00+00:00,103.84,102.2824,7418.041448888552,11554.341360788867,0.010500000000000053,37,v3_short,tp,False,A,True,0.017912172573189517,0.003951488642576677,,0.6774193548387126,0.32258064516128737
GMKN,-1,2025-07-09 20:10:00+00:00,2025-07-10 06:50:00+00:00,103.94,104.22,7488.719097605727,-2096.8413473296123,-0.0018857032903598307,64,v3_short,timeout,False,A,True,0.01924187030979411,0.0034596097434547975,-5.964979796035945e-05,0.8699999999999974,0.13000000000000256
GMKN,-1,2025-07-16 20:10:00+00:00,2025-07-17 06:50:00+00:00,111.3,110.36,6980.320521671238,6561.501290370948,0.0059119496855345776,64,v3_short,timeout,False,A,True,0.009523809523809544,0.0033665218108806915,0.00021743036837376604,0.9056603773584827,0.09433962264151728
GMKN,1,2025-07-28 20:10:00+00:00,2025-07-29 06:50:00+00:00,116.18,117.06,6726.654544373113,5919.4559990483085,0.0053021174040282035,64,v3_long,timeout,False,A,True,0.01256454388984504,0.00455934525273104,0.00028915662650602284,0.23287671232877047,0.7671232876712295
GMKN,-1,2025-09-16 19:30:00+00:00,2025-09-17 06:50:00+00:00,124.2,124.46,6325.65494496459,-1644.670285690736,-0.0014653784219001097,68,v3_short,timeout,False,A,True,0.016741790083709053,0.003623664533424443,-0.00015775917578879652,0.7692307692307687,0.23076923076923128
GMKN,-1,2025-09-24 11:00:00+00:00,2025-09-24 11:10:00+00:00,119.34,120.5334,6573.613834126182,-7844.950749646166,-0.006999999999999983,1,v3_short,sl,False,A,True,0.016761649346295676,0.004009386523633933,-5.698960777740587e-05,0.8400000000000034,0.1599999999999966
GMKN,-1,2025-09-30 19:20:00+00:00,2025-09-30 20:00:00+00:00,124.26,123.46,6269.142197327105,5015.313757861755,0.004506679542893995,4,v3_short,opposite_signal,False,A,True,0.01223832528180351,0.0038745933155870994,-0.00017069243156199484,0.8421052631578977,0.1578947368421023
GMKN,-1,2025-10-07 21:00:00+00:00,2025-10-08 06:50:00+00:00,125.58,125.94,6231.201855951341,-2243.2326681424793,-0.002006688963210699,59,v3_short,timeout,False,A,True,0.0065307422746096935,0.0030784534266079843,0.0001768079006052882,1.0,0.0
GMKN,1,2025-10-17 19:20:00+00:00,2025-10-17 23:50:00+00:00,131.9,131.52,5920.728326024788,-2249.8767638893924,-0.0020166793025018707,27,v3_long,weekend_exit,False,A,True,0.01819560272934045,0.003369899893240064,6.216830932524157e-05,0.08333333333334024,0.9166666666666597
GMKN,-1,2025-10-23 10:20:00+00:00,2025-10-23 11:20:00+00:00,126.78,128.0478,6147.414043760428,-7793.691524679434,-0.006999999999999967,6,v3_short,sl,False,A,True,0.012147026344849394,0.003508139333979357,-0.00010096229689225214,0.8311688311688286,0.16883116883117147
GMKN,-1,2025-10-28 10:50:00+00:00,2025-10-28 11:20:00+00:00,120.22,121.4222,6437.477694232835,-7739.135684006746,-0.007000000000000028,3,v3_short,sl,False,A,True,0.02711244178310051,0.004290031049013088,0.00019960079840319173,0.5828220858895714,0.4171779141104286
YNDX,-1,2022-01-06 19:20:00+00:00,2022-01-06 22:00:00+00:00,4294.0,4247.0,163.01816488122964,7661.853749417793,0.007661853749417792,16,v3_short,opposite_signal,False,A,True,0.02301206503004616,0.005686944270417907,-0.0003293427120696833,0.8886639676113363,0.11133603238866377
YNDX,-1,2022-01-10 22:00:00+00:00,2022-01-10 22:30:00+00:00,4159.8,4201.398,169.566637248087,-7053.632976245915,-0.006999999999999991,3,v3_short,sl,False,A,True,0.025420470927438776,0.004646510213888541,-0.00039067755886592633,0.8279773156899831,0.17202268431001688
YNDX,1,2022-01-12 18:40:00+00:00,2022-01-12 20:50:00+00:00,4384.0,4430.0,159.7686483898769,7349.357825934337,0.0073448905109489045,13,v3_long,opposite_signal,False,A,True,0.01893248175182482,0.004625000000000018,0.00028512773722627735,0.10843373493975904,0.891566265060241
YNDX,1,2022-01-12 23:20:00+00:00,2022-01-13 07:20:00+00:00,4385.6,4380.4,160.88341504454905,-836.5937582317721,-0.0008299890550894995,48,v3_long,timeout,False,A,True,0.013084112149532628,0.003976498281099552,-3.373603829496487e-05,0.010452961672480271,0.9895470383275198
YNDX,-1,2022-02-02 10:30:00+00:00,2022-02-02 10:30:00+00:00,3782.0,3725.27,186.4052589605003,10574.770340829185,0.010500000000000004,0,v3_short,tp,False,A,True,0.017874140666314094,0.0042930628335176284,0.00033632998413538,0.7396449704142022,0.2603550295857978
YNDX,-1,2022-02-03 11:40:00+00:00,2022-02-03 12:40:00+00:00,3617.6,3563.336,196.92255324723368,10685.805429407912,0.010500000000000023,6,v3_short,tp,False,A,True,0.023494941677262425,0.007003684845619666,,0.9129411764705871,0.08705882352941284
YNDX,-1,2022-02-03 20:40:00+00:00,2022-02-03 22:30:00+00:00,3585.6,3546.0,200.76614581319112,7950.33937420235,0.0077309236947790995,11,v3_short,opposite_signal,False,A,True,0.03200981485612305,0.005524270828117111,-0.00025429399955386963,0.890243902439025,0.10975609756097508
YNDX,1,2022-02-03 23:00:00+00:00,2022-02-04 07:00:00+00:00,3544.4,3597.566,204.66999491866594,10881.484949845735,0.010499999999999943,48,v3_long,tp,False,A,True,0.019185193544746643,0.005421602113365388,-0.00014332468118722543,0.18235294117647194,0.8176470588235281
YNDX,-1,2022-02-08 10:20:00+00:00,2022-02-08 10:30:00+00:00,3490.6,3479.0,210.0066949678026,2436.077661626491,0.002326247636509465,1,v3_short,opposite_signal,False,A,True,0.016954977660671274,0.0037614083323786575,0.00010367739718180724,0.6385135135135108,0.3614864864864891
YNDX,-1,2022-02-08 11:30:00+00:00,2022-02-08 14:10:00+00:00,3491.4,3526.3140000000003,210.4469908397062,-7347.546238177547,-0.007000000000000043,16,v3_short,sl,False,A,True,0.016955948903018794,0.004013944467630664,,0.6520270270270275,0.3479729729729725
YNDX,-1,2022-02-09 22:30:00+00:00,2022-02-10 06:50:00+00:00,3734.0,3763.0,195.39671704633793,-5666.5047943438,-0.005436529191215855,50,v3_short,timeout,False,A,True,0.011247991430101767,0.004403003836778424,-5.6239957150508836e-05,0.7380952380952381,0.2619047619047619
YNDX,-1,2022-02-10 12:20:00+00:00,2022-02-10 15:40:00+00:00,3721.0,3758.21,195.01338029964666,-7256.447880949859,-0.007000000000000006,20,v3_short,sl,False,A,True,0.01263101316850309,0.004358554640736856,,0.851063829787234,0.14893617021276595
YNDX,1,2022-09-21 22:50:00+00:00,2022-09-22 09:50:00+00:00,1894.4,1902.6,380.36595997588694,3119.0008718022036,0.0030299831081080403,66,v3_long,timeout,False,A,True,0.007398795053377021,0.006322410583512551,-0.00022196385160131062,0.24285714285714935,0.7571428571428507
YNDX,1,2022-10-05 23:30:00+00:00,2022-10-06 09:50:00+00:00,2027.0,2043.8,356.5607179026058,5990.2200607637615,0.005801677355698061,62,v3_long,timeout,False,A,True,0.005229403058707405,0.0031573754316724144,0.0003778983719782926,0.1886792452830205,0.8113207547169795
YNDX,-1,2022-10-13 13:20:00+00:00,2022-10-13 15:40:00+00:00,2078.0,2046.83,349.82758865790015,10904.125938466774,0.010500000000000025,14,v3_short,tp,False,A,True,0.02358036573628489,0.0038452724689490695,,0.7755102040816326,0.22448979591836735
YNDX,-1,2022-10-20 13:20:00+00:00,2022-10-20 16:20:00+00:00,1940.4,1911.294,378.56865460113545,11018.619260820646,0.010499999999999997,18,v3_short,tp,False,A,True,0.01864441697569018,0.0043851904173288535,,0.7955801104972416,0.2044198895027584
YNDX,-1,2022-10-25 13:20:00+00:00,2022-10-25 17:00:00+00:00,1987.0,2006.8700000000001,373.57204371948546,-7422.87650870622,-0.007000000000000042,22,v3_short,sl,False,A,True,0.018922999496728692,0.004347305102212005,,0.7978723404255339,0.20212765957446616
YNDX,-1,2022-11-22 13:20:00+00:00,2022-11-22 21:20:00+00:00,2076.0,2085.8,355.053775199674,-3479.52699695687,-0.0033044315992293485,48,v3_short,timeout,False,A,True,0.014939759036144579,0.0034744693057946197,,0.8387096774193549,0.16129032258064516
YNDX,1,2022-11-28 23:30:00+00:00,2022-11-29 09:50:00+00:00,1911.4,1918.8,384.3549065693489,2844.2263086131293,0.002710055456733235,62,v3_long,timeout,False,A,True,0.005022496599351332,0.0036173933840565596,-0.0004049387883226935,0.9166666666666726,0.08333333333332742
YNDX,1,2022-12-15 21:40:00+00:00,2022-12-16 09:50:00+00:00,1845.0,1854.8,399.26662700958406,3912.8129446939056,0.0037181571815717985,73,v3_long,timeout,False,A,True,0.013008130081300813,0.004209944140257728,3.794037940379404e-05,0.5,0.5
YNDX,-1,2022-12-22 13:20:00+00:00,2022-12-22 14:50:00+00:00,1833.4,1851.7340000000002,403.286732788245,-7393.858958939708,-0.0070000000000000236,9,v3_short,sl,False,A,True,0.017993456924754635,0.004668432258399536,,0.7090909090909119,0.2909090909090882
YNDX,-1,2022-12-30 13:20:00+00:00,2022-12-30 21:20:00+00:00,1814.2,1815.6,404.70190421271667,-566.5826658977481,-0.0005401830007716375,48,v3_short,timeout,False,A,True,0.014670196337965976,0.0034036116100973728,,0.8721804511278243,0.12781954887217575
YNDX,-1,2023-01-20 13:20:00+00:00,2023-01-20 18:30:00+00:00,1894.4,1913.344,387.3593680091754,-7338.135867565803,-0.006999999999999984,31,v3_short,sl,False,A,True,0.015093941313067294,0.0031012193773434916,,0.8111888111888154,0.18881118881118464
YNDX,-1,2023-02-01 23:10:00+00:00,2023-02-02 09:50:00+00:00,2070.0,2099.8,352.0178220527952,-10490.131097173362,-0.010077294685990402,64,v3_short,gap_sl,False,A,True,0.010917874396135221,0.004101350685201614,-0.0003835748792270514,0.9734513274336323,0.026548672566367764
YNDX,-1,2023-02-02 13:20:00+00:00,2023-02-02 21:20:00+00:00,2078.0,2082.4,347.12887386008885,-1527.3670449844226,-0.0014821944177093665,48,v3_short,timeout,False,A,True,0.022902232486528055,0.004174456541662101,,0.4831932773109253,0.5168067226890747
YNDX,-1,2023-05-04 13:20:00+00:00,2023-05-04 15:10:00+00:00,1963.2,1982.832,366.8829680877015,-7202.646429497779,-0.007000000000000023,11,v3_short,sl,False,A,True,0.021694846200855527,0.005247892597658325,,0.7746478873239453,0.22535211267605468
YNDX,-1,2023-05-04 22:50:00+00:00,2023-05-05 09:50:00+00:00,1972.8,1979.4,362.54196596164184,-2392.7769753468856,-0.0023418491484185396,66,v3_short,timeout,False,A,True,0.012764664167764181,0.003144647586519154,3.6470469050756116e-05,0.9365079365079312,0.06349206349206879
YNDX,-1,2023-05-12 13:20:00+00:00,2023-05-12 21:20:00+00:00,2006.0,2002.0,355.7068028745685,1422.827211498274,0.0013958125623130609,48,v3_short,timeout,False,A,True,0.01275917065390745,0.003313207260575663,,0.5703124999999984,0.42968750000000155
YNDX,-1,2023-05-31 13:20:00+00:00,2023-05-31 16:40:00+00:00,2295.0,2317.95,311.3480721631517,-7145.438256144274,-0.006999999999999945,20,v3_short,sl,False,A,True,0.026492374727668924,0.005639589169000947,,0.8355263157894742,0.16447368421052583
YNDX,-1,2023-06-08 13:20:00+00:00,2023-06-08 15:20:00+00:00,2489.0,2513.89,285.07112046409486,-7095.420188351285,-0.006999999999999965,12,v3_short,sl,False,A,True,0.02893192959897131,0.006379567016069477,,0.875,0.125
YNDX,-1,2023-06-15 22:20:00+00:00,2023-06-16 09:50:00+00:00,2607.8,2607.8,270.17993124598746,-0.0,-0.0,69,v3_short,timeout,False,A,True,0.00805523590333717,0.003145377828922148,3.989259685462078e-05,0.9428571428571515,0.05714285714284848
YNDX,-1,2023-06-28 13:20:00+00:00,2023-06-28 21:20:00+00:00,2456.8,2460.8,286.7857475998397,-1147.1429903993587,-0.001139693910778248,48,v3_short,timeout,False,A,True,0.020275221887468522,0.004877840721827393,,0.7349397590361492,0.2650602409638508
YNDX,-1,2023-07-05 13:20:00+00:00,2023-07-05 21:20:00+00:00,2413.8,2395.2,291.56194573287206,5423.052190631526,0.005393984588615566,48,v3_short,timeout,False,A,True,0.02113026184951939,0.0035276291491074512,,0.8588235294117683,0.14117647058823174
YNDX,-1,2023-08-11 13:20:00+00:00,2023-08-11 21:20:00+00:00,2706.6,2708.0,261.4233211939144,-365.9926496715039,-0.00036207788369174005,48,v3_short,timeout,False,A,True,0.01618386047886498,0.003927199020311655,,0.4885844748858448,0.5114155251141552
YNDX,1,2023-08-23 13:20:00+00:00,2023-08-23 15:10:00+00:00,2668.0,2641.32,265.1095076044523,-7073.121662886743,-0.006999999999999957,11,v3_long,sl,False,A,True,0.025410389026309942,0.0037442756129511283,,0.23303834808259793,0.7669616519174021
YNDX,-1,2023-08-29 13:20:00+00:00,2023-08-29 21:20:00+00:00,2703.0,2690.2,259.8449800683159,3326.0157448744912,0.003314835368109555,48,v3_short,timeout,False,A,True,0.016278209396966333,0.003674929091133323,,0.8409090909090909,0.1590909090909091
YNDX,-1,2023-09-07 22:00:00+00:00,2023-09-08 09:50:00+00:00,2604.6,2585.6,270.55562932737087,5140.556957220047,0.00510635030330953,71,v3_short,timeout,False,A,True,0.013438795883888802,0.004657737768736749,-0.00020580555982184132,0.9599999999999974,0.040000000000002596
YNDX,-1,2023-10-05 13:20:00+00:00,2023-10-05 15:40:00+00:00,2376.2,2399.962,298.07574363105977,-7082.875820161293,-0.0070000000000000505,14,v3_short,sl,False,A,True,0.01548300235610913,0.003193569585356873,,0.43478260869565005,0.56521739130435
YNDX,-1,2023-11-29 13:20:00+00:00,2023-11-29 18:20:00+00:00,2624.4,2585.034,267.99633018671364,10549.943534130165,0.010499999999999997,30,v3_short,tp,False,A,True,0.013488797439414758,0.003022913173804821,,0.8757062146892632,0.12429378531073672
YNDX,-1,2023-12-07 13:20:00+00:00,2023-12-07 21:20:00+00:00,2351.2,2338.0,302.2773602483423,3990.0611552780633,0.003929908132017639,48,v3_short,timeout,False,A,True,0.028406191529171707,0.006330036692343205,,0.8233532934131714,0.1766467065868286
YNDX,-1,2023-12-12 13:20:00+00:00,2023-12-12 14:30:00+00:00,2242.0,2264.42,318.2460179413903,-7135.075722245993,-0.007000000000000023,7,v3_short,sl,False,A,True,0.02265834076717225,0.007072766662418759,,0.8070866141732255,0.19291338582677453
YNDX,-1,2023-12-29 13:20:00+00:00,2023-12-29 14:20:00+00:00,2532.8,2558.128,279.73508339348734,-7085.13019219024,-0.006999999999999992,6,v3_short,sl,False,A,True,0.014607185155941572,0.00322598838192996,,0.7351351351351425,0.2648648648648575
YNDX,-1,2024-01-25 13:20:00+00:00,2024-01-25 18:00:00+00:00,2671.4,2698.114,263.3650625456658,-7035.534280844901,-0.006999999999999985,28,v3_short,sl,False,A,True,0.016614279299506096,0.0030113826701163686,,0.8513513513513538,0.1486486486486463
YNDX,1,2024-02-05 23:30:00+00:00,2024-02-06 09:50:00+00:00,3042.8,3044.0,229.6005501800645,275.5206602160356,0.0002760615222820667,62,v3_long,timeout,False,A,True,0.011512400499967108,0.0037645213996394125,0.00040984145779883024,0.22285714285714806,0.7771428571428519
YNDX,-1,2024-02-09 22:50:00+00:00,2024-02-09 23:30:00+00:00,3263.0,3295.63,214.1653136837424,-6988.2141855005375,-0.0070000000000000236,4,v3_short,sl,False,A,True,0.013423230156297941,0.0034586927017206046,-0.00020471958320563953,0.8675799086757955,0.13242009132420451
YNDX,-1,2024-03-04 22:10:00+00:00,2024-03-05 09:50:00+00:00,3686.0,3710.0,188.26089761806867,-4518.2615428336485,-0.004557786218122627,70,v3_short,timeout,False,A,True,0.012750949538795442,0.00343273500393104,2.2246337493219555e-05,0.9829787234042514,0.01702127659574855
YNDX,-1,2024-03-07 13:20:00+00:00,2024-03-07 21:20:00+00:00,3590.4,3591.8,192.39273772844737,-269.3498328198438,-0.0002729500891265774,48,v3_short,timeout,False,A,True,0.017825311942959002,0.0032759315847551078,,0.6937500000000014,0.3062499999999986
YNDX,-1,2024-03-15 13:20:00+00:00,2024-03-15 13:30:00+00:00,3606.6,3642.666,191.4762770080529,-6905.783406572486,-0.0070000000000000505,1,v3_short,sl,False,A,True,0.012367589152015948,0.0031823499739866,,0.7892376681614325,0.2107623318385675
YNDX,-1,2024-03-22 13:20:00+00:00,2024-03-22 13:30:00+00:00,3889.6,3928.496,176.30200850283907,-6857.442922726461,-0.007000000000000033,1,v3_short,sl,False,A,True,0.024681201151789386,0.004605688429217851,,0.75,0.25
YNDX,-1,2024-03-28 13:20:00+00:00,2024-03-28 21:20:00+00:00,4027.4,3998.0,169.0778373706943,4970.888418698428,0.005109996523811904,48,v3_short,timeout,False,A,True,0.016536723444405797,0.0030978275006680535,,0.6606606606606615,0.33933933933933846
YNDX,-1,2024-04-03 13:20:00+00:00,2024-04-03 21:20:00+00:00,3913.6,3919.8,174.88340763486895,-1084.2771273362353,-0.0011089533932952245,48,v3_short,timeout,False,A,True,0.02953802125919867,0.0044265662111124225,,0.8027681660899637,0.19723183391003632
YNDX,-1,2024-04-22 23:40:00+00:00,2024-04-23 09:50:00+00:00,4282.2,4290.2,159.65268089549483,-1277.2214471639586,-0.0013077390126570458,61,v3_short,timeout,False,A,True,0.016770998785387316,0.004281652864827159,-0.00037045688124824903,0.9080779944289645,0.09192200557103547
YNDX,-1,2024-04-26 13:20:00+00:00,2024-04-26 16:50:00+00:00,4157.0,4198.57,164.24600796672433,-6827.706551176683,-0.006999999999999952,21,v3_short,sl,False,A,True,0.01727290223248657,0.0038834817991862084,,0.7771587743732596,0.22284122562674039
YNDX,1,2024-05-15 21:40:00+00:00,2024-05-16 09:50:00+00:00,4355.2,4344.8,155.6739668745062,-1619.0092554948078,-0.0016715650257163267,73,v3_long,timeout,False,A,True,0.012536737692872972,0.0032445380797433056,-0.00038712343864805377,0.2344322344322362,0.7655677655677638
YNDX,-1,2024-05-30 13:20:00+00:00,2024-05-30 19:30:00+00:00,4115.4,4053.6689999999994,164.46954222019804,10152.869310795082,0.010500000000000039,37,v3_short,tp,False,A,True,0.03056811002575696,0.003269947722491861,,0.6534181240063569,0.3465818759936431
YNDX,-1,2024-06-04 13:20:00+00:00,2024-06-04 14:50:00+00:00,4082.0,4122.82,167.55633575956873,-6839.649625705547,-0.006999999999999951,9,v3_short,sl,False,A,True,0.028122091029346968,0.0048013326147665625,,0.6602787456445999,0.3397212543554002
YNDX,-1,2024-06-04 22:40:00+00:00,2024-06-05 09:50:00+00:00,4173.2,4180.4,162.7473420474853,-1171.7808627418644,-0.001207706316495704,67,v3_short,timeout,False,A,True,0.009153647081376358,0.003418313553735511,0.0004897920061343782,0.9685863874345596,0.03141361256544042
YNDX,-1,2024-06-05 13:20:00+00:00,2024-06-05 16:20:00+00:00,4192.4,4234.324,161.8063546485656,-6783.56961228646,-0.006999999999999997,18,v3_short,sl,False,A,True,0.022946283751550382,0.0044843049327354285,,0.6486486486486461,0.3513513513513539
ROSN,-1,2022-01-12 20:50:00+00:00,2022-01-13 06:50:00+00:00,629.05,625.65,1112.7891264605357,3783.483029965796,0.003783483029965796,60,v3_short,timeout,False,A,True,0.009856132262936065,0.003075580442812227,0.0003632461648517628,1.0,0.0
ROSN,-1,2022-01-14 10:20:00+00:00,2022-01-14 12:20:00+00:00,608.55,599.42175,1154.6272913005935,10539.72657181462,0.010499999999999978,12,v3_short,tp,False,A,True,0.013059548254620197,0.003832991101984951,6.160164271047228e-05,0.899371069182382,0.10062893081761806
ROSN,1,2022-01-20 23:30:00+00:00,2022-01-21 06:50:00+00:00,564.2,556.5,1258.4655205977424,-9690.184508602673,-0.009553349875930577,44,v3_long,gap_sl,False,A,True,0.015763372298972685,0.004420684320486968,0.00015763372298972884,0.022471910112364716,0.9775280898876353
ROSN,-1,2022-01-21 11:00:00+00:00,2022-01-21 12:20:00+00:00,560.25,565.8525,1255.2309104243184,-7032.431175652198,-0.006999999999999955,8,v3_short,sl,False,A,True,0.016947640710016948,0.006161805369726155,-0.00016680046383016925,0.6157894736842129,0.38421052631578706
ROSN,1,2022-01-21 20:10:00+00:00,2022-01-21 23:50:00+00:00,567.6,564.8,1230.3037627594572,-3444.850535726564,-0.0034531360112756305,22,v3_long,weekend_exit,True,A,True,0.02854625550660801,0.005144295603704048,0.0003947136563876668,0.2839506172839512,0.7160493827160488
ROSN,-1,2022-01-28 19:40:00+00:00,2022-01-28 22:10:00+00:00,568.95,566.1,1223.146182208031,3485.966619292916,0.003506459267070948,15,v3_short,opposite_signal,False,A,True,0.011253736592227847,0.005560479862773319,6.945665553015329e-05,0.5625000000000056,0.43749999999999445
ROSN,-1,2022-02-01 11:40:00+00:00,2022-02-01 16:10:00+00:00,576.0,581.76,1212.4118003485491,-6983.4919700076325,-0.006999999999999989,27,v3_short,sl,False,A,True,0.014322916666666666,0.00338242337164753,,0.7212121212121267,0.27878787878787326
ROSN,1,2022-02-02 19:40:00+00:00,2022-02-03 06:50:00+00:00,572.6,575.0,1211.0736161749196,2906.5766788197793,0.0029339853300733216,67,v3_long,timeout,False,A,True,0.014755959137344007,0.003234158414959457,-6.985069414124921e-06,0.09467455621302531,0.9053254437869747
ROSN,-1,2022-02-03 11:30:00+00:00,2022-02-03 13:00:00+00:00,573.55,564.94675,1212.6150401829532,10432.430344453995,0.010500000000000002,9,v3_short,tp,False,A,True,0.016389155261093153,0.003309588153978326,,0.8563829787234015,0.1436170212765985
ROSN,-1,2022-02-09 12:20:00+00:00,2022-02-09 18:30:00+00:00,574.45,580.1945000000001,1223.4277265872586,-7027.980575380527,-0.00700000000000002,37,v3_short,sl,False,A,True,0.010358635097493116,0.0031284291381784577,,0.9075630252100924,0.09243697478990762
ROSN,-1,2022-10-12 13:20:00+00:00,2022-10-12 14:10:00+00:00,286.3,289.163,2437.5776148630257,-6978.784711352841,-0.006999999999999998,5,v3_short,sl,False,A,True,0.030736989172197034,0.004773547560833622,,0.5965909090909083,0.40340909090909166
ROSN,1,2022-10-12 23:30:00+00:00,2022-10-13 09:50:00+00:00,291.25,292.0,2379.3762123170377,1784.5321592377782,0.0018025751072961373,62,v3_long,timeout,False,A,True,0.006180257510729458,0.003524568625733556,0.00027639484978540617,0.22222222222221522,0.7777777777777848
ROSN,-1,2022-10-18 13:20:00+00:00,2022-10-18 21:10:00+00:00,314.05,309.33925,2210.611349622046,10413.637415232095,0.01050000000000004,47,v3_short,tp,False,A,True,0.025151225724291553,0.005374387895877848,,0.753164556962026,0.24683544303797395
ROSN,-1,2022-10-20 13:20:00+00:00,2022-10-20 21:20:00+00:00,311.95,309.4,2248.8605242489703,5734.5943368349,0.005722070844686675,48,v3_short,timeout,False,A,True,0.02019554415771762,0.004961112510399238,,0.912698412698411,0.08730158730158895
ROSN,-1,2022-10-27 13:20:00+00:00,2022-10-27 21:20:00+00:00,346.95,344.0,2033.5675358848553,5999.0242308603,0.005951866263150287,48,v3_short,timeout,False,A,True,0.02954742000576535,0.004598553171628971,,0.9024390243902439,0.0975609756097561
ROSN,-1,2022-10-28 13:20:00+00:00,2022-10-28 21:20:00+00:00,342.25,342.05,2073.7635457614397,414.75270915226434,0.00040905770635498036,48,v3_short,timeout,False,A,True,0.014319111630625466,0.004132921432746095,,0.8265306122448945,0.17346938775510548
ROSN,-1,2022-11-03 13:20:00+00:00,2022-11-03 21:20:00+00:00,333.3,333.9,2130.320733373115,-1278.1924400237965,-0.0012601260126011884,48,v3_short,timeout,False,A,True,0.018451845184518385,0.003650365036503652,,0.7235772357723586,0.27642276422764145
ROSN,-1,2022-11-16 13:20:00+00:00,2022-11-16 18:00:00+00:00,344.05,338.88925,2061.157290292814,10637.117485878656,0.010500000000000015,28,v3_short,tp,False,A,True,0.01874727510536256,0.0029895986878983563,,0.8604651162790731,0.13953488372092696
ROSN,-1,2023-02-28 13:20:00+00:00,2023-02-28 21:20:00+00:00,359.85,358.25,1991.3495844528488,3186.1593351246033,0.003112407947756053,48,v3_short,timeout,False,A,True,0.013892747985551544,0.0034467246192725434,,0.7,0.3
ROSN,-1,2023-05-05 13:20:00+00:00,2023-05-05 21:20:00+00:00,382.0,378.5,1881.7210981673954,6586.023843585884,0.006413612565445026,48,v3_short,timeout,False,A,True,0.01832460732984293,0.003409374220892534,,0.8571428571428571,0.14285714285714285
ROSN,-1,2023-05-26 13:20:00+00:00,2023-05-26 16:10:00+00:00,430.05,434.3505,1682.1943406358682,-7234.276761904551,-0.006999999999999999,17,v3_short,sl,False,A,True,0.012905476107429394,0.002928784582080734,,0.8558558558558541,0.1441441441441459
ROSN,-1,2023-08-15 13:20:00+00:00,2023-08-15 13:20:00+00:00,548.6,554.086,1309.4489290140755,-7183.636824571205,-0.006999999999999985,0,v3_short,sl,False,A,True,0.034451330659861425,0.005550926167039914,,0.9312169312169335,0.06878306878306646
ROSN,-1,2023-09-06 13:20:00+00:00,2023-09-06 21:20:00+00:00,578.65,580.4,1232.7575160803976,-2157.325653140696,-0.0021169964572712347,48,v3_short,timeout,False,A,True,0.020916162489196238,0.0030621064328929535,,0.7024793388429739,0.29752066115702613
ROSN,1,2023-09-07 23:30:00+00:00,2023-09-08 09:50:00+00:00,563.5,564.5,1263.2209560296783,1263.2209560296783,0.0012422360248447205,62,v3_long,timeout,False,A,True,0.007454077557902088,0.0035115297339097114,-0.0003789156091933647,0.01190476190475127,0.9880952380952487
ROSN,-1,2023-09-22 13:20:00+00:00,2023-09-22 17:30:00+00:00,509.7,514.797,1398.2916684166066,-7127.092633919496,-0.0070000000000000505,25,v3_short,sl,False,A,True,0.0269766529330979,0.005016956753272226,,0.8690909090909082,0.13090909090909172
ROSN,-1,2023-10-27 13:20:00+00:00,2023-10-27 13:30:00+00:00,590.15,581.29775,1199.2210430368566,10615.804478223046,0.010500000000000034,1,v3_short,tp,False,A,True,0.014064220960772608,0.0034656241552793224,,0.7771084337349358,0.2228915662650642
ROSN,-1,2023-11-17 13:20:00+00:00,2023-11-17 15:00:00+00:00,574.15,579.8915,1245.5827948845372,-7151.513616829538,-0.006999999999999968,10,v3_short,sl,False,A,True,0.012973443622115883,0.003296224889607572,,0.7516778523489918,0.24832214765100824
ROSN,-1,2023-12-05 13:20:00+00:00,2023-12-05 15:00:00+00:00,569.35,575.0435,1247.2913008714786,-7101.453021511728,-0.0069999999999999655,10,v3_short,sl,False,A,True,0.013698630136986223,0.0034121130011540647,,0.8141025641025718,0.18589743589742824
ROSN,-1,2023-12-06 21:50:00+00:00,2023-12-07 09:50:00+00:00,567.8,564.5,1241.9413262347975,4098.406376574775,0.0040683339203944485,72,v3_short,timeout,False,A,True,0.01100545870751893,0.0029701262438414427,-0.00012326113752421201,0.7679999999999927,0.23200000000000728
ROSN,-1,2023-12-07 13:20:00+00:00,2023-12-07 21:20:00+00:00,565.45,561.45,1252.176442655797,5008.705770623188,0.004951808294278893,48,v3_short,timeout,False,A,True,0.02148731099124587,0.004610739865846437,,0.5720164609053546,0.42798353909464537
ROSN,-1,2024-06-05 13:20:00+00:00,2024-06-05 20:20:00+00:00,571.95,563.37075,1244.0759918509598,10673.23895308735,0.0105,42,v3_short,tp,False,A,True,0.016609843517790015,0.0035009720296895613,,0.8578947368421148,0.14210526315788516
ROSN,-1,2024-07-15 22:00:00+00:00,2024-07-16 09:50:00+00:00,508.65,505.0,1413.586023407683,5159.58898543801,0.005023100363707823,71,v3_short,timeout,False,A,True,0.015039811265113603,0.003592944107752212,-0.0004384154133490603,0.973856209150321,0.026143790849679032
ROSN,-1,2024-07-16 13:20:00+00:00,2024-07-16 20:10:00+00:00,510.4,515.504,1415.8155233074538,-7226.322430961303,-0.007000000000000057,41,v3_short,sl,False,A,True,0.015770398667842123,0.005373410016372105,,0.8322981366459602,0.16770186335403986
ROSN,1,2024-07-26 21:50:00+00:00,2024-07-26 23:50:00+00:00,521.45,521.4,1376.112412301182,-68.80562061515298,-6.712052929340828e-05,12,v3_long,weekend_exit,False,A,True,0.007766804103941064,0.0031075043882736663,-0.0005024451049956815,0.09876543209878623,0.9012345679012138
ROSN,-1,2024-08-08 13:20:00+00:00,2024-08-08 20:00:00+00:00,511.65,503.97524999999996,1402.37594734686,10762.884801900338,0.010500000000000025,40,v3_short,tp,False,A,True,0.014267565718753188,0.0030852563834094155,,0.6506849315068433,0.34931506849315674
ROSN,-1,2024-08-20 13:20:00+00:00,2024-08-20 21:20:00+00:00,485.25,482.4,1494.1981923160251,4258.464848100705,0.004111282843894932,48,v3_short,timeout,False,A,True,0.014837712519319915,0.003542601997006945,,0.7986111111111124,0.20138888888888762
ROSN,-1,2024-08-23 13:20:00+00:00,2024-08-23 15:20:00+00:00,478.5,471.3225,1521.5059523824902,10920.608973225337,0.010500000000000013,12,v3_short,tp,False,A,True,0.014211076280041821,0.003408468925710305,,0.8897058823529413,0.11029411764705864
ROSN,-1,2024-09-20 13:20:00+00:00,2024-09-20 14:30:00+00:00,519.9,525.0989999999999,1415.0510184579332,-7356.850244962731,-0.006999999999999941,7,v3_short,sl,False,A,True,0.021252043465717768,0.003177961250852858,,0.8280542986425353,0.1719457013574647
ROSN,-1,2024-09-26 13:20:00+00:00,2024-09-26 21:20:00+00:00,514.0,511.6,1421.274765223357,3411.0594365360244,0.0032684824902723428,48,v3_short,timeout,False,A,True,0.01935421124294893,0.0034688452311482996,,0.8040201005025089,0.19597989949749112
ROSN,-1,2024-11-13 13:20:00+00:00,2024-11-13 16:10:00+00:00,488.35,493.23350000000005,1500.8149297233144,-7329.229709303846,-0.0070000000000000374,17,v3_short,sl,False,A,True,0.020782145782145735,0.0037391287391287252,,0.7980295566502503,0.20197044334974967
ROSN,1,2024-11-19 22:20:00+00:00,2024-11-20 09:50:00+00:00,457.55,461.0,1590.62946155364,5487.67164236004,0.005278111681783394,69,v3_long,timeout,False,A,True,0.008305103267402494,0.003334084152730061,-0.00040651294940443467,0.4868421052631624,0.5131578947368376
ROSN,-1,2024-11-22 22:40:00+00:00,2024-11-22 23:50:00+00:00,461.45,459.9,1585.5106301517392,2457.5414767352136,0.0023512839960992695,7,v3_short,weekend_exit,False,A,True,0.008126557590204789,0.003100254079310775,7.476432982988505e-05,0.8533333333333303,0.1466666666666697
ROSN,-1,2024-12-04 13:20:00+00:00,2024-12-04 16:40:00+00:00,494.3,486.8855,1483.621604930679,11000.312389758568,0.010500000000000046,20,v3_short,tp,False,A,True,0.013759611493322565,0.0031460176138444025,,0.6323529411764712,0.36764705882352877
ROSN,-1,2024-12-20 13:20:00+00:00,2024-12-20 13:30:00+00:00,508.7,513.787,1456.7611126205343,-7410.543779900725,-0.0070000000000000635,1,v3_short,sl,False,A,True,0.019559661883231744,0.004151572168084844,,0.773869346733668,0.22613065326633192
ROSN,-1,2025-01-16 13:20:00+00:00,2025-01-16 21:20:00+00:00,549.35,547.7,1339.5230678877497,2210.2130620147564,0.002102484754710083,48,v3_short,timeout,False,A,True,0.013742264288314442,0.003219962903253764,,0.7086092715231861,0.2913907284768139
ROSN,-1,2025-01-17 13:20:00+00:00,2025-01-17 16:00:00+00:00,549.6,555.096,1341.7287963747187,-7374.141464875429,-0.006999999999999975,16,v3_short,sl,False,A,True,0.017194323144104885,0.0030498371109724956,,0.8412698412698421,0.15873015873015797
ROSN,-1,2025-01-28 10:50:00+00:00,2025-01-28 14:10:00+00:00,516.9,522.069,1416.6226493753777,-7322.5224746213025,-0.006999999999999977,20,v3_short,sl,False,A,True,0.016058817838831514,0.00379300893231435,-9.867466382896655e-05,0.8132530120481861,0.1867469879518139
ROSN,-1,2025-01-29 11:10:00+00:00,2025-01-29 12:20:00+00:00,538.15,534.9,1351.1594940628038,4391.268355704113,0.004227445879401655,7,v3_short,opposite_signal,False,A,True,0.015420343706456023,0.0031976848047447133,5.4807245703665915e-05,0.6686746987951789,0.33132530120482107
ROSN,-1,2025-01-29 13:10:00+00:00,2025-01-29 21:10:00+00:00,538.65,535.1,1355.6119364687472,4812.422374463991,0.004613385315139642,48,v3_short,timeout,False,A,True,0.010302580285873313,0.0032290211327464704,,0.8378378378378406,0.1621621621621594
ROSN,-1,2025-02-13 19:20:00+00:00,2025-02-13 20:10:00+00:00,573.65,572.95,1278.7746278061807,895.1422394642392,0.0008541793776692273,5,v3_short,opposite_signal,False,A,True,0.013071895424836602,0.005424391979013824,-3.9215686274509805e-05,0.419999999999997,0.5800000000000031
ROSN,-1,2025-02-18 11:00:00+00:00,2025-02-18 14:50:00+00:00,582.8,588.6279999999999,1259.772932066988,-7341.956648086374,-0.006999999999999971,23,v3_short,sl,False,A,True,0.012610448657459077,0.004917217122758878,-0.00016127648623144656,0.911564625850328,0.08843537414967197
ROSN,-1,2025-02-27 10:20:00+00:00,2025-02-27 10:50:00+00:00,569.95,564.6,1279.15833872266,6843.497112166259,0.006570751820335145,3,v3_short,opposite_signal,False,A,True,0.01570175438596499,0.003437761069340053,-2.8070175438598884e-05,0.7765363128491631,0.22346368715083686
ROSN,-1,2025-03-03 19:50:00+00:00,2025-03-04 06:50:00+00:00,540.5,539.55,1357.7183036697436,1289.8323884863182,0.0012303422756707342,66,v3_short,timeout,False,A,True,0.01054384017758055,0.0035127258450550055,-0.00027099519052904345,0.76315789473684,0.23684210526316
ROSN,-1,2025-03-04 20:40:00+00:00,2025-03-05 06:50:00+00:00,541.65,541.0,1356.50258618192,881.726681018217,0.0008400258469491075,61,v3_short,timeout,False,A,True,0.013478581979320448,0.0035420371989268464,-0.0002298744460856729,0.8150684931506806,0.18493150684931933
ROSN,-1,2025-03-25 20:30:00+00:00,2025-03-26 06:50:00+00:00,519.4,522.05,1415.8006054719863,-3751.8716045007313,-0.003571428571428541,62,v3_short,timeout,False,A,True,0.019349249133615624,0.0032887240379401504,-0.0003051597997689668,0.860696517412937,0.13930348258706304
ROSN,-1,2025-03-31 20:00:00+00:00,2025-04-01 06:50:00+00:00,493.0,492.5,1486.2890960628786,743.1445480314393,0.0007099391480730223,65,v3_short,timeout,False,A,True,0.017241379310344827,0.003371693504988183,-0.00017038539553752719,1.0,0.0
ROSN,-1,2025-04-02 22:50:00+00:00,2025-04-03 06:50:00+00:00,479.75,478.0,1528.4225649663806,2674.739488691166,0.002553413236060448,48,v3_short,timeout,False,A,True,0.023137050547159907,0.005006859439971927,-0.0001625846795205827,0.9864864864864885,0.013513513513511507
ROSN,-1,2025-04-10 10:20:00+00:00,2025-04-10 10:30:00+00:00,447.75,444.95,1641.8381757335676,4597.146892054008,0.004377442769402586,1,v3_short,opposite_signal,False,A,True,0.025575161938798278,0.005296914387823468,0.00018315836497654784,0.45414847161572,0.54585152838428
ROSN,-1,2025-04-15 19:50:00+00:00,2025-04-16 06:50:00+00:00,451.95,451.05,1633.7007324021301,1470.33065916188,0.0013939595087951856,66,v3_short,timeout,False,A,True,0.0099579552998451,0.003163513690495003,7.855720292099922e-05,0.544444444444442,0.4555555555555581
ROSN,-1,2025-04-23 20:00:00+00:00,2025-04-24 06:50:00+00:00,472.95,471.4,1563.3370915964815,2423.1724919745643,0.00229411142826939,65,v3_short,timeout,False,A,True,0.009727215056037146,0.003087765027770466,-0.00017868471135546482,0.8478260869565231,0.1521739130434769
ROSN,-1,2025-04-30 22:50:00+00:00,2025-05-02 06:50:00+00:00,456.25,455.95,1624.2772563615085,487.28317690847103,0.0004602739726027572,192,v3_short,timeout,False,A,True,0.015015344147303863,0.003346187225438181,-4.055238930293781e-05,0.8905109489051098,0.10948905109489014
ROSN,-1,2025-05-07 11:50:00+00:00,2025-05-07 17:40:00+00:00,433.9,438.239,1708.729192069081,-7414.175964387739,-0.006999999999999998,35,v3_short,sl,False,A,True,0.015556579857109934,0.003176615195513557,,0.8666666666666616,0.13333333333333838
ROSN,-1,2025-05-16 19:50:00+00:00,2025-05-16 21:40:00+00:00,441.6,438.35,1667.182231122515,5418.342251148174,0.005151721014492754,11,v3_short,opposite_signal,False,A,True,0.017885442608105,0.0037147754732411433,-7.92393026941363e-05,0.607594936708864,0.39240506329113606
ROSN,-1,2025-05-27 10:30:00+00:00,2025-05-27 16:00:00+00:00,415.7,409.4645,1780.1792466670827,11100.307692592598,0.010500000000000002,33,v3_short,tp,False,A,True,0.02513832090449841,0.003504494062588831,-1.8041857108488966e-05,0.7033492822966482,0.2966507177033518
ROSN,-1,2025-05-29 11:40:00+00:00,2025-05-29 13:10:00+00:00,430.8,435.108,1735.8187748939672,-7477.907282243198,-0.006999999999999988,9,v3_short,sl,False,A,True,0.016943251711732648,0.0033534352702956844,,0.684931506849314,0.315068493150686
ROSN,-1,2025-05-30 10:20:00+00:00,2025-05-30 12:30:00+00:00,426.95,431.2195,1739.2111327479818,-7425.561931267497,-0.00699999999999999,13,v3_short,sl,False,A,True,0.019084416344690398,0.0036574283149625694,-7.49326776724021e-05,0.80368098159509,0.19631901840490995
ROSN,1,2025-06-06 22:50:00+00:00,2025-06-06 23:50:00+00:00,430.0,429.2,1714.7867436624736,-1371.8293949299984,-0.0013023255813953674,6,v3_long,weekend_exit,False,A,True,0.007906976744185994,0.003687707641195999,-0.0004848837209302331,0.11764705882352351,0.8823529411764764
ROSN,-1,2025-06-11 10:20:00+00:00,2025-06-11 15:40:00+00:00,413.0,417.13,1783.0460513278756,-7363.980191984118,-0.006999999999999993,32,v3_short,sl,False,A,True,0.016343825665859565,0.0031938199008416917,6.0532687651331724e-06,0.7259259259259225,0.27407407407407747
ROSN,-1,2025-06-13 20:40:00+00:00,2025-06-13 23:50:00+00:00,440.4,444.4,1660.4069778928786,-6641.627911571514,-0.006357856494096276,19,v3_short,weekend_exit,False,A,True,0.008628519527701986,0.003380507516358026,0.0004995458673932788,0.8684210526315774,0.13157894736842263
ROSN,1,2025-06-16 22:30:00+00:00,2025-06-17 06:50:00+00:00,435.85,438.0,1667.0737490556926,3584.2085604697013,0.003453022828954879,50,v3_long,timeout,False,A,True,0.010436976717513502,0.0034009704351978193,-0.0002156210574607201,0.18681318681319134,0.8131868131868086
ROSN,-1,2025-06-18 13:00:00+00:00,2025-06-18 17:40:00+00:00,455.1,448.2735,1602.0721589062896,10936.545592773802,0.010500000000000015,28,v3_short,tp,False,A,True,0.010327400571302985,0.003043584124665195,,0.8085106382978767,0.19148936170212327
ROSN,-1,2025-07-30 10:50:00+00:00,2025-07-30 12:00:00+00:00,428.8,425.05,1718.1870835662176,6443.201563373315,0.006121735074626865,7,v3_short,opposite_signal,False,A,True,0.019589552238806048,0.003167754975124386,1.7490671641791042e-05,0.7916666666666675,0.20833333333333248
ROSN,-1,2025-08-06 20:30:00+00:00,2025-08-06 21:50:00+00:00,432.9,437.229,1712.332784771438,-7412.688625275568,-0.007000000000000013,8,v3_short,sl,False,A,True,0.024255024255024255,0.003328289042574747,-0.0002125202125202136,0.81428571428571,0.18571428571429005
ROSN,1,2025-08-07 19:30:00+00:00,2025-08-07 23:30:00+00:00,444.6,448.1,1655.6004959286154,5794.601735750154,0.005510571300044984,24,v3_long,opposite_signal,False,A,True,0.02170490328385073,0.004381374682126569,0.0003677462887989209,0.15025906735751712,0.8497409326424828
ROSN,1,2025-10-08 22:40:00+00:00,2025-10-09 06:50:00+00:00,403.35,406.1,1834.9726086646524,5046.174673827794,0.004772530060741292,49,v3_long,timeout,False,A,True,0.0069418619065328155,0.0031850598179026042,-0.00028015371265650065,0.3035714285714355,0.6964285714285645
ROSN,-1,2025-10-09 10:20:00+00:00,2025-10-09 11:30:00+00:00,404.3,398.2355,1839.3977837659338,11155.027859648522,0.010500000000000016,7,v3_short,tp,False,A,True,0.01372743012614398,0.0033862172125837787,-9.893643334160051e-06,0.6846846846846854,0.31531531531531465
ROSN,1,2025-10-15 20:40:00+00:00,2025-10-16 06:50:00+00:00,400.75,400.85,1875.1766524724164,187.51766524728427,0.00017467248908300913,61,v3_long,timeout,False,A,True,0.008357240863165687,0.0033703889439023727,0.00012972433578645206,0.1194029850746213,0.8805970149253787
ROSN,-1,2025-10-23 19:30:00+00:00,2025-10-24 06:50:00+00:00,389.35,391.75,1930.4181477950274,-4633.0035547080215,-0.0043148837806600325,68,v3_short,timeout,False,A,True,0.01630923333761403,0.0032288245977728338,-0.00012199820213175513,0.7244094488188986,0.2755905511811014
ROSN,-1,2025-10-24 20:40:00+00:00,2025-10-24 23:50:00+00:00,390.2,389.8,1917.9015975286989,767.1606390114359,0.0007175807278318403,19,v3_short,weekend_exit,False,A,True,0.00794464377242431,0.0030910365171183665,-6.919528446950399e-05,0.9193548387096765,0.08064516129032347
ROSN,-1,2025-10-27 19:20:00+00:00,2025-10-27 21:30:00+00:00,374.95,373.5,1997.3388873263273,2896.141386623152,0.0027070276036804696,13,v3_short,opposite_signal,False,A,True,0.01519999999999997,0.004304761904761906,-0.0002560000000000036,0.7456140350877208,0.2543859649122792
ROSN,-1,2025-10-27 21:50:00+00:00,2025-10-27 21:50:00+00:00,372.75,372.85,2014.5661026791217,-201.45661026795798,-0.00018779342723008964,0,v3_short,opposite_signal,False,A,True,0.010999329309188526,0.0037805061662492057,-1.7437961099932322e-05,0.2073170731707361,0.7926829268292639
ROSN,-1,2025-10-28 20:40:00+00:00,2025-10-29 06:50:00+00:00,377.8,377.0,1987.264412775159,1589.8115302201497,0.0014822657490736048,61,v3_short,timeout,False,A,True,0.016146109052408743,0.0030385367487386606,-3.043938591847478e-05,0.9672131147541003,0.032786885245899657
NVTK,-1,2022-01-04 12:10:00+00:00,2022-01-04 18:40:00+00:00,1772.6,1792.0,394.90014667719737,-7661.0628455376645,-0.007661062845537665,39,v3_short,gap_sl,False,A,True,0.010831546880288867,0.003268503892587146,,0.8333333333333314,0.16666666666666863
NVTK,1,2022-01-10 19:40:00+00:00,2022-01-10 21:20:00+00:00,1753.0,1763.6,396.25627838455426,4200.3165508762395,0.004232743867655412,10,v3_long,opposite_signal,False,A,True,0.014376996805111848,0.004412764649447174,-8.785942492012572e-05,0.32539682539682663,0.6746031746031734
NVTK,-1,2022-01-10 21:40:00+00:00,2022-01-11 06:50:00+00:00,1764.4,1758.6,395.3624334582504,2293.102114057924,0.002301065518023196,55,v3_short,timeout,False,A,True,0.01020176830650646,0.0038493747079425683,-0.00011675357061890677,0.8888888888888888,0.1111111111111111
NVTK,-1,2022-01-11 12:00:00+00:00,2022-01-11 14:50:00+00:00,1770.0,1787.7,395.0184458042811,-6991.826490735793,-0.007000000000000018,17,v3_short,sl,False,A,True,0.014237288135593246,0.0032294514306542704,,0.912698412698411,0.08730158730158895
NVTK,-1,2022-01-12 11:20:00+00:00,2022-01-12 13:40:00+00:00,1778.8,1796.588,390.31277857547923,-6942.883705300629,-0.0070000000000000045,14,v3_short,sl,False,A,True,0.011800404585300068,0.0030510393513315456,-5.9563946954373814e-05,0.6761904761904783,0.32380952380952166
NVTK,-1,2022-01-13 22:20:00+00:00,2022-01-14 06:50:00+00:00,1748.8,1744.2,394.22938697183906,1813.455180070424,0.0018412625800548587,51,v3_short,timeout,False,A,True,0.016468435498627605,0.004763616333999294,-0.0003545288197621226,0.6597222222222232,0.34027777777777674
NVTK,-1,2022-01-14 10:20:00+00:00,2022-01-14 10:30:00+00:00,1748.6,1737.4,395.0004406739113,4424.004935547735,0.004483586869495524,1,v3_short,opposite_signal,False,A,True,0.016920086886932608,0.004088476593335384,-4.230021721733217e-05,0.8243243243243222,0.17567567567567774
NVTK,-1,2022-01-14 22:40:00+00:00,2022-01-14 23:50:00+00:00,1726.2,1726.0,401.9201564229433,80.38403128460693,8.110300081104844e-05,7,v3_short,weekend_exit,False,A,True,0.011464968152866347,0.005102631672240401,-0.00019687319050376378,0.7373737373737375,0.2626262626262625
NVTK,1,2022-01-19 23:10:00+00:00,2022-01-20 07:00:00+00:00,1604.8,1588.752,432.3596976814457,-6938.508428391841,-0.007000000000000001,47,v3_long,sl,False,A,True,0.00997630627260257,0.005105222036438963,-0.00013966828781643656,0.11249999999999716,0.8875000000000028
NVTK,1,2022-01-20 21:50:00+00:00,2022-01-20 23:40:00+00:00,1605.6,1589.5439999999999,429.1192619203473,-6889.938869393113,-0.007000000000000017,11,v3_long,sl,False,A,True,0.02093457943925228,0.004971708309492009,0.00018193146417445652,0.06547619047618523,0.9345238095238148
NVTK,-1,2022-01-21 10:20:00+00:00,2022-01-21 10:50:00+00:00,1586.0,1601.8600000000001,431.3814184935274,-6841.7092973073995,-0.007000000000000056,3,v3_short,sl,False,A,True,0.0179202423018678,0.006376048652676606,-0.00021453811206461384,0.8169014084507032,0.18309859154929678
NVTK,1,2022-01-21 20:30:00+00:00,2022-01-21 23:50:00+00:00,1602.8,1592.8,423.87180760083567,-4238.718076008357,-0.004367357125031196,20,v3_long,weekend_exit,False,A,True,0.02907412028949333,0.005192443835532707,0.00029198901921636964,0.4034334763948496,0.5965665236051504
NVTK,1,2022-01-28 19:50:00+00:00,2022-01-28 22:40:00+00:00,1607.8,1591.722,420.70819167148494,-6764.146305694124,-0.006999999999999989,17,v3_long,sl,False,A,True,0.014180868267197385,0.004716801511001212,0.00015424804080109298,0.026315789473680275,0.9736842105263197
NVTK,-1,2022-02-01 11:30:00+00:00,2022-02-01 18:00:00+00:00,1638.8,1614.2179999999998,409.8607079298436,10075.195922331459,0.010500000000000047,39,v3_short,tp,False,A,True,0.019162699865739104,0.003840386392565073,,0.7898089171974485,0.2101910828025515
NVTK,-1,2022-02-07 19:20:00+00:00,2022-02-08 06:50:00+00:00,1611.8,1606.0,421.10210032327814,2442.392181874994,0.0025189229432931934,69,v3_short,timeout,False,A,True,0.008929678779610482,0.003530867884794989,-0.0003199801562693781,0.5277777777777765,0.47222222222222354
NVTK,-1,2022-02-08 20:00:00+00:00,2022-02-09 06:50:00+00:00,1634.0,1638.0,416.42719695738805,-1665.7087878295522,-0.0017135862913096695,65,v3_short,timeout,False,A,True,0.014810281517747886,0.0035520695426273278,7.833537331701456e-05,1.0,0.0
NVTK,-1,2022-02-10 19:50:00+00:00,2022-02-10 23:30:00+00:00,1658.6,1633.7209999999998,409.54783774080033,10189.140655153426,0.010500000000000056,22,v3_short,tp,False,A,True,0.01567209162145871,0.0033484641596240616,-0.00021217600964436298,0.9461538461538427,0.053846153846157346
NVTK,-1,2022-02-11 11:10:00+00:00,2022-02-11 11:30:00+00:00,1634.0,1609.49,420.0786059580776,10296.12663203248,0.010499999999999997,2,v3_short,tp,False,A,True,0.01358795446199048,0.003356968652598465,-0.00015546578528584005,1.0090090090090111,-0.009009009009011039
NVTK,-1,2022-02-16 20:20:00+00:00,2022-02-17 06:50:00+00:00,1615.8,1625.0,429.2707827564807,-3949.291201359642,-0.003985641787349939,63,v3_short,timeout,False,A,True,0.014860681114551083,0.004463258987805638,-0.0003863777089783287,0.8666666666666648,0.13333333333333522
NVTK,-1,2022-02-18 10:20:00+00:00,2022-02-18 11:20:00+00:00,1561.0,1558.6,442.56965210568205,1062.167165053677,0.0010762331838565428,6,v3_short,opposite_signal,False,A,True,0.013452914798206279,0.0037338702297062144,0.0002088404868673921,0.6666666666666666,0.3333333333333333
NVTK,1,2022-09-22 22:40:00+00:00,2022-09-23 09:50:00+00:00,1015.2,1016.6,681.2398975103499,953.7358565144744,0.0009653270291568007,67,v3_long,timeout,False,A,True,0.00591016548463357,0.004993486756404689,-0.00041568163908589254,0.2000000000000076,0.7999999999999924
NVTK,-1,2022-09-28 23:40:00+00:00,2022-09-29 09:50:00+00:00,967.2,972.0,715.7385846278613,-3435.545206213702,-0.003473945409429248,61,v3_short,timeout,False,A,True,0.011373035566583953,0.004317111459968596,-4.1356492969393844e-05,0.7818181818181839,0.21818181818181612
NVTK,-1,2022-10-04 21:50:00+00:00,2022-10-05 09:50:00+00:00,1008.0,1002.0,684.3824180632122,4106.294508379273,0.004166666666666667,72,v3_short,timeout,False,A,True,0.011699385286535859,0.0035612103258912085,-9.121554630180493e-05,0.8135593220338956,0.18644067796610447
NVTK,1,2022-10-05 22:10:00+00:00,2022-10-06 09:50:00+00:00,995.0,959.0,696.2129483051089,-25063.666138983917,-0.025326633165829143,70,v3_long,gap_sl,False,A,True,0.00783762057877809,0.0032277380405538484,1.0048231511251734e-05,0.0,1.0
NVTK,-1,2022-10-11 13:20:00+00:00,2022-10-11 14:50:00+00:00,965.4,975.054,699.3860754778275,-6751.873172662944,-0.0069999999999999975,9,v3_short,sl,False,A,True,0.024233637116818533,0.005907997001617545,,0.7350427350427329,0.2649572649572672
NVTK,1,2022-10-12 21:40:00+00:00,2022-10-13 09:50:00+00:00,971.6,978.0,690.0586723398833,4416.375502975237,0.004610951008645517,73,v3_long,timeout,False,A,True,0.0057660626029654265,0.0034882157146219157,0.0002347611202635933,0.21428571428572155,0.7857142857142785
NVTK,-1,2022-10-18 13:20:00+00:00,2022-10-18 21:10:00+00:00,1012.6,997.4110000000001,665.1713103866415,10103.287033462673,0.010499999999999975,47,v3_short,tp,False,A,True,0.022121271973138432,0.005248158911994573,,0.8035714285714294,0.19642857142857062
NVTK,-1,2022-10-20 13:20:00+00:00,2022-10-20 21:20:00+00:00,1006.4,1003.0,676.2964723975925,2299.4080061517993,0.0023648648648648494,48,v3_short,timeout,False,A,True,0.019077901430842654,0.004021879021879032,,0.8124999999999992,0.18750000000000075
NVTK,-1,2022-10-28 13:20:00+00:00,2022-10-28 14:00:00+00:00,1074.0,1084.74,635.2275190179174,-6822.3435542524385,-0.007000000000000005,4,v3_short,sl,False,A,True,0.023091247672253217,0.004788507581803641,,0.8790322580645159,0.1209677419354841
NVTK,-1,2022-11-03 13:20:00+00:00,2022-11-03 21:20:00+00:00,1102.4,1106.0,614.5307646383043,-2212.3107526978397,-0.0022859216255442095,48,v3_short,timeout,False,A,True,0.023222060957910136,0.0040863224825488835,,0.804687500000001,0.19531249999999897
NVTK,-1,2022-12-01 13:20:00+00:00,2022-12-01 21:20:00+00:00,1056.2,1056.0,639.9451783851335,127.98903567705581,0.00013255065328539274,48,v3_short,timeout,False,A,True,0.02272296913463359,0.0032461384478047577,,0.8666666666666648,0.13333333333333522
NVTK,-1,2023-02-21 13:20:00+00:00,2023-02-21 21:20:00+00:00,1045.8,1048.0,646.3948075495812,-1422.068576609108,-0.0014725568942436716,48,v3_short,timeout,False,A,True,0.020076481835564052,0.003468997541655277,,0.5809523809523831,0.4190476190476169
NVTK,-1,2023-03-03 13:20:00+00:00,2023-03-03 18:40:00+00:00,1067.2,1078.0,632.5002265102377,-6831.002446310538,-0.007083958020989475,32,v3_short,gap_sl,False,A,True,0.011623547056618009,0.003321013444747982,,0.854838709677424,0.1451612903225759
NVTK,-1,2023-04-14 13:20:00+00:00,2023-04-14 14:30:00+00:00,1279.2,1291.992,523.9388211533053,-6702.225400193038,-0.006999999999999953,7,v3_short,sl,False,A,True,0.015168100078186154,0.00300830261737221,,0.9587628865979407,0.041237113402059315
NVTK,-1,2023-04-20 13:20:00+00:00,2023-04-20 14:50:00+00:00,1300.8,1313.808,511.63205891695355,-6655.309822391751,-0.007000000000000021,9,v3_short,sl,False,A,True,0.014138619947748473,0.0032638843150599316,,0.7826086956521723,0.2173913043478277
NVTK,-1,2023-05-05 13:20:00+00:00,2023-05-05 14:40:00+00:00,1238.8,1251.1879999999999,533.4777731381167,-6608.722653634947,-0.006999999999999955,8,v3_short,sl,False,A,True,0.014530190506942202,0.0029752294847548177,,0.9333333333333308,0.06666666666666919
NVTK,-1,2023-05-11 13:20:00+00:00,2023-05-11 20:50:00+00:00,1286.0,1266.71,510.30027955361936,9843.692392589299,0.01049999999999998,45,v3_short,tp,False,A,True,0.013996889580093312,0.003110419906687411,,0.7777777777777778,0.2222222222222222
NVTK,-1,2023-05-31 13:20:00+00:00,2023-05-31 21:20:00+00:00,1304.6,1296.4,508.30656460276487,4168.11382974258,0.004399816035566361,48,v3_short,timeout,False,A,True,0.018243139659665765,0.0037595906061336165,,0.6134453781512579,0.3865546218487421
NVTK,-1,2023-07-18 13:20:00+00:00,2023-07-18 21:20:00+00:00,1479.8,1486.2,450.09759687902874,-2880.6246200258247,-0.0030274361400189644,48,v3_short,timeout,False,A,True,0.012429073223453182,0.003165167715289299,,0.717391304347825,0.282608695652175
NVTK,-1,2023-07-26 13:20:00+00:00,2023-07-26 16:40:00+00:00,1487.8,1502.6779999999999,446.3220773138652,-6640.379866275654,-0.006999999999999966,20,v3_short,sl,False,A,True,0.014656447492268356,0.0034704213808691375,,0.8990825688073372,0.10091743119266285
NVTK,-1,2023-08-03 13:20:00+00:00,2023-08-03 14:50:00+00:00,1578.6,1594.386,417.7053849747724,-6593.897207211781,-0.007000000000000026,9,v3_short,sl,False,A,True,0.0150823827629911,0.003778139899812898,,0.9411764705882314,0.05882352941176864
NVTK,-1,2023-08-15 13:20:00+00:00,2023-08-15 18:40:00+00:00,1648.8,1624.068,397.12153849837904,9821.609890141899,0.010499999999999989,32,v3_short,gap_tp,False,A,True,0.03105665413077766,0.0064296979255125545,,0.8515624999999974,0.14843750000000253
NVTK,-1,2023-08-25 13:20:00+00:00,2023-08-25 21:20:00+00:00,1677.0,1674.2,394.54330327920496,1104.7212491817559,0.0011687537268932427,48,v3_short,timeout,False,A,True,0.012762404580152726,0.0032488186114140406,,0.7663551401869169,0.2336448598130831
NVTK,-1,2023-09-22 13:20:00+00:00,2023-09-22 15:40:00+00:00,1597.8,1613.778,414.58406839007006,-6624.224244736566,-0.007000000000000028,14,v3_short,sl,False,A,True,0.014645137063462318,0.003504819126298651,,0.547008547008543,0.45299145299145704
NVTK,-1,2023-12-06 13:20:00+00:00,2023-12-06 16:40:00+00:00,1543.6,1520.446,426.1372554433392,9866.782012535074,0.010499999999999999,20,v3_short,tp,False,A,True,0.01697111024744141,0.003756963337219832,,0.7633587786259529,0.23664122137404714
NVTK,-1,2023-12-07 13:20:00+00:00,2023-12-07 21:20:00+00:00,1521.0,1519.0,437.010003228871,874.020006457742,0.0009204470742932282,48,v3_short,timeout,False,A,True,0.01341575693805083,0.0038957053293499537,,0.7450980392156852,0.2549019607843148
NVTK,-1,2023-12-08 13:20:00+00:00,2023-12-08 21:20:00+00:00,1530.2,1529.2,434.78240028469037,434.78240028469037,0.00045745654162854526,48,v3_short,timeout,False,A,True,0.017514050450921418,0.003118173161304772,,0.5597014925373144,0.4402985074626856
NVTK,-1,2023-12-12 13:20:00+00:00,2023-12-12 14:30:00+00:00,1497.8,1512.778,444.3906907436457,-6656.083765958354,-0.0070000000000000305,7,v3_short,sl,False,A,True,0.024302310054747023,0.005563715671874305,,0.7637362637362606,0.23626373626373942
NVTK,-1,2023-12-22 13:20:00+00:00,2023-12-22 21:20:00+00:00,1497.4,1488.6,441.39783488691165,3884.300947004903,0.004113797248564262,48,v3_short,timeout,False,A,True,0.024566088117489955,0.004908131476889802,,0.7119565217391326,0.28804347826086746
NVTK,-1,2024-03-14 13:20:00+00:00,2024-03-14 21:20:00+00:00,1404.0,1396.8,472.69809730951926,3403.42630062856,0.003589743589743612,48,v3_short,timeout,False,A,True,0.022510329106710292,0.0031275653159112122,,0.8544303797468379,0.14556962025316209
NVTK,-1,2024-06-03 22:00:00+00:00,2024-06-04 09:50:00+00:00,1073.0,1075.0,620.7367446719526,-1241.4734893439052,-0.00130475302889096,71,v3_short,timeout,False,A,True,0.013417815877748873,0.004145527014383851,-0.0003596720089452097,0.9027777777777721,0.09722222222222793
NVTK,-1,2024-06-11 13:20:00+00:00,2024-06-11 13:50:00+00:00,1042.4,1052.824,638.1249957698238,-6651.81495590463,-0.006999999999999985,3,v3_short,sl,False,A,True,0.018223671590255133,0.005206763311501467,,0.6000000000000048,0.3999999999999952
NVTK,-1,2024-06-14 13:20:00+00:00,2024-06-14 14:50:00+00:00,1062.6,1073.2259999999999,621.6122954275656,-6605.252251213298,-0.006999999999999986,9,v3_short,sl,False,A,True,0.01919819311123668,0.004866768841924128,,0.9117647058823444,0.08823529411765559
NVTK,-1,2024-06-19 13:20:00+00:00,2024-06-19 17:50:00+00:00,1041.4,1025.779,629.8267222445571,9838.523228182286,0.010500000000000063,27,v3_short,tp,False,A,True,0.028807374687920106,0.00641078401785145,,0.8400000000000015,0.15999999999999848
NVTK,-1,2024-07-03 13:20:00+00:00,2024-07-03 16:30:00+00:00,1133.4,1116.3990000000001,584.7789966518524,9941.827722078127,0.010499999999999985,19,v3_short,tp,False,A,True,0.023473349805859432,0.0053283579580791,,0.6390977443609045,0.36090225563909556
NVTK,-1,2024-07-09 13:20:00+00:00,2024-07-09 17:50:00+00:00,1087.0,1070.695,616.1433249408133,10046.21691316,0.01050000000000004,27,v3_short,tp,False,A,True,0.011775528978840804,0.003206728873702157,,0.6874999999999989,0.3125000000000011
NVTK,-1,2024-07-11 13:20:00+00:00,2024-07-11 21:20:00+00:00,1040.6,1045.8,650.3749241301905,-3381.94960547702,-0.0034979819334999347,48,v3_short,timeout,False,A,True,0.030559292715740878,0.005958101095521797,,0.836477987421382,0.163522012578618
NVTK,1,2024-07-17 23:40:00+00:00,2024-07-18 09:50:00+00:00,1034.4,1036.2,651.9845140429643,1173.572125277306,0.0012180974477957929,61,v3_long,timeout,False,A,True,0.009667440061871615,0.003302713196647561,0.0001102088167053373,0.1400000000000091,0.8599999999999909
NVTK,-1,2024-07-18 13:20:00+00:00,2024-07-18 16:20:00+00:00,1038.2,1048.582,650.389406485972,-6752.342818137402,-0.00700000000000004,18,v3_short,sl,False,A,True,0.01945675207089197,0.005164616414857206,,0.7623762376237652,0.23762376237623484
NVTK,1,2024-07-26 22:20:00+00:00,2024-07-26 23:30:00+00:00,1063.0,1066.4,630.7691832935467,2144.615223198116,0.002238946378175036,7,v3_long,opposite_signal,False,A,True,0.008468197214904027,0.004239859285829498,-0.00039518253669552125,0.2222222222222222,0.7777777777777778
NVTK,-1,2024-08-08 13:20:00+00:00,2024-08-08 21:20:00+00:00,1025.8,1017.8,655.107109082939,5240.856872663512,0.005459153831156171,48,v3_short,timeout,False,A,True,0.01890838206627689,0.0036944212382809096,,0.8247422680412333,0.17525773195876676
NVTK,-1,2024-08-13 13:20:00+00:00,2024-08-13 15:10:00+00:00,1040.8,1051.2079999999999,649.1904999117442,-6756.774723081369,-0.006999999999999934,11,v3_short,sl,False,A,True,0.015763168012302826,0.0032130499258526853,,0.6951219512195097,0.30487804878049035
NVTK,-1,2024-08-15 13:20:00+00:00,2024-08-15 21:20:00+00:00,1041.2,1033.2,644.3985113349848,5155.188090679879,0.005378409527468305,48,v3_short,timeout,False,A,True,0.018059558117194962,0.004409679337633242,,0.8085106382978767,0.19148936170212327
NVTK,-1,2024-08-27 23:20:00+00:00,2024-08-28 09:50:00+00:00,986.6,979.0,683.7181853491408,5196.258208653485,0.0053922562335293085,63,v3_short,timeout,False,A,True,0.009529602595296118,0.002954466458116092,-0.00020884022708840137,0.9361702127659557,0.06382978723404435
NVTK,-1,2024-09-04 13:20:00+00:00,2024-09-04 15:00:00+00:00,956.2,965.7620000000001,709.2592997401376,-6781.9374241152045,-0.007000000000000008,10,v3_short,sl,False,A,True,0.012337933918862353,0.004132560594292076,,0.7288135593220386,0.2711864406779614
NVTK,1,2024-10-25 23:40:00+00:00,2024-10-25 23:50:00+00:00,902.6,903.4,746.1183095664071,596.8946476530917,0.000620429869266528,1,v3_long,weekend_exit,False,A,True,0.00753379126966536,0.0032739885229518236,-0.000432085087524928,0.35294117647058726,0.6470588235294128
NVTK,1,2024-10-29 23:10:00+00:00,2024-10-30 09:50:00+00:00,864.0,870.4,779.9354310972177,4991.586759022176,0.005185185185185166,64,v3_long,timeout,False,A,True,0.014355174808983535,0.0035628050710907076,0.00020606621903218548,0.08064516129032273,0.9193548387096773
NVTK,-1,2024-11-14 13:20:00+00:00,2024-11-14 17:40:00+00:00,905.2,891.6220000000001,748.2968661061773,10160.374847989657,0.01049999999999998,26,v3_short,tp,False,A,True,0.013477684489615479,0.0033247059318645433,,0.5737704918032819,0.4262295081967181
NVTK,-1,2024-11-15 13:20:00+00:00,2024-11-15 15:50:00+00:00,899.6,908.596,760.8610333402673,-6844.705855929031,-0.006999999999999985,15,v3_short,sl,False,A,True,0.01690391459074738,0.0035693102863921175,,0.6315789473684207,0.3684210526315793
NVTK,-1,2024-11-21 21:40:00+00:00,2024-11-21 22:30:00+00:00,850.4,858.904,799.2465798374343,-6796.792914937557,-0.007000000000000016,5,v3_short,sl,False,A,True,0.013875823142050747,0.004866857373240913,3.998118532455155e-05,0.8813559322033913,0.1186440677966087
NVTK,1,2024-11-28 23:40:00+00:00,2024-11-29 09:50:00+00:00,817.2,816.0,825.8951743187687,-991.07420918256,-0.001027900146842917,61,v3_long,timeout,False,A,True,0.01174455590897972,0.0035353510134173453,2.202104232933915e-05,0.18750000000000666,0.8124999999999933
NVTK,-1,2024-12-04 13:20:00+00:00,2024-12-04 17:00:00+00:00,835.2,822.672,807.2650676566931,10113.416767603067,0.010500000000000016,22,v3_short,tp,False,A,True,0.029686377783097864,0.00466272216332067,,0.8145161290322613,0.1854838709677386
NVTK,-1,2024-12-13 13:20:00+00:00,2024-12-13 21:20:00+00:00,792.2,792.2,860.0191570868369,-0.0,-0.0,48,v3_short,timeout,False,A,True,0.01362948006057541,0.0037979856253455607,,0.7592592592592666,0.24074074074073334
NVTK,1,2024-12-24 22:30:00+00:00,2024-12-25 09:50:00+00:00,913.8,910.0,745.5758111667676,-2833.188082433683,-0.0029109214270080634,68,v3_long,timeout,False,A,True,0.005032822757111622,0.003121511186531502,-0.0004026258205689248,0.2608695652173752,0.7391304347826249
NVTK,-1,2024-12-27 13:20:00+00:00,2024-12-27 14:50:00+00:00,955.2,940.8720000000001,711.185034114833,10189.85916879731,0.01049999999999998,9,v3_short,tp,False,A,True,0.017584257902449187,0.003249698455894804,,0.7500000000000033,0.2499999999999966
NVTK,-1,2024-12-27 22:00:00+00:00,2024-12-27 23:50:00+00:00,947.2,949.2,724.7221769474733,-1449.4443538949465,-0.0014780405405405404,11,v3_short,weekend_exit,False,A,True,0.008868243243243219,0.0030164092664092686,-0.00017736486486486677,0.9047619047619099,0.09523809523809008
NVTK,-1,2025-01-21 13:20:00+00:00,2025-01-21 16:20:00+00:00,983.6,993.436,696.8709180123224,-6854.422349569211,-0.007000000000000009,18,v3_short,sl,False,A,True,0.01849969505997147,0.004646705195597252,,0.7362637362637378,0.26373626373626224
NVTK,-1,2025-01-28 10:50:00+00:00,2025-01-28 11:50:00+00:00,1004.4,997.8,677.6624246437892,4472.572002649024,0.004599761051373971,6,v3_short,opposite_signal,False,A,True,0.01354311890061743,0.0032447055699395652,-7.767377016530526e-05,0.8088235294117634,0.19117647058823664
NVTK,-1,2025-02-06 10:30:00+00:00,2025-02-06 10:40:00+00:00,1112.0,1108.0,614.905521325608,2459.622085302432,0.0025179856115107907,1,v3_short,opposite_signal,False,A,True,0.010427903631787045,0.0034814161027753366,0.0002211434735706572,0.6034482758620737,0.3965517241379263
NVTK,1,2025-02-06 20:40:00+00:00,2025-02-07 06:50:00+00:00,1098.0,1101.4,624.313911815836,2122.667300173899,0.0021675774134791107,61,v3_long,timeout,False,A,True,0.009471766848816112,0.0031597338388907347,-3.096539162113016e-05,0.09615384615384531,0.9038461538461546
NVTK,-1,2025-02-11 11:00:00+00:00,2025-02-11 17:00:00+00:00,1149.0,1160.49,597.8960333193296,-6869.825422839102,-0.007000000000000005,36,v3_short,sl,False,A,True,0.019321148825065314,0.004421235857267157,0.00013402959094864785,0.7387387387387413,0.2612612612612587
NVTK,-1,2025-02-12 19:50:00+00:00,2025-02-12 20:00:00+00:00,1174.6,1186.346,580.7710407695575,-6821.736644879278,-0.0070000000000000565,1,v3_short,sl,False,A,True,0.01516183986371376,0.004745680214164022,-0.00022487223168654637,0.887640449438202,0.11235955056179804
NVTK,-1,2025-02-19 10:20:00+00:00,2025-02-19 10:40:00+00:00,1261.8,1253.2,536.850886698769,4616.917625609365,0.004770962117609714,2,v3_short,opposite_signal,False,A,True,0.017910920906641235,0.003638037874842426,0.00013155809161515225,0.6991150442477884,0.3008849557522116
NVTK,-1,2025-02-25 11:00:00+00:00,2025-02-25 18:10:00+00:00,1345.6,1325.416,505.81918190727805,10209.454367616485,0.010499999999999985,43,v3_short,tp,False,A,True,0.009806835066864819,0.0030965824665676093,6.240713224368905e-05,0.666666666666661,0.3333333333333391
NVTK,-1,2025-03-03 21:00:00+00:00,2025-03-03 21:30:00+00:00,1249.8,1238.2,550.3095769177187,6383.591092245487,0.006497039526324161,3,v3_short,opposite_signal,False,A,True,0.015524967989756614,0.004690480545611309,3.040973111395792e-05,0.9072164948453625,0.09278350515463749
NVTK,-1,2025-03-05 11:30:00+00:00,2025-03-05 12:00:00+00:00,1310.0,1323.1,528.4316206078906,-6922.454229963319,-0.0069999999999999524,3,v3_short,sl,False,A,True,0.011904761904762008,0.004845848595848594,,0.7179487179487146,0.28205128205128543
NVTK,-1,2025-03-06 20:30:00+00:00,2025-03-07 06:50:00+00:00,1276.4,1269.6,538.545679281857,3662.1106191167255,0.0037292384832341955,62,v3_short,timeout,False,A,True,0.01629072681704257,0.004485064702572761,-0.00033677944862155033,0.7211538461538477,0.27884615384615224
NVTK,1,2025-03-10 20:40:00+00:00,2025-03-11 06:50:00+00:00,1284.2,1287.4,537.2708164372714,1719.2666125992928,0.00174427659243111,61,v3_long,timeout,False,A,True,0.01292834890965725,0.0032901010871638266,5.1401869158877796e-05,0.07228915662650916,0.9277108433734909
NVTK,-1,2025-03-11 11:10:00+00:00,2025-03-11 18:30:00+00:00,1281.0,1272.4,539.5524348927115,4640.15094007727,0.004699453551912518,44,v3_short,opposite_signal,False,A,True,0.013583138173302001,0.003560919954362581,-0.00012021857923496984,0.7356321839080492,0.26436781609195087
NVTK,1,2025-03-11 19:20:00+00:00,2025-03-11 22:10:00+00:00,1272.2,1259.478,545.8377415151843,-6944.147747556164,-0.006999999999999989,17,v3_long,sl,False,A,True,0.010218519100770318,0.0029805350846516653,-2.200911806319904e-05,0.16923076923077274,0.8307692307692273
NVTK,-1,2025-03-13 13:20:00+00:00,2025-03-13 14:30:00+00:00,1248.6,1229.8709999999999,552.2616300915652,10343.308069984947,0.010500000000000025,7,v3_short,tp,False,A,True,0.019698910954516265,0.0034823173836626736,,0.9024390243902398,0.09756097560976015
NVTK,1,2025-03-20 19:30:00+00:00,2025-03-21 06:50:00+00:00,1310.0,1312.8,531.9039595277234,1489.3310866776012,0.0014961832061068459,68,v3_long,timeout,False,A,True,0.009465648854961728,0.003573765384016193,-0.00012061068702290214,0.04838709677418675,0.9516129032258133
NVTK,-1,2025-03-27 20:00:00+00:00,2025-03-27 21:20:00+00:00,1289.6,1280.8,541.1264878582444,4761.913093152527,0.004776674937965237,8,v3_short,opposite_signal,False,A,True,0.011629710032563188,0.00391454457422604,-2.946193208249482e-05,0.9733333333333273,0.02666666666667273
NVTK,1,2025-03-27 21:40:00+00:00,2025-03-28 06:50:00+00:00,1279.8,1278.0,547.8747131639309,-986.1744836950506,-0.0009845288326300735,55,v3_long,timeout,False,A,True,0.010001562744178743,0.0035432832298414128,6.250976715109605e-06,0.12499999999999334,0.8750000000000067
NVTK,-1,2025-03-28 10:40:00+00:00,2025-03-28 11:10:00+00:00,1277.0,1269.8,548.5354234679814,3949.455048969491,0.003946750195771364,3,v3_short,opposite_signal,False,A,True,0.017543859649122702,0.00394328211833931,-8.458646616541496e-05,0.741071428571429,0.25892857142857095
NVTK,1,2025-04-09 11:40:00+00:00,2025-04-09 11:50:00+00:00,1038.6,1028.214,677.107986041682,-7032.443543028887,-0.0069999999999999785,1,v3_long,sl,False,A,True,0.028307336799537928,0.006182062059669163,,0.15646258503401003,0.84353741496599
NVTK,-1,2025-04-17 10:40:00+00:00,2025-04-17 11:40:00+00:00,1212.6,1205.6,575.8878804410116,4031.2151630870812,0.004040903842982022,6,v3_short,opposite_signal,False,A,True,0.012699983506515003,0.003915409934814881,0.00030677882236516426,0.7142857142857101,0.2857142857142899
NVTK,-1,2025-04-18 10:40:00+00:00,2025-04-18 11:00:00+00:00,1205.2,1196.2,581.7652625596843,5235.887363037158,0.005227348157982077,2,v3_short,opposite_signal,False,A,True,0.013112033195020897,0.004394732094533645,-0.00031037344398339943,0.8607594936708848,0.1392405063291152
NVTK,-1,2025-04-21 19:20:00+00:00,2025-04-22 06:50:00+00:00,1235.8,1238.8,570.3257934868568,-1710.9773804605704,-0.0016993040945136753,69,v3_short,timeout,False,A,True,0.01197798640336675,0.00393099939878832,0.00030754289414049857,0.9189189189189156,0.0810810810810844
NVTK,1,2025-04-28 20:10:00+00:00,2025-04-28 22:00:00+00:00,1269.4,1256.7060000000001,554.2862229594574,-7036.10931424733,-0.006999999999999978,11,v3_long,sl,False,A,True,0.016543248778950685,0.004408317604653332,0.00010241058767921853,0.20952380952381386,0.7904761904761861
NVTK,-1,2025-05-08 10:20:00+00:00,2025-05-08 15:50:00+00:00,1169.0,1151.465,597.678062365066,10480.284823571481,0.01050000000000005,33,v3_short,tp,False,A,True,0.019161676646706663,0.0035765204285306824,0.00027202737382377867,0.8482142857142823,0.15178571428571774
NVTK,-1,2025-05-12 19:20:00+00:00,2025-05-13 06:50:00+00:00,1198.2,1202.4,589.2353983318828,-2474.7886729939346,-0.002453680520781198,69,v3_short,timeout,False,A,True,0.01668613382279326,0.003197608093796496,-7.508760220256967e-05,0.6100000000000023,0.38999999999999774
NVTK,-1,2025-05-19 20:40:00+00:00,2025-05-19 21:50:00+00:00,1170.8,1153.2379999999998,601.545526315482,10564.34253315257,0.010500000000000075,7,v3_short,tp,False,A,True,0.01861974718141438,0.003977744155400448,-5.4663477963782344e-05,0.7247706422018343,0.2752293577981657
NVTK,1,2025-05-22 19:20:00+00:00,2025-05-23 06:50:00+00:00,1109.6,1104.2,641.3883759763637,-3463.4972302722763,-0.0034066330209083493,69,v3_long,timeout,False,A,True,0.015501081470800331,0.0042118505657489985,-0.00028839221341024206,0.0,1.0
NVTK,1,2025-05-30 20:10:00+00:00,2025-05-30 23:50:00+00:00,1097.2,1101.8,646.4273550147489,2973.565833067786,0.0029347429821362887,22,v3_long,weekend_exit,False,A,True,0.008567262121764573,0.004188769930137568,0.00032263944586219135,0.1489361702127742,0.8510638297872258
NVTK,-1,2025-06-03 19:40:00+00:00,2025-06-03 20:50:00+00:00,1122.0,1133.22,633.9942869922727,-7113.415900053317,-0.0070000000000000175,7,v3_short,sl,False,A,True,0.012838801711840108,0.003242452473143299,-0.00019793152639086857,0.8194444444444491,0.18055555555555095
NVTK,-1,2025-06-04 11:00:00+00:00,2025-06-04 17:20:00+00:00,1135.0,1117.975,622.3455496698614,10595.432983129447,0.010500000000000056,38,v3_short,tp,False,A,True,0.012158590308370004,0.00298854625550659,-2.8193832599117342e-05,0.8405797101449237,0.15942028985507628
NVTK,-1,2025-06-05 11:40:00+00:00,2025-06-05 19:40:00+00:00,1113.2,1107.0,641.1956539377319,3975.413054413967,0.0038986704994610414,48,v3_short,timeout,False,A,True,0.01293568091987052,0.002992305500142495,,0.5416666666666686,0.45833333333333137
NVTK,1,2025-06-11 19:30:00+00:00,2025-06-13 06:50:00+00:00,1023.4,1038.751,700.1776344553185,10748.426866523594,0.010499999999999999,212,v3_long,gap_tp,False,A,True,0.015047879616963043,0.003517686144225109,0.000293140512018761,0.18181818181817913,0.8181818181818209
NVTK,-1,2025-06-18 11:30:00+00:00,2025-06-18 12:00:00+00:00,1074.4,1069.2,673.9442385593256,3504.510040508524,0.003387937453462427,3,v3_short,opposite_signal,False,A,True,0.019542155220547183,0.0033899657015234908,,0.6190476190476191,0.38095238095238093
NVTK,1,2025-06-18 23:10:00+00:00,2025-06-19 07:10:00+00:00,1061.2,1070.6,684.6389435888574,6435.606069735166,0.006200527704485398,48,v3_long,timeout,False,A,True,0.009802073515551452,0.003681548019773411,-0.00024316682375117557,0.057692307692320303,0.9423076923076797
NVTK,-1,2025-06-19 19:50:00+00:00,2025-06-20 06:50:00+00:00,1062.8,1057.6,687.8469807915977,3576.8043001163396,0.003424915318027881,66,v3_short,timeout,False,A,True,0.012984569062852799,0.003352714815696695,-0.0002389913436206256,0.9855072463768082,0.014492753623191749
NVTK,1,2025-06-23 21:10:00+00:00,2025-06-24 06:50:00+00:00,1042.8,1039.8,703.4402897922819,-2110.3208693768456,-0.0020138089758342925,58,v3_long,timeout,False,A,True,0.019942473633748757,0.0033224411528753124,0.0002569511025886882,0.03846153846153636,0.9615384615384637
NVTK,-1,2025-07-09 20:00:00+00:00,2025-07-10 06:50:00+00:00,1030.8,1036.0,710.1962646360378,-3693.0205761074285,-0.0035312378734963447,65,v3_short,timeout,False,A,True,0.016695787225781335,0.003446923323784932,8.930304795185445e-05,0.8837209302325577,0.11627906976744232
NVTK,-1,2025-07-15 10:40:00+00:00,2025-07-15 18:40:00+00:00,1042.0,1047.2,700.0817612126224,-3640.4251583056684,-0.0034932821497121232,48,v3_short,timeout,False,A,True,0.011326550201574156,0.003313662807682322,0.00012094451910155849,0.6779661016949179,0.3220338983050821
NVTK,1,2025-07-28 22:30:00+00:00,2025-07-29 06:50:00+00:00,1020.8,1023.8,712.1247037350495,2136.3741112051484,0.0020572100313479623,50,v3_long,timeout,False,A,True,0.006269592476489006,0.003634604311944224,-0.0004388714733542293,0.593749999999995,0.406250000000005
NVTK,-1,2025-08-06 20:10:00+00:00,2025-08-06 20:20:00+00:00,1051.8,1062.318,692.5578621891825,-7284.323594505842,-0.007000000000000021,1,v3_short,sl,False,A,True,0.023008176459402757,0.003251956800974818,-0.00013500665525765184,0.6776859504132225,0.3223140495867774
NVTK,-1,2025-08-07 10:40:00+00:00,2025-08-07 11:00:00+00:00,1083.2,1094.0320000000002,667.7744949542355,-7233.33332934435,-0.007000000000000069,2,v3_short,sl,False,A,True,0.012186115214180249,0.00333954145526944,-5.5391432791724014e-05,0.8333333333333305,0.16666666666666954
NVTK,-1,2025-08-14 13:20:00+00:00,2025-08-14 15:40:00+00:00,1237.0,1249.3700000000001,580.6548097040313,-7182.699996038936,-0.007000000000000065,14,v3_short,sl,False,A,True,0.014715394566623581,0.0032797624970975466,,0.8681318681318635,0.13186813186813653
NVTK,-1,2025-08-22 10:20:00+00:00,2025-08-22 13:50:00+00:00,1169.0,1180.69,610.130119424003,-7132.421096066629,-0.007000000000000032,21,v3_short,sl,False,A,True,0.02019164955509917,0.004440859163651753,1.540041067761963e-05,0.7457627118644058,0.2542372881355942
NVTK,1,2025-08-28 19:20:00+00:00,2025-08-28 20:30:00+00:00,1225.6,1213.3439999999998,577.8797444838552,-7082.494148394179,-0.007000000000000049,7,v3_long,sl,False,A,True,0.015992167101827603,0.0031637981563382386,3.5900783289817975e-05,0.12244897959183035,0.8775510204081697
NVTK,-1,2025-08-29 19:20:00+00:00,2025-08-29 23:50:00+00:00,1234.4,1238.4,569.743736986015,-2278.97494794406,-0.0022683084899546334,27,v3_short,weekend_exit,False,A,True,0.012801814940852337,0.0032541942396793495,-6.319883325230697e-05,0.8227848101265847,0.17721518987341536
NVTK,-1,2025-09-02 22:20:00+00:00,2025-09-03 06:50:00+00:00,1214.4,1220.2,577.8132299670423,-3351.3167338088188,-0.0033432147562582077,51,v3_short,timeout,False,A,True,0.011034255599473065,0.003071979780054294,-0.00010540184453227707,1.0,0.0
NVTK,-1,2025-09-16 10:20:00+00:00,2025-09-16 11:40:00+00:00,1210.0,1205.2,577.9755907093472,2774.28283540484,0.002776859504132205,8,v3_short,opposite_signal,False,A,True,0.016198347107437942,0.0030853994490357894,0.00012231404958677836,0.6938775510204067,0.30612244897959323
NVTK,-1,2025-09-16 19:20:00+00:00,2025-09-17 06:50:00+00:00,1206.6,1207.6,581.2137102130727,-581.2137102130727,-0.0005801425493121167,69,v3_short,timeout,False,A,True,0.016741256423006834,0.0030275660736696435,-0.00017901541521630576,0.910891089108902,0.08910891089109792
NVTK,-1,2025-09-23 12:00:00+00:00,2025-09-23 18:30:00+00:00,1158.4,1153.0,605.0462820665955,3267.2499231596707,0.0032631215469613806,39,v3_short,opposite_signal,False,A,True,0.01484294097342082,0.0031177970536817715,,0.7674418604651169,0.2325581395348831
NVTK,1,2025-09-24 19:20:00+00:00,2025-09-25 06:50:00+00:00,1120.0,1128.2,627.8327572251393,5148.228609246171,0.005125000000000028,69,v3_long,timeout,False,A,True,0.01624709873236926,0.003949732008497016,0.0004124263524370632,0.2307692307692327,0.7692307692307673
NVTK,-1,2025-09-26 12:20:00+00:00,2025-09-26 20:20:00+00:00,1115.4,1118.8,633.6529031007965,-2154.4198705426215,-0.002133763672225125,48,v3_short,timeout,False,A,True,0.017213555675093972,0.003504653854304197,,0.8854166666666751,0.11458333333332495
NVTK,-1,2025-09-30 11:10:00+00:00,2025-09-30 14:50:00+00:00,1104.2,1087.637,638.7143218703574,10579.025313138794,0.010500000000000065,22,v3_short,tp,False,A,True,0.015933369545536764,0.0031267844956057553,5.431830526886738e-06,0.7500000000000064,0.24999999999999353
NVTK,-1,2025-09-30 19:20:00+00:00,2025-09-30 20:00:00+00:00,1103.8,1098.4,645.6547127454664,3486.5354488254306,0.003424533429969111,4,v3_short,opposite_signal,False,A,True,0.00978438122848338,0.003945553579286379,1.0871534698317384e-05,0.814814814814814,0.18518518518518595
NVTK,-1,2025-10-01 22:20:00+00:00,2025-10-02 06:50:00+00:00,1116.2,1117.0,640.6685600632715,-512.534848050588,-0.0005017022039060815,51,v3_short,timeout,False,A,True,0.01289860265137931,0.0036268179790726516,-0.0003206735936940181,0.9722222222222314,0.02777777777776857
NVTK,1,2025-10-02 20:00:00+00:00,2025-10-03 06:50:00+00:00,1117.0,1114.6,639.8885159793986,-1535.7324383506148,-0.001504028648164784,65,v3_long,timeout,False,A,True,0.01217547000895247,0.003175415197412886,0.00012354521038496135,0.13235294117646812,0.8676470588235319
NVTK,1,2025-10-10 21:50:00+00:00,2025-10-10 22:50:00+00:00,1046.6,1036.1339999999998,681.9037451195709,-7136.804596421512,-0.007000000000000082,6,v3_long,sl,False,A,True,0.006688324097076247,0.004348385637457744,-0.00011083508503726266,0.05714285714283766,0.9428571428571624
NVTK,-1,2025-10-13 20:10:00+00:00,2025-10-13 21:30:00+00:00,1037.8,1032.8,682.8721299139023,3414.3606495695117,0.0033725187897475435,8,v3_short,opposite_signal,False,A,True,0.012141067643091067,0.004094218145920925,-0.000277510117556371,0.7619047619047602,0.2380952380952398
NVTK,1,2025-10-13 22:00:00+00:00,2025-10-14 06:50:00+00:00,1032.0,1037.0,689.025919456731,3445.129597283655,0.003391472868217054,53,v3_long,timeout,False,A,True,0.007556675062972248,0.003475833270723536,-0.00019182329006006764,0.02564102564103162,0.9743589743589683
NVTK,1,2025-10-15 20:20:00+00:00,2025-10-16 06:50:00+00:00,1068.0,1077.0,668.0583704095927,6012.525333686334,0.005898876404494382,63,v3_long,timeout,False,A,True,0.011427500936680449,0.004736926617780865,0.00035219183214687497,0.06557377049179931,0.9344262295082006
NVTK,-1,2025-10-22 11:00:00+00:00,2025-10-22 11:40:00+00:00,1114.6,1125.7459999999999,643.9037388579092,-7176.951073310229,-0.006999999999999975,4,v3_short,sl,False,A,True,0.012737710800143565,0.0032005740940079033,2.691065662002153e-05,0.478873239436615,0.521126760563385
NVTK,1,2025-10-24 19:20:00+00:00,2025-10-24 23:50:00+00:00,1054.6,1057.6,675.7739821540947,2027.3219464622841,0.00199127631329414,27,v3_long,weekend_exit,False,A,True,0.016691957511380792,0.00501687776779909,-0.00025606980273141556,0.2613636363636325,0.7386363636363674
NVTK,1,2025-10-27 21:20:00+00:00,2025-10-28 06:50:00+00:00,1026.2,1026.6,695.8588646874214,278.3435458748736,0.0002728512960435631,57,v3_long,timeout,False,A,True,0.009941520467836302,0.0030870827863308755,-0.00019493177387914232,0.039215686274518546,0.9607843137254815
NLMK,-1,2022-01-14 11:10:00+00:00,2022-01-14 12:20:00+00:00,219.5,216.2075,3189.0660592255126,10499.999999999967,0.010499999999999968,7,v3_short,tp,False,A,True,0.012749294235497729,0.0034289997408110734,-2.0945269101173823e-05,0.8214285714285722,0.17857142857142785
NLMK,-1,2022-01-17 21:40:00+00:00,2022-01-18 06:50:00+00:00,211.3,211.5,3347.6100331282537,-669.5220066256127,-0.0006625650733553812,55,v3_short,timeout,False,A,True,0.01561760530052064,0.0036006451799839587,-0.00042309512541410305,0.9696969696969715,0.030303030303028475
NLMK,-1,2022-01-21 10:20:00+00:00,2022-01-21 11:10:00+00:00,209.02,208.36,3381.883717325433,2232.043253434774,0.002210314802411241,5,v3_short,opposite_signal,False,A,True,0.017602602123792246,0.005534979705074436,-0.00017793934755572422,0.6521739130434786,0.3478260869565214
NLMK,-1,2022-01-28 13:10:00+00:00,2022-01-28 18:30:00+00:00,210.24,212.3424,3369.6906624465673,-7084.437648727625,-0.006999999999999961,32,v3_short,sl,False,A,True,0.0257653546301579,0.004501055834108948,,0.7343173431734329,0.26568265682656705
NLMK,-1,2022-02-01 11:40:00+00:00,2022-02-01 19:40:00+00:00,214.18,213.74,3284.5487838204176,1445.2014648809763,0.0014380427677654236,48,v3_short,timeout,False,A,True,0.013349514563106726,0.0030388091988359806,,0.8951048951049005,0.10489510489509947
NLMK,-1,2022-02-03 21:30:00+00:00,2022-02-04 06:50:00+00:00,216.78,216.18,3249.82147589295,1949.8928855357515,0.0019374481040686227,56,v3_short,timeout,False,A,True,0.01494602823138657,0.0033571136730363273,-0.00026570716855798464,0.7469135802469141,0.2530864197530858
NLMK,-1,2022-02-14 23:10:00+00:00,2022-02-15 07:00:00+00:00,227.76,230.0376,3099.144821583898,-7058.612245639508,-0.00700000000000002,47,v3_short,sl,False,A,True,0.01792618629173995,0.004128259388113771,8.172231985940307e-05,0.8431372549019577,0.15686274509804235
NLMK,-1,2022-02-17 10:20:00+00:00,2022-02-17 11:30:00+00:00,233.56,231.86,3001.0284123651354,5101.748301020696,0.005095050522349684,7,v3_short,opposite_signal,False,A,True,0.023550569495589622,0.004171815167790151,-0.0002081013959064834,0.6145454545454537,0.38545454545454627
NLMK,1,2022-02-17 23:10:00+00:00,2022-02-18 07:10:00+00:00,227.36,230.18,3098.572395332141,8737.974154836616,0.008682266009852196,48,v3_long,timeout,False,A,True,0.005719313682358042,0.003550104599692934,-0.00043202815662120764,0.04615384615384851,0.9538461538461515
NLMK,-1,2022-10-03 23:20:00+00:00,2022-10-04 09:50:00+00:00,86.74,87.0,8192.391073450555,-2130.0216790971863,-0.002098224579202255,63,v3_short,timeout,False,A,True,0.008060801473975159,0.004126754340612329,0.0002049746660525072,0.7428571428571341,0.25714285714286583
NLMK,-1,2022-10-20 13:20:00+00:00,2022-10-20 15:00:00+00:00,86.62,87.48620000000001,8186.5272054460065,-7091.169865357382,-0.0070000000000000505,10,v3_short,sl,False,A,True,0.01085951940850291,0.0038288883020860956,,0.9361702127659558,0.06382978723404416
NLMK,-1,2022-10-28 22:30:00+00:00,2022-10-28 23:50:00+00:00,105.32,105.98,6685.844736327223,-4412.657525976039,-0.004386631219141736,8,v3_short,weekend_exit,False,A,True,0.013472485768500964,0.003736978662432728,6.83111954459175e-05,0.521126760563376,0.47887323943662397
NLMK,-1,2022-11-23 13:20:00+00:00,2022-11-23 21:20:00+00:00,107.8,106.84,6503.3794745992545,6243.244295615244,0.006233766233766192,48,v3_short,timeout,False,A,True,0.021892393320964744,0.0044880289778248695,,0.9322033898305099,0.0677966101694901
NLMK,-1,2023-02-09 13:20:00+00:00,2023-02-09 14:40:00+00:00,120.22,121.4222,5867.863736223011,-7054.345783687332,-0.007000000000000028,8,v3_short,sl,False,A,True,0.0188019966722129,0.003937881308929578,,0.8318584070796473,0.16814159292035263
NLMK,-1,2023-02-15 13:20:00+00:00,2023-02-15 18:00:00+00:00,120.94,119.1259,5792.099688441783,10507.448044802217,0.010499999999999978,28,v3_short,tp,False,A,True,0.02695551513147019,0.004402025404175222,,0.49693251533742394,0.5030674846625761
NLMK,-1,2023-02-17 13:20:00+00:00,2023-02-17 21:20:00+00:00,118.02,117.08,5997.727079745051,5637.863454960334,0.005575326215895598,48,v3_short,timeout,False,A,True,0.024233180816810706,0.004147803842770815,,0.7972027972027977,0.20279720279720223
NLMK,-1,2023-03-01 13:20:00+00:00,2023-03-01 21:20:00+00:00,126.96,127.94,5606.476483695518,-5494.34695402163,-0.005403276622558308,48,v3_short,timeout,False,A,True,0.018582677165354326,0.0032095988001499664,,0.7711864406779634,0.2288135593220366
NLMK,-1,2023-03-03 13:20:00+00:00,2023-03-03 18:40:00+00:00,126.94,128.54,5577.0616945184165,-8923.298711229434,-0.008823066015440332,32,v3_short,gap_sl,False,A,True,0.017488577280605003,0.0037513035779933525,,0.7387387387387394,0.26126126126126065
NLMK,-1,2023-03-29 21:40:00+00:00,2023-03-30 09:50:00+00:00,132.54,132.3,5294.295325217348,1270.6308780520612,0.0012675418741510977,73,v3_short,timeout,False,A,True,0.012675418741512049,0.003270479762751648,0.00034706503696997306,0.9166666666666582,0.0833333333333418
NLMK,-1,2023-04-18 13:20:00+00:00,2023-04-18 17:20:00+00:00,134.0,135.34,5243.248835962266,-7025.953440189454,-0.0070000000000000175,24,v3_short,sl,False,A,True,0.01910162662289212,0.003375473454566097,,0.8828124999999957,0.11718750000000433
NLMK,-1,2023-05-04 13:20:00+00:00,2023-05-04 17:10:00+00:00,131.66,129.6851,5299.082307540719,10465.157649162118,0.010499999999999952,23,v3_short,tp,False,A,True,0.020969457529250803,0.004348738431704529,,0.9637681159420309,0.03623188405796907
NLMK,-1,2023-05-11 13:20:00+00:00,2023-05-11 14:40:00+00:00,131.66,129.6851,5354.722671769897,10575.041804478322,0.010499999999999954,8,v3_short,tp,False,A,True,0.013673655423883406,0.003942932384135688,,0.6444444444444385,0.3555555555555615
NLMK,-1,2023-05-23 13:20:00+00:00,2023-05-23 17:00:00+00:00,133.74,135.0774,5326.793152597273,-7124.053162283605,-0.007000000000000011,22,v3_short,sl,False,A,True,0.012707430109134527,0.0033815290206379955,,0.9058823529411795,0.09411764705882057
NLMK,-1,2023-05-31 13:20:00+00:00,2023-05-31 17:40:00+00:00,145.5,146.955,4861.982673640968,-7074.1847901476685,-0.00700000000000006,26,v3_short,sl,False,A,True,0.01456844420010998,0.0036715620827770354,,0.8584905660377308,0.1415094339622692
NLMK,1,2023-06-23 21:50:00+00:00,2023-06-23 22:20:00+00:00,172.06,170.3394,4082.6836548974625,-7024.665496616534,-0.00699999999999996,3,v3_long,sl,False,A,True,0.015338136184057554,0.0031776596299686517,0.00042179874506158445,0.2727272727272737,0.7272727272727263
NLMK,-1,2023-06-26 22:40:00+00:00,2023-06-27 09:50:00+00:00,167.68,166.5,4160.0028853412805,4908.8034047027395,0.0049260496183206395,67,v3_short,timeout,False,A,True,0.024212786259542,0.0038825167471568714,-0.0005212309160305315,0.8472906403940876,0.15270935960591236
NLMK,-1,2023-06-30 13:20:00+00:00,2023-06-30 16:00:00+00:00,169.34,171.0334,4139.514858847985,-7009.854461973166,-0.006999999999999988,16,v3_short,sl,False,A,True,0.011458948611931469,0.0037240176637695775,,0.7731958762886607,0.2268041237113393
NLMK,-1,2023-07-12 13:20:00+00:00,2023-07-12 21:20:00+00:00,184.14,184.42,3780.1593791350956,-1058.4446261578312,-0.0010644075160204237,48,v3_short,timeout,False,A,True,0.020095589832717732,0.003377714327095174,,0.8486486486486475,0.15135135135135244
NLMK,-1,2023-08-02 13:20:00+00:00,2023-08-02 21:20:00+00:00,211.68,210.92,3284.8527817253685,2496.4881141113433,0.002513227513227577,48,v3_short,timeout,False,A,True,0.01965973534971643,0.004014762804932938,,0.5240384615384636,0.4759615384615364
NLMK,-1,2023-09-19 13:20:00+00:00,2023-09-19 13:30:00+00:00,192.66,194.5866,3618.214359573881,-6970.851785155067,-0.007000000000000027,1,v3_short,sl,False,A,True,0.023992521811383487,0.0039814430134330545,,0.8181818181818177,0.18181818181818238
NLMK,1,2023-09-21 21:50:00+00:00,2023-09-21 22:30:00+00:00,197.76,200.72639999999998,3500.2304928493904,10383.083733988407,0.010499999999999975,4,v3_long,tp,False,A,True,0.014360841423948239,0.0037253979261607523,0.00016282362459547062,0.09154929577464457,0.9084507042253555
NLMK,1,2023-09-25 22:10:00+00:00,2023-09-26 09:50:00+00:00,202.4,201.9,3455.8979292474673,-1727.9489646237337,-0.0017292490118577075,70,v3_long,timeout,False,A,True,0.0045427612087695825,0.00304933349994156,-0.0002814536835868057,0.32608695652174585,0.6739130434782542
NLMK,-1,2023-09-26 13:20:00+00:00,2023-09-26 13:30:00+00:00,203.34,205.3734,3433.973525152212,-6982.641766044509,-0.007000000000000001,1,v3_short,sl,False,A,True,0.0229172814006098,0.0056578941205674815,,0.6652360515021452,0.3347639484978548
NLMK,-1,2023-12-19 13:20:00+00:00,2023-12-19 17:50:00+00:00,171.26,172.9726,4048.676441482072,-6933.7632736822325,-0.007000000000000037,27,v3_short,sl,False,A,True,0.0199696368095293,0.0039483269659609625,,0.865497076023389,0.134502923976611
NLMK,-1,2023-12-20 13:20:00+00:00,2023-12-20 17:50:00+00:00,175.92,177.67919999999998,3913.8397741964645,-6885.226930766392,-0.0069999999999999715,27,v3_short,sl,False,A,True,0.012391996361982759,0.0038220836310877333,,0.7339449541284354,0.26605504587156453
NLMK,-1,2024-01-12 13:20:00+00:00,2024-01-12 17:10:00+00:00,197.6,199.576,3460.0355983051904,-6837.030342251053,-0.0069999999999999975,23,v3_short,sl,False,A,True,0.022165991902833984,0.004063042220936948,,0.7808219178082171,0.21917808219178286
NLMK,-1,2024-02-08 13:20:00+00:00,2024-02-08 21:20:00+00:00,198.12,196.12,3426.7974610616284,6853.594922123257,0.007066424389259035,48,v3_short,timeout,False,A,True,0.021192854980321005,0.0036811172142689062,,0.8523809523809519,0.1476190476190481
NLMK,-1,2024-02-09 13:20:00+00:00,2024-02-09 21:20:00+00:00,199.16,199.6,3432.9917123469377,-1510.5163534326448,-0.0015464952801767344,48,v3_short,timeout,False,A,True,0.023204419889502784,0.003329267417665205,,0.8658008658008649,0.13419913419913504
NLMK,-1,2024-04-11 13:20:00+00:00,2024-04-11 21:20:00+00:00,227.98,227.0,2994.3734888306576,2934.486019054014,0.00300903588034035,48,v3_short,timeout,False,A,True,0.0114035087719298,0.0030659983291562195,,0.5538461538461542,0.4461538461538458
NLMK,-1,2024-06-07 13:20:00+00:00,2024-06-07 13:30:00+00:00,195.18,197.1318,3508.102306573168,-6847.114081969479,-0.006999999999999968,1,v3_short,sl,False,A,True,0.018239573726816283,0.0031423984697885906,,0.7696629213483167,0.23033707865168332
NLMK,-1,2024-07-04 13:20:00+00:00,2024-07-04 16:20:00+00:00,177.64,174.97539999999998,3827.507477705316,10198.776425093612,0.010500000000000028,18,v3_short,tp,False,A,True,0.014861517676198978,0.0037153794190497597,,0.6212121212121192,0.3787878787878807
NLMK,-1,2024-07-17 13:20:00+00:00,2024-07-17 16:50:00+00:00,165.28,166.93280000000001,4156.931097756159,-6870.575718371435,-0.0070000000000000565,21,v3_short,sl,False,A,True,0.021186440677966104,0.005459471924362965,,0.8114285714285724,0.18857142857142759
NLMK,-1,2024-07-30 13:20:00+00:00,2024-07-30 16:00:00+00:00,165.44,167.0944,4123.840478930597,-6822.481688342819,-0.007000000000000041,16,v3_short,sl,False,A,True,0.02622990450864259,0.005951661457523928,,0.89400921658986,0.10599078341014
NLMK,-1,2024-08-07 23:30:00+00:00,2024-08-08 09:50:00+00:00,161.7,162.0,4189.687270577847,-1256.9061811734016,-0.0012987012987013477,62,v3_short,timeout,False,A,True,0.013732525052579481,0.003019691112867273,0.00027836199430904366,0.7207207207207186,0.2792792792792815
NLMK,-1,2024-08-13 13:20:00+00:00,2024-08-13 21:20:00+00:00,165.06,164.84,4099.070624776545,901.7955374508351,0.0009329940627650501,48,v3_short,timeout,False,A,True,0.0162306201550388,0.0032645810262089477,,0.880597014925376,0.11940298507462402
NLMK,-1,2024-08-20 13:20:00+00:00,2024-08-20 18:00:00+00:00,158.42,156.04369999999997,4274.863364485748,10158.357813027547,0.010500000000000068,28,v3_short,tp,False,A,True,0.02109118464258653,0.0052622716174118124,,0.8443113772455061,0.1556886227544939
NLMK,1,2024-08-23 21:40:00+00:00,2024-08-23 22:20:00+00:00,140.1,140.8,4884.61602191971,3419.23121534388,0.003497501784439771,4,v3_long,opposite_signal,False,A,True,0.004282655246252636,0.0037873821905636,-0.0004154175588865092,1.0,0.0
NLMK,-1,2024-09-04 13:20:00+00:00,2024-09-04 13:50:00+00:00,129.48,130.7748,5303.739315119649,-6867.281665216971,-0.0070000000000000505,3,v3_short,sl,False,A,True,0.021470497374111844,0.004589787722317861,,0.8129496402877662,0.18705035971223383
NLMK,1,2024-09-05 23:20:00+00:00,2024-09-06 09:50:00+00:00,139.16,139.36,4900.266379390919,980.0532758782673,0.0010060362173039087,63,v3_long,timeout,False,A,True,0.012500000000000067,0.005313159746657289,6.609195402298965e-05,0.8045977011494243,0.19540229885057564
NLMK,-1,2024-09-13 13:20:00+00:00,2024-09-13 13:30:00+00:00,140.44,138.33339999999998,4860.489224217851,10239.106599737395,0.010500000000000072,1,v3_short,tp,False,A,True,0.014098547422386712,0.003166917578766056,,0.7171717171717146,0.2828282828282854
NLMK,-1,2024-09-16 22:50:00+00:00,2024-09-17 09:50:00+00:00,152.62,152.1,4519.554981450473,2350.168590354292,0.0023850085178876105,66,v3_short,timeout,False,A,True,0.017559952824007196,0.0032868081054987825,-0.00011400864893198855,0.8656716417910492,0.13432835820895078
NLMK,-1,2024-09-19 13:20:00+00:00,2024-09-19 20:50:00+00:00,152.4,150.114,4536.874011038184,10371.293989233294,0.010500000000000006,45,v3_short,tp,False,A,True,0.02283464566929127,0.004199475065616761,,0.6839080459770122,0.3160919540229878
NLMK,-1,2024-09-26 22:50:00+00:00,2024-09-27 09:50:00+00:00,142.52,142.8,4902.32602494164,-1372.6512869836647,-0.0013752455795677855,66,v3_short,timeout,False,A,True,0.010805500982318214,0.0030701025849576343,-0.0003353915239966301,0.8831168831168965,0.11688311688310346
NLMK,-1,2024-09-27 13:20:00+00:00,2024-09-27 17:50:00+00:00,143.24,144.6724,4870.976327658434,-6977.186491737946,-0.007000000000000006,27,v3_short,sl,False,A,True,0.022765363128491756,0.004495876562915663,,0.8098159509202452,0.19018404907975486
NLMK,1,2024-09-30 22:00:00+00:00,2024-10-01 09:50:00+00:00,142.36,141.84,4866.778720353873,-2530.7249345840637,-0.00255689800505765,71,v3_long,timeout,False,A,True,0.004215259238443324,0.0030539123054027103,-0.00047210903470563633,0.26666666666669825,0.7333333333333018
NLMK,-1,2024-11-13 13:20:00+00:00,2024-11-13 20:00:00+00:00,132.62,130.6307,5210.851388745051,10365.946667630604,0.010500000000000077,40,v3_short,tp,False,A,True,0.020358920223194,0.003626544872209184,,0.8592592592592604,0.14074074074073964
NLMK,-1,2024-12-11 23:10:00+00:00,2024-12-12 09:50:00+00:00,120.18,120.06,5810.61136497512,697.2733637970408,0.0006989515726410648,64,v3_short,timeout,False,A,True,0.008488681757656425,0.0031726405608848004,-3.328894806923439e-06,1.019607843137265,-0.019607843137265008
NLMK,-1,2024-12-13 13:20:00+00:00,2024-12-13 17:40:00+00:00,116.64,117.8064,5991.146820965088,-6988.073651973655,-0.006999999999999976,26,v3_short,sl,False,A,True,0.015260631001371752,0.004605134234763859,,0.7415730337078689,0.25842696629213113
NLMK,-1,2024-12-19 13:20:00+00:00,2024-12-19 21:20:00+00:00,118.98,119.68,5832.204686846414,-4082.5432807925063,-0.004118339216675088,48,v3_short,timeout,False,A,True,0.02588670364767186,0.004298441514780387,,0.7207792207792209,0.2792207792207792
NLMK,-1,2024-12-20 13:20:00+00:00,2024-12-20 13:30:00+00:00,120.1,121.301,5754.021093625575,-6910.57933344436,-0.007000000000000044,1,v3_short,sl,False,A,True,0.014982520392874956,0.004661228566672207,,0.8,0.2
NLMK,-1,2024-12-23 21:40:00+00:00,2024-12-24 09:50:00+00:00,134.54,135.0,5100.494483506917,-2346.2274624132224,-0.0023933402705515507,73,v3_short,timeout,False,A,True,0.014124293785310776,0.004669664475959867,-0.0004044008325899535,0.9684210526315779,0.03157894736842216
NLMK,-1,2024-12-25 22:00:00+00:00,2024-12-26 09:50:00+00:00,135.38,135.58,5056.715678736381,-1011.3431357473625,-0.0010341261633920221,71,v3_short,timeout,False,A,True,0.008716206234303492,0.0034400523394466104,0.00016989215541438998,1.0,0.0
NLMK,-1,2025-01-16 13:20:00+00:00,2025-01-16 21:20:00+00:00,150.02,149.26,4558.527052341741,3464.4805597798113,0.0035461938408213136,48,v3_short,timeout,False,A,True,0.02080000000000003,0.004406349206349196,,0.6282051282051299,0.37179487179487014
NLMK,-1,2025-01-28 10:30:00+00:00,2025-01-28 13:30:00+00:00,141.4,142.814,4853.574008374497,-6862.953647841477,-0.006999999999999936,18,v3_short,sl,False,A,True,0.015841584158415904,0.003323903818953297,-9.759547383309727e-05,0.7767857142857152,0.2232142857142848
NLMK,-1,2025-01-29 12:50:00+00:00,2025-01-29 20:50:00+00:00,145.92,144.52,4670.30768387243,6538.430757421296,0.006716008771929717,48,v3_short,timeout,False,A,True,0.015487938596491167,0.003670199805068205,,0.9115044247787532,0.08849557522124683
NLMK,-1,2025-02-12 12:00:00+00:00,2025-02-12 14:10:00+00:00,144.12,145.5612,4760.395495148902,-6860.681987608641,-0.0070000000000000435,13,v3_short,sl,False,A,True,0.01498543083113657,0.003066015567302409,,0.6851851851851857,0.3148148148148143
NLMK,-1,2025-02-12 19:50:00+00:00,2025-02-12 20:00:00+00:00,145.34,146.7934,4687.393156526309,-6812.657213695281,-0.006999999999999942,1,v3_short,sl,False,A,True,0.01651300399064267,0.0030301923989631647,9.357368928030526e-05,0.8916666666666707,0.10833333333332928
NLMK,-1,2025-02-17 22:20:00+00:00,2025-02-18 06:50:00+00:00,156.26,156.92,4329.3028370660895,-2857.3398724636045,-0.002956610776910263,51,v3_short,timeout,False,A,True,0.016126967874055945,0.0036255638822788763,0.0003186996032253948,0.9761904761904752,0.023809523809524884
NLMK,-1,2025-02-19 10:20:00+00:00,2025-02-19 11:40:00+00:00,155.32,152.9902,4342.626341805451,10117.450851138366,0.010500000000000028,8,v3_short,tp,False,A,True,0.016095802214782386,0.003666777037881839,0.00014808138037599502,0.6480000000000018,0.3519999999999982
NLMK,1,2025-02-20 20:30:00+00:00,2025-02-21 06:50:00+00:00,157.02,157.6,4340.714170201371,2517.6142187167266,0.0025856578779772568,62,v3_long,timeout,False,A,True,0.018848700967906317,0.003222888747959709,0.0002024961793173682,0.14189189189189688,0.8581081081081031
NLMK,1,2025-02-21 20:20:00+00:00,2025-02-21 20:50:00+00:00,159.9,160.72,4273.553902177117,3504.314199785207,0.00358974358974356,3,v3_long,opposite_signal,False,A,True,0.01137926722520941,0.004210762709485423,6.002250844066752e-05,0.24175824175824143,0.7582417582417585
NLMK,-1,2025-02-21 21:10:00+00:00,2025-02-21 23:50:00+00:00,160.94,160.4,4261.179873853429,2301.037131880818,0.002348701379396014,16,v3_short,weekend_exit,False,A,True,0.009198259788688563,0.004010603619943921,3.853325046612831e-05,0.7702702702702664,0.22972972972973363
NLMK,-1,2025-02-27 10:20:00+00:00,2025-02-27 11:10:00+00:00,157.12,155.68,4375.031917580749,6300.045961316268,0.006415478615071271,5,v3_short,opposite_signal,False,A,True,0.022782232404225614,0.004612205070395237,-0.0001756395570828555,0.6703910614525133,0.3296089385474868
NLMK,1,2025-03-03 19:20:00+00:00,2025-03-03 20:40:00+00:00,154.12,155.58,4488.807728154742,6553.659283105959,0.006631196470282932,8,v3_long,opposite_signal,False,A,True,0.014272739068379323,0.004128237515325314,7.78513040093451e-06,0.027272727272728448,0.9727272727272716
NLMK,-1,2025-03-03 21:00:00+00:00,2025-03-03 21:20:00+00:00,155.66,154.86,4473.8700280186495,3579.0960224148434,0.0035975844789925995,2,v3_short,opposite_signal,False,A,True,0.010792753436978074,0.0037260696389566873,6.55274315816548e-05,0.9523809523809451,0.04761904761905487
NLMK,-1,2025-03-05 10:40:00+00:00,2025-03-05 12:30:00+00:00,162.46,164.08460000000002,4302.0311201346385,-6989.079757770799,-0.007000000000000065,11,v3_short,sl,False,A,True,0.011695186507448021,0.00431945790000482,-0.0002080512126061797,0.9473684210526347,0.052631578947365275
NLMK,-1,2025-03-06 10:50:00+00:00,2025-03-06 11:30:00+00:00,160.06,159.5,4335.971635303223,2428.1441157698146,0.002449081594402109,4,v3_short,opposite_signal,False,A,True,0.007620237351655209,0.003065792213200084,0.0001299188007495341,0.6721311475409787,0.32786885245902136
NLMK,-1,2025-03-25 20:40:00+00:00,2025-03-26 06:50:00+00:00,153.68,154.58,4527.038787270124,-4074.3349085431373,-0.004099427381572123,61,v3_short,timeout,False,A,True,0.021343050494534103,0.0031021258060746327,-0.0003969286829776099,0.9634146341463401,0.03658536585365991
NLMK,-1,2025-03-28 10:20:00+00:00,2025-03-28 10:50:00+00:00,142.8,144.228,4851.983798261152,-6928.632863916911,-0.006999999999999986,3,v3_short,sl,False,A,True,0.018067226890756388,0.004161664665866352,-9.80392156862729e-05,0.6976744186046522,0.3023255813953478
NLMK,-1,2025-03-31 20:20:00+00:00,2025-04-01 06:50:00+00:00,144.06,144.46,4775.879795827785,-1910.351918331141,-0.0019436345966958486,63,v3_short,timeout,False,A,True,0.010409437890353921,0.003359345125975434,4.163775156145671e-06,0.839999999999994,0.16000000000000605
NLMK,-1,2025-04-02 10:20:00+00:00,2025-04-02 10:40:00+00:00,140.94,142.3494,4872.115772982254,-6866.759970441214,-0.007000000000000025,2,v3_short,sl,False,A,True,0.015618344455487636,0.003935011460213774,3.549623739883572e-05,0.7454545454545431,0.2545454545454569
NLMK,-1,2025-04-02 19:50:00+00:00,2025-04-02 21:30:00+00:00,142.34,143.76340000000002,4790.426198291486,-6818.692650648173,-0.007000000000000075,10,v3_short,sl,False,A,True,0.015028089887640553,0.0040587021325383995,0.00014606741573033993,0.5514018691588779,0.4485981308411221
NLMK,-1,2025-04-04 11:00:00+00:00,2025-04-04 12:30:00+00:00,137.54,135.4769,4922.903738616812,10156.442703140303,0.010499999999999957,9,v3_short,tp,False,A,True,0.011327330816148723,0.004263723496950336,7.261109497532873e-06,0.4871794871794806,0.5128205128205193
NLMK,-1,2025-04-15 10:20:00+00:00,2025-04-15 11:30:00+00:00,132.2,131.02,5175.534720889218,6107.130970649166,0.006248108925869781,7,v3_short,opposite_signal,False,A,True,0.014826021180030319,0.00361645414595491,7.715582450831936e-05,0.8469387755101989,0.15306122448980108
NLMK,-1,2025-04-15 12:40:00+00:00,2025-04-15 12:50:00+00:00,131.84,131.04,5222.092549916633,4177.674039933366,0.00424757281553404,1,v3_short,opposite_signal,False,A,True,0.013040181956027285,0.003539477959493135,,0.6162790697674436,0.38372093023255643
NLMK,-1,2025-04-16 12:40:00+00:00,2025-04-16 13:10:00+00:00,129.88,131.1788,5323.414333299679,-6914.050536089623,-0.007,3,v3_short,sl,False,A,True,0.014934565050038474,0.0032816452215990418,,0.8556701030927828,0.14432989690721726
NLMK,1,2025-04-16 21:10:00+00:00,2025-04-17 06:50:00+00:00,131.82,131.62,5208.353954132147,-1041.6707908263702,-0.001062054316492126,58,v3_long,timeout,False,A,True,0.013197815533980651,0.0031578165246681114,0.0004899878640776727,0.14942528735631583,0.8505747126436841
NLMK,-1,2025-04-17 20:50:00+00:00,2025-04-17 23:40:00+00:00,132.78,134.1078,5165.205969875893,-6858.360486801192,-0.006999999999999979,17,v3_short,sl,False,A,True,0.009640006025003775,0.0030370937349182506,-8.585630366018876e-05,0.9218750000000046,0.07812499999999549
NLMK,-1,2025-04-18 10:30:00+00:00,2025-04-18 10:50:00+00:00,133.06,132.36,5118.256398161433,3582.779478712945,0.003682549225913062,2,v3_short,opposite_signal,False,A,True,0.010075187969924624,0.003164730006835257,-0.00018345864661654119,0.7313432835820955,0.26865671641790445
NLMK,-1,2025-04-18 19:50:00+00:00,2025-04-18 23:50:00+00:00,130.86,130.84,5223.468913147328,104.469378263,0.0001069845636558701,24,v3_short,weekend_exit,False,A,True,0.006724744001222646,0.00367739943295061,-0.0002674614091395341,0.38636363636364224,0.6136363636363578
NLMK,-1,2025-04-23 19:40:00+00:00,2025-04-24 06:50:00+00:00,132.58,133.0,5156.254869054484,-2165.6270450028187,-0.0022175290390706835,67,v3_short,timeout,False,A,True,0.009960760639903359,0.0039300960347918145,-0.0002641110775731965,0.6515151515151653,0.3484848484848348
NLMK,-1,2025-04-25 20:10:00+00:00,2025-04-25 23:50:00+00:00,135.3,135.76,5041.391955711319,-2319.040299627103,-0.002379896526237883,22,v3_short,weekend_exit,False,A,True,0.008131283264340585,0.0035029387272354066,6.357185097575501e-05,0.8727272727272845,0.12727272727271552
NLMK,-1,2025-04-30 10:40:00+00:00,2025-04-30 11:20:00+00:00,129.16,128.74,5268.480980164157,2212.76201166888,0.0022762465159491423,4,v3_short,opposite_signal,False,A,True,0.01795943644527011,0.004631218993383007,-0.00029106672859575717,0.7586206896551707,0.2413793103448293
NLMK,1,2025-04-30 19:20:00+00:00,2025-04-30 22:30:00+00:00,128.8,130.38,5295.232428619338,8366.46723721847,0.008586956521739044,19,v3_long,opposite_signal,False,A,True,0.017083398043174537,0.0039776743124645495,0.00017704612517471444,0.09090909090909796,0.9090909090909021
NLMK,-1,2025-04-30 22:50:00+00:00,2025-05-02 06:50:00+00:00,130.72,130.28,5262.258750552507,2315.393850243091,0.0023561811505507834,192,v3_short,timeout,False,A,True,0.015601101254206119,0.003296271093325681,5.9651269501374486e-05,0.9705882352941164,0.02941176470588358
NLMK,-1,2025-05-05 21:50:00+00:00,2025-05-06 06:50:00+00:00,123.6,122.9,5578.505174493478,3904.9536221453714,0.0039644012944983174,54,v3_short,timeout,False,A,True,0.012137886389383396,0.003200438615323141,-0.00038193882505259744,0.8666666666666648,0.13333333333333522
NLMK,-1,2025-05-15 20:30:00+00:00,2025-05-16 06:50:00+00:00,126.68,126.58,5464.451429609217,546.4451429609683,0.0005525734133249603,62,v3_short,timeout,False,A,True,0.013893274392169285,0.003434654569121619,0.00022734449005367818,0.5909090909090927,0.40909090909090723
NLMK,-1,2025-05-23 13:10:00+00:00,2025-05-23 21:10:00+00:00,117.6,116.74,5889.619206657894,5065.0725177257855,0.005119047619047616,48,v3_short,timeout,False,A,True,0.018024145553477217,0.0031188752360411277,,0.6981132075471682,0.30188679245283184
NLMK,-1,2025-05-27 19:20:00+00:00,2025-05-28 06:50:00+00:00,114.74,114.62,6067.32411944724,728.0788943336102,0.0007320899424785883,69,v3_short,timeout,False,A,True,0.019177126917712718,0.003042011783793017,5.05578800557891e-05,0.9272727272727225,0.07272727272727754
NLMK,1,2025-05-30 20:10:00+00:00,2025-05-30 23:50:00+00:00,116.98,117.18,5955.50029655847,1191.100059311711,0.00119678577534623,22,v3_long,weekend_exit,False,A,True,0.007522653445033421,0.0032414401903691913,0.00010429133185159603,0.11363636363637208,0.8863636363636279
NLMK,-1,2025-06-03 19:20:00+00:00,2025-06-04 06:50:00+00:00,118.92,120.48,5865.356497922368,-9149.956136758909,-0.00918264379414734,69,v3_short,gap_sl,False,A,True,0.012613521695257316,0.002986058197244585,-3.0272452068618706e-05,0.9866666666666694,0.01333333333333068
NLMK,-1,2025-06-04 10:20:00+00:00,2025-06-04 11:50:00+00:00,121.48,120.06,5689.028856084926,8078.420975640604,0.00818241685874219,9,v3_short,opposite_signal,False,A,True,0.019423868312757196,0.003221634332745432,0.0001975308641975313,0.7966101694915297,0.2033898305084703
NLMK,-1,2025-06-05 10:20:00+00:00,2025-06-05 11:00:00+00:00,120.36,119.4,5788.950815222211,5557.392782613286,0.005583250249252207,4,v3_short,opposite_signal,False,A,True,0.022262834357866693,0.004050664957792391,1.6614055490953842e-06,0.8582089552238819,0.1417910447761181
NLMK,1,2025-06-05 19:40:00+00:00,2025-06-06 06:50:00+00:00,119.74,120.24,5851.413855586893,2925.7069277934465,0.0029229998329714383,67,v3_long,timeout,False,A,True,0.017201068804275237,0.003326380652461387,0.00018871075484302096,0.15533980582523924,0.8446601941747608
NLMK,1,2025-06-18 19:30:00+00:00,2025-06-19 06:50:00+00:00,112.32,112.66,6256.199162370282,2127.107715205917,0.00211894586894589,68,v3_long,timeout,False,A,True,0.014066951566951553,0.003404994476423055,0.00011396011396011406,0.08860759493670033,0.9113924050632997
NLMK,-1,2025-06-27 20:30:00+00:00,2025-06-27 23:50:00+00:00,109.9,110.14,6407.509238563004,-1537.8022172550882,-0.0015286624203821333,20,v3_short,weekend_exit,False,A,True,0.011828935395814479,0.0030083006815101137,-0.00014922656960873396,1.0,0.0
NLMK,-1,2025-07-01 11:00:00+00:00,2025-07-01 11:20:00+00:00,114.26,114.0,6153.586589935196,1599.9325133831824,0.0015928583931384874,2,v3_short,opposite_signal,False,A,True,0.013662637940094606,0.004126817306008053,0.00023822035382729012,0.6153846153846196,0.3846153846153804
NLMK,-1,2025-07-04 10:20:00+00:00,2025-07-04 11:00:00+00:00,114.76,114.14,6136.534999349631,3804.651699596799,0.003781805507145374,4,v3_short,opposite_signal,False,A,True,0.014818688981868923,0.003088264594540756,-1.3947001394697365e-05,0.6235294117647062,0.37647058823529383
NLMK,-1,2025-07-15 11:30:00+00:00,2025-07-15 12:20:00+00:00,110.42,111.52420000000001,6401.847606548465,-7068.920127150852,-0.007000000000000037,5,v3_short,sl,False,A,True,0.010505343234921178,0.0031503092089942186,,0.6551724137931098,0.3448275862068902
NLMK,-1,2025-07-18 18:40:00+00:00,2025-07-18 23:10:00+00:00,112.56,113.68560000000001,6236.174205988592,-7019.437686260794,-0.007000000000000035,27,v3_short,sl,False,A,True,0.011553501599715582,0.0034233913970849635,0.000225737646640594,0.9692307692307753,0.030769230769224713
NLMK,-1,2025-08-22 12:30:00+00:00,2025-08-22 20:30:00+00:00,121.54,121.66,5734.985702202513,-688.1982842642461,-0.0006911304920190328,48,v3_short,timeout,False,A,True,0.012341615928912291,0.0030878239069200074,,0.7733333333333405,0.22666666666665947
NLMK,-1,2025-09-24 11:30:00+00:00,2025-09-24 16:20:00+00:00,108.04,109.1204,6447.134611687416,-6965.484234467067,-0.006999999999999983,29,v3_short,sl,False,A,True,0.01684249491023499,0.003219111075857331,,0.8901098901098959,0.10989010989010406
NLMK,1,2025-10-15 19:50:00+00:00,2025-10-16 06:50:00+00:00,97.0,97.28,7130.645200851356,1996.5806562383877,0.002020618556701039,66,v3_long,timeout,False,A,True,0.012788778877887883,0.003338216474708689,3.919141914191373e-05,0.03225806451613384,0.9677419354838661
NLMK,-1,2025-10-17 11:30:00+00:00,2025-10-17 12:00:00+00:00,104.72,104.16,6618.317331378423,3706.2577055719316,0.003743315508021406,3,v3_short,opposite_signal,False,A,True,0.012034383954154777,0.004618638286260074,,0.7777777777777778,0.2222222222222222
NLMK,1,2025-10-24 21:10:00+00:00,2025-10-24 23:50:00+00:00,97.1,97.18,7164.413710976815,573.1530968782348,0.0005767250257467431,16,v3_long,weekend_exit,False,A,True,0.00926879505664255,0.003509951869522263,-0.0003934088568486119,0.2222222222222117,0.7777777777777883
MTSS,-1,2022-01-14 10:20:00+00:00,2022-01-14 12:30:00+00:00,292.25,287.86625,2395.2095808383233,10500.00000000005,0.01050000000000005,13,v3_short,tp,False,A,True,0.01266255989048593,0.003023043577458345,-4.96235455167709e-05,0.8783783783783811,0.12162162162161892
MTSS,-1,2022-01-14 22:40:00+00:00,2022-01-14 23:50:00+00:00,289.55,289.65,2442.928682438266,-244.2928682437433,-0.00024175444655491666,7,v3_short,weekend_exit,False,A,True,0.015188125647221185,0.0046318147555881135,-2.588885053504017e-05,0.9204545454545527,0.0795454545454472
MTSS,1,2022-01-20 19:40:00+00:00,2022-01-21 06:50:00+00:00,276.9,274.2,2553.9147525902113,-6895.569831993542,-0.006825568797399756,67,v3_long,timeout,False,A,True,0.016793066088840656,0.0045474311067872355,0.00012459371614300947,0.19354838709677025,0.8064516129032298
MTSS,1,2022-01-21 19:50:00+00:00,2022-01-21 23:50:00+00:00,274.25,273.45,2560.9921462528127,-2048.793717002279,-0.002041932543299938,24,v3_long,weekend_exit,False,A,True,0.01257976298997261,0.004081632653061218,8.933454876936852e-05,0.20289855072463506,0.797101449275365
MTSS,-1,2022-01-24 22:00:00+00:00,2022-01-24 23:10:00+00:00,269.0,271.69,2605.642901516477,-7009.179405079318,-0.006999999999999995,7,v3_short,sl,False,A,True,0.01784386617100376,0.005375161216903115,-0.0002788104089219331,0.8333333333333314,0.16666666666666863
MTSS,1,2022-01-25 20:10:00+00:00,2022-01-25 21:50:00+00:00,274.9,279.02349999999996,2531.8716439591735,10440.172723865599,0.010499999999999947,10,v3_long,tp,False,A,True,0.014550745725718444,0.004302120993905014,8.366678792288354e-05,0.8249999999999886,0.17500000000001137
MTSS,-1,2022-01-26 11:20:00+00:00,2022-01-26 12:00:00+00:00,279.05,281.8405,2520.407223906406,-7033.196358310848,-0.007000000000000021,4,v3_short,sl,False,A,True,0.012005017022038938,0.004220669334448244,-8.06307113420534e-05,0.8208955223880681,0.17910447761193193
MTSS,-1,2022-02-14 20:30:00+00:00,2022-02-14 21:50:00+00:00,284.4,280.13399999999996,2455.683538608527,10475.945975704026,0.01050000000000005,8,v3_short,tp,False,A,True,0.01600140671707387,0.004668721717630223,0.00014418850008792063,0.8901098901098891,0.10989010989011098
MTSS,-1,2022-02-15 19:20:00+00:00,2022-02-16 06:50:00+00:00,285.35,287.0,2473.2068006422214,-4080.791221059609,-0.00404766076747848,69,v3_short,timeout,False,A,True,0.006651496586731935,0.0038651553742449006,0.00019779450376334598,0.6578947368421131,0.34210526315788686
MTSS,-1,2022-02-16 11:30:00+00:00,2022-02-16 19:30:00+00:00,290.8,288.75,2417.032347690908,4954.916312766389,0.004934662998624511,48,v3_short,timeout,False,A,True,0.01565456734904509,0.0034282765230640587,,0.8131868131868188,0.18681318681318118
MTSS,-1,2022-02-17 10:30:00+00:00,2022-02-17 18:30:00+00:00,284.95,284.3,2478.8259278029573,1611.2368530718659,0.0015967713633970315,48,v3_short,timeout,False,A,True,0.00982800982800987,0.0038025038025038126,-0.0002228852228852197,0.6785714285714177,0.3214285714285823
MTSS,-1,2022-09-28 22:10:00+00:00,2022-09-29 09:50:00+00:00,186.45,187.0,3794.4184174020006,-2086.9301295711434,-0.002064896755162285,70,v3_short,timeout,False,A,True,0.009115281501340422,0.003496197406576561,-9.115281501340422e-05,0.6764705882352853,0.3235294117647147
MTSS,-1,2023-02-01 13:20:00+00:00,2023-02-01 21:20:00+00:00,251.6,251.4,2806.0749715178977,561.2149943035477,0.0005564387917328777,48,v3_short,timeout,False,A,True,0.017100815271425665,0.0029921692280013984,,0.8023255813953494,0.19767441860465063
MTSS,-1,2023-02-17 13:20:00+00:00,2023-02-17 18:10:00+00:00,248.0,250.48,2848.392392459337,-7064.013133299126,-0.006999999999999971,29,v3_short,sl,False,A,True,0.016129032258064516,0.0036770353302611487,,0.8999999999999986,0.10000000000000142
MTSS,-1,2023-02-21 13:20:00+00:00,2023-02-21 21:20:00+00:00,250.7,251.0,2797.9916399545523,-839.3974919863975,-0.0008376545672118388,48,v3_short,timeout,False,A,True,0.022337455125648165,0.0038843618819685705,,0.7053571428571416,0.2946428571428585
MTSS,-1,2023-03-21 13:20:00+00:00,2023-03-21 21:20:00+00:00,255.0,254.05,2748.5055917341792,2611.080312147439,0.0026078431372548705,48,v3_short,timeout,False,A,True,0.02254018032144257,0.004293367680274765,,0.782608695652174,0.21739130434782608
MTSS,-1,2023-05-03 13:20:00+00:00,2023-05-03 19:10:00+00:00,269.6,265.55600000000004,2606.4416992237348,10540.450231660738,0.010499999999999954,35,v3_short,tp,False,A,True,0.019666048237476853,0.003692905733722036,,0.6886792452830238,0.3113207547169762
MTSS,-1,2023-05-12 13:20:00+00:00,2023-05-12 21:20:00+00:00,274.3,275.15,2588.6802671268,-2200.3782270576917,-0.0021691578563615603,48,v3_short,timeout,False,A,True,0.018592781625957063,0.003984167491276503,,0.8431372549019592,0.15686274509804074
MTSS,-1,2023-11-16 13:20:00+00:00,2023-11-16 15:40:00+00:00,278.75,274.56875,2541.828636821313,10628.020987709056,0.010499999999999942,14,v3_short,tp,False,A,True,0.012378902045209863,0.003015702154561139,,0.7681159420289815,0.23188405797101855
MTSS,-1,2024-02-21 13:20:00+00:00,2024-02-21 21:20:00+00:00,278.85,277.65,2567.5967265746363,3081.1160718896804,0.0030123722431415877,48,v3_short,timeout,False,A,True,0.025999641384256766,0.004303388918773532,,0.8275862068965517,0.1724137931034483
MTSS,-1,2024-07-10 13:20:00+00:00,2024-07-10 16:00:00+00:00,278.75,274.56875,2576.25516934766,10771.966926834844,0.010499999999999943,16,v3_short,tp,False,A,True,0.023314203730272594,0.004833640773382516,,0.6538461538461539,0.34615384615384615
MTSS,-1,2024-09-03 23:10:00+00:00,2024-09-04 09:50:00+00:00,188.35,189.3,3852.7820828481263,-3660.1429787057855,-0.003530661003451085,64,v3_short,timeout,False,A,True,0.015662330767188686,0.004377434541642505,-0.0002256437483408548,0.8813559322033913,0.1186440677966087
MTSS,-1,2024-09-04 13:20:00+00:00,2024-09-04 19:00:00+00:00,190.25,192.1525,3800.8378723750357,-7231.094052193518,-0.007000000000000012,34,v3_short,sl,False,A,True,0.016819973718791004,0.0037669732807709116,,0.8437499999999994,0.15625000000000056
MTSS,-1,2024-09-13 13:20:00+00:00,2024-09-13 13:30:00+00:00,194.7,191.77949999999998,3687.9693856333593,10770.71459074224,0.010500000000000015,1,v3_short,tp,False,A,True,0.0161787365177196,0.0031183505759776946,,0.6984126984126935,0.30158730158730646
MTSS,-1,2024-09-24 13:20:00+00:00,2024-09-24 17:40:00+00:00,206.5,208.565,3513.739174800652,-7255.871395963339,-0.006999999999999993,26,v3_short,sl,False,A,True,0.016464891041162118,0.0032399400438141383,,0.7205882352941191,0.27941176470588086
MTSS,-1,2024-09-25 13:20:00+00:00,2024-09-25 16:50:00+00:00,209.4,206.25900000000001,3440.821535908119,10807.620444287371,0.010499999999999968,21,v3_short,tp,False,A,True,0.03008595988538674,0.005639696184108775,,0.8095238095238109,0.1904761904761892
MTSS,1,2024-10-23 13:20:00+00:00,2024-10-23 21:20:00+00:00,198.0,197.95,3677.1382016674825,-183.85691008341593,-0.00017676767676771696,48,v3_long,timeout,False,A,True,0.018434343434343463,0.0030062530062530063,,0.2465753424657546,0.7534246575342454
MTSS,-1,2024-10-30 13:20:00+00:00,2024-10-30 19:50:00+00:00,189.6,186.756,3839.3705912083497,10919.169961396523,0.010499999999999978,39,v3_short,tp,False,A,True,0.01871869232797249,0.003038178097497917,,0.7605633802816906,0.2394366197183094
MTSS,-1,2024-10-31 13:20:00+00:00,2024-10-31 19:40:00+00:00,184.6,181.831,3984.767513900762,11033.821245991232,0.010500000000000021,38,v3_short,tp,False,A,True,0.01597617113457887,0.004358309801039283,,0.7966101694915265,0.20338983050847342
MTSS,-1,2024-11-26 22:20:00+00:00,2024-11-27 09:50:00+00:00,170.35,170.05,4363.438555551949,1309.0315666655104,0.0012327560904020433,69,v3_short,timeout,False,A,True,0.01115023474178407,0.004766695410558581,-0.0005252347417840368,0.9210526315789446,0.07894736842105539
MTSS,-1,2024-12-05 13:20:00+00:00,2024-12-05 14:50:00+00:00,167.6,165.08599999999998,4440.5016708528665,11163.421200524152,0.010500000000000044,9,v3_short,tp,False,A,True,0.0214477211796248,0.0050640452785224895,,0.805555555555552,0.19444444444444794
MTSS,-1,2024-12-13 13:20:00+00:00,2024-12-13 18:30:00+00:00,169.45,171.1445,4438.137945560975,-7520.424748753094,-0.00700000000000002,31,v3_short,sl,False,A,True,0.012097964001180357,0.0031193356658095425,,0.8292682926829167,0.17073170731708331
MTSS,1,2025-01-23 13:20:00+00:00,2025-01-23 21:20:00+00:00,220.5,221.1,3386.7491045404986,2032.04946272428,0.0019047619047618868,48,v3_long,timeout,False,A,True,0.026071185672183177,0.003098314819013072,,0.23478260869565118,0.7652173913043488
MTSS,-1,2025-02-14 19:40:00+00:00,2025-02-14 23:50:00+00:00,251.65,251.45,2973.1794642363875,594.6358928473283,0.0005563282336579056,25,v3_short,weekend_exit,False,A,True,0.013709517186568602,0.004407644241881116,-0.00027021657063381726,0.7681159420289897,0.2318840579710103
MTSS,-1,2025-02-19 12:50:00+00:00,2025-02-19 14:00:00+00:00,246.9,249.369,3032.065035642284,-7486.168573000781,-0.006999999999999982,7,v3_short,sl,False,A,True,0.016191054442420562,0.0031595043738334404,,0.8500000000000014,0.14999999999999858
MTSS,-1,2025-02-27 10:20:00+00:00,2025-02-27 11:30:00+00:00,248.85,246.85,2987.247495676028,5974.494991352056,0.005625879043600563,7,v3_short,opposite_signal,False,A,True,0.01766713511343106,0.0035468112159539496,-6.424412768520468e-05,0.8522727272727262,0.14772727272727382
MTSS,-1,2025-03-03 22:30:00+00:00,2025-03-04 06:50:00+00:00,239.5,239.6,3121.3306296155574,-312.133062961538,-0.00029227557411271824,50,v3_short,timeout,False,A,True,0.014196242171190003,0.0037322653487282162,-0.00018789144050104382,1.0,0.0
MTSS,-1,2025-03-05 12:00:00+00:00,2025-03-05 12:50:00+00:00,247.85,250.3285,3015.2922842398752,-7473.401926488521,-0.0069999999999999915,5,v3_short,sl,False,A,True,0.011695906432748562,0.003935496880874783,,0.913793103448276,0.08620689655172396
MTSS,1,2025-03-05 19:50:00+00:00,2025-03-05 22:30:00+00:00,247.35,244.8765,3000.23776551571,-7421.088113003113,-0.007000000000000004,16,v3_long,sl,False,A,True,0.013947847180109111,0.003444676839808079,0.0001677784515868217,0.10144927536231753,0.8985507246376825
MTSS,-1,2025-03-25 19:20:00+00:00,2025-03-26 06:50:00+00:00,237.55,239.15,3102.142915685997,-4963.428665097578,-0.004714796884866327,69,v3_short,timeout,False,A,True,0.0155756682803621,0.003509465246843838,-0.00013260366238686497,0.9054054054054074,0.09459459459459263
MTSS,-1,2025-03-28 11:10:00+00:00,2025-03-28 11:20:00+00:00,230.8,229.9,3177.8147727714054,2860.033295494283,0.00272963604852688,1,v3_short,opposite_signal,False,A,True,0.01494153313122559,0.003839490955125412,-6.712862711130409e-05,0.6521739130434804,0.34782608695651956
MTSS,-1,2025-03-31 20:10:00+00:00,2025-04-01 06:50:00+00:00,227.95,227.2,3226.328900471535,2419.746675353651,0.002303136652774731,64,v3_short,timeout,False,A,True,0.007680491551459293,0.0030094987303677205,0.00028527540048277377,0.7714285714285681,0.2285714285714318
MTSS,-1,2025-04-02 10:30:00+00:00,2025-04-02 10:40:00+00:00,222.0,220.75,3320.4301600686213,4150.537700085777,0.003941441441441441,1,v3_short,opposite_signal,False,A,True,0.01217312894499544,0.004129436839085166,4.0577096483317275e-05,0.7777777777777789,0.22222222222222104
MTSS,-1,2025-04-02 13:10:00+00:00,2025-04-02 21:10:00+00:00,221.65,222.95,3338.781285473918,-4340.415671116037,-0.004105571847507278,48,v3_short,timeout,False,A,True,0.018263810597519654,0.004384975968670266,,0.7654320987654339,0.23456790123456608
MTSS,-1,2025-04-03 22:00:00+00:00,2025-04-04 06:50:00+00:00,218.85,220.55,3367.6151745739676,-5724.945796775803,-0.005437514279186712,53,v3_short,timeout,False,A,True,0.013708019191226868,0.00358553291090255,-0.0003175691112634219,0.9833333333333295,0.016666666666670455
MTSS,-1,2025-04-04 10:40:00+00:00,2025-04-04 13:50:00+00:00,220.05,216.74925000000002,3331.038940685161,10994.926783466524,0.010499999999999978,19,v3_short,tp,False,A,True,0.008632439800090893,0.003358157359303072,9.08677873693982e-06,0.6052631578947381,0.394736842105262
MTSS,1,2025-04-08 12:50:00+00:00,2025-04-08 13:50:00+00:00,206.8,209.902,3581.6806946141023,11110.373514692857,0.010499999999999916,6,v3_long,tp,False,A,True,0.019830713422007228,0.004615074566706965,,0.2317073170731752,0.7682926829268247
MTSS,-1,2025-04-09 10:20:00+00:00,2025-04-09 10:30:00+00:00,204.5,206.54500000000002,3659.9942743593224,-7484.688291064873,-0.007000000000000056,1,v3_short,sl,False,A,True,0.02444987775061125,0.004040051228315298,2.6894865525672926e-05,0.8,0.2
MTSS,-1,2025-04-10 13:10:00+00:00,2025-04-10 19:10:00+00:00,218.85,215.56725,3396.0682993042537,11148.443209541016,0.010499999999999978,36,v3_short,tp,False,A,True,0.02352672453174968,0.0044901541198817075,,0.8932038834951436,0.10679611650485646
MTSS,-1,2025-04-11 19:30:00+00:00,2025-04-11 23:50:00+00:00,220.0,219.8,3413.78844340643,682.7576886812471,0.0006363636363636002,26,v3_short,weekend_exit,False,A,True,0.013636363636363636,0.003710575139146562,-0.00019090909090909038,0.8333333333333334,0.16666666666666666
MTSS,-1,2025-04-16 11:40:00+00:00,2025-04-16 13:50:00+00:00,214.15,216.2915,3509.275684947427,-7515.113879314942,-0.007000000000000024,13,v3_short,sl,False,A,True,0.017281644091545954,0.0032614472772954954,,0.71621621621622,0.28378378378378005
MTSS,1,2025-04-16 20:50:00+00:00,2025-04-17 06:50:00+00:00,216.1,215.9,3453.266118537581,-690.653223707477,-0.0006478482184173627,60,v3_long,timeout,False,A,True,0.018505667360629193,0.0032148876205582815,0.000388619014573212,0.10000000000000142,0.8999999999999986
MTSS,-1,2025-04-23 11:40:00+00:00,2025-04-23 19:10:00+00:00,216.0,215.85,3452.626624811925,517.8939937218083,0.0004861111111111295,45,v3_short,opposite_signal,False,A,True,0.016203703703703703,0.0033365261813537547,,0.8285714285714302,0.1714285714285698
MTSS,-1,2025-04-23 19:50:00+00:00,2025-04-24 06:50:00+00:00,216.6,216.3,3444.736273107023,1033.4208819320481,0.0009695290858725211,66,v3_short,timeout,False,A,True,0.00900277008310244,0.0030762997719863522,0.00010849492151431316,0.7948717948717907,0.20512820512820923
MTSS,-1,2025-06-04 19:50:00+00:00,2025-06-05 06:50:00+00:00,228.05,226.3,3274.9540511832215,5731.169589570638,0.0053716290287217725,66,v3_short,timeout,False,A,True,0.024352786309785043,0.003031225653929852,-0.00041246160596752863,0.9369369369369381,0.0630630630630619
MTSS,-1,2025-07-07 19:50:00+00:00,2025-07-08 06:50:00+00:00,194.9,193.7,3852.565880374721,4623.079056449731,0.0043099025141098615,66,v3_short,timeout,False,A,True,0.00794871794871786,0.003291470434327579,0.00022820512820513055,0.8064516129032346,0.19354838709676533
MTSS,-1,2025-07-09 11:00:00+00:00,2025-07-09 11:30:00+00:00,198.45,196.9,3799.955885233298,5889.931622111547,0.005467372134038741,3,v3_short,opposite_signal,False,A,True,0.010576680936791712,0.003666582724754473,0.00022160664819945053,0.785714285714277,0.214285714285723
MTSS,-1,2025-08-25 18:40:00+00:00,2025-08-26 06:50:00+00:00,220.2,220.3,3443.3433131699635,-344.33433131707466,-0.0003178928247048861,73,v3_short,timeout,False,A,True,0.008407180186321264,0.0030720290842990057,-0.0004453533287889095,0.9189189189189156,0.0810810810810844
MTSS,-1,2025-10-21 10:30:00+00:00,2025-10-21 14:00:00+00:00,209.9,211.999,3611.163237389728,-7579.831635281001,-0.006999999999999964,21,v3_short,sl,False,A,True,0.011439466158245839,0.003607331657855949,-0.00014299332697807434,0.7708333333333383,0.22916666666666174
TATN,-1,2022-01-10 22:10:00+00:00,2022-01-11 06:50:00+00:00,501.1,500.0,1396.9267611255239,1536.619437238108,0.001536619437238108,52,v3_short,timeout,False,A,True,0.00977458607620183,0.0031428490007612947,-0.0001097147416716537,0.8163265306122487,0.1836734693877513
TATN,-1,2022-01-11 12:00:00+00:00,2022-01-11 20:00:00+00:00,501.9,506.6,1396.8432628134422,-6565.163335223242,-0.006555090655509129,48,v3_short,timeout,False,A,True,0.011157601115760044,0.003149322895577462,,1.0,0.0
TATN,-1,2022-01-14 22:40:00+00:00,2022-01-14 23:50:00+00:00,495.2,498.1,1406.4620744576139,-4078.7400159271283,-0.004099353796445928,7,v3_short,weekend_exit,False,A,True,0.012512613521695234,0.0050412899771412065,-2.0181634712439236e-06,0.8064516129032273,0.19354838709677272
TATN,1,2022-01-20 21:10:00+00:00,2022-01-20 23:40:00+00:00,483.1,478.269,1435.7791373634059,-6936.249012602639,-0.007000000000000024,15,v3_long,sl,False,A,True,0.014489753674187538,0.005234053878226936,-0.00035603394742289476,0.1571428571428604,0.8428571428571396
TATN,-1,2022-01-21 10:20:00+00:00,2022-01-21 14:20:00+00:00,476.8,481.56800000000004,1444.5669608880864,-6887.695269514438,-0.007000000000000043,24,v3_short,sl,False,A,True,0.02094679514034353,0.006643126458794665,-0.0002492668621700875,0.7699999999999989,0.23000000000000115
TATN,1,2022-01-26 19:30:00+00:00,2022-01-26 22:00:00+00:00,473.3,477.5,1445.0626246836666,6069.263023671383,0.006211705049651366,15,v3_long,opposite_signal,False,A,True,0.02133502323616397,0.005280946345585132,0.00014997887621461816,0.38613861386138865,0.6138613861386114
TATN,-1,2022-02-03 11:00:00+00:00,2022-02-03 12:50:00+00:00,488.4,481.07399999999996,1409.0839975007154,10322.949365690272,0.010500000000000032,11,v3_short,tp,False,A,True,0.01494370522006132,0.0033326509723643795,-0.00023336745138178048,0.9315068493150681,0.06849315068493193
TATN,-1,2022-02-03 19:40:00+00:00,2022-02-03 19:50:00+00:00,487.1,482.9,1427.6795092082375,5996.253938674662,0.006035721617737695,1,v3_short,opposite_signal,False,A,True,0.014370765756518168,0.0037330473145940693,-3.900636419626313e-05,0.7857142857142857,0.21428571428571427
TATN,1,2022-02-03 20:10:00+00:00,2022-02-03 20:40:00+00:00,483.6,485.3,1446.691618470647,2459.3757514000836,0.0024607113316790575,3,v3_long,opposite_signal,False,A,True,0.014474772539288668,0.003886666329062636,-6.823821339950277e-05,0.2857142857142857,0.7142857142857143
TATN,-1,2022-02-03 21:10:00+00:00,2022-02-04 06:50:00+00:00,486.0,491.0,1443.0897730830966,-7215.448865415483,-0.00720164609053498,58,v3_short,gap_sl,False,A,True,0.014394406744807731,0.003655256056771867,-6.785934608266407e-05,0.6285714285714253,0.37142857142857466
TATN,-1,2022-02-04 21:00:00+00:00,2022-02-04 23:50:00+00:00,491.6,490.8,1416.376760603324,1133.1014084826754,0.001139137510170887,17,v3_short,weekend_exit,False,A,True,0.01058631921824102,0.0037642092667685835,-0.0001852605863192164,0.8653846153846173,0.13461538461538272
TATN,1,2022-02-10 21:00:00+00:00,2022-02-11 06:50:00+00:00,501.9,498.5,1388.8901902740226,-4722.2266469316455,-0.004741980474198016,59,v3_long,timeout,False,A,True,0.01612903225806456,0.003039686603434684,0.00011748307447232134,0.23456790123456445,0.7654320987654356
TATN,1,2022-02-11 20:20:00+00:00,2022-02-11 21:30:00+00:00,489.0,484.11,1418.7697910954598,-6937.784278456779,-0.006999999999999981,7,v3_long,sl,False,A,True,0.013292433537832311,0.0037268895288176556,-6.3394683026583e-05,0.15384615384615385,0.8461538461538461
TATN,-1,2022-02-15 10:40:00+00:00,2022-02-15 11:00:00+00:00,485.5,490.355,1418.9948071076415,-6889.219788507625,-0.007000000000000024,2,v3_short,sl,False,A,True,0.009266886326194398,0.0035366377766635577,0.00012149917627677288,0.6444444444444394,0.3555555555555606
TATN,-1,2022-02-17 11:20:00+00:00,2022-02-17 11:40:00+00:00,499.0,491.515,1370.9409318613318,10261.492874982087,0.010500000000000016,2,v3_short,tp,False,A,True,0.012825651302605165,0.0039115267572181435,-0.00026252505010020084,0.7031250000000026,0.2968749999999975
TATN,-1,2022-02-18 11:10:00+00:00,2022-02-18 11:10:00+00:00,493.9,491.3,1399.6407572611706,3639.065968878996,0.0036849564689207864,0,v3_short,opposite_signal,False,A,True,0.009917020845982548,0.0032459950492737324,0.00010524185387573228,0.7959183673469379,0.20408163265306217
TATN,-1,2022-11-23 13:20:00+00:00,2022-11-23 21:20:00+00:00,369.2,368.0,1879.27929628794,2255.1351555455067,0.0022751895991332395,48,v3_short,timeout,False,A,True,0.014893040888166802,0.003391229223885602,,0.7999999999999958,0.20000000000000415
TATN,-1,2023-02-21 13:20:00+00:00,2023-02-21 21:20:00+00:00,317.2,315.8,2192.334523324052,3069.268332653623,0.0030895334174022198,48,v3_short,timeout,False,A,True,0.017023959646910575,0.0034978682519665977,,0.7037037037037014,0.2962962962962986
TATN,-1,2023-04-05 13:20:00+00:00,2023-04-05 17:50:00+00:00,383.3,387.13300000000004,1819.8721592257941,-6975.569986312517,-0.007000000000000049,27,v3_short,sl,False,A,True,0.02111574556830037,0.004034460499528292,,0.8765432098765435,0.12345679012345645
TATN,-1,2023-05-04 13:20:00+00:00,2023-05-04 17:30:00+00:00,390.0,384.15,1776.0874349764824,10390.111494612462,0.01050000000000004,25,v3_short,tp,False,A,True,0.02435897435897436,0.004566544566544577,,0.8421052631578947,0.15789473684210525
TATN,-1,2023-05-04 22:20:00+00:00,2023-05-05 09:50:00+00:00,387.3,388.5,1807.2480704545749,-2168.697684545469,-0.0021688613477923884,69,v3_short,timeout,False,A,True,0.016795865633074936,0.0029320255233876444,-0.00014728682170542752,0.8153846153846172,0.18461538461538288
TATN,-1,2023-05-24 13:20:00+00:00,2023-05-24 21:20:00+00:00,429.0,429.2,1628.039835216492,-325.6079670432799,-0.00032634032634030785,48,v3_short,timeout,False,A,True,0.011660447761194029,0.0032427149964463255,,0.6,0.4
TATN,-1,2023-06-08 13:20:00+00:00,2023-06-08 21:20:00+00:00,473.8,471.2,1473.6200163168946,3831.4120424239595,0.003841283241874242,48,v3_short,timeout,False,A,True,0.02005065428450823,0.003346800940722433,,0.7894736842105263,0.21052631578947367
TATN,-1,2023-08-11 13:20:00+00:00,2023-08-11 21:20:00+00:00,575.4,576.9,1218.0798612454666,-1827.1197918682,-0.0018248175182481753,48,v3_short,timeout,False,A,True,0.018940052128583802,0.0037069215175210015,,0.7064220183486191,0.29357798165138094
TATN,1,2023-09-19 23:00:00+00:00,2023-09-19 23:30:00+00:00,614.1,607.9590000000001,1139.2349264066663,-6996.041683063296,-0.006999999999999958,3,v3_long,sl,False,A,True,0.014653207424291761,0.0032529455937373385,-6.186909801367559e-05,0.011111111111113637,0.9888888888888864
TATN,1,2023-11-14 13:20:00+00:00,2023-11-14 15:10:00+00:00,607.8,616.9169999999999,1142.9860795133095,10420.6040869228,0.010499999999999957,11,v3_long,tp,False,A,True,0.02007239223428767,0.0030163430953164243,,0.12295081967213069,0.8770491803278693
TATN,-1,2023-12-05 13:20:00+00:00,2023-12-05 17:50:00+00:00,629.5,635.795,1115.1729340572447,-7020.013619890309,-0.006999999999999954,27,v3_short,sl,False,A,True,0.011755361397934833,0.003131737206399618,,0.9594594594594654,0.04054054054053452
TATN,-1,2023-12-07 13:20:00+00:00,2023-12-07 21:20:00+00:00,631.4,627.0,1104.0344511484197,4857.751585053022,0.00487804878048778,48,v3_short,timeout,False,A,True,0.021711568938193235,0.003939325333937074,,0.8978102189781033,0.10218978102189666
TATN,-1,2024-03-20 13:20:00+00:00,2024-03-20 21:20:00+00:00,700.0,694.0,1000.6968265209277,6004.180959125566,0.006,48,v3_short,timeout,False,A,True,0.02857142857142857,0.004408163265306134,,0.7199999999999989,0.28000000000000114
TATN,-1,2024-05-28 13:20:00+00:00,2024-05-28 16:40:00+00:00,722.0,711.17,976.0259075291376,10570.3605785406,0.01050000000000004,20,v3_short,tp,False,A,True,0.02396121883656519,0.004128742909906339,,0.8786127167630049,0.12138728323699506
TATN,-1,2024-06-04 13:20:00+00:00,2024-06-04 17:00:00+00:00,685.6,692.456,1038.6376278311197,-7120.899576410151,-0.006999999999999994,22,v3_short,sl,False,A,True,0.01867250182348644,0.004035983467055679,,0.8281250000000048,0.17187499999999528
TATN,-1,2024-06-07 13:20:00+00:00,2024-06-07 13:30:00+00:00,698.7,705.687,1012.0299526800178,-7071.05327937525,-0.006999999999999965,1,v3_short,sl,False,A,True,0.014743773260807263,0.0034286259594017935,,0.7961165048543769,0.20388349514562315
TATN,-1,2024-06-11 13:20:00+00:00,2024-06-11 13:50:00+00:00,690.1,697.001,1017.4693387073842,-7021.555906419611,-0.006999999999999953,3,v3_short,sl,False,A,True,0.032015065913371034,0.004263156805529692,,0.8868778280542987,0.11312217194570125
TATN,-1,2024-06-21 13:20:00+00:00,2024-06-21 21:20:00+00:00,689.0,686.6,1011.9600892706416,2428.7042142495166,0.0024383164005805282,48,v3_short,timeout,False,A,True,0.014661053853970131,0.004154310875170218,,0.8415841584158397,0.1584158415841603
TATN,-1,2024-07-12 13:20:00+00:00,2024-07-12 16:10:00+00:00,653.2,659.7320000000001,1070.0254048644315,-6989.405944574509,-0.007000000000000042,17,v3_short,sl,False,A,True,0.014847696311036348,0.0033383627444549054,,0.7422680412371147,0.2577319587628854
TATN,1,2024-07-15 22:40:00+00:00,2024-07-16 09:50:00+00:00,644.1,642.5,1077.5469807425004,-1724.0751691880253,-0.0017388604253998072,67,v3_long,timeout,False,A,True,0.01179941002949856,0.0033015535044944827,-0.00019717435180872958,0.1052631578947455,0.8947368421052545
TATN,-1,2024-08-07 13:20:00+00:00,2024-08-07 15:50:00+00:00,608.7,614.787,1138.230914535589,-6928.411576778118,-0.006999999999999987,15,v3_short,sl,False,A,True,0.016428454082470838,0.003191813936022902,,0.7900000000000091,0.20999999999999092
TATN,-1,2024-08-23 13:20:00+00:00,2024-08-23 17:10:00+00:00,603.6,594.546,1139.8132365375552,10319.869043610996,0.010499999999999971,23,v3_short,tp,False,A,True,0.012586949320967246,0.00406157825833216,,0.6973684210526385,0.30263157894736153
TATN,-1,2024-11-13 13:20:00+00:00,2024-11-13 15:00:00+00:00,596.3,587.3554999999999,1165.8815661656818,10428.227668569012,0.010500000000000074,10,v3_short,tp,False,A,True,0.01677289500167729,0.003761920736090443,,0.6899999999999977,0.3100000000000023
TATN,1,2024-11-20 23:40:00+00:00,2024-11-21 09:50:00+00:00,536.2,537.3,1310.1733257601531,1441.1906583360494,0.0014360313315925704,61,v3_long,timeout,False,A,True,0.007835820895522472,0.0033505939689308472,-0.0005093283582089543,0.28571428571429347,0.7142857142857065
TATN,1,2024-12-16 23:20:00+00:00,2024-12-17 09:50:00+00:00,549.7,548.9,1279.8322189074574,-1023.8657751260532,-0.0010187374931781839,63,v3_long,timeout,False,A,True,0.01328238719068405,0.004099456376437041,-0.00014556040756913706,0.2054794520547958,0.7945205479452042
TATN,-1,2024-12-17 13:20:00+00:00,2024-12-17 16:40:00+00:00,560.6,552.191,1253.6693983068876,10542.105970362607,0.010499999999999989,20,v3_short,tp,False,A,True,0.027827327863003962,0.003745986443096674,,0.7820512820512838,0.21794871794871618
TATN,-1,2024-12-26 13:20:00+00:00,2024-12-26 21:20:00+00:00,631.5,629.4,1124.6025952020507,2361.665449924332,0.002327790973871759,48,v3_short,timeout,False,A,True,0.011084718923198733,0.0034309844286091315,,0.6714285714285779,0.3285714285714221
TATN,1,2024-12-30 22:40:00+00:00,2024-12-30 23:40:00+00:00,685.3,688.9,1038.7271336422618,3739.417681112166,0.0036772216547497675,6,v3_long,opposite_signal,False,A,True,0.011526116136562558,0.003596886668294416,0.00032535745550044034,0.03797468354429815,0.9620253164557019
TATN,1,2025-01-13 22:00:00+00:00,2025-01-14 09:50:00+00:00,664.5,666.0,1075.1802815076305,1612.7704222614457,0.0015801354401805865,71,v3_long,timeout,False,A,True,0.008276899924755455,0.0033414720289921757,7.3739653875092e-05,0.03636363636364463,0.9636363636363554
TATN,-1,2025-02-18 10:50:00+00:00,2025-02-18 11:10:00+00:00,744.8,741.8,960.7763646044625,2882.3290938133878,0.002819548872180452,2,v3_short,opposite_signal,False,A,True,0.010338345864661716,0.003530030433225898,-8.458646616541292e-05,0.6233766233766138,0.3766233766233862
TATN,1,2025-02-27 19:30:00+00:00,2025-02-28 06:50:00+00:00,718.1,713.0,999.3091028033325,-5096.476424297019,-0.004971452443949333,68,v3_long,timeout,False,A,True,0.019629681191702664,0.003966280929746265,-0.0004218293192259464,0.3546099290780136,0.6453900709219864
TATN,-1,2025-03-03 19:50:00+00:00,2025-03-04 06:50:00+00:00,712.3,711.3,1002.4376431644886,1002.4376431644886,0.0009827319949459498,66,v3_short,timeout,False,A,True,0.012770137524557988,0.004038101347752117,-0.0002624193095705904,0.8021978021977952,0.19780219780220482
TATN,-1,2025-03-04 19:20:00+00:00,2025-03-05 06:50:00+00:00,716.9,715.0,996.9842928947976,1894.2701565000928,0.0018552099316501386,69,v3_short,timeout,False,A,True,0.0185520993165017,0.003393294826648743,-0.00016738736225414982,0.7894736842105222,0.21052631578947772
TATN,-1,2025-03-06 20:30:00+00:00,2025-03-07 06:50:00+00:00,701.4,700.5,1020.9067988107076,918.8161189296137,0.0008982035928143486,62,v3_short,timeout,False,A,True,0.013257305773342772,0.0032466871281655934,-2.851033499644269e-06,0.7204301075268779,0.2795698924731221
TATN,-1,2025-03-13 11:50:00+00:00,2025-03-13 13:10:00+00:00,692.9,699.829,1034.358781886392,-7167.071999690784,-0.006999999999999973,8,v3_short,sl,False,A,True,0.010536951501154669,0.003103348729792126,,0.9452054794520576,0.054794520547942434
TATN,1,2025-03-20 21:40:00+00:00,2025-03-20 23:00:00+00:00,688.4,691.2,1033.832436910659,2894.7308233499157,0.002847181871005299,8,v3_long,opposite_signal,False,A,True,0.008280069726902865,0.0032195330194832185,-0.0002309703660662419,0.05263157894736107,0.947368421052639
TATN,-1,2025-03-27 19:40:00+00:00,2025-03-28 06:50:00+00:00,681.6,675.9,1047.1193678779964,5968.580396904627,0.005853873239436666,67,v3_short,timeout,False,A,True,0.010121754437435787,0.0030565842297018424,-5.134223265365997e-05,0.8115942028985567,0.1884057971014433
TATN,-1,2025-04-02 10:40:00+00:00,2025-04-02 10:40:00+00:00,659.3,655.7,1088.873907816587,3919.946068139614,0.0038222357045350165,0,v3_short,opposite_signal,False,A,True,0.015167602002123465,0.003613846042245081,5.156984680722117e-05,0.6699999999999932,0.33000000000000684
TATN,-1,2025-04-02 19:30:00+00:00,2025-04-02 19:30:00+00:00,650.6,657.106,1107.6522128361105,-7206.385296711704,-0.00699999999999997,0,v3_short,sl,False,A,True,0.01860393603936043,0.004785124381856046,-0.000352091020910207,0.8677685950413206,0.13223140495867933
TATN,-1,2025-04-03 13:20:00+00:00,2025-04-03 17:20:00+00:00,666.0,656.01,1074.4655555007137,10733.91089945214,0.01050000000000001,24,v3_short,tp,False,A,True,0.015465465465465397,0.00343420343420341,,0.8640776699029142,0.13592233009708576
TATN,-1,2025-04-04 10:30:00+00:00,2025-04-04 11:00:00+00:00,653.0,650.9,1107.3626303110134,2325.461523653153,0.0022511485451761344,3,v3_short,opposite_signal,False,A,True,0.009494640122511382,0.0033273005707921367,3.981623277182096e-05,0.7096774193548429,0.29032258064515715
TATN,-1,2025-04-11 19:20:00+00:00,2025-04-11 23:50:00+00:00,682.5,686.9,1061.8836932742108,-4672.288250406504,-0.004512820512820489,27,v3_short,weekend_exit,False,A,True,0.018605332552006932,0.004511561436763378,0.00014503369469674905,0.8582677165354359,0.1417322834645641
TATN,1,2025-04-14 19:30:00+00:00,2025-04-15 06:50:00+00:00,684.0,684.0,1054.7734194215855,0.0,0.0,68,v3_long,timeout,False,A,True,0.015940333430827694,0.003832126591496502,7.60456273764232e-05,0.2660550458715581,0.7339449541284419
TATN,-1,2025-04-15 19:40:00+00:00,2025-04-16 06:50:00+00:00,682.4,684.4,1057.2465106746256,-2114.493021349251,-0.0020515826494724504,67,v3_short,timeout,False,A,True,0.012456037514654163,0.0034691485034811006,-3.6635404454865186e-05,0.42352941176470854,0.5764705882352914
TATN,-1,2025-04-17 19:20:00+00:00,2025-04-17 20:50:00+00:00,685.8,692.658,1049.846710074978,-7199.848737694264,-0.007000000000000063,9,v3_short,sl,False,A,True,0.019250401050021942,0.0032649489721512034,-0.0001822954644888435,0.7045454545454487,0.29545454545455135
TATN,1,2025-04-28 22:00:00+00:00,2025-04-29 06:50:00+00:00,722.9,725.4,988.9956835703887,2472.4892089259715,0.0024208050906072763,53,v3_long,timeout,False,A,True,0.009958506224066454,0.00302029525503147,0.0004232365145228235,0.013888888888891959,0.986111111111108
TATN,-1,2025-04-29 21:00:00+00:00,2025-04-30 06:50:00+00:00,722.0,721.9,992.6256538771222,99.2625653877348,9.695290858727968e-05,59,v3_short,timeout,False,A,True,0.02133259454218033,0.003725995177126111,-0.0001537609087131169,0.8441558441558454,0.1558441558441546
TATN,1,2025-04-30 19:20:00+00:00,2025-04-30 22:40:00+00:00,707.5,718.1125,1013.067428826931,10751.178088425759,0.010499999999999956,20,v3_long,tp,False,A,True,0.017662851490744664,0.004299642705746981,-0.0002147802741274558,0.03199999999999818,0.9680000000000019
TATN,-1,2025-05-05 20:40:00+00:00,2025-05-06 06:50:00+00:00,682.2,683.3,1061.6696431500316,-1167.8366074649382,-0.0011287012606272886,61,v3_short,timeout,False,A,True,0.012459689240691879,0.0038800040684699604,-0.00032981530343007914,1.0,0.0
TATN,-1,2025-05-06 10:20:00+00:00,2025-05-06 10:20:00+00:00,682.5,689.325,1060.0051940391593,-7234.53544931731,-0.007000000000000047,0,v3_short,sl,False,A,True,0.02418645558487247,0.0037762979715486246,-8.501905599531195e-05,0.8181818181818182,0.18181818181818182
TATN,-1,2025-05-06 19:20:00+00:00,2025-05-07 06:50:00+00:00,690.3,686.3,1040.6915400799712,4162.766160319885,0.004056207446037955,69,v3_short,timeout,False,A,True,0.012023757786469585,0.0035654418221004055,0.00020136172678545362,0.8192771084337339,0.18072289156626606
TATN,-1,2025-05-07 11:20:00+00:00,2025-05-07 17:40:00+00:00,690.0,696.9,1045.367110767287,-7213.033064294256,-0.006999999999999977,38,v3_short,sl,False,A,True,0.018550724637681093,0.0034031132581857147,5.7971014492766795e-06,0.726562499999999,0.273437500000001
TATN,1,2025-05-07 21:10:00+00:00,2025-05-07 23:30:00+00:00,686.7,692.5,1043.0379835218027,6049.620304426408,0.005912334352701278,14,v3_long,opposite_signal,False,A,True,0.016013975833454652,0.004070342651545991,0.0001135536468190414,0.009090909090911158,0.9909090909090889
TATN,-1,2025-05-12 19:20:00+00:00,2025-05-13 06:50:00+00:00,717.9,720.6,1003.6062369376243,-2709.7368397316313,-0.0026326786460510263,69,v3_short,timeout,False,A,True,0.012809802283486556,0.0029722833159997503,-0.00010303536619326219,0.8260869565217375,0.17391304347826247
TATN,-1,2025-05-15 21:20:00+00:00,2025-05-16 06:50:00+00:00,696.1,695.0,1032.3115956180268,1135.542755179853,0.0011061629076282373,57,v3_short,timeout,False,A,True,0.010051694428489374,0.0031151461158846097,-9.046524985640371e-05,0.8428571428571396,0.1571428571428604
TATN,1,2025-05-19 22:10:00+00:00,2025-05-20 06:50:00+00:00,701.7,702.7,1025.205902292054,1025.205902292054,0.0009975773122416986,52,v3_long,timeout,False,A,True,0.018383924754168415,0.0034667992891897915,0.00017386347441926812,0.05426356589147649,0.9457364341085235
TATN,-1,2025-05-27 10:30:00+00:00,2025-05-27 18:30:00+00:00,682.2,681.4,1055.5623362209594,844.4498689768395,0.0008208736440927112,48,v3_short,timeout,False,A,True,0.023160363529756603,0.0029650062631592818,-3.957783641161016e-05,0.7658227848101302,0.23417721518986978
TATN,1,2025-06-02 22:20:00+00:00,2025-06-03 06:50:00+00:00,654.6,655.3,1100.9711895481553,770.6798326836335,0.0007485487320500339,51,v3_long,timeout,False,A,True,0.008249312557286857,0.003554125591574834,-0.00019401161014359636,0.018518518518522806,0.9814814814814772
TATN,-1,2025-06-19 19:20:00+00:00,2025-06-20 06:50:00+00:00,658.7,654.7,1094.9373258859891,4379.749303543957,0.004250797024442083,69,v3_short,timeout,False,A,True,0.0200394716866556,0.003023890594646847,-0.00019584029148322246,0.7878787878787921,0.21212121212120794
TATN,-1,2025-08-07 21:20:00+00:00,2025-08-07 22:30:00+00:00,706.0,702.9,1025.9221544951583,3180.3586789350143,0.003073654390934867,7,v3_short,opposite_signal,False,A,True,0.01231422505307846,0.00350390687060387,0.0001953290870488284,0.8965517241379328,0.10344827586206716
TATN,1,2025-08-11 18:40:00+00:00,2025-08-12 06:50:00+00:00,721.6,722.0,1006.8282873459483,402.73131493835643,0.0003880266075387806,73,v3_long,timeout,False,A,True,0.012470555632534294,0.0034751281695995467,-0.0004156851877511431,0.3888888888888889,0.6111111111111112
TATN,-1,2025-10-07 12:20:00+00:00,2025-10-07 20:20:00+00:00,592.5,597.8,1226.6822009608325,-6501.415665092356,-0.006261603375527373,48,v3_short,timeout,False,A,True,0.014348413234301149,0.003601170380373621,,0.8352941176470615,0.1647058823529385
TATN,-1,2025-10-13 19:40:00+00:00,2025-10-14 09:50:00+00:00,591.9,583.0215,1220.236886473608,10833.873196555965,0.010500000000000037,85,v3_short,gap_tp,False,A,True,0.010474742355127633,0.003834072909447616,-1.689474573406134e-06,0.9516129032257958,0.0483870967742042
TATN,-1,2025-10-17 10:20:00+00:00,2025-10-17 10:20:00+00:00,587.1,592.971,1243.1305132708526,-7298.419243413152,-0.006999999999999976,0,v3_short,sl,False,A,True,0.017717206132879006,0.0051512939076823324,-3.407155025553663e-05,0.5769230769230782,0.4230769230769218
TATN,1,2025-10-28 13:20:00+00:00,2025-10-28 15:00:00+00:00,513.8,521.507,1410.5352877986152,10870.995463063919,0.010499999999999992,10,v3_long,tp,False,A,True,0.025885558583106403,0.004241897974867988,,0.06766917293232877,0.9323308270676712
TATN,-1,2025-10-28 19:40:00+00:00,2025-10-29 06:50:00+00:00,519.5,522.3,1409.7068868047606,-3947.179283053266,-0.0037728585178055207,67,v3_short,timeout,False,A,True,0.01675009626492115,0.003477324699614159,-7.508663842895824e-05,0.6551724137931052,0.34482758620689474
TATN,1,2025-10-29 21:10:00+00:00,2025-10-30 06:50:00+00:00,534.1,536.4,1365.998319035641,3141.7961337819124,0.003014416775884606,58,v3_long,timeout,False,A,True,0.009358038555118848,0.003082423311828927,0.00032940295714018174,0.12000000000000455,0.8799999999999955
TATN,-1,2025-10-30 10:20:00+00:00,2025-10-30 10:20:00+00:00,536.1,533.8,1365.0045877459115,3139.5105518156897,0.0030031710501772944,0,v3_short,opposite_signal,False,A,True,0.018093639246409336,0.003153285190218588,-0.00010632344711807583,0.7525773195876324,0.24742268041236762
CHMF,-1,2022-01-11 10:40:00+00:00,2022-01-11 13:00:00+00:00,1562.4,1578.0240000000001,448.02867383512546,-7000.000000000011,-0.0070000000000000106,14,v3_short,sl,False,A,True,0.012804097311139564,0.0030340143628569587,2.9449423815623325e-05,0.8700000000000045,0.12999999999999545
CHMF,-1,2022-01-14 10:20:00+00:00,2022-01-14 10:30:00+00:00,1576.2,1566.4,440.99733536353256,4321.773886562599,0.004352239563507149,1,v3_short,opposite_signal,False,A,True,0.011421319796954314,0.003027556200145027,4.441624365482234e-05,0.7888888888888914,0.21111111111110858
CHMF,1,2022-01-27 21:10:00+00:00,2022-01-28 06:50:00+00:00,1461.8,1474.0,477.5791775349527,5826.465965926444,0.005842112464085396,58,v3_long,timeout,False,A,True,0.020947426067907934,0.006119096050249225,0.00039978094194961734,0.254901960784313,0.745098039215687
CHMF,1,2022-01-28 22:50:00+00:00,2022-01-28 23:40:00+00:00,1469.0,1475.6,478.01481817341204,3154.897799944476,0.0031449965963239864,5,v3_long,opposite_signal,False,A,True,0.012256570883834946,0.0034935395920590775,5.992101320985788e-05,0.1777777777777803,0.8222222222222197
CHMF,1,2022-01-31 19:20:00+00:00,2022-02-01 06:50:00+00:00,1502.2,1508.4,468.92038101231753,2907.3063622763902,0.0028890959925442898,69,v3_long,timeout,False,A,True,0.013846358673944851,0.003456155461785298,0.00014378910930635007,0.14423076923076955,0.8557692307692305
CHMF,1,2022-02-09 19:30:00+00:00,2022-02-10 06:50:00+00:00,1670.6,1679.8,422.87041231311923,3890.4077932807163,0.003854902430264595,68,v3_long,timeout,False,A,True,0.014364376346660284,0.004152965950565028,0.0002465884606176671,0.10833333333332955,0.8916666666666705
CHMF,1,2022-02-10 22:10:00+00:00,2022-02-11 06:50:00+00:00,1652.4,1640.0,429.1761052200396,-5321.783704728529,-0.005252965383684376,52,v3_long,timeout,False,A,True,0.01270724918310541,0.0035417289268363764,0.00017669127435555987,0.11428571428571861,0.8857142857142813
CHMF,-1,2022-02-11 10:30:00+00:00,2022-02-11 11:00:00+00:00,1643.8,1646.4,429.1552181970334,-1115.8035673123454,-0.0011071906557976006,3,v3_short,opposite_signal,False,A,True,0.012416311625076136,0.0031428097161511686,-0.00012903225806451502,0.7254901960784259,0.2745098039215741
CHMF,-1,2022-02-11 11:20:00+00:00,2022-02-11 11:40:00+00:00,1645.8,1634.4,428.15912332918026,4881.014005952597,0.004848705796573038,2,v3_short,opposite_signal,False,A,True,0.013242619365812145,0.00350526689975117,-8.504434455108736e-05,0.7706422018348619,0.2293577981651381
CHMF,1,2022-02-11 20:20:00+00:00,2022-02-11 21:30:00+00:00,1630.0,1613.7,434.405518392228,-7080.809949793296,-0.00699999999999998,7,v3_long,sl,False,A,True,0.018036809815950836,0.0037260548391135585,1.2269938650306748e-05,0.12925170068027117,0.8707482993197289
CHMF,1,2022-02-14 18:40:00+00:00,2022-02-14 23:40:00+00:00,1600.2,1619.0,439.3978427787003,8260.679444239546,0.008223972003499542,30,v3_long,opposite_signal,False,A,True,0.02805486284289277,0.006279301745635926,0.000544887780548629,0.004444444444445455,0.9955555555555545
CHMF,-1,2022-02-16 11:10:00+00:00,2022-02-16 13:20:00+00:00,1667.0,1641.995,425.25909035719496,10633.603554381707,0.010500000000000046,13,v3_short,tp,False,A,True,0.01259748050389922,0.0035485210650177596,0.00014277144571085893,0.6095238095238074,0.39047619047619264
CHMF,-1,2022-02-16 19:40:00+00:00,2022-02-17 06:50:00+00:00,1658.6,1668.0,431.9006548375204,-4059.866155472731,-0.003967201254069736,67,v3_short,timeout,False,A,True,0.00650994575045219,0.0031196565425446756,-0.0001169379144062694,0.8333333333333193,0.1666666666666807
CHMF,-1,2022-02-17 10:50:00+00:00,2022-02-17 11:30:00+00:00,1656.4,1644.8,430.7585847649604,4996.7995832736,0.0049021975368269115,4,v3_short,opposite_signal,False,A,True,0.013634169884169968,0.0033834057271557192,-0.00024372586872586655,0.8761061946902683,0.12389380530973175
CHMF,-1,2022-02-18 10:20:00+00:00,2022-02-18 11:50:00+00:00,1637.4,1631.6,437.89317180467316,2539.780396467184,0.0024795407353121576,9,v3_short,opposite_signal,False,A,True,0.029192622450225938,0.0043390508762439816,0.0003285696836448038,0.4476987447698768,0.5523012552301232
CHMF,-1,2022-02-18 22:30:00+00:00,2022-02-18 23:50:00+00:00,1633.0,1636.0,440.1617426763618,-1320.4852280290854,-0.0012859767299448865,8,v3_short,weekend_exit,False,A,True,0.0155580056351832,0.004912659661438991,-0.00014945485728286225,0.8267716535433042,0.17322834645669588
CHMF,-1,2022-09-23 22:50:00+00:00,2022-09-23 23:50:00+00:00,698.2,700.4,1028.1578145672852,-2261.9471920479573,-0.0022056717272986998,6,v3_short,weekend_exit,False,A,True,0.00858860578299456,0.004545534217122266,-0.00013169195533925058,0.8666666666666742,0.13333333333332575
CHMF,-1,2022-09-28 22:00:00+00:00,2022-09-29 09:50:00+00:00,613.2,618.0,1168.095928076394,-5606.860454766638,-0.005479452054794467,71,v3_short,timeout,False,A,True,0.012720156555772919,0.004972243300451299,-0.00032615786040443573,0.7692307692307737,0.23076923076922629
CHMF,-1,2022-10-03 21:40:00+00:00,2022-10-04 09:50:00+00:00,638.0,639.0,1116.5385905612984,-1116.5385905612984,-0.00109717868338558,73,v3_short,timeout,False,A,True,0.013166144200626924,0.006020088286098136,0.0003699059561128548,0.9285714285714257,0.07142857142857433
CHMF,1,2022-10-04 23:10:00+00:00,2022-10-05 09:50:00+00:00,610.2,607.0,1166.1259320955678,-3731.60298270587,-0.0036709275647329267,64,v3_long,timeout,False,A,True,0.009505080301540403,0.003451528103866909,-9.177318911832037e-05,0.0,1.0
CHMF,-1,2022-10-10 22:00:00+00:00,2022-10-11 09:50:00+00:00,591.0,593.0,1199.5903920081578,-2399.1807840163156,-0.002368866328257191,71,v3_short,timeout,False,A,True,0.010166045408336157,0.004654250720959327,0.00023720772619451034,1.033333333333341,-0.03333333333334091
CHMF,-1,2022-10-20 13:20:00+00:00,2022-10-20 15:10:00+00:00,663.2,669.8320000000001,1066.4633521230546,-7072.784951280164,-0.007000000000000064,11,v3_short,sl,False,A,True,0.01566736968966553,0.004462043931763747,,0.6730769230769246,0.32692307692307543
CHMF,-1,2022-12-15 13:20:00+00:00,2022-12-15 21:20:00+00:00,838.8,842.6,837.300364404046,-3181.741384735432,-0.003171196948021039,48,v3_short,timeout,False,A,True,0.016690510252742013,0.0035538297340872594,,0.7714285714285681,0.2285714285714318
CHMF,-1,2022-12-16 13:20:00+00:00,2022-12-16 21:20:00+00:00,853.0,849.8,820.750676075966,2626.4021634431283,0.0026260257913247737,48,v3_short,timeout,False,A,True,0.02626025791324747,0.003985932004689331,,0.7678571428571418,0.23214285714285823
CHMF,-1,2022-12-21 13:20:00+00:00,2022-12-21 16:40:00+00:00,885.2,871.922,792.9719930040771,10529.082123108152,0.010500000000000015,20,v3_short,tp,False,A,True,0.020560325350203267,0.003055537623996733,,0.637362637362641,0.362637362637359
CHMF,-1,2023-02-16 22:40:00+00:00,2023-02-17 09:50:00+00:00,972.8,971.0,729.1418232867856,1312.4552819161809,0.0012952302631578621,67,v3_short,timeout,False,A,True,0.015416238437821172,0.0033894750089141475,-0.00025693730729701953,0.8533333333333303,0.1466666666666697
CHMF,-1,2023-02-22 13:20:00+00:00,2023-02-22 17:00:00+00:00,1017.4,1027.574,698.08127028772,-7102.278843907327,-0.007000000000000064,22,v3_short,sl,False,A,True,0.015723270440251572,0.003958894878706195,,0.8374999999999986,0.16250000000000142
CHMF,-1,2023-04-21 13:20:00+00:00,2023-04-21 21:20:00+00:00,1013.8,1018.8,695.6562331820785,-3478.2811659103927,-0.0034523574669560074,48,v3_short,timeout,False,A,True,0.011639376602880207,0.003156441112645489,,0.728813559322029,0.271186440677971
CHMF,-1,2023-05-12 13:20:00+00:00,2023-05-12 21:20:00+00:00,987.6,986.8,711.645901563238,569.3167212506389,0.0005670311867153176,48,v3_short,timeout,False,A,True,0.017614901801984186,0.0037408767921017325,,0.655172413793103,0.344827586206897
CHMF,-1,2023-05-17 13:20:00+00:00,2023-05-17 21:20:00+00:00,1010.8,1008.4,695.7063851293325,1669.6953243103821,0.001662049861495829,48,v3_short,timeout,False,A,True,0.01246537396121886,0.003062166694932821,,0.6984126984126935,0.30158730158730646
CHMF,-1,2023-05-30 13:20:00+00:00,2023-05-30 16:40:00+00:00,1041.2,1025.582,676.5163280981045,10565.832012236155,0.010499999999999957,20,v3_short,tp,False,A,True,0.026892047637341637,0.003997219325686514,,0.9571428571428557,0.04285714285714431
CHMF,-1,2023-05-31 13:20:00+00:00,2023-05-31 21:20:00+00:00,1027.4,1027.2,692.8021055327154,138.56042110657458,0.00013626630328988888,48,v3_short,timeout,False,A,True,0.018486086787312707,0.00413272917651199,,0.7578947368421101,0.24210526315788994
CHMF,-1,2023-06-23 13:20:00+00:00,2023-06-23 14:20:00+00:00,1173.8,1185.538,606.47629538174,-7118.818755190898,-0.007000000000000033,6,v3_short,sl,False,A,True,0.02197989436019761,0.004714034190946775,,0.8062015503875966,0.19379844961240345
CHMF,1,2023-06-23 21:50:00+00:00,2023-06-23 22:00:00+00:00,1185.0,1173.15,596.5389893590319,-7068.987023904474,-0.006999999999999947,1,v3_long,sl,False,A,True,0.0121518987341771,0.0036441918539567558,0.0003324894514767902,0.45833333333333137,0.5416666666666686
CHMF,-1,2023-06-26 22:20:00+00:00,2023-06-27 09:50:00+00:00,1158.0,1160.6,606.1747940187562,-1576.0544644487109,-0.0015716753022451955,69,v3_short,timeout,False,A,True,0.03212435233160626,0.004694934968806165,-0.0004697754749568229,0.8333333333333323,0.16666666666666768
CHMF,-1,2023-07-05 13:20:00+00:00,2023-07-05 21:20:00+00:00,1214.6,1208.2,577.018914332789,3692.9210517297706,0.0036884571052197466,48,v3_short,timeout,False,A,True,0.013833992094861622,0.003638873204090584,,0.6785714285714223,0.3214285714285777
CHMF,-1,2023-07-12 13:20:00+00:00,2023-07-12 21:20:00+00:00,1241.0,1241.0,566.8269283519874,-0.0,-0.0,48,v3_short,timeout,False,A,True,0.022404900064474497,0.003369561880200185,,0.8273381294964043,0.17266187050359577
CHMF,-1,2023-07-21 13:20:00+00:00,2023-07-21 21:20:00+00:00,1267.4,1272.0,555.0198974947265,-2553.091528475691,-0.0025406343695754583,48,v3_short,timeout,False,A,True,0.029360694554064756,0.004059082196414478,,0.9032258064516154,0.09677419354838453
CHMF,-1,2023-07-27 13:20:00+00:00,2023-07-27 15:20:00+00:00,1315.4,1328.554,533.4081298577493,-7016.450540148832,-0.0069999999999999975,12,v3_short,sl,False,A,True,0.021732522796352516,0.0038211029092488024,,0.7482517482517538,0.25174825174824617
CHMF,-1,2023-08-01 13:20:00+00:00,2023-08-01 21:20:00+00:00,1378.0,1367.2,505.6121470513637,5460.611188154705,0.0054862119013062175,48,v3_short,timeout,False,A,True,0.020319303338171262,0.0036008017140092548,,0.9357142857142874,0.06428571428571266
CHMF,-1,2023-08-15 13:20:00+00:00,2023-08-15 21:20:00+00:00,1324.8,1314.6,528.8013031917932,5393.773292556314,0.0053894927536232125,48,v3_short,timeout,False,A,True,0.027924528301886794,0.006080862533692749,,0.7513513513513501,0.24864864864864988
CHMF,-1,2023-08-22 13:20:00+00:00,2023-08-22 15:50:00+00:00,1300.2,1313.202,541.7102044095346,-7043.316077732744,-0.006999999999999975,15,v3_short,sl,False,A,True,0.015846153846153777,0.0038021978021978,,0.6213592233009714,0.37864077669902857
CHMF,-1,2023-09-21 13:20:00+00:00,2023-09-21 14:10:00+00:00,1290.2,1270.847,542.0874953641792,10491.019297782996,0.010500000000000035,5,v3_short,tp,False,A,True,0.020303781773093648,0.004893277831901527,,0.931297709923666,0.06870229007633402
CHMF,-1,2023-10-04 13:20:00+00:00,2023-10-04 15:10:00+00:00,1370.0,1383.7,515.8722627936585,-7067.450000273145,-0.0070000000000000236,11,v3_short,sl,False,A,True,0.020437956204379562,0.0035106013208203064,,0.8928571428571429,0.10714285714285714
CHMF,-1,2023-10-05 13:20:00+00:00,2023-10-05 21:20:00+00:00,1379.0,1367.4,508.91790067231386,5903.447647798795,0.0058883248730964,48,v3_short,timeout,False,A,True,0.01740391588107324,0.0034807831762146625,,0.7916666666666666,0.20833333333333334
CHMF,-1,2023-11-03 13:20:00+00:00,2023-11-03 20:00:00+00:00,1360.2,1373.8020000000001,518.9900002797972,-7059.301983805847,-0.007000000000000046,40,v3_short,sl,False,A,True,0.01764705882352941,0.003242296918767504,,0.8000000000000019,0.1999999999999981
CHMF,-1,2023-12-20 13:20:00+00:00,2023-12-20 21:20:00+00:00,1324.4,1328.0,529.2877431228601,-1905.4358752422481,-0.001902748414376273,48,v3_short,timeout,False,A,True,0.015856236786469344,0.003681810990781069,,0.68571428571429,0.31428571428570995
CHMF,-1,2024-01-10 13:20:00+00:00,2024-01-10 21:20:00+00:00,1439.8,1443.0,485.9389372685418,-1555.004599259356,-0.0015557716349493208,48,v3_short,timeout,False,A,True,0.01819697180163915,0.003042750646584513,,0.8625954198473232,0.13740458015267673
CHMF,-1,2024-01-12 13:20:00+00:00,2024-01-12 17:20:00+00:00,1557.8,1573.378,448.4313638848151,-6985.663786597638,-0.00699999999999999,24,v3_short,sl,False,A,True,0.025163692386699073,0.004707493473702216,,0.7755102040816327,0.22448979591836724
CHMF,-1,2024-01-19 13:20:00+00:00,2024-01-19 14:40:00+00:00,1547.8,1563.278,448.16928156683457,-6936.7641400914945,-0.00700000000000003,8,v3_short,sl,False,A,True,0.015505879312572685,0.003273463410432,,0.9499999999999981,0.0500000000000019
CHMF,-1,2024-06-20 13:20:00+00:00,2024-06-20 14:20:00+00:00,1533.8,1510.793,449.09419683862467,10332.310186666266,0.010500000000000028,6,v3_short,tp,False,A,True,0.025296648846003363,0.004843246465361459,,0.747422680412372,0.25257731958762797
CHMF,-1,2024-07-12 13:20:00+00:00,2024-07-12 21:20:00+00:00,1470.0,1458.8,473.50564370187,5303.263209460965,0.005333333333333355,48,v3_short,timeout,False,A,True,0.019183673469387787,0.004625850340136053,,0.6312056737588626,0.3687943262411374
CHMF,1,2024-07-26 21:40:00+00:00,2024-07-26 23:50:00+00:00,1432.0,1443.6,488.6631148661813,5668.492132447658,0.005670391061452469,13,v3_long,weekend_exit,False,A,True,0.01005727056851522,0.0040822027931161145,-0.00025422545048191155,0.069444444444444,0.930555555555556
CHMF,-1,2024-08-07 13:20:00+00:00,2024-08-07 17:00:00+00:00,1372.0,1385.72,512.9253097529773,-7037.335249810863,-0.007000000000000014,22,v3_short,sl,False,A,True,0.01661807580174924,0.004081632653061221,,0.8245614035087716,0.17543859649122842
CHMF,-1,2024-08-09 13:20:00+00:00,2024-08-09 21:20:00+00:00,1391.2,1380.0,502.30548469394574,5625.821428572215,0.005635422656699275,48,v3_short,timeout,False,A,True,0.01437607820586544,0.0031969659629233816,,0.8100000000000023,0.18999999999999773
CHMF,-1,2024-08-15 13:20:00+00:00,2024-08-15 21:20:00+00:00,1398.4,1383.2,502.5353727876272,7638.537666371956,0.007608695652173936,48,v3_short,timeout,False,A,True,0.014302059496567505,0.0038887980821619202,,0.6700000000000046,0.32999999999999546
CHMF,-1,2024-09-19 13:20:00+00:00,2024-09-19 21:20:00+00:00,1278.2,1274.8,553.9762491571571,1883.5192471343846,0.0018619934282585384,48,v3_short,timeout,False,A,True,0.020181476846057533,0.003814291674116458,,0.744186046511631,0.255813953488369
CHMF,-1,2024-09-24 13:20:00+00:00,2024-09-24 15:50:00+00:00,1318.0,1298.23,538.2480312182643,10641.163577185074,0.01049999999999999,15,v3_short,tp,False,A,True,0.021244309559939303,0.003902016041621496,,0.75,0.25
CHMF,-1,2024-09-27 13:20:00+00:00,2024-09-27 21:20:00+00:00,1284.0,1285.0,558.3019623440046,-558.3019623440046,-0.0005451713395638629,48,v3_short,timeout,False,A,True,0.01697819314641741,0.00353805073431242,,0.8715596330275247,0.12844036697247524
CHMF,-1,2024-10-04 13:20:00+00:00,2024-10-04 16:00:00+00:00,1253.6,1234.7959999999998,571.5291227473366,10747.033624140968,0.010500000000000051,16,v3_short,tp,False,A,True,0.019779869197639324,0.004360078694103267,,0.8064516129032199,0.1935483870967801
CHMF,-1,2024-10-08 13:20:00+00:00,2024-10-08 15:20:00+00:00,1218.6,1230.7859999999998,594.1177021278186,-7239.91831812955,-0.006999999999999954,12,v3_short,sl,False,A,True,0.013943569553805773,0.0036245469316335617,,0.8588235294117593,0.14117647058824065
CHMF,1,2024-10-25 23:30:00+00:00,2024-10-25 23:50:00+00:00,1142.4,1144.2,629.3101269172523,1132.7582284510256,0.0011029411764705602,2,v3_long,weekend_exit,False,A,True,0.007878151260504201,0.003119104784771029,-0.0003834033613445394,0.20000000000002022,0.7999999999999798
CHMF,-1,2024-11-13 13:20:00+00:00,2024-11-13 14:20:00+00:00,1234.6,1216.081,582.9554671555037,10795.752296252776,0.010500000000000004,6,v3_short,tp,False,A,True,0.017174335709656364,0.0042125729099157586,,0.5754716981132039,0.4245283018867961
CHMF,1,2024-12-16 23:10:00+00:00,2024-12-17 09:50:00+00:00,1056.0,1012.0,688.7062938992062,-30303.076931565076,-0.029166666666666667,64,v3_long,gap_sl,False,A,True,0.016856060606060777,0.0033704390847248055,-3.59848484848502e-05,0.02247191011236443,0.9775280898876356
CHMF,-1,2024-12-19 21:50:00+00:00,2024-12-20 09:50:00+00:00,1046.2,1041.8,674.8821377417952,2969.48140606396,0.0029439877652457113,72,v3_short,timeout,False,A,True,0.018929254302103207,0.00357435517227922,-9.751434034417087e-05,0.8787878787878854,0.1212121212121146
CHMF,-1,2024-12-23 23:00:00+00:00,2024-12-24 09:50:00+00:00,1151.6,1151.0,614.9186605502875,368.9511963301166,0.0003647099687390903,65,v3_short,timeout,False,A,True,0.013900955690703735,0.0033156616252061244,-0.0005178105994787174,0.9375,0.0625
CHMF,-1,2024-12-24 13:20:00+00:00,2024-12-24 16:10:00+00:00,1146.4,1157.864,617.9331780592656,-7083.985953271385,-0.006999999999999965,17,v3_short,sl,False,A,True,0.026871401151631436,0.005226379506609812,,0.6038961038961093,0.3961038961038908
CHMF,-1,2024-12-25 22:10:00+00:00,2024-12-26 09:50:00+00:00,1155.6,1161.4,608.7225728278403,-3530.5909224015845,-0.003513326410522783,70,v3_short,timeout,False,A,True,0.012634129456559286,0.004369141218273392,0.0002042229145032915,0.8493150684931466,0.15068493150685336
CHMF,-1,2025-01-29 11:10:00+00:00,2025-01-29 19:10:00+00:00,1267.6,1260.4,552.9886332551049,3981.5181594366545,0.0039760176711895485,48,v3_short,timeout,False,A,True,0.017042764715164832,0.0037751423265073077,3.787281047814566e-05,0.7962962962962912,0.20370370370370877
CHMF,-1,2025-02-11 12:20:00+00:00,2025-02-11 14:10:00+00:00,1209.0,1221.09,582.0971498972513,-7037.55454225772,-0.006999999999999953,11,v3_short,sl,False,A,True,0.013068651778329348,0.0033887259693711606,,0.658227848101264,0.341772151898736
CHMF,-1,2025-02-20 13:10:00+00:00,2025-02-20 18:30:00+00:00,1352.4,1346.8,516.732598377844,2893.702550915997,0.002898550724637752,32,v3_short,opposite_signal,False,A,True,0.016565596805206396,0.0034836017717715245,,0.9285714285714329,0.07142857142856708
CHMF,1,2025-02-20 19:20:00+00:00,2025-02-21 06:50:00+00:00,1346.0,1347.0,520.694470900325,520.694470900325,0.0005200594353640416,69,v3_long,timeout,False,A,True,0.013079667063020148,0.0035338154286684883,-2.9726516052318672e-05,0.21590909090908944,0.7840909090909105
CHMF,-1,2025-02-21 21:00:00+00:00,2025-02-21 23:10:00+00:00,1372.0,1385.72,511.0927434121484,-7012.192439614691,-0.007000000000000013,13,v3_short,sl,False,A,True,0.012538270884968688,0.003918581574633052,-2.9158769499930417e-05,0.8372093023255844,0.16279069767441554
CHMF,-1,2025-02-24 19:30:00+00:00,2025-02-24 22:50:00+00:00,1404.4,1418.4440000000002,495.80654318836326,-6963.1070925374215,-0.007000000000000047,20,v3_short,sl,False,A,True,0.01694673882084873,0.0036823045937258393,-8.117345485616374e-05,0.7983193277310939,0.20168067226890604
CHMF,-1,2025-03-05 10:20:00+00:00,2025-03-05 10:30:00+00:00,1366.8,1380.468,505.87981730242996,-6914.365342889673,-0.007000000000000062,1,v3_short,sl,False,A,True,0.021071115013169415,0.00494725253285393,-0.00021802750951126852,0.8888888888888872,0.11111111111111287
CHMF,-1,2025-03-18 19:50:00+00:00,2025-03-19 06:50:00+00:00,1343.0,1336.2,511.24086265743745,3476.4378660705515,0.003544303797468331,66,v3_short,timeout,False,A,True,0.01488095238095238,0.003620019436345951,-0.0002038690476190449,0.65,0.35
CHMF,1,2025-03-27 22:00:00+00:00,2025-03-28 06:50:00+00:00,1198.2,1200.0,575.0542355660054,1035.0976240187836,0.0010515773660490467,53,v3_long,timeout,False,A,True,0.009180437322650642,0.0032531790883604354,-0.00034384910699382257,0.07272727272726859,0.9272727272727314
CHMF,1,2025-04-02 19:30:00+00:00,2025-04-02 20:10:00+00:00,1148.6,1155.4,600.517633111615,4083.5199051590916,0.004144175518022051,4,v3_long,opposite_signal,False,A,True,0.016364902506963947,0.0047218748223523425,0.00012012534818941662,0.15957446808510484,0.8404255319148951
CHMF,-1,2025-04-02 21:10:00+00:00,2025-04-03 06:50:00+00:00,1159.0,1161.4,597.5953557598036,-1434.228853823583,-0.0014495254529767589,58,v3_short,timeout,False,A,True,0.013807386952019331,0.00419857276704261,6.385916465308626e-05,0.8375000000000057,0.16249999999999432
CHMF,-1,2025-04-11 19:30:00+00:00,2025-04-11 21:50:00+00:00,1056.2,1048.2,654.8088024312968,5238.470419450375,0.005302026131414504,14,v3_short,opposite_signal,False,A,True,0.015906078394243472,0.004965818935034709,9.278545729975556e-05,0.8928571428571452,0.10714285714285472
CHMF,-1,2025-04-11 23:30:00+00:00,2025-04-11 23:50:00+00:00,1053.8,1058.6,659.7798314875224,-3166.9431911400775,-0.0031884608085025316,2,v3_short,weekend_exit,False,A,True,0.008920098690453683,0.0035207858053071155,-5.314101347504184e-05,0.8297872340425403,0.17021276595745968
CHMF,-1,2025-04-15 10:30:00+00:00,2025-04-15 11:10:00+00:00,1042.0,1026.37,665.1239214853676,10395.886892816368,0.010500000000000072,4,v3_short,tp,False,A,True,0.01765834932821506,0.003960914325597625,0.00012092130518234077,0.652173913043475,0.34782608695652495
CHMF,-1,2025-04-15 19:40:00+00:00,2025-04-16 06:50:00+00:00,1036.0,1043.4,676.0002384292709,-5002.4017643766665,-0.0050000000000000626,67,v3_short,timeout,False,A,True,0.01756756756756739,0.00446379323930342,-1.5444015444018954e-05,0.47252747252747224,0.5274725274725277
CHMF,-1,2025-04-16 12:30:00+00:00,2025-04-16 16:30:00+00:00,1037.6,1047.9759999999999,671.5830433477843,-6968.345657776594,-0.0069999999999999845,24,v3_short,sl,False,A,True,0.01753709770668727,0.0038089623978324956,,0.9120879120879049,0.08791208791209519
CHMF,1,2025-04-16 20:50:00+00:00,2025-04-17 06:50:00+00:00,1042.6,1041.4,663.683794184939,-796.4205530218061,-0.0008056781124111575,60,v3_long,timeout,False,A,True,0.015541059094397586,0.0038412141525834935,0.0003491941673062216,0.1481481481481393,0.8518518518518607
CHMF,-1,2025-04-17 10:50:00+00:00,2025-04-17 11:40:00+00:00,1051.0,1061.51,657.8489338059962,-6913.992294301014,-0.006999999999999994,5,v3_short,sl,False,A,True,0.01294498381877014,0.003093470397867867,0.00013706453455168563,0.6323529411764681,0.3676470588235319
CHMF,-1,2025-04-17 21:00:00+00:00,2025-04-18 06:50:00+00:00,1056.2,1055.8,650.0278686083045,260.01114744338093,0.00026510130657078553,59,v3_short,timeout,False,A,True,0.02101476713366132,0.0038289454365615823,-3.7864445285842126e-06,0.7117117117117155,0.2882882882882845
CHMF,-1,2025-04-18 20:10:00+00:00,2025-04-18 23:40:00+00:00,1030.0,1022.4,666.7392646867006,5067.21841161894,0.005165048543689336,21,v3_short,opposite_signal,False,A,True,0.012815533980582458,0.004715672676837724,-0.00040194174757281643,0.712121212121214,0.2878787878787859
CHMF,-1,2025-04-23 19:50:00+00:00,2025-04-23 22:40:00+00:00,1068.2,1059.8,646.2165282863087,5428.218837605053,0.005504587155963363,17,v3_short,opposite_signal,False,A,True,0.01609281437125753,0.004078577538799941,-0.000241392215568864,0.7674418604651169,0.2325581395348831
CHMF,1,2025-04-23 23:10:00+00:00,2025-04-24 07:10:00+00:00,1060.8,1057.8,654.3064184594255,-1962.9192553782764,-0.0019796380090497737,48,v3_long,timeout,False,A,True,0.01678295304544593,0.003952325791715875,-4.148595134829857e-05,0.14606741573033236,0.8539325842696677
CHMF,-1,2025-04-30 10:20:00+00:00,2025-04-30 12:10:00+00:00,1029.8,1040.098,672.668678600693,-6927.142052229939,-0.007000000000000002,11,v3_short,sl,False,A,True,0.02446601941747577,0.005399907535829864,-0.0001398058252427149,0.6746031746031734,0.32539682539682663
CHMF,1,2025-04-30 19:40:00+00:00,2025-04-30 22:00:00+00:00,1038.8,1054.3819999999998,662.1728973685337,10317.978086796413,0.01049999999999992,14,v3_long,tp,False,A,True,0.014833365440185023,0.004784576130587081,0.00036601810826430796,0.05194805194804869,0.9480519480519514
CHMF,-1,2025-05-07 12:10:00+00:00,2025-05-07 20:10:00+00:00,1011.8,1015.2,686.9814098114155,-2335.736793358875,-0.002352243526388677,48,v3_short,timeout,False,A,True,0.018778414706463728,0.0038421624827040947,,0.8210526315789426,0.1789473684210574
CHMF,-1,2025-05-08 10:30:00+00:00,2025-05-08 13:10:00+00:00,1028.4,1025.0,674.302581380629,2292.6287766942,0.0023142746013225042,16,v3_short,opposite_signal,False,A,True,0.01769739401011284,0.0036066617163466497,0.00027421236872811957,0.6263736263736298,0.3736263736263702
CHMF,-1,2025-05-15 20:30:00+00:00,2025-05-16 06:50:00+00:00,1029.8,1031.8,674.9442754277771,-1349.8885508555543,-0.0013594872790833172,62,v3_short,timeout,False,A,True,0.010683760683760575,0.003520289234574945,4.662004662004398e-05,0.7454545454545469,0.254545454545453
CHMF,1,2025-05-16 20:40:00+00:00,2025-05-16 23:40:00+00:00,1017.4,1027.2,682.241687487641,6685.968537378928,0.00674267741301361,18,v3_long,opposite_signal,False,A,True,0.01356398663259295,0.003911531193959782,-6.290544525260557e-05,0.0,1.0
CHMF,1,2025-05-22 19:40:00+00:00,2025-05-23 06:50:00+00:00,990.8,996.0,705.2814602604877,3667.4635933545683,0.0036737989503431894,67,v3_long,timeout,False,A,True,0.018570851836899452,0.0033450602687582973,0.00010092854259184498,0.15217391304347597,0.8478260869565241
CHMF,-1,2025-05-27 22:20:00+00:00,2025-05-28 06:50:00+00:00,951.2,953.0,737.3424046903274,-1327.2163284425558,-0.0013246425567703618,51,v3_short,timeout,False,A,True,0.006097560975609827,0.003381335713427503,-6.518082422203341e-05,0.9310344827586254,0.06896551724137458
CHMF,-1,2025-05-29 11:40:00+00:00,2025-05-29 13:10:00+00:00,991.6,1001.5160000000001,706.3645057599128,-7004.310439115334,-0.0070000000000000374,9,v3_short,sl,False,A,True,0.016135538523598225,0.003533126538787872,,0.9125000000000014,0.08749999999999858
CHMF,1,2025-05-29 19:20:00+00:00,2025-05-29 21:20:00+00:00,992.2,982.278,700.9957937957557,-6955.280266041506,-0.0070000000000000175,12,v3_long,sl,False,A,True,0.013908486192299892,0.003241611097170168,0.00018947792783712916,0.15942028985507628,0.8405797101449237
CHMF,-1,2025-05-30 10:20:00+00:00,2025-05-30 11:00:00+00:00,993.6,987.6,695.1080217571656,4170.648130542993,0.004227053140096618,4,v3_short,opposite_signal,False,A,True,0.017508553028778403,0.0033445457071941253,1.0062386798148521e-05,0.8620689655172425,0.13793103448275748
CHMF,-1,2025-05-30 12:20:00+00:00,2025-05-30 14:10:00+00:00,993.4,1003.334,698.1868171021742,-6935.787841092977,-0.0069999999999999785,11,v3_short,sl,False,A,True,0.011876006441223786,0.0032877079978529205,,0.7796610169491498,0.22033898305085023
CHMF,-1,2025-06-04 10:30:00+00:00,2025-06-04 11:50:00+00:00,1063.4,1056.2,647.6619640967978,4663.166141496973,0.004739514763964671,8,v3_short,opposite_signal,False,A,True,0.015231289958631109,0.0035385825156415782,0.00022376833396013285,0.6419753086419792,0.3580246913580209
CHMF,-1,2025-06-04 20:40:00+00:00,2025-06-05 06:50:00+00:00,1066.0,1050.01,649.1444173729668,10379.819233793745,0.010500000000000006,61,v3_short,gap_tp,False,A,True,0.014446529080675508,0.0037868055289657894,1.6885553470916764e-05,0.8051948051948064,0.19480519480519365
CHMF,-1,2025-06-05 10:20:00+00:00,2025-06-05 18:20:00+00:00,1062.6,1053.0,658.0593096021441,6317.369372180524,0.0063241106719367,48,v3_short,timeout,False,A,True,0.019198193111236463,0.004060122072544439,8.281573498964975e-05,0.7941176470588199,0.20588235294118007
CHMF,1,2025-06-16 19:20:00+00:00,2025-06-17 06:50:00+00:00,988.8,989.2,711.6464208573672,284.6585683430116,0.0002831715210356631,69,v3_long,timeout,False,A,True,0.011729019211324593,0.0032108293266750543,0.0001456016177957542,0.03448275862068763,0.9655172413793124
CHMF,-1,2025-06-19 20:10:00+00:00,2025-06-20 06:50:00+00:00,1014.0,1013.0,694.1570433349159,694.1570433349159,0.0006903353057199211,64,v3_short,timeout,False,A,True,0.007696862048549392,0.0030207464868718336,-0.0002545885139135579,0.7692307692307737,0.23076923076922629
CHMF,-1,2025-07-01 11:10:00+00:00,2025-07-01 11:20:00+00:00,1066.6,1059.4,660.3798536207944,4754.7349460696,0.0047252953309580665,1,v3_short,opposite_signal,False,A,True,0.014063378961185076,0.0035627226701668677,8.625539096193342e-05,0.839999999999994,0.16000000000000605
CHMF,-1,2025-07-24 19:20:00+00:00,2025-07-25 06:50:00+00:00,1029.6,1029.0,687.3440815211617,412.4064489126345,0.0004079254079253462,69,v3_short,timeout,False,A,True,0.012043512043512023,0.002953395810538661,-7.964257964257788e-05,0.7419354838709636,0.2580645161290364
CHMF,1,2025-08-11 20:50:00+00:00,2025-08-12 06:50:00+00:00,1121.0,1133.8,631.5594565998455,8083.961044477994,0.007992863514718972,60,v3_long,timeout,False,A,True,0.02533452274754671,0.004285532232518331,0.00036217662801070797,0.06338028169013955,0.9366197183098605
CHMF,-1,2025-08-12 20:00:00+00:00,2025-08-13 06:50:00+00:00,1111.2,1108.8,642.2218534733274,1541.3324483360443,0.0015118790496760832,65,v3_short,timeout,False,A,True,0.013858891288696986,0.003324223858009731,-0.00019978401727861606,0.9220779220779196,0.07792207792208042
CHMF,-1,2025-10-09 21:00:00+00:00,2025-10-10 06:50:00+00:00,929.4,930.8,769.0078075031167,-1076.610930504346,-0.0010544437271357695,59,v3_short,timeout,False,A,True,0.006673842841765265,0.0038311987873728528,0.0006329386437029059,0.8387096774193531,0.16129032258064693
CHMF,-1,2025-10-10 11:30:00+00:00,2025-10-10 16:20:00+00:00,926.6,912.701,770.5182696331142,10709.433429630655,0.0105,29,v3_short,tp,False,A,True,0.013595166163141896,0.0032369443245576263,,0.8253968253968296,0.17460317460317046
CHMF,1,2025-10-10 21:50:00+00:00,2025-10-10 23:50:00+00:00,909.4,904.8,793.3349813534036,-3649.3409142256746,-0.0035407961293160506,12,v3_long,weekend_exit,False,A,True,0.005496921723834652,0.0034731570728555186,-0.00030562884784520865,0.07999999999999545,0.9200000000000046
CHMF,1,2025-10-15 20:20:00+00:00,2025-10-16 06:50:00+00:00,873.8,876.2,822.7332265997107,1974.5597438393806,0.0019226367589838223,63,v3_long,timeout,False,A,True,0.008007320979180966,0.003959305067256817,-0.00013726835964310226,0.08571428571427273,0.9142857142857272
CHMF,-1,2025-10-17 10:40:00+00:00,2025-10-17 14:10:00+00:00,928.4,937.684,775.8363692627258,-7202.8648522351405,-0.006999999999999993,21,v3_short,sl,False,A,True,0.017884076707606143,0.004768462568974092,4.309416074121956e-05,0.4457831325301185,0.5542168674698815
CHMF,-1,2025-10-23 10:20:00+00:00,2025-10-23 18:20:00+00:00,895.0,891.0,799.155843382067,3196.623373528268,0.0031284916201117312,48,v3_short,timeout,False,A,True,0.012293249888243183,0.0038848798348127753,-0.0003017434063477873,0.7272727272727273,0.2727272727272727
SNGS,-1,2022-01-12 20:50:00+00:00,2022-01-13 06:50:00+00:00,40.805,40.95,17154.76044602377,-2487.4402646735,-0.0024874402646735,60,v3_short,timeout,False,A,True,0.01409141036637674,0.003395942374008791,0.000252420046562918,0.8782608695652175,0.1217391304347825
SNGS,1,2022-01-20 21:40:00+00:00,2022-01-21 06:50:00+00:00,36.405,36.2,19180.29918458257,-3931.9613328393943,-0.003941766240900943,55,v3_long,timeout,False,A,True,0.014556440538313682,0.003581657876004014,-2.0598736610821986e-05,0.08490566037736152,0.9150943396226384
SNGS,1,2022-01-25 11:00:00+00:00,2022-01-25 11:50:00+00:00,34.225,34.738375,20321.590033067667,10432.59628322604,0.010499999999999926,5,v3_long,tp,False,A,True,0.021466121495327086,0.00803738317757007,2.044392523364702e-05,0.14965986394557756,0.8503401360544224
SNGS,-1,2022-01-25 21:00:00+00:00,2022-01-25 21:30:00+00:00,34.6,34.946000000000005,20312.405672832345,-7028.0923628000655,-0.007000000000000074,3,v3_short,sl,False,A,True,0.021817656408033393,0.004482070244656165,-9.391706400809215e-05,0.9205298013245092,0.07947019867549077
SNGS,-1,2022-01-28 20:20:00+00:00,2022-01-28 23:50:00+00:00,36.01,35.735,19380.43797906246,5329.620444242149,0.005345737295195751,21,v3_short,weekend_exit,False,A,True,0.011522976537553773,0.0034594429191918434,0.0001249479383590139,0.626506024096382,0.373493975903618
SNGS,-1,2022-02-01 11:40:00+00:00,2022-02-01 17:40:00+00:00,36.54,35.9919,19201.431470635158,10524.304589055093,0.010499999999999964,36,v3_short,tp,False,A,True,0.015051997810618617,0.003760640205348892,,0.9636363636363582,0.03636363636364177
SNGS,1,2022-02-02 19:20:00+00:00,2022-02-03 06:50:00+00:00,35.76,35.76,19826.26731401978,0.0,0.0,69,v3_long,timeout,False,A,True,0.028107956929100696,0.003444644533802883,6.572507341630525e-05,0.08955223880596688,0.9104477611940331
SNGS,-1,2022-02-03 11:50:00+00:00,2022-02-03 19:50:00+00:00,35.72,35.395,19848.469181112745,6450.752483861557,0.0063689809630458295,48,v3_short,timeout,False,A,True,0.01471206389239172,0.0031432441268506926,,0.7619047619047613,0.23809523809523875
SNGS,-1,2022-02-04 19:40:00+00:00,2022-02-04 23:50:00+00:00,36.085,36.1,19772.837630263275,-296.5925644539604,-0.00029097963142581123,25,v3_short,weekend_exit,False,A,True,0.013032025509496711,0.0032594210566522373,-5.96145847774821e-05,0.9361702127659549,0.06382978723404513
SNGS,-1,2022-02-09 10:40:00+00:00,2022-02-09 16:30:00+00:00,36.9,36.3465,19330.494067559146,10699.428466393982,0.010499999999999994,35,v3_short,tp,False,A,True,0.010971149939049197,0.003079930981278935,9.7521332791548e-05,0.5061728395061672,0.4938271604938328
SNGS,-1,2022-02-11 20:10:00+00:00,2022-02-11 21:40:00+00:00,35.555,35.021675,20272.390128516618,10811.77246529108,0.010499999999999957,9,v3_short,tp,False,A,True,0.007874015748031328,0.003607010858336587,-0.0002741844769403808,0.32142857142856507,0.6785714285714349
SNGS,-1,2022-02-17 11:00:00+00:00,2022-02-17 16:40:00+00:00,35.48,34.947799999999994,20528.553318633378,10925.296076176748,0.010500000000000065,34,v3_short,tp,False,A,True,0.01267605633802825,0.003492957746478883,-0.00022816901408450767,0.733333333333325,0.2666666666666751
SNGS,-1,2022-02-18 10:20:00+00:00,2022-02-18 10:20:00+00:00,35.11,35.09,20962.710880046587,419.25421760084834,0.0003987467957845974,0,v3_short,opposite_signal,False,A,True,0.011098463289698365,0.003333604358077913,0.00013801935116676135,0.28205128205128016,0.7179487179487198
SNGS,-1,2022-09-22 13:20:00+00:00,2022-09-22 14:30:00+00:00,22.075,21.743875,33354.21322540232,11044.413854261347,0.010500000000000002,7,v3_short,tp,False,A,True,0.02853260869565213,0.006868961352657003,,0.5793650793650778,0.4206349206349222
SNGS,-1,2022-09-28 22:20:00+00:00,2022-09-29 09:50:00+00:00,18.265,18.415,40735.03129749463,-6110.254694624136,-0.005748699698877581,69,v3_short,timeout,False,A,True,0.011220580186097335,0.005132759179205342,-0.00030377668308702776,0.9756097560975656,0.024390243902434376
SNGS,1,2022-10-06 23:10:00+00:00,2022-10-07 09:50:00+00:00,18.6,18.5,39771.406901209804,-3977.140690121037,-0.003763440860215107,64,v3_long,timeout,False,A,True,0.006446414182111063,0.0032780235381823833,-0.00020950846091861435,0.29166666666667407,0.7083333333333259
SNGS,-1,2022-10-10 21:50:00+00:00,2022-10-11 09:50:00+00:00,18.36,18.4,40139.6606688136,-1605.5864267525099,-0.0015250544662309044,72,v3_short,timeout,False,A,True,0.010348583877995712,0.005190965274998906,0.0005392156862745071,0.5789473684210458,0.4210526315789543
SNGS,-1,2022-10-11 13:20:00+00:00,2022-10-11 21:20:00+00:00,18.575,18.68,39614.54963018525,-4159.527711169468,-0.003956931359353987,48,v3_short,timeout,False,A,True,0.02664155005382137,0.006138192629043005,,0.757575757575756,0.24242424242424396
SNGS,-1,2022-10-13 13:20:00+00:00,2022-10-13 13:50:00+00:00,18.78,18.9678,39027.08146873654,-7329.285899828696,-0.006999999999999974,3,v3_short,sl,False,A,True,0.03033528472591806,0.0050685521680731895,,0.7017543859649157,0.2982456140350843
SNGS,-1,2022-10-18 13:20:00+00:00,2022-10-18 14:30:00+00:00,19.66,19.365099999999998,37019.231426907034,10916.971347794955,0.01050000000000007,7,v3_short,tp,False,A,True,0.024415055951169728,0.005449789274814698,,0.6458333333333349,0.35416666666666513
SNGS,-1,2022-10-25 22:50:00+00:00,2022-10-26 09:50:00+00:00,20.74,20.8,35459.97925730225,-2127.5987554382154,-0.0020250723240116484,66,v3_short,timeout,False,A,True,0.00867888138862101,0.0033013205282112815,0.0004508196721311487,0.7499999999999901,0.2500000000000099
SNGS,-1,2022-10-28 13:20:00+00:00,2022-10-28 14:00:00+00:00,21.08,21.290799999999997,34817.393295428934,-7339.506506676384,-0.006999999999999966,4,v3_short,sl,False,A,True,0.01707779886148005,0.003512695400740933,,0.8888888888888812,0.1111111111111188
SNGS,-1,2022-11-11 13:20:00+00:00,2022-11-11 21:20:00+00:00,22.02,21.855,33097.774573704286,5461.132804661179,0.0052452316076294,48,v3_short,timeout,False,A,True,0.02703316674238993,0.005668419116851657,,0.831932773109242,0.168067226890758
SNGS,1,2022-12-15 22:10:00+00:00,2022-12-16 09:50:00+00:00,21.955,21.96,33369.883355783706,166.8494167790039,0.00015941698929636944,70,v3_long,timeout,False,A,True,0.005240373661426384,0.0031107453234198758,-0.00031670084301663263,0.17391304347825415,0.8260869565217458
SNGS,-1,2022-12-29 13:20:00+00:00,2022-12-29 21:20:00+00:00,21.705,21.825,33759.62145441034,-4051.1545745292747,-0.003870076019350412,48,v3_short,timeout,False,A,True,0.015200368493781752,0.0033449584347787988,,0.7727272727272654,0.22727272727273462
SNGS,-1,2023-01-10 13:20:00+00:00,2023-01-10 21:20:00+00:00,21.52,21.47,33918.065774433366,1695.9032887216924,0.001626394052044633,48,v3_short,timeout,False,A,True,0.02277480827329779,0.0038732667131458755,,0.7959183673469367,0.20408163265306328
SNGS,-1,2023-03-22 13:20:00+00:00,2023-03-22 21:20:00+00:00,23.06,23.0,31704.41924405513,1902.2651546432674,0.0018213356461404646,48,v3_short,timeout,False,A,True,0.01431049436253245,0.003252385082393769,,0.6363636363636315,0.36363636363636853
SNGS,-1,2023-04-06 13:20:00+00:00,2023-04-06 16:00:00+00:00,25.38,24.999299999999998,28858.766484482334,10986.53240064245,0.010500000000000027,16,v3_short,tp,False,A,True,0.01753349093774627,0.00498142519419116,,0.6966292134831428,0.3033707865168572
SNGS,-1,2023-05-04 13:20:00+00:00,2023-05-04 21:20:00+00:00,23.535,23.5,31447.8889337842,1100.6761126824515,0.0010410027618440662,48,v3_short,timeout,False,A,True,0.019974500637484013,0.00394632991318074,,0.393617021276594,0.6063829787234061
SNGS,-1,2023-05-11 13:20:00+00:00,2023-05-11 21:00:00+00:00,24.14,23.7779,30691.654487799875,11113.448090032385,0.010500000000000047,46,v3_short,tp,False,A,True,0.01698074135431767,0.003214704809237844,,0.7439024390243892,0.2560975609756107
SNGS,-1,2023-05-12 13:20:00+00:00,2023-05-12 21:20:00+00:00,23.92,23.825,31299.161914653494,2973.4203818921574,0.0027801003344482306,48,v3_short,timeout,False,A,True,0.018189420865565492,0.004012225839530865,,0.7356321839080487,0.2643678160919512
SNGS,-1,2023-05-18 13:20:00+00:00,2023-05-18 15:00:00+00:00,25.5,25.1175,29441.464598660245,11261.360208987551,0.010500000000000008,10,v3_short,tp,False,A,True,0.02667189645028436,0.005285817013606759,,0.7132352941176465,0.2867647058823535
SNGS,-1,2023-05-19 13:20:00+00:00,2023-05-19 21:20:00+00:00,24.47,24.27,31002.872881574476,6200.574576314873,0.0057212913771965464,48,v3_short,timeout,False,A,True,0.02167245961970972,0.004264392324093812,,0.8490566037735817,0.15094339622641825
SNGS,-1,2023-05-31 13:20:00+00:00,2023-05-31 21:20:00+00:00,24.445,24.395,31212.137517510648,1560.6068758755546,0.0014317856412354468,48,v3_short,timeout,False,A,True,0.01840867253016974,0.0034966737768946706,,0.8666666666666692,0.1333333333333307
SNGS,-1,2023-06-09 13:20:00+00:00,2023-06-09 21:20:00+00:00,25.73,25.55,29695.80747876644,5345.2453461779505,0.0048970073843762054,48,v3_short,timeout,False,A,True,0.020987174504469595,0.003932781818518313,,0.3148148148148164,0.6851851851851836
SNGS,-1,2023-06-23 13:20:00+00:00,2023-06-23 21:20:00+00:00,26.96,26.955,28479.777380229418,142.39888690121992,0.0001298219584570397,48,v3_short,timeout,False,A,True,0.017062314540059378,0.0037180302388017594,,0.760869565217393,0.239130434782607
SNGS,-1,2023-08-18 13:20:00+00:00,2023-08-18 20:40:00+00:00,30.315,30.61815,25331.17194101323,-7679.144773918127,-0.006999999999999969,44,v3_short,sl,False,A,True,0.015336411609498677,0.003965636386480712,,0.6344086021505415,0.3655913978494585
SNGS,-1,2023-08-29 13:20:00+00:00,2023-08-29 21:20:00+00:00,31.45,31.32,24246.075550081823,3151.9898215106127,0.0028934817170111066,48,v3_short,timeout,False,A,True,0.02257551669316378,0.003626315391021289,,0.8873239436619693,0.11267605633803064
SNGS,1,2023-09-07 23:30:00+00:00,2023-09-08 09:50:00+00:00,31.3,31.285,24432.762585467437,-366.49143878202545,-0.0003354632587859552,62,v3_long,timeout,False,A,True,0.0038338658146965174,0.0029634217904414284,-0.0004233226837060712,0.0,1.0
SNGS,-1,2023-09-21 13:20:00+00:00,2023-09-21 15:40:00+00:00,29.24,28.801399999999997,26145.312069698473,11467.333873769776,0.010500000000000023,14,v3_short,tp,False,A,True,0.016415868673050633,0.0037456843202397193,,0.718749999999997,0.281250000000003
SNGS,-1,2023-09-29 13:20:00+00:00,2023-09-29 14:10:00+00:00,30.62,30.9262,25229.133201489945,-7725.160586296233,-0.0070000000000000106,5,v3_short,sl,False,A,True,0.028077048645119146,0.005114811187289138,,0.8837209302325605,0.11627906976743946
SNGS,-1,2023-10-04 13:20:00+00:00,2023-10-04 14:30:00+00:00,33.785,34.12285,22705.59260675491,-7671.084462192217,-0.007000000000000064,7,v3_short,sl,False,A,True,0.021015243451235784,0.005792934311507642,,0.8732394366197137,0.12676056338028635
SNGS,-1,2023-10-05 23:30:00+00:00,2023-10-06 09:50:00+00:00,33.83,33.925,22516.66234394562,-2139.0829226748083,-0.001965710907478546,62,v3_short,timeout,False,A,True,0.01197870452528841,0.00306031906995272,-2.070393374740999e-05,0.9506172839506097,0.0493827160493903
SNGS,-1,2023-10-18 13:20:00+00:00,2023-10-18 16:10:00+00:00,33.095,32.598575,22971.48599636827,11403.619935747167,0.010500000000000044,17,v3_short,tp,False,A,True,0.011179936546306012,0.0032158504737444145,,0.8513513513513511,0.1486486486486489
SNGS,-1,2023-11-28 13:20:00+00:00,2023-11-28 21:20:00+00:00,31.805,31.895,24154.18528548439,-2173.8766756935916,-0.001980820625687782,48,v3_short,timeout,False,A,True,0.013356379635449426,0.0032100206518811004,,0.7647058823529382,0.23529411764706176
SNGS,-1,2023-12-21 13:20:00+00:00,2023-12-21 15:20:00+00:00,28.05,27.62925,27333.409958354558,11500.532239977727,0.01050000000000004,12,v3_short,tp,False,A,True,0.01497059347709849,0.0034795597083959362,,0.4761904761904766,0.5238095238095234
SNGS,-1,2024-01-11 13:20:00+00:00,2024-01-11 18:40:00+00:00,29.365,29.675,26383.53556614439,-8178.8960255048205,-0.007389749702026277,32,v3_short,gap_sl,False,A,True,0.0296119809394146,0.004886706214139849,,0.7873563218390781,0.21264367816092192
SNGS,-1,2024-01-19 13:20:00+00:00,2024-01-19 21:20:00+00:00,28.975,28.71,26541.06280179384,7033.381642475382,0.006402070750647124,48,v3_short,timeout,False,A,True,0.015015533310320978,0.0033860972763285484,,0.8505747126436829,0.14942528735631705
SNGS,-1,2024-02-22 13:20:00+00:00,2024-02-22 17:10:00+00:00,29.065,28.629025000000002,26628.269803258532,11609.259927475616,0.010499999999999978,23,v3_short,tp,False,A,True,0.013076393668272629,0.0035312817487628246,,0.9078947368421055,0.0921052631578945
SNGS,-1,2024-03-22 13:20:00+00:00,2024-03-22 21:20:00+00:00,28.725,28.455,27226.358356168574,7351.1167561656,0.0065796344647520355,48,v3_short,timeout,False,A,True,0.022454308093994763,0.003829416884247181,,0.7286821705426398,0.2713178294573601
SNGS,-1,2024-04-12 13:20:00+00:00,2024-04-12 21:20:00+00:00,31.705,31.635,24829.614430224196,1738.0730101156125,0.0015454975555905287,48,v3_short,timeout,False,A,True,0.0260211323135152,0.004055241399508881,,0.769696969696968,0.23030303030303206
SNGS,-1,2024-04-26 13:20:00+00:00,2024-04-26 14:50:00+00:00,33.77,33.263450000000006,23347.33718144326,11826.593649260018,0.010499999999999938,9,v3_short,tp,False,A,True,0.016878886585726983,0.003348985433675997,,0.824561403508782,0.175438596491218
SNGS,-1,2024-05-23 13:20:00+00:00,2024-05-23 15:00:00+00:00,32.91,33.23909999999999,24209.000065992746,-7967.181921718136,-0.006999999999999934,10,v3_short,sl,False,A,True,0.010786994834396962,0.002966242711001139,,0.8591549295774543,0.14084507042254565
SNGS,-1,2024-06-05 13:20:00+00:00,2024-06-05 14:10:00+00:00,29.09,28.65365,27196.327426147076,11867.1174723993,0.010500000000000023,5,v3_short,tp,False,A,True,0.020622100017185133,0.005286458972659369,,0.6499999999999994,0.3500000000000006
SNGS,-1,2024-06-14 13:20:00+00:00,2024-06-14 15:00:00+00:00,28.955,29.24455,27610.02062017952,-7994.481470573034,-0.007000000000000049,10,v3_short,sl,False,A,True,0.01743784530386737,0.004521836358852939,,0.504950495049504,0.49504950495049604
SNGS,1,2024-06-14 21:50:00+00:00,2024-06-14 23:50:00+00:00,29.16,29.125,27224.005830860657,-952.8402040801269,-0.0008401920438957511,12,v3_long,weekend_exit,False,A,True,0.010293360782295443,0.003056497946579562,0.00023160061760165083,0.13333333333333017,0.8666666666666698
SNGS,-1,2024-06-19 23:30:00+00:00,2024-06-20 09:50:00+00:00,27.13,27.0,29236.454916514587,3800.7391391468673,0.0033542204201990164,62,v3_short,timeout,False,A,True,0.017498618530115966,0.004014720642355286,-0.000259716338183827,0.7052631578947344,0.2947368421052657
SNGS,-1,2024-06-20 13:20:00+00:00,2024-06-20 14:40:00+00:00,27.755,27.338675,28673.952054852944,11937.683089236665,0.010500000000000011,8,v3_short,tp,False,A,True,0.03315315315315322,0.006117546117546101,,0.7934782608695642,0.20652173913043578
SNGS,-1,2024-06-26 13:20:00+00:00,2024-06-26 21:20:00+00:00,28.285,28.15,28432.098902065027,3838.3333517788233,0.003340993459430833,48,v3_short,timeout,False,A,True,0.010961810466760915,0.0035444871017714084,,0.8548387096774247,0.1451612903225753
SNGS,-1,2024-07-02 13:20:00+00:00,2024-07-02 16:10:00+00:00,30.64,30.1804,26334.48925558598,12103.331261867364,0.010500000000000042,17,v3_short,tp,False,A,True,0.022838499184339292,0.003977316864755689,,0.771428571428571,0.228571428571429
SNGS,-1,2024-07-03 13:20:00+00:00,2024-07-03 15:30:00+00:00,30.065,30.365650000000002,27119.9428795763,-8153.610826744642,-0.007000000000000023,13,v3_short,sl,False,A,True,0.014147802929427454,0.003931266248177046,,0.7764705882352971,0.22352941176470284
SNGS,-1,2024-07-10 13:20:00+00:00,2024-07-10 15:30:00+00:00,28.23,27.80655,28680.60769024939,12144.803326436077,0.010499999999999976,13,v3_short,tp,False,A,True,0.014346439957491944,0.004908658468700965,,0.8024691358024721,0.19753086419752783
SNGS,-1,2024-08-01 13:20:00+00:00,2024-08-01 18:00:00+00:00,28.165,27.742525,29048.63899961816,12272.323761363641,0.010499999999999964,28,v3_short,tp,False,A,True,0.016690340909090995,0.003060741341991352,,0.7553191489361673,0.24468085106383275
SNGS,1,2024-08-02 21:40:00+00:00,2024-08-02 23:50:00+00:00,26.98,26.955,30642.9037826983,-766.0725945675229,-0.0006486286137880465,13,v3_long,weekend_exit,False,A,True,0.007780659503519854,0.003568971123091691,-0.00036865505742867636,0.23809523809524052,0.7619047619047595
SNGS,-1,2024-08-15 13:20:00+00:00,2024-08-15 21:20:00+00:00,26.515,26.235,31160.071402640126,8724.81999273927,0.007392042240241403,48,v3_short,timeout,False,A,True,0.018658122879758668,0.004675748927539341,,0.838383838383841,0.161616161616159
SNGS,-1,2024-09-06 13:20:00+00:00,2024-09-06 15:20:00+00:00,22.985,23.21485,36211.297247592796,-8323.166672359168,-0.00699999999999997,12,v3_short,sl,False,A,True,0.01849031977376553,0.004816805991485129,,0.7647058823529382,0.23529411764706176
SNGS,-1,2024-09-24 13:20:00+00:00,2024-09-24 21:20:00+00:00,25.24,25.105,32745.26349307722,4420.610571565359,0.0037440570522978846,48,v3_short,timeout,False,A,True,0.024757377698554166,0.005121240415358075,,0.6879999999999995,0.31200000000000044
SNGS,-1,2024-09-26 13:20:00+00:00,2024-09-26 21:20:00+00:00,24.825,24.865,33417.3163329452,-1336.6926533177796,-0.0011278952668680525,48,v3_short,timeout,False,A,True,0.02114377768828025,0.004171221448708368,,0.7714285714285689,0.2285714285714311
SNGS,-1,2024-10-08 13:20:00+00:00,2024-10-08 21:20:00+00:00,26.2,26.04,31627.831798016883,5060.453087682706,0.004274809160305347,48,v3_short,timeout,False,A,True,0.01221374045801528,0.0035169029443838456,,0.8437499999999979,0.15625000000000208
SNGS,-1,2024-10-15 13:20:00+00:00,2024-10-15 14:40:00+00:00,25.9,26.159,32130.946342448653,-8321.915102694213,-0.00700000000000001,8,v3_short,sl,False,A,True,0.016599112140513402,0.0036304813374877223,,0.5813953488372097,0.41860465116279033
SNGS,-1,2024-11-01 13:20:00+00:00,2024-11-01 19:20:00+00:00,22.745,22.972450000000002,36331.77268399798,-8263.661696975378,-0.0070000000000000305,36,v3_short,sl,False,A,True,0.020663882171905863,0.005066524301521015,,0.7446808510638346,0.25531914893616536
SNGS,-1,2024-11-12 13:20:00+00:00,2024-11-12 21:20:00+00:00,25.175,25.105,32595.0985703933,2281.65689992754,0.0019463753723932547,48,v3_short,timeout,False,A,True,0.011921319292668417,0.0034439366845486325,,0.5333333333333325,0.46666666666666745
SNGS,-1,2024-11-13 13:20:00+00:00,2024-11-13 18:30:00+00:00,25.52,25.775199999999998,32217.0362985737,-8221.787663395962,-0.006999999999999961,31,v3_short,sl,False,A,True,0.02254018032144268,0.0034253607362192445,,0.7391304347826063,0.26086956521739374
SNGS,1,2024-11-22 23:30:00+00:00,2024-11-22 23:50:00+00:00,23.77,23.78,34346.803322474705,343.46803322480076,0.0002944888514935253,2,v3_long,weekend_exit,False,A,True,0.015578947368421095,0.003385606874328683,-0.0001873684210526287,0.05405405405405276,0.9459459459459473
SNGS,-1,2024-11-28 21:40:00+00:00,2024-11-29 09:50:00+00:00,23.81,23.8,34299.1996051441,342.9919960513728,0.0002939941201175392,73,v3_short,timeout,False,A,True,0.010709785804283873,0.0040113483444616915,-0.00014489710205795836,0.6470588235294109,0.35294117647058904
SNGS,-1,2024-12-04 13:20:00+00:00,2024-12-04 17:00:00+00:00,23.61,23.25585,34599.91685708246,12253.560554935775,0.010500000000000018,22,v3_short,tp,False,A,True,0.02054214315967808,0.004931324499304162,,0.7525773195876265,0.24742268041237347
SNGS,-1,2024-12-11 21:40:00+00:00,2024-12-12 09:50:00+00:00,23.07,23.09,35781.60075354018,-715.6320150707884,-0.0006068487212830387,73,v3_short,timeout,False,A,True,0.011706048124864494,0.002990660821016021,-1.5174506828529675e-05,0.9814814814814852,0.018518518518514864
SNGS,-1,2024-12-19 13:20:00+00:00,2024-12-19 15:10:00+00:00,22.365,22.588649999999998,36887.1266252458,-8249.805869736196,-0.006999999999999977,11,v3_short,sl,False,A,True,0.014978761457634736,0.003662184748703869,,0.7164179104477547,0.2835820895522453
SNGS,-1,2024-12-20 13:20:00+00:00,2024-12-20 13:30:00+00:00,22.645,22.87145,36176.0089584812,-8192.057228648062,-0.006999999999999993,1,v3_short,sl,False,A,True,0.019430337822919024,0.004489585633325946,,0.8068181818181804,0.19318181818181956
SNGS,-1,2025-02-17 22:10:00+00:00,2025-02-17 23:30:00+00:00,28.97,29.2597,28079.781940101944,-8134.712828047529,-0.006999999999999997,8,v3_short,sl,False,A,True,0.006904885206283421,0.003015602926825825,0.00015018125323666573,0.8749999999999889,0.1250000000000111
SNGS,-1,2025-02-27 10:20:00+00:00,2025-02-27 18:20:00+00:00,28.065,27.91,28782.36179672617,4461.266078492589,0.0038660252984144233,48,v3_short,timeout,False,A,True,0.01425008906305672,0.0033165385855090258,-0.00016387602422515173,0.7375000000000004,0.2624999999999997
SNGS,1,2025-02-27 19:20:00+00:00,2025-02-27 20:20:00+00:00,27.865,27.58635,29101.0181259668,-8108.998700800618,-0.006999999999999974,6,v3_long,sl,False,A,True,0.014721723518850992,0.0036236397611109075,1.077199281866931e-05,0.2195121951219508,0.7804878048780493
SNGS,1,2025-03-06 19:20:00+00:00,2025-03-07 06:50:00+00:00,27.315,27.26,29479.171553706918,-1621.3544354538722,-0.0014094819696137582,69,v3_long,timeout,False,A,True,0.01610836536701451,0.004038298460515453,-0.00016291414973458075,0.09090909090909678,0.9090909090909032
SNGS,1,2025-03-12 23:10:00+00:00,2025-03-13 07:10:00+00:00,25.955,25.925,30980.10490790548,-929.4031472370896,-0.0008090926603736586,48,v3_long,timeout,False,A,True,0.007321772639691628,0.00300027525461051,-0.00014836223506743663,0.07894736842103788,0.9210526315789621
SNGS,-1,2025-03-13 13:20:00+00:00,2025-03-13 15:30:00+00:00,25.845,25.457324999999997,31086.78818655913,12051.570610224358,0.010500000000000042,13,v3_short,tp,False,A,True,0.017991874637260586,0.0038245755018825323,,1.0,0.0
SNGS,1,2025-03-20 21:00:00+00:00,2025-03-21 06:50:00+00:00,26.11,26.12,31094.375339286777,310.9437533929164,0.00026809651474535024,59,v3_long,timeout,False,A,True,0.005936422826503163,0.0030092465940799924,-0.00017617770968977165,0.06451612903224624,0.9354838709677538
SNGS,-1,2025-03-25 11:10:00+00:00,2025-03-25 11:30:00+00:00,27.445,27.22,29589.790516893885,6657.702866301166,0.005738750227728219,2,v3_short,opposite_signal,False,A,True,0.012024048096192452,0.003496503496503493,0.00013663691018400177,0.8939393939393941,0.1060606060606059
SNGS,-1,2025-03-25 19:30:00+00:00,2025-03-26 06:50:00+00:00,27.185,27.375,30044.222650085107,-5708.402303516209,-0.004892403899209156,68,v3_short,timeout,False,A,True,0.016550202280250066,0.004631054334201506,-0.00019860242736299816,0.8111111111111089,0.18888888888889108
SNGS,-1,2025-03-27 10:20:00+00:00,2025-03-27 10:20:00+00:00,26.295,26.315,30909.158057809553,-618.1831611561779,-0.0005324206122836927,0,v3_short,opposite_signal,False,A,True,0.015773470163435926,0.0034479013954498393,-0.00013302926643861705,0.5421686746987997,0.4578313253012003
SNGS,-1,2025-03-27 22:40:00+00:00,2025-03-28 06:50:00+00:00,26.265,26.165,30927.987166087678,3092.798716608812,0.002665143727393908,49,v3_short,timeout,False,A,True,0.011986301369863062,0.003471251514304348,-0.00018835616438356336,0.8888888888888888,0.1111111111111111
SNGS,-1,2025-03-28 10:20:00+00:00,2025-03-28 11:50:00+00:00,26.11,26.025,31194.505630751402,2651.532978613896,0.0022788203753351436,9,v3_short,opposite_signal,False,A,True,0.013407393219689633,0.00361178756122253,-0.00014365064163953265,0.6857142857142854,0.31428571428571456
SNGS,1,2025-03-28 20:40:00+00:00,2025-03-28 23:50:00+00:00,25.55,25.475,31950.865561798386,-2396.3149171348564,-0.002054794520547926,19,v3_long,weekend_exit,False,A,True,0.011932707355242557,0.004000191625946141,-0.00033646322378716724,0.1475409836065631,0.8524590163934369
SNGS,-1,2025-04-01 10:50:00+00:00,2025-04-01 13:00:00+00:00,25.755,25.695,31631.418934651698,1897.8851360790613,0.0016307513104251254,13,v3_short,opposite_signal,False,A,True,0.012228260869565128,0.003137939958592123,0.00010481366459627175,0.7142857142857126,0.2857142857142873
SNGS,-1,2025-04-02 21:10:00+00:00,2025-04-03 06:50:00+00:00,25.22,25.265,32355.103658097138,-1455.9796646144264,-0.0012490087232355747,58,v3_short,timeout,False,A,True,0.023186682520808456,0.005217306898978375,8.521601268331487e-05,0.7863247863247853,0.21367521367521466
SNGS,-1,2025-04-04 10:40:00+00:00,2025-04-04 11:20:00+00:00,24.855,24.77,32789.23872428001,2787.085291563829,0.0023938845302756227,4,v3_short,opposite_signal,False,A,True,0.014274225975070382,0.0037936399713291817,8.041817450743697e-05,0.7887323943661995,0.21126760563380056
SNGS,1,2025-04-16 20:50:00+00:00,2025-04-17 06:50:00+00:00,23.385,23.45,34933.82459679599,2270.6985987916596,0.0019456916827025187,60,v3_long,timeout,False,A,True,0.015180671370536533,0.003063188071893275,0.00037417147744280525,0.0,1.0
SNGS,-1,2025-04-17 20:50:00+00:00,2025-04-18 06:50:00+00:00,23.635,23.55,34631.56239539786,2943.6828036088473,0.0025174529299767543,60,v3_short,timeout,False,A,True,0.01354784081287046,0.0030802329399160153,2.5402201524133052e-05,1.015625000000008,-0.01562500000000798
SNGS,-1,2025-04-18 10:20:00+00:00,2025-04-18 11:00:00+00:00,23.6,23.836000000000002,34770.235388887915,-8205.775551777571,-0.007000000000000021,4,v3_short,sl,False,A,True,0.012923728813559309,0.0032082324455205663,-0.0001949152542372885,0.7213114754098446,0.27868852459015536
SNGS,-1,2025-04-18 20:00:00+00:00,2025-04-18 23:50:00+00:00,23.715,23.62,34359.414391377206,3264.1443671807956,0.002804132405650399,23,v3_short,weekend_exit,False,A,True,0.011382799325463875,0.004005059021922435,3.372681281619115e-05,0.7037037037037003,0.2962962962962997
SNGS,-1,2025-04-23 12:10:00+00:00,2025-04-23 17:10:00+00:00,24.305,23.940424999999998,33619.35459158761,12256.776200228123,0.01050000000000006,30,v3_short,tp,False,A,True,0.0220164609053498,0.0037358539094649854,,0.906542056074765,0.09345794392523495
SNGS,-1,2025-04-23 19:50:00+00:00,2025-04-24 06:50:00+00:00,24.19,24.0,34133.86344310445,6485.434054189889,0.0054981397271600205,66,v3_short,timeout,False,A,True,0.013432527381690549,0.0034414261674911824,2.0665426741072776e-06,0.7846153846153856,0.21538461538461437
SNGS,1,2025-04-29 19:30:00+00:00,2025-04-30 06:50:00+00:00,23.85,23.825,34810.81595499494,-870.2703988749478,-0.0007337526205451358,68,v3_long,timeout,False,A,True,0.023060796645702184,0.0036323963547683076,0.00014675052410901526,0.0,1.0
SNGS,1,2025-04-30 19:20:00+00:00,2025-05-02 06:50:00+00:00,23.245,23.455,35690.63330812721,7495.0329947066175,0.006323940632393982,213,v3_long,timeout,False,A,True,0.012690901269090046,0.004108849390476769,-0.000126909012690902,0.05084745762712089,0.9491525423728792
SNGS,1,2025-05-07 20:20:00+00:00,2025-05-08 06:50:00+00:00,22.915,22.995,36433.571649300095,2914.685731944075,0.0024438140955706437,63,v3_long,timeout,False,A,True,0.020951549541684874,0.004636599292707036,9.821038847664526e-05,0.46874999999999517,0.5312500000000049
SNGS,-1,2025-05-29 10:30:00+00:00,2025-05-29 11:00:00+00:00,22.29,22.16,37546.6834614658,4881.068849990516,0.004082548227904859,3,v3_short,opposite_signal,False,A,True,0.012786002691790047,0.003374933724866447,8.299685957828724e-05,0.8070175438596502,0.19298245614034978
SNGS,-1,2025-05-29 11:50:00+00:00,2025-05-29 19:30:00+00:00,22.28,21.945800000000002,37716.89059923994,12604.984838265957,0.010499999999999973,46,v3_short,tp,False,A,True,0.012342908438061136,0.0031941950927588296,,0.8000000000000026,0.19999999999999743
SNGS,-1,2025-05-30 19:20:00+00:00,2025-05-30 23:50:00+00:00,22.05,21.965,38510.467661580595,3273.3897512343833,0.0026984126984127255,27,v3_short,weekend_exit,False,A,True,0.007711499206169276,0.0030179456677204937,9.072352007258009e-05,0.8823529411764742,0.11764705882352572
SNGS,1,2025-06-06 23:40:00+00:00,2025-06-06 23:50:00+00:00,21.995,21.985,38710.94270351062,-387.10942703516673,-0.00031825414867020204,1,v3_long,weekend_exit,False,A,True,0.006819731757217485,0.003261409132873404,-0.0004523755398954296,0.33333333333334125,0.6666666666666587
SNGS,-1,2025-09-24 11:20:00+00:00,2025-09-24 19:20:00+00:00,21.49,21.51,39608.01340925042,-792.1602681851323,-0.0006514657980457044,48,v3_short,timeout,False,A,True,0.012563983248022317,0.0030763662685486855,-6.281991624011406e-05,0.8888888888888845,0.11111111111111549
SNGS,-1,2025-10-10 11:50:00+00:00,2025-10-10 13:30:00+00:00,20.695,20.384575,41102.76375825378,12759.325439655873,0.010499999999999954,10,v3_short,tp,False,A,True,0.016203143893591163,0.003552516365759072,,0.7611940298507495,0.23880597014925056
SNGS,1,2025-10-10 21:10:00+00:00,2025-10-10 23:50:00+00:00,20.22,20.205,42510.05063228591,-637.6507594843127,-0.0005192878338279128,16,v3_long,weekend_exit,False,A,True,0.014582303509639233,0.003596396541809999,-0.0003114186851211085,0.2542372881355893,0.7457627118644107
SNGS,-1,2025-10-23 10:20:00+00:00,2025-10-23 11:10:00+00:00,19.935,19.9,43095.40347394944,1508.3391215882364,0.0012289942312515725,5,v3_short,opposite_signal,False,A,True,0.012296110414052748,0.004086753898548137,-0.00014052697616060282,0.7551020408163183,0.24489795918368176
SNGS,-1,2025-10-28 10:20:00+00:00,2025-10-28 18:20:00+00:00,19.88,19.78,43267.74173230854,4326.774173230761,0.0035211267605633045,48,v3_short,timeout,False,A,True,0.019124308002013212,0.0031394540705059213,6.0392551585303196e-05,0.8421052631578898,0.1578947368421102
PIKK,1,2022-01-04 19:20:00+00:00,2022-01-04 21:20:00+00:00,1166.7,1180.0,599.982857632639,7979.772006514072,0.007979772006514072,12,v3_long,opposite_signal,False,A,True,0.015085283277620562,0.004801612082220399,-0.00014485300419988078,0.09659090909091217,0.9034090909090878
PIKK,1,2022-01-12 20:20:00+00:00,2022-01-12 21:40:00+00:00,1251.4,1261.5,563.8371746879973,5694.755464348721,0.005649672366948966,8,v3_long,opposite_signal,False,A,True,0.02005753556017253,0.004086851297974852,0.00015023174045069668,0.3784860557768938,0.6215139442231062
PIKK,-1,2022-01-12 22:00:00+00:00,2022-01-13 06:50:00+00:00,1259.9,1265.0,563.1972134531342,-2872.305788610933,-0.002833558218906211,53,v3_short,timeout,False,A,True,0.01594605315351044,0.003440487658768394,0.0001356604522015066,0.8955223880597055,0.10447761194029445
PIKK,1,2022-01-19 23:10:00+00:00,2022-01-20 07:00:00+00:00,1126.6,1115.3339999999998,628.0503773988783,-7075.615551775811,-0.007000000000000048,47,v3_long,sl,False,A,True,0.009142552813775923,0.004785937098077293,-0.00018018817681519374,0.4077669902912463,0.5922330097087537
PIKK,-1,2022-01-20 22:10:00+00:00,2022-01-20 23:30:00+00:00,1113.8,1124.9379999999999,630.8211746196204,-7026.086242913281,-0.00699999999999995,8,v3_short,sl,False,A,True,0.0173311781609195,0.004698862303542113,-0.00013110632183908373,0.6787564766839347,0.3212435233160653
PIKK,-1,2022-02-02 23:20:00+00:00,2022-02-03 07:20:00+00:00,981.1,974.1,711.1307348091875,4977.915143664312,0.004994394047497706,48,v3_short,timeout,False,A,True,0.0071275837491090515,0.0034141749562058847,-4.8874859993890174e-05,0.8571428571428571,0.14285714285714285
PIKK,-1,2022-02-04 20:50:00+00:00,2022-02-04 23:50:00+00:00,936.5,945.0,748.7185312566567,-6364.107515681581,-0.006353443673251468,18,v3_short,weekend_exit,False,A,True,0.01698173662287726,0.004647036642276255,-0.0003620634412047431,0.7798742138364777,0.22012578616352232
PIKK,-1,2022-02-08 19:50:00+00:00,2022-02-09 06:50:00+00:00,907.0,906.0,768.1587974210385,768.1587974210385,0.0007717750826901874,66,v3_short,timeout,False,A,True,0.0176444640494045,0.0036706786817064696,-0.00034406704896338823,1.0,0.0
PIKK,-1,2022-02-11 11:00:00+00:00,2022-02-11 11:30:00+00:00,932.2,941.522,747.9701141590609,-6972.577404190768,-0.007000000000000002,3,v3_short,sl,False,A,True,0.023490292824198195,0.00691193821731203,-0.0002005792126997728,0.5570776255707789,0.4429223744292211
PIKK,-1,2022-02-11 12:50:00+00:00,2022-02-11 14:20:00+00:00,935.4,944.754,740.1934319394303,-6923.769362361462,-0.007000000000000032,9,v3_short,sl,False,A,True,0.02309913378248318,0.006359985265984625,,0.7129629629629611,0.28703703703703887
PIKK,-1,2022-02-11 19:20:00+00:00,2022-02-11 21:40:00+00:00,943.6,929.446,728.6247326011975,10312.954465237346,0.010499999999999997,14,v3_short,tp,False,A,True,0.01195767195767191,0.004662563438073634,0.0002391534391534382,0.6194690265486751,0.3805309734513249
PIKK,-1,2022-02-15 23:10:00+00:00,2022-02-16 07:00:00+00:00,941.9,951.319,737.6041679670411,-6947.493658081547,-0.006999999999999986,47,v3_short,sl,False,A,True,0.008386411889596579,0.004367606915377626,0.00037791932059447886,0.9873417721518958,0.01265822784810418
PIKK,-1,2022-02-16 21:40:00+00:00,2022-02-17 07:00:00+00:00,949.0,934.765,726.961138300842,10348.291803712496,0.010500000000000011,56,v3_short,tp,False,A,True,0.012539515279241282,0.003193479710113749,-0.00022655426765015804,0.7563025210084048,0.2436974789915952
PIKK,1,2022-09-13 22:30:00+00:00,2022-09-13 23:10:00+00:00,798.9,801.9,872.6122474779044,2617.836742433713,0.0026286143447239955,4,v3_long,opposite_signal,False,A,True,0.008635794743429258,0.003450741998927228,-0.0002615769712140187,0.11594202898550104,0.884057971014499
PIKK,-1,2022-10-03 21:50:00+00:00,2022-10-04 09:50:00+00:00,578.0,579.0,1209.2775263491374,-1209.2775263491374,-0.0012110726643598615,72,v3_short,timeout,False,A,True,0.013667820069204114,0.006055363321799288,0.00017474048442906812,0.7594936708860781,0.24050632911392186
PIKK,1,2022-10-17 21:50:00+00:00,2022-10-18 09:50:00+00:00,627.6,635.4,1112.3580560251066,8676.392836995781,0.008699808795411039,72,v3_long,timeout,False,A,True,0.014980079681274865,0.004462151394422294,0.0003378486055776864,0.39361702127660153,0.6063829787233984
PIKK,-1,2022-10-19 23:30:00+00:00,2022-10-20 09:50:00+00:00,608.9,609.0,1156.494319177622,-115.64943191778849,-0.00011496140581378866,62,v3_short,timeout,False,A,True,0.012173054778746467,0.003263157541351795,-0.00016614574765586295,0.7972972972972967,0.20270270270270332
PIKK,-1,2022-10-27 22:40:00+00:00,2022-10-28 09:50:00+00:00,622.3,621.5,1131.4614114493195,905.1691291594042,0.0008998875140606913,67,v3_short,timeout,False,A,True,0.007710843373493903,0.0035964265224161895,-0.00035983935742972035,0.8958333333333324,0.10416666666666766
PIKK,1,2022-11-18 13:20:00+00:00,2022-11-18 17:30:00+00:00,619.3,628.5894999999999,1137.9655332396628,10571.13082102982,0.010499999999999973,25,v3_long,tp,False,A,True,0.019376715646697885,0.0037215596718260828,,0.06666666666666288,0.9333333333333371
PIKK,-1,2023-01-18 13:20:00+00:00,2023-01-18 21:20:00+00:00,616.5,612.2,1155.1368147770381,4967.088303541212,0.004882400648823955,48,v3_short,timeout,False,A,True,0.02497972424979739,0.004055150040551544,,0.8896103896103873,0.11038961038961269
PIKK,-1,2023-02-17 13:20:00+00:00,2023-02-17 21:20:00+00:00,601.8,606.0,1189.1306216725206,-4994.34861102464,-0.004885343968095766,48,v3_short,timeout,False,A,True,0.014625228519195536,0.0031577197939172052,,0.7045454545454505,0.2954545454545496
PIKK,-1,2023-03-22 13:20:00+00:00,2023-03-22 21:20:00+00:00,644.9,642.9,1104.237500534665,2208.47500106933,0.0021708792060784617,48,v3_short,timeout,False,A,True,0.022173980462087076,0.004260535040500922,,0.818181818181816,0.181818181818184
PIKK,-1,2023-03-23 13:20:00+00:00,2023-03-23 21:20:00+00:00,645.7,646.6,1105.263584629943,-994.7372261669235,-0.0009756853027721606,48,v3_short,timeout,False,A,True,0.01858160421183029,0.003421374743765609,,0.6416666666666705,0.35833333333332956
PIKK,-1,2023-04-05 13:20:00+00:00,2023-04-05 21:20:00+00:00,651.8,654.2,1093.8514583265378,-2625.24349998379,-0.002577477753912341,48,v3_short,timeout,False,A,True,0.022859772936483724,0.0038282265959467625,,0.6711409395973114,0.32885906040268864
PIKK,1,2023-04-13 13:20:00+00:00,2023-04-13 21:20:00+00:00,651.8,651.7,1091.0320805266165,-109.10320805256242,-0.00010739490641291246,48,v3_long,timeout,False,A,True,0.02424056459036525,0.003251070296176132,,0.21518987341771914,0.7848101265822809
PIKK,1,2023-04-27 13:20:00+00:00,2023-04-27 14:40:00+00:00,694.6,687.654,1023.694698879372,-7110.583378416145,-0.007000000000000026,8,v3_long,sl,False,A,True,0.021019291678664013,0.0030987344549106514,,0.17808219178082318,0.8219178082191768
PIKK,1,2023-04-28 21:40:00+00:00,2023-04-28 23:50:00+00:00,683.0,688.9,1033.7934545779217,6099.381382009715,0.0060468521229868,13,v3_long,weekend_exit,False,A,True,0.01229868228404113,0.003385424447963661,-0.00032942898975109813,0.023809523809528964,0.9761904761904711
PIKK,1,2023-06-01 13:20:00+00:00,2023-06-01 17:40:00+00:00,706.0,698.9399999999999,1006.1621762664691,-7103.504964441332,-0.007000000000000058,26,v3_long,sl,False,A,True,0.023242630385487496,0.0036578123312816916,,0.18292682926829293,0.817073170731707
PIKK,-1,2023-06-15 21:50:00+00:00,2023-06-15 22:30:00+00:00,751.6,748.7,938.5019198629835,2721.655567602631,0.00270090473656198,4,v3_short,opposite_signal,False,A,True,0.006522028483961104,0.003688844098800171,0.00046186609876214626,0.3265306122449041,0.6734693877550959
PIKK,1,2023-06-15 22:50:00+00:00,2023-06-16 09:50:00+00:00,749.0,754.8,944.3033402754877,5476.959373597786,0.00542056074766351,66,v3_long,timeout,False,A,True,0.009479305740988014,0.0034876433884635264,0.00032977303070760774,0.3521126760563369,0.6478873239436631
PIKK,-1,2023-06-22 13:20:00+00:00,2023-06-22 21:20:00+00:00,779.9,776.5,911.805453811846,3100.1385429602556,0.0030516732914476013,48,v3_short,timeout,False,A,True,0.016929588303193594,0.003145287870182046,,0.6893939393939388,0.3106060606060613
PIKK,-1,2023-06-23 13:20:00+00:00,2023-06-23 21:20:00+00:00,771.7,772.0,924.3062983127262,-277.29188949377584,-0.0002721264740183597,48,v3_short,timeout,False,A,True,0.012953367875647668,0.0030656303972366036,,0.7600000000000022,0.23999999999999772
PIKK,-1,2023-06-30 13:20:00+00:00,2023-06-30 18:20:00+00:00,749.3,756.793,951.6789885029832,-7130.930660852902,-0.00700000000000005,30,v3_short,sl,False,A,True,0.016426282051282142,0.0032114875864875936,,0.6097560975609723,0.3902439024390278
PIKK,1,2023-07-04 13:20:00+00:00,2023-07-04 17:10:00+00:00,761.8,754.1819999999999,929.5109144430141,-7081.01414622693,-0.007000000000000049,23,v3_long,sl,False,A,True,0.025334733525859746,0.0038817837452649827,,0.30051813471502425,0.6994818652849757
PIKK,-1,2023-07-11 13:20:00+00:00,2023-07-11 18:20:00+00:00,762.6,770.226,922.0360670342634,-7031.447047203271,-0.0069999999999999785,30,v3_short,sl,False,A,True,0.019150052465897197,0.0029668215659821185,,0.6232876712328773,0.3767123287671227
PIKK,-1,2023-08-02 13:20:00+00:00,2023-08-02 13:30:00+00:00,810.0,818.1,862.0033231941816,-6982.22691787289,-0.007000000000000021,1,v3_short,sl,False,A,True,0.011737089201877935,0.003506418628731448,,0.747368421052634,0.25263157894736604
PIKK,-1,2023-08-18 13:20:00+00:00,2023-08-18 16:40:00+00:00,778.7,786.4870000000001,890.3751546741696,-6933.35132944779,-0.0070000000000000305,20,v3_short,sl,False,A,True,0.019260400616332822,0.004035512510088782,,0.7133333333333364,0.2866666666666636
PIKK,-1,2023-08-21 22:30:00+00:00,2023-08-22 09:50:00+00:00,848.0,847.8,811.888899780852,162.37777995620732,0.00016509433962267906,68,v3_short,timeout,False,A,True,0.008726415094339596,0.003549768964189444,0.0002158018867924523,0.7972972972972967,0.20270270270270332
PIKK,1,2023-09-06 13:20:00+00:00,2023-09-06 21:20:00+00:00,824.0,824.3,835.6740915778298,250.70222747331096,0.0002548543689320002,48,v3_long,timeout,False,A,True,0.020135856380397894,0.003587024329382396,,0.2108433734939756,0.7891566265060244
PIKK,-1,2023-09-21 13:20:00+00:00,2023-09-21 15:30:00+00:00,747.0,735.795,922.0494551798704,10331.564145290486,0.01050000000000004,13,v3_short,tp,False,A,True,0.03348064818534886,0.00566938975938574,,0.68,0.32
PIKK,-1,2023-10-19 13:20:00+00:00,2023-10-19 21:20:00+00:00,767.4,765.4,906.962520095213,1813.925040190426,0.0018243419338024498,48,v3_short,timeout,False,A,True,0.014464425332290882,0.0030902118470531267,,0.43243243243242746,0.5675675675675725
PIKK,-1,2023-11-01 13:20:00+00:00,2023-11-01 13:50:00+00:00,718.5,725.6850000000001,970.4562080016698,-6972.727854492055,-0.007000000000000057,3,v3_short,sl,False,A,True,0.020320111343075885,0.0032673890711468895,,0.8972602739726029,0.1027397260273971
PIKK,-1,2023-11-30 13:20:00+00:00,2023-11-30 21:20:00+00:00,682.1,676.6,1015.0885148087602,5582.986831448181,0.005644333675414162,48,v3_short,timeout,False,A,True,0.032517943459792066,0.0045896196474781315,,0.36936936936937065,0.6306306306306293
PIKK,-1,2023-12-13 13:20:00+00:00,2023-12-13 21:20:00+00:00,672.6,671.4,1035.2363466147324,1242.283615937726,0.0012488849241748911,48,v3_short,timeout,False,A,True,0.016352014270848817,0.0037022092916250754,,0.6000000000000021,0.3999999999999979
PIKK,1,2023-12-19 13:20:00+00:00,2023-12-19 17:00:00+00:00,676.5,669.735,1030.5536811001114,-6971.695652642239,-0.0069999999999999845,22,v3_long,sl,False,A,True,0.02305986696230602,0.0041389504804138924,,0.13461538461538589,0.8653846153846141
PIKK,-1,2024-01-09 13:20:00+00:00,2024-01-09 21:20:00+00:00,706.1,706.6,980.440983298932,-490.220491649466,-0.0004956804985129585,48,v3_short,timeout,False,A,True,0.02039371193881883,0.003756381464921312,,0.4930555555555579,0.5069444444444421
PIKK,-1,2024-01-17 13:20:00+00:00,2024-01-17 21:20:00+00:00,715.4,710.5,967.2158568118831,4739.357698378205,0.004794520547945182,48,v3_short,timeout,False,A,True,0.01846412085606385,0.004382897374924229,,0.5,0.5
PIKK,-1,2024-02-14 23:00:00+00:00,2024-02-15 09:50:00+00:00,846.3,842.5,821.5334684533689,3121.8271801227643,0.003143093465674074,65,v3_short,timeout,False,A,True,0.022222222222222303,0.0034689052926134925,-0.00020921985815602892,0.7393617021276557,0.2606382978723443
PIKK,-1,2024-02-15 13:20:00+00:00,2024-02-15 13:20:00+00:00,854.4,862.944,816.3027310137778,-6974.490533781704,-0.006999999999999985,0,v3_short,sl,False,A,True,0.024812734082397057,0.0037899054752987276,,0.8301886792452823,0.1698113207547177
PIKK,-1,2024-02-16 21:40:00+00:00,2024-02-16 23:00:00+00:00,867.3,875.973,798.5321226847973,-6925.669100045248,-0.007000000000000002,8,v3_short,sl,False,A,True,0.012683039317421884,0.005534417156693174,-0.0002836388792805247,0.9636363636363554,0.03636363636364463
PIKK,-1,2024-02-29 22:00:00+00:00,2024-03-01 09:50:00+00:00,880.4,875.0,781.143731979206,4218.176152687694,0.004293502953203071,71,v3_short,timeout,False,A,True,0.007837346660608919,0.0036671642759784446,-4.8841435711042504e-05,0.9565217391304255,0.04347826086957453
PIKK,-1,2024-03-26 21:50:00+00:00,2024-03-27 09:50:00+00:00,879.5,880.4,785.3003580913864,-706.7703222822299,-0.0007163160886867357,72,v3_short,timeout,False,A,True,0.011142694712905007,0.002979429406782613,-4.775440591245077e-05,0.8979591836734689,0.10204081632653109
PIKK,-1,2024-03-29 13:20:00+00:00,2024-03-29 21:20:00+00:00,889.9,885.8,775.5668341563961,3179.8240200412415,0.0032250814698280886,48,v3_short,timeout,False,A,True,0.02067415730337076,0.003226324237560172,,0.4510869565217372,0.5489130434782628
PIKK,1,2024-05-08 13:20:00+00:00,2024-05-08 21:20:00+00:00,844.0,842.6,820.3824674523764,-1148.5354544333084,-0.0011611374407582752,48,v3_long,timeout,False,A,True,0.011604499703966925,0.0030843835461952587,,0.02040816326531062,0.9795918367346894
PIKK,1,2024-05-21 13:20:00+00:00,2024-05-21 16:00:00+00:00,837.6,829.224,825.6910550521757,-6915.988277117004,-0.00699999999999998,16,v3_long,sl,False,A,True,0.017791044776119376,0.003906183368869932,,0.16778523489932912,0.8322147651006709
PIKK,1,2024-05-22 22:30:00+00:00,2024-05-23 09:50:00+00:00,843.4,841.3,814.2727483017792,-1709.9727714337548,-0.0017429452217216223,68,v3_long,timeout,False,A,True,0.012093905620109136,0.0032037477072878024,0.0005323689826891166,0.0,1.0
PIKK,1,2024-06-03 23:30:00+00:00,2024-06-04 09:50:00+00:00,832.3,834.2,823.6941667400177,1565.0189168061086,0.0015979814970564262,62,v3_long,timeout,False,A,True,0.014903846153846127,0.004871467817896388,0.00030168269230769127,0.09677419354838178,0.9032258064516182
PIKK,1,2024-06-07 21:40:00+00:00,2024-06-07 23:50:00+00:00,854.0,854.4,804.0470353858091,321.61881415430537,0.00032786885245899774,13,v3_long,weekend_exit,False,A,True,0.012895662368112544,0.004091202717898419,0.00026494724501758394,0.18181818181818182,0.8181818181818182
PIKK,-1,2024-06-13 23:30:00+00:00,2024-06-14 09:50:00+00:00,856.9,859.0,801.5886350675564,-1683.3361336418868,-0.0017154860543820937,62,v3_short,timeout,False,A,True,0.008869179600886944,0.0032318680769075035,0.00014120667522464858,0.8947368421052545,0.1052631578947455
PIKK,-1,2024-06-18 13:20:00+00:00,2024-06-18 21:20:00+00:00,856.1,848.7,800.9612966894518,5927.113595501925,0.0060506950122649035,48,v3_short,timeout,False,A,True,0.01366662773040538,0.004166179963399913,,0.7777777777777767,0.2222222222222233
PIKK,-1,2024-06-20 13:20:00+00:00,2024-06-20 15:00:00+00:00,880.6,889.4060000000001,783.3885369210664,-6898.519456126942,-0.007000000000000031,10,v3_short,sl,False,A,True,0.028049057460822216,0.005921287433892482,,0.7004048582995966,0.2995951417004034
PIKK,-1,2024-06-25 22:30:00+00:00,2024-06-26 09:50:00+00:00,939.5,940.7,729.1356913181503,-874.9628295818135,-0.0008940926024481445,68,v3_short,timeout,False,A,True,0.01223925074499787,0.0030603556876135016,-8.301404853128942e-05,0.6173913043478281,0.3826086956521719
PIKK,1,2024-07-09 22:20:00+00:00,2024-07-10 09:50:00+00:00,833.8,832.1,820.8329431670604,-1395.4160033839466,-0.0014272007675701034,69,v3_long,timeout,False,A,True,0.008634128792421208,0.00402583386154557,-6.835351960666801e-05,0.138888888888888,0.8611111111111119
PIKK,-1,2024-07-12 21:40:00+00:00,2024-07-12 23:50:00+00:00,861.6,867.0,793.2146202533963,-4283.358949368322,-0.004387186629526444,13,v3_short,weekend_exit,False,A,True,0.007660167130919247,0.003628749549959255,0.0001891829155060374,0.9848484848484814,0.015151515151518545
PIKK,-1,2024-07-15 21:40:00+00:00,2024-07-16 09:50:00+00:00,853.9,859.9,796.8560317903365,-4781.136190742019,-0.0049186087363859935,73,v3_short,timeout,False,A,True,0.009253836242239636,0.0031650940802700313,-0.00019210495490218886,1.0,0.0
PIKK,-1,2024-07-25 13:20:00+00:00,2024-07-25 21:20:00+00:00,844.6,846.5,801.6677364577895,-1523.1686992697819,-0.0015747099218564816,48,v3_short,timeout,False,A,True,0.011605873993368019,0.0031073063995849227,,0.7040816326530621,0.2959183673469378
PIKK,-1,2024-08-07 13:20:00+00:00,2024-08-07 18:20:00+00:00,760.4,768.004,889.0351816448713,-6760.223521227638,-0.007000000000000039,30,v3_short,sl,False,A,True,0.021055402026582445,0.0046622675916003975,,0.7749999999999986,0.22500000000000142
PIKK,-1,2024-08-16 13:20:00+00:00,2024-08-16 16:40:00+00:00,775.4,783.154,865.7340671368337,-6712.901956579025,-0.007000000000000018,20,v3_short,sl,False,A,True,0.016763378465506126,0.003813208068527198,,0.746153846153841,0.2538461538461591
PIKK,1,2024-08-30 13:20:00+00:00,2024-08-30 19:50:00+00:00,682.0,675.18,977.4063992496999,-6665.911642883002,-0.0070000000000000505,39,v3_long,sl,False,A,True,0.025802668230464773,0.005019512569725122,,0.05681818181818175,0.9431818181818182
PIKK,-1,2024-09-03 22:00:00+00:00,2024-09-04 09:50:00+00:00,638.1,636.6,1037.3374488924578,1556.0061733386867,0.0016455101081335214,71,v3_short,timeout,False,A,True,0.01003134796238241,0.005770584095707262,7.836990595611286e-05,0.9375000000000033,0.06249999999999667
PIKK,-1,2024-09-20 13:20:00+00:00,2024-09-20 13:40:00+00:00,645.7,652.157,1026.8146669654861,-6630.142304596137,-0.006999999999999992,2,v3_short,sl,False,A,True,0.0188971499380422,0.003097893432465931,,0.8524590163934469,0.1475409836065531
PIKK,-1,2024-09-20 21:50:00+00:00,2024-09-20 23:30:00+00:00,651.9,658.419,1009.9296377456621,-6583.731308463977,-0.007000000000000006,10,v3_short,sl,False,A,True,0.011353175820804067,0.003747863060535668,0.0001595581466707593,0.8243243243243172,0.17567567567568274
PIKK,-1,2024-09-23 21:40:00+00:00,2024-09-24 09:50:00+00:00,646.3,647.0,1011.5496192642308,-708.0847334850076,-0.0007581618443447809,73,v3_short,timeout,False,A,True,0.008818069306930588,0.0034034653465346526,-0.0003094059405940594,0.8245614035087698,0.17543859649123017
PIKK,-1,2024-09-24 13:20:00+00:00,2024-09-24 16:30:00+00:00,646.7,653.167,1010.1575067527955,-6532.688596170313,-0.006999999999999983,19,v3_short,sl,False,A,True,0.021319326432875128,0.004465435177624274,,0.6449275362318875,0.3550724637681125
PIKK,1,2024-09-26 21:40:00+00:00,2024-09-27 09:50:00+00:00,634.1,634.1,1023.0184160222577,0.0,0.0,73,v3_long,timeout,False,A,True,0.018915510718789406,0.0035321821036106596,0.00020491803278688527,0.1750000000000019,0.8249999999999981
PIKK,-1,2024-10-01 13:20:00+00:00,2024-10-01 16:10:00+00:00,648.6,638.871,1000.1479765644675,9730.439663995747,0.010500000000000046,17,v3_short,tp,False,A,True,0.019118100524205945,0.0045445868757616956,,0.7016129032258114,0.2983870967741886
PIKK,1,2024-10-02 23:20:00+00:00,2024-10-03 09:50:00+00:00,620.8,617.0,1055.9073540021113,-4012.447945207975,-0.004284793814432938,63,v3_long,timeout,False,A,True,0.006765463917525847,0.002978382074479281,-0.00028189432989690724,0.1904761904761776,0.8095238095238224
PIKK,-1,2024-10-08 13:20:00+00:00,2024-10-08 21:20:00+00:00,631.5,632.8,1033.5686014297153,-1343.6391818585828,-0.001441013460015785,48,v3_short,timeout,False,A,True,0.011088230635197214,0.0035150445414978766,,0.6142857142857078,0.3857142857142922
PIKK,-1,2024-10-29 21:50:00+00:00,2024-10-30 09:50:00+00:00,571.3,571.0,1140.8332301340174,342.24996904015336,0.0003675827061088188,72,v3_short,timeout,False,A,True,0.018029056537720908,0.0046367575561644045,-0.00027481183266234985,0.8543689320388343,0.14563106796116568
PIKK,-1,2024-11-19 23:30:00+00:00,2024-11-20 09:50:00+00:00,484.5,483.8,1345.7122793681986,941.9985955577237,0.0010113519091847101,62,v3_short,timeout,False,A,True,0.01052197235403347,0.004458891045586777,-0.0002351970290901584,0.901960784313726,0.09803921568627408
PIKK,-1,2024-12-03 23:40:00+00:00,2024-12-03 23:40:00+00:00,393.9,397.839,1656.9103792099077,-6526.569983707862,-0.007000000000000038,0,v3_short,sl,False,A,True,0.008631632394008574,0.003911694152146757,-0.0002665651180502666,0.6764705882352853,0.3235294117647147
PIKK,-1,2024-12-11 21:40:00+00:00,2024-12-12 09:50:00+00:00,388.0,386.5,1670.3309262427504,2505.4963893641257,0.002706185567010309,73,v3_short,timeout,False,A,True,0.01572164948453614,0.004502419524510822,9.278350515463975e-05,0.8196721311475379,0.18032786885246208
PIKK,1,2024-12-17 13:20:00+00:00,2024-12-17 21:20:00+00:00,353.8,357.2,1836.7502737556301,6244.9509307691005,0.006726964386659083,48,v3_long,timeout,False,A,True,0.028846153846153813,0.006369855634561549,,0.16666666666666574,0.8333333333333343
PIKK,-1,2024-12-23 22:50:00+00:00,2024-12-23 23:10:00+00:00,466.9,471.56899999999996,1401.1859338322563,-6542.137125062781,-0.006999999999999975,2,v3_short,sl,False,A,True,0.014349967873206231,0.005345723639637905,-0.0008203041336474634,0.9850746268656683,0.014925373134331777
PIKK,1,2025-01-08 22:10:00+00:00,2025-01-09 09:50:00+00:00,483.3,483.4,1344.1634937279878,134.41634937275293,0.00014483757500512339,70,v3_long,timeout,False,A,True,0.0066211462859507315,0.0032261197464708907,0.00023794744465135528,0.3125000000000011,0.6874999999999989
PIKK,-1,2025-01-09 23:20:00+00:00,2025-01-10 09:50:00+00:00,475.4,474.4,1366.6981656779499,1366.6981656779499,0.001472444257467396,63,v3_short,timeout,False,A,True,0.01135885570046284,0.003751942510281352,1.893142616743986e-05,0.740740740740736,0.25925925925926396
PIKK,1,2025-01-30 20:30:00+00:00,2025-01-31 06:50:00+00:00,700.0,700.0,929.5499952561029,0.0,0.0,62,v3_long,timeout,False,A,True,0.013142857142857208,0.0036384839650145727,5.714285714287013e-06,0.05434782608695626,0.9456521739130438
PIKK,1,2025-01-31 22:40:00+00:00,2025-01-31 23:50:00+00:00,692.0,694.1,940.2962379758266,1974.6220997492571,0.002124277456647422,7,v3_long,weekend_exit,False,A,True,0.007952573742047426,0.0033049657109807387,-0.00038895315211104814,0.2727272727272727,0.7272727272727273
PIKK,-1,2025-02-03 19:50:00+00:00,2025-02-03 21:00:00+00:00,678.6,685.3860000000001,960.9007252418161,-6520.67232149102,-0.00700000000000006,7,v3_short,sl,False,A,True,0.015325670498084257,0.003557744937055291,-0.000207780725022103,0.9230769230769272,0.07692307692307272
PIKK,-1,2025-02-04 19:30:00+00:00,2025-02-04 21:30:00+00:00,679.1,668.9135,953.4718915094281,9712.541422860812,0.010500000000000023,12,v3_short,tp,False,A,True,0.011485790016197841,0.0032365766215188747,-0.0001663967015167126,0.8846153846153869,0.11538461538461314
PIKK,-1,2025-02-24 20:50:00+00:00,2025-02-25 06:50:00+00:00,703.9,705.5,929.537633925352,-1487.2602142805843,-0.0015911351044182638,60,v3_short,timeout,False,A,True,0.01903679499928964,0.004117004096709,-0.0005370080977411591,0.932835820895524,0.06716417910447603
PIKK,-1,2025-02-28 10:20:00+00:00,2025-02-28 10:40:00+00:00,647.3,637.5904999999999,1009.2081853391918,9798.90687555093,0.010500000000000051,2,v3_short,tp,False,A,True,0.01898148148148141,0.004218106995884764,3.08641975308642e-05,0.7560975609756089,0.24390243902439115
PIKK,-1,2025-03-03 20:30:00+00:00,2025-03-03 22:20:00+00:00,632.6,638.926,1043.5025184681388,-6601.196931829469,-0.007000000000000024,11,v3_short,sl,False,A,True,0.016729797979797834,0.0043644351680065885,-0.00018308080808080663,0.5566037735849083,0.4433962264150917
PIKK,1,2025-03-04 13:20:00+00:00,2025-03-04 17:50:00+00:00,642.5,652.1374999999999,1020.2316814485041,9832.482829959888,0.010499999999999924,27,v3_long,tp,False,A,True,0.02165109034267909,0.004521127885613851,,0.32374100719424515,0.6762589928057549
PIKK,-1,2025-03-05 10:30:00+00:00,2025-03-05 11:30:00+00:00,662.7,669.327,999.5195311779626,-6623.815933116311,-0.006999999999999949,6,v3_short,sl,False,A,True,0.016749660479855173,0.005212834547375079,-0.0002489814395654142,0.9189189189189211,0.08108108108107887
PIKK,1,2025-03-06 12:50:00+00:00,2025-03-06 13:00:00+00:00,678.9,672.111,968.8391842074747,-6577.449221584533,-0.006999999999999988,1,v3_long,sl,False,A,True,0.01723883895682913,0.005541640063520113,,0.06837606837606489,0.9316239316239351
PIKK,-1,2025-03-07 10:30:00+00:00,2025-03-07 17:20:00+00:00,673.9,663.7914999999999,969.1952926299826,9797.110615550228,0.010500000000000051,41,v3_short,tp,False,A,True,0.013058317257753308,0.0038851191841249885,0.00014838996883810655,0.7727272727272716,0.22727272727272846
PIKK,-1,2025-03-12 19:20:00+00:00,2025-03-12 20:00:00+00:00,613.6,611.0,1075.617153087077,2796.604598026425,0.0029661016949152803,4,v3_short,opposite_signal,False,A,True,0.012385919165580218,0.003814889710773482,-0.00016460234680573885,0.2763157894736864,0.7236842105263136
PIKK,1,2025-03-12 20:20:00+00:00,2025-03-12 20:50:00+00:00,612.4,616.3,1080.9214702038682,4215.593733795062,0.004457870672762874,3,v3_long,opposite_signal,False,A,True,0.014696276943174396,0.0036224156547008065,-2.2860875244935723e-05,0.2555555555555505,0.7444444444444495
PIKK,-1,2025-03-12 21:10:00+00:00,2025-03-12 21:50:00+00:00,616.2,612.8,1079.0445049764774,3668.751316920121,0.003862382343395104,4,v3_short,opposite_signal,False,A,True,0.01460564751703992,0.0034411038027674506,-2.109704641350137e-05,0.6777777777777803,0.3222222222222197
PIKK,1,2025-03-12 22:20:00+00:00,2025-03-13 06:50:00+00:00,611.9,607.0,1090.8242358038071,-5345.03875543863,-0.005605491093315875,51,v3_long,timeout,False,A,True,0.014713094654242274,0.0031528059973376303,0.0001389570050678437,0.19999999999999496,0.800000000000005
PIKK,-1,2025-03-26 11:50:00+00:00,2025-03-26 15:40:00+00:00,567.3,558.7905,1169.9873484215452,9956.007341393142,0.010500000000000004,23,v3_short,tp,False,A,True,0.015335801163405686,0.004324578412362635,,0.7241379310344738,0.27586206896552623
PIKK,1,2025-04-11 19:20:00+00:00,2025-04-11 19:20:00+00:00,427.7,428.6,1568.1623284978202,1411.3460956480917,0.0014729950900164224,0,v3_long,opposite_signal,False,A,True,0.013327098433481385,0.0070190339404408,-0.00036941781622632853,0.771929824561401,0.22807017543859895
PIKK,-1,2025-04-15 10:20:00+00:00,2025-04-15 14:30:00+00:00,426.1,419.7085,1576.3693268375298,10075.364552482084,0.010500000000000013,25,v3_short,tp,False,A,True,0.027451900516189558,0.006491475050836856,-0.00012200844673862144,0.8888888888888926,0.11111111111110733
PIKK,-1,2025-04-15 21:50:00+00:00,2025-04-15 22:10:00+00:00,421.1,425.31100000000004,1611.8350162721651,-6787.437253522108,-0.00700000000000002,2,v3_short,sl,False,A,True,0.011158594491927798,0.006216446692637161,-0.00025403608736941906,0.851063829787236,0.1489361702127639
PIKK,-1,2025-04-16 11:40:00+00:00,2025-04-16 12:20:00+00:00,420.9,425.109,1601.312709134577,-6739.92519274744,-0.007000000000000006,4,v3_short,sl,False,A,True,0.017102137767220877,0.004545826849045795,,0.7361111111111059,0.26388888888889406
PIKK,1,2025-04-16 20:40:00+00:00,2025-04-17 06:50:00+00:00,426.8,429.2,1568.122239081116,3763.493373794643,0.003936269915651322,61,v3_long,timeout,False,A,True,0.0260135926880713,0.0050219290903612355,0.0005319896883055995,0.08108108108108399,0.918918918918916
PIKK,-1,2025-04-17 10:40:00+00:00,2025-04-17 11:30:00+00:00,431.0,435.31,1558.9536357342838,-6719.090170014767,-0.007000000000000003,5,v3_short,sl,False,A,True,0.010206448619809868,0.003681179591136935,0.00010206448619809736,0.636363636363634,0.363636363636366
PIKK,-1,2025-04-17 21:00:00+00:00,2025-04-17 21:00:00+00:00,435.8,440.158,1530.9904861919827,-6672.056538824667,-0.007000000000000006,0,v3_short,sl,False,A,True,0.021344962129905793,0.00375656344704511,2.9837043837501824e-05,0.8279569892473146,0.17204301075268535
PIKK,-1,2025-04-25 22:00:00+00:00,2025-04-25 23:50:00+00:00,513.4,511.6,1290.4854193714236,2322.873754868504,0.002454226723802042,11,v3_short,weekend_exit,False,A,True,0.016160436137071785,0.006230529595015562,9.735202492211838e-06,0.9036144578313179,0.09638554216868213
PIKK,1,2025-04-28 20:10:00+00:00,2025-04-28 21:50:00+00:00,506.2,501.138,1312.052994732708,-6641.612259336983,-0.007000000000000016,10,v3_long,sl,False,A,True,0.01461872777558273,0.00464848128109401,-5.333860134334345e-05,0.29729729729729665,0.7027027027027033
PIKK,1,2025-04-29 19:20:00+00:00,2025-04-29 19:40:00+00:00,491.4,486.486,1342.1084602201076,-6595.120973521592,-0.006999999999999982,2,v3_long,sl,False,A,True,0.013838013838013861,0.003775136428197654,-0.00019129019129019315,0.20588235294117277,0.7941176470588273
PIKK,1,2025-04-30 19:20:00+00:00,2025-04-30 22:30:00+00:00,469.1,476.13649999999996,1396.0680295687393,9823.432690060341,0.010499999999999898,19,v3_long,tp,False,A,True,0.01811980387976977,0.004598471236714671,0.00016627584736730053,0.0,1.0
PIKK,-1,2025-05-08 10:20:00+00:00,2025-05-08 14:30:00+00:00,487.6,480.286,1357.2024519149672,9926.5787333061,0.010500000000000032,25,v3_short,tp,False,A,True,0.017651888341543444,0.004642661662366096,0.00022783251231526906,0.7558139534883751,0.2441860465116249
PIKK,-1,2025-05-12 20:20:00+00:00,2025-05-13 06:50:00+00:00,499.6,504.8,1338.5118508147561,-6960.261624236717,-0.007285828662930327,63,v3_short,gap_sl,False,A,True,0.015612489991993618,0.004044051567784828,8.406725380304334e-05,0.6923076923076956,0.3076923076923043
PIKK,-1,2025-05-13 19:30:00+00:00,2025-05-14 06:50:00+00:00,499.9,497.0,1327.9622675136761,3851.0905757896307,0.004060812162432455,68,v3_short,timeout,False,A,True,0.009401880376075193,0.00313940339088225,-0.00018403680736147322,0.7659574468085052,0.23404255319149478
PIKK,-1,2025-05-15 11:40:00+00:00,2025-05-15 12:30:00+00:00,502.8,495.258,1325.6644807739444,9998.161513997129,0.01050000000000004,5,v3_short,tp,False,A,True,0.014726368159204048,0.00463887459255447,,0.8243243243243236,0.1756756756756764
PIKK,1,2025-05-19 20:10:00+00:00,2025-05-19 20:50:00+00:00,492.1,487.17900000000003,1368.7112659884929,-6735.428139929363,-0.006999999999999989,4,v3_long,sl,False,A,True,0.01726238830219334,0.003398597456854386,7.717303005686343e-05,0.30588235294117916,0.6941176470588208
PIKK,-1,2025-05-21 11:10:00+00:00,2025-05-21 17:30:00+00:00,481.4,474.179,1389.3394563668194,10032.420214424808,0.010500000000000006,38,v3_short,tp,False,A,True,0.015793848711554495,0.0031092141441268514,-8.312551953449237e-06,0.6578947368421033,0.3421052631578967
PIKK,-1,2025-05-23 19:30:00+00:00,2025-05-23 21:50:00+00:00,478.9,483.68899999999996,1411.2564385990486,-6758.5070844508255,-0.006999999999999983,14,v3_short,sl,False,A,True,0.015031315240083484,0.005487623024157461,0.0003799582463465563,0.6111111111111089,0.38888888888889106
PIKK,-1,2025-05-28 19:20:00+00:00,2025-05-28 23:30:00+00:00,532.3,537.6229999999999,1260.792322911833,-6711.197534859661,-0.006999999999999972,25,v3_short,sl,False,A,True,0.016353383458646703,0.005036826760779502,3.759398496240601e-05,0.9195402298850527,0.08045977011494733
PIKK,-1,2025-05-29 11:40:00+00:00,2025-05-29 16:40:00+00:00,535.6,527.566,1244.2530157049418,9996.328728173492,0.010499999999999987,30,v3_short,tp,False,A,True,0.016813002054922473,0.005153410591547133,,0.8555555555555606,0.14444444444443938
PIKK,-1,2025-05-30 10:20:00+00:00,2025-05-30 10:20:00+00:00,529.9,527.6,1270.8423199118486,2922.937335797194,0.0030383091149272855,0,v3_short,opposite_signal,False,A,True,0.0330188679245283,0.0049415992812219325,0.0001320754716981132,0.8514285714285701,0.14857142857142988
PIKK,-1,2025-05-30 12:10:00+00:00,2025-05-30 12:30:00+00:00,529.6,534.8960000000001,1275.425606979506,-6754.654014563526,-0.007000000000000064,2,v3_short,sl,False,A,True,0.015483383685800689,0.004856259441087617,,0.6463414634146388,0.3536585365853611
PIKK,-1,2025-05-30 19:20:00+00:00,2025-05-30 21:00:00+00:00,534.8,533.0,1254.1831406996112,2257.529653259243,0.0023560209424083175,10,v3_short,opposite_signal,False,A,True,0.00822583660497285,0.003761908577227859,0.00018508132361189179,0.8181818181818017,0.18181818181819825
PIKK,-1,2025-06-03 19:20:00+00:00,2025-06-04 06:50:00+00:00,598.9,601.4,1122.5871003563757,-2806.467750890939,-0.0029220237101352476,69,v3_short,timeout,False,A,True,0.03239271998664214,0.005435134481242808,3.5064284521625256e-05,0.9123711340206161,0.0876288659793839
PIKK,-1,2025-06-04 10:20:00+00:00,2025-06-04 11:30:00+00:00,597.3,592.4,1122.305184962012,5499.295406313833,0.0057425079524526775,7,v3_short,opposite_signal,False,A,True,0.027461486939048856,0.005214811979714848,4.6885465505692474e-05,0.5304878048780454,0.46951219512195463
PIKK,1,2025-06-11 19:50:00+00:00,2025-06-13 06:50:00+00:00,552.0,554.9,1221.3811481199807,3542.005329547916,0.0036775362318840284,210,v3_long,timeout,False,A,True,0.01358203549438609,0.0042760313107495776,0.0003531329228540384,0.06666666666666667,0.9333333333333333
PIKK,1,2025-06-18 21:10:00+00:00,2025-06-19 06:50:00+00:00,563.3,563.5,1201.2813731455938,240.2562746291734,0.00024853541629687884,58,v3_long,timeout,False,A,True,0.007278537191549837,0.003249799831169821,-0.00014379549085744557,0.19512195121950002,0.8048780487805
PIKK,-1,2025-06-23 22:40:00+00:00,2025-06-24 06:50:00+00:00,533.8,532.5,1267.9842204667543,1648.379486606723,0.001704758336455542,49,v3_short,timeout,False,A,True,0.012176845260397154,0.003509684128428466,0.0001629823904083935,0.8923076923076854,0.10769230769231469
PIKK,1,2025-06-25 19:30:00+00:00,2025-06-25 21:40:00+00:00,557.9,552.321,1215.2784415231727,-6780.0384252577205,-0.006999999999999938,13,v3_long,sl,False,A,True,0.013801756587202089,0.003621452165738128,0.00012188564258827666,0.9870129870129841,0.012987012987015864
PIKK,-1,2025-07-02 10:40:00+00:00,2025-07-02 10:40:00+00:00,599.3,597.5,1123.407000881191,2022.1326015860925,0.0021024528616718978,0,v3_short,opposite_signal,False,A,True,0.013186446336170884,0.003817320183173296,-2.670672675680035e-05,0.6708860759493632,0.3291139240506367
PIKK,-1,2025-07-02 12:20:00+00:00,2025-07-02 14:20:00+00:00,600.3,606.303,1123.893567298364,-6746.733084492126,-0.00700000000000005,12,v3_short,sl,False,A,True,0.013993003498250839,0.0038869454161807814,,0.7261904761904673,0.27380952380953266
PIKK,1,2025-07-02 21:30:00+00:00,2025-07-03 06:50:00+00:00,601.7,605.4,1113.4296082600354,4119.689550562055,0.004304470666444992,56,v3_long,timeout,False,A,True,0.0116337045039056,0.0037241421414834818,0.00020940668107029929,0.07142857142857142,0.9285714285714286
PIKK,-1,2025-07-03 10:20:00+00:00,2025-07-03 10:20:00+00:00,615.4,621.554,1093.3285309968423,-6728.343779754564,-0.006999999999999996,0,v3_short,sl,False,A,True,0.01884646628757112,0.003396386986963752,0.0002339561332250218,0.8620689655172397,0.1379310344827603
PIKK,1,2025-07-03 20:00:00+00:00,2025-07-04 06:50:00+00:00,625.8,625.0,1067.6326898843538,-854.1061519074345,-0.0008948545861297032,65,v3_long,timeout,False,A,True,0.02285075103867043,0.004399266897554781,0.0002540747842761244,0.2307692307692283,0.7692307692307717
PIKK,-1,2025-07-04 19:50:00+00:00,2025-07-04 23:50:00+00:00,628.0,628.2,1062.9405462154352,-212.5881092431354,-0.00022292993630578317,24,v3_short,weekend_exit,False,A,True,0.007963051441312312,0.003767010865502428,6.370441153049849e-05,0.8200000000000045,0.17999999999999544
PIKK,-1,2025-07-10 11:00:00+00:00,2025-07-10 15:10:00+00:00,642.0,632.37,1039.529363468572,10010.667770202344,0.010499999999999997,25,v3_short,tp,False,A,True,0.010278772776826074,0.004447905310699245,0.00041115091107304296,0.28787878787878346,0.7121212121212166
PIKK,-1,2025-07-11 10:20:00+00:00,2025-07-11 10:40:00+00:00,630.3,636.603,1069.943390109416,-6743.853187859646,-0.0069999999999999975,2,v3_short,sl,False,A,True,0.02427415516420745,0.005530246367942707,-0.00017134697762969943,0.49673202614378636,0.5032679738562136
PIKK,1,2025-07-11 19:20:00+00:00,2025-07-11 23:50:00+00:00,618.9,617.2,1082.0239482217858,-1839.440711976962,-0.0019227661980933146,27,v3_long,weekend_exit,False,A,True,0.014059469941822774,0.004241256942337372,-0.0003118939883645759,0.3218390804597674,0.6781609195402326
PIKK,-1,2025-07-16 10:30:00+00:00,2025-07-16 18:30:00+00:00,656.8,651.6,1017.6263901584642,5291.657228823945,0.005542021924482267,48,v3_short,timeout,False,A,True,0.012026183589587422,0.0038541911734178477,-1.0656112041410762e-05,0.7848101265822721,0.21518987341772788
PIKK,1,2025-07-17 19:40:00+00:00,2025-07-18 06:50:00+00:00,651.1,651.0,1032.2241946187314,-103.2224194618966,-0.00010751036707113487,67,v3_long,timeout,False,A,True,0.007371007371007301,0.003199744271172843,-3.839066339066339e-05,0.31250000000000294,0.687499999999997
PIKK,-1,2025-07-18 10:20:00+00:00,2025-07-18 12:20:00+00:00,661.7,661.9,1015.579442984181,-203.11588859676692,-0.00021157624301035549,12,v3_short,opposite_signal,False,A,True,0.02599758162031446,0.004376115621581164,0.0002403264812575588,0.622093023255815,0.37790697674418505
PIKK,-1,2025-07-22 13:00:00+00:00,2025-07-22 21:00:00+00:00,657.0,655.0,1022.6282135473591,2045.2564270947182,0.00213089802130898,48,v3_short,timeout,False,A,True,0.012024353120243497,0.003200460734707299,,0.746835443037974,0.25316455696202605
PIKK,-1,2025-07-30 10:20:00+00:00,2025-07-30 10:40:00+00:00,619.5,625.695,1086.841671992867,-6732.984157995866,-0.007000000000000056,2,v3_short,sl,False,A,True,0.014373385012919859,0.0030607850375291936,3.552971576227463e-05,0.7303370786516873,0.26966292134831277
PIKK,-1,2025-07-31 13:00:00+00:00,2025-07-31 15:50:00+00:00,613.5,619.635,1089.7886338858748,-6685.853268889832,-0.006999999999999991,17,v3_short,sl,False,A,True,0.01809290953545236,0.0032776052335954627,,0.7567567567567531,0.24324324324324684
PIKK,-1,2025-08-06 20:10:00+00:00,2025-08-06 20:20:00+00:00,624.8,631.048,1062.5883956478253,-6639.052296007663,-0.007000000000000054,1,v3_short,sl,False,A,True,0.019369297262686123,0.0033093435869625378,-2.5612293901074696e-05,0.826446280991734,0.17355371900826602
PIKK,-1,2025-09-22 20:50:00+00:00,2025-09-23 06:50:00+00:00,562.8,560.2,1171.3892910333263,3045.6121566865418,0.003233830845771032,60,v3_short,timeout,False,A,True,0.021851128086694028,0.004778461393439959,-0.0002398294546100551,0.8455284552845463,0.15447154471545368
PIKK,1,2025-09-23 20:40:00+00:00,2025-09-23 21:50:00+00:00,561.4,555.786,1178.107982727532,-6613.898215032404,-0.007000000000000042,7,v3_long,sl,False,A,True,0.016749821810406434,0.003661977977220813,0.0002868852459016377,0.11702127659574597,0.882978723404254
PIKK,-1,2025-09-26 12:50:00+00:00,2025-09-26 13:20:00+00:00,549.1,554.591,1196.0664592109154,-6567.600927527119,-0.00699999999999998,3,v3_short,sl,False,A,True,0.012383900928792487,0.0033843258665695423,,0.8235294117647147,0.17647058823528528
PIKK,-1,2025-10-01 23:10:00+00:00,2025-10-02 07:00:00+00:00,529.3,521.3605,1232.1231288559322,9782.441581551615,0.01049999999999994,47,v3_short,tp,False,A,True,0.010383235793845572,0.0038335137717537457,4.530866528223694e-05,0.9272727272727107,0.07272727272728927
PIKK,-1,2025-10-02 10:20:00+00:00,2025-10-02 12:40:00+00:00,521.3,526.5129999999999,1264.1674299070226,-6590.1048121052645,-0.006999999999999953,14,v3_short,sl,False,A,True,0.020913277052954673,0.00490626027847821,-0.00035495011511895623,0.6605504587155915,0.3394495412844086
PIKK,1,2025-10-02 20:00:00+00:00,2025-10-02 21:00:00+00:00,524.9,519.651,1246.7087213603681,-6543.9740784206015,-0.007000000000000032,6,v3_long,sl,False,A,True,0.016003048199657036,0.0037480414150800473,0.00029338921699371485,0.08333333333332543,0.9166666666666745
PIKK,-1,2025-10-03 10:50:00+00:00,2025-10-03 12:20:00+00:00,528.3,520.3755,1230.014434955826,9747.2493898074,0.010499999999999956,9,v3_short,tp,False,A,True,0.012303615370054893,0.003233642501104171,0.00013817906492523104,0.6769230769230734,0.3230769230769266
PIKK,-1,2025-10-07 20:20:00+00:00,2025-10-08 06:50:00+00:00,536.9,539.6,1223.0204890296666,-3302.1553203801554,-0.003520208604954427,63,v3_short,timeout,False,A,True,0.01323639075316932,0.003983472583664357,-0.00011931394481730221,0.7183098591549305,0.28169014084506955
PIKK,-1,2025-10-13 20:10:00+00:00,2025-10-13 21:20:00+00:00,422.1,418.6,1550.1733992792272,5425.606897477295,0.005804311774461028,7,v3_short,opposite_signal,False,A,True,0.013503909026297058,0.005289393653694594,-0.00019900497512437485,0.7894736842105279,0.21052631578947212
PIKK,-1,2025-10-20 22:50:00+00:00,2025-10-21 06:50:00+00:00,425.7,426.0,1545.9857098050177,-463.7957129415229,-0.000493305144467954,48,v3_short,timeout,False,A,True,0.014799154334038082,0.0038639839304291114,0.00014799154334037948,0.9047619047619013,0.09523809523809867
PIKK,-1,2025-10-22 11:00:00+00:00,2025-10-22 13:10:00+00:00,402.1,398.6,1635.9150949140435,5725.702832199152,0.006093011688634668,13,v3_short,opposite_signal,False,A,True,0.019637086751180796,0.005021128511061408,0.000213770817797664,0.6582278481012688,0.3417721518987313
PIKK,1,2025-10-22 19:40:00+00:00,2025-10-22 22:00:00+00:00,396.8,392.832,1667.8665616115832,-6618.094516474792,-0.0070000000000000305,14,v3_long,sl,False,A,True,0.021169354838709763,0.00533348420013166,-7.308467741935713e-05,0.1904761904761924,0.8095238095238075
PIKK,-1,2025-10-28 20:30:00+00:00,2025-10-29 06:50:00+00:00,383.7,382.4,1712.7359538335784,2226.5567399836714,0.0023716445139432057,62,v3_short,timeout,False,A,True,0.01277039353661709,0.00374442192827091,0.0001198853270784473,0.938775510204079,0.061224489795920975
PIKK,-1,2025-10-29 10:20:00+00:00,2025-10-29 13:40:00+00:00,385.4,389.25399999999996,1709.225156211553,-6587.353752039299,-0.006999999999999973,20,v3_short,sl,False,A,True,0.015572281339216195,0.0036953270797028667,0.00012976901116013497,0.8999999999999962,0.1000000000000038
PLZL,-1,2022-01-14 11:50:00+00:00,2022-01-14 13:00:00+00:00,1230.0,1211.55,569.1056910569106,10500.000000000025,0.010500000000000025,7,v3_short,tp,False,A,True,0.012358225944144107,0.003207307277699838,,0.5624999999999953,0.43750000000000466
PLZL,-1,2022-01-17 21:10:00+00:00,2022-01-18 06:50:00+00:00,1164.2,1164.0,607.5846074557636,121.51692149118036,0.00012025425184678907,58,v3_short,timeout,False,A,True,0.021388077649888412,0.003930175402921867,-0.0004483765676000671,0.91164658634538,0.08835341365461997
PLZL,-1,2022-01-21 10:20:00+00:00,2022-01-21 10:20:00+00:00,1193.2,1205.132,592.8889220960809,-7074.350618450448,-0.00700000000000001,0,v3_short,sl,False,A,True,0.021924124921400202,0.006789032947071111,-0.00016306853909033592,0.7514340344168269,0.24856596558317312
PLZL,-1,2022-01-27 10:20:00+00:00,2022-01-27 10:20:00+00:00,1201.3,1190.9,584.7690139117027,6081.597744681629,0.006060101556646887,0,v3_short,opposite_signal,False,A,True,0.019909200716398092,0.005129028995079224,-0.0001632721062934725,0.7238493723849326,0.2761506276150674
PLZL,-1,2022-01-27 20:00:00+00:00,2022-01-28 06:50:00+00:00,1187.75,1195.0,595.0243189504573,-4313.926312390816,-0.004272784676910125,65,v3_short,timeout,False,A,True,0.015619737285281203,0.0035915342897010686,-0.00015367126978780736,0.9029649595687353,0.09703504043126464
PLZL,-1,2022-02-02 19:20:00+00:00,2022-02-03 06:50:00+00:00,1223.4,1220.75,575.2169253022167,1524.3248520509267,0.001516266143534464,69,v3_short,timeout,False,A,True,0.015208503679476622,0.0033924608273399335,-0.00019991823385118784,0.9354838709677514,0.0645161290322486
PLZL,1,2022-02-03 19:50:00+00:00,2022-02-04 07:00:00+00:00,1211.0,1220.0,581.9879552528223,5237.8915972754,0.005202312138728324,67,v3_long,timeout,False,A,True,0.015683037556747832,0.003775889224860384,-4.1271151465125874e-06,0.18947368421052152,0.8105263157894784
PLZL,-1,2022-02-08 19:20:00+00:00,2022-02-09 07:00:00+00:00,1209.0,1208.7,585.9834060622502,175.79502181864842,0.0001736972704714377,70,v3_short,timeout,False,A,True,0.023420366615632852,0.0032773650694191726,-0.00011958455745438221,0.9823321554770318,0.017667844522968226
PLZL,-1,2022-02-09 12:00:00+00:00,2022-02-09 16:20:00+00:00,1207.65,1219.7265000000002,586.7403589156904,-7085.769944445408,-0.007000000000000072,26,v3_short,sl,False,A,True,0.01308488612836435,0.0037998619737750258,,0.7721518987341823,0.22784810126581767
PLZL,-1,2022-02-10 10:20:00+00:00,2022-02-10 11:30:00+00:00,1235.65,1226.6,569.4306279961329,5153.3471833651065,0.005126856310443999,7,v3_short,opposite_signal,False,A,True,0.019634832597870532,0.003167405985105677,0.00015100603214444834,0.7505154639175277,0.24948453608247234
PLZL,-1,2022-02-10 20:20:00+00:00,2022-02-10 21:30:00+00:00,1254.5,1244.6,563.7499390289178,5581.124396386337,0.005524113192507026,7,v3_short,opposite_signal,False,A,True,0.015025307879319206,0.0039017161206677145,0.00024869475110597645,0.7214854111405822,0.27851458885941777
PLZL,-1,2022-02-11 10:50:00+00:00,2022-02-11 11:30:00+00:00,1224.75,1219.7,580.6336685766464,2932.200026312038,0.0028863033272096086,4,v3_short,opposite_signal,False,A,True,0.014084507042253521,0.0040688575899843395,-0.0002424984690753237,0.7275362318840554,0.27246376811594464
PLZL,-1,2022-02-15 21:50:00+00:00,2022-02-16 06:50:00+00:00,1258.65,1265.0,566.6258496068534,-3598.0741450034675,-0.0035315615937710526,54,v3_short,timeout,False,A,True,0.009885267378617685,0.003285366709310264,-0.00028107507245226526,0.8875502008032242,0.11244979919677578
PLZL,-1,2022-02-17 21:40:00+00:00,2022-02-18 06:50:00+00:00,1331.9,1333.0,533.5723205241862,-586.9295525765564,-0.0005781214805915881,55,v3_short,timeout,False,A,True,0.015465465465465397,0.004220291720291717,0.0002631381381381395,0.9563106796116569,0.043689320388343084
PLZL,-1,2022-02-18 11:40:00+00:00,2022-02-18 11:50:00+00:00,1328.95,1321.6,534.4475887124122,3928.1897770363025,0.003871477482222879,1,v3_short,opposite_signal,False,A,True,0.011386696730552322,0.004359263434798937,,0.7128712871287163,0.2871287128712837
PLZL,-1,2022-09-16 22:00:00+00:00,2022-09-16 23:50:00+00:00,803.8,803.2,887.0413733059039,532.2248239834616,0.0005225180393131827,11,v3_short,weekend_exit,False,A,True,0.013122706635984908,0.003326686729172685,-0.00019901735182536226,0.8293838862559189,0.1706161137440812
PLZL,1,2022-09-22 23:20:00+00:00,2022-09-23 09:50:00+00:00,691.55,694.95,1031.5615837467633,3507.309384739089,0.003441544356879566,63,v3_long,timeout,False,A,True,0.0072306579898770785,0.0031047560021839385,-0.00022342733188720237,0.3099999999999909,0.690000000000009
PLZL,-1,2022-10-05 22:10:00+00:00,2022-10-06 09:50:00+00:00,582.4,579.9,1229.1063355243673,3072.7658388109185,0.003004807692307693,70,v3_short,timeout,False,A,True,0.011847527472527434,0.0065702792105853496,6.181318681318525e-05,0.7681159420289815,0.23188405797101855
PLZL,-1,2022-10-18 13:20:00+00:00,2022-10-18 14:00:00+00:00,537.3,542.673,1336.2785518268363,-7179.824658965655,-0.007000000000000062,4,v3_short,sl,False,A,True,0.03237510466089864,0.0066628567884498705,,0.6954022988505704,0.3045977011494296
PLZL,-1,2022-10-20 23:00:00+00:00,2022-10-21 09:50:00+00:00,594.45,595.0,1199.3550149470655,-659.6452582208315,-0.0006476574985279976,65,v3_short,timeout,False,A,True,0.00966467770400874,0.0037904059850682017,0.0002008572148920085,0.7304347826087035,0.26956521739129646
PLZL,1,2022-10-24 23:00:00+00:00,2022-10-25 09:50:00+00:00,620.7,619.0,1147.8892169397914,-1951.4116687976975,-0.0019171902690511226,65,v3_long,timeout,False,A,True,0.00684655658477648,0.004601083284703324,-0.00043656866693515757,0.27058823529413906,0.729411764705861
PLZL,-1,2022-10-27 13:20:00+00:00,2022-10-27 13:50:00+00:00,614.3,620.443,1157.6246927989096,-7111.288487863735,-0.007000000000000033,3,v3_short,sl,False,A,True,0.020828248311772768,0.004447698858243157,,0.726562499999999,0.273437500000001
PLZL,-1,2022-11-22 13:20:00+00:00,2022-11-22 14:00:00+00:00,650.7,657.2070000000001,1085.2173764328654,-7061.509468448722,-0.007000000000000066,4,v3_short,sl,False,A,True,0.02497694435905318,0.004973431118527964,,0.8430769230769258,0.1569230769230741
PLZL,-1,2022-12-14 13:20:00+00:00,2022-12-14 15:20:00+00:00,773.35,781.0835000000001,906.7147995305507,-7012.078902169559,-0.007000000000000044,12,v3_short,sl,False,A,True,0.022690542375072665,0.003774061179194022,,0.7977207977207997,0.2022792022792002
PLZL,1,2022-12-19 21:50:00+00:00,2022-12-20 09:50:00+00:00,749.05,749.0,929.576710480519,-46.478835523983676,-4.672585274677013e-05,72,v3_long,timeout,False,A,True,0.011481209532073992,0.0030705560376476917,0.00021493892263533992,0.13372093023255513,0.8662790697674448
PLZL,1,2023-02-07 21:40:00+00:00,2023-02-07 23:20:00+00:00,908.85,912.1,766.0966053810486,2489.813967488408,0.0025031633382846456,10,v3_long,opposite_signal,False,A,True,0.007594100814439772,0.003372535454859912,-0.0003543913713405219,0.12318840579710515,0.8768115942028949
PLZL,-1,2023-03-15 13:20:00+00:00,2023-03-15 15:00:00+00:00,922.95,932.1795000000001,756.2812390463274,-6980.097695778101,-0.0070000000000000236,10,v3_short,sl,False,A,True,0.022265561514708224,0.0043597264465133736,,0.8029197080291989,0.19708029197080115
PLZL,1,2023-03-15 21:40:00+00:00,2023-03-16 09:50:00+00:00,924.45,926.05,749.7687286394755,1199.6299658230926,0.0012115311807019702,73,v3_long,timeout,False,A,True,0.011898966953323598,0.003867716159967157,0.00027638055059765217,0.040909090909095044,0.959090909090905
PLZL,-1,2023-03-22 13:20:00+00:00,2023-03-22 21:00:00+00:00,940.55,949.9554999999999,737.8272735812444,-6939.634421668366,-0.006999999999999972,46,v3_short,sl,False,A,True,0.016056143335637218,0.003524148773763321,,0.7715231788079443,0.22847682119205565
PLZL,-1,2023-04-20 13:20:00+00:00,2023-04-20 14:30:00+00:00,1022.35,1032.5735,674.0408843074011,-6891.0569807166785,-0.006999999999999963,7,v3_short,sl,False,A,True,0.016480023473030486,0.003206583626164052,,0.7270029673590495,0.27299703264095054
PLZL,-1,2023-05-03 13:20:00+00:00,2023-05-03 17:20:00+00:00,1047.55,1031.83675,653.2212860342415,10264.229372777556,0.01050000000000001,24,v3_short,tp,False,A,True,0.01593967738856547,0.0034360981196907467,,0.6916167664670613,0.3083832335329387
PLZL,-1,2023-05-04 13:20:00+00:00,2023-05-04 15:10:00+00:00,1045.45,1055.9045,661.4060153485236,-6914.669187461175,-0.007000000000000035,11,v3_short,sl,False,A,True,0.02079946447355838,0.00436025993069122,,0.710344827586209,0.289655172413791
PLZL,-1,2023-05-31 13:20:00+00:00,2023-05-31 16:00:00+00:00,1052.9,1063.429,652.1290248977978,-6866.2665031489105,-0.0069999999999999975,16,v3_short,sl,False,A,True,0.019455252918287938,0.003642493345444866,,0.7731707317073238,0.22682926829267627
PLZL,1,2023-07-10 23:20:00+00:00,2023-07-11 09:50:00+00:00,1096.05,1102.25,622.0704016812072,3856.8364904235127,0.00395967337256515,63,v3_long,timeout,False,A,True,0.008667487797089549,0.004031173164489558,-0.001070206651156423,0.23684210526315788,0.7631578947368421
PLZL,1,2023-08-04 23:10:00+00:00,2023-08-04 23:50:00+00:00,1159.2,1162.25,590.5107395669285,1801.057755679105,0.0018417874396134991,4,v3_long,weekend_exit,False,A,True,0.00772284062473019,0.003218217134122607,-0.0003982224523254818,0.3966480446927404,0.6033519553072596
PLZL,1,2023-08-16 22:00:00+00:00,2023-08-17 09:50:00+00:00,1127.25,1131.8,608.3661918252019,2768.066172804641,0.0028254601907296236,71,v3_long,timeout,False,A,True,0.005367757962913632,0.0030908290918177156,-0.00025507940732853826,0.05785123966940689,0.9421487603305931
PLZL,-1,2023-10-03 13:20:00+00:00,2023-10-03 21:20:00+00:00,1136.0,1138.45,605.3859472323259,-1483.195570719226,-0.0015096830985915776,48,v3_short,timeout,False,A,True,0.025528169014084508,0.003959171696847765,,0.8913793103448244,0.10862068965517555
PLZL,-1,2023-12-01 13:20:00+00:00,2023-12-01 18:10:00+00:00,1073.2,1083.932,639.8436443872705,-6866.801991564168,-0.00699999999999998,29,v3_short,sl,False,A,True,0.025341221409605486,0.0038841455434365465,,0.48161764705882776,0.5183823529411723
PLZL,-1,2023-12-26 13:20:00+00:00,2023-12-26 21:20:00+00:00,1059.15,1062.5,643.7930772433779,-2156.7068087652574,-0.002214039560024488,48,v3_short,timeout,False,A,True,0.01925981873111791,0.0030301395482664607,,0.44852941176470834,0.5514705882352917
PLZL,-1,2024-04-08 22:20:00+00:00,2024-04-09 09:50:00+00:00,1350.85,1348.0,503.6560262029005,1435.4196746782206,0.0014768479105747763,69,v3_short,timeout,False,A,True,0.01917950236966831,0.0030792085791662566,-0.0001954976303317542,0.8783783783783753,0.12162162162162471
PLZL,-1,2024-04-16 13:20:00+00:00,2024-04-16 21:20:00+00:00,1450.7,1451.1,469.68259238192786,-187.87303695270708,-0.00019301027090363584,48,v3_short,timeout,False,A,True,0.013993244640518338,0.003151188096386973,,0.5665024630541885,0.43349753694581156
PLZL,-1,2024-04-25 13:20:00+00:00,2024-04-25 17:30:00+00:00,1351.15,1364.6615000000002,504.1905233635021,-6812.370256425994,-0.007000000000000036,25,v3_short,sl,False,A,True,0.01723755271140059,0.003246352917137874,,0.8605150214592285,0.13948497854077144
PLZL,-1,2024-05-28 13:20:00+00:00,2024-05-28 17:10:00+00:00,1355.9,1335.5615,498.9072693141808,10147.025496946499,0.010500000000000034,23,v3_short,tp,False,A,True,0.03371698391618713,0.005877723673208438,,0.8621444201312921,0.13785557986870783
PLZL,1,2024-06-05 22:20:00+00:00,2024-06-06 09:50:00+00:00,1247.1,1255.0,548.1286860002889,4330.216619402332,0.004434287547109344,69,v3_long,timeout,False,A,True,0.016358606310893784,0.0032149341834484496,0.00012349143979792384,0.09803921568627408,0.901960784313726
PLZL,-1,2024-06-20 13:20:00+00:00,2024-06-20 14:40:00+00:00,1147.95,1130.73075,598.1117957616115,10299.03653916819,0.010500000000000063,8,v3_short,tp,False,A,True,0.02425958188153322,0.005155964824954389,,0.5260323159784567,0.4739676840215433
PLZL,-1,2024-06-28 13:20:00+00:00,2024-06-28 21:20:00+00:00,1220.45,1211.75,568.4884768093405,4945.849748241288,0.0049899627186693685,48,v3_short,timeout,False,A,True,0.01159836065573778,0.003003512880562072,,0.6996466431095426,0.30035335689045745
PLZL,-1,2024-07-10 13:20:00+00:00,2024-07-10 15:50:00+00:00,1192.65,1174.76025,584.6424821579914,10459.107845185954,0.010500000000000027,15,v3_short,tp,False,A,True,0.023685755009641988,0.005681387168768765,,0.9575221238938117,0.04247787610618825
PLZL,1,2024-07-26 21:50:00+00:00,2024-07-26 23:50:00+00:00,1260.0,1260.55,559.2025649502847,307.56141072263114,0.0003055555555555303,12,v3_long,weekend_exit,False,A,True,0.009767718880285848,0.00501999489492045,-0.0003776057176891021,0.3821138211382165,0.6178861788617835
PLZL,-1,2024-08-07 13:20:00+00:00,2024-08-07 21:20:00+00:00,1232.8,1233.0,571.7152213050491,-114.34304426103581,-0.00011356262167426333,48,v3_short,timeout,False,A,True,0.024538633137294666,0.004198897161785025,,0.6661157024793344,0.3338842975206657
PLZL,-1,2024-08-15 13:20:00+00:00,2024-08-15 21:20:00+00:00,1261.65,1259.5,558.57843672483,1200.9436389584353,0.001192882336622727,48,v3_short,timeout,False,A,True,0.011847214517790668,0.0031849176789346574,,0.7090301003344551,0.2909698996655449
PLZL,-1,2024-08-23 13:20:00+00:00,2024-08-23 21:20:00+00:00,1276.0,1275.35,552.9554429789598,359.42103793637415,0.0003565830721003634,48,v3_short,timeout,False,A,True,0.023580101840971333,0.004851435286217919,,0.7242524916943528,0.27574750830564715
PLZL,-1,2024-08-27 13:20:00+00:00,2024-08-27 16:10:00+00:00,1303.95,1284.39075,541.295862546653,10587.341099515634,0.010500000000000011,17,v3_short,tp,False,A,True,0.016294137944254876,0.003965363318198495,,0.5294117647058824,0.47058823529411764
PLZL,-1,2024-09-05 13:20:00+00:00,2024-09-05 21:20:00+00:00,1212.0,1201.75,588.4767976380932,6031.887175790455,0.005919966996699669,48,v3_short,timeout,False,A,True,0.02219471947194727,0.004681360993242203,,0.9479553903345693,0.052044609665430716
PLZL,-1,2024-09-12 13:20:00+00:00,2024-09-12 17:30:00+00:00,1249.7,1262.1970000000001,574.1027444670101,-7174.561997604266,-0.007000000000000041,25,v3_short,sl,False,A,True,0.010608486789431545,0.00316824888482214,,0.845283018867928,0.15471698113207205
PLZL,-1,2024-09-24 13:20:00+00:00,2024-09-24 18:00:00+00:00,1357.95,1371.5295,524.6393507582012,-7124.340063621021,-0.007000000000000026,28,v3_short,sl,False,A,True,0.019625170293456947,0.004449985008915753,,0.8442776735459705,0.15572232645402945
PLZL,-1,2024-09-27 13:20:00+00:00,2024-09-27 21:20:00+00:00,1349.6,1339.7,524.1901069335839,5189.482058642409,0.005134854771784163,48,v3_short,timeout,False,A,True,0.017558156763965067,0.0038559504406296672,,0.7848101265822731,0.21518987341772686
PLZL,-1,2024-10-03 13:20:00+00:00,2024-10-03 21:20:00+00:00,1345.05,1341.45,528.6640688142555,1903.1906477312718,0.0018735362997657607,48,v3_short,timeout,False,A,True,0.016759568933481944,0.003179911875564038,,0.824833702882481,0.175166297117519
PLZL,-1,2024-10-17 13:20:00+00:00,2024-10-17 21:20:00+00:00,1361.5,1350.9,523.2551151024799,5546.504220086239,0.0054498714652955835,48,v3_short,timeout,False,A,True,0.014726404700697726,0.003097074305300541,,0.7007481296758098,0.2992518703241902
PLZL,-1,2024-12-17 13:20:00+00:00,2024-12-17 18:00:00+00:00,1339.95,1353.3495,534.5680004224685,-7162.943921660861,-0.006999999999999994,28,v3_short,sl,False,A,True,0.02350833986342774,0.003752805275250139,,0.9349206349206364,0.06507936507936364
PLZL,-1,2025-01-22 13:20:00+00:00,2025-01-22 19:00:00+00:00,1594.0,1609.94,446.223545433453,-7112.803314209265,-0.007000000000000024,34,v3_short,sl,False,A,True,0.025062735257214582,0.004488558284041346,,0.7246558197747187,0.2753441802252813
PLZL,-1,2025-01-27 23:30:00+00:00,2025-01-28 07:20:00+00:00,1693.2,1667.8020000000001,417.13995340242,10594.520536514627,0.010499999999999962,47,v3_short,tp,False,A,True,0.028181495923431436,0.0032500415976387032,-0.0002499113789436381,0.737945492662474,0.26205450733752594
PLZL,-1,2025-01-28 13:10:00+00:00,2025-01-28 14:40:00+00:00,1684.2,1701.0420000000001,423.7724340794073,-7137.175334765419,-0.00700000000000004,9,v3_short,sl,False,A,True,0.014303095047330726,0.004109133333645701,,0.7800829875518682,0.21991701244813172
PLZL,-1,2025-02-26 10:50:00+00:00,2025-02-26 11:30:00+00:00,1969.1,1957.15,359.9215432137535,4301.0624414042895,0.004248133665126136,4,v3_short,opposite_signal,False,A,True,0.01673353308618153,0.0033232187293687366,0.0001513381748006713,0.6691957511380857,0.3308042488619143
PLZL,-1,2025-02-26 19:50:00+00:00,2025-02-26 20:40:00+00:00,1954.35,1945.45,364.17850152285166,3241.18866355333,0.0031877606365287208,5,v3_short,opposite_signal,False,A,True,0.010874014942175826,0.0032927509351913927,-0.00018089243680278095,0.9858823529411679,0.014117647058832089
PLZL,-1,2025-02-27 10:40:00+00:00,2025-02-27 10:50:00+00:00,1952.9,1948.1,365.6106746457434,1754.931238299635,0.001720518203697131,1,v3_short,opposite_signal,False,A,True,0.011115664378649751,0.0032226740845333925,-3.94426800532723e-05,0.672811059907839,0.32718894009216104
PLZL,1,2025-02-27 19:20:00+00:00,2025-02-27 23:30:00+00:00,1927.65,1908.3735000000001,371.03703389229474,-7152.295383824798,-0.006999999999999978,25,v3_long,sl,False,A,True,0.010844467505513085,0.003663886101852854,-0.0001421714878713197,0.12679425837320954,0.8732057416267904
PLZL,-1,2025-03-03 18:40:00+00:00,2025-03-03 20:50:00+00:00,1906.2,1925.2620000000002,372.58573686591365,-7102.229316138093,-0.007000000000000046,13,v3_short,sl,False,A,True,0.014593576733968036,0.002933361230254209,-0.00021210377654566235,0.5806451612903223,0.41935483870967766
PLZL,-1,2025-03-04 10:30:00+00:00,2025-03-04 12:30:00+00:00,1931.5,1950.815,365.13143727284904,-7052.513710925099,-0.007000000000000019,12,v3_short,sl,False,A,True,0.01335818577197885,0.003098317753490153,4.6598322460372586e-06,0.8643410852713176,0.1356589147286824
PLZL,-1,2025-03-19 12:00:00+00:00,2025-03-19 13:50:00+00:00,1922.7,1893.8595,364.2349880349823,10504.719172422914,0.010500000000000008,11,v3_short,tp,False,A,True,0.018584461830374547,0.0033119162747565663,,0.5174825174825175,0.4825174825174825
PLZL,-1,2025-03-27 22:50:00+00:00,2025-03-27 23:30:00+00:00,1889.0,1871.2,374.62568285630306,6668.337154842177,0.006596082583377432,4,v3_short,opposite_signal,False,A,True,0.011540497617787165,0.0039044521990903307,0.00014081524616198758,0.7889908256880771,0.21100917431192287
PLZL,1,2025-03-28 19:40:00+00:00,2025-03-28 23:50:00+00:00,1874.0,1880.0,380.1151285613372,2280.690771368023,0.0022411953041622194,25,v3_long,weekend_exit,False,A,True,0.011845053889659613,0.00422275408936384,9.604097748368756e-06,0.15315315315315695,0.8468468468468431
PLZL,-1,2025-04-02 10:30:00+00:00,2025-04-02 10:40:00+00:00,1788.0,1805.88,399.2909588724293,-7139.322344639079,-0.007000000000000043,1,v3_short,sl,False,A,True,0.023604430025729973,0.006132473634431338,-8.278330909497808e-05,0.7582938388625584,0.2417061611374416
PLZL,-1,2025-04-02 19:50:00+00:00,2025-04-03 06:50:00+00:00,1802.6,1818.8,393.2845383460869,-6371.209521206625,-0.006290913125485427,66,v3_short,timeout,False,A,True,0.01397670549084861,0.004785674669202124,0.00016528008874098826,0.5079365079365052,0.4920634920634948
PLZL,-1,2025-04-11 10:20:00+00:00,2025-04-11 14:40:00+00:00,1884.2,1903.0420000000001,373.8853954770255,-7044.748621578151,-0.007000000000000036,26,v3_short,sl,False,A,True,0.01804479354633266,0.004276161159719158,0.0003810635813607907,0.6235294117647072,0.3764705882352928
PLZL,-1,2025-04-15 10:20:00+00:00,2025-04-15 11:10:00+00:00,1906.4,1897.0,366.9447849993217,3449.2809789936573,0.003451531682752866,5,v3_short,opposite_signal,False,A,True,0.01636592530423826,0.003167276142517422,7.763323541754187e-05,0.7371794871794914,0.2628205128205085
PLZL,-1,2025-04-30 22:40:00+00:00,2025-05-02 06:50:00+00:00,1752.4,1751.4,400.5695245423433,400.5695245423433,0.00039945217986761013,193,v3_short,timeout,False,A,True,0.015065053640721348,0.0033400258071728897,0.00019173704633645232,0.9772727272727308,0.022727272727269203
PLZL,1,2025-05-05 19:20:00+00:00,2025-05-05 22:00:00+00:00,1728.4,1742.0,406.2939328136901,5525.597486266149,0.005507984262902069,16,v3_long,opposite_signal,False,A,True,0.013540099525517933,0.003800108169642116,0.00018284920726767683,0.1452991452991486,0.8547008547008513
PLZL,-1,2025-05-07 12:00:00+00:00,2025-05-07 16:30:00+00:00,1796.6,1769.6509999999998,393.0236845795215,10591.595275733553,0.010500000000000027,27,v3_short,tp,False,A,True,0.016586886340866056,0.0033324595203125438,,0.8859060402684531,0.11409395973154685
PLZL,-1,2025-05-27 10:40:00+00:00,2025-05-27 18:40:00+00:00,1652.0,1658.4,431.91311647008587,-2764.243945408589,-0.0027118644067797,48,v3_short,timeout,False,A,True,0.024337086814384335,0.004416789062787905,-0.00027606247729749584,0.8706467661691533,0.12935323383084676
PLZL,-1,2025-06-11 10:40:00+00:00,2025-06-11 14:50:00+00:00,1726.8,1744.068,412.08333197057897,-7115.854976467969,-0.007000000000000011,25,v3_short,sl,False,A,True,0.010539726662033847,0.00355017071033629,9.265693768823047e-06,0.8241758241758221,0.1758241758241779
PLZL,1,2025-06-11 19:30:00+00:00,2025-06-13 06:50:00+00:00,1728.0,1753.9199999999998,408.91458284911346,10599.065987448957,0.010499999999999936,212,v3_long,gap_tp,False,A,True,0.017939814814814815,0.0030824829931972867,0.0002407407407407402,0.05806451612903079,0.9419354838709693
PLZL,1,2025-07-03 19:40:00+00:00,2025-07-04 06:50:00+00:00,1858.0,1855.8,384.29695659552334,-845.4533045101688,-0.0008288482238966801,67,v3_long,timeout,False,A,True,0.013778256189450973,0.0032248852178115685,0.00016146393972012917,0.14062499999999695,0.8593750000000031
PLZL,-1,2025-07-04 10:20:00+00:00,2025-07-04 10:30:00+00:00,1877.0,1863.0,380.0915972516384,5321.282361522937,0.005221097496004262,1,v3_short,opposite_signal,False,A,True,0.019605753862546593,0.0038714260344521207,0.00015769845498135517,0.7880434782608705,0.21195652173912946
PLZL,-1,2025-07-04 11:50:00+00:00,2025-07-04 14:20:00+00:00,1876.2,1894.962,382.2390074056024,-7171.568256943891,-0.006999999999999979,15,v3_short,sl,False,A,True,0.010659844366272252,0.0037984578758483408,,0.8100000000000023,0.18999999999999773
PLZL,-1,2025-07-22 13:20:00+00:00,2025-07-22 17:20:00+00:00,1950.2,1969.702,365.16086961056845,-7121.367279145289,-0.006999999999999984,24,v3_short,sl,False,A,True,0.013230769230769324,0.003358316896778427,,0.9534883720930218,0.04651162790697818
PLZL,1,2025-08-01 20:00:00+00:00,2025-08-01 23:50:00+00:00,1951.8,1966.4,362.30749606472426,5289.689442545024,0.005236192232810787,23,v3_long,weekend_exit,False,A,True,0.011576682716934694,0.0031048173802868165,-8.400778608749151e-05,0.026548672566367764,0.9734513274336323
PLZL,-1,2025-08-12 18:40:00+00:00,2025-08-13 06:50:00+00:00,2086.0,2083.8,340.7739949323636,749.7027888511379,0.000738255033556986,73,v3_short,timeout,False,A,True,0.01861446939167155,0.003479178660525834,-0.0003838034926117828,0.9123711340206166,0.08762886597938338
PLZL,-1,2025-08-13 10:40:00+00:00,2025-08-13 13:00:00+00:00,2111.8,2094.4,336.8592411123715,5861.350795355294,0.005767591627995105,14,v3_short,opposite_signal,False,A,True,0.015626479780282223,0.0034505902650531044,0.0002566530921488768,0.751515151515157,0.24848484848484298
PLZL,-1,2025-08-14 10:50:00+00:00,2025-08-14 11:10:00+00:00,2104.4,2092.6,339.99348552454614,4011.9231291897063,0.003925109294810933,2,v3_short,opposite_signal,False,A,True,0.012068801672526889,0.003124109094364711,-2.6608381640218397e-05,0.9606299212598427,0.03937007874015734
PLZL,-1,2025-08-20 10:30:00+00:00,2025-08-20 18:30:00+00:00,2143.0,2147.0,335.1799519964012,-1340.7198079856048,-0.001306579561362576,48,v3_short,timeout,False,A,True,0.013060919861927417,0.0033288383414327998,-1.5859688403767308e-05,0.6071428571428571,0.39285714285714285
PLZL,-1,2025-08-29 19:40:00+00:00,2025-08-29 23:50:00+00:00,2143.2,2138.2,334.7107751319046,1673.5538756595229,0.0016330720418066445,25,v3_short,weekend_exit,False,A,True,0.013064576334453156,0.0032756663695713496,-0.00023329600597237778,0.8571428571428571,0.14285714285714285
PLZL,1,2025-10-09 19:50:00+00:00,2025-10-10 06:50:00+00:00,2321.8,2322.8,309.46835256079737,309.46835256079737,0.00030149022310276506,66,v3_long,timeout,False,A,True,0.015417743324720148,0.00454920986482449,-9.302325581395114e-05,0.32960893854748946,0.6703910614525106
PLZL,-1,2025-10-10 11:30:00+00:00,2025-10-10 17:20:00+00:00,2309.2,2274.562,311.25075732827474,10781.103732336756,0.010499999999999976,35,v3_short,tp,False,A,True,0.012382024417698461,0.0038036688396026652,,0.636363636363632,0.363636363636368
PLZL,-1,2025-10-15 12:50:00+00:00,2025-10-15 13:30:00+00:00,2126.0,2147.26,341.6213647389876,-7262.870214350951,-0.007000000000000071,4,v3_short,sl,False,A,True,0.01975540921919097,0.004303857008466624,,0.7619047619047619,0.23809523809523808
PLZL,-1,2025-10-16 13:00:00+00:00,2025-10-16 16:20:00+00:00,2214.8,2236.9480000000003,325.62895624211757,-7212.030122850465,-0.0070000000000000435,20,v3_short,sl,False,A,True,0.016886400577930328,0.0041392304350585316,,0.9304812834224625,0.06951871657753751
PLZL,-1,2025-10-22 21:40:00+00:00,2025-10-22 22:00:00+00:00,2063.4,2050.2,347.0750175433976,4581.390231572943,0.004478045943588344,2,v3_short,opposite_signal,False,A,True,0.009208103130755063,0.0035645546383717766,-0.00023262576330328582,0.9684210526315837,0.031578947368416266
PLZL,1,2025-10-22 22:20:00+00:00,2025-10-22 23:10:00+00:00,2049.2,2028.7079999999999,351.04507337553576,-7193.615643611465,-0.006999999999999988,5,v3_long,sl,False,A,True,0.0110297706198145,0.0034661009352496396,-0.00015714982918497183,0.3451327433628212,0.6548672566371788
PLZL,-1,2025-10-23 10:20:00+00:00,2025-10-23 11:50:00+00:00,2064.8,2033.8280000000002,345.9541037440041,10714.890501159289,0.010499999999999992,9,v3_short,tp,False,A,True,0.022764700184055024,0.004110100884294429,8.524653685943965e-05,0.8468085106383018,0.15319148936169827
PLZL,-1,2025-10-23 19:40:00+00:00,2025-10-24 06:50:00+00:00,2046.2,2041.0,352.7643714013446,1834.374731287008,0.0017789072426937895,67,v3_short,timeout,False,A,True,0.009480989150620707,0.0038039651399607776,-0.00018961978301241194,0.9072164948453636,0.0927835051546364
PLZL,1,2025-10-24 19:20:00+00:00,2025-10-24 23:50:00+00:00,2060.0,2043.2,351.0245238220059,-5897.2120002096835,-0.005708737864077655,27,v3_long,weekend_exit,False,A,True,0.01087273080283461,0.003881136961143092,-4.368507911853219e-05,0.5892857142857199,0.4107142857142801
PLZL,-1,2025-10-27 21:20:00+00:00,2025-10-28 06:50:00+00:00,1983.8,1971.0,362.42689317128,4639.064232592368,0.004516584333098078,57,v3_short,timeout,False,A,True,0.017239641092852125,0.003711697402017569,-0.00035487448331484846,0.865497076023388,0.134502923976612
PLZL,-1,2025-10-30 12:20:00+00:00,2025-10-30 16:40:00+00:00,2061.8,2082.418,350.29091843825785,-7222.298156359979,-0.006999999999999979,26,v3_short,sl,False,A,True,0.01279937942402797,0.0036112115041621587,,0.5757575757575841,0.42424242424241587
MGNT,-1,2022-01-19 20:20:00+00:00,2022-01-20 07:00:00+00:00,5073.5,5055.5,137.97181432935844,2483.492657928452,0.002483492657928452,64,v3_short,timeout,False,A,True,0.015078348280279886,0.005655637636941048,0.0003074800433625702,0.803921568627451,0.19607843137254902
MGNT,-1,2022-01-20 19:20:00+00:00,2022-01-20 19:50:00+00:00,5040.0,5019.0,139.2338184247123,2923.910186918958,0.002916666666666667,3,v3_short,opposite_signal,False,A,True,0.015957974031123007,0.004541215832155045,-0.00028446823272871446,0.422360248447205,0.577639751552795
MGNT,1,2022-01-20 21:10:00+00:00,2022-01-21 06:50:00+00:00,5019.0,4980.0,140.22418449718933,-5468.743195390383,-0.005439330543933054,58,v3_long,timeout,False,A,True,0.017330677290836653,0.003638507195706968,-0.0002390438247011952,0.3333333333333333,0.6666666666666666
MGNT,1,2022-01-21 19:20:00+00:00,2022-01-21 23:50:00+00:00,5045.0,5046.5,138.74272780071755,208.11409170107632,0.00020812685827552034,27,v3_long,weekend_exit,False,A,True,0.027056491575817642,0.004376934123500738,0.0002606541129831516,0.3956043956043956,0.6043956043956044
MGNT,-1,2022-01-28 20:20:00+00:00,2022-01-28 20:20:00+00:00,4936.0,4913.5,141.8360497606991,3191.3111196157297,0.003190842787682334,0,v3_short,opposite_signal,False,A,True,0.012153129430828438,0.004102714612277967,0.000147863074741746,0.6916666666666667,0.30833333333333335
MGNT,1,2022-01-28 20:40:00+00:00,2022-01-28 23:50:00+00:00,4912.0,4904.0,142.9838475982373,-1143.8707807858984,-0.0011400651465798045,19,v3_long,weekend_exit,False,A,True,0.009466612377850164,0.003917935252276807,0.00017609934853420194,0.08602150537634409,0.9139784946236559
MGNT,-1,2022-02-01 11:50:00+00:00,2022-02-01 13:20:00+00:00,5093.0,5016.605,137.7451305430967,10523.039247839934,0.01050000000000006,9,v3_short,tp,False,A,True,0.012757605495583905,0.0038665358194308144,,0.6615384615384615,0.3384615384615385
MGNT,-1,2022-02-01 19:20:00+00:00,2022-02-02 06:50:00+00:00,5092.0,5102.5,139.21878973477604,-1461.7972922151484,-0.00144344069128044,69,v3_short,timeout,False,A,True,0.013546677137528221,0.003690177356895443,-5.3008736625110435e-05,0.8188405797101449,0.18115942028985507
MGNT,-1,2022-02-02 10:20:00+00:00,2022-02-02 11:10:00+00:00,5168.5,5220.185,136.96020493855642,-7078.788192249343,-0.007000000000000054,5,v3_short,sl,False,A,True,0.012291908633372048,0.0032538760761757278,0.00019841269841269839,0.84251968503937,0.15748031496062992
MGNT,-1,2022-02-02 11:30:00+00:00,2022-02-02 12:40:00+00:00,5156.0,5147.5,136.33120005631386,1158.8152004786677,0.0011539953452288593,7,v3_short,opposite_signal,False,A,True,0.017462165308498253,0.003610233383225234,,0.23333333333333334,0.7666666666666667
MGNT,-1,2022-02-03 10:30:00+00:00,2022-02-03 11:20:00+00:00,5177.0,5228.77,135.93487311776886,-7037.348381306953,-0.007000000000000059,5,v3_short,sl,False,A,True,0.013245673402301074,0.0034454571822840215,-0.00012955622159914918,0.7591240875912408,0.24087591240875914
MGNT,-1,2022-09-22 22:10:00+00:00,2022-09-22 23:20:00+00:00,5015.0,5015.5,139.34370772956623,-69.67185386478312,-6.979062811565306e-05,7,v3_short,opposite_signal,False,A,True,0.007377866400797607,0.004104014487150792,0.00014157527417746758,0.08108108108108109,0.918918918918919
MGNT,-1,2022-10-20 13:20:00+00:00,2022-10-20 15:30:00+00:00,5006.5,5056.565,139.5705430872005,-6987.599239660637,-0.0069999999999999455,13,v3_short,sl,False,A,True,0.011582626060908638,0.0039179326248722154,,0.7758620689655172,0.22413793103448276
MGNT,1,2022-11-29 13:20:00+00:00,2022-11-29 21:20:00+00:00,4812.5,4817.0,144.1804892464014,648.8122016088064,0.0006545454545454546,48,v3_long,timeout,False,A,True,0.021919800540203614,0.003131400077171945,,0.44075829383886256,0.5592417061611374
MGNT,-1,2022-12-28 13:20:00+00:00,2022-12-28 16:00:00+00:00,4437.0,4481.37,156.4847358664487,-6943.227730394311,-0.006999999999999982,16,v3_short,sl,False,A,True,0.017354068064007213,0.0032411432005752493,,0.8701298701298701,0.12987012987012986
MGNT,-1,2023-02-16 13:20:00+00:00,2023-02-16 16:40:00+00:00,4502.5,4434.9625,153.1288203505068,10341.93770442241,0.010500000000000058,20,v3_short,tp,False,A,True,0.01622222222222222,0.0037883597883597883,,0.8493150684931506,0.1506849315068493
MGNT,-1,2023-02-21 13:20:00+00:00,2023-02-21 21:20:00+00:00,4567.0,4582.5,152.5513181566132,-2364.545431427505,-0.0023757389971534927,48,v3_short,timeout,False,A,True,0.027163198247535596,0.0034892818025348145,,0.8145161290322581,0.18548387096774194
MGNT,-1,2023-04-20 22:50:00+00:00,2023-04-21 09:50:00+00:00,4829.5,4830.0,143.91690407273077,-71.95845203636539,-7.24712703178383e-05,66,v3_short,timeout,False,A,True,0.022256728778467908,0.0035788228334812182,6.728778467908903e-05,0.7209302325581395,0.27906976744186046
MGNT,-1,2023-06-21 13:20:00+00:00,2023-06-21 15:40:00+00:00,4914.5,4963.645,141.41750275772262,-6949.96317302834,-0.007000000000000063,14,v3_short,sl,False,A,True,0.016281672941894778,0.0034065524042119137,,0.68125,0.31875
MGNT,1,2023-07-04 23:00:00+00:00,2023-07-05 09:50:00+00:00,5234.0,5299.0,131.8554342914994,8570.60322894746,0.008693160106992738,65,v3_long,timeout,False,A,True,0.012132212457011845,0.0030198934751585003,0.00019679021780664885,0.007874015748031496,0.9921259842519685
MGNT,1,2023-07-06 13:20:00+00:00,2023-07-06 21:20:00+00:00,5294.0,5297.0,131.49428888212526,394.4828666463758,0.0003966754816773706,48,v3_long,timeout,False,A,True,0.01511144692104269,0.0029998021120046054,,0.1125,0.8875
MGNT,-1,2023-07-20 13:20:00+00:00,2023-07-20 21:20:00+00:00,5631.5,5559.5,123.66277250264116,8903.719620190164,0.008949658172778124,48,v3_short,timeout,False,A,True,0.01662074482268243,0.004528697978169136,,0.6577540106951871,0.3422459893048128
MGNT,-1,2023-08-22 13:20:00+00:00,2023-08-22 16:50:00+00:00,5964.5,5875.0325,117.8035890825311,10539.592606241322,0.01049999999999997,21,v3_short,tp,False,A,True,0.020038567955059948,0.005074520795154651,,0.803347280334728,0.19665271966527198
MGNT,-1,2023-08-25 13:20:00+00:00,2023-08-25 21:20:00+00:00,5922.0,5890.0,119.89483652602595,3836.6347688328306,0.0037825059101654845,48,v3_short,timeout,False,A,True,0.011145824537701595,0.0034700023723075314,,0.6212121212121212,0.3787878787878788
MGNT,-1,2023-08-29 13:20:00+00:00,2023-08-29 19:40:00+00:00,6073.5,6134.235,117.3463186375745,-7127.028662453049,-0.006999999999999963,38,v3_short,sl,False,A,True,0.017614618487118282,0.003574662229695566,,0.8738317757009346,0.1261682242990654
MGNT,-1,2023-08-31 13:20:00+00:00,2023-08-31 21:20:00+00:00,6058.5,6075.0,116.81339377429917,-1927.4209972759363,-0.0019064124783362217,48,v3_short,timeout,False,A,True,0.021048287247214196,0.003934516439675333,,0.9529411764705882,0.047058823529411764
MGNT,1,2023-09-07 23:40:00+00:00,2023-09-08 09:50:00+00:00,5749.0,5762.5,122.86741198182264,1658.7100617546057,0.001643764132892677,61,v3_long,timeout,False,A,True,0.009132022960514873,0.00398827125214323,-0.0002626543746738563,0.21904761904761905,0.780952380952381
MGNT,1,2023-09-19 21:40:00+00:00,2023-09-20 09:50:00+00:00,5591.0,5564.0,126.54728108151075,-3416.77658920079,-0.003380432838490431,73,v3_long,timeout,False,A,True,0.010282546494992847,0.0035564655046567985,-0.0002271101573676681,0.0,1.0
MGNT,-1,2023-09-29 13:20:00+00:00,2023-09-29 21:20:00+00:00,5553.0,5524.5,126.98255085796615,3619.0026994520354,0.0035926526202052947,48,v3_short,timeout,False,A,True,0.017829806393516435,0.0037777920713535297,,0.7272727272727273,0.2727272727272727
MGNT,-1,2023-10-25 13:20:00+00:00,2023-10-25 21:20:00+00:00,6101.0,6078.0,115.9920352079827,2667.816809783602,0.0026389116538272413,48,v3_short,timeout,False,A,True,0.02057377049180328,0.0030796252927400465,,0.7888446215139442,0.21115537848605578
MGNT,-1,2023-11-14 13:20:00+00:00,2023-11-14 15:20:00+00:00,6081.5,5990.2775,116.67103158279222,10643.023178561247,0.010499999999999983,12,v3_short,tp,False,A,True,0.015046867291563888,0.003022685805122904,,0.9234972677595629,0.07650273224043716
MGNT,-1,2023-11-17 13:20:00+00:00,2023-11-17 16:10:00+00:00,5827.0,5885.27,123.04530543946177,-7169.849947957491,-0.007000000000000052,17,v3_short,sl,False,A,True,0.01424770405973736,0.0033310036743218444,,0.8012048192771084,0.19879518072289157
MGNT,-1,2024-06-19 21:40:00+00:00,2024-06-20 09:50:00+00:00,6526.5,6615.0,109.08850070208743,-9654.332312134737,-0.009492070788324522,73,v3_short,gap_sl,False,A,True,0.009583684735106955,0.003245153002548869,-0.000115770911600092,0.952,0.048
MGNT,-1,2024-06-26 13:20:00+00:00,2024-06-26 21:20:00+00:00,6378.5,6378.0,110.56017358527541,55.280086792637704,5.487183507094144e-05,48,v3_short,timeout,False,A,True,0.017637375558516893,0.003415491774823906,,0.6755555555555556,0.3244444444444444
MGNT,-1,2024-08-20 13:20:00+00:00,2024-08-20 21:20:00+00:00,5286.5,5240.0,133.4052328146097,6203.34332587935,0.006157192849711529,48,v3_short,timeout,False,A,True,0.024496358649389954,0.004584904045794994,,0.8494208494208494,0.15057915057915058
MGNT,-1,2024-09-02 22:20:00+00:00,2024-09-03 09:50:00+00:00,4602.5,4600.0,154.17471017980438,385.43677544951095,0.0003802281368821293,69,v3_short,timeout,False,A,True,0.017052242858694472,0.0036130450876994654,-0.00023460410557184753,0.89171974522293,0.10828025477707007
MGNT,-1,2024-09-03 22:00:00+00:00,2024-09-04 09:50:00+00:00,4610.5,4610.0,153.96571073535716,76.98285536767858,7.59136753063659e-05,71,v3_short,timeout,False,A,True,0.014315150200628998,0.0037514192316119594,-0.0001355601344756534,0.9772727272727273,0.022727272727272728
MGNT,-1,2024-09-05 13:20:00+00:00,2024-09-05 13:50:00+00:00,4770.5,4818.205,148.81307983316668,-7099.1279734412055,-0.006999999999999989,3,v3_short,sl,False,A,True,0.025573839220207527,0.004491892134696872,,0.8401639344262295,0.1598360655737705
MGNT,-1,2024-10-22 13:20:00+00:00,2024-10-22 21:20:00+00:00,4846.5,4819.5,145.45412313271697,3927.261324583358,0.003899721448467966,48,v3_short,timeout,False,A,True,0.021144920061887573,0.003015791154006729,,0.7170731707317073,0.28292682926829266
MGNT,-1,2024-11-14 13:20:00+00:00,2024-11-14 17:10:00+00:00,4845.0,4772.325,146.06656154590738,10615.387360348845,0.010500000000000027,23,v3_short,tp,False,A,True,0.015371917878881668,0.0033848678231222337,,0.4697986577181208,0.5302013422818792
MGNT,-1,2024-12-17 13:20:00+00:00,2024-12-17 16:10:00+00:00,4354.0,4288.69,164.2451221502447,10726.848927632547,0.010500000000000065,17,v3_short,tp,False,A,True,0.0188310942702951,0.0032916140391166227,,0.5853658536585366,0.4146341463414634
MGNT,-1,2024-12-24 13:20:00+00:00,2024-12-24 21:20:00+00:00,4954.5,4953.0,145.85367970360443,218.78051955540664,0.0002119285498032092,48,v3_short,timeout,False,A,True,0.023110303764254717,0.004017511737766052,,0.7379912663755459,0.26200873362445415
MGNT,-1,2024-12-25 13:20:00+00:00,2024-12-25 21:20:00+00:00,4990.5,5027.0,144.83222171229275,-5286.3760924986855,-0.005119727482216211,48,v3_short,timeout,False,A,True,0.013421474358974358,0.00381085927960928,,0.753731343283582,0.2462686567164179
MGNT,1,2025-01-15 13:20:00+00:00,2025-01-15 19:20:00+00:00,4661.5,4731.4225,154.26037524197102,10786.271087856669,0.010499999999999952,36,v3_long,tp,False,A,True,0.016843686299753247,0.003852028956631467,,0.09554140127388536,0.9044585987261147
MGNT,-1,2025-02-12 12:20:00+00:00,2025-02-12 15:50:00+00:00,4931.0,4857.035,147.36060209936068,10899.526934279234,0.010500000000000021,21,v3_short,tp,False,A,True,0.01652641184223867,0.0032690281093403877,,0.7423312883435583,0.25766871165644173
MGNT,-1,2025-02-12 20:00:00+00:00,2025-02-12 20:30:00+00:00,4908.0,4957.08,149.60570452443824,-7342.647978059418,-0.00699999999999999,3,v3_short,sl,False,A,True,0.015281173594132029,0.0032599837000814994,-0.00016605541972290137,1.0,0.0
MGNT,1,2025-02-17 20:00:00+00:00,2025-02-18 06:50:00+00:00,5149.0,5200.0,141.60515521874177,7221.86291615583,0.006933385123324917,65,v3_long,timeout,False,A,True,0.011948707985234118,0.0033227201896884654,0.0002467456770934525,0.1951219512195122,0.8048780487804879
MGNT,1,2025-02-18 21:20:00+00:00,2025-02-19 06:50:00+00:00,5113.5,5146.0,143.576855043045,4666.247788898962,0.004449007529089666,57,v3_long,timeout,False,A,True,0.008998435054773083,0.004177844846858931,6.161971830985915e-05,0.2608695652173913,0.7391304347826086
MGNT,-1,2025-02-27 19:20:00+00:00,2025-02-27 19:20:00+00:00,5087.0,5067.0,144.9669002781285,2899.33800556257,0.0027521132298014544,0,v3_short,opposite_signal,False,A,True,0.01720070768625909,0.004082033835747785,-0.00011893060743070571,0.18857142857142858,0.8114285714285714
MGNT,1,2025-02-27 19:40:00+00:00,2025-02-27 23:10:00+00:00,5067.0,5016.33,145.9396404812973,-7394.7615831873445,-0.00700000000000001,21,v3_long,sl,False,A,True,0.018547750591949488,0.004026867258347696,-0.00015982636148382005,0.20212765957446807,0.7978723404255319
MGNT,-1,2025-02-28 18:40:00+00:00,2025-02-28 20:50:00+00:00,4937.5,4986.875,148.71895194136755,-7342.998252105022,-0.006999999999999999,13,v3_short,sl,False,A,True,0.019926799511996746,0.005073200488003253,-0.0003995526636844246,0.9744897959183674,0.025510204081632654
MGNT,-1,2025-03-05 10:20:00+00:00,2025-03-05 11:00:00+00:00,5042.5,5092.925,144.60282130570724,-7291.597264340314,-0.007000000000000024,4,v3_short,sl,False,A,True,0.011884718233138556,0.003150393563387522,-3.466376151332079e-05,0.6416666666666667,0.35833333333333334
MGNT,1,2025-03-06 19:20:00+00:00,2025-03-06 19:50:00+00:00,4995.0,5015.0,144.95607774754566,2899.1215549509134,0.0028028028028028026,3,v3_long,opposite_signal,False,A,True,0.011114448783418444,0.0033329042040366763,-5.5071593070992295e-05,0.04504504504504504,0.954954954954955
MGNT,-1,2025-03-06 20:20:00+00:00,2025-03-07 06:50:00+00:00,5023.5,5005.0,144.5376716308264,2673.9469251702885,0.0025778839454563556,63,v3_short,timeout,False,A,True,0.011049173800517618,0.00312034031211529,1.294047382042604e-05,0.5585585585585585,0.44144144144144143
MGNT,-1,2025-03-25 20:40:00+00:00,2025-03-26 06:50:00+00:00,4680.5,4672.0,155.52969902469297,1322.0024417098903,0.0012712317060143148,61,v3_short,timeout,False,A,True,0.020833333333333332,0.0036804465375893944,-0.0003514957264957265,0.9794871794871794,0.020512820512820513
MGNT,1,2025-03-28 21:10:00+00:00,2025-03-28 23:50:00+00:00,4430.0,4421.5,164.53321850886508,-1398.5323573253531,-0.0013431151241534987,16,v3_long,weekend_exit,False,A,True,0.016930022573363433,0.004929285483945271,-0.0002821670428893905,0.06666666666666667,0.9333333333333333
MGNT,-1,2025-03-31 19:50:00+00:00,2025-04-01 06:50:00+00:00,4429.0,4429.0,164.34933062635915,-0.0,-0.0,66,v3_short,timeout,False,A,True,0.014450214495371415,0.004031867883753185,-0.00010160307067058026,0.671875,0.328125
MGNT,-1,2025-04-02 22:40:00+00:00,2025-04-03 06:50:00+00:00,4758.0,4738.0,152.9851167179791,3059.702334359582,0.002942412778478352,49,v3_short,timeout,False,A,True,0.019440941572089112,0.005307923926190905,-8.406893652795292e-06,0.918918918918919,0.08108108108108109
MGNT,-1,2025-04-04 10:30:00+00:00,2025-04-04 10:30:00+00:00,4685.0,4731.85,155.8260356410238,-7300.449769782022,-0.007000000000000056,0,v3_short,sl,False,A,True,0.014941302027748132,0.004560007761715339,0.00010032017075773746,0.8214285714285714,0.17857142857142858
MGNT,-1,2025-04-09 10:40:00+00:00,2025-04-09 12:10:00+00:00,4416.0,4370.0,164.160928926483,7551.402730618218,0.007291666666666666,9,v3_short,opposite_signal,False,A,True,0.016191123188405796,0.00504588059231254,0.00013926630434782608,0.8461538461538461,0.15384615384615385
MGNT,-1,2025-04-10 13:00:00+00:00,2025-04-10 13:10:00+00:00,4509.0,4554.09,161.9473595144781,-7302.206440507842,-0.0070000000000000236,1,v3_short,sl,False,A,True,0.024839210467952982,0.004786223349097601,,0.8571428571428571,0.14285714285714285
MGNT,1,2025-04-11 12:00:00+00:00,2025-04-11 14:40:00+00:00,4589.0,4543.11,158.01026357429205,-7251.090995424314,-0.0070000000000000505,16,v3_long,sl,False,A,True,0.022222222222222223,0.0037107316044697448,,0.08333333333333333,0.9166666666666666
MGNT,-1,2025-04-11 22:30:00+00:00,2025-04-11 23:50:00+00:00,4582.5,4567.5,157.12675086647664,2356.9012629971494,0.0022913256955810145,8,v3_short,weekend_exit,False,A,True,0.010474631751227497,0.003627375663849828,-0.0002160392798690671,0.7083333333333334,0.2916666666666667
MGNT,-1,2025-04-17 21:20:00+00:00,2025-04-18 06:50:00+00:00,4550.5,4510.5,158.59425705520871,6343.770282208348,0.006153169981320734,57,v3_short,timeout,False,A,True,0.01802197802197802,0.0030881363534424762,-0.00012417582417582416,0.725609756097561,0.27439024390243905
MGNT,1,2025-04-18 19:20:00+00:00,2025-04-18 23:50:00+00:00,4486.0,4473.0,161.86442396952143,-2104.2375116037783,-0.0020285332144449396,27,v3_long,weekend_exit,False,A,True,0.012373202541522684,0.0030642956101178628,7.245569055846617e-05,0.009009009009009009,0.990990990990991
MGNT,1,2025-04-22 22:30:00+00:00,2025-04-23 06:50:00+00:00,4580.5,4600.0,158.2034362338501,3084.967006560077,0.002980024014845541,50,v3_long,timeout,False,A,True,0.012660991049989086,0.0031073333066035844,6.439641999563414e-05,0.14655172413793102,0.853448275862069
MGNT,-1,2025-04-28 23:40:00+00:00,2025-04-29 07:40:00+00:00,4760.0,4786.5,152.691242977677,-4046.3179389084407,-0.0038970588235294123,48,v3_short,timeout,False,A,True,0.01365546218487395,0.0044332018521694395,0.000532563025210084,0.8769230769230769,0.12307692307692308
MGNT,-1,2025-05-06 10:30:00+00:00,2025-05-06 11:30:00+00:00,4239.5,4281.895,170.76964123517078,-7239.77894016514,-0.007000000000000071,6,v3_short,sl,False,A,True,0.022526241302040336,0.0036775348722512305,-0.00012501474230451704,0.93717277486911,0.06282722513089005
MGNT,-1,2025-05-07 12:00:00+00:00,2025-05-07 17:40:00+00:00,4310.5,4353.6050000000005,166.7811271913678,-7189.100487583988,-0.0070000000000000765,34,v3_short,sl,False,A,True,0.014613778705636743,0.003281178680195449,,0.8492063492063492,0.15079365079365079
MGNT,-1,2025-05-27 10:30:00+00:00,2025-05-27 18:30:00+00:00,3760.0,3749.0,189.8610846853942,2088.471931539336,0.0020478723404255316,48,v3_short,timeout,False,A,True,0.026595744680851064,0.0043338974854932304,-0.00015691489361702128,0.9,0.1
MGNT,-1,2025-05-29 10:20:00+00:00,2025-05-29 11:50:00+00:00,3806.5,3844.565,187.92581341630364,-7153.396087691608,-0.0070000000000000106,9,v3_short,sl,False,A,True,0.014711677393931434,0.00331513138553727,9.982923945882044e-05,0.5982142857142857,0.4017857142857143
MGNT,-1,2025-09-17 19:30:00+00:00,2025-09-18 06:50:00+00:00,3292.0,3302.0,215.77528296104967,-2157.7528296104965,-0.00212636695018226,68,v3_short,timeout,False,A,True,0.01746658566221142,0.003471619510501649,-0.00022023086269744836,0.9304347826086956,0.06956521739130435
MGNT,-1,2025-09-24 10:30:00+00:00,2025-09-24 11:10:00+00:00,3178.0,3209.78,223.04021539554697,-7088.218045270527,-0.007000000000000044,4,v3_short,sl,False,A,True,0.01667715544367527,0.004626980948566852,9.439899307740717e-06,0.7924528301886793,0.20754716981132076
MGNT,1,2025-10-01 21:10:00+00:00,2025-10-01 22:40:00+00:00,3023.0,3044.0,232.8349493534101,4889.533936421612,0.004862719153159114,9,v3_long,opposite_signal,False,A,True,0.00959311941779689,0.003280968358233138,-0.0003837247767118756,0.06896551724137931,0.9310344827586207
MGNT,1,2025-10-02 20:00:00+00:00,2025-10-03 06:50:00+00:00,3057.0,3052.0,231.36497404345894,-1156.8248702172948,-0.001144913313706248,65,v3_long,timeout,False,A,True,0.02225130890052356,0.0045310663532428675,0.0004139397905759162,0.16911764705882354,0.8308823529411765
MGNT,-1,2025-10-06 19:20:00+00:00,2025-10-07 06:50:00+00:00,3033.5,3020.0,232.8903735756393,3144.0200432711304,0.0031152134498104497,69,v3_short,timeout,False,A,True,0.01549876339653751,0.0034389353433046757,8.244023083264634e-05,0.776595744680851,0.22340425531914893
MGNT,-1,2025-10-07 10:40:00+00:00,2025-10-07 14:30:00+00:00,3056.0,3086.56,231.8958646177983,-7086.737622719904,-0.006999999999999987,23,v3_short,sl,False,A,True,0.012278978388998035,0.003231684747017454,9.332023575638506e-05,0.8,0.2
MGNT,-1,2025-10-09 10:20:00+00:00,2025-10-09 11:20:00+00:00,2989.0,2944.165,235.4342743178614,10555.695689041324,0.01050000000000001,6,v3_short,tp,False,A,True,0.013549682167949146,0.003457120553139289,-1.840080294412847e-05,0.8148148148148148,0.18518518518518517
MGNT,-1,2025-10-09 22:00:00+00:00,2025-10-09 23:10:00+00:00,3018.5,3048.685,235.5812598702722,-7111.0203291841535,-0.006999999999999988,7,v3_short,sl,False,A,True,0.011602850986242334,0.0031290487353568975,0.0003712912315597547,0.8857142857142857,0.11428571428571428
MGNT,-1,2025-10-10 11:50:00+00:00,2025-10-10 16:40:00+00:00,3036.0,2990.46,232.5837676837904,10591.864780319806,0.01049999999999999,29,v3_short,tp,False,A,True,0.01267907129919315,0.0031944673143421702,,0.8961038961038961,0.1038961038961039
MGNT,-1,2025-10-17 13:00:00+00:00,2025-10-17 20:40:00+00:00,3042.0,3072.42,234.56233531696634,-7135.3862403421335,-0.0070000000000000175,46,v3_short,sl,False,A,True,0.015450361604207758,0.005210832133909057,,0.8617021276595744,0.13829787234042554
VKCO,-1,2022-01-11 19:40:00+00:00,2022-01-12 07:00:00+00:00,767.4,771.6,912.170966901225,-3831.1180609851867,-0.0038311180609851866,68,v3_short,timeout,False,A,True,0.01381647549530764,0.004202932476431654,-8.34202294056291e-05,0.7547169811320739,0.24528301886792614
VKCO,1,2022-01-12 23:20:00+00:00,2022-01-13 07:20:00+00:00,767.2,768.0,908.9132134480061,727.1305707583635,0.0007299270072992285,48,v3_long,timeout,False,A,True,0.006254886630179769,0.0031114869716455658,-0.00026062027625749283,0.04166666666667654,0.9583333333333235
VKCO,-1,2022-01-14 10:20:00+00:00,2022-01-14 10:30:00+00:00,761.6,761.0,916.2647173803061,549.7588304282045,0.000551470588235315,1,v3_short,opposite_signal,False,A,True,0.014443277310924369,0.004264205682272905,7.615546218487335e-05,0.690909090909093,0.30909090909090703
VKCO,-1,2022-01-28 21:50:00+00:00,2022-01-28 22:40:00+00:00,597.4,591.8,1168.7513222935067,6545.0074048436645,0.006561767659859418,5,v3_short,opposite_signal,False,A,True,0.020100502512562814,0.004731138686630426,-0.0001340033500837521,0.9166666666666666,0.08333333333333333
VKCO,-1,2022-01-28 23:20:00+00:00,2022-01-28 23:50:00+00:00,594.8,597.0,1181.56278601468,-2599.4381292323496,-0.002589105581708191,3,v3_short,weekend_exit,False,A,True,0.014117647058823492,0.004239410049734177,-0.0001815126050420122,0.5714285714285675,0.42857142857143243
VKCO,1,2022-02-01 21:10:00+00:00,2022-02-01 23:20:00+00:00,644.6,649.0,1087.4556910193435,4784.8050404850865,0.004778156996587005,13,v3_long,opposite_signal,False,A,True,0.02016754576481539,0.005464550076934266,0.00012100527458889162,0.3230769230769266,0.6769230769230734
VKCO,-1,2022-02-01 23:40:00+00:00,2022-02-01 23:40:00+00:00,650.8,657.308,1082.2423201588945,-7043.233019594127,-0.007000000000000042,0,v3_short,sl,False,A,True,0.014764687788372843,0.005323322808052757,2.1531836358045077e-05,0.979166666666662,0.02083333333333802
VKCO,-1,2022-02-03 22:20:00+00:00,2022-02-04 06:50:00+00:00,605.6,611.0,1154.87622002261,-6236.331588122067,-0.006241743725231149,51,v3_short,timeout,False,A,True,0.02378592666005943,0.005831866939045184,-0.0002576808721506427,0.7638888888888901,0.2361111111111099
VKCO,-1,2022-02-07 20:40:00+00:00,2022-02-08 06:50:00+00:00,580.0,580.0,1198.3234598862193,-0.0,-0.0,61,v3_short,timeout,False,A,True,0.016206896551724293,0.004489795918367348,0.0001275862068965533,0.4468085106382984,0.5531914893617016
VKCO,1,2022-02-09 19:40:00+00:00,2022-02-09 22:50:00+00:00,626.6,629.8,1109.2046069805413,3549.454742337656,0.00357484838812632,19,v3_long,opposite_signal,False,A,True,0.016911295469049174,0.005281116913900196,0.00012444160816847043,0.3396226415094354,0.6603773584905647
VKCO,-1,2022-02-09 23:30:00+00:00,2022-02-09 23:40:00+00:00,629.6,635.8960000000001,1107.8656687637285,-6975.122250536489,-0.007000000000000054,1,v3_short,sl,False,A,True,0.010482846251588346,0.004097191608536665,-0.00010800508259212126,0.7878787878787921,0.21212121212120794
VKCO,1,2022-02-11 19:20:00+00:00,2022-02-11 21:30:00+00:00,590.6,584.6940000000001,1172.7559083614426,-6926.29639478262,-0.006999999999999939,13,v3_long,sl,False,A,True,0.02235015238740272,0.005584082600192119,-0.00012868269556383185,0.19696969696969802,0.803030303030302
VKCO,1,2022-02-15 20:50:00+00:00,2022-02-15 23:00:00+00:00,606.0,615.0899999999999,1134.952528055974,10316.71848002871,0.010499999999999905,13,v3_long,tp,False,A,True,0.019808517662594918,0.00675780381482403,-0.00017497523935292028,0.25,0.75
VKCO,-1,2022-02-17 19:20:00+00:00,2022-02-17 23:10:00+00:00,592.6,583.711,1172.8027926728657,10425.044024069115,0.010500000000000011,23,v3_short,tp,False,A,True,0.02228976697061811,0.00565170343720061,-0.00035123269165822276,0.954545454545453,0.04545454545454702
VKCO,1,2022-02-17 23:30:00+00:00,2022-02-18 07:00:00+00:00,584.6,593.3689999999999,1201.3350423448317,10534.5069863217,0.01049999999999987,45,v3_long,tp,False,A,True,0.017105713308244952,0.0046220335551257746,-9.579199452617019e-05,0.16000000000000228,0.8399999999999977
VKCO,-1,2022-09-22 23:40:00+00:00,2022-09-23 09:50:00+00:00,467.4,470.0,1518.3453586761102,-3947.697932557921,-0.0038938810440736333,61,v3_short,timeout,False,A,True,0.01069747539580659,0.00463702811034555,0.00014976465554129227,0.8799999999999955,0.12000000000000455
VKCO,-1,2022-10-12 23:20:00+00:00,2022-10-13 09:50:00+00:00,425.6,428.2,1660.9756393149041,-4318.536662218694,-0.004276315789473627,63,v3_short,timeout,False,A,True,0.019266917293233054,0.005380159582630058,0.0001315789473684189,0.8292682926829293,0.17073170731707063
VKCO,1,2022-10-27 23:10:00+00:00,2022-10-28 09:50:00+00:00,445.8,444.8,1578.9328318278826,-1578.9328318278826,-0.001570210856886496,64,v3_long,timeout,False,A,True,0.00538358008075365,0.002993929738786488,-0.00021534320323014598,0.4166666666666706,0.5833333333333294
VKCO,-1,2022-11-09 13:20:00+00:00,2022-11-09 17:00:00+00:00,481.4,474.179,1459.8732934079574,10541.745051698865,0.010500000000000006,22,v3_short,tp,False,A,True,0.02534275031159117,0.005559182542979794,,0.6393442622950788,0.36065573770492115
VKCO,1,2022-11-14 23:10:00+00:00,2022-11-15 09:50:00+00:00,522.2,522.0,1359.9429815832627,-271.9885963167144,-0.00026809651474536927,64,v3_long,timeout,False,A,True,0.011106855610876971,0.003314079365947832,1.9149751053236305e-05,0.2068965517241474,0.7931034482758526
VKCO,-1,2022-12-15 13:20:00+00:00,2022-12-15 14:20:00+00:00,436.8,441.168,1625.393390488457,-7099.718329653572,-0.006999999999999991,6,v3_short,sl,False,A,True,0.03388278388278391,0.005320076748648172,,0.594594594594595,0.4054054054054051
VKCO,1,2022-12-21 22:30:00+00:00,2022-12-21 23:20:00+00:00,437.2,440.8,1612.5389527323896,5805.140229836639,0.005763952424519708,5,v3_long,opposite_signal,False,A,True,0.007776761207685218,0.003426256138319915,-0.00041628545288197727,0.7058823529411745,0.2941176470588255
VKCO,-1,2022-12-21 23:40:00+00:00,2022-12-22 09:50:00+00:00,442.0,440.0,1604.2208784965753,3208.4417569931506,0.003167420814479638,61,v3_short,timeout,False,A,True,0.013580805794477138,0.0032797184061492306,-0.0002806699864191937,1.0,0.0
VKCO,1,2022-12-23 23:30:00+00:00,2022-12-23 23:50:00+00:00,451.8,451.0,1574.3947267051385,-1259.5157813641288,-0.0012394864984506596,2,v3_long,weekend_exit,False,A,True,0.005314437555358674,0.003091050414851515,-0.00032772364924712284,0.33333333333334125,0.6666666666666587
VKCO,-1,2022-12-26 21:50:00+00:00,2022-12-27 09:50:00+00:00,452.2,454.8,1571.0523584219961,-4084.7361318972257,-0.0040247678018576205,72,v3_short,timeout,False,A,True,0.01459531180893415,0.0030327920641940983,-0.00022556390977443458,0.9393939393939345,0.06060606060606556
VKCO,-1,2022-12-29 13:20:00+00:00,2022-12-29 21:20:00+00:00,442.6,440.8,1598.6682358474889,2877.602824525498,0.0028468142792589424,48,v3_short,timeout,False,A,True,0.020767494356659116,0.004815650865312278,,0.5869565217391348,0.4130434782608651
VKCO,-1,2023-01-12 13:20:00+00:00,2023-01-12 19:30:00+00:00,462.0,466.62,1535.8980155049055,-7095.84883163267,-0.007000000000000006,37,v3_short,sl,False,A,True,0.0173235166738848,0.0036503124419971574,,0.625,0.375
VKCO,-1,2023-02-01 13:20:00+00:00,2023-02-01 17:20:00+00:00,494.0,486.59,1426.35179955693,10569.266834716887,0.010500000000000034,24,v3_short,tp,False,A,True,0.024281667341157425,0.003912046404964265,,0.75,0.25
VKCO,-1,2023-03-15 13:20:00+00:00,2023-03-15 14:20:00+00:00,509.6,501.956,1397.2061926323104,10680.244136481388,0.010500000000000008,6,v3_short,tp,False,A,True,0.014913657770800672,0.0034387381326156843,,0.6842105263157934,0.31578947368420657
VKCO,-1,2023-03-21 13:20:00+00:00,2023-03-21 19:20:00+00:00,486.4,479.104,1479.219668299676,10792.386699914425,0.01049999999999999,36,v3_short,tp,False,A,True,0.01644736842105263,0.0033090538847117806,,0.7999999999999972,0.20000000000000284
VKCO,-1,2023-04-20 13:20:00+00:00,2023-04-20 16:10:00+00:00,473.2,477.932,1536.4478388649673,-7270.471173509068,-0.007000000000000041,17,v3_short,sl,False,A,True,0.020287404902789567,0.003723382844261965,,0.729166666666665,0.27083333333333504
VKCO,-1,2023-05-02 22:30:00+00:00,2023-05-03 09:50:00+00:00,485.8,484.4,1486.1214234858915,2080.5699928802987,0.0020172910662824696,68,v3_short,timeout,False,A,True,0.006995884773662622,0.003006634752666507,-0.00022633744855967078,0.7647058823529402,0.23529411764705982
VKCO,-1,2023-05-04 13:20:00+00:00,2023-05-04 15:10:00+00:00,471.0,475.71,1535.9112240434447,-7234.141865244593,-0.00699999999999997,11,v3_short,sl,False,A,True,0.017417162276975335,0.003863737508597332,,0.8536585365853671,0.14634146341463297
VKCO,1,2023-05-05 22:00:00+00:00,2023-05-05 23:50:00+00:00,475.0,474.6,1512.3163941448236,-604.926557657895,-0.0005894736842104928,11,v3_long,weekend_exit,False,A,True,0.015578947368421005,0.003832438238453278,0.00013052631578947224,0.0,1.0
VKCO,1,2023-05-24 23:30:00+00:00,2023-05-25 09:50:00+00:00,542.0,544.2,1324.5882631520863,2914.09417893465,0.0028413284132841918,62,v3_long,timeout,False,A,True,0.00590405904059049,0.0032005422095037275,0.0002730627306273054,0.3750000000000089,0.6249999999999911
VKCO,-1,2023-07-20 13:20:00+00:00,2023-07-20 16:10:00+00:00,665.8,672.458,1081.355819395742,-7199.667045536867,-0.007000000000000017,17,v3_short,sl,False,A,True,0.021334134615384512,0.0044356684981684815,,0.7464788732394338,0.2535211267605662
VKCO,-1,2023-08-01 13:20:00+00:00,2023-08-01 13:50:00+00:00,723.0,730.23,988.8339386193763,-7149.269376218109,-0.0070000000000000175,3,v3_short,sl,False,A,True,0.022130013831258646,0.005176842521240855,,0.7374999999999972,0.26250000000000284
VKCO,1,2023-08-01 22:00:00+00:00,2023-08-02 09:50:00+00:00,727.2,729.8,976.240991554533,2538.226578041697,0.002502750275027415,71,v3_long,timeout,False,A,True,0.009625962596259625,0.0034238117689319825,0.00024202420242024078,0.05714285714287014,0.9428571428571298
VKCO,-1,2023-08-04 13:20:00+00:00,2023-08-04 14:40:00+00:00,760.8,749.3879999999999,935.4616294204595,10675.488114946316,0.010500000000000032,8,v3_short,tp,False,A,True,0.023396424815983117,0.005295178008111763,,0.6067415730337069,0.39325842696629315
VKCO,1,2023-08-10 22:20:00+00:00,2023-08-11 09:50:00+00:00,759.4,759.2,947.0266649243456,-189.40533298480452,-0.0001843560705819756,69,v3_long,timeout,False,A,True,0.012908324552160108,0.0037095976430614177,-6.585879873551106e-05,0.4285714285714236,0.5714285714285764
VKCO,-1,2023-08-18 13:20:00+00:00,2023-08-18 21:20:00+00:00,720.6,724.8,997.8343957958072,-4190.904462342322,-0.004079933388842565,48,v3_short,timeout,False,A,True,0.012486126526082131,0.003567464721737744,,0.5111111111111136,0.4888888888888864
VKCO,-1,2023-09-12 22:30:00+00:00,2023-09-12 23:40:00+00:00,677.6,684.376,1056.8267893843256,-7161.058324868141,-0.006999999999999952,7,v3_short,sl,False,A,True,0.01208370173887422,0.004402822136812264,-0.0003448275862068979,0.8292682926829306,0.17073170731706946
VKCO,1,2023-09-15 23:10:00+00:00,2023-09-15 23:50:00+00:00,643.2,645.2,1105.5551798187366,2211.1103596374733,0.0021766169154228856,4,v3_long,weekend_exit,False,A,True,0.015236318407960128,0.0033886689003959705,0.00013681592039800923,0.3265306122449041,0.6734693877550959
VKCO,1,2023-10-27 21:40:00+00:00,2023-10-27 23:50:00+00:00,583.0,578.0,1222.3685573090183,-6111.842786545092,-0.006003430531732419,13,v3_long,weekend_exit,False,A,True,0.011663807890222906,0.00413064024923862,-0.00016809605488850695,0.2941176470588255,0.7058823529411745
VKCO,-1,2023-10-30 22:50:00+00:00,2023-10-31 09:50:00+00:00,592.6,590.0,1195.3469101595952,3107.9019664149746,0.0030712116098549035,66,v3_short,timeout,False,A,True,0.017549780627742113,0.0033818454820334974,-0.0001822477219034716,0.8076923076923073,0.19230769230769273
VKCO,-1,2023-11-02 13:20:00+00:00,2023-11-02 19:00:00+00:00,595.2,586.272,1193.7804273136198,10658.071655055996,0.010499999999999997,34,v3_short,tp,False,A,True,0.01913393756294055,0.004587669240237215,,0.66666666666667,0.33333333333333
VKCO,-1,2023-11-09 13:20:00+00:00,2023-11-09 16:40:00+00:00,623.2,613.8520000000001,1152.1161111932056,10769.981407434036,0.01049999999999995,20,v3_short,tp,False,A,True,0.02118100128369712,0.005394584021028173,,0.7727272727272735,0.2272727272727265
VKCO,1,2023-11-10 21:50:00+00:00,2023-11-10 22:00:00+00:00,592.6,595.0,1224.3296447533066,2938.391147407908,0.0028349645629429363,1,v3_long,opposite_signal,False,A,True,0.009449881876476583,0.003788217953398043,-0.00023962200472494555,0.3214285714285823,0.6785714285714177
VKCO,1,2023-11-14 23:30:00+00:00,2023-11-15 09:50:00+00:00,598.0,598.0,1216.7134135183865,0.0,0.0,62,v3_long,timeout,False,A,True,0.009702241552358572,0.0034138780972409,-5.352960856473813e-05,0.13793103448275187,0.8620689655172481
VKCO,-1,2023-11-21 13:20:00+00:00,2023-11-21 21:20:00+00:00,635.4,637.2,1145.0969803021642,-2061.1745645439737,-0.001983002832861265,48,v3_short,timeout,False,A,True,0.021725440806045267,0.004423053856303175,,0.7391304347826062,0.2608695652173938
VKCO,-1,2023-12-07 22:00:00+00:00,2023-12-08 09:50:00+00:00,580.2,581.0,1251.5542900531098,-1001.2434320424309,-0.00096518441916575,71,v3_short,timeout,False,A,True,0.013769363166953529,0.003639045979837703,0.00018932874354561101,0.4000000000000057,0.5999999999999943
VKCO,-1,2023-12-18 23:00:00+00:00,2023-12-19 09:50:00+00:00,584.2,583.0,1241.7852254131883,1490.1422704958825,0.0014378637452927626,65,v3_short,timeout,False,A,True,0.010612803834303398,0.0033047111347106464,0.00011297500855871509,0.838709677419356,0.161290322580644
VKCO,-1,2023-12-28 13:20:00+00:00,2023-12-28 21:20:00+00:00,562.4,565.0,1291.7745879724962,-3358.6139287285196,-0.003236130867709844,48,v3_short,timeout,False,A,True,0.024528972627088436,0.004367477527804583,,0.666666666666664,0.3333333333333361
VKCO,-1,2024-01-10 13:20:00+00:00,2024-01-10 14:00:00+00:00,627.8,634.078,1153.4612910570593,-7241.429985256241,-0.007000000000000022,4,v3_short,sl,False,A,True,0.013698630136986339,0.003564981264885685,,0.5116279069767402,0.4883720930232598
VKCO,-1,2024-01-19 13:20:00+00:00,2024-01-19 21:20:00+00:00,635.6,632.6,1131.3310219256489,3393.9930657769464,0.003303964757709251,48,v3_short,timeout,False,A,True,0.024866225999370585,0.0041068992910352565,,0.8354430379746828,0.1645569620253172
VKCO,-1,2024-01-25 13:20:00+00:00,2024-01-25 21:20:00+00:00,660.0,664.8,1093.105746487858,-5246.9075831416685,-0.005090909090909043,48,v3_short,timeout,False,A,True,0.013632232656770675,0.0038227954011049877,,0.6666666666666666,0.3333333333333333
VKCO,1,2024-01-26 22:40:00+00:00,2024-01-26 23:50:00+00:00,674.8,675.8,1063.6884371277226,1063.6884371277226,0.0010373443983402492,7,v3_long,weekend_exit,False,A,True,0.011555555555555487,0.0037853363567649017,0.0002222222222222222,0.153846153846146,0.846153846153854
VKCO,-1,2024-01-30 13:20:00+00:00,2024-01-30 21:20:00+00:00,676.8,674.2,1061.6453003542797,2760.2777809210306,0.00268912529550818,48,v3_short,timeout,False,A,True,0.01712429878948909,0.0038663236183165326,,0.7413793103448255,0.25862068965517443
VKCO,-1,2024-02-13 13:20:00+00:00,2024-02-13 18:10:00+00:00,680.4,687.204,1058.8679214086146,-7204.537337264186,-0.006999999999999974,29,v3_short,sl,False,A,True,0.020870076425632048,0.0037932868620699344,,0.8450704225352086,0.15492957746479144
VKCO,-1,2024-02-21 22:20:00+00:00,2024-02-22 09:50:00+00:00,640.4,642.0,1117.1307894914685,-1787.409263186375,-0.0017489069331667957,69,v3_short,timeout,False,A,True,0.012496094970321774,0.004615904468629051,-0.00021868166198063107,0.9249999999999972,0.07500000000000284
VKCO,-1,2024-02-22 13:20:00+00:00,2024-02-22 19:00:00+00:00,645.6,635.916,1106.1948127417998,10712.390566591555,0.010499999999999968,34,v3_short,tp,False,A,True,0.02168525402726146,0.00457308078125922,,0.7285714285714319,0.2714285714285682
VKCO,1,2024-02-27 13:20:00+00:00,2024-02-27 14:10:00+00:00,653.2,646.668,1104.8041097714633,-7216.580445027242,-0.007000000000000041,5,v3_long,sl,False,A,True,0.01806491120636875,0.0031347505321785703,,0.15254237288136083,0.8474576271186391
VKCO,1,2024-02-28 13:20:00+00:00,2024-02-28 21:20:00+00:00,644.2,642.0,1112.3974513989458,-2447.2743930777315,-0.002390561937286606,48,v3_long,timeout,False,A,True,0.018001241464928652,0.0033401318317519304,,0.10344827586207268,0.8965517241379273
VKCO,-1,2024-02-29 13:20:00+00:00,2024-02-29 21:20:00+00:00,648.0,651.0,1103.2304724013063,-3309.6914172039187,-0.00324074074074074,48,v3_short,timeout,False,A,True,0.02098765432098769,0.0034832451499118063,,0.6764705882352964,0.3235294117647037
VKCO,-1,2024-03-05 13:20:00+00:00,2024-03-05 21:20:00+00:00,661.6,660.4,1077.0504264268498,1292.4605117122687,0.0012696493349456347,48,v3_short,timeout,False,A,True,0.01571946795646913,0.002994184372660795,,0.7307692307692345,0.26923076923076544
VKCO,-1,2024-03-26 13:20:00+00:00,2024-03-26 21:20:00+00:00,617.0,617.0,1156.371611802597,-0.0,-0.0,48,v3_short,timeout,False,A,True,0.018794556059624143,0.003132426009937327,,0.827586206896552,0.17241379310344793
VKCO,-1,2024-04-09 13:20:00+00:00,2024-04-09 16:20:00+00:00,614.8,605.578,1160.5095713763865,10702.219267233013,0.010499999999999978,18,v3_short,tp,False,A,True,0.019193233571893228,0.0035319267589924734,,0.8305084745762705,0.16949152542372947
VKCO,-1,2024-05-03 13:20:00+00:00,2024-05-03 21:20:00+00:00,587.2,584.0,1227.8147785580134,3929.0072913856984,0.0038147138964578194,48,v3_short,timeout,False,A,True,0.019407558733401394,0.0034210483648685753,,0.8596491228070252,0.14035087719297476
VKCO,1,2024-07-04 23:30:00+00:00,2024-07-05 09:50:00+00:00,498.2,496.0,1452.6759194565143,-3195.8870228043147,-0.0030911280610196545,62,v3_long,timeout,False,A,True,0.008028904054596548,0.003203368862599239,-0.000381372942593336,0.09999999999999432,0.9000000000000057
VKCO,-1,2024-07-18 13:20:00+00:00,2024-07-18 15:40:00+00:00,442.0,446.42,1632.3213170979013,-7214.86022157275,-0.007000000000000024,14,v3_short,sl,False,A,True,0.015822784810126583,0.005360371996900021,,0.5999999999999984,0.40000000000000163
VKCO,-1,2024-07-24 13:20:00+00:00,2024-07-24 21:20:00+00:00,471.8,467.6,1518.5155150533521,6377.765163224061,0.0062314540059347015,48,v3_short,timeout,False,A,True,0.017819261773440887,0.003575974301472814,,0.9047619047619038,0.0952380952380962
VKCO,-1,2024-07-30 13:20:00+00:00,2024-07-30 16:40:00+00:00,448.6,453.086,1606.9996781462958,-7209.0005561642665,-0.006999999999999984,20,v3_short,sl,False,A,True,0.018279090503789543,0.005307517567883156,,0.780487804878054,0.21951219512194597
VKCO,-1,2024-08-01 13:20:00+00:00,2024-08-01 18:40:00+00:00,466.4,459.404,1534.8493894234848,10737.80632840667,0.010499999999999971,32,v3_short,gap_tp,False,A,True,0.024892703862660993,0.004107909258123855,,0.9482758620689636,0.05172413793103634
VKCO,-1,2024-08-02 22:30:00+00:00,2024-08-02 23:50:00+00:00,449.6,448.4,1608.9195277068459,1930.7034332482883,0.001868327402135302,8,v3_short,weekend_exit,False,A,True,0.00978212538906188,0.0033212039818150494,-0.0001956425077812351,0.9545454545454575,0.04545454545454252
VKCO,1,2024-08-07 21:50:00+00:00,2024-08-07 23:10:00+00:00,449.4,451.8,1612.6428839792432,3870.3429215502388,0.0037383177570093993,8,v3_long,opposite_signal,False,A,True,0.013808463251670353,0.003963456206536071,0.00012026726057906155,0.19354838709677272,0.8064516129032273
VKCO,-1,2024-08-07 23:30:00+00:00,2024-08-08 09:50:00+00:00,453.0,453.0,1605.8078412921789,-0.0,-0.0,62,v3_short,timeout,False,A,True,0.01059602649006625,0.00315357931251971,3.532008830022125e-05,1.0,0.0
VKCO,-1,2024-08-20 13:20:00+00:00,2024-08-20 18:00:00+00:00,404.2,398.137,1799.680732571393,10911.464281580335,0.01049999999999998,28,v3_short,tp,False,A,True,0.012864918357248858,0.004146933389882437,,0.6923076923076873,0.30769230769231276
VKCO,-1,2024-08-26 23:30:00+00:00,2024-08-27 09:50:00+00:00,379.8,379.0,1935.4106822076442,1548.3285457661373,0.001474460242232775,62,v3_short,timeout,False,A,True,0.00842548709847285,0.003395987146833453,8.425487098472702e-05,0.9375000000000033,0.06249999999999667
VKCO,-1,2024-08-28 21:50:00+00:00,2024-08-29 09:50:00+00:00,359.8,358.0,2046.0055783337953,3682.8100410008547,0.0035019455252918506,72,v3_short,timeout,False,A,True,0.011117287381878822,0.005955689668863658,-0.00031128404669260827,0.9000000000000057,0.09999999999999432
VKCO,-1,2024-09-06 22:30:00+00:00,2024-09-06 23:40:00+00:00,346.2,349.662,2133.8266150005784,-7387.307741131979,-0.0069999999999999785,7,v3_short,sl,False,A,True,0.009826589595375657,0.004117022531555976,0.00015606936416184906,0.9411764705882383,0.058823529411761756
VKCO,-1,2024-09-16 21:40:00+00:00,2024-09-17 09:50:00+00:00,355.6,356.8,2062.8786802429913,-2475.4544162915663,-0.0023622047244094262,73,v3_short,timeout,False,A,True,0.007307476110174319,0.0032809076413027323,-6.18324901630142e-05,0.9230769230769281,0.07692307692307188
VKCO,-1,2024-10-08 13:20:00+00:00,2024-10-08 21:20:00+00:00,335.6,336.4,2180.652087613241,-1744.5216700904934,-0.0016686531585219549,48,v3_short,timeout,False,A,True,0.015476190476190612,0.004790249433106602,,0.8076923076923094,0.19230769230769063
VKCO,-1,2024-10-09 21:40:00+00:00,2024-10-10 09:50:00+00:00,340.2,340.8,2147.5769413108183,-1288.5461647865397,-0.0012345679012346147,73,v3_short,timeout,False,A,True,0.012941176470588168,0.00340936374549821,-2.352941176470789e-05,0.9545454545454569,0.045454545454543104
VKCO,-1,2024-10-28 22:00:00+00:00,2024-10-29 09:50:00+00:00,302.0,304.0,2416.2373944324163,-4832.474788864833,-0.004635761589403973,71,v3_short,timeout,False,A,True,0.013245033112582781,0.004689822949047171,-6.622516556291391e-05,0.9500000000000028,0.04999999999999716
VKCO,-1,2024-11-14 22:50:00+00:00,2024-11-15 09:50:00+00:00,310.2,309.4,2341.460221684025,1873.1681773472465,0.0018052869116699163,66,v3_short,timeout,False,A,True,0.018041237113402137,0.0029586576898801022,-0.00028350515463917747,0.8571428571428557,0.14285714285714432
VKCO,-1,2024-11-15 13:20:00+00:00,2024-11-15 16:40:00+00:00,309.0,312.09,2354.7966941441023,-7276.321784905217,-0.006999999999999945,20,v3_short,sl,False,A,True,0.016828478964401258,0.003883495145631075,,0.6153846153846145,0.38461538461538547
VKCO,-1,2024-11-29 22:00:00+00:00,2024-11-29 23:50:00+00:00,274.6,275.2,2631.2409076514705,-1578.7445445907927,-0.001529497450837495,11,v3_short,weekend_exit,False,A,True,0.00946831755280416,0.004310537033458669,0.0001747997086671547,0.8461538461538562,0.15384615384614375
VKCO,-1,2024-12-11 21:50:00+00:00,2024-12-11 23:30:00+00:00,253.8,256.338,2842.5281011027587,-7214.336320598833,-0.00700000000000003,10,v3_short,sl,False,A,True,0.029156816390858965,0.004921117383123466,0.0,0.8378378378378395,0.1621621621621605
VKCO,-1,2024-12-19 21:50:00+00:00,2024-12-20 09:50:00+00:00,248.4,248.4,2883.991934925367,-0.0,-0.0,72,v3_short,timeout,False,A,True,0.013687600644122406,0.004387262151237312,-2.415458937198159e-05,1.0,0.0
VKCO,-1,2025-01-16 22:40:00+00:00,2025-01-17 09:50:00+00:00,338.4,339.0,2116.97280329628,-1270.183681977816,-0.0012411347517730968,67,v3_short,timeout,False,A,True,0.012404016538688853,0.004170835493086789,-7.0880094506792e-05,0.7142857142857065,0.28571428571429347
VKCO,-1,2025-01-24 13:20:00+00:00,2025-01-24 16:30:00+00:00,356.8,351.448,2005.309607786089,10732.417020871213,0.010500000000000063,19,v3_short,tp,False,A,True,0.02073991031390128,0.005418535127055309,,0.7027027027027033,0.29729729729729665
VKCO,-1,2025-01-30 11:00:00+00:00,2025-01-30 12:10:00+00:00,341.4,336.279,2117.771411753622,10845.107399590259,0.010499999999999964,7,v3_short,tp,False,A,True,0.008782201405152224,0.0031147540983606447,0.000117096018735363,0.5999999999999849,0.4000000000000152
VKCO,-1,2025-01-31 10:20:00+00:00,2025-01-31 10:40:00+00:00,345.6,343.2,2114.0009697696746,5073.602327447291,0.00486111111111118,2,v3_short,opposite_signal,False,A,True,0.017929438982070528,0.0031397174254316966,0.00016772700983227166,0.7419354838709727,0.25806451612902725
VKCO,-1,2025-01-31 11:10:00+00:00,2025-01-31 11:50:00+00:00,345.6,342.4,2124.277363372722,6797.687562792807,0.006481481481481572,4,v3_short,opposite_signal,False,A,True,0.01677270098322733,0.0035147039195622155,0.00017929438982070036,0.7241379310344892,0.2758620689655108
VKCO,1,2025-01-31 22:20:00+00:00,2025-01-31 23:50:00+00:00,335.2,335.0,2204.381378507064,-440.8762757013877,-0.0004176610978520049,9,v3_long,weekend_exit,False,A,True,0.006563245823389158,0.0031537674735765543,-0.000465393794749404,0.3636363636363613,0.6363636363636387
VKCO,-1,2025-02-03 21:10:00+00:00,2025-02-04 06:50:00+00:00,324.2,320.6,2278.223395072723,8201.604222261725,0.007772979642196102,58,v3_short,timeout,False,A,True,0.019118100524205945,0.003222010358259858,-0.0004162812210915819,0.9032258064516091,0.09677419354839094
VKCO,-1,2025-02-05 11:10:00+00:00,2025-02-05 11:20:00+00:00,308.6,303.971,2411.9933494431625,11165.117214572445,0.010500000000000042,1,v3_short,tp,False,A,True,0.011341542449773168,0.0034024627349319657,9.7213220998041e-06,0.7428571428571493,0.2571428571428506
VKCO,1,2025-02-10 22:40:00+00:00,2025-02-10 22:40:00+00:00,310.0,306.9,2426.3120312527763,-7521.567296883662,-0.007000000000000051,0,v3_long,sl,False,A,True,0.013548387096774157,0.0038117182356813676,0.00027741935483871407,0.21428571428570944,0.7857142857142906
VKCO,-1,2025-02-12 12:40:00+00:00,2025-02-12 14:40:00+00:00,318.8,314.01800000000003,2342.8219340669452,11203.37448870809,0.01049999999999996,12,v3_short,tp,False,A,True,0.014747411358644458,0.0036756466000269104,,0.6808510638297864,0.31914893617021356
VKCO,1,2025-02-17 20:00:00+00:00,2025-02-17 22:30:00+00:00,326.7,331.60049999999995,2310.174455839112,11321.009920839488,0.010499999999999926,15,v3_long,tp,False,A,True,0.013468013468013398,0.003685588101172496,0.00024793388429752137,0.045454545454543104,0.9545454545454569
VKCO,-1,2025-02-19 10:40:00+00:00,2025-02-19 10:40:00+00:00,324.8,323.5,2348.0871356749553,3052.5132763774686,0.002801724137931059,0,v3_short,opposite_signal,False,A,True,0.012627040344933855,0.0034011328182536357,0.00012627040344933858,0.5121951219512222,0.48780487804877776
VKCO,-1,2025-02-20 11:50:00+00:00,2025-02-20 12:20:00+00:00,328.3,331.583,2329.562780873255,-7647.9546096069325,-0.007000000000000032,3,v3_short,sl,False,A,True,0.013711151736745888,0.0037781840341255435,,0.644444444444452,0.35555555555554796
VKCO,1,2025-02-20 20:00:00+00:00,2025-02-21 06:50:00+00:00,328.8,330.0,2309.738116587484,2771.6857399049545,0.0025547445255474205,65,v3_long,timeout,False,A,True,0.024939172749391694,0.0044503202740950355,0.00021593673965937155,0.20731707317073061,0.7926829268292694
VKCO,-1,2025-02-24 20:30:00+00:00,2025-02-25 06:50:00+00:00,337.5,340.4,2255.946882227847,-6542.245958460704,-0.006014814814814767,62,v3_short,timeout,False,A,True,0.009783575452119808,0.003297494509217855,-5.929439667949356e-06,0.969696969696963,0.03030303030303709
VKCO,-1,2025-02-25 12:00:00+00:00,2025-02-25 16:30:00+00:00,341.0,344.41,2219.3621717917176,-7568.025005809813,-0.0070000000000000505,27,v3_short,sl,False,A,True,0.02111436950146624,0.0036420395421436005,,0.5972222222222248,0.40277777777777524
VKCO,-1,2025-02-27 10:20:00+00:00,2025-02-27 10:30:00+00:00,333.9,337.239,2250.6884788167386,-7515.048830769087,-0.006999999999999997,1,v3_short,sl,False,A,True,0.024572969733293513,0.005765086975755246,-0.00017980221756068324,0.6707317073170694,0.32926829268293056
VKCO,-1,2025-03-03 20:20:00+00:00,2025-03-04 06:50:00+00:00,324.4,321.2,2300.3833196528076,7361.226622888958,0.006905055487052998,63,v3_short,timeout,False,A,True,0.018495684340320593,0.0036236442789199436,-2.1578298397038587e-05,0.6333333333333258,0.36666666666667425
VKCO,1,2025-03-05 19:50:00+00:00,2025-03-05 21:30:00+00:00,338.9,335.51099999999997,2217.16496763468,-7513.972075313953,-0.007000000000000021,10,v3_long,sl,False,A,True,0.015343759221009114,0.003661305183035137,0.0003098259073473035,0.15384615384614544,0.8461538461538546
VKCO,-1,2025-03-12 19:30:00+00:00,2025-03-13 06:50:00+00:00,322.2,321.8,2315.758619114442,926.3034476457241,0.0008690254500309872,68,v3_short,timeout,False,A,True,0.007754342431761787,0.0033865903681571854,-0.00015508684863523576,0.559999999999991,0.4400000000000091
VKCO,-1,2025-03-13 12:50:00+00:00,2025-03-13 15:30:00+00:00,319.5,314.7075,2337.3578700845856,11201.787592380419,0.010500000000000039,16,v3_short,tp,False,A,True,0.01564455569461827,0.0031289111389236446,,0.9799999999999954,0.02000000000000455
VKCO,-1,2025-03-14 10:20:00+00:00,2025-03-14 16:40:00+00:00,320.8,324.00800000000004,2352.3288366792126,-7546.270908066977,-0.007000000000000059,38,v3_short,sl,False,A,True,0.009975062344139616,0.00307267545422157,-0.00020885286783041827,0.8437499999999994,0.15625000000000056
VKCO,-1,2025-03-21 11:00:00+00:00,2025-03-21 11:50:00+00:00,296.8,299.76800000000003,2524.746297746107,-7493.44701171049,-0.007000000000000043,5,v3_short,sl,False,A,True,0.022237196765498728,0.00664420485175203,-0.0004716981132075472,0.848484848484849,0.151515151515151
VKCO,-1,2025-03-21 22:40:00+00:00,2025-03-21 23:50:00+00:00,295.3,294.4,2519.807952126133,2267.8271569136054,0.0021334236369794234,7,v3_short,weekend_exit,False,A,True,0.015238740264138163,0.004395391749656176,-9.481882831019149e-05,0.4444444444444444,0.5555555555555556
VKCO,-1,2025-03-24 21:00:00+00:00,2025-03-24 21:20:00+00:00,289.3,284.9605,2577.5553656159236,11185.301509090266,0.010499999999999968,2,v3_short,tp,False,A,True,0.005530591081921958,0.003012196928546725,-0.00021085378499827246,0.8124999999999956,0.18750000000000444
VKCO,-1,2025-03-25 11:50:00+00:00,2025-03-25 12:20:00+00:00,289.2,286.5,2605.520326172372,7034.904880665375,0.006535269709543541,3,v3_short,opposite_signal,False,A,True,0.015570934256055362,0.0038985005767012636,,0.5333333333333283,0.4666666666666717
VKCO,-1,2025-03-27 18:40:00+00:00,2025-03-27 21:40:00+00:00,282.2,280.6,2687.600679466746,4300.161087146702,0.003968816442239462,18,v3_short,opposite_signal,False,A,True,0.021238938053097345,0.004601769911504433,-0.00012743362831858486,0.5500000000000019,0.4499999999999981
VKCO,1,2025-03-28 19:30:00+00:00,2025-03-28 23:50:00+00:00,282.1,280.4,2699.223766418002,-4588.680402910726,-0.004218362282878524,26,v3_long,weekend_exit,False,A,True,0.011347517730496413,0.004197423650311151,-3.546099290780142e-05,0.15625000000000056,0.8437499999999994
VKCO,-1,2025-04-03 12:30:00+00:00,2025-04-03 17:20:00+00:00,280.1,275.8985,2707.029447427636,11373.584223367241,0.010500000000000025,29,v3_short,tp,False,A,True,0.013556903317873747,0.003945352668359539,,0.6842105263157934,0.31578947368420657
VKCO,-1,2025-04-11 19:40:00+00:00,2025-04-11 21:40:00+00:00,253.4,251.3,3023.679783665501,6349.727545697535,0.005801104972375674,12,v3_short,opposite_signal,False,A,True,0.018547750591949443,0.0038577388334970794,3.157063930544638e-05,0.9787234042553203,0.021276595744679692
VKCO,-1,2025-04-11 23:40:00+00:00,2025-04-11 23:50:00+00:00,252.7,252.1,3049.644900921354,1829.786940552795,0.001662049861495829,1,v3_short,weekend_exit,False,A,True,0.012262658227848191,0.0034551795401704926,-0.00016613924050632865,0.8064516129032199,0.1935483870967801
VKCO,1,2025-04-14 20:30:00+00:00,2025-04-14 21:20:00+00:00,248.3,250.9,3108.8446126508784,8082.995992892266,0.007329842931937156,5,v3_long,opposite_signal,False,A,True,0.011276681433749542,0.0030328684031002634,-0.0002053966975432953,0.21428571428572155,0.7857142857142785
VKCO,-1,2025-04-14 21:40:00+00:00,2025-04-15 06:50:00+00:00,250.5,250.0,3104.1286008632246,1552.0643004316123,0.0013972055888223553,55,v3_short,timeout,False,A,True,0.013955342902711323,0.00324675324675324,-0.0001594896331738437,0.8000000000000033,0.19999999999999676
VKCO,-1,2025-04-17 11:40:00+00:00,2025-04-17 17:20:00+00:00,253.4,249.599,3072.8913162057606,11680.059892898145,0.010500000000000042,34,v3_short,tp,False,A,True,0.011838989739542225,0.0032795362381950292,,0.7666666666666705,0.23333333333332953
VKCO,-1,2025-04-17 21:00:00+00:00,2025-04-18 06:50:00+00:00,252.5,252.0,3116.224560204232,1558.112280102116,0.0013861386138613863,59,v3_short,timeout,False,A,True,0.02414885193982579,0.003999224392845024,-0.00011084718923199003,0.7213114754098376,0.27868852459016236
VKCO,-1,2025-04-24 19:20:00+00:00,2025-04-25 06:50:00+00:00,273.1,273.7,2885.160673920322,-1731.0964043520949,-0.0015378982057853389,69,v3_short,timeout,False,A,True,0.01684364701574523,0.0038709002458544584,-0.0003112413035518125,0.847826086956525,0.15217391304347505
VKCO,-1,2025-04-25 22:30:00+00:00,2025-04-25 23:50:00+00:00,282.8,283.6,2781.915178799836,-2225.532143039901,-0.0019801980198020084,8,v3_short,weekend_exit,False,A,True,0.008135833038556613,0.003804422370292301,-6.013441811107342e-05,0.9565217391304488,0.04347826086955125
VKCO,1,2025-04-29 19:30:00+00:00,2025-04-29 20:00:00+00:00,266.3,263.637,2948.433120782823,-7851.67740064469,-0.007000000000000029,3,v3_long,sl,False,A,True,0.01577168606834393,0.0035865641788070547,-6.383777694329874e-05,0.0,1.0
VKCO,-1,2025-04-30 22:10:00+00:00,2025-04-30 23:00:00+00:00,264.5,267.145,2947.718585572834,-7796.715658840092,-0.006999999999999952,5,v3_short,sl,False,A,True,0.018910741301059002,0.00405230170736976,0.0001626323751891057,1.0,0.0
VKCO,-1,2025-05-07 12:50:00+00:00,2025-05-07 13:40:00+00:00,259.1,261.69100000000003,2988.0890193856676,-7742.138649228289,-0.007000000000000021,5,v3_short,sl,False,A,True,0.016981860285603924,0.00450276598481924,,0.8181818181818276,0.18181818181817241
VKCO,-1,2025-05-13 18:40:00+00:00,2025-05-14 06:50:00+00:00,266.2,264.7,2888.0329371463818,4332.049405719573,0.0039444027047332835,73,v3_short,timeout,False,A,True,0.020997375328084076,0.00395200599925008,-0.0003374578177727784,0.8928571428571392,0.10714285714286077
VKCO,-1,2025-05-15 19:50:00+00:00,2025-05-16 06:50:00+00:00,258.4,257.8,2986.945829924035,1792.167497954319,0.0016253869969039326,66,v3_short,timeout,False,A,True,0.012761020881670576,0.003519737361301824,-0.0002204176334106746,0.8181818181818119,0.18181818181818807
VKCO,-1,2025-05-26 22:50:00+00:00,2025-05-27 06:50:00+00:00,241.3,240.4,3203.8181504390323,2883.436335395147,0.00261085785329467,48,v3_short,timeout,False,A,True,0.02735184417737254,0.004541725517393034,-0.0003439701616245366,0.863636363636367,0.13636363636363302
VKCO,-1,2025-05-29 12:00:00+00:00,2025-05-29 20:00:00+00:00,260.7,257.3,2973.148159323802,10108.703741700858,0.009129267357115396,48,v3_short,timeout,False,A,True,0.014587332053742847,0.0041112005448578955,,0.8421052631578893,0.15789473684211078
VKCO,-1,2025-05-30 10:20:00+00:00,2025-05-30 11:50:00+00:00,259.5,257.9,3014.165000982295,4822.664001571741,0.0043159922928709665,9,v3_short,opposite_signal,False,A,True,0.020809248554913316,0.003523259014588482,3.853564547207041e-06,0.814814814814815,0.18518518518518498
VKCO,-1,2025-05-30 12:20:00+00:00,2025-05-30 12:50:00+00:00,259.1,261.69100000000003,3031.847481883465,-7855.516825560083,-0.007000000000000021,3,v3_short,sl,False,A,True,0.011188271604938184,0.003448840254395797,,0.5172413793103489,0.48275862068965114
VKCO,1,2025-05-30 21:00:00+00:00,2025-05-30 23:50:00+00:00,259.7,260.8,3003.668928679684,3304.035821547721,0.002964959568733215,17,v3_long,weekend_exit,False,A,True,0.005775895263765884,0.0029390269777529923,-1.5402387370041482e-05,0.7333333333333106,0.2666666666666894
VKCO,-1,2025-06-04 10:20:00+00:00,2025-06-04 16:20:00+00:00,278.3,281.083,2811.2312103959653,-7823.656458532015,-0.0070000000000000374,36,v3_short,sl,False,A,True,0.02154398563734291,0.004821749166452935,-1.7953321364452423e-05,0.7166666666666686,0.28333333333333144
VKCO,1,2025-06-05 19:20:00+00:00,2025-06-06 06:50:00+00:00,285.5,287.2,2721.152666662784,4625.9595333267025,0.004168126094570901,69,v3_long,timeout,False,A,True,0.01750087504375219,0.0043002150107505285,0.00021701085054252873,0.1,0.9
VKCO,-1,2025-06-06 11:00:00+00:00,2025-06-06 11:10:00+00:00,287.2,286.0,2716.320536231037,3259.5846434772134,0.0029247910863509476,1,v3_short,opposite_signal,False,A,True,0.012199372603694669,0.003081212966190306,5.92540955036614e-05,0.6285714285714253,0.37142857142857466
VKCO,-1,2025-06-09 19:40:00+00:00,2025-06-10 06:50:00+00:00,270.8,273.0,2889.250248360368,-6356.350546392777,-0.0056868537666174,67,v3_short,timeout,False,A,True,0.012186115214180249,0.004069574654086154,-0.0001366322008862562,0.909090909090906,0.09090909090909403
VKCO,1,2025-06-10 19:20:00+00:00,2025-06-11 06:50:00+00:00,271.4,271.4,2866.468393049052,0.0,0.0,69,v3_long,timeout,False,A,True,0.013264554163596044,0.004609507767734938,-0.00024686809137804144,0.08333333333332149,0.9166666666666785
VKCO,-1,2025-06-11 10:20:00+00:00,2025-06-11 11:40:00+00:00,272.5,271.8,2854.897327976193,1998.4281295833027,0.0017981651376146497,8,v3_short,opposite_signal,False,A,True,0.01614086573734401,0.0034063515354784807,0.00013206162876008886,0.4545454545454569,0.5454545454545431
VKCO,1,2025-06-16 19:50:00+00:00,2025-06-17 06:50:00+00:00,258.3,256.6,3017.260633233531,-5129.343076496968,-0.004607046070460674,66,v3_long,timeout,False,A,True,0.00696324951644105,0.0030947775628626687,-7.736943907156673e-05,0.16666666666667193,0.833333333333328
VKCO,-1,2025-06-17 10:20:00+00:00,2025-06-17 12:00:00+00:00,258.6,261.18600000000004,2999.8757981851236,-7757.678814106768,-0.007000000000000034,10,v3_short,sl,False,A,True,0.015087040618955534,0.0035737312333057126,-4.255319148936258e-05,0.8974358974359035,0.10256410256409658
VKCO,1,2025-06-17 22:00:00+00:00,2025-06-18 06:50:00+00:00,262.0,262.8,2940.219489468696,2352.17559157499,0.0021374045801527022,53,v3_long,timeout,False,A,True,0.010305343511450338,0.0030612244897959147,0.00020610687022900242,0.1111111111111158,0.8888888888888842
VKCO,1,2025-06-18 19:20:00+00:00,2025-06-18 20:50:00+00:00,266.9,264.231,2892.409251236046,-7719.840291548957,-0.006999999999999954,9,v3_long,sl,False,A,True,0.015361558636193417,0.004671932467254389,0.00022855001873360896,0.17073170731706946,0.8292682926829306
VKCO,-1,2025-06-24 12:50:00+00:00,2025-06-24 15:20:00+00:00,254.3,256.843,3014.4716513991993,-7665.8014095081835,-0.0070000000000000175,15,v3_short,sl,False,A,True,0.014931237721021545,0.003765553372626061,,0.7894736842105299,0.21052631578947015
VKCO,-1,2025-06-26 11:50:00+00:00,2025-06-26 12:40:00+00:00,269.6,272.29600000000005,2823.4943618848692,-7612.140799641682,-0.007000000000000068,5,v3_short,sl,False,A,True,0.014465875370919796,0.004104846686449038,,0.5384615384615474,0.46153846153845257
VKCO,-1,2025-07-02 10:40:00+00:00,2025-07-02 15:30:00+00:00,283.1,285.93100000000004,2670.030312272736,-7558.855814044162,-0.007000000000000042,29,v3_short,sl,False,A,True,0.015889830508474576,0.004099115696389118,4.943502824859078e-05,0.5555555555555556,0.4444444444444444
VKCO,-1,2025-07-03 11:00:00+00:00,2025-07-03 11:00:00+00:00,287.7,290.577,2608.948148538689,-7505.943823345833,-0.0070000000000000236,0,v3_short,sl,False,A,True,0.0201598887730275,0.004365658672227996,-0.00015641293013555788,0.7758620689655157,0.2241379310344843
VKCO,1,2025-07-03 19:40:00+00:00,2025-07-04 06:50:00+00:00,292.9,293.0,2544.6917775972643,254.4691777597843,0.000238989416183052,67,v3_long,timeout,False,A,True,0.02013651877133098,0.004708504562234447,0.00045051194539248913,0.15254237288135267,0.8474576271186474
VKCO,-1,2025-07-04 10:20:00+00:00,2025-07-04 11:10:00+00:00,292.9,288.50649999999996,2545.299931999558,11182.775251240102,0.010500000000000042,5,v3_short,tp,False,A,True,0.015363605326049848,0.00401567250321091,-6.828269033800321e-05,0.8222222222222197,0.1777777777777803
VKCO,-1,2025-07-16 12:20:00+00:00,2025-07-16 20:20:00+00:00,331.1,331.4,2275.2832762263315,-682.5849828677959,-0.0006342494714586776,48,v3_short,timeout,False,A,True,0.012080942313500452,0.0034046291974410355,,0.9500000000000028,0.04999999999999716
VKCO,-1,2025-07-18 10:40:00+00:00,2025-07-18 10:50:00+00:00,325.2,323.2,2315.0937369942526,4630.187473988505,0.004305043050430504,1,v3_short,opposite_signal,False,A,True,0.015682656826568338,0.004010909674314127,0.00012915129151291652,0.6274509803921519,0.37254901960784814
VKCO,1,2025-07-21 19:40:00+00:00,2025-07-22 06:50:00+00:00,335.8,337.9,2251.666511323177,4728.499673778595,0.004377605717689029,67,v3_long,timeout,False,A,True,0.008040500297796273,0.0033912314181181466,0.00030375223347230287,0.0,1.0
VKCO,-1,2025-07-23 10:20:00+00:00,2025-07-23 11:10:00+00:00,336.6,334.6,2256.1484381282467,4512.296876256493,0.0041592394533571005,5,v3_short,opposite_signal,False,A,True,0.01188001188001188,0.0030972888115745386,-2.97000297000297e-05,0.8000000000000114,0.19999999999998863
VKCO,1,2025-07-25 23:10:00+00:00,2025-07-25 23:50:00+00:00,325.2,325.4,2344.9513286818806,468.99026573634944,0.000430504305043026,4,v3_long,weekend_exit,False,A,True,0.010147601476014796,0.0037778949218063673,-0.00020602706027060064,0.303030303030302,0.696969696969698
VKCO,1,2025-07-30 19:30:00+00:00,2025-07-30 21:30:00+00:00,321.1,322.6,2375.9154944670286,3563.873241700543,0.0032700093428838367,12,v3_long,opposite_signal,False,A,True,0.011211460604173225,0.004048582995951398,0.00015882902522578704,0.19444444444445586,0.8055555555555441
VKCO,-1,2025-07-30 21:50:00+00:00,2025-07-30 23:40:00+00:00,322.3,325.523,2374.8097317485363,-7654.011765425564,-0.007000000000000029,11,v3_short,sl,False,A,True,0.009922480620155003,0.003164056320202474,0.00010232558139534743,0.6250000000000022,0.3749999999999978
VKCO,-1,2025-08-06 20:40:00+00:00,2025-08-06 21:50:00+00:00,328.4,331.68399999999997,2314.3829729194745,-7600.433683067536,-0.006999999999999984,7,v3_short,sl,False,A,True,0.018879415347137603,0.003038852569042225,-0.000124847746650427,0.8225806451612864,0.17741935483871368
VKCO,-1,2025-08-07 22:00:00+00:00,2025-08-08 06:50:00+00:00,331.8,333.0,2274.6325037028573,-2729.559004443403,-0.0025316455696202294,53,v3_short,timeout,False,A,True,0.01658124811576726,0.003199350285788103,-8.44136267711774e-05,0.7818181818181839,0.21818181818181612
VKCO,1,2025-08-13 19:30:00+00:00,2025-08-14 06:50:00+00:00,353.0,352.2,2132.6129558795965,-1706.0903647037014,-0.0015864022662889742,68,v3_long,timeout,False,A,True,0.014730878186968806,0.004041163207492628,-0.000178470254957509,0.03846153846153636,0.9615384615384637
VKCO,-1,2025-08-14 12:20:00+00:00,2025-08-14 20:20:00+00:00,349.1,348.8,2153.0166432833144,645.9049929850188,0.0006015468347178686,48,v3_short,timeout,False,A,True,0.015468347178458991,0.003584976085692219,,0.5000000000000052,0.4999999999999947
VKCO,-1,2025-08-22 10:20:00+00:00,2025-08-22 14:00:00+00:00,335.4,338.75399999999996,2242.3084187993286,-7520.702436652914,-0.00699999999999997,22,v3_short,sl,False,A,True,0.014907573047107932,0.0032228753158985864,-3.2796660703638124e-05,0.6799999999999955,0.32000000000000456
VKCO,-1,2025-09-04 10:50:00+00:00,2025-09-04 11:10:00+00:00,336.1,334.0,2221.9748645035334,4666.14721545747,0.004373698304076215,2,v3_short,opposite_signal,False,A,True,0.010413567390657541,0.00306208469701479,3.3825301315565612e-18,0.8000000000000033,0.19999999999999676
VKCO,-1,2025-09-16 19:50:00+00:00,2025-09-17 06:50:00+00:00,313.5,310.7,2392.5743381513803,6699.208146823892,0.006251993620414699,66,v3_short,timeout,False,A,True,0.013392857142857106,0.0031432215743440383,-4.4642857142860036e-05,0.7619047619047613,0.23809523809523875
VKCO,1,2025-09-17 20:10:00+00:00,2025-09-18 06:50:00+00:00,306.5,306.2,2462.5171312014177,-738.7551393604533,-0.0006851549755302055,64,v3_long,timeout,False,A,True,0.015008156606851439,0.003262642740619891,9.787928221858222e-06,0.08695652173912613,0.9130434782608738
VKCO,1,2025-09-19 19:40:00+00:00,2025-09-19 23:40:00+00:00,301.7,303.8,2499.981346091091,5249.960826791348,0.004872389791183348,24,v3_long,opposite_signal,False,A,True,0.0169042094796154,0.003612184018453246,4.6403712296979235e-05,0.11764705882352351,0.8823529411764764
VKCO,1,2025-09-22 23:10:00+00:00,2025-09-23 07:10:00+00:00,296.3,298.0,2557.9458140210463,4348.507883835749,0.004016199797502504,48,v3_long,timeout,False,A,True,0.009112386095173772,0.003898420657496869,-0.0002328720890988893,0.03703703703704561,0.9629629629629544
VKCO,-1,2025-09-23 12:30:00+00:00,2025-09-23 15:00:00+00:00,298.3,301.283,2551.000000714452,-7609.6330021312215,-0.00700000000000001,15,v3_short,sl,False,A,True,0.02112676056338032,0.0034224957588669374,,0.8730158730158715,0.12698412698412856
VKCO,1,2025-09-24 19:40:00+00:00,2025-09-25 06:50:00+00:00,295.5,297.4,2557.145709345615,4858.576847756611,0.004500846023688609,67,v3_long,timeout,False,A,True,0.012521150592216543,0.003204530543181746,0.0003722504230118443,0.13513513513513556,0.8648648648648645
VKCO,-1,2025-09-26 12:40:00+00:00,2025-09-26 19:00:00+00:00,293.9,296.839,2582.638859833477,-7590.375609050644,-0.007000000000000051,38,v3_short,sl,False,A,True,0.010544217687074715,0.003197278911564646,,0.7419354838709612,0.25806451612903875
VKCO,-1,2025-09-30 11:00:00+00:00,2025-09-30 11:50:00+00:00,282.5,280.4,2668.0506123140644,5602.906285859596,0.005203539823008906,5,v3_short,opposite_signal,False,A,True,0.01593484419263456,0.004022662889518402,-9.206798866855605e-05,0.8888888888888888,0.1111111111111111
VKCO,-1,2025-10-02 10:50:00+00:00,2025-10-02 11:40:00+00:00,269.0,271.69,2816.5291166499073,-7576.463323788244,-0.006999999999999995,5,v3_short,sl,False,A,True,0.019702602230483313,0.0043215613382899505,-0.0002750929368029689,0.6981132075471662,0.30188679245283384
VKCO,-1,2025-10-06 20:00:00+00:00,2025-10-07 06:50:00+00:00,267.2,264.0,2815.6542217521455,9010.093509606833,0.008383233532934102,65,v3_short,timeout,False,A,True,0.02131637995512337,0.005151649290980421,3.7397157815971975e-06,0.8596491228070152,0.14035087719298472
VKCO,-1,2025-10-07 10:40:00+00:00,2025-10-07 11:10:00+00:00,267.1,269.771,2840.321503215642,-7586.498735088959,-0.00699999999999998,3,v3_short,sl,False,A,True,0.013852489704230581,0.005078703628343061,-5.2414825907903066e-05,0.8918918918918977,0.1081081081081023
VKCO,1,2025-10-10 23:00:00+00:00,2025-10-10 23:50:00+00:00,262.9,263.1,2865.497620366435,573.0995240734173,0.0005325218714341265,5,v3_long,weekend_exit,False,A,True,0.011787072243346094,0.004733452316287741,-1.9011406844106464e-05,0.06451612903225393,0.9354838709677461
VKCO,-1,2025-10-20 21:30:00+00:00,2025-10-21 06:50:00+00:00,281.1,282.0,2681.396279121974,-2413.256651209716,-0.002241195304162163,56,v3_short,timeout,False,A,True,0.0120910384068278,0.003396522193514647,0.0002916073968705564,0.8823529411764764,0.11764705882352351
VKCO,-1,2025-10-24 13:20:00+00:00,2025-10-24 13:30:00+00:00,265.9,268.55899999999997,2828.323484036632,-7520.512144053382,-0.00699999999999998,1,v3_short,sl,False,A,True,0.01467268623024822,0.0035982327178715502,,0.7948717948717907,0.20512820512820923
VKCO,-1,2025-10-27 19:50:00+00:00,2025-10-28 06:50:00+00:00,253.4,250.0,2947.0673082261364,10020.02884796888,0.009392265193370181,66,v3_short,timeout,False,A,True,0.010260457774269906,0.0032617624792616357,-0.00017758484609313338,0.9615384615384637,0.03846153846153636
VKCO,-1,2025-10-29 10:20:00+00:00,2025-10-29 11:10:00+00:00,263.5,266.135,2860.724387468999,-7538.008760980786,-0.006999999999999976,5,v3_short,sl,False,A,True,0.01858172165339392,0.004135290824710605,-4.5506257110350094e-05,0.7142857142857176,0.2857142857142824
OZON,-1,2022-01-04 10:30:00+00:00,2022-01-04 10:30:00+00:00,2250.5,2246.0,311.0419906687403,1399.6889580093314,0.0013996889580093314,0,v3_short,opposite_signal,False,A,True,0.011547856984232734,0.003309962670389053,7.772596047079725e-05,0.7115384615384616,0.28846153846153844
OZON,-1,2022-01-04 11:00:00+00:00,2022-01-04 13:10:00+00:00,2252.5,2275.025,311.20079124111277,-7009.797822706093,-0.007000000000000028,13,v3_short,sl,False,A,True,0.008655126498002663,0.0033751294570202694,7.989347536617843e-05,0.7692307692307693,0.23076923076923078
OZON,-1,2022-01-05 10:50:00+00:00,2022-01-05 11:20:00+00:00,2212.5,2203.5,314.6092310936553,2831.4830798428975,0.002847457627118644,3,v3_short,opposite_signal,False,A,True,0.009943502824858758,0.003517563252272169,0.0,0.75,0.25
OZON,-1,2022-01-11 10:20:00+00:00,2022-01-11 14:50:00+00:00,2008.5,2028.585,347.5503918101082,-6980.549619506035,-0.007000000000000011,27,v3_short,sl,False,A,True,0.01195219123505976,0.003889205084424208,4.4820717131474105e-05,0.6875,0.3125
OZON,-1,2022-01-12 11:00:00+00:00,2022-01-12 11:20:00+00:00,2067.0,2062.0,335.3500615466609,1676.7503077333047,0.0016932752781809387,2,v3_short,opposite_signal,False,A,True,0.012584704743465635,0.003184898354307841,0.00013552758954501454,0.46153846153846156,0.5384615384615384
OZON,-1,2022-01-12 13:20:00+00:00,2022-01-12 17:40:00+00:00,2066.0,2086.66,336.0804948849765,-6943.423024323565,-0.006999999999999951,26,v3_short,sl,False,A,True,0.016210984756835228,0.0033687580263917064,,0.6865671641791045,0.31343283582089554
OZON,1,2022-01-12 23:40:00+00:00,2022-01-13 07:40:00+00:00,2070.5,2068.5,333.0026111158343,-666.0052222316687,-0.0006761651774933592,48,v3_long,timeout,False,A,True,0.014247766240038639,0.004469984081534087,0.00021009418014972229,0.0,1.0
OZON,-1,2022-01-13 11:10:00+00:00,2022-01-13 14:40:00+00:00,2075.0,2043.875,332.05576031796284,10335.235539896594,0.0105,21,v3_short,tp,False,A,True,0.012289156626506025,0.0031788693234476367,-7.228915662650602e-05,0.9019607843137255,0.09803921568627451
OZON,-1,2022-09-13 13:20:00+00:00,2022-09-13 16:20:00+00:00,1458.0,1436.1299999999999,477.53797499156417,10443.755513065566,0.010500000000000058,18,v3_short,tp,False,A,True,0.018505825908156272,0.0031495805998890303,,0.6296296296296297,0.37037037037037035
OZON,1,2022-09-13 23:30:00+00:00,2022-09-14 09:50:00+00:00,1442.5,1443.5,487.7372592005868,487.7372592005868,0.0004852686308492201,62,v3_long,timeout,False,A,True,0.004861111111111111,0.003139172335600907,-0.00019791666666666666,0.35714285714285715,0.6428571428571429
OZON,-1,2022-09-16 13:20:00+00:00,2022-09-16 21:20:00+00:00,1459.0,1464.0,482.45538895016233,-2412.2769447508117,-0.002398903358464702,48,v3_short,timeout,False,A,True,0.018505825908156272,0.0032148568817520155,,0.6666666666666666,0.3333333333333333
OZON,1,2022-09-19 21:40:00+00:00,2022-09-20 09:50:00+00:00,1484.0,1490.0,473.18990472841057,2839.1394283704635,0.0028301886792452833,73,v3_long,timeout,False,A,True,0.012807549713515335,0.003439191652394021,0.0002325581395348837,0.10526315789473684,0.8947368421052632
OZON,1,2022-10-05 23:20:00+00:00,2022-10-06 09:50:00+00:00,1179.0,1192.0,597.2868670202041,7764.729271262653,0.007718405428329093,63,v3_long,timeout,False,A,True,0.011869436201780416,0.0050782500367675685,0.0005171682916490038,0.07142857142857142,0.9285714285714286
OZON,-1,2022-10-12 23:20:00+00:00,2022-10-13 09:50:00+00:00,1217.5,1218.0,582.8636769664923,-291.43183848324617,-0.0002874743326488706,63,v3_short,timeout,False,A,True,0.01680327868852459,0.0031866845098695216,-1.639344262295082e-05,0.3902439024390244,0.6097560975609756
OZON,-1,2022-10-21 13:20:00+00:00,2022-10-21 15:50:00+00:00,1242.5,1254.925,570.9718506396508,-7094.325244197636,-0.006999999999999974,15,v3_short,sl,False,A,True,0.023368251410153102,0.0051801542534822154,,0.4827586206896552,0.5172413793103449
OZON,-1,2022-10-28 13:20:00+00:00,2022-10-28 18:00:00+00:00,1313.5,1326.635,536.3277478102991,-7044.664967488274,-0.006999999999999995,28,v3_short,sl,False,A,True,0.030072325846973735,0.004676708902061015,,0.8734177215189873,0.12658227848101267
OZON,-1,2022-11-01 22:10:00+00:00,2022-11-02 09:50:00+00:00,1382.5,1383.0,505.9929340119972,-252.9964670059986,-0.00025316455696202533,70,v3_short,timeout,False,A,True,0.00795084929526563,0.0032894979459076727,0.00033610408384531984,0.9090909090909091,0.09090909090909091
OZON,-1,2022-11-08 13:20:00+00:00,2022-11-08 21:20:00+00:00,1403.5,1397.0,498.29578464173983,3238.9226001713087,0.0032418952618453864,48,v3_short,timeout,False,A,True,0.0220876380477378,0.004393777461109132,,0.7258064516129032,0.27419354838709675
OZON,-1,2022-11-11 23:30:00+00:00,2022-11-11 23:50:00+00:00,1449.0,1447.0,484.213512467082,968.427024934164,0.0009661835748792271,2,v3_short,weekend_exit,False,A,True,0.01518288474810214,0.003316854692187434,-0.0002173913043478261,1.0,0.0
OZON,-1,2022-11-18 13:20:00+00:00,2022-11-18 16:20:00+00:00,1486.0,1500.86,472.61324258563644,-7023.032784822511,-0.006999999999999953,18,v3_short,sl,False,A,True,0.018512285425782565,0.0029972271641743203,,0.6545454545454545,0.34545454545454546
OZON,-1,2022-11-23 13:20:00+00:00,2022-11-23 21:20:00+00:00,1444.0,1444.5,482.95509385933514,-241.47754692966757,-0.00024238227146814405,48,v3_short,timeout,False,A,True,0.02352127291594604,0.0038213832748595807,,0.6617647058823529,0.3382352941176471
OZON,-1,2022-12-16 13:20:00+00:00,2022-12-16 21:20:00+00:00,1375.0,1362.0,507.0677245454758,6591.880419091185,0.006618181818181818,48,v3_short,timeout,False,A,True,0.019992729916394038,0.003081130671097956,,0.6363636363636364,0.36363636363636365
OZON,-1,2022-12-21 21:40:00+00:00,2022-12-22 09:50:00+00:00,1406.0,1406.5,499.16958573498795,-249.58479286749397,-0.00024893314366998575,73,v3_short,timeout,False,A,True,0.017425320056899004,0.0037231108659680086,3.911806543385491e-05,0.8367346938775511,0.16326530612244897
OZON,-1,2022-12-23 13:20:00+00:00,2022-12-23 16:20:00+00:00,1434.5,1412.9825,489.1305180818304,10524.865922825751,0.010499999999999964,18,v3_short,tp,False,A,True,0.01603905160390516,0.00315467888689646,,0.8260869565217391,0.17391304347826086
OZON,-1,2023-01-18 13:20:00+00:00,2023-01-18 19:00:00+00:00,1572.0,1548.42,451.0338004671525,10635.377015015423,0.010499999999999966,34,v3_short,tp,False,A,True,0.023862551702195353,0.004090723148947775,,0.9466666666666667,0.05333333333333334
OZON,-1,2023-01-26 13:20:00+00:00,2023-01-26 21:20:00+00:00,1635.5,1631.5,438.0739212747628,1752.2956850990513,0.001712014674411495,48,v3_short,timeout,False,A,True,0.01651376146788991,0.003203727974370176,,0.6111111111111112,0.3888888888888889
OZON,1,2023-03-16 13:20:00+00:00,2023-03-16 15:10:00+00:00,1659.5,1642.905,432.4775566281675,-7176.965052244452,-0.007000000000000011,11,v3_long,sl,False,A,True,0.03162650602409638,0.005163511187607573,,0.2571428571428571,0.7428571428571429
OZON,-1,2023-03-30 13:20:00+00:00,2023-03-30 17:30:00+00:00,1769.0,1786.69,402.8675125426076,-7126.72629687875,-0.007000000000000021,25,v3_short,sl,False,A,True,0.027447651386530842,0.003665076670170049,,0.7731958762886598,0.2268041237113402
OZON,-1,2023-04-05 13:20:00+00:00,2023-04-05 19:00:00+00:00,1803.0,1821.03,392.503561442073,-7076.839212800566,-0.006999999999999989,34,v3_short,sl,False,A,True,0.032723239046034386,0.004952064020283654,,0.8983050847457628,0.1016949152542373
OZON,1,2023-04-06 22:40:00+00:00,2023-04-07 09:50:00+00:00,1754.0,1750.0,400.64431803369285,-1602.5772721347714,-0.0015963511972633979,67,v3_long,timeout,False,A,True,0.013968072976054732,0.004211947036511298,-0.0005587229190421892,0.16326530612244897,0.8367346938775511
OZON,-1,2023-05-18 13:20:00+00:00,2023-05-18 21:20:00+00:00,1695.0,1686.5,413.928218136049,3518.3898541564163,0.003510324483775811,48,v3_short,timeout,False,A,True,0.016814159292035398,0.0031605562579013905,,0.5263157894736842,0.47368421052631576
OZON,-1,2023-05-23 23:40:00+00:00,2023-05-24 09:50:00+00:00,1743.5,1750.0,403.8263278683754,-2624.8711311444404,-0.0026096931459707487,61,v3_short,timeout,False,A,True,0.010315186246418338,0.003327290801707502,0.00010888252148997134,0.8888888888888888,0.1111111111111111
OZON,-1,2023-05-24 23:10:00+00:00,2023-05-25 09:50:00+00:00,1802.5,1804.5,389.58878937404234,-779.1775787480847,-0.0007766990291262135,64,v3_short,timeout,False,A,True,0.008044382801664356,0.003951428005321407,0.00039389736477115115,0.8275862068965517,0.1724137931034483
OZON,-1,2023-05-31 13:20:00+00:00,2023-05-31 14:20:00+00:00,1752.5,1770.025,400.3927923204494,-7016.883685415913,-0.007000000000000036,6,v3_short,sl,False,A,True,0.023965763195435093,0.0048502139800285305,,0.8452380952380952,0.15476190476190477
OZON,-1,2023-06-02 13:20:00+00:00,2023-06-02 17:20:00+00:00,1775.0,1792.75,392.55016899256145,-6967.765499617965,-0.007,24,v3_short,sl,False,A,True,0.01098901098901099,0.003582498087992593,,0.8461538461538461,0.15384615384615385
OZON,-1,2023-06-14 13:20:00+00:00,2023-06-14 20:40:00+00:00,2007.0,2027.07,344.74295670755555,-6918.991141120618,-0.0069999999999999785,44,v3_short,sl,False,A,True,0.016936488169364883,0.003178556603214138,,0.45588235294117646,0.5441176470588235
OZON,-1,2023-07-12 13:20:00+00:00,2023-07-12 20:10:00+00:00,2058.5,2027.6225,333.7652758383675,10305.83730469921,0.010500000000000018,41,v3_short,tp,False,A,True,0.013605442176870748,0.002984867416354297,,0.875,0.125
OZON,-1,2023-07-26 22:20:00+00:00,2023-07-27 09:50:00+00:00,2419.5,2425.0,286.9476777956474,-1578.2122278760608,-0.0015912378590617897,69,v3_short,timeout,False,A,True,0.01033912324234905,0.0031565976266437097,-8.684863523573201e-05,0.98,0.02
OZON,-1,2023-08-17 23:20:00+00:00,2023-08-18 09:50:00+00:00,2702.5,2719.0,256.4903451866996,-4232.090695580543,-0.00427382053654024,63,v3_short,timeout,False,A,True,0.008140610545790935,0.0031565632728577093,0.00020906567992599442,0.9318181818181818,0.06818181818181818
OZON,-1,2023-08-18 13:20:00+00:00,2023-08-18 17:40:00+00:00,2707.0,2734.07,254.9695952641852,-6902.026943801535,-0.007000000000000043,26,v3_short,sl,False,A,True,0.017355982274741506,0.003701554477034536,,0.6808510638297872,0.3191489361702128
OZON,-1,2023-08-25 13:20:00+00:00,2023-08-25 21:20:00+00:00,2864.5,2860.0,239.26384203857154,1076.687289173572,0.0010996683539884798,48,v3_short,timeout,False,A,True,0.014487694187467271,0.0036323134595084325,,0.5783132530120482,0.42168674698795183
OZON,-1,2023-09-07 22:00:00+00:00,2023-09-08 09:50:00+00:00,2769.5,2746.0,247.74325929659133,5821.966593469896,0.005939700306914605,71,v3_short,timeout,False,A,True,0.01282051282051282,0.005575578010185656,-0.0003810039725532683,1.0,0.0
OZON,-1,2023-09-21 13:20:00+00:00,2023-09-21 19:00:00+00:00,2581.5,2542.7775,267.3640647830093,10353.00499856004,0.01049999999999996,34,v3_short,tp,False,A,True,0.019364833462432222,0.005034856700232378,,0.67,0.33
OZON,-1,2023-09-29 13:20:00+00:00,2023-09-29 16:10:00+00:00,2685.0,2644.725,259.7569596783354,10461.711551044982,0.010500000000000023,17,v3_short,tp,False,A,True,0.020868269051611703,0.0042055950384625625,,0.5178571428571429,0.48214285714285715
OZON,-1,2023-11-16 21:50:00+00:00,2023-11-17 09:50:00+00:00,2754.5,2760.0,255.86154831078673,-1407.238515709327,-0.001397712833545108,72,v3_short,timeout,False,A,True,0.01797059357415139,0.004160168333080192,0.0002740969322926121,0.7878787878787878,0.21212121212121213
OZON,-1,2023-12-01 13:20:00+00:00,2023-12-01 17:30:00+00:00,2819.5,2777.2075,249.6136080372639,10556.783517915988,0.010500000000000004,25,v3_short,tp,False,A,True,0.014189428875487761,0.0034882345985574083,,0.7375,0.2625
OZON,-1,2023-12-12 13:20:00+00:00,2023-12-12 14:10:00+00:00,2536.0,2561.36,280.4319070676683,-7111.753163236104,-0.007000000000000036,5,v3_short,sl,False,A,True,0.019909323871476443,0.0064768663231111485,,0.8217821782178217,0.1782178217821782
OZON,1,2023-12-12 22:00:00+00:00,2023-12-13 09:50:00+00:00,2563.5,2560.0,275.4816029293316,-964.1856102526606,-0.0009557245952798908,71,v3_long,timeout,False,A,True,0.005265210608424337,0.0033827883727594,0.0003822152886115445,0.1111111111111111,0.8888888888888888
OZON,-1,2023-12-13 13:20:00+00:00,2023-12-13 21:20:00+00:00,2610.5,2602.5,270.26322895313723,2162.105831625098,0.0021451829151503546,48,v3_short,timeout,False,A,True,0.02949626508331737,0.004514734451528169,,0.8896103896103896,0.11038961038961038
OZON,1,2023-12-21 13:20:00+00:00,2023-12-21 15:50:00+00:00,2634.5,2608.155,268.37564367595456,-7070.356332642969,-0.006999999999999948,15,v3_long,sl,False,A,True,0.0201329534662868,0.0031746031746031746,,0.2641509433962264,0.7358490566037735
OZON,-1,2023-12-28 13:20:00+00:00,2023-12-28 16:50:00+00:00,2723.0,2750.23,257.8356165374411,-7020.863838314526,-0.007000000000000005,21,v3_short,sl,False,A,True,0.015424164524421594,0.00405714985222881,,0.7857142857142857,0.21428571428571427
OZON,-1,2024-01-19 13:20:00+00:00,2024-01-19 21:20:00+00:00,2851.0,2825.0,244.53587483150892,6357.932745619232,0.0063837250087688535,48,v3_short,timeout,False,A,True,0.02297036647378573,0.004617452802618505,,0.7480916030534351,0.25190839694656486
OZON,-1,2024-02-09 13:20:00+00:00,2024-02-09 21:20:00+00:00,2840.5,2833.0,247.00662984212826,1852.549723815962,0.0018482661503256466,48,v3_short,timeout,False,A,True,0.023403132148513108,0.0036784729728597406,,0.9097744360902256,0.09022556390977443
OZON,-1,2024-03-01 13:20:00+00:00,2024-03-01 21:20:00+00:00,3262.5,3261.5,215.45413544007252,215.45413544007252,0.00021455938697318008,48,v3_short,timeout,False,A,True,0.022365196078431373,0.0035014005602240898,,0.6232876712328768,0.3767123287671233
OZON,-1,2024-03-19 21:40:00+00:00,2024-03-20 09:50:00+00:00,3394.5,3391.0,207.12032251231247,724.9211287930937,0.0007217557814111063,73,v3_short,timeout,False,A,True,0.015318898217705112,0.003435930271357328,-9.868905582560024e-05,0.9903846153846154,0.009615384615384616
OZON,-1,2024-03-28 13:20:00+00:00,2024-03-28 14:10:00+00:00,3739.0,3776.39,188.17260753094402,-7035.773795581973,-0.006999999999999976,5,v3_short,sl,False,A,True,0.011103678929765886,0.00294951425386208,,0.9397590361445783,0.060240963855421686
OZON,1,2024-03-28 21:40:00+00:00,2024-03-29 09:50:00+00:00,3764.0,3810.0,185.61432994189488,8538.259177327165,0.008554729011689693,73,v3_long,timeout,False,A,True,0.014748870581982461,0.003934659167945679,0.0003348392240233856,0.14414414414414414,0.8558558558558559
OZON,-1,2024-04-04 13:20:00+00:00,2024-04-04 16:50:00+00:00,3816.0,3854.16,184.65123672049825,-7046.2911932541865,-0.006999999999999973,21,v3_short,sl,False,A,True,0.018736897274633124,0.0038497055006488966,,0.8531468531468531,0.14685314685314685
OZON,-1,2024-04-18 13:20:00+00:00,2024-04-18 21:20:00+00:00,3986.0,3983.0,175.53856384599686,526.6156915379906,0.0005268439538384346,48,v3_short,timeout,False,A,True,0.0288509784244857,0.004342579982319069,,0.8913043478260869,0.10869565217391304
OZON,1,2024-04-23 13:20:00+00:00,2024-04-23 17:50:00+00:00,4130.5,4089.195,169.4868288280402,-7000.653464742172,-0.006999999999999972,27,v3_long,sl,False,A,True,0.022518159806295398,0.004289173296437219,,0.20967741935483872,0.7903225806451613
OZON,-1,2024-04-26 13:20:00+00:00,2024-04-26 17:00:00+00:00,4181.0,4222.81,166.26761278376,-6951.648890489072,-0.007000000000000067,22,v3_short,sl,False,A,True,0.016144463047117915,0.0032972289609457753,,0.7333333333333333,0.26666666666666666
OZON,-1,2024-05-08 23:00:00+00:00,2024-05-10 09:50:00+00:00,4531.5,4526.0,152.33338515404574,837.8336183472516,0.0008496082974732429,209,v3_short,timeout,False,A,True,0.012577228596646072,0.0034066141902480323,-0.00023278905560458957,0.8508771929824561,0.14912280701754385
OZON,-1,2024-05-16 13:20:00+00:00,2024-05-16 21:20:00+00:00,4512.0,4508.0,153.12172392695066,612.4868957078027,0.0006205673758865249,48,v3_short,timeout,False,A,True,0.02194878616561357,0.0029349507234442385,,0.5505050505050505,0.4494949494949495
OZON,1,2024-05-27 22:20:00+00:00,2024-05-28 09:50:00+00:00,4352.0,4343.5,158.84971488635037,-1350.222576533978,-0.0013671875000000001,69,v3_long,timeout,False,A,True,0.015741698264966103,0.004277202090763916,-1.3788348845225783e-05,0.0948905109489051,0.9051094890510949
OZON,-1,2024-06-07 22:10:00+00:00,2024-06-07 23:50:00+00:00,4627.5,4631.0,149.18828814301955,-522.1590085005685,-0.000529443544030254,10,v3_short,weekend_exit,False,A,True,0.01265001621796951,0.0040754543789620935,0.00017407287274299926,0.9829059829059829,0.017094017094017096
OZON,-1,2024-06-14 13:20:00+00:00,2024-06-14 21:20:00+00:00,4516.0,4491.0,152.79080869704885,3819.7702174262213,0.00387511071744907,48,v3_short,timeout,False,A,True,0.016284479893652375,0.004399499912959534,,0.7619047619047619,0.23809523809523808
OZON,-1,2024-07-03 13:20:00+00:00,2024-07-03 21:20:00+00:00,4159.0,4127.0,166.54896158405168,5329.566770689654,0.005385910074537148,48,v3_short,timeout,False,A,True,0.027887967303762473,0.0046022015008672056,,0.46551724137931033,0.5344827586206896
OZON,-1,2024-07-12 23:40:00+00:00,2024-07-12 23:50:00+00:00,3829.5,3841.5,181.85346075664023,-2182.2415290796826,-0.0021934978456717587,1,v3_short,weekend_exit,False,A,True,0.017117470273095518,0.004437368832283992,-1.3066771200836274e-05,0.9236641221374046,0.07633587786259542
OZON,-1,2024-07-26 13:20:00+00:00,2024-07-26 13:30:00+00:00,4062.0,4001.07,171.06850292890152,10423.203883457942,0.010499999999999973,1,v3_short,tp,False,A,True,0.026714268127539086,0.004209094692906093,,0.7004608294930875,0.2995391705069124
OZON,-1,2024-07-30 13:20:00+00:00,2024-07-30 21:20:00+00:00,3747.5,3749.5,187.37198175199958,-374.74396350399917,-0.0003735823882588392,48,v3_short,timeout,False,A,True,0.02241793434747798,0.00529947767738,,0.7738095238095238,0.2261904761904762
OZON,1,2024-08-05 21:40:00+00:00,2024-08-06 09:50:00+00:00,3584.0,3629.5,195.84659063648593,8911.01987396011,0.008886718749999998,73,v3_long,timeout,False,A,True,0.012974330357142858,0.0036613975947521866,-0.00013113839285714286,0.12903225806451613,0.8709677419354839
OZON,-1,2024-08-07 23:30:00+00:00,2024-08-08 09:50:00+00:00,3696.0,3723.0,191.59953862363034,-5173.187542838019,-0.005113636363636364,62,v3_short,timeout,False,A,True,0.010681449432125473,0.003446429951104292,0.0004015684153596539,0.8860759493670886,0.11392405063291139
OZON,-1,2024-08-09 13:20:00+00:00,2024-08-09 21:20:00+00:00,3655.5,3655.5,192.7316819786489,-0.0,-0.0,48,v3_short,timeout,False,A,True,0.016823963890028725,0.0038949788642033203,,0.7398373983739838,0.2601626016260163
OZON,-1,2024-08-20 13:20:00+00:00,2024-08-20 18:10:00+00:00,3416.0,3364.7599999999998,206.244339424166,10567.959952094314,0.010500000000000047,29,v3_short,tp,False,A,True,0.022540983606557378,0.004349280695884912,,0.7142857142857143,0.2857142857142857
OZON,-1,2024-09-03 22:00:00+00:00,2024-09-04 09:50:00+00:00,2907.0,2926.5,244.90135378032926,-4775.576398716421,-0.004695562435500516,71,v3_short,timeout,False,A,True,0.011525890246000344,0.005059033763169813,-3.956648890418029e-05,1.0,0.0
OZON,-1,2024-09-16 21:40:00+00:00,2024-09-17 09:50:00+00:00,3356.0,3353.0,211.13984861749572,633.4195458524871,0.0006257449344457687,73,v3_short,timeout,False,A,True,0.013261808970347191,0.0035518901346859714,0.00016838027119654296,1.0,0.0
OZON,-1,2024-09-25 13:20:00+00:00,2024-09-25 15:00:00+00:00,3445.0,3393.325,205.81385359721693,10635.430884636222,0.010500000000000035,10,v3_short,tp,False,A,True,0.01451378809869376,0.003725205611998065,,0.88,0.12
OZON,1,2024-10-17 13:20:00+00:00,2024-10-17 21:20:00+00:00,3056.5,3053.0,234.4097913501252,-820.4342697254382,-0.0008015704236872239,48,v3_long,timeout,False,A,True,0.013745704467353952,0.0037637047946326298,,0.25,0.75
OZON,-1,2024-11-11 21:40:00+00:00,2024-11-12 09:50:00+00:00,3248.5,3220.0,220.37839719034938,6280.784319924957,0.006141295982761275,73,v3_short,timeout,False,A,True,0.010156971375807941,0.005128736628538765,-0.0002631578947368421,0.8939393939393939,0.10606060606060606
OZON,-1,2024-11-14 21:50:00+00:00,2024-11-15 09:50:00+00:00,3305.5,3312.0,217.90826570769852,-1416.4037271000404,-0.001376493722583573,72,v3_short,timeout,False,A,True,0.012554832854333686,0.0037846631618915906,-2.5714717894418396e-05,0.9156626506024096,0.08433734939759036
OZON,1,2024-11-18 22:30:00+00:00,2024-11-19 09:50:00+00:00,3347.5,3353.0,214.87805517186777,1181.8293034452727,0.0011501120238984314,68,v3_long,timeout,False,A,True,0.019133034379671152,0.004886977212409627,8.66965620328849e-05,0.1953125,0.8046875
OZON,1,2024-11-29 23:40:00+00:00,2024-11-29 23:50:00+00:00,2930.5,2934.0,245.73675830071292,860.0786540524953,0.0008360348063470399,1,v3_long,weekend_exit,False,A,True,0.011431496331684013,0.0038789786516893058,-2.3886708752772568e-05,0.05970149253731343,0.9402985074626866
OZON,1,2024-12-03 23:40:00+00:00,2024-12-04 09:50:00+00:00,2729.0,2730.0,264.10173149801244,264.10173149801244,0.0002565042139978014,61,v3_long,timeout,False,A,True,0.005679736167094174,0.0037877371542240934,-0.00048552583363869545,0.7096774193548387,0.2903225806451613
OZON,1,2024-12-24 23:40:00+00:00,2024-12-25 09:50:00+00:00,2937.0,2910.0,245.46084319718233,-6627.442766323923,-0.0064351378958120535,61,v3_long,timeout,False,A,True,0.005280190768182593,0.0029824909013170934,-6.642820643842616e-05,0.0967741935483871,0.9032258064516129
OZON,-1,2024-12-25 13:20:00+00:00,2024-12-25 13:50:00+00:00,2892.5,2921.425,247.63328834354286,-7162.792865337022,-0.0070000000000000435,3,v3_short,sl,False,A,True,0.027143845089903182,0.006635710992557465,,0.643312101910828,0.35668789808917195
OZON,1,2024-12-26 23:10:00+00:00,2024-12-27 09:50:00+00:00,3075.5,3121.6324999999997,231.2681942864451,10668.979972919362,0.010499999999999935,64,v3_long,gap_tp,False,A,True,0.02373597788977402,0.004034519026274141,0.00023248252316696472,0.04794520547945205,0.952054794520548
OZON,-1,2025-01-14 21:50:00+00:00,2025-01-15 09:50:00+00:00,3171.0,3153.0,226.65834673888534,4079.850241299936,0.003973509933774834,72,v3_short,timeout,False,A,True,0.015294859665720592,0.0031503613744457105,-0.00016871649321980448,0.9587628865979382,0.041237113402061855
OZON,-1,2025-01-16 13:20:00+00:00,2025-01-16 14:50:00+00:00,3243.5,3275.935,222.4724873371097,-7215.895126779141,-0.006999999999999988,9,v3_short,sl,False,A,True,0.02004008016032064,0.004074082230394856,,0.7923076923076923,0.2076923076923077
OZON,-1,2025-01-17 13:20:00+00:00,2025-01-17 16:30:00+00:00,3302.5,3335.525,216.96847421322332,-7165.383860891719,-0.007000000000000019,19,v3_short,sl,False,A,True,0.019827455728772515,0.004648749162144046,,0.8625954198473282,0.13740458015267176
OZON,-1,2025-01-28 13:20:00+00:00,2025-01-28 14:10:00+00:00,3419.5,3453.695,208.07796969923842,-7115.226173865492,-0.007000000000000033,5,v3_short,sl,False,A,True,0.029828922357069746,0.005960214177789846,,0.7107843137254902,0.28921568627450983
OZON,1,2025-01-31 22:40:00+00:00,2025-01-31 23:50:00+00:00,3527.5,3514.0,200.29538173347694,-2703.9876534019386,-0.0026789510985116938,7,v3_long,weekend_exit,False,A,True,0.00892983699503898,0.003317953687499096,-0.00028348688873139615,0.23809523809523808,0.7619047619047619
OZON,-1,2025-02-11 21:40:00+00:00,2025-02-12 09:50:00+00:00,3706.5,3746.0,190.11174091662178,-7509.4137662065605,-0.007459867799811143,73,v3_short,gap_sl,False,A,True,0.007824092809928504,0.003419255197020127,0.0003345474167003912,0.7068965517241379,0.29310344827586204
OZON,1,2025-03-03 22:10:00+00:00,2025-03-03 22:20:00+00:00,3882.0,3915.0,180.16295158967387,5945.377402459238,0.005950540958268933,1,v3_long,opposite_signal,False,A,True,0.010175167439464193,0.0032094754439642935,0.00019706336939721793,0.10126582278481013,0.8987341772151899
OZON,-1,2025-03-05 13:20:00+00:00,2025-03-05 21:20:00+00:00,4072.0,4048.0,172.7785712801659,4146.685710723981,0.0041257367387033395,48,v3_short,timeout,False,A,True,0.02185389809699202,0.0030635212955654944,,0.7752808988764045,0.2247191011235955
OZON,1,2025-03-11 22:20:00+00:00,2025-03-12 09:50:00+00:00,4004.0,4019.5,176.43781774484074,2734.7861750450315,0.00270979020979021,69,v3_long,timeout,False,A,True,0.014735264735264736,0.0030861995147709433,0.00026473526473526474,0.06779661016949153,0.9322033898305084
OZON,-1,2025-04-03 13:20:00+00:00,2025-04-03 16:00:00+00:00,3740.5,3684.3925,189.37879229324258,10625.570588593122,0.010500000000000015,16,v3_short,tp,False,A,True,0.020841683366733466,0.004052549543531507,,0.6474358974358975,0.3525641025641026
OZON,1,2025-04-28 21:50:00+00:00,2025-04-29 09:50:00+00:00,3768.0,3817.5,189.97061358410005,9403.545372412953,0.009195859872611465,72,v3_long,timeout,False,A,True,0.009952229299363057,0.002940985311321981,0.00030785562632696387,0.0,1.0
OZON,1,2025-06-05 21:40:00+00:00,2025-06-06 09:50:00+00:00,3976.0,4005.0,181.68806683741906,5268.953938285153,0.0051056338028169015,73,v3_long,timeout,False,A,True,0.009054325955734407,0.0032901490576109716,0.00023013078470824952,0.4444444444444444,0.5555555555555556
OZON,1,2025-09-16 22:10:00+00:00,2025-09-17 09:50:00+00:00,4126.0,4100.0,175.9767381246674,-4575.395191241352,-0.0044110518662142505,70,v3_long,timeout,False,A,True,0.0058167716917111,0.004493653981224094,-9.331071255453224e-05,0.10416666666666667,0.8958333333333334
