symbol,side,entry_time,exit_time,entry_price,exit_price,qty,pnl,pnl_rel,bars_held,entry_reason,exit_reason,post_circuit_breaker,entry_geo_class,entry_geo_valid_box,entry_geo_h_pct,entry_atr_pct,entry_slope_pct_per_bar,entry_dist_L_pct,entry_dist_U_pct
MGNT,1,2022-01-05 16:00:00+00:00,2022-01-05 19:00:00+00:00,5555.5,5499.945,126.00126001260013,-7000.000000000036,-0.007000000000000037,6,v3_long,sl,False,A,True,0.012420124201242012,0.0032181402895110033,0.00015930159301593016,0.3188405797101449,0.6811594202898551
MGNT,-1,2022-01-12 07:30:00+00:00,2022-01-12 10:00:00+00:00,5509.5,5486.5,126.16389872039205,2901.7696705690173,0.002922225247300118,5,v3_short,opposite_signal,False,A,True,0.0052636355386151195,0.0033357615715361427,0.000170614393320628,0.3275862068965517,0.6724137931034483
MGNT,1,2022-01-12 11:00:00+00:00,2022-01-12 11:30:00+00:00,5492.5,5522.0,126.92421279370019,3744.2642774141555,0.0037596722803823392,1,v3_long,opposite_signal,False,A,True,0.008921256258534365,0.00332148261142344,8.375056895766955e-05,0.25510204081632654,0.7448979591836735
MGNT,-1,2022-01-12 12:30:00+00:00,2022-01-12 12:30:00+00:00,5513.0,5501.5,126.92766620054203,1459.6681613062333,0.001460185017231997,0,v3_short,opposite_signal,False,A,True,0.013241429348811899,0.0036302400713791967,0.00013785597678215127,0.4520547945205479,0.547945205479452
MGNT,1,2022-01-12 13:30:00+00:00,2022-01-12 13:30:00+00:00,5537.0,5538.0,126.56203566489118,126.56203566489118,0.00012642225031605562,0,v3_long,opposite_signal,False,A,True,0.013191181785327069,0.0037263501303978356,0.00011022768341163715,0.7808219178082192,0.2191780821917808
MGNT,-1,2022-01-12 14:30:00+00:00,2022-01-12 18:00:00+00:00,5533.0,5588.33,126.66954362939961,-7008.625849014671,-0.0069999999999999915,7,v3_short,sl,False,A,True,0.013373091171952652,0.0036949391788101468,9.939459654829674e-05,0.7162162162162162,0.28378378378378377
MGNT,-1,2022-01-21 12:00:00+00:00,2022-01-21 15:00:00+00:00,5062.0,5112.62,137.4864770460604,-6959.5654680715625,-0.0069999999999999845,6,v3_short,sl,False,A,True,0.030120481927710843,0.006672680976453443,-0.00036539601027059057,0.921311475409836,0.07868852459016394
MGNT,-1,2022-01-28 19:30:00+00:00,2022-01-28 22:30:00+00:00,4921.0,4886.5,140.43585673227142,4845.037057263364,0.004907539118065434,6,v3_short,opposite_signal,False,A,True,0.028161854412362748,0.007322796566391524,0.00012098413989426595,0.7545126353790613,0.24548736462093862
MGNT,1,2022-02-01 18:30:00+00:00,2022-02-01 23:00:00+00:00,5070.0,5100.5,136.9775891360142,4177.816468648432,0.004211045364891518,9,v3_long,opposite_signal,False,A,True,0.02031558185404339,0.005466709312863159,0.0002544378698224852,0.5631067961165048,0.4368932038834951
MGNT,1,2022-02-03 09:30:00+00:00,2022-02-03 11:00:00+00:00,5147.5,5224.7125,135.48340912047516,10461.012726714638,0.01049999999999995,3,v3_long,tp,False,A,True,0.014577259475218658,0.005226801145168492,0.0001933916423712342,0.16666666666666666,0.8333333333333334
MGNT,1,2022-02-03 18:00:00+00:00,2022-02-04 07:00:00+00:00,5152.0,5210.5,136.7864047663715,8002.004678832733,0.00794836956521739,26,v3_long,opposite_signal,False,A,True,0.02969144187851737,0.005955596582415911,0.00013972443236949349,0.17647058823529413,0.8235294117647058
MGNT,-1,2022-02-04 08:00:00+00:00,2022-02-04 09:00:00+00:00,5212.0,5264.12,136.2864467827185,-7103.249606315274,-0.0069999999999999845,2,v3_short,sl,False,A,True,0.01371834228702993,0.006266723361888366,3.453568687643899e-05,0.7832167832167832,0.21678321678321677
MGNT,-1,2022-02-08 18:00:00+00:00,2022-02-09 07:00:00+00:00,5204.0,5194.0,135.5404853779993,1355.404853779993,0.001345119139123751,26,v3_short,opposite_signal,False,A,True,0.012394312067640276,0.004297629681949436,-0.00029016141429669487,0.6124031007751938,0.3875968992248062
MGNT,-1,2022-02-10 07:30:00+00:00,2022-02-10 10:00:00+00:00,5236.5,5229.0,134.88044864026625,1011.6033648019969,0.0010025780578630766,5,v3_short,opposite_signal,False,A,True,0.007740825688073395,0.0036289156128605673,0.00021215596330275232,0.19753086419753085,0.8024691358024691
MGNT,-1,2022-02-10 19:30:00+00:00,2022-02-10 23:30:00+00:00,5256.0,5227.5,134.51476249241165,3833.670731033732,0.0037956621004566213,8,v3_short,opposite_signal,False,A,True,0.012358589219507558,0.0035791091024478224,-1.4259910637893336e-05,0.9076923076923077,0.09230769230769231
MGNT,1,2022-02-11 07:30:00+00:00,2022-02-11 09:00:00+00:00,5210.5,5158.3949999999995,136.20442590381714,-7096.931611718456,-0.0070000000000000635,3,v3_long,sl,False,A,True,0.0071990785179497025,0.0036760700035800824,-0.00014782107890190055,0.3333333333333333,0.6666666666666666
MGNT,-1,2022-05-06 15:30:00+00:00,2022-05-11 09:30:00+00:00,4729.0,4755.0,149.02205731521173,-3874.5734901955047,-0.003848593783040812,228,v3_short,timeout,False,A,True,0.02577101816645543,0.005155209527833102,-3.168567807351077e-05,0.5450819672131147,0.45491803278688525
MGNT,1,2022-06-10 12:00:00+00:00,2022-06-10 15:30:00+00:00,4235.0,4192.65,165.76460628110965,-7020.131076005054,-0.00700000000000006,7,v3_long,sl,False,A,True,0.02384887839433294,0.007505481531455557,-3.305785123966942e-05,0.04950495049504951,0.9504950495049505
MGNT,1,2022-06-17 11:30:00+00:00,2022-06-17 12:30:00+00:00,4347.5,4304.025,160.34479950484092,-6970.990158473018,-0.00700000000000006,2,v3_long,sl,False,A,True,0.01782428702851886,0.005946904980943619,0.0003702851885924563,0.32903225806451614,0.6709677419354839
MGNT,-1,2022-06-22 14:00:00+00:00,2022-06-22 14:00:00+00:00,4350.0,4393.5,159.1308787899689,-6922.193227363648,-0.007,0,v3_short,sl,False,A,True,0.02057471264367816,0.005068418171866448,5.747126436781609e-05,0.8379888268156425,0.16201117318435754
MGNT,-1,2022-06-24 12:30:00+00:00,2022-06-24 15:00:00+00:00,4377.5,4311.8375,157.0242804059875,10310.606812158212,0.01050000000000006,5,v3_short,tp,False,A,True,0.03485714285714286,0.007058503401360544,-0.00042857142857142855,0.8557377049180328,0.14426229508196722
MGNT,1,2022-07-07 11:30:00+00:00,2022-07-07 11:30:00+00:00,4348.0,4359.5,159.7495888329625,1837.1202715790687,0.0018514259429622815,0,v3_long,opposite_signal,False,A,True,0.01138454461821527,0.006560213781924914,4.024839006439742e-05,0.9595959595959596,0.04040404040404041
MGNT,-1,2022-07-07 12:30:00+00:00,2022-07-07 13:00:00+00:00,4359.5,4403.095,159.62316697690707,-6958.771964358304,-0.007000000000000042,1,v3_short,sl,False,A,True,0.013992430324578507,0.0060732172212846595,2.7526092441793783e-05,0.9672131147540983,0.03278688524590164
MGNT,1,2022-07-08 14:00:00+00:00,2022-07-08 17:00:00+00:00,4384.0,4414.0,157.61999453941047,4728.599836182314,0.00479014598540146,6,v3_long,opposite_signal,False,A,True,0.02031499657612417,0.006037977848066869,0.0002545081031727916,0.2808988764044944,0.7191011235955056
MGNT,-1,2022-07-08 18:00:00+00:00,2022-07-11 09:30:00+00:00,4430.5,4430.0,156.71280350888233,78.35640175444117,7.899785577248619e-05,127,v3_short,timeout,False,A,True,0.020090293453724605,0.005374610340750296,0.00015011286681715578,0.8033707865168539,0.19662921348314608
MGNT,1,2022-07-14 11:30:00+00:00,2022-07-14 13:00:00+00:00,4264.5,4221.855,162.825870659475,-6943.709254273382,-0.00700000000000007,3,v3_long,sl,False,A,True,0.007033997655334115,0.00583375202366996,-0.00021101992966002345,0.3,0.7
MGNT,-1,2022-07-15 12:30:00+00:00,2022-07-15 13:30:00+00:00,4269.5,4312.195,161.49673941898112,-6895.103289493352,-0.006999999999999953,2,v3_short,sl,False,A,True,0.02061131280009369,0.004940915351970511,-0.000124136315727837,0.7897727272727273,0.21022727272727273
MGNT,1,2022-07-20 17:30:00+00:00,2022-07-21 10:30:00+00:00,4293.0,4250.07,159.48841291560555,-6846.837566466993,-0.007000000000000049,34,v3_long,sl,False,A,True,0.023060796645702306,0.00605637083624505,2.9117167481947357e-05,0.21717171717171718,0.7828282828282829
MGNT,-1,2022-07-22 11:30:00+00:00,2022-07-22 13:30:00+00:00,4297.0,4339.97,158.22456838495873,-6798.909703501717,-0.007000000000000042,4,v3_short,sl,False,A,True,0.01966488247614615,0.006250207786163104,-5.468931812892716e-05,0.6686390532544378,0.33136094674556216
MGNT,1,2022-08-04 11:30:00+00:00,2022-08-05 10:00:00+00:00,4893.5,4844.565,137.96500123791077,-6751.317335577219,-0.0070000000000000565,45,v3_long,sl,False,A,True,0.02420343137254902,0.006642934951758482,0.0002961601307189542,0.31223628691983124,0.6877637130801688
MGNT,1,2022-08-10 18:30:00+00:00,2022-08-11 11:00:00+00:00,5028.5,4978.215,133.32123126634428,-6704.058114228103,-0.0069999999999999785,33,v3_long,sl,False,A,True,0.017489814170724437,0.005616993890868481,0.0003845771638676339,0.3181818181818182,0.6818181818181818
MGNT,-1,2022-08-11 18:30:00+00:00,2022-08-12 15:00:00+00:00,5011.5,5061.615,132.83706889012325,-6657.129707428498,-0.006999999999999969,41,v3_short,sl,False,A,True,0.023728813559322035,0.004856857997436263,-0.00013958125623130606,0.5168067226890757,0.4831932773109244
MGNT,-1,2022-08-24 11:30:00+00:00,2022-08-24 14:30:00+00:00,5304.5,5357.545,124.62116692386705,-6610.529799476537,-0.0070000000000000106,6,v3_short,sl,False,A,True,0.009237439909510793,0.0036626583897768736,-4.1474220001885195e-05,0.47959183673469385,0.5204081632653061
MGNT,1,2022-08-26 11:30:00+00:00,2022-08-29 09:30:00+00:00,5416.0,5438.5,121.20118336189424,2727.0266256426203,0.002908050221565731,140,v3_long,timeout,False,A,True,0.01024741506646972,0.00335425898572132,2.7695716395864104e-05,0.6036036036036037,0.3963963963963964
MGNT,-1,2022-08-31 18:00:00+00:00,2022-09-01 14:00:00+00:00,5448.5,5420.5,120.82858176121302,3383.2002893139643,0.0035973203634027716,40,v3_short,opposite_signal,False,A,True,0.029179665993760324,0.004068024714014804,-2.1104789869700865e-05,0.6194968553459119,0.3805031446540881
MGNT,1,2022-09-01 15:00:00+00:00,2022-09-02 12:30:00+00:00,5439.5,5467.0,121.46387865217184,3340.2566629347257,0.0035389282103134474,43,v3_long,opposite_signal,False,A,True,0.015534516040077212,0.0038343860386327528,6.710175567607317e-05,0.40236686390532544,0.5976331360946746
MGNT,-1,2022-09-02 13:30:00+00:00,2022-09-05 09:30:00+00:00,5454.0,5486.5,121.5696640250354,-3951.0140808136503,-0.004171250458379171,136,v3_short,timeout,False,A,True,0.013475112292602438,0.005294885393886219,-7.51672930607755e-05,0.6462585034013606,0.35374149659863946
MGNT,-1,2022-09-15 10:30:00+00:00,2022-09-15 11:00:00+00:00,5526.0,5521.0,119.48520407817112,597.4260203908556,0.0006333695258776693,1,v3_short,opposite_signal,False,A,True,0.005971769815418024,0.0038731859946528435,-0.00019363011219688744,0.030303030303030304,0.9696969696969697
MGNT,-1,2022-09-15 16:00:00+00:00,2022-09-16 12:00:00+00:00,5558.5,5614.085,118.86182170554054,-6606.934359502475,-0.007000000000000004,40,v3_short,sl,False,A,True,0.01619141854816947,0.00341818836016911,-8.995232526760817e-07,0.8722222222222222,0.12777777777777777
MGNT,1,2022-09-16 15:00:00+00:00,2022-09-16 23:30:00+00:00,5559.0,5582.0,118.01917285457733,2714.4409756552786,0.0028962043533009535,17,v3_long,opposite_signal,False,A,True,0.0166396833962943,0.0038269821098016,0.00019697787371829466,0.34054054054054056,0.6594594594594595
MGNT,1,2022-09-23 11:00:00+00:00,2022-09-23 11:00:00+00:00,5029.5,4979.205,130.82188897137968,-6579.686905815551,-0.0070000000000000106,0,v3_long,sl,False,A,True,0.017397355601948505,0.0073726305122358725,0.00043046028432249726,0.6571428571428571,0.34285714285714286
MGNT,-1,2022-10-06 10:30:00+00:00,2022-10-06 10:30:00+00:00,4822.0,4774.5,135.49624839226115,6436.071798632404,0.006895479054334301,0,v3_short,opposite_signal,False,A,True,0.012538860103626943,0.006324586327929133,-0.000383419689119171,0.5950413223140496,0.4049586776859504
MGNT,1,2022-10-06 11:30:00+00:00,2022-10-06 13:00:00+00:00,4797.5,4749.525,137.12728713007314,-6578.681600065309,-0.007000000000000053,3,v3_long,sl,False,A,True,0.019074421513445905,0.006395125985999314,-0.00023556389410047944,0.4644808743169399,0.5355191256830601
MGNT,1,2022-10-06 14:00:00+00:00,2022-10-06 20:30:00+00:00,4765.0,4717.35,137.09613491846383,-6532.6308288647515,-0.006999999999999946,13,v3_long,sl,False,A,True,0.022140608604407135,0.00542598923602884,-0.00012486883525708288,0.22748815165876776,0.7725118483412322
MGNT,-1,2022-10-13 12:00:00+00:00,2022-10-14 12:00:00+00:00,4791.0,4806.5,135.39767090508764,-2098.6638990288584,-0.0022646629096222085,48,v3_short,timeout,False,A,True,0.01419327906491338,0.005103655375334128,-0.0003089125443539971,0.7205882352941176,0.27941176470588236
MGNT,1,2022-10-21 10:30:00+00:00,2022-10-21 14:00:00+00:00,4985.0,5032.5,129.83373652496581,6167.102484935876,0.006670010030090271,7,v3_long,opposite_signal,False,A,True,0.009027081243731194,0.00471737794027243,0.00018455366098294886,0.1111111111111111,0.8888888888888888
MGNT,-1,2022-10-21 15:00:00+00:00,2022-10-21 17:00:00+00:00,5040.0,5090.4,129.2734421262718,-6515.381483164051,-0.006999999999999951,4,v3_short,sl,False,A,True,0.014594916600476569,0.004070691024622717,6.850675138999205e-05,0.9387755102040817,0.061224489795918366
MGNT,1,2022-10-26 13:30:00+00:00,2022-10-26 15:30:00+00:00,5287.5,5234.625,122.35978842140803,-6469.773812781949,-0.007,4,v3_long,sl,False,A,True,0.016643026004728133,0.004127202013269275,0.00038581560283687945,0.06818181818181818,0.9318181818181818
MGNT,1,2022-10-27 14:30:00+00:00,2022-10-27 14:30:00+00:00,5235.0,5182.65,122.7217840705344,-6424.48539609252,-0.007000000000000049,0,v3_long,sl,False,A,True,0.020349670392662653,0.006650702515124339,-0.0002245151428298462,0.20187793427230047,0.7981220657276995
MGNT,-1,2022-10-27 19:00:00+00:00,2022-10-28 10:00:00+00:00,5276.0,5227.0,120.91573158301419,5924.870847567696,0.006501137225170585,30,v3_short,opposite_signal,False,A,True,0.026002269288956128,0.0050387975208628175,5.6732223903177e-06,0.68,0.32
MGNT,1,2022-10-28 11:00:00+00:00,2022-10-28 17:30:00+00:00,5203.0,5281.044999999999,123.40934257645209,9631.4821413791,0.010499999999999888,13,v3_long,tp,False,A,True,0.011437908496732025,0.005177909240862695,-0.0003565936178392926,0.3865546218487395,0.6134453781512605
MGNT,-1,2022-11-01 21:30:00+00:00,2022-11-02 11:00:00+00:00,5249.0,5224.0,123.61227794327407,3090.3069485818514,0.0033339683749285575,27,v3_short,opposite_signal,False,A,True,0.014288435892550962,0.0029805984550052545,-8.763574014097924e-05,0.7866666666666666,0.21333333333333335
MGNT,1,2022-11-02 12:00:00+00:00,2022-11-02 13:00:00+00:00,5215.5,5237.5,124.82102613138775,2746.0625748905304,0.002952737033841434,2,v3_long,opposite_signal,False,A,True,0.010067114093959731,0.0031144650975783255,-7.861936720997123e-05,0.29523809523809524,0.7047619047619048
MGNT,-1,2022-11-02 14:00:00+00:00,2022-11-02 23:00:00+00:00,5237.0,5158.445,124.67563597301437,9793.89458386018,0.010500000000000037,18,v3_short,tp,False,A,True,0.010024823372159633,0.0030305456830123133,-2.1004391827382088e-05,0.7047619047619048,0.29523809523809524
MGNT,-1,2022-11-03 23:00:00+00:00,2022-11-07 09:30:00+00:00,5172.5,5205.0,127.55573355232063,-4145.56134045042,-0.0043982600289995165,165,v3_short,timeout,False,A,True,0.018269695505074915,0.005101420352671541,-0.0003595940067665539,0.7671957671957672,0.2328042328042328
MGNT,1,2022-11-09 10:30:00+00:00,2022-11-09 12:30:00+00:00,5143.0,5091.57,127.72314580226777,-6568.801388610668,-0.00700000000000004,4,v3_long,sl,False,A,True,0.008553654743390357,0.0036434555761802037,-0.0002274494556765163,0.29545454545454547,0.7045454545454546
MGNT,-1,2022-11-10 19:30:00+00:00,2022-11-11 10:30:00+00:00,5020.0,4972.0,129.9366489818796,6236.9591511302215,0.006693227091633466,30,v3_short,opposite_signal,False,A,True,0.026397051499153303,0.005160519136657359,-0.0003994421755154896,0.7018867924528301,0.2981132075471698
MGNT,1,2022-11-11 11:30:00+00:00,2022-11-14 09:30:00+00:00,4982.0,5010.0,131.80406449113343,3690.513805751736,0.003934162986752308,140,v3_long,timeout,False,A,True,0.016755292465134946,0.005071574906870091,-0.00011538075649643824,0.18562874251497005,0.8143712574850299
MGNT,-1,2022-11-16 12:30:00+00:00,2022-11-17 11:30:00+00:00,4963.5,5013.135,132.81579711067855,-6592.312089588559,-0.0070000000000000305,46,v3_short,sl,False,A,True,0.015206445115810674,0.007884221810739694,-0.00014803625377643505,0.9139072847682119,0.08609271523178808
MGNT,1,2022-11-18 11:30:00+00:00,2022-11-18 12:00:00+00:00,4981.5,4931.685,131.40953337270722,-6546.165904961357,-0.006999999999999945,1,v3_long,sl,False,A,True,0.010437575270975512,0.005296486706983851,0.0001746286631874749,0.125,0.875
MGNT,1,2022-11-23 10:30:00+00:00,2022-11-23 13:00:00+00:00,4866.5,4885.0,133.5732609396215,2471.1053273829975,0.002661050035960136,5,v3_long,opposite_signal,False,A,True,0.008118384544240057,0.0032553097682497902,8.323913266879047e-05,0.4050632911392405,0.5949367088607594
MGNT,-1,2022-11-23 14:00:00+00:00,2022-11-24 11:00:00+00:00,4875.0,4923.75,133.6951893521715,-6517.6404809183605,-0.006999999999999999,42,v3_short,sl,False,A,True,0.014772260976610586,0.0033257442386858513,-6.873204759950759e-05,0.6805555555555556,0.3194444444444444
MGNT,1,2022-11-25 10:30:00+00:00,2022-11-25 13:00:00+00:00,4891.5,4842.585,132.31149948997103,-6472.016997551928,-0.006999999999999996,5,v3_long,sl,False,A,True,0.007257487478278647,0.003142383265242867,6.439742410303588e-05,0.4225352112676056,0.5774647887323944
MGNT,-1,2022-12-07 11:00:00+00:00,2022-12-07 11:00:00+00:00,4520.5,4565.705,142.16818667335625,-6426.712878569058,-0.006999999999999988,0,v3_short,sl,False,A,True,0.02090245520902455,0.004727044402109154,-0.0004567573545675735,0.8465608465608465,0.15343915343915343
MGNT,1,2022-12-07 21:00:00+00:00,2022-12-08 10:00:00+00:00,4478.5,4492.0,142.49694961301967,1923.7088197757655,0.0021100815005024,26,v3_long,opposite_signal,False,A,True,0.02567537396740344,0.004666940345267161,-7.256083947309668e-05,0.22608695652173913,0.7739130434782608
MGNT,1,2022-12-13 21:00:00+00:00,2022-12-14 11:00:00+00:00,4521.5,4476.285,141.43960743464592,-6395.191850157536,-0.007000000000000022,28,v3_long,sl,False,A,True,0.028748341441839895,0.004483457219899845,0.00015258735072976558,0.39615384615384613,0.6038461538461538
MGNT,1,2022-12-16 10:30:00+00:00,2022-12-19 09:30:00+00:00,4382.0,4369.5,144.9207098860432,-1811.50887357554,-0.001996805111821086,142,v3_long,timeout,False,A,True,0.005476951163852123,0.004446342073879949,-0.00034002738475581923,0.5,0.5
MGNT,1,2022-12-21 14:30:00+00:00,2022-12-22 10:00:00+00:00,4276.5,4269.5,148.1993439750119,-1037.3954078250833,-0.0011457967964456914,39,v3_long,opposite_signal,False,A,True,0.02279901788846019,0.003782864341129126,0.00011808722085817842,0.05641025641025641,0.9435897435897436
MGNT,-1,2022-12-22 11:30:00+00:00,2022-12-22 12:30:00+00:00,4301.5,4344.515,147.16920091216107,-6330.483177236657,-0.007000000000000053,2,v3_short,sl,False,A,True,0.014408552172902626,0.0035796481074719063,-0.0003090866837090402,0.9112903225806451,0.08870967741935484
MGNT,1,2022-12-23 13:00:00+00:00,2022-12-26 09:30:00+00:00,4333.0,4315.0,145.07661654733332,-2611.3790978519996,-0.0029079159935379646,137,v3_long,timeout,False,A,True,0.016847449803831065,0.003893599755812482,0.0003646434341103162,0.1643835616438356,0.8356164383561644
MGNT,1,2022-12-27 22:30:00+00:00,2022-12-28 10:00:00+00:00,4435.0,4390.65,141.32784986045067,-6267.890141311039,-0.0070000000000000565,23,v3_long,sl,False,A,True,0.01217587373167982,0.0033494563043241082,0.00028974069898534386,0.2222222222222222,0.7777777777777778
MGNT,-1,2022-12-29 11:30:00+00:00,2022-12-30 10:30:00+00:00,4448.5,4381.7725,139.9126651752683,9336.022365482711,0.010499999999999994,46,v3_short,tp,False,A,True,0.011578237410071942,0.004141042005105592,0.00011803057553956835,0.941747572815534,0.05825242718446602
MGNT,1,2023-01-13 23:00:00+00:00,2023-01-16 09:30:00+00:00,4617.5,4630.5,136.20719148630621,1770.693489321981,0.0019707634001082837,117,v3_long,timeout,False,A,True,0.006930157011369789,0.0030109855563511885,0.00034867352463454254,0.234375,0.765625
MGNT,1,2023-01-17 23:30:00+00:00,2023-01-18 20:30:00+00:00,4625.0,4578.75,136.2543118120096,-6301.761921305444,-0.007,42,v3_long,sl,False,A,True,0.024432432432432434,0.004533565823888404,4.324324324324325e-06,0.10176991150442478,0.8982300884955752
MGNT,-1,2023-01-20 10:30:00+00:00,2023-01-20 17:00:00+00:00,4524.0,4569.24,138.32116684032508,-6257.649587856276,-0.006999999999999967,13,v3_short,sl,False,A,True,0.010167992926613616,0.005059039958928724,-0.00021109637488947832,0.32608695652173914,0.6739130434782609
MGNT,1,2023-01-25 10:30:00+00:00,2023-01-25 19:00:00+00:00,4581.0,4588.0,135.6438777721308,949.5071444049156,0.00106963545077494,17,v3_long,opposite_signal,False,A,True,0.007859403995197032,0.00405646657816621,-0.000246697958738129,0.5833333333333334,0.4166666666666667
MGNT,1,2023-02-02 11:30:00+00:00,2023-02-02 15:30:00+00:00,4632.0,4701.48,134.293881492922,9330.738886128162,0.010499999999999935,8,v3_long,tp,False,A,True,0.00939119170984456,0.003144325589169313,-7.448186528497409e-05,0.28735632183908044,0.7126436781609196
MGNT,1,2023-02-03 12:30:00+00:00,2023-02-06 09:30:00+00:00,4646.0,4670.0,135.2950444028206,3247.081065667694,0.0036160137752905726,138,v3_long,timeout,False,A,True,0.01334481274214378,0.003839584519461764,0.00014959104606112784,0.016129032258064516,0.9838709677419355
MGNT,1,2023-02-09 13:30:00+00:00,2023-02-09 15:00:00+00:00,4673.5,4687.5,134.98528576901077,1889.794000766151,0.002096929496095004,3,v3_long,opposite_signal,False,A,True,0.016903819407296457,0.006005031802510379,-0.00031453942441425056,0.17088607594936708,0.8291139240506329
MGNT,1,2023-02-09 16:00:00+00:00,2023-02-09 16:00:00+00:00,4686.0,4706.0,134.90750935595563,2698.1501871191126,0.002987622705932565,0,v3_long,opposite_signal,False,A,True,0.016860527158254188,0.004244391585571134,0.0002198271262405293,0.3291139240506329,0.6708860759493671
MGNT,1,2023-02-09 22:30:00+00:00,2023-02-10 12:00:00+00:00,4696.0,4703.5,135.0224220555774,1012.6681654168306,0.0011179727427597956,27,v3_long,opposite_signal,False,A,True,0.012247071352502662,0.0034456697241403,0.00022577209797657082,0.43478260869565216,0.5652173913043478
MGNT,1,2023-02-10 14:30:00+00:00,2023-02-10 16:00:00+00:00,4702.5,4703.0,134.98653092797093,67.49326546398547,7.442849548112707e-05,3,v3_long,opposite_signal,False,A,True,0.010637166258908627,0.0032735021325802677,-4.0421231783852783e-05,0.75,0.25
MGNT,1,2023-02-10 19:00:00+00:00,2023-02-13 09:30:00+00:00,4695.5,4695.0,135.19782919276074,-67.59891459638037,-7.453945266744757e-05,125,v3_long,timeout,False,A,True,0.019206145966709345,0.003455729489350571,4.481434058898847e-05,0.3388888888888889,0.6611111111111111
MGNT,-1,2023-02-17 17:30:00+00:00,2023-02-20 09:30:00+00:00,4437.0,4447.5,143.06380160793117,-1502.1699168832772,-0.001656524678837052,128,v3_short,timeout,False,A,True,0.01656524678837052,0.004216740459624711,-0.00021748929456840208,0.6122448979591837,0.3877551020408163
MGNT,1,2023-02-22 10:30:00+00:00,2023-02-24 09:30:00+00:00,4528.5,4555.0,139.9409448586888,3708.435038755253,0.004096279121121784,94,v3_long,timeout,False,A,True,0.01159324279562769,0.003932086035752065,0.00029038312907143644,0.18095238095238095,0.819047619047619
MGNT,1,2023-03-02 11:30:00+00:00,2023-03-02 13:00:00+00:00,4551.0,4505.49,139.81948435941575,-6363.184733197041,-0.007000000000000034,3,v3_long,sl,False,A,True,0.007251950335128008,0.0029844292190507244,-0.00021206460828480386,0.48484848484848486,0.5151515151515151
MGNT,1,2023-03-16 11:00:00+00:00,2023-03-16 15:00:00+00:00,4509.5,4464.405,140.11847078533387,-6318.6424400646665,-0.00700000000000004,8,v3_long,sl,False,A,True,0.011087703736556159,0.0032118574049765907,-0.0002816276749085264,0.95,0.05
MGNT,1,2023-03-22 10:30:00+00:00,2023-03-23 10:30:00+00:00,4524.5,4519.5,138.67636076879606,-693.3818038439803,-0.0007735661399049619,48,v3_long,timeout,False,A,True,0.0035366931918656055,0.003618693134822167,-0.00018015030946065427,0.84375,0.15625
MGNT,1,2023-04-12 10:30:00+00:00,2023-04-12 15:30:00+00:00,4558.0,4578.5,137.5506421754557,2819.788164596842,0.003148310662571304,10,v3_long,opposite_signal,False,A,True,0.004936375603334796,0.003754476354937791,-0.00027643703378674856,0.5555555555555556,0.4444444444444444
MGNT,-1,2023-04-12 16:30:00+00:00,2023-04-13 13:00:00+00:00,4573.0,4563.0,137.5310909142674,1375.310909142674,0.0015307238136890446,41,v3_short,opposite_signal,False,A,True,0.01367315685845548,0.0036696988729790193,-0.00025814920148763945,0.744,0.256
MGNT,1,2023-04-19 20:00:00+00:00,2023-04-19 21:00:00+00:00,4789.5,4741.605,131.515272238719,-6298.923963873504,-0.007000000000000064,2,v3_long,sl,False,A,True,0.03781073741382912,0.0056369064064637426,0.0002287445163985795,0.4281767955801105,0.5718232044198895
MGNT,-1,2023-04-21 10:30:00+00:00,2023-04-21 12:00:00+00:00,4825.0,4810.0,129.63381339121932,1944.5072008682898,0.0021761658031088085,3,v3_short,opposite_signal,False,A,True,0.008395522388059701,0.006590033702455465,0.0004094112769485904,0.4444444444444444,0.5555555555555556
MGNT,1,2023-04-21 13:30:00+00:00,2023-04-24 09:30:00+00:00,4795.5,4829.0,130.71510888400397,4378.9561476141325,0.004890001042644145,136,v3_long,timeout,False,A,True,0.013033051819414034,0.0056571853316785565,0.00010947763528307789,0.168,0.832
MGNT,1,2023-05-05 10:30:00+00:00,2023-05-05 14:00:00+00:00,4432.5,4462.0,142.11157900881466,4192.291580760032,0.004658770445572476,7,v3_long,opposite_signal,False,A,True,0.010042879711126157,0.004437212891577667,-0.0001297675468291582,0.7640449438202247,0.23595505617977527
MGNT,1,2023-05-05 21:30:00+00:00,2023-05-08 09:30:00+00:00,4429.5,4428.0,142.87034158778712,-214.30551238168067,-0.00023704707077548258,120,v3_long,timeout,False,A,True,0.015129276278649656,0.0037695717256625893,2.2581009371118888e-06,0.21641791044776118,0.7835820895522388
MGNT,1,2023-05-11 21:00:00+00:00,2023-05-11 21:00:00+00:00,4533.5,4488.165,139.55975828927666,-6326.941642044362,-0.007000000000000005,0,v3_long,sl,False,A,True,0.02118270079435128,0.003978874241949719,0.0002813327449249779,0.4322916666666667,0.5677083333333334
MGNT,1,2023-05-12 10:30:00+00:00,2023-05-12 14:00:00+00:00,4503.5,4458.465,139.50600756189735,-6282.653050550027,-0.006999999999999978,7,v3_long,sl,False,A,True,0.012096326711796694,0.00553087445093989,-7.324381311730107e-05,0.24770642201834864,0.7522935779816514
MGNT,-1,2023-05-17 10:30:00+00:00,2023-05-17 14:00:00+00:00,4595.0,4571.5,135.77093534703366,3190.6169806552907,0.003579978237214363,7,v3_short,opposite_signal,False,A,True,0.012184508268059183,0.0037690558409837448,0.0004101392515230635,0.10714285714285714,0.8928571428571429
MGNT,1,2023-05-17 15:00:00+00:00,2023-05-17 19:00:00+00:00,4584.0,4608.0,136.5839615632806,3278.015077518735,0.0036649214659685864,8,v3_long,opposite_signal,False,A,True,0.017346716124809078,0.0037797470314556605,0.00025310931704123935,0.23270440251572327,0.7672955974842768
MGNT,1,2023-05-18 14:30:00+00:00,2023-05-19 12:00:00+00:00,4574.0,4601.0,137.38423488420233,3709.374341873463,0.004132050721469173,43,v3_long,opposite_signal,False,A,True,0.010274346923161001,0.003018133481889436,-5.574379713629905e-05,0.0425531914893617,0.9574468085106383
MGNT,-1,2023-05-19 13:00:00+00:00,2023-05-19 13:30:00+00:00,4603.5,4595.5,137.0678945149675,1096.54315611974,0.0012164657325947647,1,v3_short,opposite_signal,False,A,True,0.011079730610471432,0.002971414154863939,-7.169237453834456e-05,0.8921568627450981,0.10784313725490197
MGNT,-1,2023-05-19 14:30:00+00:00,2023-05-22 09:30:00+00:00,4602.5,4648.0,137.26445032241972,-6245.532489670098,-0.0069201520912547535,134,v3_short,timeout,False,A,True,0.011080934274850626,0.0033256820451718037,-7.17001629549158e-05,0.8725490196078431,0.12745098039215685
MGNT,-1,2023-06-06 21:30:00+00:00,2023-06-06 22:00:00+00:00,4216.5,4258.665,148.79349220115446,-6273.877598661673,-0.006999999999999996,1,v3_short,sl,False,A,True,0.016008537886873,0.004544359142080077,-0.0003367722044349579,0.9629629629629629,0.037037037037037035
MGNT,1,2023-06-07 21:00:00+00:00,2023-06-08 10:30:00+00:00,4227.5,4275.0,147.36748564094725,6999.955567944994,0.007865168539325841,27,v3_long,opposite_signal,False,A,True,0.015257244234180957,0.0044676751683485625,0.00037019515079834416,0.09302325581395349,0.9069767441860465
MGNT,-1,2023-06-08 11:30:00+00:00,2023-06-09 10:00:00+00:00,4262.5,4263.0,147.30698286091874,-73.65349143045937,-8.211143695014664e-05,45,v3_short,opposite_signal,False,A,True,0.01618578465869106,0.004369934848244081,9.265775275627493e-05,0.6159420289855072,0.38405797101449274
MGNT,-1,2023-06-09 11:00:00+00:00,2023-06-13 09:30:00+00:00,4259.5,4251.5,147.39862824290756,1179.1890259432605,0.0013147082990961382,189,v3_short,timeout,False,A,True,0.005868544600938967,0.0032939572921399365,7.042253521126761e-05,0.68,0.32
MGNT,1,2023-06-14 21:30:00+00:00,2023-06-14 23:00:00+00:00,4330.5,4351.0,145.17258730373516,2976.038039726571,0.0033137051148828087,3,v3_long,opposite_signal,False,A,True,0.007967667436489608,0.00392982194740371,0.00013510392609699767,0.30434782608695654,0.6956521739130435
MGNT,1,2023-06-15 10:30:00+00:00,2023-06-15 12:00:00+00:00,4337.5,4402.5625,145.41858580902215,9461.296739199503,0.010499999999999999,3,v3_long,tp,False,A,True,0.008881199538638985,0.003899244707370614,-9.688581314878892e-05,0.42857142857142855,0.5714285714285714
MGNT,-1,2023-06-20 22:30:00+00:00,2023-06-21 10:30:00+00:00,4893.5,4860.5,130.2495194981247,4298.234143438115,0.004720547665270256,24,v3_short,opposite_signal,False,A,True,0.015642572334117165,0.00458426640194452,-0.00012370923218484818,0.5686274509803921,0.43137254901960786
MGNT,1,2023-06-21 11:30:00+00:00,2023-06-21 15:30:00+00:00,4881.0,4954.214999999999,131.1995057497398,9605.7718134671,0.01049999999999989,8,v3_long,tp,False,A,True,0.011473058799426348,0.004487446385259499,0.00012702315099364885,0.375,0.625
MGNT,1,2023-06-22 10:30:00+00:00,2023-06-22 10:30:00+00:00,4986.5,4956.5,129.7721503727879,-3893.164511183637,-0.004211370700892408,0,v3_long,opposite_signal,False,A,True,0.015538847117794486,0.003916242218449349,0.00025463659147869673,0.9096774193548387,0.09032258064516129
MGNT,-1,2023-06-22 11:30:00+00:00,2023-06-22 14:00:00+00:00,4966.0,4944.5,129.7590843085136,2789.8203126330422,0.0030306081353201775,5,v3_short,opposite_signal,False,A,True,0.015606121627064035,0.004076104608109337,0.0002607732581554571,0.6451612903225806,0.3548387096774194
MGNT,1,2023-06-22 15:00:00+00:00,2023-06-22 22:30:00+00:00,4953.0,4903.47,130.4939404189222,-6463.364868949183,-0.006999999999999964,15,v3_long,sl,False,A,True,0.015648662291771833,0.003794108547328654,0.000221100454316002,0.4774193548387097,0.5225806451612903
MGNT,-1,2023-06-28 10:30:00+00:00,2023-06-28 13:00:00+00:00,4850.0,4898.5,132.3323982446716,-6418.121314866572,-0.007,5,v3_short,sl,False,A,True,0.005979381443298969,0.0041403392085134685,0.0003350515463917526,0.6896551724137931,0.3103448275862069
MGNT,-1,2023-06-30 14:00:00+00:00,2023-07-03 09:30:00+00:00,5151.0,5161.5,123.72732412468464,-1299.1369033091887,-0.0014269073966220152,135,v3_short,timeout,False,A,True,0.016022528646339095,0.004313396274879557,-0.00011652748106428432,0.7696969696969697,0.23030303030303031
MGNT,-1,2023-07-06 10:30:00+00:00,2023-07-06 10:30:00+00:00,5337.0,5313.0,119.24490364135922,2861.8776873926213,0.0031478358628442946,0,v3_short,opposite_signal,False,A,True,0.008430913348946136,0.0042456750018886455,0.00034379391100702574,0.37777777777777777,0.6222222222222222
MGNT,1,2023-07-07 10:30:00+00:00,2023-07-10 09:30:00+00:00,5287.5,5351.0,120.74011633382678,7666.997387198,0.00840661938534279,142,v3_long,timeout,False,A,True,0.009269769201664774,0.003206888555282975,-0.0002582292849035187,0.6632653061224489,0.336734693877551
MGNT,1,2023-07-12 10:30:00+00:00,2023-07-12 13:00:00+00:00,5504.5,5528.0,116.95526628869973,2748.448757784444,0.0029884639840130805,5,v3_long,opposite_signal,False,A,True,0.004996366279069768,0.00395313672168042,9.901889534883722e-05,0.14545454545454545,0.8545454545454545
MGNT,-1,2023-07-12 14:30:00+00:00,2023-07-12 17:00:00+00:00,5517.0,5499.5,117.03900261312248,2048.182545729643,0.0022204096429218776,5,v3_short,opposite_signal,False,A,True,0.015409717186366932,0.0037837142389295655,-6.254532269760696e-05,0.43529411764705883,0.5647058823529412
MGNT,1,2023-07-12 18:00:00+00:00,2023-07-13 10:30:00+00:00,5510.5,5455.3949999999995,117.4372389435818,-6471.37905198613,-0.00700000000000006,33,v3_long,sl,False,A,True,0.015423698058428597,0.0030203522573621086,-6.260206859009254e-05,0.3588235294117647,0.6411764705882353
MGNT,-1,2023-07-13 17:00:00+00:00,2023-07-14 17:00:00+00:00,5509.0,5500.0,116.64693045239012,1049.8223740715111,0.0011435832274459975,48,v3_short,timeout,False,A,True,0.013524552963601706,0.003027579078667279,-0.0001243532722156667,0.7785234899328859,0.2214765100671141
MGNT,1,2023-07-19 16:30:00+00:00,2023-07-19 17:30:00+00:00,5689.0,5632.11,113.08539559220729,-6433.42815524071,-0.007000000000000041,2,v3_long,sl,False,A,True,0.024433116540692565,0.004519190968422366,0.00039374230972051333,0.10071942446043165,0.8992805755395683
MGNT,-1,2023-07-21 10:30:00+00:00,2023-07-21 13:00:00+00:00,5558.5,5614.085,114.93018185039107,-6388.394158153991,-0.007000000000000004,5,v3_short,sl,False,A,True,0.03867602086706242,0.006113306524148577,-0.0004722072315164598,0.6906976744186046,0.30930232558139537
MGNT,1,2023-07-26 11:00:00+00:00,2023-07-26 14:30:00+00:00,5867.5,5955.5125,108.11547335401634,9515.513098570344,0.010499999999999978,7,v3_long,tp,False,A,True,0.013635588886995058,0.0035298580909075917,0.0001977160388614283,0.21875,0.78125
MGNT,1,2023-07-27 10:30:00+00:00,2023-07-27 13:30:00+00:00,5857.5,5798.925,109.43720001258048,-6410.283990736882,-0.0069999999999999785,6,v3_long,sl,False,A,True,0.011524671333447157,0.006240120726784052,-0.00010756359911217347,0.37037037037037035,0.6296296296296297
MGNT,1,2023-07-28 10:30:00+00:00,2023-07-28 10:30:00+00:00,5792.5,5734.575,109.89058269834688,-6365.412002801762,-0.007000000000000022,0,v3_long,sl,False,A,True,0.008978675645342313,0.004714918693413317,-0.00020029353362686694,0.4807692307692308,0.5192307692307693
MGNT,1,2023-07-28 11:30:00+00:00,2023-07-28 14:00:00+00:00,5751.0,5798.0,109.908783146968,5165.712807907496,0.0057207442183968005,5,v3_long,opposite_signal,False,A,True,0.015043478260869565,0.004931276297335203,-0.0003130434782608696,0.20809248554913296,0.791907514450867
MGNT,-1,2023-07-28 16:30:00+00:00,2023-07-31 09:30:00+00:00,5788.5,5824.5,109.8214409335317,-3953.5718736071412,-0.0043534594454521895,130,v3_short,timeout,False,A,True,0.01493826094465072,0.0047519435337635895,-0.00022191520594076503,0.6416184971098265,0.3583815028901734
MGNT,1,2023-08-04 11:30:00+00:00,2023-08-04 14:30:00+00:00,5799.0,5741.01,109.1453544632218,-6329.3391053222085,-0.006999999999999973,6,v3_long,sl,False,A,True,0.007414432278644711,0.0028951327839719216,-3.448573152858005e-06,0.5348837209302325,0.46511627906976744
MGNT,1,2023-08-09 15:30:00+00:00,2023-08-10 15:30:00+00:00,5608.0,5603.0,112.07264143339832,-560.3632071669916,-0.000624108416547789,48,v3_long,timeout,False,A,True,0.02067920492022462,0.005066290193191849,0.0003565380158659417,0.034482758620689655,0.9655172413793104
MGNT,1,2023-08-10 16:30:00+00:00,2023-08-10 17:00:00+00:00,5607.5,5626.0,112.01268282005898,2072.234632171091,0.0023094070441373156,1,v3_long,opposite_signal,False,A,True,0.014712438698172091,0.004386406454489235,-0.00021310744538564425,0.5636363636363636,0.43636363636363634
MGNT,-1,2023-08-10 18:00:00+00:00,2023-08-10 19:00:00+00:00,5609.0,5665.09,112.24134126510975,-6295.616831560023,-0.007000000000000018,2,v3_short,sl,False,A,True,0.014719000892060661,0.00404880435095393,-0.00021320249776984835,0.5818181818181818,0.41818181818181815
MGNT,-1,2023-08-17 10:30:00+00:00,2023-08-17 11:00:00+00:00,5516.5,5571.665,113.32452666979219,-6251.547513739082,-0.006999999999999997,1,v3_short,sl,False,A,True,0.012236019215082026,0.0063679927958061305,-0.00011239010242001268,0.6518518518518519,0.34814814814814815
MGNT,1,2023-08-18 11:00:00+00:00,2023-08-18 12:30:00+00:00,5523.0,5605.844999999999,112.39881733012696,9311.680021714294,0.010499999999999916,3,v3_long,tp,False,A,True,0.00796812749003984,0.004600366861001741,4.346251358203549e-05,0.18181818181818182,0.8181818181818182
MGNT,1,2023-08-23 10:30:00+00:00,2023-08-23 11:30:00+00:00,5890.5,5831.595,106.49297073754201,-6272.9684412948845,-0.006999999999999969,2,v3_long,sl,False,A,True,0.011206384243144579,0.005573067432746632,-6.112573223533406e-05,0.3106060606060606,0.6893939393939394
MGNT,1,2023-08-24 14:00:00+00:00,2023-08-24 17:30:00+00:00,5757.5,5807.0,108.1903197951515,5355.420829859999,0.006018237082066868,7,v3_long,opposite_signal,False,A,True,0.015108101067986456,0.006133989866312631,-0.00028653295128939826,0.28160919540229884,0.7183908045977011
MGNT,-1,2023-08-24 18:30:00+00:00,2023-08-24 20:00:00+00:00,5821.0,5879.21,107.65410767934837,-6266.545608014872,-0.0070000000000000045,3,v3_short,sl,False,A,True,0.01752577319587629,0.0053264604810996565,-0.00020274914089347078,0.8627450980392157,0.13725490196078433
MGNT,1,2023-08-25 23:30:00+00:00,2023-08-28 09:30:00+00:00,5886.0,5910.0,105.72001000269731,2537.280240064735,0.0028542303771661565,116,v3_long,timeout,False,A,True,0.008493290300662476,0.0033918365781355313,0.0003354849668761678,0.08,0.92
MGNT,-1,2023-09-01 10:30:00+00:00,2023-09-01 10:30:00+00:00,6082.5,6041.5,102.5966420129752,4206.462322531983,0.004718454582819564,0,v3_short,opposite_signal,False,A,True,0.0063337994571029035,0.004322479813833527,0.00047626881631981574,0.5454545454545454,0.45454545454545453
MGNT,1,2023-09-01 11:30:00+00:00,2023-09-04 09:30:00+00:00,6033.5,6099.0,103.91789155045895,6806.621896555061,0.0075992375901218195,140,v3_long,timeout,False,A,True,0.012264854562028674,0.00432531270299965,0.00027595922764564516,0.10135135135135136,0.8986486486486487
MGNT,-1,2023-09-13 12:30:00+00:00,2023-09-13 17:00:00+00:00,5755.0,5735.0,109.77467141568766,2195.493428313753,0.0024326672458731533,9,v3_short,opposite_signal,False,A,True,0.011642050390964378,0.004840110983436563,0.00031190269331016505,0.43283582089552236,0.5671641791044776
MGNT,1,2023-09-13 18:30:00+00:00,2023-09-13 19:00:00+00:00,5723.5,5666.265,110.6473450505988,-6332.900793970986,-0.00699999999999996,1,v3_long,sl,False,A,True,0.014771436063281181,0.0045422377358171374,0.00021763831832881744,0.17751479289940827,0.8224852071005917
MGNT,-1,2023-09-28 10:30:00+00:00,2023-09-29 10:00:00+00:00,5513.0,5568.13,114.0680299004757,-6288.570488413237,-0.007000000000000014,47,v3_short,sl,False,A,True,0.008074027034382654,0.004290149921132646,0.00035199129093713144,0.8539325842696629,0.14606741573033707
MGNT,1,2023-09-29 11:00:00+00:00,2023-10-02 09:30:00+00:00,5519.0,5535.5,113.14641230285075,1866.9158029970374,0.002092770429425621,141,v3_long,timeout,False,A,True,0.017938032252219606,0.004120662345329039,0.00010327957963399165,0.3838383838383838,0.6161616161616161
MGNT,1,2023-10-04 10:30:00+00:00,2023-10-04 10:30:00+00:00,5436.5,5461.5,115.1038150577635,2877.5953764440874,0.0032189828014347467,0,v3_long,opposite_signal,False,A,True,0.0069891484274416035,0.003530172592807941,-0.0002253080743056833,0.6710526315789473,0.32894736842105265
MGNT,-1,2023-10-04 11:30:00+00:00,2023-10-05 10:30:00+00:00,5465.0,5459.5,114.87213308783936,631.7967319831165,0.0007044830741079598,46,v3_short,opposite_signal,False,A,True,0.010979961570134504,0.0034091009713724065,-6.587976942080703e-05,0.9,0.1
MGNT,1,2023-10-05 11:30:00+00:00,2023-10-05 14:30:00+00:00,5462.5,5407.875,115.0056686567378,-6282.184650374302,-0.006999999999999999,6,v3_long,sl,False,A,True,0.0062259659403039735,0.003003703681825968,0.00011353232008789599,0.5441176470588235,0.45588235294117646
MGNT,-1,2023-10-06 19:00:00+00:00,2023-10-09 09:30:00+00:00,5426.0,5432.0,114.96884183231998,-689.8130509939199,-0.0007740508661997789,125,v3_short,timeout,False,A,True,0.014732965009208104,0.0030119408305114954,-0.00010313075506445673,0.7625,0.2375
MGNT,-1,2023-10-13 10:30:00+00:00,2023-10-13 12:30:00+00:00,5556.0,5538.5,112.19187664623334,1963.3578413090834,0.0022048236141108714,4,v3_short,opposite_signal,False,A,True,0.007469402447804176,0.003207807891497713,0.00010889128869690424,0.3253012048192771,0.6746987951807228
MGNT,-1,2023-10-18 10:30:00+00:00,2023-10-18 13:30:00+00:00,5769.0,5737.5,108.2878171494867,3411.066240208831,0.003822152886115445,6,v3_short,opposite_signal,False,A,True,0.00459192514295616,0.0035522439785132557,0.0003916132386068272,0.2830188679245283,0.7169811320754716
MGNT,1,2023-10-18 14:30:00+00:00,2023-10-18 16:00:00+00:00,5735.5,5678.1449999999995,109.33661642464212,-6271.0016350354,-0.0070000000000000565,3,v3_long,sl,False,A,True,0.012376884860106336,0.0034049085791887264,0.0001507888085069293,0.2605633802816901,0.7394366197183099
MGNT,1,2023-10-20 10:30:00+00:00,2023-10-20 10:30:00+00:00,5815.0,5756.85,107.08692387945145,-6227.104623590063,-0.006999999999999957,0,v3_long,sl,False,A,True,0.010318142734307825,0.003530912822788672,0.0001702493551160791,0.7166666666666667,0.2833333333333333
MGNT,-1,2023-10-20 18:30:00+00:00,2023-10-23 09:30:00+00:00,5822.0,5840.0,106.20946223333857,-1911.7703202000944,-0.002164204740638956,126,v3_short,timeout,False,A,True,0.016318818174010135,0.003654417855945563,6.098084686077471e-05,0.8947368421052632,0.10526315789473684
MGNT,1,2023-10-25 10:30:00+00:00,2023-10-25 10:30:00+00:00,6037.5,6046.0,102.19681157736763,868.6728984076249,0.0009855072463768116,0,v3_long,opposite_signal,False,A,True,0.012005298890544792,0.003733794849606589,0.00021940718662030137,0.4896551724137931,0.5103448275862069
MGNT,-1,2023-10-25 11:30:00+00:00,2023-10-25 15:00:00+00:00,6069.0,6129.69,101.76657125181124,-6176.213209272383,-0.006999999999999954,7,v3_short,sl,False,A,True,0.012028340748063932,0.0038083544613291237,0.00027928818586258036,0.9178082191780822,0.0821917808219178
MGNT,1,2023-10-25 22:00:00+00:00,2023-10-26 12:30:00+00:00,6073.5,6012.765,100.97933179892183,-6132.979716807485,-0.006999999999999963,29,v3_long,sl,False,A,True,0.010866880711286737,0.0032372257055372756,0.0002461513130814193,0.030303030303030304,0.9696969696969697
MGNT,1,2023-10-27 13:00:00+00:00,2023-10-27 13:30:00+00:00,5965.0,5905.35,102.09637650946966,-6090.048858789828,-0.006999999999999958,1,v3_long,sl,False,A,True,0.008633696563285834,0.004161371440932321,-0.0003503772003352892,1.0,0.0
MGNT,-1,2023-10-27 14:30:00+00:00,2023-10-27 15:00:00+00:00,5935.5,5994.8550000000005,101.88557858273668,-6047.418516778384,-0.007000000000000056,1,v3_short,sl,False,A,True,0.016764953664700925,0.0048455037095415385,-0.00041196293176074135,0.6834170854271356,0.3165829145728643
MGNT,1,2023-11-01 10:30:00+00:00,2023-11-01 11:30:00+00:00,5865.0,5875.5,102.38851811016006,1075.0794401566807,0.0012531969309462917,2,v3_long,opposite_signal,False,A,True,0.011415914125063894,0.0048395341295709,-0.00036547963878003065,0.8208955223880597,0.1791044776119403
MGNT,-1,2023-11-01 12:30:00+00:00,2023-11-02 11:00:00+00:00,5897.0,5862.5,101.96052472853967,3517.6381031346186,0.004095302696286247,45,v3_short,opposite_signal,False,A,True,0.01475326437171443,0.004824760539804275,-0.00021197218924877057,1.0,0.0
MGNT,1,2023-11-02 12:00:00+00:00,2023-11-02 13:30:00+00:00,5872.5,5907.0,102.80520408623119,3546.779540974976,0.004112388250319285,3,v3_long,opposite_signal,False,A,True,0.009280544912728821,0.0034743679534187505,0.00015410813111962538,0.2018348623853211,0.7981651376146789
MGNT,-1,2023-11-02 14:30:00+00:00,2023-11-02 18:00:00+00:00,5901.5,5882.5,102.72071620352031,1951.693607866886,0.00225366432262984,7,v3_short,opposite_signal,False,A,True,0.00923728813559322,0.0031027884089666483,9.067796610169493e-05,0.7339449541284404,0.26605504587155965
MGNT,1,2023-11-09 10:30:00+00:00,2023-11-09 12:00:00+00:00,6095.0,6034.05,99.68375589837275,-6075.724922005801,-0.0069999999999999785,3,v3_long,sl,False,A,True,0.0071364121072922644,0.004220458773129834,0.00011894020178820441,0.8505747126436781,0.14942528735632185
MGNT,-1,2023-11-09 18:30:00+00:00,2023-11-10 10:30:00+00:00,6075.5,6042.5,99.30367620034201,3277.0213146112865,0.003802156201135709,32,v3_short,opposite_signal,False,A,True,0.02033089143139353,0.003653559698262701,-0.00015803769857601448,0.6761133603238867,0.32388663967611336
MGNT,1,2023-11-10 11:30:00+00:00,2023-11-10 11:30:00+00:00,6069.0,6081.0,99.78800456012618,1197.4560547215142,0.001384083044982699,0,v3_long,opposite_signal,False,A,True,0.007330532905032534,0.0038552385810809013,-7.248167366773742e-05,0.7528089887640449,0.24719101123595505
MGNT,-1,2023-11-10 12:30:00+00:00,2023-11-10 13:00:00+00:00,6071.5,6043.5,99.88497388021261,2796.7792686459534,0.0032281973153257025,1,v3_short,opposite_signal,False,A,True,0.012267413140128438,0.003965197622474942,-4.610571381524782e-05,0.48322147651006714,0.5167785234899329
MGNT,1,2023-11-10 14:00:00+00:00,2023-11-13 09:30:00+00:00,6036.5,6020.0,100.78843111103504,-1663.0091133320782,-0.0019133603909550238,135,v3_long,timeout,False,A,True,0.013088137839628894,0.003874601851258043,-1.2425447316103378e-05,0.06962025316455696,0.930379746835443
MGNT,-1,2023-11-15 21:30:00+00:00,2023-11-16 10:30:00+00:00,5938.0,5905.5,102.2642738333497,3323.5888995838654,0.0038312563152576623,26,v3_short,opposite_signal,False,A,True,0.0175955548072066,0.004261062740007278,-0.0002643542683953528,0.6602870813397129,0.3397129186602871
MGNT,1,2023-11-16 11:30:00+00:00,2023-11-16 19:30:00+00:00,5906.5,5847.435,103.20355036860059,-6095.717702521352,-0.006999999999999953,16,v3_long,sl,False,A,True,0.010242952679251672,0.004139780395026802,-1.9470075340726318e-05,0.18181818181818182,0.8181818181818182
MGNT,-1,2023-11-17 16:30:00+00:00,2023-11-20 09:30:00+00:00,5883.5,5903.5,102.88174859528756,-2057.634971905751,-0.002379535990481856,130,v3_short,timeout,False,A,True,0.0223487423521414,0.0033634130830464243,-0.00028042148198504415,0.935361216730038,0.06463878326996197
MGNT,1,2023-11-23 13:00:00+00:00,2023-11-23 19:30:00+00:00,6009.0,6099.134999999999,100.49333056748883,9057.966350700535,0.010499999999999919,13,v3_long,tp,False,A,True,0.008155113589082134,0.0030494433960491455,0.00016227011733377714,0.1836734693877551,0.8163265306122449
MGNT,-1,2023-11-30 10:30:00+00:00,2023-11-30 10:30:00+00:00,6353.5,6323.5,96.04233884087994,2881.270165226398,0.0033052648146690796,0,v3_short,opposite_signal,False,A,True,0.014560050369903982,0.0038183636889861533,0.0001314339682039981,0.12432432432432433,0.8756756756756757
MGNT,1,2023-11-30 11:30:00+00:00,2023-11-30 13:30:00+00:00,6326.5,6380.0,96.77102488598581,5177.2498314002405,0.005919544771990831,4,v3_long,opposite_signal,False,A,True,0.025213404995257666,0.004326741660122587,3.87290546949099e-05,0.322884012539185,0.677115987460815
MGNT,-1,2023-11-30 18:30:00+00:00,2023-12-01 10:30:00+00:00,6401.0,6342.5,96.21089889441797,5628.337585323451,0.006397437900328074,32,v3_short,opposite_signal,False,A,True,0.024919928130614794,0.004800532216485103,-4.687133817670494e-06,0.7899686520376176,0.21003134796238246
MGNT,-1,2023-12-01 11:30:00+00:00,2023-12-01 13:30:00+00:00,6378.0,6441.78,97.17557230054811,-6197.858001328934,-0.0069999999999999715,4,v3_short,sl,False,A,True,0.010269677014738162,0.004192840307913291,-7.839448102853559e-05,0.7251908396946565,0.2748091603053435
MGNT,1,2023-12-07 10:30:00+00:00,2023-12-07 10:30:00+00:00,6367.5,6303.825,96.65446400187918,-6154.472995319674,-0.00700000000000002,0,v3_long,sl,False,A,True,0.008796041781198461,0.004785634482915867,0.00011073588313830205,0.5982142857142857,0.4017857142857143
MGNT,1,2023-12-08 10:30:00+00:00,2023-12-08 14:00:00+00:00,6276.0,6213.24,97.3771778896179,-6111.39168435244,-0.007000000000000024,7,v3_long,sl,False,A,True,0.0047820196062803855,0.004049290795640649,-0.00025743205547142746,0.36666666666666664,0.6333333333333333
MGNT,1,2023-12-13 10:30:00+00:00,2023-12-13 11:00:00+00:00,6079.0,6109.0,99.8291156861647,2994.873470584941,0.003454515545319954,1,v3_long,opposite_signal,False,A,True,0.011438446346280448,0.004841895134744844,4.9374588545095457e-05,0.7553956834532374,0.2446043165467626
MGNT,-1,2023-12-13 12:00:00+00:00,2023-12-13 19:00:00+00:00,6106.0,6057.5,99.73101960131096,4836.954450663582,0.00556010481493613,14,v3_short,opposite_signal,False,A,True,0.014817846909537453,0.004581886363936461,4.093327875562833e-06,0.8784530386740331,0.12154696132596685
MGNT,-1,2023-12-13 23:00:00+00:00,2023-12-14 17:30:00+00:00,6087.0,6147.87,100.5985664204155,-6123.43473801068,-0.006999999999999987,37,v3_short,sl,False,A,True,0.010104329253265423,0.0029865143111539815,1.1500862564692352e-05,0.5609756097560976,0.43902439024390244
MGNT,1,2023-12-15 10:30:00+00:00,2023-12-15 13:30:00+00:00,6131.5,6223.4725,99.16938261183427,9120.856042266912,0.010499999999999985,6,v3_long,tp,False,A,True,0.015251610798466682,0.003925375765277263,2.936138977244923e-05,0.7967914438502673,0.20320855614973263
MGNT,-1,2023-12-19 21:00:00+00:00,2023-12-20 10:00:00+00:00,6462.0,6526.62,95.08537120304062,-6144.416687140475,-0.006999999999999988,26,v3_short,sl,False,A,True,0.01555366400990482,0.003264996393027685,0.00010059583687998143,0.8407960199004975,0.15920398009950248
MGNT,-1,2023-12-22 10:30:00+00:00,2023-12-22 15:30:00+00:00,6714.5,6653.0,90.86910075702588,5588.449696557092,0.006411497505398764,10,v3_short,opposite_signal,False,A,True,0.005291005291005291,0.0037356757029633,9.389671361502347e-05,0.2535211267605634,0.7464788732394366
MGNT,1,2023-12-22 16:30:00+00:00,2023-12-25 09:30:00+00:00,6669.0,6685.0,92.07564729654226,1473.2103567446761,0.0016794122057279953,130,v3_long,timeout,False,A,True,0.0144014401440144,0.003672947939955286,6.525652565256526e-05,0.25,0.75
MGNT,-1,2023-12-29 10:30:00+00:00,2024-01-03 09:30:00+00:00,6996.0,7015.0,87.91934520731296,-1670.4675589389462,-0.001901086335048599,238,v3_short,timeout,False,A,True,0.008076043453401944,0.003587303343846253,-2.644368210405946e-05,0.9823008849557522,0.017699115044247787
MGNT,-1,2024-01-12 10:30:00+00:00,2024-01-12 10:30:00+00:00,7115.5,7096.0,86.27846416683357,1682.4300512532548,0.0019183472700442696,0,v3_short,opposite_signal,False,A,True,0.007379295804343242,0.0038517430327432165,-0.0006866259048422236,0.4,0.6
MGNT,1,2024-01-12 11:30:00+00:00,2024-01-15 09:30:00+00:00,7086.0,7098.0,86.8038544757242,1041.6462537086904,0.0011854360711261644,140,v3_long,timeout,False,A,True,0.00910117115845915,0.0035344133055981645,0.00010088895160152391,0.05426356589147287,0.9457364341085271
MGNT,-1,2024-01-19 12:30:00+00:00,2024-01-19 15:00:00+00:00,6879.0,6947.79,89.52191673100415,-6158.212651925773,-0.006999999999999996,5,v3_short,sl,False,A,True,0.017593602326426754,0.0031378618918633697,-0.0002726281352235551,0.768595041322314,0.23140495867768596
MGNT,1,2024-01-31 10:30:00+00:00,2024-02-01 10:30:00+00:00,7001.5,7061.5,87.33992949171315,5240.395769502789,0.005998714561165464,48,v3_long,timeout,False,A,True,0.011069056630721988,0.003946159002794332,0.0003749196600728415,0.07741935483870968,0.9225806451612903
MGNT,1,2024-02-08 22:30:00+00:00,2024-02-09 10:00:00+00:00,7298.0,7225.0199999999995,84.29416187652528,-6151.787933748855,-0.007000000000000044,23,v3_long,sl,False,A,True,0.0186377963546663,0.004102437148275694,0.0003652185829793066,0.0661764705882353,0.9338235294117647
MGNT,1,2024-02-16 11:00:00+00:00,2024-02-16 16:30:00+00:00,7444.0,7369.5599999999995,82.06240486583255,-6108.725418212616,-0.007000000000000049,11,v3_long,sl,False,A,True,0.009335124244459368,0.003266968521848394,0.00010543989254533245,0.2733812949640288,0.7266187050359713
MGNT,-1,2024-02-22 14:30:00+00:00,2024-02-26 09:30:00+00:00,7258.0,7344.0,83.57625158838641,-7187.557636601232,-0.008294295949297328,182,v3_short,gap_sl,False,A,True,0.008955635161201432,0.003897812424999333,-0.00021700192890603472,0.8923076923076924,0.1076923076923077
MGNT,-1,2024-02-28 23:30:00+00:00,2024-02-29 10:00:00+00:00,7649.5,7614.5,78.64110643609226,2752.438725263229,0.0032028237139682335,21,v3_short,opposite_signal,False,A,True,0.010327472383815936,0.00364561040253527,0.0005235636316099091,0.9936708860759493,0.006329113924050633
MGNT,1,2024-02-29 11:30:00+00:00,2024-03-01 10:00:00+00:00,7595.0,7708.924999999999,79.45909819494035,9052.377761858523,0.010499999999999935,45,v3_long,tp,False,A,True,0.007965766951942068,0.0034105629764913247,6.912442396313364e-05,0.2231404958677686,0.7768595041322314
MGNT,-1,2024-03-20 18:00:00+00:00,2024-03-21 11:00:00+00:00,7629.5,7627.5,79.93033819042833,159.86067638085666,0.00018349826332000787,34,v3_short,opposite_signal,False,A,True,0.018486954241510423,0.003060011757888994,-0.00015930247803854728,0.7624113475177305,0.2375886524822695
MGNT,1,2024-03-28 19:00:00+00:00,2024-03-29 10:30:00+00:00,7744.0,7799.0,78.76296716133,4331.96319387315,0.00497159090909091,31,v3_long,opposite_signal,False,A,True,0.02427685950413223,0.004071830845107971,0.0003215392561983471,0.2872340425531915,0.7127659574468085
MGNT,-1,2024-03-29 12:30:00+00:00,2024-03-29 15:00:00+00:00,7815.0,7893.15,78.43541803365972,-6129.7279193304785,-0.006999999999999967,5,v3_short,sl,False,A,True,0.011516314779270634,0.003783047489319547,0.0001433141394753679,0.8777777777777778,0.12222222222222222
MGNT,-1,2024-04-03 10:30:00+00:00,2024-04-03 10:30:00+00:00,7836.0,7810.0,77.67763940652365,2019.618624569615,0.002322613578356304,0,v3_short,opposite_signal,False,A,True,0.0053585098239346774,0.0033439241412802807,-0.00025899464149017605,0.42857142857142855,0.5714285714285714
MGNT,-1,2024-04-03 12:30:00+00:00,2024-04-04 12:30:00+00:00,7819.5,7872.5,78.02234355479482,-4135.1842084041255,-0.004744548884199757,48,v3_short,timeout,False,A,True,0.013427968540187992,0.003314707441487266,-0.00023275145469659186,0.6142857142857143,0.38571428571428573
MGNT,1,2024-04-24 10:30:00+00:00,2024-04-24 11:00:00+00:00,8182.0,8261.0,74.2118169739471,5862.73354094182,0.006758738694695673,1,v3_long,opposite_signal,False,A,True,0.006967363403006967,0.003448194281793771,3.789267815670456e-05,0.017543859649122806,0.9824561403508771
MGNT,1,2024-04-24 12:00:00+00:00,2024-04-25 12:00:00+00:00,8185.0,8153.5,74.68601099077513,-2352.609346209417,-0.0026939523518631644,48,v3_long,timeout,False,A,True,0.013006045063198388,0.0039000407731535373,7.022043109238565e-05,0.13145539906103287,0.8685446009389671
MGNT,1,2024-04-25 13:00:00+00:00,2024-04-26 13:00:00+00:00,8135.0,8187.5,74.94261504820503,3934.487290030764,0.004517516902274124,48,v3_long,timeout,False,A,True,0.009834050399508297,0.002985903205979737,-0.00016164720344191764,0.20625,0.79375
MGNT,1,2024-05-16 13:00:00+00:00,2024-05-17 13:00:00+00:00,8362.0,8294.5,73.23754060274688,-4943.533990685414,-0.0056505620664912696,48,v3_long,timeout,False,A,True,0.018953662182361733,0.0033019914171367954,0.00024394618834080718,0.20504731861198738,0.7949526813880127
MGNT,-1,2024-05-22 10:30:00+00:00,2024-05-22 14:30:00+00:00,8166.0,8156.0,74.57161899665562,745.7161899665562,0.0008572128337007103,8,v3_short,opposite_signal,False,A,True,0.009429341170707813,0.005417822126361862,9.73548861131521e-05,0.12987012987012986,0.8701298701298701
MGNT,-1,2024-05-23 14:30:00+00:00,2024-05-24 11:00:00+00:00,8172.5,8049.912499999999,74.57618134716013,9142.107630895032,0.010500000000000044,41,v3_short,tp,False,A,True,0.018048332823493423,0.0031083788077640394,-0.0002061792597124503,0.9593220338983051,0.04067796610169491
MGNT,-1,2024-05-24 17:00:00+00:00,2024-05-27 09:30:00+00:00,8108.5,8057.0,75.9540380343211,3911.632958767537,0.004445951778997348,129,v3_short,timeout,False,A,True,0.020043169904409498,0.0032586314941362537,-0.00016897934011717548,0.9446153846153846,0.055384615384615386
MGNT,-1,2024-05-29 19:00:00+00:00,2024-05-30 10:00:00+00:00,7816.0,7894.16,79.1468091699629,-6186.114604724289,-0.006999999999999987,30,v3_short,sl,False,A,True,0.023267706468933776,0.005324106531618842,-0.0005158527230887241,0.8159340659340659,0.18406593406593408
MGNT,1,2024-05-30 12:00:00+00:00,2024-05-30 20:00:00+00:00,7775.5,7697.745,79.0021452317051,-6142.811802491238,-0.007000000000000009,16,v3_long,sl,False,A,True,0.025205761316872428,0.004727117350325235,0.00015560699588477365,0.2780612244897959,0.7219387755102041
MGNT,-1,2024-06-06 16:30:00+00:00,2024-06-07 12:00:00+00:00,6704.0,6771.04,90.98765095277135,-6099.812119873788,-0.006999999999999996,39,v3_short,sl,False,A,True,0.01849504064434335,0.005008672557430132,-0.0003676635095831158,0.9556451612903226,0.04435483870967742
MGNT,-1,2024-06-19 23:30:00+00:00,2024-06-20 10:00:00+00:00,6564.5,6630.145,92.27075078124268,-6057.1134350347165,-0.007000000000000048,21,v3_short,sl,False,A,True,0.021341463414634148,0.005492722265932336,-0.00038109756097560977,0.8892857142857142,0.11071428571428571
MGNT,1,2024-06-21 13:00:00+00:00,2024-06-24 09:30:00+00:00,6471.0,6451.0,92.9487504402632,-1858.975008805264,-0.002163498686447226,137,v3_long,timeout,False,A,True,0.023180343069077423,0.007532365242446448,-0.0002549837737598516,0.16333333333333333,0.8366666666666667
MGNT,1,2024-06-27 10:30:00+00:00,2024-06-28 10:30:00+00:00,6361.5,6386.5,94.34411406001406,2358.602851500352,0.0027509235243260237,48,v3_long,timeout,False,A,True,0.005893446487505893,0.003160915169858,-3.1431714600031436e-05,0.13333333333333333,0.8666666666666667
MGNT,1,2024-07-03 11:30:00+00:00,2024-07-03 16:30:00+00:00,6573.5,6507.765,91.55261330932224,-6018.211035888267,-0.006999999999999965,10,v3_long,sl,False,A,True,0.013614237906905993,0.0031944021904472164,7.757833891086097e-05,0.15083798882681565,0.8491620111731844
MGNT,-1,2024-07-05 13:30:00+00:00,2024-07-05 23:30:00+00:00,6484.0,6435.0,92.16661873283589,4516.164317908959,0.005289944478716842,20,v3_short,opposite_signal,False,A,True,0.016576715497301466,0.0035839530430024622,-0.00024749421742482653,0.7767441860465116,0.22325581395348837
MGNT,-1,2024-07-18 12:00:00+00:00,2024-07-18 18:00:00+00:00,5872.5,5931.225,102.30220023605692,-6007.69670886248,-0.007000000000000044,12,v3_short,sl,False,A,True,0.019157088122605363,0.005438141144481523,-0.00021966794380587484,0.8577777777777778,0.14222222222222222
MGNT,-1,2024-07-24 11:30:00+00:00,2024-07-24 14:30:00+00:00,6055.5,5964.6675,98.51610654612179,8948.46424785065,0.010500000000000051,6,v3_short,tp,False,A,True,0.011229460820741475,0.0029485325257497183,-6.605565188671456e-05,0.7573529411764706,0.2426470588235294
MGNT,1,2024-07-25 10:30:00+00:00,2024-07-25 12:00:00+00:00,5933.0,5873.67,101.60596800329277,-6028.282081635353,-0.006999999999999992,3,v3_long,sl,False,A,True,0.009945217024863043,0.0036947922189143998,-0.0003683101559207754,0.5423728813559322,0.4576271186440678
MGNT,1,2024-07-26 10:30:00+00:00,2024-07-26 11:00:00+00:00,5917.5,5929.0,101.15900476660603,1163.3285548159693,0.001360371778622729,1,v3_long,opposite_signal,False,A,True,0.006251584016220326,0.003616326063436954,-6.251584016220326e-05,0.47297297297297297,0.527027027027027
MGNT,-1,2024-07-30 21:00:00+00:00,2024-07-30 23:00:00+00:00,5742.0,5799.42,104.39267514711989,-5994.227406947632,-0.007000000000000009,4,v3_short,sl,False,A,True,0.015586903517938,0.0032583903551645487,-0.0002455590386624869,0.3687150837988827,0.6312849162011173
MGNT,1,2024-08-07 10:30:00+00:00,2024-08-07 16:00:00+00:00,5462.5,5463.5,108.96600119174354,108.96600119174354,0.00012814645308924485,11,v3_long,opposite_signal,False,A,True,0.006590389016018307,0.003498929652321547,-8.970251716247139e-05,0.013888888888888888,0.9861111111111112
MGNT,1,2024-08-08 17:00:00+00:00,2024-08-08 19:30:00+00:00,5518.5,5463.315,107.8740704377518,-5953.030577107376,-0.0070000000000000505,5,v3_long,sl,False,A,True,0.023557126030624265,0.005126451495994412,0.0004104376189181843,0.06538461538461539,0.9346153846153846
MGNT,-1,2024-08-09 16:00:00+00:00,2024-08-12 09:30:00+00:00,5538.5,5498.0,106.73213619333,4322.651515829865,0.005118714453371852,131,v3_short,timeout,False,A,True,0.027807872878295413,0.004409417630680693,-0.00036294691224268683,0.8474025974025974,0.1525974025974026
MGNT,1,2024-08-14 14:00:00+00:00,2024-08-14 19:00:00+00:00,5572.0,5516.28,106.63348750320156,-5941.617923678418,-0.007000000000000032,10,v3_long,sl,False,A,True,0.02315354931347034,0.003407317772187371,0.0002773041371264471,0.007751937984496124,0.9922480620155039
MGNT,1,2024-08-15 10:30:00+00:00,2024-08-15 11:00:00+00:00,5575.0,5519.25,105.83007351054067,-5900.026598212642,-0.007,1,v3_long,sl,False,A,True,0.008699551569506726,0.004017318694912633,-0.00020896860986547086,0.5979381443298969,0.4020618556701031
MGNT,1,2024-08-16 10:30:00+00:00,2024-08-16 18:00:00+00:00,5506.5,5451.435,106.39655701489428,-5858.726412025111,-0.006999999999999949,15,v3_long,sl,False,A,True,0.010536833499863748,0.0035894385532072,-0.00024979562176401124,0.7672413793103449,0.23275862068965517
MGNT,1,2024-08-20 21:00:00+00:00,2024-08-21 10:30:00+00:00,5230.5,5257.0,111.22675321940498,2947.508960314232,0.003546506070165376,27,v3_long,opposite_signal,False,A,True,0.02609942638623327,0.0053136372047122675,-0.00024091778202676864,0.3956043956043956,0.6043956043956044
MGNT,1,2024-08-21 11:30:00+00:00,2024-08-21 12:30:00+00:00,5233.0,5180.67,111.56789393967469,-5838.347889863168,-0.00699999999999999,2,v3_long,sl,False,A,True,0.012325625836040513,0.0053691523396805635,-4.8729218421555515e-05,0.1937984496124031,0.8062015503875969
MGNT,-1,2024-08-21 19:30:00+00:00,2024-08-22 11:00:00+00:00,5233.0,5220.0,110.78691868209698,1440.2299428672607,0.0017389642652398242,31,v3_short,opposite_signal,False,A,True,0.023026944391362505,0.004851346603132725,-7.64379896808714e-05,0.5684647302904564,0.4315352697095436
MGNT,1,2024-08-22 12:30:00+00:00,2024-08-22 14:30:00+00:00,5197.0,5145.03,111.74833681420445,-5807.5610642342335,-0.007000000000000034,4,v3_long,sl,False,A,True,0.012317167051578136,0.004646874767190643,-0.00015685142417244032,0.265625,0.734375
MGNT,-1,2024-09-04 14:30:00+00:00,2024-09-04 14:30:00+00:00,4596.0,4641.96,125.47667834605235,-5766.908136784571,-0.007000000000000006,0,v3_short,sl,False,A,True,0.01664490861618799,0.006137875852775205,-4.134029590948651e-05,0.43790849673202614,0.5620915032679739
MGNT,-1,2024-09-06 19:30:00+00:00,2024-09-09 09:30:00+00:00,4750.0,4766.0,120.55873220688578,-1928.9397153101725,-0.0023578947368421053,124,v3_short,timeout,False,A,True,0.03315091559671648,0.00553703464805372,-0.00017364765312565775,0.6857142857142857,0.3142857142857143
MGNT,1,2024-09-11 20:00:00+00:00,2024-09-11 21:30:00+00:00,4868.5,4819.815,117.34696932977104,-5713.0372018199505,-0.007000000000000058,3,v3_long,sl,False,A,True,0.020848310567936738,0.004409518729687557,-0.0001273492862277909,0.1625615763546798,0.8374384236453202
MGNT,-1,2024-09-19 18:30:00+00:00,2024-09-20 12:00:00+00:00,5623.5,5679.735,100.88105168324289,-5673.045941407131,-0.00699999999999996,35,v3_short,sl,False,A,True,0.027034237438861717,0.005588146703194251,-0.0003912850155624722,0.9111842105263158,0.08881578947368421
MGNT,-1,2024-09-24 21:00:00+00:00,2024-09-25 10:00:00+00:00,5868.5,5825.0,95.99275146659818,4175.6846887970205,0.0051887194342677,26,v3_short,opposite_signal,False,A,True,0.018830947511929107,0.004898080348307936,-0.0001976823449216087,0.8416289592760181,0.1583710407239819
MGNT,1,2024-09-25 11:00:00+00:00,2024-09-25 12:30:00+00:00,5835.0,5865.5,97.04480570075224,2959.8665738729433,0.003658954584404456,3,v3_long,opposite_signal,False,A,True,0.006854596864021935,0.005491969342262736,-0.00017136492160054837,0.625,0.375
MGNT,1,2024-09-25 17:00:00+00:00,2024-09-25 17:00:00+00:00,5826.0,5767.74,97.55035150456581,-5683.283478656025,-0.007000000000000026,0,v3_long,sl,False,A,True,0.0362169584620666,0.005362501799497248,0.00026347408170271196,0.07582938388625593,0.9241706161137441
MGNT,-1,2024-09-26 18:30:00+00:00,2024-09-27 10:00:00+00:00,5761.5,5819.115,97.95193082192851,-5643.50049430539,-0.006999999999999972,31,v3_short,sl,False,A,True,0.02594810379241517,0.0068390568092426655,-0.0005397899852468975,0.6755852842809364,0.32441471571906355
MGNT,-1,2024-09-27 11:00:00+00:00,2024-09-27 19:00:00+00:00,5766.0,5745.5,97.19035710796521,1992.4023207132868,0.0024887270204647935,16,v3_short,opposite_signal,False,A,True,0.015088449531737774,0.006173564723126671,0.000237599722511273,0.1839080459770115,0.8160919540229885
MGNT,1,2024-09-27 20:00:00+00:00,2024-09-30 09:30:00+00:00,5749.0,5775.0,97.7203480099194,2540.7290482579047,0.0031657679596451558,123,v3_long,timeout,False,A,True,0.020960166985562707,0.0043682211212048095,0.00014437293442337798,0.2697095435684647,0.7302904564315352
MGNT,1,2024-10-04 16:00:00+00:00,2024-10-04 20:00:00+00:00,5058.5,5087.0,111.41104893601013,3175.2148946762886,0.00394385687456756,8,v3_long,opposite_signal,False,A,True,0.016121056275343684,0.0049770132177985645,0.00010088022945307092,0.0736196319018405,0.9263803680981595
MGNT,-1,2024-10-04 21:00:00+00:00,2024-10-04 21:30:00+00:00,5090.5,5067.0,111.14732176978305,2611.9620615899016,0.0032315096748845888,1,v3_short,opposite_signal,False,A,True,0.01532265985659562,0.003932055600089984,-1.4733326785188095e-05,0.8397435897435898,0.16025641025641027
MGNT,1,2024-10-09 10:30:00+00:00,2024-10-09 13:00:00+00:00,4930.5,4881.195,115.12500048923914,-5676.238149121969,-0.007000000000000042,5,v3_long,sl,False,A,True,0.008824424383811745,0.005058420503289936,-0.0006035094837204584,0.6781609195402298,0.3218390804597701
MGNT,1,2024-10-10 10:30:00+00:00,2024-10-10 11:00:00+00:00,4907.5,4930.0,114.8549053913007,2584.2353713042658,0.0032093734080489047,1,v3_long,opposite_signal,False,A,True,0.009681035361255478,0.00424387662186106,-8.865790278202385e-05,0.5263157894736842,0.47368421052631576
MGNT,-1,2024-10-10 12:00:00+00:00,2024-10-10 13:00:00+00:00,4932.0,4898.0,114.65113807131411,3898.1386944246797,0.004825628548256286,2,v3_short,opposite_signal,False,A,True,0.010948905109489052,0.004221934437380635,-6.08272506082725e-05,0.9166666666666666,0.08333333333333333
MGNT,-1,2024-10-10 16:00:00+00:00,2024-10-10 19:30:00+00:00,4911.0,4960.11,115.69702912926459,-5681.881100538146,-0.006999999999999953,7,v3_short,sl,False,A,True,0.011301160659743433,0.003438626913906241,-6.515984524536754e-05,0.5405405405405406,0.4594594594594595
MGNT,-1,2024-10-11 10:30:00+00:00,2024-10-11 13:30:00+00:00,4950.5,4913.0,113.97046627278894,4273.892485229585,0.005302494697505302,6,v3_short,opposite_signal,False,A,True,0.007977380591739877,0.0037394989462300444,0.00025749772796122383,0.3924050632911392,0.6075949367088608
MGNT,1,2024-10-11 14:30:00+00:00,2024-10-14 09:30:00+00:00,4918.5,4902.0,115.32022324348934,-1902.783683517574,-0.002348276913693199,134,v3_long,timeout,False,A,True,0.014333638304361086,0.0036432560412137187,0.00012402155128596117,0.20567375886524822,0.7943262411347518
MGNT,1,2024-10-16 13:30:00+00:00,2024-10-17 12:00:00+00:00,4980.0,4930.2,113.62862840253814,-5658.70569444642,-0.007000000000000025,45,v3_long,sl,False,A,True,0.014859437751004016,0.0033100142505505894,0.0002540160642570281,0.25675675675675674,0.7432432432432432
MGNT,-1,2024-10-25 11:00:00+00:00,2024-10-25 13:30:00+00:00,4706.5,4635.9025,119.39009358515405,8428.642131877896,0.01049999999999998,5,v3_short,tp,False,A,True,0.009767491241108399,0.0035926010911369946,-0.00016562267756662066,0.8478260869565217,0.15217391304347827
MGNT,1,2024-10-25 15:00:00+00:00,2024-10-25 16:00:00+00:00,4658.5,4611.915,121.88677148241752,-5678.095249508425,-0.007000000000000005,2,v3_long,sl,False,A,True,0.025236254295532647,0.0041777519122048554,-9.664948453608248e-05,0.23404255319148937,0.7659574468085106
MGNT,-1,2024-11-07 15:30:00+00:00,2024-11-07 17:00:00+00:00,4637.5,4683.875,121.58164059863853,-5638.3485827618615,-0.007,3,v3_short,sl,False,A,True,0.017360362303213285,0.005262852308355866,-0.00010459348716842787,0.8757763975155279,0.12422360248447205
MGNT,-1,2024-11-13 16:30:00+00:00,2024-11-13 20:00:00+00:00,4881.5,4825.0,114.69589557886981,6480.318100206145,0.00810201782239066,7,v3_short,opposite_signal,False,A,True,0.020075796374065348,0.004037627249688588,-0.00020485506504148315,0.9540816326530612,0.04591836734693878
MGNT,-1,2024-11-14 10:30:00+00:00,2024-11-14 17:00:00+00:00,4845.0,4772.325,116.4962305342409,8466.363554075979,0.010500000000000027,13,v3_short,tp,False,A,True,0.013930450933856154,0.004290645460869913,0.0002115364771437416,0.4148148148148148,0.5851851851851851
MGNT,-1,2024-11-15 17:30:00+00:00,2024-11-15 18:00:00+00:00,4764.5,4812.145,119.70840411926757,-5703.506914262555,-0.007000000000000064,1,v3_short,sl,False,A,True,0.01910159529806885,0.004587497630075025,-0.0003494962216624685,0.5604395604395604,0.43956043956043955
MGNT,1,2024-12-04 12:30:00+00:00,2024-12-04 17:00:00+00:00,4554.0,4508.46,124.36500583800319,-5663.5823658626605,-0.006999999999999994,9,v3_long,sl,False,A,True,0.010979358805445762,0.006169691302931135,-0.00017786561264822136,0.28,0.72
MGNT,-1,2024-12-11 18:00:00+00:00,2024-12-12 10:30:00+00:00,4507.0,4552.07,124.78227844024023,-5623.937289301591,-0.006999999999999955,33,v3_short,sl,False,A,True,0.016642627316098967,0.003854647229986793,-0.0003095528680794408,0.7066666666666667,0.29333333333333333
MGNT,1,2024-12-12 13:30:00+00:00,2024-12-12 18:30:00+00:00,4483.5,4438.665,124.55826314880152,-5584.56972827652,-0.007000000000000005,10,v3_long,sl,False,A,True,0.018514387686816864,0.004306591927928446,0.00013049297345527546,0.030120481927710843,0.9698795180722891
MGNT,-1,2024-12-17 23:30:00+00:00,2024-12-18 17:30:00+00:00,4340.0,4383.4,127.77598479674147,-5545.477740178533,-0.006999999999999941,36,v3_short,sl,False,A,True,0.02314601566098572,0.004249565385358316,-0.00014048825426070936,0.8407960199004975,0.15920398009950248
MGNT,1,2024-12-27 17:30:00+00:00,2024-12-27 21:30:00+00:00,5163.0,5199.5,106.6561959325456,3892.9511515379145,0.00494867325198528,8,v3_long,opposite_signal,False,A,True,0.013365617433414044,0.004092790752167461,0.0003215496368038741,0.17391304347826086,0.8260869565217391
MGNT,-1,2024-12-27 22:30:00+00:00,2024-12-28 10:00:00+00:00,5194.5,5246.445,106.53402741472895,-5533.910054058065,-0.006999999999999961,23,v3_short,sl,False,A,True,0.011358167292328424,0.0031733315945215008,0.00012802002117624412,0.7372881355932204,0.2627118644067797
MGNT,1,2025-01-10 11:00:00+00:00,2025-01-10 15:00:00+00:00,4811.0,4869.5,114.2210077671937,6681.928954380831,0.008511743920182913,8,v3_long,opposite_signal,False,A,True,0.011637572734829594,0.008577346955192664,0.0003117206982543641,0.125,0.875
MGNT,-1,2025-01-10 16:00:00+00:00,2025-01-10 17:00:00+00:00,4862.5,4911.125,113.9731863518839,-5541.946186360355,-0.007,2,v3_short,sl,False,A,True,0.019736842105263157,0.0056239388794567064,2.5699013157894735e-05,0.859375,0.140625
MGNT,-1,2025-01-14 23:00:00+00:00,2025-01-15 10:00:00+00:00,4728.0,4697.5,116.39493576683233,3550.0455408883863,0.004515651438240271,22,v3_short,opposite_signal,False,A,True,0.010258037225042302,0.005175072321379838,-9.094754653130288e-05,0.5876288659793815,0.41237113402061853
MGNT,1,2025-01-15 11:00:00+00:00,2025-01-15 19:00:00+00:00,4671.0,4708.5,118.34731067955578,4438.024150483341,0.005619781631342324,16,v3_long,opposite_signal,False,A,True,0.013166345536287732,0.005562806886692771,0.00016163562406336973,0.0,1.0
MGNT,-1,2025-01-15 20:00:00+00:00,2025-01-16 09:30:00+00:00,4727.0,4792.0,117.60247621949298,-7644.160954267044,-0.009625555320499258,27,v3_short,gap_sl,False,A,True,0.02104929130526761,0.004544927219746549,1.3750793314998942e-05,0.9447236180904522,0.05527638190954774
MGNT,1,2025-01-16 19:30:00+00:00,2025-01-17 10:00:00+00:00,4731.0,4683.69,116.37201277141332,-5505.559924215611,-0.007000000000000059,29,v3_long,sl,False,A,True,0.02346723044397463,0.005718475073313783,0.00022727272727272727,0.45045045045045046,0.5495495495495496
MGNT,-1,2025-01-22 10:30:00+00:00,2025-01-22 14:30:00+00:00,4685.0,4731.85,116.69201717707695,-5467.021004746098,-0.007000000000000055,8,v3_short,sl,False,A,True,0.01056563500533618,0.004706165869108686,0.00021451440768409816,0.31313131313131315,0.6868686868686869
MGNT,1,2025-01-22 15:30:00+00:00,2025-01-23 11:00:00+00:00,4696.5,4705.0,115.59143740472334,982.5272179401484,0.0012669008836367506,39,v3_long,opposite_signal,False,A,True,0.014375465871579172,0.0043246622538394685,0.00018741348099243958,0.4,0.6
MGNT,1,2025-01-23 12:00:00+00:00,2025-01-23 23:00:00+00:00,4696.5,4704.5,115.73788029891224,925.903042391298,0.0011923773022463537,22,v3_long,opposite_signal,False,A,True,0.00702576112412178,0.0035987280831278716,3.087076857568661e-05,0.3484848484848485,0.6515151515151515
MGNT,1,2025-01-24 14:30:00+00:00,2025-01-27 06:30:00+00:00,4690.0,4668.0,116.03647909456618,-2552.802540080456,-0.0032835820895522395,128,v3_long,timeout,False,A,True,0.015138592750533048,0.0032980259990370727,8.528784648187633e-05,0.28169014084507044,0.7183098591549296
MGNT,1,2025-01-29 17:00:00+00:00,2025-01-30 10:00:00+00:00,4658.5,4711.5,116.43750674583211,6171.187857529102,0.007963936889556725,34,v3_long,opposite_signal,False,A,True,0.020824388149420354,0.005027676882550219,0.0004497638471446973,0.02577319587628866,0.9742268041237113
MGNT,-1,2025-01-30 11:00:00+00:00,2025-01-31 09:00:00+00:00,4698.0,4744.9800000000005,116.37802398376529,-5467.439566757348,-0.00700000000000007,44,v3_short,sl,False,A,True,0.010749255002128566,0.004619562090826458,8.620689655172414e-05,0.4752475247524752,0.5247524752475248
MGNT,1,2025-01-31 12:30:00+00:00,2025-01-31 16:30:00+00:00,4719.0,4671.81,115.0491097645686,-5429.167489789947,-0.006999999999999941,8,v3_long,sl,False,A,True,0.016422970968425515,0.004178049632595087,0.00015787243059970334,0.23870967741935484,0.7612903225806451
MGNT,1,2025-02-05 09:30:00+00:00,2025-02-05 12:00:00+00:00,4588.0,4542.12,117.50573926245559,-5391.1633173614755,-0.007000000000000017,5,v3_long,sl,False,A,True,0.011115954664341761,0.003472631306109946,-0.00018090671316477766,0.6274509803921569,0.37254901960784315
MGNT,-1,2025-02-05 16:30:00+00:00,2025-02-05 17:30:00+00:00,4600.0,4646.0,116.37880813347678,-5353.425174139932,-0.006999999999999999,2,v3_short,sl,False,A,True,0.02,0.004576968272620446,-0.00025217391304347824,0.8043478260869565,0.1956521739130435
MGNT,1,2025-02-06 18:00:00+00:00,2025-02-07 07:00:00+00:00,4694.0,4694.5,113.24991900129854,56.62495950064927,7.456327226246272e-05,26,v3_long,opposite_signal,False,A,True,0.013634426927993182,0.004588951968585543,0.00047507456327226246,0.609375,0.390625
MGNT,-1,2025-02-07 08:30:00+00:00,2025-02-07 12:30:00+00:00,4701.0,4675.0,113.08971649941411,2940.332628984767,0.003871516698574771,8,v3_short,opposite_signal,False,A,True,0.006913422676026377,0.003771480478564078,3.190810465858328e-06,0.9230769230769231,0.07692307692307693
MGNT,1,2025-02-07 13:30:00+00:00,2025-02-07 19:30:00+00:00,4689.0,4642.11,113.8180827690414,-5336.929901040388,-0.007000000000000049,12,v3_long,sl,False,A,True,0.01386370907539725,0.003752712934754099,6.611922789804841e-05,0.2923076923076923,0.7076923076923077
MGNT,-1,2025-02-19 09:30:00+00:00,2025-02-19 11:00:00+00:00,5146.0,5115.0,102.98428666407051,3192.5128865861857,0.004216867469879518,3,v3_short,opposite_signal,False,A,True,0.008840959875643642,0.006664198445020363,-9.035266686097348e-05,0.7472527472527473,0.25274725274725274
MGNT,1,2025-02-19 12:00:00+00:00,2025-02-19 20:00:00+00:00,5105.5,5182.0824999999995,104.23893804601256,7982.878472908707,0.010499999999999935,16,v3_long,tp,False,A,True,0.01636292377033118,0.006787210490914195,-9.700176366843033e-05,0.16766467065868262,0.8323353293413174
MGNT,1,2025-02-25 18:00:00+00:00,2025-02-26 07:00:00+00:00,5365.0,5410.5,100.23856721807144,4560.85480842225,0.0059366262814538676,26,v3_long,opposite_signal,False,A,True,0.024135681669928244,0.004410057247630633,0.00015376013419066256,0.1891891891891892,0.8108108108108109
MGNT,-1,2025-02-26 08:00:00+00:00,2025-02-26 09:30:00+00:00,5425.5,5350.0,99.70924550563981,7528.048035675806,0.009741037692378583,3,v3_short,opposite_signal,False,A,True,0.009672961768770152,0.004603682447993826,0.00012620912022109627,0.8571428571428571,0.14285714285714285
MGNT,1,2025-02-26 10:30:00+00:00,2025-02-26 12:30:00+00:00,5357.0,5303.43,101.96791956614184,-5462.421451158189,-0.006999999999999961,4,v3_long,sl,False,A,True,0.01623285754268122,0.0049873551132996975,1.1195074167366358e-05,0.12643678160919541,0.8735632183908046
MGNT,-1,2025-03-05 09:30:00+00:00,2025-03-05 11:00:00+00:00,5035.5,5085.8550000000005,107.71888592989994,-5424.1845010001625,-0.007000000000000066,3,v3_short,sl,False,A,True,0.009234435507893953,0.005259951640648692,0.0003773210207526561,0.6774193548387096,0.3225806451612903
MGNT,1,2025-03-05 22:00:00+00:00,2025-03-05 22:30:00+00:00,5049.5,4999.005,106.66828813730288,-5386.215209493097,-0.006999999999999984,1,v3_long,sl,False,A,True,0.02356202356202356,0.0050757618325185895,0.00021879021879021878,0.23949579831932774,0.7605042016806722
MGNT,-1,2025-03-07 08:30:00+00:00,2025-03-07 12:30:00+00:00,5038.0,5001.0,106.16339227921115,3928.0455143308127,0.005140928940055577,8,v3_short,opposite_signal,False,A,True,0.0115136476426799,0.005335658238884045,-4.466501240694789e-05,0.8793103448275862,0.1206896551724138
MGNT,-1,2025-03-11 18:00:00+00:00,2025-03-12 09:30:00+00:00,4886.0,4867.5,110.02881747087545,2035.533123211196,0.0026504297994269345,31,v3_short,opposite_signal,False,A,True,0.02343670044007778,0.0045252498430269385,-0.0003387575478456658,0.7510917030567685,0.24890829694323144
MGNT,1,2025-03-12 10:30:00+00:00,2025-03-13 10:00:00+00:00,4856.5,4807.935,110.99056426417077,-5390.256753489409,-0.006999999999999943,47,v3_long,sl,False,A,True,0.017294626312538603,0.005283541725790027,0.00013382746551369158,0.19642857142857142,0.8035714285714286
MGNT,1,2025-03-17 21:00:00+00:00,2025-03-18 08:30:00+00:00,4973.5,5017.0,107.62088984045496,4681.508708059791,0.006122448979591838,23,v3_long,opposite_signal,False,A,True,0.01839380842295708,0.004575056928265187,0.0002110764900995075,0.23497267759562843,0.7650273224043715
MGNT,1,2025-03-18 11:30:00+00:00,2025-03-18 20:00:00+00:00,4985.5,4935.6449999999995,108.01916592461028,-5385.295517171497,-0.007000000000000066,17,v3_long,sl,False,A,True,0.010430247718383311,0.003800209797602236,5.9171597633136094e-05,0.14423076923076922,0.8557692307692307
MGNT,1,2025-03-19 22:00:00+00:00,2025-03-20 15:00:00+00:00,4903.5,4854.465,109.05676452638411,-5347.598448551229,-0.0069999999999999785,34,v3_long,sl,False,A,True,0.017127128147619533,0.0045462936685283515,-7.442144968906106e-05,0.10714285714285714,0.8928571428571429
MGNT,-1,2025-03-21 10:30:00+00:00,2025-03-21 18:00:00+00:00,4894.5,4821.0824999999995,108.49249687223183,7965.247889117131,0.010500000000000068,15,v3_short,tp,False,A,True,0.011543569312493616,0.003782513742673105,-4.29053018694453e-05,0.8053097345132744,0.19469026548672566
MGNT,1,2025-03-26 18:00:00+00:00,2025-03-27 07:30:00+00:00,4644.5,4598.055,115.53282365454206,-5365.921994635172,-0.006999999999999956,27,v3_long,sl,False,A,True,0.03067484662576687,0.004988844188069245,-3.013669142180605e-05,0.3719298245614035,0.6280701754385964
MGNT,1,2025-03-30 10:30:00+00:00,2025-03-30 12:30:00+00:00,4366.5,4380.0,122.02818139637606,1647.3804488510768,0.002164204740638956,4,v3_long,opposite_signal,False,A,True,0.006870491240123669,0.0043567638895704855,-0.0002759647314783007,0.55,0.45
MGNT,-1,2025-03-30 13:30:00+00:00,2025-03-31 08:30:00+00:00,4387.5,4431.375,121.70694481628986,-5339.8922038147175,-0.007,38,v3_short,sl,False,A,True,0.008659981768459436,0.0031579632764682903,-0.00010711030082041932,0.9868421052631579,0.013157894736842105
MGNT,-1,2025-03-31 21:00:00+00:00,2025-04-01 07:30:00+00:00,4423.5,4467.735,119.87143570448772,-5302.512958387975,-0.006999999999999948,21,v3_short,sl,False,A,True,0.01945261253110156,0.007749065978207459,0.00015268038905225063,0.6918604651162791,0.3081395348837209
MGNT,-1,2025-04-12 12:30:00+00:00,2025-04-13 12:30:00+00:00,4611.0,4608.5,114.19204874602687,285.4801218650672,0.00037952721752331387,48,v3_short,timeout,False,A,True,0.005963999132509217,0.005215438537578441,-0.00011602689221427023,0.9636363636363636,0.03636363636363636
MGNT,1,2025-04-15 16:00:00+00:00,2025-04-15 22:00:00+00:00,4479.0,4487.5,117.60200331619457,999.6170281876539,0.0013284215226613085,12,v3_long,opposite_signal,False,A,True,0.017869108778199687,0.005683704700903718,-0.00048134911771275404,0.5125,0.4875
MGNT,-1,2025-04-15 23:00:00+00:00,2025-04-16 09:00:00+00:00,4484.0,4452.0,117.62691899486323,3764.0614078356234,0.0049955396966993755,20,v3_short,opposite_signal,False,A,True,0.016172206111978584,0.004747665354401915,-0.00019852777158153024,0.6206896551724138,0.3793103448275862
MGNT,-1,2025-04-16 12:30:00+00:00,2025-04-16 13:00:00+00:00,4482.5,4527.325,118.25408762040193,-5300.739477584495,-0.0069999999999999715,1,v3_short,sl,False,A,True,0.01728945900725042,0.004657753124010793,-6.134969325153375e-05,0.8838709677419355,0.11612903225806452
MGNT,1,2025-04-17 17:00:00+00:00,2025-04-17 17:00:00+00:00,4534.0,4488.66,116.09250774683338,-5263.634301241442,-0.007000000000000022,0,v3_long,sl,False,A,True,0.01743159752868491,0.004454807852866106,0.00034642541924095324,0.2848101265822785,0.7151898734177216
MGNT,-1,2025-04-18 16:30:00+00:00,2025-04-21 06:30:00+00:00,4521.0,4501.0,115.61134397550839,2312.2268795101677,0.0030966600309666,124,v3_short,timeout,False,A,True,0.017918371861519743,0.005204518753904884,-0.0002643512885742728,0.7530864197530864,0.24691358024691357
MGNT,1,2025-04-23 22:00:00+00:00,2025-04-24 07:00:00+00:00,4544.5,4545.5,115.3696655141227,115.3696655141227,0.0001540323467928265,18,v3_long,opposite_signal,False,A,True,0.012655441839991196,0.0048063910724854934,-0.0002079894354572466,0.41739130434782606,0.5826086956521739
MGNT,-1,2025-04-26 10:30:00+00:00,2025-04-26 16:30:00+00:00,4661.0,4645.0,112.50336916858839,1800.0539066974143,0.002402917828792105,12,v3_short,opposite_signal,False,A,True,0.006114567689337052,0.004069457613276952,0.00022741900879639563,0.7368421052631579,0.2631578947368421
MGNT,1,2025-04-26 17:30:00+00:00,2025-04-27 17:30:00+00:00,4642.0,4635.0,113.23529543935344,-792.6470680754741,-0.0010555794915984489,48,v3_long,timeout,False,A,True,0.016372253339077984,0.003898486469958722,9.263248599741491e-05,0.3684210526315789,0.631578947368421
MGNT,-1,2025-05-06 11:30:00+00:00,2025-05-06 12:30:00+00:00,4276.0,4318.76,122.79779899013701,-5250.833884818286,-0.007000000000000037,2,v3_short,sl,False,A,True,0.02993101835613235,0.005046435421742331,-0.0004688413422191044,0.984375,0.015625
MGNT,-1,2025-05-07 09:30:00+00:00,2025-05-07 09:30:00+00:00,4304.5,4280.5,121.13086415668558,2907.140739760454,0.0039028923219886166,0,v3_short,opposite_signal,False,A,True,0.008833100883310088,0.004890874137736062,0.0003451882845188285,0.4342105263157895,0.5657894736842105
MGNT,1,2025-05-07 10:30:00+00:00,2025-05-07 13:30:00+00:00,4276.0,4315.5,122.41412611793393,4835.357981658391,0.006466323666978486,6,v3_long,opposite_signal,False,A,True,0.016134689582602595,0.004837878917149349,0.0004337659300830118,0.2753623188405797,0.7246376811594203
MGNT,-1,2025-05-07 14:30:00+00:00,2025-05-07 16:30:00+00:00,4309.0,4283.0,122.26213828439226,3178.8155953941987,0.004223717799953585,4,v3_short,opposite_signal,False,A,True,0.0164771408679508,0.004472097997277854,0.00026688326757948476,0.7323943661971831,0.2676056338028169
MGNT,1,2025-05-07 17:30:00+00:00,2025-05-08 17:30:00+00:00,4329.0,4333.5,122.211301636457,549.9508573640564,0.0007276507276507277,48,v3_long,timeout,False,A,True,0.0174364896073903,0.00456900318332189,0.00027598152424942264,0.9536423841059603,0.046357615894039736
MGNT,1,2025-05-08 18:30:00+00:00,2025-05-10 09:30:00+00:00,4320.5,4350.0,122.54083795495363,3614.954719671132,0.004779539405161439,78,v3_long,timeout,False,A,True,0.01723938447298392,0.0034428736268375284,0.00023140113386555593,0.174496644295302,0.825503355704698
MGNT,-1,2025-05-15 20:00:00+00:00,2025-05-16 11:30:00+00:00,4332.0,4267.0199999999995,122.79966728719921,7979.5223803222625,0.010500000000000077,31,v3_short,tp,False,A,True,0.016855229739090278,0.003363557508096876,-0.0002574463172477488,0.9383561643835616,0.06164383561643835
MGNT,-1,2025-05-17 11:30:00+00:00,2025-05-18 10:00:00+00:00,4274.5,4317.245,125.7582932166037,-5375.538243543711,-0.006999999999999982,45,v3_short,sl,False,A,True,0.004095962551199532,0.00319371826572793,-0.00017554125219426564,0.9428571428571428,0.05714285714285714
MGNT,-1,2025-05-20 17:30:00+00:00,2025-05-21 09:30:00+00:00,4256.5,4226.5,125.40607249709666,3762.1821749129,0.004933630917420416,32,v3_short,opposite_signal,False,A,True,0.017855045224950076,0.003352583171683371,-0.0002549042640667215,0.7171052631578947,0.28289473684210525
MGNT,-1,2025-05-28 07:30:00+00:00,2025-05-28 14:30:00+00:00,3760.0,3737.0,142.66608380487523,3281.31992751213,0.00428191489361702,14,v3_short,opposite_signal,False,A,True,0.009707446808510638,0.0047872340425531915,1.3297872340425533e-06,0.8767123287671232,0.1232876712328767
MGNT,1,2025-05-28 15:30:00+00:00,2025-05-28 20:30:00+00:00,3756.0,3767.0,143.42955246421442,1577.7250771063586,0.002050053248136315,10,v3_long,opposite_signal,False,A,True,0.017305644302449415,0.004090752093946982,0.00018370607028753993,0.4307692307692308,0.5692307692307692
MGNT,-1,2025-05-28 21:30:00+00:00,2025-05-29 07:30:00+00:00,3774.5,3812.245,143.01915660605746,-5398.258066095624,-0.00699999999999998,20,v3_short,sl,False,A,True,0.01258945136496157,0.004183351122126633,6.891068115557911e-05,0.8842105263157894,0.11578947368421053
MGNT,1,2025-05-29 21:30:00+00:00,2025-05-30 19:00:00+00:00,3774.0,3803.5,142.03683782811257,4190.086715929321,0.005471648118706942,43,v3_long,opposite_signal,False,A,True,0.04703232644409115,0.005593033414973002,3.97456279809221e-05,0.5211267605633803,0.4788732394366197
MGNT,-1,2025-05-30 20:00:00+00:00,2025-06-01 09:30:00+00:00,3800.5,3819.5,141.8182046216149,-2694.5458878106833,-0.0034995395342718063,75,v3_short,timeout,False,A,True,0.013024602026049204,0.004889114874643095,-0.00014866464938823837,0.5757575757575758,0.42424242424242425
MGNT,-1,2025-06-02 11:30:00+00:00,2025-06-02 17:30:00+00:00,3800.0,3838.0,141.34050119552106,-5370.9390454298,-0.007,12,v3_short,sl,False,A,True,0.028026315789473684,0.004736842105263158,-0.00031578947368421053,0.9107981220657277,0.0892018779342723
MGNT,1,2025-06-04 22:30:00+00:00,2025-06-05 18:00:00+00:00,3933.0,3959.0,135.60494462526805,3525.728560256969,0.004627510806000509,39,v3_long,opposite_signal,False,A,True,0.017670989066870074,0.004229630087753658,0.00033562166285278414,0.07913669064748201,0.920863309352518
MGNT,-1,2025-06-05 19:00:00+00:00,2025-06-06 09:00:00+00:00,3960.0,3999.6,135.30360030387854,-5358.0225720335775,-0.006999999999999984,28,v3_short,sl,False,A,True,0.00946969696969697,0.0030610155610155607,-4.419191919191919e-05,0.64,0.36
MGNT,1,2025-06-06 15:30:00+00:00,2025-06-06 15:30:00+00:00,3937.5,3898.125,135.12422638804713,-5320.5164140293555,-0.007,0,v3_long,sl,False,A,True,0.030456852791878174,0.004973247359034161,0.00023223350253807106,0.020833333333333332,0.9791666666666666
MGNT,-1,2025-06-17 12:30:00+00:00,2025-06-18 12:30:00+00:00,3714.5,3695.0,142.2337541830973,2773.558206570397,0.0036747879930004034,48,v3_short,timeout,False,A,True,0.024491993002287715,0.0037279912128519313,-0.00031624276678778095,0.9615384615384616,0.038461538461538464
MGNT,1,2025-06-26 18:30:00+00:00,2025-06-27 07:00:00+00:00,3623.0,3586.77,146.36179151468787,-5302.687706577144,-0.007000000000000002,25,v3_long,sl,False,A,True,0.01752449289361115,0.0032632328754862217,0.00019732303021940113,0.15748031496062992,0.84251968503937
MGNT,1,2025-07-03 10:30:00+00:00,2025-07-03 11:30:00+00:00,3652.5,3680.0,144.16341937388373,3964.4940327818026,0.0052703627652292955,2,v3_long,opposite_signal,False,A,True,0.009034907597535934,0.004151173761030024,-0.00039972621492128676,0.13636363636363635,0.8636363636363636
MGNT,1,2025-07-03 17:30:00+00:00,2025-07-04 07:00:00+00:00,3657.5,3620.925,144.72509503378197,-5293.320350860549,-0.0069999999999999655,27,v3_long,sl,False,A,True,0.022553307818480042,0.004011939769184165,-0.00019682886823400766,0.30303030303030304,0.696969696969697
MGNT,1,2025-07-05 11:00:00+00:00,2025-07-06 11:00:00+00:00,3605.0,3610.0,145.80491285449517,729.0245642724758,0.0009708737864077668,48,v3_long,timeout,False,A,True,0.010535070695869144,0.002951250704275736,-0.0001025783199334627,0.5263157894736842,0.47368421052631576
MGNT,1,2025-07-07 18:30:00+00:00,2025-07-08 18:30:00+00:00,3619.5,3608.5,145.3617980481961,-1598.979778530157,-0.0021273656582400883,48,v3_long,timeout,False,A,True,0.018656716417910446,0.0033525786704338392,0.0001451077943615257,0.1925925925925926,0.8074074074074075
MGNT,1,2025-07-10 12:30:00+00:00,2025-07-11 08:00:00+00:00,3499.5,3464.505,150.02650155464346,-5250.177421904731,-0.0069999999999999785,39,v3_long,sl,False,A,True,0.010861797913391454,0.004241199896480731,-0.00031727883378590826,0.15789473684210525,0.8421052631578947
MGNT,1,2025-07-12 10:30:00+00:00,2025-07-13 10:30:00+00:00,3413.5,3410.5,152.72963761392748,-458.18891284178244,-0.0006152043357257947,48,v3_long,timeout,False,A,True,0.004101963082332259,0.003969641692579606,-0.00040726633460298853,0.8928571428571429,0.10714285714285714
MGNT,-1,2025-07-14 13:00:00+00:00,2025-07-14 18:00:00+00:00,3378.5,3412.285,154.21692637447154,-5210.218857561498,-0.006999999999999968,10,v3_short,sl,False,A,True,0.02042326476246855,0.003710829373105531,-0.00023383158206304573,0.6159420289855072,0.38405797101449274
MGNT,-1,2025-07-16 13:00:00+00:00,2025-07-16 16:00:00+00:00,3556.0,3591.56,145.49345684922923,-5173.747325558584,-0.006999999999999989,6,v3_short,sl,False,A,True,0.011109548586696667,0.0038957534387150474,0.00012375193362396288,0.8987341772151899,0.10126582278481013
MGNT,-1,2025-07-18 13:00:00+00:00,2025-07-19 10:00:00+00:00,3613.0,3649.13,142.195712545798,-5137.531094279697,-0.007000000000000021,42,v3_short,sl,False,A,True,0.017160254636036536,0.0036392606279127175,-6.781068364240243e-05,0.7741935483870968,0.22580645161290322
MGNT,1,2025-07-22 08:30:00+00:00,2025-07-22 13:00:00+00:00,3671.5,3681.5,138.95052094837868,1389.5052094837868,0.0019065776930409911,9,v3_long,opposite_signal,False,A,True,0.006129955046996322,0.0035638417330284924,3.8141942514643785e-05,0.4888888888888889,0.5111111111111111
MGNT,-1,2025-07-22 14:30:00+00:00,2025-07-23 10:00:00+00:00,3698.0,3734.98,138.21781809318847,-5111.2949130861125,-0.007000000000000004,39,v3_short,sl,False,A,True,0.011898323418063819,0.003296157163112274,8.788534342888048e-05,0.9772727272727273,0.022727272727272728
MGNT,1,2025-07-23 21:30:00+00:00,2025-07-24 11:00:00+00:00,3702.5,3665.475,137.08348004576658,-5075.51584869452,-0.0070000000000000175,27,v3_long,sl,False,A,True,0.01268727223646916,0.003053262467488409,0.00012417330273991093,0.30851063829787234,0.6914893617021277
MGNT,1,2025-07-25 17:30:00+00:00,2025-07-26 16:30:00+00:00,3671.0,3687.5,137.29194327849757,2265.31706409521,0.0031462816671206754,46,v3_long,opposite_signal,False,A,True,0.03636116028871034,0.004225388400793549,8.171047255889963e-05,0.2846441947565543,0.7153558052434457
MGNT,-1,2025-07-26 17:30:00+00:00,2025-07-27 17:30:00+00:00,3686.5,3663.5,137.1448381175183,3154.331276702921,0.00436728604367286,48,v3_short,timeout,False,A,True,0.004608919615019655,0.0028029577544853882,-8.540056933712892e-05,0.6470588235294118,0.35294117647058826
MGNT,-1,2025-07-29 14:30:00+00:00,2025-07-29 20:30:00+00:00,3625.5,3571.1175,140.06136467078284,7616.887164208871,0.01050000000000003,12,v3_short,tp,False,A,True,0.017374517374517374,0.005262294837584413,-0.0004040264754550469,0.9126984126984127,0.0873015873015873
MGNT,1,2025-07-30 07:30:00+00:00,2025-07-30 09:30:00+00:00,3590.0,3615.5,142.9315595066489,3644.754767419547,0.004972144846796658,4,v3_long,opposite_signal,False,A,True,0.009052924791086351,0.004268614017917639,0.00010584958217270196,0.4153846153846154,0.5846153846153846
MGNT,-1,2025-07-30 11:30:00+00:00,2025-07-30 12:30:00+00:00,3615.5,3588.5,142.6291320608666,3850.986565643398,0.005227492739593417,2,v3_short,opposite_signal,False,A,True,0.012024879060124396,0.004045648966174191,2.48790601243953e-05,0.8160919540229885,0.1839080459770115
MGNT,1,2025-07-30 13:30:00+00:00,2025-07-30 23:00:00+00:00,3591.0,3555.09,144.35291494347356,-5183.713175620114,-0.006999999999999971,19,v3_long,sl,False,A,True,0.01211361737677527,0.003970135549082918,2.5062656641604008e-05,0.25287356321839083,0.7471264367816092
MGNT,1,2025-08-01 07:30:00+00:00,2025-08-01 10:00:00+00:00,3548.5,3540.5,145.05924146514855,-1160.4739317211884,-0.0015781316049034806,5,v3_long,opposite_signal,False,A,True,0.009732016925246827,0.0031868257538215225,-0.000153737658674189,0.7391304347826086,0.2608695652173913
MGNT,-1,2025-08-01 11:30:00+00:00,2025-08-04 06:30:00+00:00,3537.5,3546.0,145.28067465353348,-1234.8857345550346,-0.0016819787985865723,134,v3_short,timeout,False,A,True,0.0077738515901060075,0.0029681978798586574,-0.00018515901060070673,0.2727272727272727,0.7272727272727273
MGNT,-1,2025-08-06 08:00:00+00:00,2025-08-06 21:30:00+00:00,3608.0,3644.08,142.20231889486868,-5130.659665726852,-0.006999999999999986,27,v3_short,sl,False,A,True,0.00789911308203991,0.0030974710852759635,-5.543237250554324e-06,0.631578947368421,0.3684210526315789
MGNT,1,2025-08-07 23:30:00+00:00,2025-08-08 07:00:00+00:00,3659.0,3676.5,139.23872774164454,2436.6777354787796,0.0033479092648264555,15,v3_long,opposite_signal,False,A,True,0.017610921501706484,0.005475509639332164,0.00022935153583617746,0.46511627906976744,0.5348837209302325
MGNT,-1,2025-08-08 08:00:00+00:00,2025-08-08 10:30:00+00:00,3668.5,3705.185,139.3431045990221,-5111.801792215118,-0.006999999999999991,5,v3_short,sl,False,A,True,0.015821058374249863,0.005116409371728521,0.00012684124386252047,0.6637931034482759,0.33620689655172414
MGNT,-1,2025-08-14 11:00:00+00:00,2025-08-14 14:00:00+00:00,3758.0,3795.58,135.07235709605163,-5076.019179669611,-0.006999999999999988,6,v3_short,sl,False,A,True,0.013437998935604045,0.0034736705838355653,-0.00019159127195316657,0.7326732673267327,0.26732673267326734
MGNT,1,2025-08-15 16:00:00+00:00,2025-08-16 09:30:00+00:00,3797.0,3748.5,132.74919793025896,-6438.33609961756,-0.008941269423228865,35,v3_long,gap_sl,False,A,True,0.013429888084265965,0.0031208298489404478,0.0002817643186306781,0.19607843137254902,0.803921568627451
MGNT,1,2025-08-17 10:30:00+00:00,2025-08-18 10:30:00+00:00,3706.0,3740.0,134.79273320870507,4582.952929095973,0.006422018348623854,48,v3_long,timeout,False,A,True,0.011199568209418432,0.004028760336950865,-0.00034543246525435166,0.08433734939759036,0.9156626506024096
MGNT,1,2025-08-20 07:30:00+00:00,2025-08-20 08:30:00+00:00,3826.0,3828.0,131.4035379827047,262.8070759654094,0.00036591740721380033,2,v3_long,opposite_signal,False,A,True,0.01149725633655605,0.004371499798727392,0.00019728246668408676,0.7954545454545454,0.20454545454545456
MGNT,-1,2025-08-20 09:30:00+00:00,2025-08-20 12:00:00+00:00,3830.0,3800.0,131.31433453655455,3939.4300360966367,0.005483028720626631,5,v3_short,opposite_signal,False,A,True,0.01188144666405536,0.003998122682023974,-2.6113069591330463e-05,0.8571428571428571,0.14285714285714285
MGNT,1,2025-08-20 13:00:00+00:00,2025-08-20 16:30:00+00:00,3795.5,3757.545,133.23448881577437,-5056.915023002706,-0.006999999999999986,7,v3_long,sl,False,A,True,0.01211642302120374,0.003328100917986339,-6.585012511523772e-05,0.10869565217391304,0.8913043478260869
MGNT,-1,2025-08-21 14:30:00+00:00,2025-08-21 18:00:00+00:00,3760.5,3704.0924999999997,133.53321680206614,7532.2749267625795,0.010500000000000047,7,v3_short,tp,False,A,True,0.015296621441872838,0.0036992299562131964,-0.0003844107475392392,0.8347826086956521,0.16521739130434782
MGNT,-1,2025-08-22 20:30:00+00:00,2025-08-24 09:30:00+00:00,3705.0,3713.0,136.9566138280441,-1095.652910624353,-0.0015114709851551955,74,v3_short,timeout,False,A,True,0.010526315789473684,0.0030419083050661996,-0.00011740890688259109,0.5128205128205128,0.48717948717948717
MGNT,1,2025-08-28 21:30:00+00:00,2025-08-29 13:00:00+00:00,3686.0,3741.2899999999995,137.4545027659974,7599.859457931929,0.010499999999999907,31,v3_long,tp,False,A,True,0.021296798697775367,0.0030257129076988005,0.00010851871947911015,0.27388535031847133,0.7261146496815286
MGNT,1,2025-08-30 10:30:00+00:00,2025-08-30 13:00:00+00:00,3667.5,3630.825,139.59841821841002,-5119.7719881602125,-0.007000000000000033,5,v3_long,sl,False,A,True,0.005998636673483299,0.004912373287595927,-2.8629856850715746e-05,0.11363636363636363,0.8863636363636364
MGNT,1,2025-09-03 07:30:00+00:00,2025-09-03 10:00:00+00:00,3479.0,3487.0,146.13203748902174,1169.056299912174,0.0016096579476861167,5,v3_long,opposite_signal,False,A,True,0.00590097869890616,0.004041606373212591,-0.0002964881980426022,0.6585365853658537,0.34146341463414637
MGNT,1,2025-09-03 11:30:00+00:00,2025-09-03 19:00:00+00:00,3474.5,3480.0,146.55682769729322,806.0625523351127,0.0011080731040437476,15,v3_long,opposite_signal,False,A,True,0.011519078473722102,0.0038176405347031695,-0.00010655147588192945,0.225,0.775
MGNT,-1,2025-09-03 20:00:00+00:00,2025-09-04 20:00:00+00:00,3476.0,3468.5,146.65590955721513,1099.9193216791134,0.0015103567318757193,48,v3_short,timeout,False,A,True,0.01596662830840046,0.003071253071253071,-4.1714614499424626e-05,0.46846846846846846,0.5315315315315315
MGNT,-1,2025-09-06 10:30:00+00:00,2025-09-07 10:30:00+00:00,3532.0,3514.5,144.54866510363962,2529.6016393136933,0.003468289920724802,48,v3_short,timeout,False,A,True,0.0033975084937712344,0.0028221239907938477,0.00019110985277463196,0.4583333333333333,0.5416666666666666
MGNT,1,2025-09-17 08:30:00+00:00,2025-09-17 11:30:00+00:00,3311.0,3360.6649999999995,154.73168417202498,7684.749094403544,0.010499999999999895,6,v3_long,tp,False,A,True,0.004078549848942598,0.0030211480362537764,-0.0001268882175226586,0.6666666666666666,0.3333333333333333
MGNT,-1,2025-09-17 22:30:00+00:00,2025-09-18 09:30:00+00:00,3304.5,3278.0,156.66392212427212,4151.593936293211,0.005613557270388863,22,v3_short,opposite_signal,False,A,True,0.020121028744326776,0.004481334587234738,-0.0002934947049924357,0.9924812030075187,0.007518796992481203
MGNT,1,2025-09-18 10:30:00+00:00,2025-09-18 22:30:00+00:00,3270.5,3237.795,159.18117915152501,-5206.020464150614,-0.006999999999999986,24,v3_long,sl,False,A,True,0.012689191255159762,0.004805447551205081,-9.47867298578199e-05,0.07228915662650602,0.927710843373494
MGNT,1,2025-09-23 22:30:00+00:00,2025-09-24 09:00:00+00:00,3179.5,3147.705,162.59092061335338,-5169.578320901583,-0.007000000000000016,21,v3_long,sl,False,A,True,0.022645069979556533,0.003965437366915587,0.00033967604969334803,0.1388888888888889,0.8611111111111112
MGNT,-1,2025-09-24 11:30:00+00:00,2025-09-24 12:00:00+00:00,3215.0,3247.15,159.67002403282302,-5133.391272655274,-0.00700000000000002,1,v3_short,sl,False,A,True,0.024727838258164853,0.005632381993190703,3.110419906687403e-05,0.9937106918238994,0.006289308176100629
MGNT,1,2025-09-27 11:30:00+00:00,2025-09-28 11:30:00+00:00,3221.0,3213.0,158.25698645596626,-1266.05589164773,-0.0017385904998447688,48,v3_long,timeout,False,A,True,0.0037261294829995344,0.004943131451237285,-0.00016612327278372923,0.9583333333333334,0.041666666666666664
MGNT,1,2025-10-06 15:30:00+00:00,2025-10-06 19:30:00+00:00,2999.5,3044.4925,169.64811276896612,7632.89271375768,0.01049999999999996,8,v3_long,tp,False,A,True,0.0195,0.004197530864197531,0.0002933333333333333,0.17094017094017094,0.8290598290598291
MGNT,-1,2025-10-07 08:30:00+00:00,2025-10-07 11:00:00+00:00,3039.0,3069.39,169.2012303883331,-5142.025391501422,-0.0069999999999999715,5,v3_short,sl,False,A,True,0.00723803257114657,0.004681602148290749,9.212041454186545e-05,0.9772727272727273,0.022727272727272728
MGNT,1,2025-10-08 11:00:00+00:00,2025-10-08 12:30:00+00:00,3062.5,3031.875,166.72754983709171,-5106.0312137609335,-0.007,3,v3_long,sl,False,A,True,0.013546597029541375,0.0040979448519843495,0.00023665741798596375,0.1566265060240964,0.8433734939759037
MGNT,1,2025-10-10 16:30:00+00:00,2025-10-11 16:30:00+00:00,3003.0,2991.0,168.84079238310377,-2026.0895085972452,-0.0027972027972027968,48,v3_long,timeout,False,A,True,0.020812520812520812,0.005548505548505548,0.00048285048285048285,0.176,0.824
MGNT,-1,2025-10-15 16:00:00+00:00,2025-10-16 07:00:00+00:00,2913.5,2893.5,173.5406339009585,3470.81267801917,0.0048052170928436595,30,v3_short,opposite_signal,False,A,True,0.016818259824952806,0.004239351759516509,-0.0002128024712545049,0.9285714285714286,0.07142857142857142
MGNT,1,2025-10-16 10:30:00+00:00,2025-10-16 13:00:00+00:00,2882.0,2925.2299999999996,176.28043225019292,7620.603086175763,0.010499999999999893,5,v3_long,tp,False,A,True,0.007981953843484296,0.003972217923285076,-0.00014402221065417317,0.2608695652173913,0.7391304347826086
MGNT,-1,2025-10-19 10:30:00+00:00,2025-10-19 10:30:00+00:00,3121.0,3101.0,164.49042867842968,3289.8085735685936,0.004485741749439283,0,v3_short,opposite_signal,False,A,True,0.004966356936879205,0.003478738499565158,0.0004085229093239346,0.03225806451612903,0.967741935483871
MGNT,1,2025-10-19 11:30:00+00:00,2025-10-20 07:00:00+00:00,3100.0,3069.0,166.34757867963776,-5156.77493906877,-0.007,39,v3_long,sl,False,A,True,0.012096774193548387,0.0035714285714285713,0.00023225806451612904,0.04,0.96
MGNT,-1,2025-10-22 17:00:00+00:00,2025-10-22 22:00:00+00:00,3000.0,2960.5,170.68925048317627,6742.2253940854625,0.009216666666666666,10,v3_short,opposite_signal,False,A,True,0.020343505085876273,0.0055928865333567685,-0.00020843755210938803,0.7377049180327869,0.26229508196721313
MGNT,-1,2025-10-23 23:00:00+00:00,2025-10-24 07:00:00+00:00,2934.0,2963.34,176.13746054035062,-5167.873092253913,-0.007000000000000035,16,v3_short,sl,False,A,True,0.016030013642564803,0.0044707053574720695,-0.0004911323328785812,0.9361702127659575,0.06382978723404255
MGNT,1,2025-10-24 14:00:00+00:00,2025-10-27 06:30:00+00:00,2901.5,2916.0,176.86362159600586,2564.522513142085,0.003498190591073583,129,v3_long,timeout,False,A,True,0.02757194554540755,0.004778516238106105,0.0001654316732724453,0.01875,0.98125
MGNT,-1,2025-10-28 18:00:00+00:00,2025-10-29 10:00:00+00:00,2831.0,2845.5,181.90214193571543,-2637.581058067874,-0.0035853055457435536,32,v3_short,opposite_signal,False,A,True,0.02066407629812787,0.0045060956399705955,-0.0002507947721653126,0.5128205128205128,0.48717948717948717
MGNT,1,2025-10-29 16:30:00+00:00,2025-10-30 09:30:00+00:00,2826.0,2835.0,181.57065006346883,1634.1358505712194,0.0022292993630573248,34,v3_long,opposite_signal,False,A,True,0.00990624447196179,0.0032128360449605806,0.00011675216699097825,0.10714285714285714,0.8928571428571429
MGNT,-1,2025-10-30 10:30:00+00:00,2025-10-30 11:30:00+00:00,2840.5,2868.905,181.0464890599411,-5142.625521747664,-0.007000000000000049,2,v3_short,sl,False,A,True,0.013734812466983624,0.0033932506198750254,-8.452192287374537e-05,0.8589743589743589,0.14102564102564102
