symbol,side,entry_time,exit_time,entry_price,exit_price,qty,pnl,pnl_rel,bars_held,entry_reason,exit_reason,post_circuit_breaker,entry_geo_class,entry_geo_valid_box,entry_geo_h_pct,entry_atr_pct,entry_slope_pct_per_bar,entry_dist_L_pct,entry_dist_U_pct
SBER,1,2022-07-29 16:00:00+00:00,2022-08-01 09:00:00+00:00,130.83,131.77,5350.454788657034,5029.4275013376,0.0050294275013376,65,v3_long,timeout,False,A,True,0.01864873127483948,0.007569967482838162,-0.00028508101498012545,0.21311475409836506,0.786885245901635
SBER,-1,2022-08-19 11:00:00+00:00,2022-08-19 14:00:00+00:00,125.23,125.07,5617.827990504962,898.8524784808546,0.0008943543879262763,3,v3_short,opposite_signal,False,A,True,0.011738401341531573,0.005255783903072888,-8.943543879262193e-05,0.13605442176870952,0.8639455782312905
SBER,1,2022-08-19 16:00:00+00:00,2022-08-22 09:00:00+00:00,124.82,125.0,5641.321871381773,1015.4379368487577,0.0010094536132030506,65,v3_long,timeout,False,A,True,0.01313892004486461,0.004788713929877197,-9.453613203012393e-05,0.060975609756094076,0.9390243902439059
SBER,-1,2022-08-26 15:00:00+00:00,2022-08-26 15:00:00+00:00,129.15,130.44150000000002,5457.689528003616,-7048.606025416743,-0.007000000000000072,0,v3_short,sl,False,A,True,0.013782423538521108,0.005578432407700683,-0.0002880371660859487,0.8595505617977529,0.1404494382022471
SBER,1,2022-09-16 16:00:00+00:00,2022-09-19 09:00:00+00:00,137.44,137.4,5092.597339376275,-203.70389357501048,-0.00020372526193243907,65,v3_long,timeout,False,A,True,0.033381818181818,0.00626136363636362,0.00038254545454545805,0.13943355119825487,0.8605664488017452
SBER,1,2022-10-14 11:00:00+00:00,2022-10-14 16:00:00+00:00,106.03,107.62044999999999,6599.867826071611,10496.759783975527,0.010499999999999935,5,v3_long,tp,False,A,True,0.014807130057530824,0.006357280958219374,-0.00017825143827218852,0.3312101910828015,0.6687898089171985
SBER,1,2022-12-09 16:00:00+00:00,2022-12-12 09:00:00+00:00,139.83,140.19,5057.081580827831,1820.5493690979445,0.0018021883715940044,65,v3_long,timeout,False,A,True,0.010655796324107706,0.005310019309161077,-1.7878852892798396e-05,0.39597315436242353,0.6040268456375765
SBER,-1,2022-12-22 17:00:00+00:00,2022-12-22 17:00:00+00:00,137.85,137.76,5138.96338052611,462.50670424736745,0.0004570184983678084,0,v3_short,opposite_signal,False,A,True,0.01429089590134203,0.004429633659775123,0.00028364163946318645,0.43147208121827146,0.5685279187817285
SBER,1,2022-12-22 20:00:00+00:00,2022-12-23 17:00:00+00:00,137.55,138.15,5152.525312239166,3091.51518734347,0.0030534351145037873,21,v3_long,opposite_signal,False,A,True,0.014323106005525658,0.004510051621346529,0.00028428093645485136,0.2791878172588892,0.7208121827411108
SBER,-1,2022-12-23 19:00:00+00:00,2022-12-26 09:00:00+00:00,137.89,138.33,5155.514666253085,-2268.4264531514923,-0.002233664515193403,62,v3_short,timeout,False,A,True,0.010515628399448754,0.0040634745086663236,-5.51163971281491e-05,0.7448275862068914,0.25517241379310857
SBER,-1,2022-12-30 13:00:00+00:00,2023-01-03 09:00:00+00:00,140.46,141.6,5049.879103035965,-5756.862177460932,-0.005681332763776096,92,v3_short,timeout,False,A,True,0.006763491385447936,0.003406218852342317,0.00010679196924391285,0.11578947368422281,0.8842105263157772
SBER,1,2023-01-26 18:00:00+00:00,2023-01-27 13:00:00+00:00,152.45,153.15,4626.278880211276,3238.3952161479724,0.003214168579862328,19,v3_long,opposite_signal,False,A,True,0.01305260396169493,0.0040891873278236885,-8.198871835235472e-05,0.07035175879396267,0.9296482412060373
SBER,-1,2023-01-27 15:00:00+00:00,2023-01-30 09:00:00+00:00,153.04,153.5,4623.255958831108,-2126.6977410623463,-0.002104025091479388,66,v3_short,timeout,False,A,True,0.011696288552012494,0.0036755096706743455,-1.6335598536330374e-05,0.7541899441340784,0.2458100558659216
SBER,-1,2023-02-03 15:00:00+00:00,2023-02-03 16:00:00+00:00,159.24,160.8324,4433.901052001815,-7060.54403520768,-0.00699999999999999,1,v3_short,sl,False,A,True,0.012686051623437859,0.004721943101174397,0.00015763361175657797,0.6732673267326766,0.3267326732673234
SBER,-1,2023-02-09 17:00:00+00:00,2023-02-13 09:00:00+00:00,165.81,165.2,4228.406143755646,2579.3277476910016,0.0025752367167240185,88,v3_short,timeout,False,A,True,0.037394451145958914,0.00574110373944511,-0.00022798552472858702,0.7322580645161291,0.26774193548387093
SBER,-1,2023-03-03 14:00:00+00:00,2023-03-06 09:00:00+00:00,170.17,172.14,4130.678451663086,-8137.436549776275,-0.00810366104483751,67,v3_short,gap_sl,False,A,True,0.015571747561405603,0.004440151604183796,-0.0001357386296862114,0.8754716981132031,0.12452830188679691
SBER,1,2023-03-10 15:00:00+00:00,2023-03-13 09:00:00+00:00,171.87,172.5,4056.6785741238377,2555.7075016979993,0.002565892825973101,66,v3_long,timeout,False,A,True,0.017572442685907026,0.004117415615146322,-0.0001861980681950418,0.42715231788079466,0.5728476821192053
SBER,1,2023-03-23 17:00:00+00:00,2023-03-27 09:00:00+00:00,203.15,204.01,3440.8581923989786,2959.1380454630707,0.002963327590450355,88,v3_long,timeout,False,A,True,0.010731515211184438,0.0053703726494043385,3.8889435857042617e-05,0.42660550458715774,0.5733944954128423
SBER,1,2023-04-07 11:00:00+00:00,2023-04-07 17:00:00+00:00,214.65,216.21,3266.162303366768,5095.213193252165,0.005087351502445849,6,v3_long,opposite_signal,False,A,True,0.009876543209876564,0.0038900535755881788,-4.984859072909355e-05,0.4716981132075462,0.5283018867924538
SBER,-1,2023-04-07 19:00:00+00:00,2023-04-10 09:00:00+00:00,216.15,217.1,3259.9971670273108,-3096.9973086759082,-0.0030765671987045664,62,v3_short,timeout,False,A,True,0.012491325468424653,0.003488607448531124,0.0001665510062456638,0.9259259259259298,0.07407407407407017
SBER,-1,2023-04-13 22:00:00+00:00,2023-04-14 16:00:00+00:00,219.36,221.55360000000002,3202.4092338479218,-7024.804895368812,-0.0070000000000000106,18,v3_short,sl,False,A,True,0.013174690007293884,0.0035999612509117446,-9.390955506929517e-05,0.4705882352941246,0.5294117647058754
SBER,-1,2023-05-05 18:00:00+00:00,2023-05-08 09:00:00+00:00,239.59,238.69,2911.48681543521,2620.338133891705,0.0026294920489169163,63,v3_short,timeout,False,A,True,0.014024542950162722,0.005809646047249363,-0.00019408965689957328,0.6815476190476196,0.3184523809523803
SBER,1,2023-05-19 11:00:00+00:00,2023-05-19 12:00:00+00:00,230.4,231.55,3035.578831613915,3490.9156563560196,0.003493923611111128,1,v3_long,opposite_signal,False,A,True,0.010156250000000014,0.003738064236111131,6.380208333333452e-05,0.1709401709401731,0.8290598290598269
SBER,-1,2023-05-19 14:00:00+00:00,2023-05-19 20:00:00+00:00,231.93,230.67,3026.089784690619,3812.8731287102387,0.003802871556073011,6,v3_short,opposite_signal,False,A,True,0.010735997930410076,0.0039060815763377046,8.881990255680602e-05,0.8514056224899585,0.14859437751004145
SBER,1,2023-05-19 22:00:00+00:00,2023-05-22 09:00:00+00:00,230.96,232.2,3050.355104578249,3782.44032967697,0.003758226532732882,59,v3_long,timeout,False,A,True,0.010781087634222416,0.003665407429857992,0.00010348112227225434,0.4618473895582335,0.5381526104417664
SBER,-1,2023-06-02 17:00:00+00:00,2023-06-05 09:00:00+00:00,244.81,243.51,2888.5981911856798,3755.1776485414166,0.003717168416322895,64,v3_short,timeout,False,A,True,0.020096397353157488,0.004897730986030543,-4.615635977452804e-05,0.8617886178861779,0.13821138211382208
SBER,-1,2023-06-09 11:00:00+00:00,2023-06-09 17:00:00+00:00,241.9,240.35,2934.213921199443,4548.03157785917,0.004485324514262125,6,v3_short,opposite_signal,False,A,True,0.011822578644950657,0.0050871191765532705,0.0003187135711628283,0.6153846153846192,0.3846153846153808
SBER,1,2023-06-09 19:00:00+00:00,2023-06-13 09:00:00+00:00,240.7,241.51,2962.0688393961227,2399.2757599108663,0.002355629414208565,86,v3_long,timeout,False,A,True,0.01198175787728021,0.0041083644278607015,6.633499170813641e-06,0.2041522491349404,0.7958477508650595
SBER,1,2023-06-16 17:00:00+00:00,2023-06-19 09:00:00+00:00,243.91,244.47,2929.9719678347933,1640.7843019874908,0.001607150178344478,64,v3_long,timeout,False,A,True,0.009021569753137115,0.003630412941851869,-5.617977528089906e-05,0.09545454545454833,0.9045454545454517
SBER,1,2023-06-22 17:00:00+00:00,2023-06-23 10:00:00+00:00,241.91,239.49089999999998,2958.9434570128383,-7157.9801168598,-0.007000000000000043,17,v3_long,sl,False,A,True,0.010168650793650827,0.003487723214285711,4.836309523809825e-05,0.44715447154471166,0.5528455284552883
SBER,1,2023-06-29 17:00:00+00:00,2023-07-03 09:00:00+00:00,240.07,240.0,2960.7507210570825,-207.2525504739756,-0.00020410713541881633,88,v3_long,timeout,False,A,True,0.008205939934185858,0.0036148310909318165,0.0002857499895863712,0.5329949238578596,0.4670050761421403
SBER,-1,2023-08-04 11:00:00+00:00,2023-08-04 14:00:00+00:00,269.95,272.6495,2632.496198625086,-7106.42348818842,-0.007000000000000001,3,v3_short,sl,False,A,True,0.007742174476754862,0.004147758844230412,2.2226338210776405e-05,0.6459330143540584,0.3540669856459416
SBER,1,2023-08-31 18:00:00+00:00,2023-09-04 09:00:00+00:00,265.03,266.5,2662.5961301630387,3914.0163113397393,0.003882579330641887,87,v3_long,timeout,False,A,True,0.007357657623665203,0.0029843319624193627,-8.112289174810743e-05,0.3743589743589567,0.6256410256410433
SBER,-1,2023-09-15 11:00:00+00:00,2023-09-15 13:00:00+00:00,259.09,261.68089999999995,2734.2146118918054,-7084.076637950414,-0.006999999999999937,2,v3_short,sl,False,A,True,0.01960708634065377,0.0046183276081670594,-0.00011463198116484288,0.5492125984251914,0.45078740157480857
SBER,-1,2023-10-12 17:00:00+00:00,2023-10-16 09:00:00+00:00,263.77,264.0,2666.902263898406,-613.3875206966819,-0.0006103802555256956,88,v3_short,timeout,False,A,True,0.018576790385563095,0.0044996587936459815,-0.00017628994957728238,0.8714285714285718,0.12857142857142825
SBER,-1,2023-10-19 17:00:00+00:00,2023-10-20 10:00:00+00:00,270.36,267.51,2600.308621408473,7410.879571014207,0.007379050155348482,17,v3_short,opposite_signal,False,A,True,0.01745884963935649,0.003213427039023496,-5.9182541150365685e-05,0.8644067796610206,0.1355932203389794
SBER,1,2023-10-20 12:00:00+00:00,2023-10-20 14:00:00+00:00,267.54,268.47,2647.1071786787197,2461.8096761712272,0.0024332810047095936,2,v3_long,opposite_signal,False,A,True,0.015026352184801637,0.003570861211826724,-0.0001446566740178716,0.1641791044776189,0.8358208955223811
SBER,-1,2023-10-20 16:00:00+00:00,2023-10-23 09:00:00+00:00,269.42,270.45,2635.031999692022,-2714.0829596827107,-0.002676119070596024,65,v3_short,timeout,False,A,True,0.012582117804253373,0.0034911665367628048,-0.0001221096388672411,0.8613569321534005,0.13864306784659952
SBER,1,2023-11-10 11:00:00+00:00,2023-11-13 09:00:00+00:00,280.09,280.4,2527.867697116094,783.6389861059948,0.0007747509729015729,70,v3_long,timeout,False,A,True,0.016887429040665567,0.0035535452890142483,0.00039880038559034453,0.7441860465116212,0.2558139534883788
SBER,-1,2023-11-16 17:00:00+00:00,2023-11-16 18:00:00+00:00,282.9,281.47,2504.6978104472287,3581.717868939412,0.0035383527748319723,1,v3_short,opposite_signal,False,A,True,0.008800763439720104,0.0034306188809953117,-8.482663556357016e-06,0.6827309236947721,0.31726907630522794
SBER,1,2023-11-16 23:00:00+00:00,2023-11-17 17:00:00+00:00,280.23,282.43,2537.509235569991,5582.520318253951,0.0054954858509081534,18,v3_long,opposite_signal,False,A,True,0.01313207008528711,0.0035160850016058396,-2.569318060164962e-05,0.059782608695659475,0.9402173913043406
SBER,-1,2023-11-17 19:00:00+00:00,2023-11-20 09:00:00+00:00,281.8,281.96,2537.2390961907604,-405.9582553904409,-0.0003974449964513049,62,v3_short,timeout,False,A,True,0.013617021276595656,0.0037344858156028544,-8.15602836879094e-06,0.8177083333333351,0.18229166666666488
SBER,-1,2023-12-01 14:00:00+00:00,2023-12-01 15:00:00+00:00,277.18,274.88,2578.504244634472,5930.559762659314,0.005808499891767111,1,v3_short,opposite_signal,False,A,True,0.015545536519386843,0.004484896302975649,-0.0001471596032461651,0.6589327146171764,0.3410672853828236
SBER,1,2023-12-01 17:00:00+00:00,2023-12-04 09:00:00+00:00,275.01,273.6,2613.945668745299,-3685.663392930788,-0.003588960401439867,64,v3_long,timeout,False,A,True,0.012727735554020146,0.0047183533946689015,-0.00015527837375904513,0.1457142857142831,0.8542857142857169
SBER,1,2023-12-14 18:00:00+00:00,2023-12-14 21:00:00+00:00,258.43,255.8457,2771.664411974589,-7162.812339865966,-0.007000000000000035,3,v3_long,sl,False,A,True,0.020353674109043034,0.005402817010408975,8.938590720891326e-05,0.17870722433460065,0.8212927756653994
SBER,-1,2023-12-15 14:00:00+00:00,2023-12-15 14:00:00+00:00,261.41,264.02410000000003,2720.8877447254768,-7112.672653486889,-0.00700000000000002,0,v3_short,sl,False,A,True,0.026468788249693957,0.005192395960832286,-3.901468788249625e-05,0.8424855491329513,0.15751445086704868
SBER,1,2024-02-09 11:00:00+00:00,2024-02-09 14:00:00+00:00,281.87,283.71,2505.7238957364957,4610.531968155089,0.004569482385496797,3,v3_long,opposite_signal,False,A,True,0.01454726085722404,0.003367380428611992,0.0003551660516605163,0.15121951219512222,0.8487804878048778
SBER,-1,2024-02-09 16:00:00+00:00,2024-02-12 09:00:00+00:00,283.25,283.66,2504.9100330766273,-1027.01311356148,-0.0010132391879965315,65,v3_short,timeout,False,A,True,0.009708737864077669,0.0033395851721094607,0.00015004413062665492,0.7272727272727273,0.2727272727272727
SBER,-1,2024-02-22 23:00:00+00:00,2024-02-26 09:00:00+00:00,284.23,288.52,2493.7440020035237,-10698.161768595026,-0.010565387186433432,82,v3_short,gap_sl,False,A,True,0.010378188214599784,0.00424472295514512,-0.00020439753737906582,0.722033898305086,0.27796610169491404
SBER,-1,2024-03-21 20:00:00+00:00,2024-03-22 13:00:00+00:00,296.71,296.36,2363.6147903725696,827.2651766303187,0.0008257220855379869,17,v3_short,opposite_signal,False,A,True,0.018536618246772944,0.003477722355161586,-0.000152000269623534,0.8927272727272669,0.10727272727273306
SBER,-1,2024-03-22 15:00:00+00:00,2024-03-22 17:00:00+00:00,296.15,295.14,2370.0396085601433,2393.7400046457233,0.002387303731217267,2,v3_short,opposite_signal,False,A,True,0.007192544066995325,0.003566725197541693,1.0805700006755253e-05,0.699530516431904,0.30046948356809605
SBER,1,2024-03-22 19:00:00+00:00,2024-03-22 21:00:00+00:00,295.26,292.3074,2382.8586604292436,-7035.628480783428,-0.0070000000000000435,2,v3_long,sl,False,A,True,0.007751150825886882,0.003397474952613034,3.0124559978336933e-05,0.331877729257635,0.668122270742365
SBER,1,2024-05-30 17:00:00+00:00,2024-05-31 10:00:00+00:00,318.5,315.315,2193.5256142599374,-6986.379081417906,-0.007000000000000005,17,v3_long,sl,False,A,True,0.012684458398744177,0.0031632653061224444,8.351648351648253e-05,0.24504950495049607,0.754950495049504
SBER,1,2024-06-06 17:00:00+00:00,2024-06-07 13:00:00+00:00,313.95,318.65925,2209.7386296696845,10406.211641771955,0.010499999999999994,20,v3_long,tp,False,A,True,0.011403452889087036,0.003277895457730766,0.00021787602726635404,0.3016759776536282,0.6983240223463718
SBER,-1,2024-06-20 19:00:00+00:00,2024-06-24 09:00:00+00:00,313.5,314.7,2236.146063585448,-2683.375276302512,-0.002679425837320549,86,v3_short,timeout,False,A,True,0.023859649122807077,0.005917065390749597,-0.00042519936204146866,1.0,0.0
SBER,1,2024-08-01 19:00:00+00:00,2024-08-02 10:00:00+00:00,288.89,286.0011,2420.137174151497,-6991.534282406208,-0.006999999999999948,15,v3_long,sl,False,A,True,0.00668074353560181,0.0034020301844992894,0.00017792239260618574,0.06735751295336528,0.9326424870466348
SBER,1,2024-08-09 11:00:00+00:00,2024-08-12 09:00:00+00:00,282.4,280.01,2458.4254753645246,-5875.63688612118,-0.005924220963172772,70,v3_long,timeout,False,A,True,0.016677289143828267,0.0048774874300686775,0.0002691027547624114,0.5902335456475551,0.40976645435244485
SBER,1,2024-08-29 17:00:00+00:00,2024-08-30 12:00:00+00:00,260.18,257.5782,2652.5728665641354,-6901.464084226635,-0.007000000000000067,19,v3_long,sl,False,A,True,0.019677927668242456,0.005826271186440684,-0.00019062992428610002,0.21679687500000247,0.7832031249999976
SBER,-1,2024-09-20 11:00:00+00:00,2024-09-20 17:00:00+00:00,265.47,268.1247,2581.5172470098246,-6853.153835636958,-0.006999999999999975,6,v3_short,sl,False,A,True,0.009605967000678112,0.0044521773525201536,6.253296165147601e-05,0.839215686274523,0.160784313725477
SBER,-1,2024-09-27 18:00:00+00:00,2024-09-30 09:00:00+00:00,268.92,269.26,2530.5599281524333,-860.390375571764,-0.0008850215677524263,63,v3_short,timeout,False,A,True,0.011600669269380944,0.004479224762967089,-0.00029931213980293565,0.7500000000000091,0.2499999999999909
SBER,1,2024-10-25 14:00:00+00:00,2024-10-25 14:00:00+00:00,253.76,251.2224,2679.3659466261515,-6799.159026158516,-0.006999999999999994,0,v3_long,sl,False,A,True,0.03042244640605296,0.004583563209331648,-0.0002447194199243372,0.7940414507772016,0.2059585492227984
SBER,1,2024-12-12 19:00:00+00:00,2024-12-16 09:00:00+00:00,230.0,228.62,2935.463005641483,-4050.9389477852333,-0.004199999999999986,86,v3_long,timeout,False,A,True,0.02826086956521739,0.00647690217391303,-0.00019652173913043647,0.08461538461538637,0.9153846153846137
SBER,1,2024-12-27 11:00:00+00:00,2024-12-27 11:00:00+00:00,270.88,271.3,2481.9877216261502,1042.4348430830225,0.0010853514471353039,0,v3_long,opposite_signal,False,A,True,0.012663368529867852,0.006473593369268238,0.00041054419257180425,0.6734693877551013,0.32653061224489865
SBER,-1,2024-12-27 13:00:00+00:00,2024-12-27 14:00:00+00:00,271.52,270.42,2478.82490580528,2726.7073963857238,0.0028358868591631414,1,v3_short,opposite_signal,False,A,True,0.013221862109605303,0.006317444387153793,0.0005336623453152626,0.8217270194985968,0.17827298050140322
SBER,-1,2024-12-27 23:00:00+00:00,2024-12-30 09:00:00+00:00,271.43,274.0,2486.6788254862017,-6390.764581499521,-0.0066278598533691755,58,v3_short,timeout,False,A,True,0.013227220809845,0.004652785453741554,0.00027338712648760445,0.7966573816155956,0.20334261838440437
SBER,1,2025-01-23 17:00:00+00:00,2025-01-24 14:00:00+00:00,279.69,282.19,2397.245873626766,5993.114684066914,0.006256927312381566,21,v3_long,opposite_signal,False,A,True,0.012835180550590032,0.004393099749731836,5.398641401501577e-05,0.534818941504178,0.46518105849582203
SBER,-1,2025-01-24 16:00:00+00:00,2025-01-27 06:00:00+00:00,281.99,280.72,2392.570228282978,3038.5641899193383,0.003152594063619232,62,v3_short,timeout,False,A,True,0.014291286925068168,0.004167922621369547,-0.00010213128125110803,0.8411910669975209,0.15880893300247909
SBER,-1,2025-02-20 11:00:00+00:00,2025-02-24 06:00:00+00:00,315.41,314.92,2145.803473594561,1051.4437020613545,0.0010874734472591434,91,v3_short,timeout,False,A,True,0.015028058717225226,0.0060072186744404565,-0.00019530135379347774,0.6118143459915673,0.3881856540084328
SBER,-1,2025-02-28 21:00:00+00:00,2025-03-03 06:00:00+00:00,309.49,306.45,2189.2270645187355,6655.250276137001,0.006875827975055784,57,v3_short,timeout,False,A,True,0.020516962843295527,0.0067001105348184825,-0.0003654281098546024,0.856692913385831,0.143307086614169
SBER,-1,2025-03-07 09:00:00+00:00,2025-03-07 10:00:00+00:00,316.58,319.7458,2154.9136375993407,-6822.025593911972,-0.006999999999999978,1,v3_short,sl,False,A,True,0.011246959213976566,0.004210127251595013,2.2746659084447838e-05,0.7612359550561736,0.23876404494382647
SBER,-1,2025-03-13 20:00:00+00:00,2025-03-14 11:00:00+00:00,319.41,314.61885,2120.870171489499,10161.407122131948,0.010500000000000035,15,v3_short,tp,False,A,True,0.025046178892332738,0.005151768309663048,-0.00014245014245014103,0.8637500000000031,0.13624999999999687
SBER,-1,2025-03-14 16:00:00+00:00,2025-03-14 16:00:00+00:00,317.68,320.8568,2154.810269645408,-6845.4012646095625,-0.0070000000000000305,0,v3_short,sl,False,A,True,0.01844623520523802,0.005088702302217397,-0.0001108033240997224,0.6075085324232071,0.3924914675767928
SBER,1,2025-03-18 21:00:00+00:00,2025-03-20 21:00:00+00:00,324.94,324.55,2091.9195715385194,-815.8486328999941,-0.0008401551055579197,48,v3_long,timeout,False,A,True,0.016187603865328956,0.0044623622822674925,0.0003157506001107894,0.08174904942965923,0.9182509505703408
SBER,-1,2025-03-21 12:00:00+00:00,2025-03-24 06:00:00+00:00,325.66,323.26,2085.5409062601993,5005.29817502455,0.005158754529263722,66,v3_short,timeout,False,A,True,0.00697045998894547,0.0030690710686314586,-0.00013265368789534902,0.9515418502202829,0.04845814977971704
SBER,1,2025-04-03 15:00:00+00:00,2025-04-03 16:00:00+00:00,304.51,301.4649,2241.8999712824334,-6826.809602552117,-0.006999999999999979,1,v3_long,sl,False,A,True,0.0236453201970443,0.00681099299974075,-0.0003050903119868625,0.34861111111111037,0.6513888888888896
SBER,1,2025-04-16 09:00:00+00:00,2025-04-16 12:00:00+00:00,297.43,298.3,2279.199117551785,1982.9032322700634,0.002047540597787726,3,v3_long,opposite_signal,False,A,True,0.009382566585956294,0.004829340299902287,-0.0002488566047888074,0.4731182795698962,0.5268817204301038
SBER,-1,2025-04-16 14:00:00+00:00,2025-04-16 16:00:00+00:00,298.47,301.4547,2275.907882855953,-6792.902257960107,-0.006999999999999942,2,v3_short,sl,False,A,True,0.011491942238750986,0.004696760496073829,-0.00018427312627734778,0.7026239067055452,0.29737609329445475
SBER,-1,2025-04-24 11:00:00+00:00,2025-04-24 21:00:00+00:00,312.02,310.0,2161.8331972804444,4366.903058506458,0.004531760784565051,10,v3_short,opposite_signal,False,A,True,0.014035762353393563,0.005570791042208483,0.00018970710760751007,0.8013698630136974,0.1986301369863026
SBER,-1,2025-04-25 09:00:00+00:00,2025-04-25 14:00:00+00:00,312.09,315.2109,2171.1430239879483,-6775.920263564,-0.007000000000000013,5,v3_short,sl,False,A,True,0.011821239788563184,0.0048450053533641915,1.0251481659456556e-05,0.8130081300813014,0.18699186991869868
SBER,-1,2025-04-28 15:00:00+00:00,2025-04-28 21:00:00+00:00,318.61,313.83085,2111.8260009789524,10092.733232578594,0.010500000000000035,6,v3_short,tp,False,A,True,0.01801575593986381,0.0035228021719343546,-3.138633439000659e-05,0.7578397212543582,0.24216027874564183
SBER,1,2025-05-02 09:00:00+00:00,2025-05-02 10:00:00+00:00,305.76,302.7024,2223.6845742893415,-6799.137954347045,-0.006999999999999953,1,v3_long,sl,False,A,True,0.009648090005232826,0.006330128205128202,-0.000318550497121926,0.30847457627117686,0.6915254237288232
SBER,1,2025-05-04 11:00:00+00:00,2025-05-05 11:00:00+00:00,300.97,297.9603,2243.261450864425,-6751.543988666681,-0.007000000000000021,24,v3_long,sl,False,A,True,0.0043856734666755035,0.003573511713587482,-0.0003757724765765224,0.7272727272727586,0.2727272727272414
SBER,1,2025-05-08 16:00:00+00:00,2025-05-10 16:00:00+00:00,302.49,302.84,2216.3652288492162,775.7278300971501,0.0008099441303843967,48,v3_long,timeout,False,A,True,0.017819359957683106,0.004932905524854197,0.0005008595609627075,0.3487940630797774,0.6512059369202226
SBER,1,2025-05-14 11:00:00+00:00,2025-05-14 15:00:00+00:00,310.5,312.07,2160.9382529973186,3392.6730572057754,0.00353945249597422,4,v3_long,opposite_signal,False,A,True,0.010596837053499598,0.003380274049700538,0.000263471510935036,0.39209726443769377,0.6079027355623062
SBER,1,2025-05-14 22:00:00+00:00,2025-05-14 23:00:00+00:00,310.65,307.5435,2167.5396706766824,-6733.461986957076,-0.00699999999999996,1,v3_long,sl,False,A,True,0.014485289383892357,0.003114760764010083,0.00013423034829073452,0.3199999999999995,0.6800000000000005
SBER,1,2025-05-19 20:00:00+00:00,2025-05-20 18:00:00+00:00,309.32,306.22679999999997,2161.621541784694,-6686.3277530484675,-0.007000000000000056,22,v3_long,sl,False,A,True,0.02153110047846898,0.004170438380964697,0.00016423121686279346,0.4474474474474485,0.5525525525525515
SBER,1,2025-05-23 12:00:00+00:00,2025-05-23 13:00:00+00:00,302.29,304.57,2196.4085675269025,5007.811533961278,0.005279698302954053,1,v3_long,opposite_signal,False,A,True,0.01412504134965279,0.004417883942406473,-0.00018888521336420517,0.22482435597190345,0.7751756440280966
SBER,1,2025-05-23 16:00:00+00:00,2025-05-26 06:00:00+00:00,301.71,302.22,2212.2495573613087,1128.247274254373,0.0011832554439694853,62,v3_long,timeout,False,A,True,0.012162386081193093,0.0045009375136266525,-0.00018127589063794623,0.10354223433242338,0.8964577656675766
SBER,-1,2025-05-31 13:00:00+00:00,2025-06-01 14:00:00+00:00,309.28,304.64079999999996,2160.655674610251,10023.713805651912,0.010500000000000037,25,v3_short,tp,False,A,True,0.005496815080673808,0.003528123830771997,0.00012286998415623744,0.6705882352941142,0.3294117647058859
SBER,-1,2025-06-05 14:00:00+00:00,2025-06-06 10:00:00+00:00,316.89,320.0589,2130.9103686055564,-6752.641867074164,-0.007000000000000017,20,v3_short,sl,False,A,True,0.014137843978793111,0.004491157203789574,0.0003685937894471113,0.9866071428571422,0.013392857142857767
SBER,1,2025-06-06 16:00:00+00:00,2025-06-08 16:00:00+00:00,315.57,313.7,2124.8450023781184,-3973.460154447091,-0.004148049561111649,48,v3_long,timeout,False,A,True,0.03559091053148677,0.005532045497383683,0.00027857889899534,0.12199465716829941,0.8780053428317006
SBER,-1,2025-06-11 11:00:00+00:00,2025-06-13 10:00:00+00:00,311.92,310.81,2140.792239331719,2376.279385658237,0.002491023339317804,47,v3_short,opposite_signal,False,A,True,0.015868944955598974,0.0041524161122519125,-0.0002792293142692282,0.8828282828282857,0.11717171717171422
SBER,1,2025-06-13 12:00:00+00:00,2025-06-15 12:00:00+00:00,310.78,310.15,2153.9973964293413,-1357.0183597504752,-0.001419010232318672,48,v3_long,timeout,False,A,True,0.010460251046025104,0.003931445123913744,0.0001924686192468625,0.19692307692307273,0.8030769230769272
SBER,1,2025-06-18 11:00:00+00:00,2025-06-19 09:00:00+00:00,312.64,313.85,2138.144185038656,2587.154463896851,0.002709186284544606,22,v3_long,opposite_signal,False,A,True,0.010551558752997639,0.0034650174597164332,0.0001886490807354073,0.30606060606060226,0.6939393939393977
SBER,-1,2025-07-10 12:00:00+00:00,2025-07-11 08:00:00+00:00,313.15,316.2815,2140.4451736714454,-6702.804061352167,-0.007000000000000038,20,v3_short,sl,False,A,True,0.020277822129969557,0.004218593746060839,-0.00017659268721060108,0.8740157480314936,0.1259842519685064
SBER,1,2025-07-11 18:00:00+00:00,2025-07-13 18:00:00+00:00,310.34,309.44,2144.7072349431805,-1930.2365114488136,-0.0020300315782689443,48,v3_long,timeout,False,A,True,0.02503624939584334,0.004065867908049479,0.00020041888190752463,0.029601029601024696,0.9703989703989753
SBER,-1,2025-07-23 08:00:00+00:00,2025-07-23 14:00:00+00:00,311.2,314.312,2134.4385531306307,-6642.372777342573,-0.007000000000000052,6,v3_short,sl,False,A,True,0.008742045381500377,0.003167469035770005,-0.00016423474963038825,0.8088235294117524,0.19117647058824758
SBER,-1,2025-07-29 19:00:00+00:00,2025-07-30 07:00:00+00:00,307.43,305.03,2145.4887837560177,5149.173081014515,0.005464658621474884,12,v3_short,opposite_signal,False,A,True,0.016946947272549782,0.0036549340130643065,-0.0001938652701427979,0.8406909788867587,0.15930902111324133
SBER,1,2025-07-30 09:00:00+00:00,2025-07-31 19:00:00+00:00,304.36,305.03,2178.9723943580716,1459.9115042198189,0.0015409383624654072,34,v3_long,opposite_signal,False,A,True,0.01563937442502297,0.003952210332639314,-0.0001905638060191863,0.18067226890756624,0.8193277310924337
SBER,1,2025-08-20 08:00:00+00:00,2025-08-20 14:00:00+00:00,317.0,313.83,2095.312227128633,-6642.1397599978,-0.007000000000000036,6,v3_long,sl,False,A,True,0.009684848102463778,0.003265917404002458,0.00015931101927505815,0.23127035830618278,0.7687296416938172
SBER,-1,2025-08-23 15:00:00+00:00,2025-08-25 15:00:00+00:00,312.04,308.99,2113.7177226245935,6446.839054005034,0.006842071529291142,48,v3_short,timeout,False,A,True,0.003909755159595011,0.0029657369934257554,-0.00012113831560056316,0.6229508196721564,0.3770491803278436
SBER,-1,2025-09-17 17:00:00+00:00,2025-09-17 17:00:00+00:00,302.57,305.5957,2194.788860447439,-6640.77265505588,-0.007000000000000067,0,v3_short,sl,False,A,True,0.012658227848101214,0.0033128480055941746,-6.709191261526168e-05,0.7232375979112254,0.2767624020887746
SBER,1,2025-09-18 16:00:00+00:00,2025-09-19 17:00:00+00:00,301.25,298.2375,2188.975019575245,-6594.2872464704005,-0.006999999999999973,25,v3_long,sl,False,A,True,0.014572614107883772,0.003464511902162037,6.0082987551869184e-05,0.1343963553530699,0.8656036446469301
SBER,1,2025-09-25 18:00:00+00:00,2025-09-26 07:00:00+00:00,291.98,289.0602,2242.6629343602754,-6548.127235745153,-0.007000000000000022,13,v3_long,sl,False,A,True,0.011610384272895357,0.005365363885774433,-0.0002760463045414089,0.14159292035398824,0.8584070796460118
SBER,-1,2025-09-27 18:00:00+00:00,2025-09-29 13:00:00+00:00,291.58,294.4958,2230.0193240602634,-6502.290345094894,-0.006999999999999977,43,v3_short,sl,False,A,True,0.004081212703203425,0.003439389336913192,-0.00010768914191645472,0.4621848739495682,0.5378151260504318
SBER,1,2025-10-01 15:00:00+00:00,2025-10-02 09:00:00+00:00,287.23,284.3577,2247.945657723515,-6456.774312679243,-0.006999999999999991,18,v3_long,sl,False,A,True,0.011210528148173833,0.004630435539463149,-0.00022943285868467887,0.018633540372671686,0.9813664596273283
SBER,1,2025-10-11 15:00:00+00:00,2025-10-12 15:00:00+00:00,284.44,286.1,2254.1052216602793,3741.81466795612,0.004085220081563837,24,v3_long,opposite_signal,False,A,True,0.015223429314769834,0.005799066805289779,4.394754421122948e-05,0.5127020785219351,0.487297921478065
SBER,-1,2025-10-12 17:00:00+00:00,2025-10-14 10:00:00+00:00,286.17,285.52,2249.6311965496693,1462.2602777573618,0.001589964007408267,41,v3_short,opposite_signal,False,A,True,0.006464914733016573,0.0033923006036509166,-0.00016459323455409288,0.6324324324324333,0.36756756756756676
SBER,1,2025-10-14 12:00:00+00:00,2025-10-16 12:00:00+00:00,284.48,284.39,2266.593580255375,-203.9934222230559,-0.00022145669291346413,48,v3_long,opposite_signal,False,A,True,0.01479893138357698,0.004780652418447669,6.432789651293732e-05,0.20665083135392132,0.7933491686460786
SBER,-1,2025-10-16 14:00:00+00:00,2025-10-16 17:00:00+00:00,284.43,287.2743,2266.489984584935,-6446.577463154876,-0.006999999999999941,3,v3_short,sl,False,A,True,0.008367318239347474,0.003990296723386302,-0.00014941639713120916,0.8529411764706023,0.14705882352939773
GAZP,1,2022-02-03 11:00:00+00:00,2022-02-03 12:00:00+00:00,327.87,324.5913,2134.9925275261535,-7000.000000000031,-0.0070000000000000305,1,v3_long,sl,False,A,True,0.022152381533579443,0.007861895302134131,-0.00023159307966924087,0.19696969696969815,0.8030303030303019
GAZP,1,2022-06-03 11:00:00+00:00,2022-06-03 11:00:00+00:00,295.19,292.2381,2354.754564856533,-6951.000000000055,-0.007000000000000055,0,v3_long,sl,False,A,True,0.007486449864498769,0.00525067750677508,3.3875338753395233e-06,-0.0045248868778238645,1.0045248868778238
GAZP,-1,2022-07-15 15:00:00+00:00,2022-07-18 09:00:00+00:00,186.45,189.0,3701.9806918744976,-9440.050764280011,-0.00957361222847953,66,v3_short,gap_sl,False,A,True,0.03046393134888714,0.009807650113362106,-0.00043872351836953644,0.5686619718309834,0.43133802816901656
GAZP,1,2022-07-29 11:00:00+00:00,2022-07-29 14:00:00+00:00,196.07,194.1093,3486.6438744581224,-6836.26264465005,-0.0070000000000000106,3,v3_long,sl,False,A,True,0.011729307970829633,0.0059666479677698905,0.00027028405324085647,0.4434782608695606,0.5565217391304395
GAZP,-1,2022-08-19 11:00:00+00:00,2022-08-19 14:00:00+00:00,177.48,177.05,3824.886638571946,1644.7012545858543,0.0016959657426188015,3,v3_short,opposite_signal,False,A,True,0.014475611129886184,0.006175304924882501,-0.0002343133941646967,0.26459143968870824,0.7354085603112918
GAZP,1,2022-08-19 16:00:00+00:00,2022-08-22 09:00:00+00:00,177.18,177.4,3837.860771486393,844.329369727002,0.0008691725928434316,65,v3_long,timeout,False,A,True,0.01297968397291203,0.004963574799917914,-0.00023306997742663632,0.25217391304348247,0.7478260869565175
GAZP,-1,2022-08-26 16:00:00+00:00,2022-08-29 09:00:00+00:00,183.12,183.15,3716.5967783462643,-111.49790335039215,-0.00011467889908257314,65,v3_short,timeout,False,A,True,0.02020864055928772,0.005724953947139744,-0.00025561199410126207,0.7081081081081115,0.29189189189188847
GAZP,1,2022-09-16 16:00:00+00:00,2022-09-19 09:00:00+00:00,242.61,243.19,2804.934477220323,1626.8619967877428,0.0016734677053707135,65,v3_long,timeout,False,A,True,0.02625613123943768,0.004463181649561006,0.0002778121264581018,0.12244897959183737,0.8775510204081626
GAZP,1,2022-10-21 12:00:00+00:00,2022-10-21 16:00:00+00:00,159.2,161.58799999999997,4281.68314645838,10224.659353742512,0.010499999999999898,4,v3_long,tp,False,A,True,0.013126491646778064,0.005615265042080132,-0.0001595276975254378,0.08133971291865418,0.9186602870813458
GAZP,-1,2022-10-21 18:00:00+00:00,2022-10-21 19:00:00+00:00,161.85,163.4685,4255.799928722854,-6888.012184637989,-0.007000000000000051,1,v3_short,sl,False,A,True,0.018350324374420753,0.004286376274328074,3.1510658016681556e-05,0.9494949494949476,0.05050505050505244
GAZP,1,2022-10-28 20:00:00+00:00,2022-10-31 09:00:00+00:00,170.38,170.73,4014.4360249709316,1405.0526087398032,0.0014379622021363776,61,v3_long,timeout,False,A,True,0.017254533716767405,0.004707949410176636,-2.1128000469511923e-05,0.3299319727891155,0.6700680272108844
GAZP,-1,2022-11-03 18:00:00+00:00,2022-11-07 09:00:00+00:00,169.39,171.01,4043.704745030198,-6550.801686948939,-0.006694610071432808,87,v3_short,timeout,False,A,True,0.019010508914865977,0.0034205632306057374,-0.00027216908725941416,0.8416149068322921,0.1583850931677079
GAZP,1,2022-11-11 11:00:00+00:00,2022-11-11 17:00:00+00:00,168.14,169.01,4046.4945020804143,3520.450216809979,0.0036219816819317422,6,v3_long,opposite_signal,False,A,True,0.013921113689095148,0.004567865429234332,-0.00022249985127015005,0.2478632478632407,0.7521367521367593
GAZP,-1,2022-11-17 17:00:00+00:00,2022-11-18 11:00:00+00:00,168.67,168.25,4048.3897594804525,1700.3236989817394,0.0017430485563525895,18,v3_short,opposite_signal,False,A,True,0.009129713066160899,0.0054911667061892525,-9.722551576950694e-05,0.2662337662337605,0.7337662337662395
GAZP,-1,2022-11-18 19:00:00+00:00,2022-11-21 09:00:00+00:00,168.69,168.55,4054.965482961972,567.6951676146208,0.0005809472997806061,62,v3_short,timeout,False,A,True,0.010314778587942433,0.0029936570039717923,0.0003450115596656585,0.6781609195402303,0.3218390804597697
GAZP,-1,2022-12-16 11:00:00+00:00,2022-12-19 09:00:00+00:00,161.15,159.9,4247.158013888832,5308.94751736104,0.005429723859757989,70,v3_short,timeout,False,A,True,0.021905057399937953,0.0039035836177474504,-0.0003766677008997789,0.9716713881019846,0.028328611898015377
GAZP,1,2022-12-22 18:00:00+00:00,2022-12-23 14:00:00+00:00,157.82,158.27,4360.320473959816,1962.1442132819916,0.0019959447471804078,20,v3_long,opposite_signal,False,A,True,0.012671862130140023,0.003470902236583649,-5.258822784008009e-05,0.4099999999999966,0.5900000000000034
GAZP,1,2022-12-30 13:00:00+00:00,2023-01-03 09:00:00+00:00,162.25,163.0,4249.733609550912,3187.3002071631836,0.0032357473035439133,92,v3_long,timeout,False,A,True,0.013554309654365033,0.0028437095681104023,-0.00011582773704638893,0.20454545454545042,0.7954545454545495
GAZP,1,2023-01-13 14:00:00+00:00,2023-01-13 14:00:00+00:00,164.85,164.7,4196.241360598421,-629.436204089787,-0.0006369426751592598,0,v3_long,opposite_signal,False,A,True,0.012010919017288383,0.004212162572035168,0.00024143160448893044,0.6818181818181824,0.3181818181818175
GAZP,1,2023-01-26 17:00:00+00:00,2023-01-27 15:00:00+00:00,157.27,158.65,4395.687562483543,6066.048836227269,0.006142303045717535,22,v3_long,opposite_signal,False,A,True,0.014623601220752869,0.0035386730671413988,-0.00014432858596134527,0.06086956521739743,0.9391304347826026
GAZP,-1,2023-01-27 17:00:00+00:00,2023-01-30 09:00:00+00:00,158.57,159.08,4386.4288146379895,-2237.0786954654595,-0.00225137163397877,64,v3_short,timeout,False,A,True,0.01229818365287599,0.003604707996972753,4.856205852673952e-05,0.851282051282042,0.1487179487179579
GAZP,-1,2023-02-09 17:00:00+00:00,2023-02-10 11:00:00+00:00,159.39,158.64,4354.037656379448,3265.5282422845858,0.0032938076416337285,18,v3_short,opposite_signal,False,A,True,0.017817930861409145,0.003509473618169244,-0.00015245623941276517,0.6302816901408416,0.3697183098591585
GAZP,-1,2023-03-17 12:00:00+00:00,2023-03-17 15:00:00+00:00,161.05,162.6605,4323.352572616699,-6962.7593181992015,-0.007000000000000008,3,v3_short,sl,False,A,True,0.01763537009438651,0.004703800298062578,-0.00011115250869349357,0.8873239436619744,0.11267605633802563
GAZP,1,2023-03-24 11:00:00+00:00,2023-03-27 09:00:00+00:00,169.04,170.2,4090.1680093302175,4744.594890823038,0.004803596781826773,70,v3_long,timeout,False,A,True,0.008873114463176575,0.004553016858917479,-0.00043300798580301643,0.5533333333333227,0.44666666666667726
GAZP,-1,2023-03-30 17:00:00+00:00,2023-03-31 10:00:00+00:00,171.47,170.7,4051.5729674039535,3119.7111849010857,0.0031434070099726316,17,v3_short,opposite_signal,False,A,True,0.01038264115725619,0.0037312616658889456,-3.091460569295221e-05,0.8146067415730268,0.1853932584269732
GAZP,1,2023-03-31 12:00:00+00:00,2023-03-31 12:00:00+00:00,171.01,169.29989999999998,4075.241299047931,-6969.0701455019125,-0.007000000000000045,0,v3_long,sl,False,A,True,0.012338459739196618,0.003901453131395829,9.940939126366814e-05,0.19431279620852793,0.8056872037914721
GAZP,1,2023-04-06 17:00:00+00:00,2023-04-10 09:00:00+00:00,172.62,173.55,4008.9715296508825,3728.3435225753483,0.003771289537712923,88,v3_long,timeout,False,A,True,0.01737921445950643,0.0051920403197775475,7.588923647317822e-05,0.2066666666666682,0.7933333333333318
GAZP,-1,2023-04-13 17:00:00+00:00,2023-04-14 10:00:00+00:00,178.65,177.97,3888.2647966086656,2644.020061693919,0.00266442765183322,17,v3_short,opposite_signal,False,A,True,0.021214665547159204,0.007810313462076702,4.925832633641172e-05,0.48812664907651665,0.5118733509234833
GAZP,1,2023-04-14 12:00:00+00:00,2023-04-14 20:00:00+00:00,177.94,179.04,3914.180734839406,4305.598808323324,0.004327301337529481,8,v3_long,opposite_signal,False,A,True,0.014273672379881945,0.006170974992975558,-1.1239112110133078e-06,0.3307086614173252,0.6692913385826748
GAZP,-1,2023-04-21 18:00:00+00:00,2023-04-24 09:00:00+00:00,182.2,181.48,3839.205483661637,2764.2279482363742,0.002766190998902301,63,v3_short,timeout,False,A,True,0.013611416026344777,0.005310098792535677,-7.244785949506001e-05,0.47983870967741493,0.5201612903225851
GAZP,1,2023-05-18 17:00:00+00:00,2023-05-19 10:00:00+00:00,175.83,174.07170000000002,3989.2976095485164,-7014.381986869122,-0.006999999999999965,17,v3_long,sl,False,A,True,0.014502644599897693,0.004412998350679636,-0.00029517147244497507,0.2980392156862808,0.7019607843137192
GAZP,1,2023-06-01 17:00:00+00:00,2023-06-05 09:00:00+00:00,161.68,162.58,4308.066126274785,3877.2595136473315,0.003896585848589832,88,v3_long,timeout,False,A,True,0.011566056407718978,0.00384633226125681,-0.00013174171202375384,0.04278074866310819,0.9572192513368918
GAZP,1,2023-06-09 20:00:00+00:00,2023-06-13 09:00:00+00:00,165.16,165.62,4233.726162240618,1947.5140346307178,0.0019496246064422717,85,v3_long,timeout,False,A,True,0.017371829792385475,0.0037074026995944542,0.00025482718963743337,0.07665505226480784,0.9233449477351922
GAZP,1,2023-06-22 17:00:00+00:00,2023-06-22 22:00:00+00:00,169.69,167.9931,4128.7375377447215,-7006.054727799015,-0.006999999999999997,5,v3_long,sl,False,A,True,0.009546820672991953,0.003484294890683013,4.360893393835872e-05,0.14814814814815336,0.8518518518518466
GAZP,1,2023-06-30 11:00:00+00:00,2023-07-03 09:00:00+00:00,166.63,167.29,4175.125934528252,2755.583116788632,0.0027726099741943087,70,v3_long,timeout,False,A,True,0.017343815639440596,0.003853972874032268,0.00012782812218688084,0.1141868512110677,0.8858131487889324
GAZP,-1,2023-07-14 22:00:00+00:00,2023-07-17 09:00:00+00:00,169.74,169.0,4109.992592507332,3041.394518455463,0.0030517261694356446,59,v3_short,timeout,False,A,True,0.010015907617981434,0.0030931479408472145,-8.366228716196406e-05,0.8470588235294161,0.15294117647058392
GAZP,1,2023-07-20 17:00:00+00:00,2023-07-20 20:00:00+00:00,172.43,170.7057,4058.221416314524,-6997.591188151132,-0.006999999999999997,3,v3_long,sl,False,A,True,0.014907192575405992,0.004047636310904874,0.00012412993039443077,0.43579766536965275,0.5642023346303473
GAZP,1,2023-08-04 18:00:00+00:00,2023-08-04 19:00:00+00:00,175.16,173.4084,3967.0061942418797,-6948.608049834062,-0.0069999999999999845,1,v3_long,sl,False,A,True,0.025689330364788494,0.0049790917394530974,0.0002517554375749254,0.3955555555555558,0.6044444444444442
GAZP,1,2023-08-18 11:00:00+00:00,2023-08-21 09:00:00+00:00,173.46,176.06189999999998,3977.843764259909,10349.951690227746,0.010499999999999886,70,v3_long,gap_tp,False,A,True,0.007724678618781365,0.004750461174842913,-0.00039949270767279356,0.253731343283584,0.746268656716416
GAZP,1,2023-08-25 11:00:00+00:00,2023-08-25 14:00:00+00:00,174.47,174.68,3996.3417523452936,839.2317679925435,0.0008425517280908213,3,v3_long,opposite_signal,False,A,True,0.010432190760059573,0.00366308896022009,-0.00012381061561389574,0.20329670329670654,0.7967032967032934
GAZP,-1,2023-08-25 18:00:00+00:00,2023-08-28 09:00:00+00:00,174.9,174.75,3989.875401768313,598.4813102652696,0.0006003430531732645,63,v3_short,timeout,False,A,True,0.007089360242410272,0.0036679578068720855,-0.00012234863644159776,0.6370967741935519,0.3629032258064481
GAZP,1,2023-08-31 17:00:00+00:00,2023-09-01 10:00:00+00:00,177.41,178.09,3935.787975235126,2676.3358231599127,0.002683050560847781,17,v3_long,opposite_signal,False,A,True,0.011216322849734985,0.004843732386427661,-3.269079021531061e-05,0.130653266331655,0.869346733668345
GAZP,1,2023-10-06 13:00:00+00:00,2023-10-09 09:00:00+00:00,165.29,167.3,4235.716496839952,8513.790158648386,0.008512311694597458,68,v3_long,timeout,False,A,True,0.010284953717708375,0.0029039869320587977,-7.441466513400801e-05,0.11176470588235048,0.8882352941176496
GAZP,-1,2023-10-12 19:00:00+00:00,2023-10-13 16:00:00+00:00,169.39,168.42,4168.376131257627,4043.3248473198937,0.004008501092154196,21,v3_short,opposite_signal,False,A,True,0.014744043406463788,0.005256251474404332,8.492569002123129e-05,0.83599999999999,0.16400000000001
GAZP,1,2023-10-13 18:00:00+00:00,2023-10-16 09:00:00+00:00,168.82,170.5,4199.215497375035,7054.682035590087,0.006965999289183775,63,v3_long,timeout,False,A,True,0.021561426371282943,0.005601380168226512,4.7387750266556766e-05,0.45879120879120705,0.541208791208793
GAZP,1,2023-10-20 13:00:00+00:00,2023-10-23 09:00:00+00:00,169.72,171.8,4206.044294672203,8748.572132918236,0.00857883572943677,68,v3_long,timeout,False,A,True,0.011076415483414809,0.0041683850821893674,-0.00021269074412301974,0.3191489361702105,0.6808510638297894
GAZP,1,2023-11-02 18:00:00+00:00,2023-11-03 20:00:00+00:00,168.72,169.63,4267.270259511672,3883.2159361556064,0.003775486012328103,26,v3_long,opposite_signal,False,A,True,0.019023349531824153,0.003457612302951268,0.00028623918454426836,0.1931464174454838,0.8068535825545162
GAZP,-1,2023-11-09 19:00:00+00:00,2023-11-13 09:00:00+00:00,169.09,168.25,4274.008453132167,3590.167100631035,0.0034774380507422223,86,v3_short,timeout,False,A,True,0.012117987822899941,0.0034765324821185834,-6.916119879411002e-05,0.7365853658536602,0.26341463414633975
GAZP,1,2023-11-30 17:00:00+00:00,2023-11-30 18:00:00+00:00,163.27,163.33,4441.754188219268,266.50525129316617,0.0002572426042751368,1,v3_long,opposite_signal,False,A,True,0.009983462975439427,0.0038796931463220396,6.737306302443943e-05,0.7055214723926435,0.2944785276073565
GAZP,1,2023-11-30 20:00:00+00:00,2023-12-01 11:00:00+00:00,163.51,163.83,4436.375512118312,1419.6401638779557,0.0013699467922452153,15,v3_long,opposite_signal,False,A,True,0.015288649706457925,0.0039062499999999883,2.7519569471623566e-05,0.5559999999999945,0.44400000000000545
GAZP,1,2023-12-01 13:00:00+00:00,2023-12-01 15:00:00+00:00,163.39,163.54,4445.715821660933,666.8573732491652,0.0006426341881388334,2,v3_long,opposite_signal,False,A,True,0.01083231334149333,0.003622246022031807,-4.5287637698898965e-05,0.3050847457627056,0.6949152542372944
GAZP,-1,2023-12-01 18:00:00+00:00,2023-12-04 09:00:00+00:00,163.78,162.48,4437.979657238088,5769.373554409565,0.005556233972402051,63,v3_short,timeout,False,A,True,0.008364879716693153,0.003247496641836596,-9.708145072658292e-05,0.6788321167883239,0.3211678832116761
GAZP,1,2023-12-14 17:00:00+00:00,2023-12-15 11:00:00+00:00,162.42,163.05,4500.005354947303,2835.0033736169084,0.00271518285925389,18,v3_long,opposite_signal,False,A,True,0.015145917990395146,0.004227081024504366,-0.00013791404999384017,0.04878048780486875,0.9512195121951312
GAZP,-1,2023-12-15 14:00:00+00:00,2023-12-18 09:00:00+00:00,163.37,164.99,4485.985016294746,-7267.295726397509,-0.006941298892085469,67,v3_short,timeout,False,A,True,0.022097080247291335,0.00433831180755338,-5.8150211177082e-05,0.7091412742382307,0.2908587257617693
GAZP,-1,2024-01-19 18:00:00+00:00,2024-01-22 09:00:00+00:00,166.74,165.98,4364.80907462873,3317.254896717919,0.0031905961376994933,63,v3_short,timeout,False,A,True,0.014513614009835767,0.0034747211227060077,0.0003370516972532089,0.6363636363636407,0.36363636363635937
GAZP,1,2024-01-25 17:00:00+00:00,2024-01-26 17:00:00+00:00,166.3,164.637,4390.320766874906,-7301.103435313017,-0.007000000000000045,24,v3_long,sl,False,A,True,0.008358388454600038,0.0035609591100420903,1.4431749849669819e-05,0.5395683453237463,0.4604316546762537
GAZP,-1,2024-02-02 12:00:00+00:00,2024-02-02 14:00:00+00:00,165.65,167.3065,4376.695267893619,-7249.995711265753,-0.006999999999999975,2,v3_short,sl,False,A,True,0.009055783627143203,0.003526095749818884,0.0002595991306447691,0.7666666666666705,0.23333333333332953
GAZP,1,2024-04-05 11:00:00+00:00,2024-04-05 11:00:00+00:00,162.66,163.91,4425.947215840968,5532.4340198012105,0.0053793188245419895,0,v3_long,opposite_signal,False,A,True,0.017091915155241322,0.00444397479249923,0.00020104518905626165,0.4100719424460381,0.5899280575539619
GAZP,-1,2024-04-05 13:00:00+00:00,2024-04-08 09:00:00+00:00,163.64,164.0,4423.107296153464,-1592.3186266153073,-0.0015399657785383132,68,v3_short,timeout,False,A,True,0.01546171239992667,0.004573962598545502,0.00021511947686854376,0.6086956521739096,0.39130434782609036
GAZP,1,2024-04-12 21:00:00+00:00,2024-04-15 09:00:00+00:00,164.89,165.0,4382.816756042951,482.1098431647844,0.0004669779853236071,60,v3_long,timeout,False,A,True,0.012068651828491778,0.0032142640548244246,0.00012614470252896118,0.04020100502511745,0.9597989949748825
GAZP,-1,2024-04-18 17:00:00+00:00,2024-04-19 15:00:00+00:00,165.27,166.92270000000002,4374.78145939455,-7230.201317941417,-0.007000000000000042,22,v3_short,sl,False,A,True,0.009500181532131146,0.0033753630642623573,0.00013191334866271027,0.9044585987261288,0.09554140127387128
GAZP,1,2024-04-25 21:00:00+00:00,2024-04-26 10:00:00+00:00,163.09,163.75,4402.225708943396,2905.4689679026264,0.002832791710098704,13,v3_long,opposite_signal,False,A,True,0.009381323195781477,0.00346051260040469,-0.0001949843644613408,0.2745098039215788,0.7254901960784211
GAZP,1,2024-05-17 14:00:00+00:00,2024-05-20 09:00:00+00:00,155.82,155.31,4620.670126743103,-2356.54176463894,-0.0022911051212937596,67,v3_long,timeout,False,A,True,0.01764630390143737,0.003924297356262827,0.00010780287474332692,0.07999999999999959,0.9200000000000004
GAZP,1,2024-05-30 17:00:00+00:00,2024-05-30 18:00:00+00:00,127.84,126.5616,5619.080412342482,-7183.432399138656,-0.007000000000000026,1,v3_long,sl,False,A,True,0.018462019870140026,0.006544336227802542,-0.0001603692403974037,0.28389830508474656,0.7161016949152534
GAZP,1,2024-06-06 17:00:00+00:00,2024-06-07 13:00:00+00:00,123.92,125.77879999999999,5756.252721388524,10699.72255851692,0.010499999999999933,20,v3_long,tp,False,A,True,0.012588766946417062,0.004819137346675292,3.631375080697132e-05,0.34615384615384964,0.6538461538461503
GAZP,-1,2024-06-07 15:00:00+00:00,2024-06-07 15:00:00+00:00,124.14,123.62,5806.385073509165,3019.3202382247423,0.002932173352666322,0,v3_short,opposite_signal,False,A,True,0.01949411954245197,0.00471242145964235,-7.4109875946511e-05,0.30578512396694163,0.6942148760330584
GAZP,1,2024-06-07 17:00:00+00:00,2024-06-07 18:00:00+00:00,123.8,122.562,5839.403612214741,-7229.181671921847,-0.0069999999999999975,1,v3_long,sl,False,A,True,0.022778675282714,0.004720315024232641,-0.00010662358642972482,0.28368794326241104,0.716312056737589
GAZP,1,2024-06-28 11:00:00+00:00,2024-07-01 09:00:00+00:00,115.87,116.0,6195.371882470352,805.3983447211176,0.0007853629067057636,70,v3_long,timeout,False,A,True,0.014671614740657535,0.0053238543194959855,0.00039785967032018757,0.2764705882352953,0.7235294117647048
GAZP,1,2024-08-01 19:00:00+00:00,2024-08-02 12:00:00+00:00,132.48,131.15519999999998,5422.867745041851,-7184.2151886315005,-0.007000000000000055,17,v3_long,sl,False,A,True,0.014643719806763269,0.006069312349033828,0.00017964975845410593,0.03608247422680065,0.9639175257731993
GAZP,1,2024-08-09 18:00:00+00:00,2024-08-12 09:00:00+00:00,128.73,128.39,5541.774009408082,-1884.2031631987668,-0.0018488308863512967,63,v3_long,timeout,False,A,True,0.019342810533675096,0.006362638856521397,0.0001126388565213983,0.5863453815261032,0.4136546184738969
GAZP,-1,2024-09-19 18:00:00+00:00,2024-09-19 23:00:00+00:00,122.53,122.24,5811.422721103919,1685.3125891201728,0.0016567371256019292,5,v3_short,opposite_signal,False,A,True,0.01779301338556976,0.005494000979431928,0.0001509957557949718,0.6055045871559648,0.3944954128440352
GAZP,-1,2024-09-20 11:00:00+00:00,2024-09-20 15:00:00+00:00,122.82,122.82,5807.306178385013,-0.0,-0.0,4,v3_short,opposite_signal,False,A,True,0.016283992835043153,0.004882653476632459,6.106497313140952e-05,0.8049999999999997,0.19500000000000028
GAZP,-1,2024-09-20 17:00:00+00:00,2024-09-23 09:00:00+00:00,122.31,122.65,5831.5210925455585,-1982.7171714655099,-0.0019458752350584776,64,v3_short,timeout,False,A,True,0.010793131643499652,0.0047117743254292575,-6.214227309893629e-05,0.34090909090909116,0.6590909090909088
GAZP,1,2024-10-10 17:00:00+00:00,2024-10-11 13:00:00+00:00,132.94,131.6106,5354.787444029047,-7118.654428092175,-0.006999999999999962,20,v3_long,sl,False,A,True,0.01007897705904478,0.003814874012786773,-0.00013012410680707172,0.5895522388059627,0.4104477611940373
GAZP,-1,2024-10-11 20:00:00+00:00,2024-10-14 09:00:00+00:00,132.74,131.5,5325.315539472328,6603.391268945736,0.006539098990507808,61,v3_short,timeout,False,A,True,0.010696798493408568,0.003994821092278712,-7.231638418078514e-05,0.8591549295774715,0.14084507042252845
GAZP,-1,2024-11-01 19:00:00+00:00,2024-11-01 19:00:00+00:00,124.41,125.6541,5719.031899347471,-7115.047585978206,-0.0070000000000000175,0,v3_short,sl,False,A,True,0.017677782241864226,0.007402571313780625,-0.00027320208919244494,0.772727272727273,0.227272727272727
GAZP,1,2025-01-23 20:00:00+00:00,2025-01-24 10:00:00+00:00,136.54,138.58809999999997,5174.485317765008,10597.863379314393,0.010499999999999881,14,v3_long,tp,False,A,True,0.01574630145012434,0.0067127764757580035,-6.298520580049903e-05,0.46046511627906567,0.5395348837209344
GAZP,-1,2025-01-30 13:00:00+00:00,2025-01-30 15:00:00+00:00,137.67,139.0467,5185.899104039765,-7139.427296531542,-0.006999999999999999,2,v3_short,sl,False,A,True,0.01692330040674036,0.00593672589375823,0.0002934340499709486,0.7167381974248835,0.2832618025751165
GAZP,-1,2025-03-16 16:00:00+00:00,2025-03-16 16:00:00+00:00,170.53,172.2353,4157.30446575724,-7089.4513054557965,-0.006999999999999975,0,v3_short,sl,False,A,True,0.0027562749237626015,0.00365982919349092,0.0004157870044569571,0.34042553191488717,0.6595744680851128
GAZP,1,2025-03-18 19:00:00+00:00,2025-03-18 19:00:00+00:00,172.17,170.4483,4088.880261554064,-7039.825146317626,-0.006999999999999994,0,v3_long,sl,False,A,True,0.04025792959219228,0.006863687414401951,-4.879749041478052e-05,0.6666666666666653,0.3333333333333347
GAZP,1,2025-03-21 16:00:00+00:00,2025-03-24 06:00:00+00:00,166.9,166.4,4188.463972614385,-2094.2319863071925,-0.002097064110245656,62,v3_long,timeout,False,A,True,0.015817855002995724,0.005841821449970039,-0.00028819652486518544,0.2272727272727263,0.7727272727272737
GAZP,1,2025-05-14 09:00:00+00:00,2025-05-14 10:00:00+00:00,145.83,144.3717,4783.574536370608,-6975.886746389298,-0.00700000000000004,1,v3_long,sl,False,A,True,0.012136588041689593,0.006340762768138105,-1.3027975863956452e-05,0.41242937853108136,0.5875706214689187
GAZP,-1,2025-05-14 17:00:00+00:00,2025-05-14 22:00:00+00:00,145.81,143.62285,4750.741059710948,10390.583308746813,0.010500000000000013,5,v3_short,tp,False,A,True,0.01769183295618194,0.005742086134901127,-0.00030652129191524564,0.6162790697674402,0.3837209302325598
GAZP,1,2025-05-19 17:00:00+00:00,2025-05-19 19:00:00+00:00,140.91,143.02364999999998,4967.56058642095,10499.684433488534,0.010499999999999893,2,v3_long,tp,False,A,True,0.02270308620078034,0.00502589570769776,0.00041362185172046713,0.14687500000000017,0.8531249999999998
GAZP,1,2025-05-19 21:00:00+00:00,2025-05-19 21:00:00+00:00,140.86,139.4514,5021.501784296593,-7073.287413360215,-0.007000000000000035,0,v3_long,sl,False,A,True,0.024348690281819962,0.006661460921416904,0.00018811670334351063,0.1895043731778454,0.8104956268221546
GAZP,1,2025-06-01 11:00:00+00:00,2025-06-01 14:00:00+00:00,130.2,128.898,5394.603994982074,-7023.7744014666205,-0.006999999999999962,3,v3_long,sl,False,A,True,0.019273592874145894,0.005483176488321241,0.00014743146740382523,0.011952191235060122,0.9880478087649399
GAZP,1,2025-06-04 18:00:00+00:00,2025-06-06 12:00:00+00:00,129.88,128.5812,5370.040022063746,-6974.607980656393,-0.007,42,v3_long,sl,False,A,True,0.025720006160480542,0.00714534681073546,0.0003465270291082704,0.2365269461077818,0.7634730538922182
GAZP,1,2025-06-06 14:00:00+00:00,2025-06-06 15:00:00+00:00,129.49,128.1951,5348.510097144024,-6925.785724791865,-0.007000000000000068,1,v3_long,sl,False,A,True,0.03243744207599643,0.00622327366144741,3.938832252085633e-05,0.30714285714286077,0.6928571428571393
GAZP,1,2025-06-11 14:00:00+00:00,2025-06-13 14:00:00+00:00,122.83,123.69,5599.043576258451,4815.177475582264,0.004901082797362204,48,v3_long,timeout,False,A,True,0.011153626964096755,0.005388277336669865,-0.00033786534234307394,0.44525547445255287,0.5547445255474471
GAZP,-1,2025-06-14 12:00:00+00:00,2025-06-14 18:00:00+00:00,123.91,125.1491,5577.444489587064,-6911.011467047373,-0.007000000000000043,6,v3_short,sl,False,A,True,0.005406714009038103,0.002947370039042097,0.00010490639122013836,0.9552238805970134,0.044776119402986654
GAZP,1,2025-06-19 14:00:00+00:00,2025-06-20 17:00:00+00:00,125.95,124.6905,5448.697409113139,-6862.634386778013,-0.007000000000000015,27,v3_long,sl,False,A,True,0.012306470821754642,0.005802218925638826,0.000435887256847954,0.09677419354839094,0.9032258064516091
GAZP,1,2025-06-27 15:00:00+00:00,2025-06-27 17:00:00+00:00,126.07,127.96104999999999,5405.406477409815,10221.893919105793,0.010499999999999962,2,v3_long,tp,False,A,True,0.012135152284263968,0.004351873497194765,0.00019987309644669909,0.3267973856209148,0.6732026143790852
GAZP,-1,2025-06-29 11:00:00+00:00,2025-06-29 17:00:00+00:00,127.46,127.04,5402.596268244386,2269.0904326625746,0.0023066059940372767,6,v3_short,opposite_signal,False,A,True,0.0031392246115209987,0.003918217385490978,6.0430073771776945e-05,0.2749999999999947,0.7250000000000053
GAZP,-1,2025-07-03 20:00:00+00:00,2025-07-04 07:00:00+00:00,127.97,127.34,5393.477249771768,3397.890667356189,0.003446120184418198,11,v3_short,opposite_signal,False,A,True,0.024224427600218867,0.005681841550034338,-0.0003422677189966395,0.5387096774193539,0.4612903225806461
GAZP,1,2025-07-04 09:00:00+00:00,2025-07-04 13:00:00+00:00,127.39,128.19,5436.704663791839,4349.363731033456,0.004395949446581349,4,v3_long,opposite_signal,False,A,True,0.02197974723290691,0.0053627278023144825,-0.00018839783342491383,0.28214285714285825,0.7178571428571418
GAZP,-1,2025-07-04 15:00:00+00:00,2025-07-06 10:00:00+00:00,128.41,127.47,5417.228889745081,5092.195156360363,0.005124211510006996,43,v3_short,opposite_signal,False,A,True,0.01814641744548296,0.005502951303492369,-0.0001557632398753872,0.7768240343347608,0.22317596566523926
GAZP,1,2025-07-06 12:00:00+00:00,2025-07-07 10:00:00+00:00,127.43,126.15570000000001,5486.862578212495,-6991.908983416163,-0.006999999999999982,22,v3_long,sl,False,A,True,0.003529965484781949,0.0029779544213180864,-7.295262001882701e-05,0.2666666666666751,0.733333333333325
GAZP,-1,2025-07-14 11:00:00+00:00,2025-07-14 12:00:00+00:00,116.4,117.56400000000001,5964.747096677205,-6942.965620532275,-0.007000000000000008,1,v3_short,sl,False,A,True,0.01305841924398622,0.0034364261168385022,-0.0002611683848797268,0.8223684210526337,0.17763157894736628
GAZP,-1,2025-07-22 08:00:00+00:00,2025-07-22 09:00:00+00:00,127.89,127.77,5390.855314089094,646.9026376907158,0.0006568144499179232,1,v3_short,opposite_signal,False,A,True,0.011259676284306809,0.00475929835535744,-7.819219641881518e-06,0.40277777777777724,0.5972222222222228
GAZP,1,2025-07-22 11:00:00+00:00,2025-07-22 17:00:00+00:00,127.61,129.52415,5406.232410980627,10348.339769478525,0.010499999999999959,6,v3_long,tp,False,A,True,0.011284382101716148,0.004777814980777109,-1.3321839981193944e-05,0.20833333333333168,0.7916666666666683
GAZP,1,2025-07-24 12:00:00+00:00,2025-07-24 18:00:00+00:00,128.71,127.42290000000001,5416.309189681242,-6971.331558038701,-0.006999999999999973,6,v3_long,sl,False,A,True,0.01709268899075454,0.004455139869719373,0.00018180405562893132,0.27727272727273133,0.7227272727272687
GAZP,1,2025-07-27 13:00:00+00:00,2025-07-28 09:00:00+00:00,126.05,124.78949999999999,5491.8938811046855,-6922.532237132497,-0.007000000000000042,20,v3_long,sl,False,A,True,0.004601348671162224,0.003946111919138494,-0.0002514875049583511,0.2758620689655122,0.7241379310344879
GAZP,-1,2025-07-31 20:00:00+00:00,2025-08-01 07:00:00+00:00,122.38,123.60379999999999,5616.991756391999,-6874.074511472512,-0.006999999999999984,11,v3_short,sl,False,A,True,0.01748651740480471,0.004378080353686963,-0.0002083673802908958,0.7850467289719589,0.21495327102804104
GAZP,1,2025-08-01 20:00:00+00:00,2025-08-04 06:00:00+00:00,121.33,122.33,5625.942462616187,5625.942462616187,0.005769389268935959,58,v3_long,timeout,False,A,True,0.03082502266545792,0.004667566055169245,0.00015989450259622497,0.06149732620320947,0.9385026737967905
GAZP,-1,2025-08-15 08:00:00+00:00,2025-08-15 15:00:00+00:00,140.26,141.6626,4894.722363560912,-6865.337587130568,-0.007000000000000035,7,v3_short,sl,False,A,True,0.027092542421217822,0.005699940711610762,-0.00015613859974333366,0.8157894736842066,0.1842105263157934
GAZP,-1,2025-08-24 11:00:00+00:00,2025-08-24 16:00:00+00:00,132.12,132.19,5159.915398138524,-361.1940778696615,-0.0003708749621555799,5,v3_short,opposite_signal,False,A,True,0.009762373240502439,0.004184675064045423,-7.037990010594876e-05,0.3953488372092977,0.6046511627907023
GAZP,-1,2025-08-25 20:00:00+00:00,2025-08-26 09:00:00+00:00,132.45,133.7745,5145.15052131033,-6814.751865475535,-0.007000000000000003,13,v3_short,sl,False,A,True,0.023173309178744127,0.004731280193236729,-0.00016832729468599172,0.8957654723126973,0.10423452768730272
GAZP,1,2025-09-01 16:00:00+00:00,2025-09-01 17:00:00+00:00,135.91,134.55089999999998,4979.066001337063,-6767.048602417263,-0.007000000000000063,1,v3_long,sl,False,A,True,0.013390229546792181,0.00312831077104178,0.00011918775750441054,0.15384615384615505,0.8461538461538449
GAZP,-1,2025-09-02 08:00:00+00:00,2025-09-02 10:00:00+00:00,135.84,133.8024,4946.76035203201,10079.518893300412,0.010499999999999989,2,v3_short,tp,False,A,True,0.019802709069493503,0.004090596780526099,-7.656065959953036e-05,0.7397769516728665,0.26022304832713355
GAZP,-1,2025-09-05 12:00:00+00:00,2025-09-07 12:00:00+00:00,132.2,132.07,5136.335774926918,667.7236507404759,0.0006883509833585235,48,v3_short,timeout,False,A,True,0.019288956127080054,0.004970539055657309,-0.00020726172465960306,0.9294117647058792,0.0705882352941208
GAZP,1,2025-09-10 08:00:00+00:00,2025-09-10 13:00:00+00:00,132.78,131.4522,5117.419762018804,-6794.909960008549,-0.00699999999999998,5,v3_long,sl,False,A,True,0.008584983809021661,0.0032738673251394247,0.00014007078846298772,0.22807017543859123,0.7719298245614088
GAZP,-1,2025-09-17 18:00:00+00:00,2025-09-18 15:00:00+00:00,124.39,122.52415,5424.347286991325,10121.018385432735,0.010499999999999971,21,v3_short,tp,False,A,True,0.022349063429536145,0.0049081623586258935,-0.0002870005627462009,0.9064748201438831,0.09352517985611691
GAZP,1,2025-09-25 22:00:00+00:00,2025-09-26 13:00:00+00:00,117.21,118.74,5817.074241947393,8900.123590179517,0.009137445610442803,15,v3_long,opposite_signal,False,A,True,0.023208191126279854,0.0065093407580384295,-0.00037798634812286503,0.19485294117646587,0.8051470588235341
GAZP,-1,2025-09-26 15:00:00+00:00,2025-09-26 18:00:00+00:00,118.74,119.92739999999999,5794.587825600299,-6880.493584117776,-0.006999999999999981,3,v3_short,sl,False,A,True,0.018697885959740576,0.00547460624947359,-0.00011623010191189817,0.927927927927923,0.07207207207207697
GAZP,-1,2025-09-28 13:00:00+00:00,2025-09-28 18:00:00+00:00,119.78,119.8,5704.065894998306,-114.08131789994343,-0.00011688094840538667,5,v3_short,opposite_signal,False,A,True,0.004090833194189305,0.004257805977625646,0.00035481716480213727,0.1632653061224472,0.8367346938775528
GAZP,1,2025-10-01 15:00:00+00:00,2025-10-01 17:00:00+00:00,117.03,115.8597,5837.419088954686,-6831.531559803654,-0.006999999999999983,2,v3_long,sl,False,A,True,0.020251217636503376,0.00579923276532782,-0.0003486285567803114,0.17299578059071657,0.8270042194092835
GAZP,1,2025-10-03 13:00:00+00:00,2025-10-04 10:00:00+00:00,115.84,114.6816,5856.10397003198,-6783.710838885047,-0.007000000000000003,21,v3_long,sl,False,A,True,0.01553733275787654,0.005949162937555375,-0.00022529132498920647,0.10555555555555446,0.8944444444444455
GAZP,1,2025-10-11 18:00:00+00:00,2025-10-12 18:00:00+00:00,115.45,116.11,5834.755186672021,3850.938423203514,0.004001732351667367,24,v3_long,opposite_signal,False,A,True,0.011083210667590278,0.006355528617196286,0.0001775045458481264,0.7265625000000047,0.27343749999999534
GAZP,1,2025-10-13 12:00:00+00:00,2025-10-13 14:00:00+00:00,116.18,115.01820000000001,5821.295775499461,-6763.181431975271,-0.006999999999999997,2,v3_long,sl,False,A,True,0.020835126990959858,0.0039845027981059,3.4438226431356405e-06,0.4710743801652919,0.5289256198347081
GAZP,1,2025-10-13 18:00:00+00:00,2025-10-14 16:00:00+00:00,115.72,114.5628,5803.525027610999,-6715.839161951466,-0.007000000000000018,22,v3_long,sl,False,A,True,0.026973286072447394,0.005598685916832372,0.00010460793637071292,0.44230769230769224,0.5576923076923078
GAZP,-1,2025-10-15 14:00:00+00:00,2025-10-15 15:00:00+00:00,115.97,117.1297,5750.477095643519,-6668.828287817793,-0.007000000000000005,1,v3_short,sl,False,A,True,0.01577994308872983,0.005609436197201635,-0.00014400275933431196,0.8032786885245903,0.19672131147540972
GAZP,1,2025-10-16 10:00:00+00:00,2025-10-16 15:00:00+00:00,115.23,115.89,5746.894463076511,3792.9503456304774,0.004009372559229347,5,v3_long,opposite_signal,False,A,True,0.01961635274715741,0.00509595749637962,5.7286693863377155e-05,0.10176991150442631,0.8982300884955737
GAZP,-1,2025-10-16 17:00:00+00:00,2025-10-16 17:00:00+00:00,115.71,116.8671,5746.000468604681,-6648.697142222476,-0.006999999999999998,0,v3_short,sl,False,A,True,0.011321406965689985,0.005328657396667724,-8.642295393656556e-05,0.7022900763358747,0.2977099236641253
GAZP,-1,2025-10-30 11:00:00+00:00,2025-10-30 14:00:00+00:00,116.39,117.5539,5672.44287501239,-6602.15626222691,-0.00699999999999999,3,v3_short,sl,False,A,True,0.009708737864077752,0.004757145893344054,0.00014520147779018797,0.47787610619469173,0.5221238938053083
LKOH,1,2022-02-03 11:00:00+00:00,2022-02-03 13:00:00+00:00,6944.0,6874.5599999999995,100.80645161290323,-7000.000000000052,-0.007000000000000052,2,v3_long,sl,False,A,True,0.01871042026482441,0.0053764051752870955,0.0004001151410477835,0.18461538461538463,0.8153846153846154
LKOH,-1,2022-02-10 17:00:00+00:00,2022-02-10 19:00:00+00:00,6990.5,7060.405,99.43494742865317,-6950.9999999999745,-0.006999999999999974,2,v3_short,sl,False,A,True,0.018591347872720772,0.0051145023803699455,-7.579549517340007e-05,0.7423076923076923,0.25769230769230766
LKOH,1,2022-02-11 10:00:00+00:00,2022-02-11 11:00:00+00:00,6945.5,6876.045,99.37863364768555,-6902.342999999993,-0.006999999999999992,1,v3_long,sl,False,A,True,0.02434983070383978,0.005518713576679975,1.9451048195374975e-05,0.1804733727810651,0.8195266272189349
LKOH,-1,2022-07-29 16:00:00+00:00,2022-08-01 09:00:00+00:00,3862.5,3883.0,177.45052683495146,-3637.735800116505,-0.003715210355987055,65,v3_short,timeout,False,A,True,0.01825242718446602,0.0073962930273609884,3.4951456310679615e-05,0.75177304964539,0.24822695035460993
LKOH,-1,2022-11-10 23:00:00+00:00,2022-11-14 09:00:00+00:00,4671.0,4680.0,146.19058977519126,-1315.7153079767213,-0.0013487475915221578,82,v3_short,timeout,False,A,True,0.014770416354489993,0.004281280102750722,-0.0001990795247779086,0.6594202898550725,0.34057971014492755
LKOH,1,2022-11-17 17:00:00+00:00,2022-11-21 09:00:00+00:00,4603.5,4623.0,148.1340814867676,2888.614588991968,0.002965135223199739,88,v3_long,timeout,False,A,True,0.013576626479852286,0.004992804387965679,-5.7564896274573696e-05,0.0,1.0
LKOH,-1,2022-11-25 19:00:00+00:00,2022-11-28 09:00:00+00:00,4664.0,4647.0,146.64607082689304,2492.983204057182,0.0025514579759862784,62,v3_short,timeout,False,A,True,0.009314775160599571,0.003128345824411135,-1.0706638115631692e-06,0.6666666666666666,0.3333333333333333
LKOH,-1,2022-12-16 18:00:00+00:00,2022-12-19 09:00:00+00:00,4579.5,4585.0,149.73301945178932,-823.5316069848412,-0.0008407031335298614,63,v3_short,timeout,False,A,True,0.01724890829694323,0.003271697598253275,-0.00018122270742358077,0.9936708860759493,0.006329113924050633
LKOH,1,2023-01-06 17:00:00+00:00,2023-01-09 09:00:00+00:00,4099.5,4105.0,167.12425672754722,919.1834120015097,0.0009391389193804124,64,v3_long,timeout,False,A,True,0.00804976216611782,0.0031939870715940967,-0.00017929015733626053,0.4393939393939394,0.5606060606060606
LKOH,1,2023-02-09 18:00:00+00:00,2023-02-10 18:00:00+00:00,3929.5,3927.0,174.51821321872524,-436.2955330468131,-0.0004453492810790177,24,v3_long,opposite_signal,False,A,True,0.009287531806615776,0.0040553435114503815,-3.1806615776081425e-05,0.1643835616438356,0.8356164383561644
LKOH,-1,2023-02-10 20:00:00+00:00,2023-02-13 09:00:00+00:00,3936.0,3941.5,174.15241665900612,-957.8382916245337,-0.0009781504065040651,61,v3_short,timeout,False,A,True,0.01675977653631285,0.0035114588623666836,-7.237176231589639e-05,0.49242424242424243,0.5075757575757576
LKOH,1,2023-03-03 11:00:00+00:00,2023-03-03 11:00:00+00:00,4035.0,4038.0,169.71336435333603,509.1400930600081,0.0005204460966542751,0,v3_long,opposite_signal,False,A,True,0.011771995043370507,0.005343866171003717,0.00021437422552664188,0.7368421052631579,0.2631578947368421
LKOH,1,2023-03-03 15:00:00+00:00,2023-03-03 17:00:00+00:00,4020.5,4038.0,170.414083629114,2982.2464635094952,0.0030468847158313644,2,v3_long,opposite_signal,False,A,True,0.011565725656012934,0.005071663972142768,9.07847282676284e-05,0.40860215053763443,0.5913978494623656
LKOH,-1,2023-03-03 19:00:00+00:00,2023-03-06 09:00:00+00:00,4037.5,4048.0,170.2135964719033,-1787.2427629549845,-0.0018204334365325078,62,v3_short,timeout,False,A,True,0.011538461538461539,0.004664236972704715,2.8535980148883375e-05,0.7741935483870968,0.22580645161290322
LKOH,-1,2023-03-16 21:00:00+00:00,2023-03-17 11:00:00+00:00,4071.5,4112.215,168.4849136242763,-6859.863258212434,-0.007000000000000024,14,v3_short,sl,False,A,True,0.01694707110401572,0.004271306643743093,-0.00011789266854967457,0.8768115942028986,0.12318840579710146
LKOH,-1,2023-03-24 18:00:00+00:00,2023-03-27 09:00:00+00:00,4205.5,4230.0,161.9746573630941,-3968.3791053958057,-0.00407799310426822,63,v3_short,timeout,False,A,True,0.014985727878211227,0.0035717471455756424,-0.00016175071360608945,0.753968253968254,0.24603174603174602
LKOH,-1,2023-04-27 17:00:00+00:00,2023-04-28 14:00:00+00:00,4700.0,4655.5,144.34182046100327,6423.211010514646,0.006627659574468087,21,v3_short,opposite_signal,False,A,True,0.012659574468085107,0.003168218085106383,-0.00010531914893617021,0.8235294117647058,0.17647058823529413
LKOH,1,2023-04-28 16:00:00+00:00,2023-05-02 09:00:00+00:00,4663.0,4680.0,146.45138406049227,2489.6735290283686,0.0025520051469011366,89,v3_long,timeout,False,A,True,0.014690113660733433,0.003461425048252198,-6.326399313746515e-05,0.31386861313868614,0.6861313868613139
LKOH,1,2023-05-05 17:00:00+00:00,2023-05-08 09:00:00+00:00,4519.5,4524.5,151.4870174453801,757.4350872269006,0.0007744219493306783,64,v3_long,timeout,False,A,True,0.01050652510506525,0.0050839139570891395,-0.00020238885202388852,0.2,0.8
LKOH,-1,2023-06-09 17:00:00+00:00,2023-06-13 09:00:00+00:00,5102.5,5092.0,134.28236744839867,1409.9648582081861,0.00144047035766781,88,v3_short,timeout,False,A,True,0.010092102684695277,0.004041740152851264,-0.0001744072114442485,0.8058252427184466,0.1941747572815534
LKOH,-1,2023-06-22 17:00:00+00:00,2023-06-22 22:00:00+00:00,5154.5,5127.5,133.11916874695896,3594.217556167892,0.0036666990008730237,5,v3_short,opposite_signal,False,A,True,0.01164031428848579,0.0040498593462023474,-0.00019788534290425842,0.8583333333333333,0.14166666666666666
LKOH,-1,2023-06-29 18:00:00+00:00,2023-06-30 10:00:00+00:00,5144.5,5112.5,133.86698563427302,4283.743540296737,0.00435416464185052,16,v3_short,opposite_signal,False,A,True,0.010498687664041995,0.003569432293185574,0.000242053076698746,0.8981481481481481,0.10185185185185185
LKOH,1,2023-06-30 12:00:00+00:00,2023-07-03 09:00:00+00:00,5104.0,5099.0,135.51671788278313,-677.5835894139157,-0.0006857366771159875,69,v3_long,timeout,False,A,True,0.010677899686520376,0.0034715419278996866,-5.192006269592477e-05,0.1559633027522936,0.8440366972477065
LKOH,1,2023-07-14 11:00:00+00:00,2023-07-14 11:00:00+00:00,5475.5,5503.0,126.23559849532197,3471.478958621354,0.003515660670258424,0,v3_long,opposite_signal,False,A,True,0.010044744772166925,0.0046770842845402245,0.00025842388822938547,0.4636363636363636,0.5363636363636364
LKOH,-1,2023-07-21 22:00:00+00:00,2023-07-24 09:00:00+00:00,5494.0,5508.0,126.25283123992908,-1767.5396373590072,-0.0017837641062977794,59,v3_short,timeout,False,A,True,0.019477564394284153,0.004075839628652043,-0.0002930736324747429,0.9018691588785047,0.09813084112149532
LKOH,-1,2023-08-17 23:00:00+00:00,2023-08-18 13:00:00+00:00,6149.0,6210.49,112.60298863002424,-6923.957770860166,-0.006999999999999975,14,v3_short,sl,False,A,True,0.017075947308505448,0.007066697837046674,-0.00011221336802732151,0.8285714285714286,0.17142857142857143
LKOH,-1,2023-08-25 11:00:00+00:00,2023-08-28 09:00:00+00:00,6562.0,6570.5,104.77735547796662,-890.6075215627163,-0.0009067357512953368,70,v3_short,timeout,False,A,True,0.020120417651093667,0.006725859309503849,0.00018443716180169194,0.7689393939393939,0.23106060606060605
LKOH,1,2023-09-01 13:00:00+00:00,2023-09-04 09:00:00+00:00,6805.5,6844.0,100.93682776891089,3886.0678691030694,0.003960032326794504,68,v3_long,timeout,False,A,True,0.008372502937720329,0.004119693742655699,0.00017479435957696825,0.2543859649122807,0.7456140350877193
LKOH,1,2023-09-22 11:00:00+00:00,2023-09-22 14:00:00+00:00,6405.5,6453.0,107.664636467051,5114.070232184922,0.005190851611896027,3,v3_long,opposite_signal,False,A,True,0.02185792349726776,0.006696428571428571,-5.308352849336456e-05,0.7178571428571429,0.28214285714285714
LKOH,1,2023-10-05 22:00:00+00:00,2023-10-06 10:00:00+00:00,6693.5,6745.5,103.56699455475083,5385.483716847043,0.005438111600806753,12,v3_long,opposite_signal,False,A,True,0.017107425668608994,0.005023905572986703,-2.3905572986702524e-05,0.42358078602620086,0.5764192139737991
LKOH,-1,2023-10-06 15:00:00+00:00,2023-10-09 09:00:00+00:00,6773.0,6880.0,102.90794576317991,-11011.15019666025,-0.011058615089325262,66,v3_short,gap_sl,False,A,True,0.016905359515724198,0.004918426103646833,-0.00011294847187361583,0.8995633187772926,0.10043668122270742
LKOH,-1,2023-10-19 20:00:00+00:00,2023-10-20 11:00:00+00:00,7475.0,7452.5,92.2124028784422,2074.7790647649495,0.0021070234113712374,15,v3_short,opposite_signal,False,A,True,0.01043408467661026,0.004380977861012642,0.00033843890040799945,0.75,0.25
LKOH,1,2023-10-20 13:00:00+00:00,2023-10-23 09:00:00+00:00,7438.5,7510.5,92.86012729202001,6685.929165025441,0.006775559588626739,68,v3_long,timeout,False,A,True,0.0140485312899106,0.004356557101566176,0.0003098743026147745,0.32057416267942584,0.6794258373205742
LKOH,1,2023-11-03 12:00:00+00:00,2023-11-06 09:00:00+00:00,7229.0,7243.0,96.19867302216194,1346.781422310267,0.0013556508507400744,69,v3_long,timeout,False,A,True,0.00843765128985407,0.0034839892108721212,0.00026696175392489107,0.19672131147540983,0.8032786885245902
LKOH,1,2023-11-10 13:00:00+00:00,2023-11-13 09:00:00+00:00,7261.0,7296.0,95.90455230310232,3356.659330608581,0.0033741908827985122,68,v3_long,timeout,False,A,True,0.009089657072028646,0.0035420396639581327,-0.00019349951797273103,0.3409090909090909,0.6590909090909091
LKOH,1,2023-11-16 17:00:00+00:00,2023-11-17 10:00:00+00:00,7175.0,7103.25,97.38154924101073,-6987.12615804252,-0.007,17,v3_long,sl,False,A,True,0.010174216027874565,0.0033013937282229964,-0.00011219512195121951,0.1643835616438356,0.8356164383561644
LKOH,-1,2023-11-17 17:00:00+00:00,2023-11-20 09:00:00+00:00,7217.0,7225.5,96.13712449683001,-817.1655582230551,-0.0008244422890397672,64,v3_short,timeout,False,A,True,0.019469271807662995,0.003730600013857133,-7.967851451534677e-05,0.9715302491103203,0.028469750889679714
LKOH,1,2023-12-01 11:00:00+00:00,2023-12-04 09:00:00+00:00,7233.5,7170.0,95.83875186325652,-6085.760743316789,-0.006145019700006912,70,v3_long,timeout,False,A,True,0.010713298313519491,0.003153511197124689,7.672103953552668e-05,0.38064516129032255,0.6193548387096774
LKOH,-1,2023-12-08 12:00:00+00:00,2023-12-11 09:00:00+00:00,7150.0,7183.0,96.36217889266354,-3179.9519034578966,-0.0032307692307692306,69,v3_short,timeout,False,A,True,0.013706293706293707,0.004173951048951049,-0.0002853146853146853,0.7653061224489796,0.23469387755102042
LKOH,-1,2023-12-22 13:00:00+00:00,2023-12-25 09:00:00+00:00,6771.0,6748.0,101.4272061364826,2332.8257411390996,0.0023777876236892623,68,v3_short,timeout,False,A,True,0.02222386296515062,0.004884542971057295,-1.624335499113999e-05,0.840531561461794,0.15946843853820597
LKOH,1,2023-12-28 22:00:00+00:00,2024-01-03 09:00:00+00:00,6759.0,6774.0,101.84888160510744,1527.7332240766116,0.0015534842432312472,131,v3_long,timeout,False,A,True,0.011391375101708706,0.003072065241511946,5.5477476144685255e-05,0.43506493506493504,0.564935064935065
LKOH,-1,2024-01-11 19:00:00+00:00,2024-01-15 09:00:00+00:00,6983.0,6950.0,98.73492825802303,3258.25263251476,0.003308033796362595,86,v3_short,timeout,False,A,True,0.009227467811158798,0.003657010014306152,0.0004434907010014306,0.813953488372093,0.18604651162790697
LKOH,1,2024-02-02 11:00:00+00:00,2024-02-02 12:00:00+00:00,7064.5,7115.0,97.91871765426218,4944.89524154024,0.005003892702951377,1,v3_long,opposite_signal,False,A,True,0.007077641729775638,0.0032468681435345744,0.000254795102271923,0.29,0.71
LKOH,-1,2024-02-02 14:00:00+00:00,2024-02-05 09:00:00+00:00,7100.0,7099.0,97.91664894895963,97.91664894895963,9.859154929577466e-05,67,v3_short,timeout,False,A,True,0.010070422535211268,0.003202024647887324,0.0001584507042253521,0.6993006993006993,0.3006993006993007
LKOH,1,2024-02-16 20:00:00+00:00,2024-02-19 09:00:00+00:00,7227.5,7233.0,96.1987892344348,529.0933407893914,0.000532687651331719,61,v3_long,timeout,False,A,True,0.013144240747146317,0.0031304047042545833,-1.3836042891732966e-05,0.23684210526315788,0.7631578947368421
LKOH,1,2024-02-22 19:00:00+00:00,2024-02-26 09:00:00+00:00,6994.5,7099.4175,99.45630345706343,10434.70671795641,0.010499999999999956,86,v3_long,gap_tp,False,A,True,0.01002649860345198,0.004684254816300222,-0.00048342046838072047,0.35,0.65
LKOH,1,2024-03-07 18:00:00+00:00,2024-03-11 09:00:00+00:00,7497.0,7537.0,93.76436030852337,3750.5744123409345,0.0037348272642390287,87,v3_long,timeout,False,A,True,0.008003735076368972,0.0033369739211632095,-1.3339558460614954e-06,0.6666666666666666,0.3333333333333333
LKOH,1,2024-03-15 17:00:00+00:00,2024-03-18 09:00:00+00:00,7350.5,7390.5,95.99031512436412,3839.6126049745644,0.00380926467587239,64,v3_long,timeout,False,A,True,0.009180550833049982,0.0032981978918735122,-0.0003264195851751105,0.2074074074074074,0.7925925925925926
LKOH,1,2024-04-05 22:00:00+00:00,2024-04-08 09:00:00+00:00,7683.0,7700.0,92.18593520045823,1567.16089840779,0.0015488741377066252,59,v3_long,timeout,False,A,True,0.016074450084602367,0.0032336001561889885,0.00011909410386567747,0.23481781376518218,0.7651821862348178
LKOH,-1,2024-05-03 17:00:00+00:00,2024-05-06 09:00:00+00:00,8092.0,8075.0,87.66208017474122,1490.2553629706008,0.0014705882352941176,64,v3_short,timeout,False,A,True,0.011925358378645575,0.003194244449698038,-9.330202669303016e-05,0.8497409326424871,0.15025906735751296
LKOH,1,2024-05-30 19:00:00+00:00,2024-05-31 10:00:00+00:00,7611.0,7534.89,93.3392105542091,-7104.0473152808245,-0.006999999999999971,15,v3_long,sl,False,A,True,0.01868421052631579,0.004181743421052632,0.0002263157894736842,0.2147887323943662,0.7852112676056338
LKOH,1,2024-06-07 11:00:00+00:00,2024-06-07 13:00:00+00:00,7421.5,7532.822499999999,95.05246896279577,10581.478476110766,0.010499999999999933,2,v3_long,tp,False,A,True,0.01212366134572641,0.005613507779349364,0.00021485822051592915,0.46111111111111114,0.5388888888888889
LKOH,1,2024-06-28 11:00:00+00:00,2024-06-28 15:00:00+00:00,7262.5,7189.875,98.15338152711413,-7128.389333406664,-0.007,4,v3_long,sl,False,A,True,0.011222030981067126,0.004081325301204819,0.0001989672977624785,0.8895705521472392,0.11042944785276074
LKOH,-1,2024-07-18 17:00:00+00:00,2024-07-18 20:00:00+00:00,6860.0,6928.6,103.18499428677575,-7078.490608072854,-0.007000000000000037,3,v3_short,sl,False,A,True,0.01676507034040382,0.006079615861214374,2.1138566950943945e-05,0.8695652173913043,0.13043478260869565
LKOH,-1,2024-07-26 12:00:00+00:00,2024-07-29 09:00:00+00:00,6934.0,6891.0,101.36921219810075,4358.876124518332,0.004340928756850302,69,v3_short,timeout,False,A,True,0.014350616571717026,0.003711599480781712,-0.0001427850292060287,0.49748743718592964,0.5025125628140703
LKOH,1,2024-08-09 17:00:00+00:00,2024-08-12 09:00:00+00:00,6418.5,6404.0,109.98602955033007,-1594.797428479786,-0.0015813663628573655,64,v3_long,timeout,False,A,True,0.01627979436049229,0.005350327153762268,5.530456457392117e-05,0.32057416267942584,0.6794258373205742
LKOH,-1,2024-09-13 11:00:00+00:00,2024-09-13 13:00:00+00:00,6479.0,6381.815,108.78669122840833,10572.434587032907,0.01050000000000004,2,v3_short,tp,False,A,True,0.01643772187065905,0.005095790245408242,-5.4020682204043835e-06,0.9014084507042254,0.09859154929577464
LKOH,-1,2024-09-19 22:00:00+00:00,2024-09-20 23:00:00+00:00,6821.0,6889.21,104.41719347306562,-7122.29676679781,-0.007000000000000003,25,v3_short,sl,False,A,True,0.016419879783023016,0.0045562417534085915,-7.476909544055124e-05,0.9196428571428571,0.08035714285714286
LKOH,-1,2024-10-11 20:00:00+00:00,2024-10-14 09:00:00+00:00,6874.0,6824.0,102.88682993061134,5144.341496530567,0.005091649694501019,61,v3_short,timeout,False,A,True,0.013166509056521423,0.0031779661016949155,-0.00026696733832836257,0.9060773480662984,0.09392265193370165
LKOH,1,2024-10-17 17:00:00+00:00,2024-10-18 16:00:00+00:00,6966.0,6937.0,102.04494803195432,-2959.303492926675,-0.0029141544645420615,23,v3_long,opposite_signal,False,A,True,0.01126902095894344,0.0036718525696238873,6.890611541774332e-05,0.45222929936305734,0.5477707006369427
LKOH,-1,2024-10-18 20:00:00+00:00,2024-10-21 09:00:00+00:00,6971.5,6979.5,101.66730195016066,-813.3384156012853,-0.0008032704582944847,61,v3_short,timeout,False,A,True,0.012837983217385067,0.003729469984938679,-0.00011762174567883525,0.7318435754189944,0.2681564245810056
LKOH,-1,2024-10-24 18:00:00+00:00,2024-10-25 13:00:00+00:00,6974.0,7043.74,101.5492197669378,-7082.042586546219,-0.0069999999999999785,19,v3_short,sl,False,A,True,0.013765414396329223,0.003454796386578721,-0.00016203039862345853,0.875,0.125
LKOH,1,2024-10-31 18:00:00+00:00,2024-11-01 12:00:00+00:00,6796.0,6728.04,103.47952160742226,-7032.46828844042,-0.007000000000000003,18,v3_long,sl,False,A,True,0.01795305717018615,0.005035501434773011,0.00015083511147082626,0.4016393442622951,0.5983606557377049
LKOH,-1,2024-11-01 20:00:00+00:00,2024-11-05 09:00:00+00:00,6837.0,6867.0,102.1389646105212,-3064.168938315636,-0.0030715225976305394,85,v3_short,timeout,False,A,True,0.017990346643264588,0.004751261518209741,-0.00015138218516893374,0.9471544715447154,0.052845528455284556
LKOH,1,2024-11-15 16:00:00+00:00,2024-11-18 09:00:00+00:00,6969.0,6957.0,99.89656805643746,-1198.7588166772496,-0.0012053379250968577,65,v3_long,timeout,False,A,True,0.011049723756906077,0.004522583769821339,-0.00011480232474707613,0.7532467532467533,0.24675324675324675
LKOH,-1,2024-11-21 19:00:00+00:00,2024-11-21 19:00:00+00:00,6821.5,6889.715,101.93359988472308,-6953.400516136399,-0.007000000000000015,0,v3_short,sl,False,A,True,0.02008355933445723,0.006118064208751741,-0.00025287693322583013,0.3905109489051095,0.6094890510948905
LKOH,-1,2024-11-21 22:00:00+00:00,2024-11-22 10:00:00+00:00,6895.0,6963.95,100.14106907213096,-6904.726712523411,-0.006999999999999981,12,v3_short,sl,False,A,True,0.020886213648560446,0.006508811371382987,-0.00017622742765972878,0.8819444444444444,0.11805555555555555
LKOH,1,2024-11-29 14:00:00+00:00,2024-12-02 09:00:00+00:00,6861.0,6880.0,99.9328614711524,1898.7243679518958,0.0019384929310596126,67,v3_long,timeout,False,A,True,0.012534615945197494,0.006410781955983093,0.0001384637807899723,0.3372093023255814,0.6627906976744186
LKOH,-1,2024-12-12 17:00:00+00:00,2024-12-12 17:00:00+00:00,6895.0,6865.5,99.6328454838496,2939.168941773563,0.00299492385786802,0,v3_short,opposite_signal,False,A,True,0.012327773749093546,0.0045526649746192895,-7.469180565627266e-05,0.2411764705882353,0.7588235294117647
LKOH,1,2024-12-12 19:00:00+00:00,2024-12-13 12:00:00+00:00,6882.0,6813.18,100.12000695588266,-6890.258878703816,-0.006999999999999971,17,v3_long,sl,False,A,True,0.014159163520185885,0.004338512924774905,-9.294220156839966e-05,0.20512820512820512,0.7948717948717948
LKOH,1,2024-12-27 16:00:00+00:00,2024-12-28 23:00:00+00:00,6956.5,6998.0,98.35444643934332,4081.709527232748,0.004175950549845469,31,v3_long,opposite_signal,False,A,True,0.017034428232588227,0.004608998778121182,0.0003938762308632215,0.29535864978902954,0.7046413502109705
LKOH,1,2025-01-23 17:00:00+00:00,2025-01-27 06:00:00+00:00,7182.0,7199.0,95.66414694017749,1626.2904979830173,0.0016569200779727095,85,v3_long,timeout,False,A,True,0.013156978767838496,0.003957100591715976,-3.6895231465367216e-05,0.2857142857142857,0.7142857142857143
LKOH,1,2025-01-30 21:00:00+00:00,2025-02-03 06:00:00+00:00,7162.0,7160.0,96.0902410880959,-192.1804821761918,-0.00019547612398771293,81,v3_long,timeout,False,A,True,0.008656195462478184,0.003157894736842105,0.00021082024432809773,0.1532258064516129,0.8467741935483871
LKOH,1,2025-02-07 12:00:00+00:00,2025-02-10 06:00:00+00:00,7140.0,7175.0,96.36747623745369,3372.861668310879,0.0034313725490196074,66,v3_long,timeout,False,A,True,0.010014706912248757,0.003472158230157648,0.00013446319770292036,0.13986013986013987,0.8601398601398601
LKOH,-1,2025-02-20 13:00:00+00:00,2025-02-21 13:00:00+00:00,7741.5,7700.0,89.18488451892229,3701.172707535275,0.0037525027449460692,24,v3_short,opposite_signal,False,A,True,0.010592946647719932,0.006578097485025055,3.6171037333677826e-05,0.774390243902439,0.22560975609756098
LKOH,1,2025-03-05 14:00:00+00:00,2025-03-06 10:00:00+00:00,7288.0,7215.12,95.08995669573433,-6930.156043985128,-0.0070000000000000106,20,v3_long,sl,False,A,True,0.018040883523117026,0.006617758554707526,-0.00024420359445740156,0.10646387832699619,0.8935361216730038
LKOH,-1,2025-03-07 15:00:00+00:00,2025-03-07 17:00:00+00:00,7261.5,7152.5775,94.76891760211006,10322.467427515803,0.010499999999999971,2,v3_short,tp,False,A,True,0.019624044618880395,0.005080869908711046,-0.00029057357295324656,0.6912280701754386,0.3087719298245614
LKOH,-1,2025-03-13 20:00:00+00:00,2025-03-16 09:00:00+00:00,7178.5,7170.0,96.87124362568548,823.4055708183266,0.0008288639687957096,61,v3_short,timeout,False,A,True,0.020476389469285417,0.004389630574555905,-8.218414821005711e-05,0.5680272108843537,0.43197278911564624
LKOH,-1,2025-03-18 16:00:00+00:00,2025-03-20 15:00:00+00:00,7241.0,7202.5,96.11470877869853,3700.4162879798932,0.0037218616213230216,47,v3_short,opposite_signal,False,A,True,0.006007457533489849,0.0030696413102158163,0.00012705427427150946,0.7931034482758621,0.20689655172413793
LKOH,1,2025-04-01 15:00:00+00:00,2025-04-01 16:00:00+00:00,6986.5,6916.635,99.9866739666703,-6985.568976681398,-0.0069999999999999785,1,v3_long,sl,False,A,True,0.0217546872763704,0.006165129179298351,6.8699012451696e-05,0.22697368421052633,0.7730263157894737
LKOH,1,2025-04-03 15:00:00+00:00,2025-04-03 17:00:00+00:00,6882.5,6813.675,100.78706856294443,-6936.669993844632,-0.006999999999999982,2,v3_long,sl,False,A,True,0.024767576990122022,0.006638199944952444,-0.0003406449738524114,0.1348973607038123,0.8651026392961877
LKOH,-1,2025-04-16 17:00:00+00:00,2025-04-17 07:00:00+00:00,6490.0,6554.9,106.13425737885574,-6888.113303887699,-0.00699999999999996,14,v3_short,sl,False,A,True,0.013405238828967643,0.005163814775768389,-0.00020261941448382125,0.9195402298850575,0.08045977011494253
LKOH,-1,2025-04-24 11:00:00+00:00,2025-04-24 17:00:00+00:00,6764.5,6721.5,101.11459103792629,4347.927414630831,0.00444970064306305,6,v3_short,opposite_signal,False,A,True,0.010125646711012565,0.004905278717858948,9.09090909090909e-05,0.781021897810219,0.21897810218978103
LKOH,1,2025-04-24 19:00:00+00:00,2025-04-25 13:00:00+00:00,6713.0,6813.695,102.34369138481959,10305.498003994378,0.01049999999999997,18,v3_long,tp,False,A,True,0.014896469536719798,0.004735509263251978,7.969611202145092e-05,0.13,0.87
LKOH,-1,2025-04-28 16:00:00+00:00,2025-04-29 13:00:00+00:00,6905.0,6801.425,100.54265733078783,10413.705733036331,0.010499999999999982,21,v3_short,tp,False,A,True,0.018608355658533055,0.0036289913836796755,5.0684237202230105e-05,0.5836575875486382,0.4163424124513619
LKOH,1,2025-05-02 10:00:00+00:00,2025-05-02 18:00:00+00:00,6616.5,6550.335,106.02835984012928,-7015.36642882215,-0.006999999999999996,8,v3_long,sl,False,A,True,0.01465588879655511,0.007588577472236912,-0.0002855631940772078,0.10309278350515463,0.8969072164948454
LKOH,1,2025-05-04 11:00:00+00:00,2025-05-04 18:00:00+00:00,6527.0,6544.0,106.72987381370308,1814.4078548329524,0.0018231959552627549,7,v3_long,opposite_signal,False,A,True,0.003370614371074,0.003725266556582628,-0.00046958786578826415,0.8636363636363636,0.13636363636363635
LKOH,-1,2025-05-14 08:00:00+00:00,2025-05-14 16:00:00+00:00,6763.0,6830.63,103.19325327227902,-6978.959718804242,-0.007000000000000011,8,v3_short,sl,False,A,True,0.012716250184829218,0.0045915468843630595,0.0002861156291586574,0.686046511627907,0.313953488372093
LKOH,1,2025-05-14 22:00:00+00:00,2025-05-14 22:00:00+00:00,6763.5,6695.865,102.46332521287204,-6930.107000772622,-0.007000000000000022,0,v3_long,sl,False,A,True,0.015820211428993865,0.0038091458408718625,0.00017372662083240927,0.2850467289719626,0.7149532710280374
LKOH,-1,2025-05-17 11:00:00+00:00,2025-05-18 09:00:00+00:00,6630.0,6704.5,103.79481526044032,-7732.713736902803,-0.007865761689291102,22,v3_short,gap_sl,False,A,True,0.02986875848544275,0.0059694416309290345,-0.00046915070146326746,0.702020202020202,0.29797979797979796
LKOH,1,2025-05-19 19:00:00+00:00,2025-05-20 18:00:00+00:00,6663.0,6596.37,102.46836643567272,-6827.467255608884,-0.007000000000000012,23,v3_long,sl,False,A,True,0.01422688131785848,0.0033216023961063273,0.0002156495694496443,0.28421052631578947,0.7157894736842105
LKOH,-1,2025-05-21 15:00:00+00:00,2025-05-21 20:00:00+00:00,6646.5,6592.5,102.00368592220883,5508.199039799277,0.005687203791469194,5,v3_short,opposite_signal,False,A,True,0.016249153689911984,0.004008837259024338,-0.00021665538253215976,0.7824074074074074,0.2175925925925926
LKOH,1,2025-05-21 22:00:00+00:00,2025-05-22 10:00:00+00:00,6597.0,6531.03,103.35353006060642,-6818.2323780982315,-0.007000000000000027,12,v3_long,sl,False,A,True,0.014397211487459271,0.003710970994205222,-0.000184890505417898,0.23157894736842105,0.7684210526315789
LKOH,-1,2025-06-02 09:00:00+00:00,2025-06-02 13:00:00+00:00,6772.0,6731.5,99.97792013366093,4049.105765413268,0.004186355581807443,4,v3_short,opposite_signal,False,A,True,0.016611295681063124,0.0033350987850482286,1.6980435585086748e-05,0.88,0.12
LKOH,1,2025-06-02 15:00:00+00:00,2025-06-02 23:00:00+00:00,6725.0,6825.874999999999,101.09811883731466,10198.272737714024,0.010499999999999905,8,v3_long,tp,False,A,True,0.016204564037761094,0.003951534973611833,-4.757303203746377e-05,0.3211009174311927,0.6788990825688074
LKOH,1,2025-06-08 14:00:00+00:00,2025-06-09 12:00:00+00:00,6349.0,6285.51,108.20974013188548,-6870.236400973386,-0.006999999999999977,22,v3_long,sl,False,A,True,0.0043296859009682755,0.00430052976695502,-0.0003558214594977564,0.14545454545454545,0.8545454545454545
LKOH,1,2025-06-11 15:00:00+00:00,2025-06-13 06:00:00+00:00,6178.5,6271.1775,110.4174920476911,10233.217119249868,0.010499999999999975,39,v3_long,gap_tp,False,A,True,0.011167759164845836,0.004220918891061107,-0.000409484502711014,0.2318840579710145,0.7681159420289855
LKOH,-1,2025-06-19 08:00:00+00:00,2025-06-19 14:00:00+00:00,6404.0,6369.0,107.64798978765371,3767.67964256788,0.003825733916302311,6,v3_short,opposite_signal,False,A,True,0.010384134915677702,0.004491436273381768,0.0002225171767645222,0.7218045112781954,0.2781954887218045
LKOH,1,2025-07-05 11:00:00+00:00,2025-07-07 11:00:00+00:00,6154.5,6118.0,112.44050732796033,-4104.0785174705525,-0.004151433910147047,48,v3_long,timeout,False,A,True,0.007634207747908715,0.004162847629102807,-0.00029643466255177455,0.5851063829787234,0.4148936170212766
LKOH,1,2025-07-11 08:00:00+00:00,2025-07-11 09:00:00+00:00,5923.0,5863.7699999999995,116.3502021589908,-6891.42247387708,-0.007000000000000056,1,v3_long,sl,False,A,True,0.009791508398750738,0.005551038903919713,-0.0004186713936017557,0.3448275862068966,0.6551724137931034
LKOH,-1,2025-07-14 17:00:00+00:00,2025-07-14 18:00:00+00:00,5709.0,5766.09,119.86657061761929,-6843.182516559903,-0.0070000000000000175,1,v3_short,sl,False,A,True,0.024349654024700008,0.005006569151265656,-0.00020846106683016554,0.5971223021582733,0.4028776978417266
LKOH,1,2025-07-17 20:00:00+00:00,2025-07-18 10:00:00+00:00,5922.5,6011.3375,114.7366861788766,10192.920358415908,0.010499999999999957,14,v3_long,tp,False,A,True,0.016631490080202618,0.003583568461042856,5.9940903334740396e-05,0.1218274111675127,0.8781725888324873
LKOH,1,2025-07-21 20:00:00+00:00,2025-07-22 13:00:00+00:00,6165.0,6180.5,111.38087074538326,1726.4034965534406,0.0017599351175993513,17,v3_long,opposite_signal,False,A,True,0.01103000811030008,0.003153284671532847,0.00018167072181670722,0.20588235294117646,0.7941176470588235
LKOH,-1,2025-07-22 15:00:00+00:00,2025-07-23 15:00:00+00:00,6183.0,6244.83,111.25207028835115,-6878.715505928743,-0.0069999999999999915,24,v3_short,sl,False,A,True,0.010914382731021102,0.003549930544837166,-3.9615166949632144e-05,0.8296296296296296,0.17037037037037037
LKOH,1,2025-08-01 16:00:00+00:00,2025-08-01 17:00:00+00:00,5911.0,5935.5,115.55683467073678,2831.142449433051,0.0029013703265098967,1,v3_long,opposite_signal,False,A,True,0.007273957540387381,0.003080525469980457,-0.0001996109278524909,0.13953488372093023,0.8604651162790697
LKOH,-1,2025-08-01 22:00:00+00:00,2025-08-01 23:00:00+00:00,5938.5,5910.5,115.35543478207094,3229.9521738979865,0.003300496758440684,1,v3_short,opposite_signal,False,A,True,0.010104412260020209,0.0031044477140983145,-0.00015493432132030987,0.8416666666666667,0.15833333333333333
LKOH,1,2025-08-16 11:00:00+00:00,2025-08-18 07:00:00+00:00,6343.5,6366.5,108.34700338536403,2491.981077863373,0.0025380310554110504,44,v3_long,opposite_signal,False,A,True,0.03152833609206274,0.0036212546025740635,0.00011034917632221958,0.3425,0.6575
LKOH,1,2025-08-18 11:00:00+00:00,2025-08-18 21:00:00+00:00,6331.0,6425.964999999999,108.83645596739238,10335.654040943335,0.010499999999999916,10,v3_long,tp,False,A,True,0.010187963986731954,0.003541304691202022,-0.0003040593903016901,0.24031007751937986,0.7596899224806202
LKOH,1,2025-08-19 19:00:00+00:00,2025-08-21 10:00:00+00:00,6351.5,6287.985,109.62427151983336,-6962.785605582251,-0.007000000000000036,39,v3_long,sl,False,A,True,0.014072327044025158,0.0040856680007623405,0.00017452830188679247,0.01675977653631285,0.9832402234636871
LKOH,-1,2025-08-22 15:00:00+00:00,2025-08-24 15:00:00+00:00,6300.0,6300.5,109.74676359274824,-54.87338179637412,-5.555555555555555e-05,48,v3_short,timeout,False,A,True,0.014285714285714285,0.0038032581453634083,-0.00028253968253968254,0.7333333333333333,0.26666666666666666
LKOH,-1,2025-08-31 13:00:00+00:00,2025-09-02 09:00:00+00:00,6439.0,6342.415,107.37167250614326,10370.49298900585,0.010500000000000004,44,v3_short,tp,False,A,True,0.0029507687529119427,0.005219927179858847,0.00045038049386550704,0.7105263157894737,0.2894736842105263
LKOH,-1,2025-09-03 17:00:00+00:00,2025-09-04 10:00:00+00:00,6357.0,6420.57,109.89862267726295,-6986.255443593574,-0.006999999999999968,17,v3_short,sl,False,A,True,0.01651592607156901,0.003305254879235052,-0.0002878489972473457,0.638095238095238,0.3619047619047619
LKOH,1,2025-09-12 13:00:00+00:00,2025-09-12 13:00:00+00:00,6548.0,6482.5199999999995,105.94611569163791,-6937.351655488501,-0.007000000000000051,0,v3_long,sl,False,A,True,0.01970217640320733,0.00429251823717369,0.00029018709431080566,0.06201550387596899,0.937984496124031
LKOH,1,2025-09-14 15:00:00+00:00,2025-09-14 16:00:00+00:00,6439.0,6447.0,106.98540447119166,855.8832357695333,0.0008697002640161515,1,v3_long,opposite_signal,False,A,True,0.006134969325153374,0.0038470498981487567,-0.0005723382775491186,0.9746835443037974,0.02531645569620253
LKOH,-1,2025-09-14 18:00:00+00:00,2025-09-16 12:00:00+00:00,6450.5,6353.7425,106.88754943880969,10342.172064825598,0.010499999999999971,42,v3_short,tp,False,A,True,0.009614639063348066,0.002931510607714376,-0.0004132744049003644,0.8064516129032258,0.1935483870967742
LKOH,-1,2025-09-17 14:00:00+00:00,2025-09-18 14:00:00+00:00,6389.0,6337.5,109.04956301462195,5616.05249525303,0.005642510565033652,24,v3_short,opposite_signal,False,A,True,0.013618220239492839,0.004146018956760297,-0.00017922830085309542,0.6264367816091954,0.3735632183908046
LKOH,1,2025-09-25 19:00:00+00:00,2025-09-26 17:00:00+00:00,6144.0,6195.5,114.037906062353,5872.95216221118,0.005867513020833334,22,v3_long,opposite_signal,False,A,True,0.01309049516220831,0.004925518120857066,-0.00027969753638507197,0.18633540372670807,0.8136645962732919
LKOH,-1,2025-09-28 11:00:00+00:00,2025-09-29 18:00:00+00:00,6224.0,6130.64,113.23264160678738,10571.399420409633,0.010499999999999962,31,v3_short,tp,False,A,True,0.004338394793926247,0.003061871222873874,0.00026110709407889453,0.6111111111111112,0.3888888888888889
LKOH,1,2025-10-03 13:00:00+00:00,2025-10-03 17:00:00+00:00,6005.5,5945.445,118.58462092330886,-7121.599409549348,-0.007000000000000034,4,v3_long,sl,False,A,True,0.010074937552039967,0.005059380340943951,-0.00013238967527060783,0.09090909090909091,0.9090909090909091
LKOH,-1,2025-10-12 17:00:00+00:00,2025-10-13 14:00:00+00:00,6007.0,5916.8949999999995,117.72512424974975,10607.622320523757,0.010500000000000054,21,v3_short,tp,False,A,True,0.0052438821375062426,0.0033448630918249695,-0.0002921591476610621,0.9047619047619048,0.09523809523809523
LKOH,-1,2025-10-16 16:00:00+00:00,2025-10-16 17:00:00+00:00,5879.5,5938.295,121.54097406116394,-7146.001569926142,-0.007000000000000008,1,v3_short,sl,False,A,True,0.014628338152747066,0.004171851639645124,-0.0003350910018710665,0.9011627906976745,0.09883720930232558
GMKN,-1,2022-02-04 13:00:00+00:00,2022-02-04 17:00:00+00:00,216.16,214.6,3238.3419689119173,5051.813471502598,0.005051813471502598,4,v3_short,opposite_signal,False,A,True,0.021741141641224853,0.006103588140487214,-0.00031640299750208047,0.6723404255319158,0.3276595744680842
GMKN,1,2022-02-04 19:00:00+00:00,2022-02-07 06:00:00+00:00,213.98,214.02,3287.859937517767,131.51439750077796,0.00013085335078051371,59,v3_long,timeout,False,A,True,0.020037453183520605,0.005856987975556872,-0.0001825842696629203,0.1308411214953276,0.8691588785046724
GMKN,1,2022-02-17 11:00:00+00:00,2022-02-17 11:00:00+00:00,220.72,218.5128,3187.877534923444,-7036.283295083026,-0.007000000000000002,0,v3_long,sl,False,A,True,0.022282608695652246,0.006874523264683448,0.0001739130434782623,0.2520325203252043,0.7479674796747957
GMKN,-1,2022-05-27 11:00:00+00:00,2022-05-27 18:00:00+00:00,203.38,201.62,3435.4554587557495,6046.401607410088,0.006057626118595702,7,v3_short,opposite_signal,False,A,True,0.01219872110181992,0.005987568751956344,0.0002390555828824404,0.9596774193548409,0.040322580645159166
GMKN,1,2022-06-03 11:00:00+00:00,2022-06-03 11:00:00+00:00,204.04,201.9996,3445.0863180108377,-7029.3541232693315,-0.007000000000000018,0,v3_long,sl,False,A,True,0.018331536123909465,0.005427275400807429,0.00018331536123909466,0.7967914438502627,0.2032085561497373
GMKN,1,2022-06-03 13:00:00+00:00,2022-06-06 09:00:00+00:00,202.0,203.2,3455.5191308942717,4146.622957073087,0.00415841584158412,68,v3_long,timeout,False,A,True,0.01851668482027928,0.005702634824330055,7.624517278938611e-05,0.2513368983957207,0.7486631016042793
GMKN,1,2022-06-24 16:00:00+00:00,2022-06-27 09:00:00+00:00,188.02,188.66,3727.88799335493,2385.8483157471046,0.002382725241995482,65,v3_long,timeout,False,A,True,0.02116796085522811,0.0052944077515931515,0.00025635570683970053,0.0050251256281432875,0.9949748743718567
GMKN,-1,2022-07-08 11:00:00+00:00,2022-07-11 09:00:00+00:00,166.36,166.98,4223.2964314235205,-2618.443787482482,-0.002608800192353831,70,v3_short,timeout,False,A,True,0.017788461538461586,0.008927010489510506,0.0002536057692307674,0.44594594594595205,0.554054054054048
GMKN,-1,2022-07-22 13:00:00+00:00,2022-07-22 18:00:00+00:00,148.94,146.70589999999999,4704.946177523695,10511.320255205745,0.010500000000000056,5,v3_short,tp,False,A,True,0.01745669397072662,0.007074233675549671,-9.265476030616325e-05,0.6692307692307669,0.33076923076923315
GMKN,1,2022-11-24 17:00:00+00:00,2022-11-25 17:00:00+00:00,147.32,145.8468,4806.629160053103,-7081.12607859019,-0.0069999999999999585,24,v3_long,sl,False,A,True,0.010449178993079062,0.004592719500610666,0.00013570362328674176,0.272727272727266,0.727272727272734
GMKN,1,2022-12-09 17:00:00+00:00,2022-12-12 09:00:00+00:00,148.96,149.4,4720.433805075256,2076.9908742331017,0.0020676691729323202,64,v3_long,timeout,False,A,True,0.01611820013431837,0.005830255204835436,0.00036265950302216096,0.29166666666667307,0.7083333333333269
GMKN,1,2022-12-22 18:00:00+00:00,2022-12-26 09:00:00+00:00,148.86,149.46,4733.371713126247,2840.0230278757217,0.002821442966545721,87,v3_long,timeout,False,A,True,0.018675265349993288,0.005038291011688811,0.00023780733575171054,0.28776978417266585,0.7122302158273341
GMKN,-1,2022-12-30 11:00:00+00:00,2023-01-03 09:00:00+00:00,152.06,153.46,4646.834994972289,-6505.568992961231,-0.006444824411416573,94,v3_short,timeout,False,A,True,0.004603446008154601,0.003477245824016827,-4.7349730369589e-05,0.08571428571429035,0.9142857142857096
GMKN,1,2023-01-13 11:00:00+00:00,2023-01-16 09:00:00+00:00,153.72,153.7,4567.029866253015,-91.34059732510703,-9.107468123866227e-05,70,v3_long,timeout,False,A,True,0.01743202809938862,0.0034433133862365084,0.000222453492910109,0.194029850746272,0.805970149253728
GMKN,1,2023-01-26 17:00:00+00:00,2023-01-27 10:00:00+00:00,147.64,148.52,4754.672802914426,4184.112066564809,0.004172311026822113,17,v3_long,opposite_signal,False,A,True,0.014763646214275894,0.0038729175132060103,-0.00015440877691995323,0.18348623853210147,0.8165137614678986
GMKN,-1,2023-01-27 12:00:00+00:00,2023-01-27 17:00:00+00:00,148.94,150.4294,4732.837189934747,-7049.08771068876,-0.006999999999999948,5,v3_short,sl,False,A,True,0.01450443190975037,0.004100355895782988,-3.8947085683591256e-05,0.9351851851851791,0.0648148148148209
GMKN,1,2023-02-02 18:00:00+00:00,2023-02-03 10:00:00+00:00,151.7,150.183,4614.201777662486,-6999.744096713973,-0.006999999999999982,16,v3_long,sl,False,A,True,0.018196202531645698,0.0035848496835443225,0.00010021097046413756,0.2173913043478225,0.7826086956521775
GMKN,-1,2023-02-09 17:00:00+00:00,2023-02-10 10:00:00+00:00,149.44,148.7,4651.195053557945,3441.884339632922,0.0034662740899358033,17,v3_short,opposite_signal,False,A,True,0.012312633832976469,0.004378847698072823,3.747323340471107e-05,0.7065217391304397,0.29347826086956036
GMKN,1,2023-02-10 12:00:00+00:00,2023-02-10 16:00:00+00:00,148.42,146.9358,4699.392991789802,-6974.839078414364,-0.00699999999999994,4,v3_long,sl,False,A,True,0.011316179442273868,0.004407752930082188,1.3471642193171096e-06,0.07142857142855813,0.9285714285714418
GMKN,1,2023-03-02 17:00:00+00:00,2023-03-06 09:00:00+00:00,144.74,145.96,4785.142465707837,5837.873808163556,0.005900234903965726,88,v3_long,timeout,False,A,True,0.01962139007876194,0.0039985491225645944,4.698079314632789e-05,0.04929577464789247,0.9507042253521075
GMKN,1,2023-03-10 15:00:00+00:00,2023-03-10 16:00:00+00:00,145.28,146.24,4795.484802810206,4603.665410697836,0.004625550660792989,1,v3_long,opposite_signal,False,A,True,0.015278733654507905,0.003919640808835562,-0.00019132828630419633,0.26126126126126703,0.738738738738733
GMKN,1,2023-03-10 18:00:00+00:00,2023-03-13 09:00:00+00:00,145.6,146.1,4807.078282553264,2403.539141276632,0.002403846153846154,63,v3_long,timeout,False,A,True,0.01304945054945059,0.004063644688644669,-0.00015659340659341254,0.4736842105263174,0.5263157894736826
GMKN,1,2023-03-17 18:00:00+00:00,2023-03-20 09:00:00+00:00,145.36,145.74,4826.589676242768,1834.10407697223,0.0018299394606493997,63,v3_long,timeout,False,A,True,0.019400110071546458,0.0044888552559163445,-6.466703357182152e-05,0.716312056737594,0.283687943262406
GMKN,1,2023-04-13 17:00:00+00:00,2023-04-13 19:00:00+00:00,153.44,154.22,4580.7934579805105,3573.0188972248034,0.003558394160583947,2,v3_long,opposite_signal,False,A,True,0.010424811050299677,0.004397967161845191,-0.00020719311962471095,0.17500000000000132,0.8249999999999986
GMKN,-1,2023-04-13 21:00:00+00:00,2023-04-14 12:00:00+00:00,154.22,155.7622,4573.842960838976,-7053.780614205906,-0.0070000000000000374,15,v3_short,sl,False,A,True,0.010893528725197629,0.0037568084554532415,-0.00013098171443392439,0.6785714285714292,0.32142857142857084
GMKN,1,2023-04-20 17:00:00+00:00,2023-04-21 12:00:00+00:00,157.94,156.3606,4434.851304233524,-7004.404149906395,-0.006999999999999968,19,v3_long,sl,False,A,True,0.014689122451563843,0.004032385716094725,5.065214638469298e-06,0.284482758620689,0.7155172413793109
GMKN,-1,2023-04-21 20:00:00+00:00,2023-04-24 09:00:00+00:00,158.6,157.96,4385.481286795134,2806.708023548826,0.002824716267339158,61,v3_short,timeout,False,A,True,0.03467843631778058,0.004382093316519554,-0.0003177805800756633,0.800000000000001,0.19999999999999896
GMKN,1,2023-05-18 17:00:00+00:00,2023-05-19 10:00:00+00:00,147.68,146.2032,4723.06356786425,-6975.020277021911,-0.006999999999999986,17,v3_long,sl,False,A,True,0.015707515233581538,0.003313303994583621,0.00011103588354773482,0.2931034482758659,0.7068965517241341
GMKN,-1,2023-05-26 12:00:00+00:00,2023-05-29 09:00:00+00:00,146.94,146.84,4713.621297864959,471.3621297864691,0.00047638491901453667,69,v3_short,timeout,False,A,True,0.010072138287736421,0.003202837893017559,1.224989791751395e-05,0.9594594594594577,0.040540540540542354
GMKN,1,2023-06-01 17:00:00+00:00,2023-06-02 17:00:00+00:00,144.96,147.1344,4780.280539453143,10394.242004986874,0.010499999999999959,24,v3_long,tp,False,A,True,0.010208304593736997,0.0032892467926610366,-0.00013932956269830589,0.040540540540542354,0.9594594594594577
GMKN,-1,2023-06-08 17:00:00+00:00,2023-06-09 10:00:00+00:00,146.62,148.08620000000002,4775.783906715444,-7002.254364026255,-0.0070000000000000695,17,v3_short,sl,False,A,True,0.006547537852953266,0.0034187014049924897,-7.638794161778778e-05,0.8124999999999944,0.18750000000000555
GMKN,1,2023-06-29 19:00:00+00:00,2023-06-30 13:00:00+00:00,148.92,147.43079999999998,4669.109980847436,-6953.238583478053,-0.007000000000000053,18,v3_long,sl,False,A,True,0.01853095206123265,0.0039907009534040395,0.00014233919699207766,0.3840579710144845,0.6159420289855154
GMKN,-1,2023-07-14 21:00:00+00:00,2023-07-17 09:00:00+00:00,155.1,154.38,4451.686597932724,3205.2143505115564,0.003249516441005798,60,v3_short,timeout,False,A,True,0.011217122227952611,0.0051008896338318645,0.00015085095410005364,0.7701149425287336,0.22988505747126645
GMKN,1,2023-07-28 11:00:00+00:00,2023-07-28 14:00:00+00:00,162.26,162.0,4269.07581279874,-1109.9597113276336,-0.0011216566005176484,3,v3_long,opposite_signal,False,A,True,0.008999013806705989,0.0037560096153846263,1.8491124260355728e-05,0.5068493150684871,0.493150684931513
GMKN,1,2023-07-28 16:00:00+00:00,2023-07-31 09:00:00+00:00,162.36,163.0,4261.6609361098435,2727.4629991102415,0.002759300320275871,65,v3_long,timeout,False,A,True,0.008870272268079326,0.00339180115806333,-4.0655414562028345e-05,0.5833333333333366,0.41666666666666335
GMKN,1,2023-08-24 20:00:00+00:00,2023-08-25 13:00:00+00:00,160.82,160.82,4314.342082366443,0.0,0.0,17,v3_long,opposite_signal,False,A,True,0.01144136301455045,0.005067777639597045,-0.0002835468225345072,0.6413043478260895,0.35869565217391053
GMKN,-1,2023-08-25 15:00:00+00:00,2023-08-25 16:00:00+00:00,160.96,160.46,4310.589548249076,2155.294774124538,0.002174453280318091,1,v3_short,opposite_signal,False,A,True,0.009443339960238455,0.004834275596421428,-0.00020377733598409372,0.763157894736849,0.236842105263151
GMKN,-1,2023-08-25 19:00:00+00:00,2023-08-28 09:00:00+00:00,161.14,162.02,4315.137147995895,-3797.320690236491,-0.0038227628149436316,62,v3_short,timeout,False,A,True,0.009431620749565536,0.004432706626954555,-0.00010176222387689168,0.8815789473684151,0.11842105263158485
GMKN,-1,2023-09-15 13:00:00+00:00,2023-09-18 09:00:00+00:00,164.28,165.0,4216.478424305411,-3035.864465499891,-0.0030679327976625226,68,v3_short,timeout,False,A,True,0.0104699293888483,0.004683315071828608,-0.00011200389578768152,0.9767441860465162,0.02325581395348376
GMKN,1,2023-09-21 18:00:00+00:00,2023-09-22 10:00:00+00:00,161.16,159.5484,4284.921633277756,-6905.579704190474,-0.007000000000000044,16,v3_long,sl,False,A,True,0.024944154877140617,0.00768258252668156,-6.577314470091848e-05,0.3930348258706446,0.6069651741293555
GMKN,1,2023-09-29 15:00:00+00:00,2023-10-02 09:00:00+00:00,160.94,162.44,4260.743535641293,6391.11530346194,0.006524170498322357,66,v3_long,timeout,False,A,True,0.022244314651422792,0.004516434696160047,0.0002671803156455794,0.16759776536312765,0.8324022346368724
GMKN,-1,2023-10-06 11:00:00+00:00,2023-10-06 16:00:00+00:00,161.98,160.72,4261.006576975757,5368.868286989415,0.005445116681071698,5,v3_short,opposite_signal,False,A,True,0.0119738303913097,0.0034370756696704093,9.504999382792023e-05,0.5979381443298959,0.40206185567010416
GMKN,1,2023-10-06 18:00:00+00:00,2023-10-06 18:00:00+00:00,161.32,162.0,4301.736010038591,2925.1804868262716,0.0029506570790974757,0,v3_long,opposite_signal,False,A,True,0.013639181649100983,0.003429169249845007,-2.3558586484810627e-05,0.3454545454545431,0.6545454545454569
GMKN,-1,2023-10-13 16:00:00+00:00,2023-10-16 09:00:00+00:00,163.42,163.26,4258.987146494946,681.4379434391768,0.0006853506302777972,65,v3_short,timeout,False,A,True,0.008444498837351582,0.004107514380124819,-5.9968180149306164e-05,0.956521739130433,0.043478260869567006
GMKN,1,2023-11-16 18:00:00+00:00,2023-11-17 10:00:00+00:00,171.22,169.5078,4067.7531015104046,-6964.806860406097,-0.006999999999999983,16,v3_long,sl,False,A,True,0.011096834481953076,0.003924045088190637,-0.00017521317603083752,0.3789473684210509,0.6210526315789491
GMKN,1,2023-11-23 21:00:00+00:00,2023-11-24 14:00:00+00:00,172.74,171.01260000000002,4003.7357950580476,-6916.053212383226,-0.006999999999999954,17,v3_long,sl,False,A,True,0.012621584066697585,0.003249478925428425,0.00016674386289949354,0.48623853211009127,0.5137614678899087
GMKN,1,2023-12-22 13:00:00+00:00,2023-12-22 18:00:00+00:00,171.0,171.3,4016.164233857655,1204.849270157342,0.001228070175438643,5,v3_long,opposite_signal,False,A,True,0.007254007254007307,0.00420469170469171,-0.00012168012168012075,0.7741935483870975,0.2258064516129025
GMKN,-1,2023-12-22 20:00:00+00:00,2023-12-25 09:00:00+00:00,171.02,170.74,4020.6261167042985,1125.7753126772081,0.0011460647877441282,61,v3_short,timeout,False,A,True,0.008303122441819596,0.00405654309437493,-0.00020582388024792313,0.6619718309859197,0.3380281690140803
GMKN,1,2024-01-26 15:00:00+00:00,2024-01-29 09:00:00+00:00,160.0,160.9,4302.472007485269,3872.224806736767,0.003937500000000024,66,v3_long,timeout,False,A,True,0.0072500000000001565,0.003339843749999999,-0.00011625000000000086,0.31034482758621196,0.689655172413788
GMKN,-1,2024-02-16 11:00:00+00:00,2024-02-19 09:00:00+00:00,152.38,150.4,4535.411986890399,8980.115734042944,0.009095681848011503,70,v3_short,timeout,False,A,True,0.012865957726138764,0.0032000787711697508,-0.0003203360903242743,0.7244897959183685,0.27551020408163146
GMKN,-1,2024-03-07 18:00:00+00:00,2024-03-11 09:00:00+00:00,150.9,151.46,4621.551753321332,-2588.0689818599567,-0.002597746852220024,87,v3_short,timeout,False,A,True,0.010337972166998027,0.0036862160371106774,0.0002385685884691826,0.4102564102564191,0.5897435897435809
GMKN,1,2024-03-14 19:00:00+00:00,2024-03-15 14:00:00+00:00,150.02,151.04,4636.585197232949,4729.3169011775235,0.004759365417944189,19,v3_long,opposite_signal,False,A,True,0.01652011723954163,0.003505528910205176,8.526512123634244e-05,0.40322580645161454,0.5967741935483855
GMKN,-1,2024-03-15 16:00:00+00:00,2024-03-18 09:00:00+00:00,150.86,151.06,4632.71266816725,-926.5425336333973,-0.0009280127270316322,65,v3_short,timeout,False,A,True,0.008878876225814836,0.003441392790882576,-4.240657301882078e-05,0.7462686567164318,0.25373134328356817
GMKN,1,2024-03-21 17:00:00+00:00,2024-03-21 18:00:00+00:00,147.58,149.7937,4731.281022809106,10473.636800192464,0.010499999999999945,1,v3_long,tp,False,A,True,0.012742307170936665,0.004668225565948198,-0.00023451267452893995,0.39361702127660153,0.6063829787233984
GMKN,1,2024-03-22 22:00:00+00:00,2024-03-25 09:00:00+00:00,147.98,148.0,4768.036215071649,95.36072430148177,9.460737937563969e-05,59,v3_long,timeout,False,A,True,0.015945945945945846,0.004425675675675683,0.00024324324324324478,0.1525423728813506,0.8474576271186494
GMKN,1,2024-03-28 17:00:00+00:00,2024-04-01 09:00:00+00:00,151.3,151.2,4663.851629962416,-466.3851629963477,-0.00046265697290162535,88,v3_long,timeout,False,A,True,0.01573449689276758,0.003772477852703946,9.123363744545785e-05,0.04201680672269821,0.9579831932773017
GMKN,-1,2024-04-19 11:00:00+00:00,2024-04-19 22:00:00+00:00,160.02,158.48,4407.663304582028,6787.801489056414,0.0067366579177603695,11,v3_short,opposite_signal,False,A,True,0.01212348456442943,0.003765154355705537,-5.49931258592673e-05,0.9278350515463987,0.0721649484536013
GMKN,-1,2024-04-25 17:00:00+00:00,2024-04-26 14:00:00+00:00,157.36,156.0,4512.364915109022,6136.816284548332,0.006049822064057001,21,v3_short,opposite_signal,False,A,True,0.016014234875444903,0.004456342145399095,-0.00023512963904422543,0.825396825396827,0.17460317460317298
GMKN,1,2024-04-26 16:00:00+00:00,2024-04-29 09:00:00+00:00,155.74,156.22,4586.885285994218,2201.7049372771776,0.002157441890329991,65,v3_long,timeout,False,A,True,0.01836393989983314,0.004374277642224211,3.4673173237448344e-05,0.2587412587412607,0.7412587412587394
GMKN,1,2024-04-30 15:00:00+00:00,2024-05-02 10:00:00+00:00,154.02,156.3303,4648.115231118254,10738.540618452427,0.010499999999999926,43,v3_long,tp,False,A,True,0.013894299441630868,0.0031968637344562648,-0.00029346838072977417,0.4205607476635567,0.5794392523364432
GMKN,-1,2024-05-03 16:00:00+00:00,2024-05-03 16:00:00+00:00,155.34,154.9,4657.008409487255,2049.0837001743816,0.0019827475215655876,0,v3_short,opposite_signal,False,A,True,0.011973735032831296,0.004395051324367641,2.574996781255341e-06,0.9892473118279516,0.010752688172048433
GMKN,-1,2024-05-03 18:00:00+00:00,2024-05-03 18:00:00+00:00,155.1,153.8,4673.46257201723,6075.501343622319,0.005867182462927067,0,v3_short,opposite_signal,False,A,True,0.012765957446808446,0.004722759509993533,2.0631850419084023e-05,0.8585858585858572,0.1414141414141427
GMKN,1,2024-05-03 20:00:00+00:00,2024-05-06 09:00:00+00:00,154.04,154.4,4733.230952093015,1703.9631427535498,0.0016359387172163694,61,v3_long,timeout,False,A,True,0.012857142857142791,0.0047852147852147624,2.987012987012854e-05,0.323232323232318,0.676767676767682
GMKN,-1,2024-06-06 23:00:00+00:00,2024-06-07 12:00:00+00:00,141.14,142.5514,5174.292688538582,-7302.996700603431,-0.007000000000000074,13,v3_short,sl,False,A,True,0.019549511262218378,0.00614463805071539,5.5248618784528456e-05,0.8768115942028969,0.12318840579710309
GMKN,1,2024-06-27 18:00:00+00:00,2024-07-01 09:00:00+00:00,129.48,130.0,5600.76901737653,2912.399889035853,0.0028112449799197344,87,v3_long,timeout,False,A,True,0.019459459459459538,0.005202702702702662,-2.6254826254828713e-05,0.19047619047618564,0.8095238095238143
GMKN,-1,2024-07-18 17:00:00+00:00,2024-07-18 18:00:00+00:00,126.5,127.765,5748.824128792397,-7272.262522922385,-0.007000000000000003,1,v3_short,sl,False,A,True,0.01644268774703556,0.007257905138339937,0.0002972332015810292,1.0,0.0
GMKN,1,2024-07-26 11:00:00+00:00,2024-07-26 11:00:00+00:00,130.44,130.96,5536.152012620304,2878.799046562615,0.0027905550444649427,0,v3_long,opposite_signal,False,A,True,0.012881459898788583,0.005487080202422909,0.00023616009814445953,0.6904761904761857,0.30952380952381436
GMKN,1,2024-08-02 11:00:00+00:00,2024-08-05 09:00:00+00:00,128.54,126.0,5633.661333894403,-14309.499788091738,-0.013832270110471409,70,v3_long,gap_sl,False,A,True,0.01478139100669057,0.005212385249727707,0.0003391940252061626,0.23157894736841916,0.7684210526315809
GMKN,1,2024-08-09 11:00:00+00:00,2024-08-12 09:00:00+00:00,124.1,123.0,5754.5058662942965,-6329.956452923693,-0.006204673650281998,70,v3_long,timeout,False,A,True,0.015632554391619643,0.005625503626107985,-0.00024818694601127996,0.8247422680412352,0.17525773195876485
GMKN,-1,2024-11-02 11:00:00+00:00,2024-11-02 14:00:00+00:00,98.8,99.788,7183.230855162708,-7097.032084900753,-0.0069999999999999975,3,v3_short,sl,False,A,True,0.02186234817813762,0.007692307692307686,-1.4170040485831457e-05,0.7314814814814818,0.26851851851851816
GMKN,1,2025-01-16 17:00:00+00:00,2025-01-16 18:00:00+00:00,118.94,120.72409999999999,5925.132722638684,10571.029290459646,0.010499999999999971,1,v3_long,tp,False,A,True,0.018001345895020195,0.007617976110363393,7.738896366083579e-05,0.25233644859812704,0.7476635514018729
GMKN,-1,2025-03-16 11:00:00+00:00,2025-03-17 07:00:00+00:00,131.34,132.6534,5422.072533378763,-7121.350065339676,-0.007000000000000008,20,v3_short,sl,False,A,True,0.005332927015084479,0.005790035044948976,-0.0001036111534359254,0.7714285714285726,0.2285714285714274
GMKN,1,2025-03-21 14:00:00+00:00,2025-03-21 17:00:00+00:00,130.98,129.6702,5398.916334465026,-7071.500614882268,-0.006999999999999978,3,v3_long,sl,False,A,True,0.012673690639792309,0.005734101630622581,-0.0002672163689112842,0.18072289156625515,0.8192771084337448
GMKN,1,2025-04-14 08:00:00+00:00,2025-04-14 10:00:00+00:00,118.02,116.8398,5949.839104031617,-7022.00011057811,-0.006999999999999996,2,v3_long,sl,False,A,True,0.01236868858014227,0.003835371676781349,0.0003253134530667549,0.35616438356164265,0.6438356164383574
GMKN,-1,2025-04-25 11:00:00+00:00,2025-04-25 13:00:00+00:00,115.06,116.2106,6060.182608903239,-6972.84610980405,-0.006999999999999982,2,v3_short,sl,False,A,True,0.018425169476794755,0.006696734884316659,-0.00021727794194333392,0.8962264150943404,0.10377358490565962
GMKN,-1,2025-05-06 20:00:00+00:00,2025-05-07 10:00:00+00:00,108.52,108.3,6380.424057349282,1403.6932926168347,0.0014190932546995873,14,v3_short,opposite_signal,False,A,True,0.021558872305140992,0.006510656593575335,-0.00032983231988207223,0.8376068376068337,0.16239316239316628
GMKN,1,2025-05-13 22:00:00+00:00,2025-05-14 07:00:00+00:00,113.46,112.32539999999999,6111.283306966118,-6933.862040083794,-0.0070000000000000374,9,v3_long,sl,False,A,True,0.019915403595347242,0.005390947355325634,6.16848783926673e-05,0.3274336283185811,0.672566371681419
GMKN,-1,2025-05-14 17:00:00+00:00,2025-05-14 23:00:00+00:00,113.78,112.0733,6051.4369887530065,10327.987508704744,0.010499999999999987,6,v3_short,tp,False,A,True,0.021097046413502157,0.0055426012288104275,-7.032348804500802e-05,0.6083333333333352,0.3916666666666648
GMKN,1,2025-05-19 11:00:00+00:00,2025-05-19 20:00:00+00:00,111.62,110.5038,6233.310265511651,-6957.620918364144,-0.007000000000000039,9,v3_long,sl,False,A,True,0.015048369759942606,0.0037549265496238074,0.00047474023647438296,0.2023809523809553,0.7976190476190447
GMKN,-1,2025-06-09 11:00:00+00:00,2025-06-09 11:00:00+00:00,108.52,109.6052,6366.492417928084,-6908.91757193556,-0.0070000000000000045,0,v3_short,sl,False,A,True,0.023212969786293388,0.0037288135593220354,-0.0004918938835666915,0.7619047619047595,0.23809523809524052
GMKN,-1,2025-06-13 09:00:00+00:00,2025-06-13 09:00:00+00:00,107.78,106.6,6365.33229628132,7511.092109612001,0.007663759510113237,0,v3_short,opposite_signal,False,A,True,0.010391538318797593,0.006967897569122271,1.8556318426433691e-06,0.6785714285714304,0.3214285714285696
GMKN,1,2025-06-13 11:00:00+00:00,2025-06-13 18:00:00+00:00,106.9,105.831,6466.915616182684,-6913.132793699307,-0.007000000000000017,7,v3_long,sl,False,A,True,0.017786931286276033,0.006843287773825115,0.00014229545029020613,0.3473684210526362,0.6526315789473638
GMKN,1,2025-06-15 11:00:00+00:00,2025-06-15 18:00:00+00:00,105.72,106.18,6493.322799984295,2986.9284879928273,0.003045781309118479,7,v3_long,opposite_signal,False,A,True,0.011729095724555381,0.0048626000196185775,-0.0002913356034808941,0.24193548387096644,0.7580645161290336
GMKN,-1,2025-06-17 12:00:00+00:00,2025-06-17 16:00:00+00:00,105.68,106.7368,6515.565256963801,-6885.649363559316,-0.00699999999999997,4,v3_short,sl,False,A,True,0.020060560181680585,0.00471979446241368,-0.00025359576078728296,0.9528301886792481,0.04716981132075194
GMKN,1,2025-06-19 14:00:00+00:00,2025-06-20 17:00:00+00:00,106.14,105.0786,6441.916165455464,-6837.449818014468,-0.007000000000000039,27,v3_long,sl,False,A,True,0.03163841807909604,0.006492219248686693,0.00036911487758945535,0.3392857142857145,0.6607142857142855
GMKN,-1,2025-06-29 17:00:00+00:00,2025-06-29 18:00:00+00:00,111.22,111.06,6104.6463489375365,976.743415829985,0.0010070131271353857,1,v3_short,opposite_signal,False,A,True,0.0039561229994605086,0.0031236055332440815,0.00018701672361085993,0.13636363636364224,0.8636363636363578
GMKN,1,2025-07-01 11:00:00+00:00,2025-07-01 18:00:00+00:00,112.26,111.1374,6054.18214252551,-6796.424873199172,-0.007000000000000035,7,v3_long,sl,False,A,True,0.016209476309227,0.0051710550463667584,4.9875311720698454e-05,0.8021978021978033,0.19780219780219668
GMKN,-1,2025-07-02 16:00:00+00:00,2025-07-02 18:00:00+00:00,112.02,110.76,6024.68300221991,7591.100582797032,0.007873594001071179,2,v3_short,opposite_signal,False,A,True,0.020353508302088923,0.0060609477630874245,6.070344581324825e-05,0.8771929824561399,0.12280701754386009
GMKN,-1,2025-07-02 21:00:00+00:00,2025-07-03 17:00:00+00:00,112.04,110.35940000000001,6071.034990330528,10202.981404749475,0.010499999999999989,20,v3_short,tp,False,A,True,0.020178571428571348,0.006015037593984961,2.3214285714284905e-05,0.814159292035403,0.18584070796459698
GMKN,1,2025-07-06 11:00:00+00:00,2025-07-07 07:00:00+00:00,109.06,107.96940000000001,6302.410116449266,-6873.4084729995375,-0.006999999999999967,20,v3_long,sl,False,A,True,0.0036663611365720045,0.003965101673625966,-0.00013748854262144822,0.10000000000001422,0.8999999999999858
GMKN,-1,2025-07-11 08:00:00+00:00,2025-07-11 09:00:00+00:00,104.08,103.72,6557.738867879106,2360.7859924364743,0.0024212144504227482,1,v3_short,opposite_signal,False,A,True,0.01825168107588849,0.007593912735729813,-0.00025552353506244234,0.5052631578947359,0.4947368421052642
GMKN,1,2025-07-11 12:00:00+00:00,2025-07-11 14:00:00+00:00,103.6,102.564,6604.073470690761,-6841.820115635637,-0.00700000000000001,2,v3_long,sl,False,A,True,0.01814321559544485,0.00746655289062262,-9.071607797722425e-05,0.24468085106382706,0.7553191489361729
GMKN,-1,2025-07-22 13:00:00+00:00,2025-07-22 13:00:00+00:00,117.0,118.17,5806.775534039469,-6793.9273748261885,-0.0070000000000000106,0,v3_short,sl,False,A,True,0.018800205093146494,0.006416929506999578,-0.00025807554264228427,0.8636363636363651,0.13636363636363488
GMKN,1,2025-07-24 12:00:00+00:00,2025-07-24 12:00:00+00:00,118.88,119.04,5674.941018844545,907.9905630151885,0.0009421265141319613,0,v3_long,opposite_signal,False,A,True,0.017328398384925996,0.006840157257207614,0.0003852624495289378,0.708737864077666,0.2912621359223339
GMKN,1,2025-07-24 19:00:00+00:00,2025-07-25 11:00:00+00:00,118.1,116.919,5717.8034014762925,-6752.725817143487,-0.0069999999999999845,16,v3_long,sl,False,A,True,0.015603799185888646,0.0059005213168606754,0.00011533242876526574,0.3043478260869518,0.6956521739130482
GMKN,1,2025-08-14 11:00:00+00:00,2025-08-14 14:00:00+00:00,128.18,129.0,5231.281585601106,4289.650900192871,0.004478077703229795,3,v3_long,opposite_signal,False,A,True,0.018879700421282584,0.005013508963546346,-1.4042752379466907e-05,0.45454545454545775,0.5454545454545423
GMKN,-1,2025-08-24 11:00:00+00:00,2025-08-24 11:00:00+00:00,122.48,122.2,5499.252361793638,1539.7906613022249,0.001600261267145663,0,v3_short,opposite_signal,False,A,True,0.009800718719372662,0.004603917867557209,2.4501796798432815e-05,0.25,0.75
GMKN,1,2025-08-24 13:00:00+00:00,2025-08-25 11:00:00+00:00,122.3,121.077,5516.159302824173,-6746.2628273539585,-0.006999999999999994,22,v3_long,sl,False,A,True,0.009811937857726808,0.004027739923079256,5.887162714636131e-05,0.0999999999999929,0.9000000000000071
GMKN,-1,2025-08-31 11:00:00+00:00,2025-09-01 19:00:00+00:00,125.5,123.61749999999999,5337.879671364531,10048.558481343769,0.01050000000000004,32,v3_short,tp,False,A,True,0.003505976095617512,0.003730264128670503,0.0,0.7727272727272845,0.22727272727271552
GMKN,-1,2025-09-05 16:00:00+00:00,2025-09-07 13:00:00+00:00,125.22,126.4722,5405.988577648853,-6769.378896931904,-0.007000000000000011,45,v3_short,sl,False,A,True,0.013897763578274719,0.005065579283672441,0.0003067092651757191,0.988505747126439,0.011494252873560965
GMKN,1,2025-09-10 16:00:00+00:00,2025-09-10 18:00:00+00:00,128.8,130.732,5218.938854544542,10082.989866979991,0.010499999999999935,2,v3_long,tp,False,A,True,0.017391304347826157,0.004903563255966016,0.0005186335403726713,0.13392857142857595,0.866071428571424
GMKN,1,2025-09-11 11:00:00+00:00,2025-09-11 13:00:00+00:00,128.98,127.69019999999999,5266.377867671135,-6792.574173722229,-0.006999999999999999,2,v3_long,sl,False,A,True,0.025271317829457293,0.00521827825377399,0.00037364341085271264,0.14723926380367824,0.8527607361963218
GMKN,-1,2025-09-11 17:00:00+00:00,2025-09-12 13:00:00+00:00,129.96,128.0106,5190.078604575388,10117.539231759247,0.010499999999999985,20,v3_short,tp,False,A,True,0.02170232414960746,0.005727339743849399,-9.081114360474117e-05,0.8723404255319198,0.12765957446808018
GMKN,-1,2025-09-17 10:00:00+00:00,2025-09-17 11:00:00+00:00,123.5,123.26,5518.906015488655,1324.5374437172488,0.0013603238866396468,1,v3_short,opposite_signal,False,A,True,0.017651821862348233,0.005535904538674625,-6.963562753036549e-05,0.4587155963302738,0.5412844036697262
GMKN,1,2025-09-17 13:00:00+00:00,2025-09-17 17:00:00+00:00,122.68,124.52019999999999,5563.352373031064,10237.681036851662,0.010499999999999893,4,v3_long,tp,False,A,True,0.016628627323117103,0.0057530931992517955,-6.194978806651608e-05,0.019607843137257906,0.9803921568627421
GMKN,-1,2025-09-28 15:00:00+00:00,2025-09-29 09:00:00+00:00,123.22,124.4522,5597.130708076995,-6896.784458492506,-0.007000000000000034,18,v3_short,sl,False,A,True,0.005515898767034334,0.004230057442257312,0.00036502271252433484,0.2647058823529332,0.7352941176470669
GMKN,1,2025-10-05 14:00:00+00:00,2025-10-05 18:00:00+00:00,118.98,120.14,5756.015269190641,6676.977712261124,0.006824676416204384,4,v3_long,opposite_signal,False,A,True,0.006218487394958059,0.005004668534080306,-0.000482352941176469,0.9189189189189169,0.08108108108108315
GMKN,-1,2025-10-16 16:00:00+00:00,2025-10-16 17:00:00+00:00,127.06,128.3306,5426.763585132106,-6895.245811268863,-0.0070000000000000106,1,v3_short,sl,False,A,True,0.024401763224181427,0.006525089486941535,-0.00025818639798488673,0.799999999999999,0.20000000000000093
YNDX,-1,2022-08-19 11:00:00+00:00,2022-08-22 09:00:00+00:00,1949.2,1936.6,359.12169095013337,4524.933305971729,0.004524933305971729,70,v3_short,timeout,False,A,True,0.012524381480340874,0.007396104562719899,0.0003100297710707324,0.17213114754098482,0.8278688524590152
YNDX,-1,2022-09-09 17:00:00+00:00,2022-09-12 09:00:00+00:00,2076.4,2089.8,338.6473961251108,-4537.875108076515,-0.004517434020419987,64,v3_short,timeout,False,A,True,0.020229265003371546,0.008328151955933491,-2.408245833734708e-05,0.8190476190476212,0.18095238095237878
YNDX,-1,2022-09-15 19:00:00+00:00,2022-09-16 10:00:00+00:00,2180.6,2202.406,321.0084108678926,-6999.909407385279,-0.007000000000000013,15,v3_short,sl,False,A,True,0.02008621480326524,0.0067584609740438464,4.4024580390715655e-05,0.671232876712328,0.32876712328767194
YNDX,-1,2022-10-28 15:00:00+00:00,2022-10-31 09:00:00+00:00,2017.0,2030.0,344.6162638340887,-4480.011429843154,-0.00451165096678235,66,v3_short,timeout,False,A,True,0.0372830937035201,0.006330565195835387,-0.00015369360436291523,0.720744680851064,0.279255319148936
YNDX,1,2022-11-17 17:00:00+00:00,2022-11-18 12:00:00+00:00,2091.0,2070.09,330.92061030725336,-6919.54996152462,-0.0069999999999999524,19,v3_long,sl,False,A,True,0.01846006695361067,0.009230033476805375,-0.0002936394069823034,0.025906735751295398,0.9740932642487046
YNDX,-1,2022-11-18 18:00:00+00:00,2022-11-21 09:00:00+00:00,2100.0,2091.0,327.19586246638073,2944.7627621974266,0.0030000000000000005,63,v3_short,timeout,False,A,True,0.021621106772073573,0.005226688256024401,0.0004829031336317727,0.770925110132157,0.22907488986784297
YNDX,1,2022-12-01 19:00:00+00:00,2022-12-05 09:00:00+00:00,1968.6,1963.2,350.0826196855317,-1890.4461463018235,-0.001920146296860665,86,v3_long,timeout,False,A,True,0.020466058763931035,0.0056547619047618985,0.0003870314083080068,0.13366336633663073,0.8663366336633692
YNDX,-1,2022-12-30 23:00:00+00:00,2023-01-03 09:00:00+00:00,1816.0,1817.0,378.7716590366335,-378.7716590366335,-0.0003854625550660793,82,v3_short,timeout,False,A,True,0.017640573318632856,0.004175854465270107,-0.00023704520396912899,0.78125,0.21875
YNDX,1,2023-01-13 11:00:00+00:00,2023-01-13 13:00:00+00:00,1897.2,1906.0,362.4205105677845,3189.3004929964873,0.0032468901539110103,2,v3_long,opposite_signal,False,A,True,0.012648887951934225,0.003913249710129646,0.0002888162749024991,0.5749999999999981,0.4250000000000019
YNDX,-1,2023-01-13 15:00:00+00:00,2023-01-16 09:00:00+00:00,1904.6,1925.6,362.18455475916113,-7605.8756499423835,-0.007718156043263678,66,v3_short,gap_sl,False,A,True,0.013442554085276155,0.003767590842260024,0.0001669817265280389,0.8281249999999958,0.17187500000000416
YNDX,-1,2023-01-20 19:00:00+00:00,2023-01-23 09:00:00+00:00,1902.8,1910.0,359.7291307753514,-2590.049741582546,-0.0026487281900357536,62,v3_short,timeout,False,A,True,0.022432859399683997,0.005479857819905206,-8.741442864665566e-05,0.7417840375586849,0.2582159624413151
YNDX,-1,2023-01-27 18:00:00+00:00,2023-01-30 09:00:00+00:00,1909.2,1912.0,357.57361995612337,-1001.2061358771292,-0.0010266080033521727,63,v3_short,timeout,False,A,True,0.008275717578043254,0.0037712130735386524,-0.00012989733919966574,0.7341772151898736,0.2658227848101264
YNDX,1,2023-02-10 11:00:00+00:00,2023-02-10 18:00:00+00:00,2051.0,2053.6,332.51034174798474,864.5268885447301,0.0008873720136518461,7,v3_long,opposite_signal,False,A,True,0.012579229644076038,0.004516089712335441,-0.0003305704534373485,0.7054263565891503,0.2945736434108497
YNDX,1,2023-03-24 17:00:00+00:00,2023-03-27 09:00:00+00:00,1885.0,1888.4,362.1134640568159,1231.185777793207,0.001262599469496055,64,v3_long,timeout,False,A,True,0.014854111405835544,0.0039655172413793184,0.0001368700265251999,0.14285714285714285,0.8571428571428571
YNDX,1,2023-03-30 17:00:00+00:00,2023-03-31 12:00:00+00:00,1914.6,1895.454,356.9652720106306,-6834.457097915519,-0.006999999999999985,19,v3_long,sl,False,A,True,0.007938995090358324,0.0032513318708868554,-0.0001065496709495437,0.22368421052630613,0.7763157894736938
YNDX,-1,2023-04-07 13:00:00+00:00,2023-04-10 09:00:00+00:00,1921.0,1925.0,353.2855751291059,-1413.1423005164236,-0.0014575741801145237,68,v3_short,timeout,False,A,True,0.009785550697480718,0.003175098896523007,7.391213824692806e-05,0.787234042553191,0.212765957446809
YNDX,1,2023-04-13 17:00:00+00:00,2023-04-13 22:00:00+00:00,1945.8,1955.4,348.2744322194733,3343.434549306991,0.0034535923527598397,5,v3_long,opposite_signal,False,A,True,0.012745400349470632,0.005765623393976759,-0.00046870181930311344,0.15322580645161135,0.8467741935483887
YNDX,1,2023-04-14 11:00:00+00:00,2023-04-17 09:00:00+00:00,1946.6,1955.0,349.3336044370522,2934.40227727127,0.003020651392170997,70,v3_long,timeout,False,A,True,0.008323913266878953,0.0038665090946459614,-0.0001623676908848007,0.19753086419752186,0.8024691358024781
YNDX,1,2023-04-28 11:00:00+00:00,2023-04-28 11:00:00+00:00,2088.4,2067.516,326.59781459071814,-6820.668759912563,-0.0070000000000000045,0,v3_long,sl,False,A,True,0.012737023558705185,0.007110706761156871,0.0003734916682627849,0.24060150375940273,0.7593984962405973
YNDX,1,2023-05-18 17:00:00+00:00,2023-05-19 10:00:00+00:00,2037.8,2068.3669999999997,332.3645146036495,10159.386117889682,0.010499999999999926,17,v3_long,tp,False,A,True,0.022968197879858748,0.0051193806438947845,6.478209658421807e-05,0.2521367521367502,0.7478632478632499
YNDX,-1,2023-06-02 17:00:00+00:00,2023-06-05 09:00:00+00:00,2325.0,2340.0,294.36730242659775,-4415.509536398966,-0.004516129032258064,64,v3_short,timeout,False,A,True,0.018328887359091457,0.00732779020738321,0.00027450305481456066,0.7699530516431902,0.2300469483568098
YNDX,1,2023-06-22 20:00:00+00:00,2023-06-22 23:00:00+00:00,2505.0,2479.95,271.98128601451515,-6813.131214663654,-0.0070000000000000505,3,v3_long,sl,False,A,True,0.015968063872255488,0.0046531936127744734,5.349301397205444e-05,0.19500000000000456,0.8049999999999955
YNDX,1,2023-07-06 18:00:00+00:00,2023-07-07 11:00:00+00:00,2382.8,2358.972,283.9281222159207,-6765.439296160952,-0.006999999999999992,17,v3_long,sl,False,A,True,0.024257176431089548,0.006271508309551791,0.00039701191875105067,0.22145328719723428,0.7785467128027657
YNDX,-1,2023-07-13 22:00:00+00:00,2023-07-14 11:00:00+00:00,2459.8,2484.398,273.1149370309713,-6718.08122108782,-0.006999999999999987,13,v3_short,sl,False,A,True,0.021709082039190215,0.005889706480201635,0.00026994064558094377,0.6404494382022512,0.3595505617977488
YNDX,1,2023-07-27 18:00:00+00:00,2023-07-31 09:00:00+00:00,2638.4,2641.8,252.84470332550856,859.6719913067521,0.0009020618556701272,87,v3_long,timeout,False,A,True,0.020386510041682526,0.006143425539977293,0.0001871921182265996,0.1338289962825325,0.8661710037174675
YNDX,1,2023-08-10 18:00:00+00:00,2023-08-11 11:00:00+00:00,2716.8,2689.632,245.76974221434645,-6677.072356479394,-0.0070000000000000305,17,v3_long,sl,False,A,True,0.037985865724381555,0.007092443315665492,0.00032979976442874104,0.5329457364341095,0.4670542635658905
YNDX,1,2023-08-25 12:00:00+00:00,2023-08-28 09:00:00+00:00,2644.0,2655.0,250.7690185319217,2758.4592038511387,0.0029122541603630865,69,v3_long,timeout,False,A,True,0.016940179989412458,0.00797379565907888,-0.0004197232095591016,0.42410714285714113,0.5758928571428589
YNDX,-1,2023-08-31 21:00:00+00:00,2023-09-04 09:00:00+00:00,2687.8,2690.0,247.4009250841196,-544.2820351850181,-0.0005729592975667357,84,v3_short,timeout,False,A,True,0.01942397856664427,0.004518772791545736,-0.00014958696137530632,0.8812260536398498,0.11877394636015019
YNDX,1,2023-09-29 11:00:00+00:00,2023-09-29 16:00:00+00:00,2427.4,2403.126,273.7839700982398,-6645.832090164642,-0.006999999999999968,5,v3_long,sl,False,A,True,0.011199868236844199,0.006230441406571708,0.00048587663674545004,0.16911764705882132,0.8308823529411787
YNDX,-1,2023-10-13 12:00:00+00:00,2023-10-13 17:00:00+00:00,2492.0,2516.92,264.81987421884105,-6599.311265533538,-0.007000000000000019,5,v3_short,sl,False,A,True,0.02472306951356573,0.005939958259752786,-0.00010274522395248178,0.7110389610389598,0.2889610389610402
YNDX,1,2023-11-02 22:00:00+00:00,2023-11-06 09:00:00+00:00,2619.6,2612.8,250.15712653362291,-1701.0684604285675,-0.0018170713085966595,83,v3_long,timeout,False,A,True,0.02366773553214231,0.006005210719193782,0.00027103374561001677,0.2677419354838695,0.7322580645161305
YNDX,1,2023-11-10 17:00:00+00:00,2023-11-13 09:00:00+00:00,2597.4,2598.0,251.83678322367695,151.10206993418328,0.00016170016170013722,64,v3_long,timeout,False,A,True,0.012397012397012326,0.005060348810348809,-0.00030569030569030777,0.29813664596273176,0.7018633540372682
YNDX,1,2023-11-16 19:00:00+00:00,2023-11-16 21:00:00+00:00,2595.6,2569.644,252.05217760599953,-6542.266321941357,-0.007000000000000036,2,v3_long,sl,False,A,True,0.023307692307692272,0.007752403846153873,0.0001353846153846112,0.41254125412541315,0.5874587458745868
YNDX,1,2023-11-23 17:00:00+00:00,2023-11-23 20:00:00+00:00,2573.4,2547.666,252.44697511804358,-6496.470457687714,-0.0069999999999999785,3,v3_long,sl,False,A,True,0.0140680864293486,0.0033469998445515357,3.497590548733095e-05,0.3204419889502753,0.6795580110497247
YNDX,1,2024-01-11 17:00:00+00:00,2024-01-12 11:00:00+00:00,2591.0,2629.865,248.97704224175686,9676.492746725826,0.010499999999999942,18,v3_long,tp,False,A,True,0.008261910277198707,0.003744884564898454,-9.728978457261918e-05,0.34579439252336724,0.6542056074766327
YNDX,1,2024-03-28 19:00:00+00:00,2024-04-01 09:00:00+00:00,4004.4,4020.0,162.7891972258266,2539.51147672288,0.002727000299670347,86,v3_long,timeout,False,A,True,0.016630874494331496,0.0038596239324776606,-7.89092543574898e-05,0.31531531531531576,0.6846846846846842
YNDX,1,2024-04-11 17:00:00+00:00,2024-04-12 12:00:00+00:00,3950.4,3986.4,165.46443889348066,5956.719800165304,0.00637910085054678,19,v3_long,opposite_signal,False,A,True,0.013517618469015818,0.0036499468408262496,0.00010935601458080378,0.16479400749063983,0.8352059925093601
YNDX,-1,2024-04-12 14:00:00+00:00,2024-04-15 09:00:00+00:00,3983.0,3988.0,165.15702316468034,-825.7851158234017,-0.0008787346221441125,67,v3_short,timeout,False,A,True,0.016265876801044275,0.0038327099754003778,0.00012450424218083328,0.7407407407407387,0.25925925925926135
YNDX,-1,2024-05-03 15:00:00+00:00,2024-05-03 17:00:00+00:00,4181.0,4222.81,157.1974105916875,-6572.423736838517,-0.007000000000000067,2,v3_short,sl,False,A,True,0.017746950490313277,0.0054259063108620595,6.170772542453785e-05,0.8113207547169806,0.18867924528301933
YNDX,1,2024-05-17 11:00:00+00:00,2024-05-17 11:00:00+00:00,4357.6,4314.024,149.77090074078814,-6526.416770680587,-0.007000000000000004,0,v3_long,sl,False,A,True,0.01390737595814026,0.0075661518336622826,-0.0004484325515215488,0.12541254125413065,0.8745874587458693
YNDX,1,2024-05-24 11:00:00+00:00,2024-05-24 14:00:00+00:00,4252.0,4230.0,152.41608309703247,-3353.1538281347143,-0.0036218250235183443,3,v3_long,opposite_signal,False,A,True,0.0224824796575891,0.0073109214053901595,0.00023423169183011235,0.7531380753138046,0.24686192468619533
ROSN,1,2022-02-10 12:00:00+00:00,2022-02-11 10:00:00+00:00,570.7,564.993,1226.5638689328894,-6999.999999999992,-0.0069999999999999915,22,v3_long,sl,False,A,True,0.02189717088552159,0.006370924245008631,0.00022335114303232022,0.05600000000000364,0.9439999999999964
ROSN,1,2022-06-10 11:00:00+00:00,2022-06-10 16:00:00+00:00,372.6,368.874,1865.539452495974,-6950.999999999997,-0.0069999999999999975,5,v3_long,sl,False,A,True,0.011810495235538945,0.0063749832237283656,0.00035968326399140693,0.545454545454549,0.45454545454545103
ROSN,1,2022-06-24 11:00:00+00:00,2022-06-27 09:00:00+00:00,375.0,377.0,1840.6248,3681.2496,0.0037333333333333333,70,v3_long,timeout,False,A,True,0.01680000000000003,0.006618181818181821,-0.00030399999999999633,0.0714285714285695,0.9285714285714305
ROSN,-1,2022-08-19 11:00:00+00:00,2022-08-19 15:00:00+00:00,345.05,343.95,2007.8573387045353,2208.6430725750347,0.0022315606433850627,4,v3_short,opposite_signal,False,A,True,0.009995654063450642,0.0062225909683536655,2.7524264812401722e-05,0.3043478260869608,0.6956521739130391
ROSN,1,2022-08-19 17:00:00+00:00,2022-08-22 09:00:00+00:00,343.45,344.4,2021.7126943392125,1920.627059622229,0.0019362352598631303,64,v3_long,timeout,False,A,True,0.011646527878876111,0.004929922312365157,-0.00010336293492502747,0.07500000000000284,0.9249999999999972
ROSN,1,2022-08-26 11:00:00+00:00,2022-08-26 16:00:00+00:00,355.6,360.93399999999997,1956.4163774255846,10435.524957187963,0.010499999999999891,5,v3_long,tp,False,A,True,0.013355827358357938,0.004677734749434457,0.00010262898917474984,0.5052631578947441,0.494736842105256
ROSN,1,2022-11-24 23:00:00+00:00,2022-11-28 09:00:00+00:00,334.9,332.8,2099.1535720590314,-4408.222501323894,-0.004389369961182371,82,v3_long,timeout,False,A,True,0.016273514481934873,0.004870856972230505,0.00016273514481935045,0.21100917431192287,0.7889908256880771
ROSN,1,2022-12-08 17:00:00+00:00,2022-12-09 12:00:00+00:00,333.8,335.65,2096.826769118163,3879.1295228685303,0.0038795686039543925,19,v3_long,opposite_signal,False,A,True,0.011380652890086888,0.0043051811919736505,-0.00035789158430668,0.17105263157895584,0.8289473684210442
ROSN,-1,2022-12-09 14:00:00+00:00,2022-12-09 19:00:00+00:00,335.8,336.0,2092.424556872099,-418.484911374396,-0.0004169148302560811,5,v3_short,opposite_signal,False,A,True,0.008487194758784889,0.0036293924955330447,1.4889815366289458e-05,0.8596491228070239,0.14035087719297615
ROSN,1,2022-12-23 11:00:00+00:00,2022-12-26 09:00:00+00:00,343.55,343.7,2044.3697475176502,306.655462127601,0.00030563236792310893,70,v3_long,timeout,False,A,True,0.01513828238719065,0.0049945414847161656,0.0001251819505094601,0.19230769230769273,0.8076923076923073
ROSN,-1,2023-02-03 17:00:00+00:00,2023-02-06 09:00:00+00:00,342.8,341.5,2049.4687444083374,2664.309367730862,0.002654609101516943,64,v3_short,timeout,False,A,True,0.013860519404727167,0.0034742486139480565,-4.8147067405893704e-05,0.8000000000000024,0.1999999999999976
ROSN,1,2023-02-17 11:00:00+00:00,2023-02-17 11:00:00+00:00,343.8,344.65,2048.9322342658224,1741.5923991258792,0.0017306573589295408,0,v3_long,opposite_signal,False,A,True,0.01701570680628279,0.0056855366492146705,-0.00022978475858056945,0.752136752136755,0.24786324786324496
ROSN,-1,2023-03-10 18:00:00+00:00,2023-03-13 09:00:00+00:00,365.35,366.2,1931.413758916047,-1641.7016950785742,-0.001628575338716234,63,v3_short,timeout,False,A,True,0.01724137931034486,0.004030970625798208,-9.304871373836518e-05,0.9206349206349208,0.07936507936507922
ROSN,-1,2023-03-17 11:00:00+00:00,2023-03-17 12:00:00+00:00,362.2,365.822,1945.0381712684232,-7044.928256334256,-0.007000000000000027,1,v3_short,sl,False,A,True,0.025124240750966382,0.004568435946990622,-0.0005162893429044739,0.9890109890109865,0.01098901098901346
ROSN,-1,2023-03-23 20:00:00+00:00,2023-03-24 12:00:00+00:00,375.2,374.95,1864.5026008901625,466.1256502225406,0.00046641791044776124,16,v3_short,opposite_signal,False,A,True,0.01666222340709144,0.005844274860037321,-0.0001839509464142889,0.5439999999999964,0.4560000000000036
ROSN,-1,2023-03-24 21:00:00+00:00,2023-03-27 09:00:00+00:00,376.5,378.95,1858.931377979136,-4554.381876048862,-0.004555112881806088,60,v3_short,timeout,False,A,True,0.012219418249435577,0.003943086731305628,0.00012883517067339682,0.6739130434782625,0.3260869565217375
ROSN,-1,2023-04-06 17:00:00+00:00,2023-04-07 14:00:00+00:00,391.5,388.85,1779.564742007434,4715.846566319659,0.0047381864623243525,21,v3_short,opposite_signal,False,A,True,0.012255840674071122,0.004627856504532099,-2.2979701263885894e-05,0.6041666666666676,0.39583333333333237
ROSN,1,2023-04-07 16:00:00+00:00,2023-04-07 23:00:00+00:00,387.95,391.7,1804.3580077131955,6766.342528924483,0.00676633586802423,7,v3_long,opposite_signal,False,A,True,0.01378688313361686,0.003974197912640116,0.00013915732508697275,0.24299065420560856,0.7570093457943914
ROSN,1,2023-04-13 17:00:00+00:00,2023-04-17 09:00:00+00:00,388.85,394.68275,1812.362424746255,10571.056932938676,0.010499999999999956,88,v3_long,gap_tp,False,A,True,0.01157556270096463,0.0041760450160771515,-0.00027781350482314994,0.344444444444447,0.655555555555553
ROSN,-1,2023-04-20 18:00:00+00:00,2023-04-21 10:00:00+00:00,398.7,397.3,1786.1471500266828,2500.606010037315,0.002457988462503095,16,v3_short,opposite_signal,False,A,True,0.022447955856533707,0.004934004263857532,-8.026084775520555e-05,0.966480446927373,0.03351955307262701
ROSN,-1,2023-04-21 12:00:00+00:00,2023-04-24 09:00:00+00:00,398.0,398.0,1793.6866656348357,-0.0,-0.0,69,v3_short,timeout,False,A,True,0.013442211055276296,0.005347047738693442,1.2562814070351759e-05,0.6448598130841141,0.3551401869158859
ROSN,-1,2023-04-27 19:00:00+00:00,2023-04-28 14:00:00+00:00,397.55,395.55,1795.7169989250776,3591.4339978501553,0.003521569613885046,19,v3_short,opposite_signal,False,A,True,0.00854808296668756,0.003315524827152729,-0.0001495914519170316,0.9411764705882383,0.058823529411761756
ROSN,1,2023-04-28 16:00:00+00:00,2023-05-02 09:00:00+00:00,396.45,393.8,1807.0407282662622,-4788.657929905554,-0.004679026358935513,89,v3_long,timeout,False,A,True,0.014505549949545914,0.0034963105449041256,-1.8920282542885974e-05,0.42608695652173717,0.5739130434782629
ROSN,1,2023-05-19 20:00:00+00:00,2023-05-22 09:00:00+00:00,413.3,417.0,1725.258253496796,6383.455537938125,0.006266634406000464,61,v3_long,timeout,False,A,True,0.014029995162070662,0.0058206337687469805,0.0001826318335752287,0.5431034482758669,0.4568965517241331
ROSN,1,2023-06-08 18:00:00+00:00,2023-06-09 16:00:00+00:00,459.45,462.85,1561.688225153515,5309.739965522004,0.005180106649254595,22,v3_long,opposite_signal,False,A,True,0.016973125884016997,0.0066029267761940885,0.00016211511261016062,0.4423076923076902,0.5576923076923098
ROSN,-1,2023-06-09 18:00:00+00:00,2023-06-13 09:00:00+00:00,463.2,465.5,1557.0692422768736,-3581.259257236827,-0.003475820379965475,87,v3_short,timeout,False,A,True,0.016198704103671708,0.005362446004319638,-9.071274298056254e-05,0.8599999999999984,0.1400000000000015
ROSN,1,2023-06-22 17:00:00+00:00,2023-06-22 23:00:00+00:00,479.4,474.606,1499.2231780195707,-7187.275915425796,-0.006999999999999976,6,v3_long,sl,False,A,True,0.010743715448002455,0.004090826118702398,-0.0002451236048816105,0.3106796116504802,0.6893203883495198
ROSN,-1,2023-06-30 15:00:00+00:00,2023-07-03 09:00:00+00:00,482.0,483.6,1480.6981294642821,-2369.117007142885,-0.002323651452282191,66,v3_short,timeout,False,A,True,0.008299616142753399,0.0032647318186533815,0.00028529930490714807,0.375,0.625
ROSN,-1,2023-07-14 12:00:00+00:00,2023-07-17 09:00:00+00:00,487.35,485.95,1461.040559139805,2045.456782795777,0.002010875141069096,69,v3_short,timeout,False,A,True,0.009541397353031654,0.005280470914127414,0.0003652405868472341,0.6559139784946293,0.3440860215053707
ROSN,1,2023-08-11 13:00:00+00:00,2023-08-11 14:00:00+00:00,534.3,542.3145,1335.3358342592944,10702.049043671113,0.010499999999999999,1,v3_long,tp,False,A,True,0.012350299401197648,0.004847726422155714,0.0002741392215568879,0.6287878787878731,0.3712121212121268
ROSN,-1,2023-09-01 11:00:00+00:00,2023-09-01 11:00:00+00:00,556.25,554.6,1296.1103291241543,2138.582043054825,0.002076404494381994,0,v3_short,opposite_signal,False,A,True,0.007823741007194285,0.003779788669064748,0.00023561151079136528,0.620689655172421,0.37931034482757897
ROSN,1,2023-09-01 13:00:00+00:00,2023-09-01 14:00:00+00:00,555.15,555.9,1301.37508422129,976.0313131659675,0.0009456903539583896,1,v3_long,opposite_signal,False,A,True,0.008734017648118176,0.003452525661804438,0.0001350621285791464,0.43298969072165217,0.5670103092783478
ROSN,-1,2023-09-01 17:00:00+00:00,2023-09-01 19:00:00+00:00,556.7,557.25,1298.97898315909,-714.4384407374404,-0.0006915753547691183,2,v3_short,opposite_signal,False,A,True,0.01041853781210718,0.0034410364648823524,0.0001517873181246681,0.6293103448275945,0.3706896551724055
ROSN,-1,2023-09-15 11:00:00+00:00,2023-09-15 13:00:00+00:00,554.35,559.8935,1303.583463544961,-7226.414930161484,-0.006999999999999993,2,v3_short,sl,False,A,True,0.019301885090646783,0.005710516821502677,-0.0001352935870839722,0.5654205607476676,0.4345794392523325
ROSN,-1,2023-09-15 15:00:00+00:00,2023-09-18 09:00:00+00:00,559.15,565.0,1283.3461549942524,-7507.575006716405,-0.0073236162031655476,66,v3_short,gap_sl,False,A,True,0.016815742397137706,0.006213662790697686,-6.976744186046267e-05,0.7925531914893563,0.20744680851064365
ROSN,1,2023-10-05 21:00:00+00:00,2023-10-06 16:00:00+00:00,535.45,530.0955,1330.3346718840874,-7123.277000603386,-0.007000000000000038,19,v3_long,sl,False,A,True,0.015592903828197988,0.004513888888888897,0.00011111111111110771,0.502994011976052,0.497005988023948
ROSN,1,2023-10-26 19:00:00+00:00,2023-10-27 12:00:00+00:00,584.3,590.7,1210.5791650862782,7747.70665655229,0.007667294198185973,17,v3_long,opposite_signal,False,A,True,0.018226938216669483,0.004396286154372757,-5.219921273318812e-05,0.04225352112675425,0.9577464788732457
ROSN,-1,2023-10-27 14:00:00+00:00,2023-10-27 16:00:00+00:00,578.65,584.4365,1231.7718842469521,-7127.648008195046,-0.007000000000000056,2,v3_short,sl,False,A,True,0.027386609071274336,0.005637149028077734,-5.529157667386295e-05,0.15772870662460545,0.8422712933753945
ROSN,1,2023-11-03 14:00:00+00:00,2023-11-06 09:00:00+00:00,578.65,582.5,1223.1494810572235,4709.125502070338,0.004657392205996745,67,v3_long,timeout,False,A,True,0.021085378499827247,0.005857349637054962,0.00026702385067404154,0.06967213114754259,0.9303278688524574
ROSN,-1,2023-11-09 20:00:00+00:00,2023-11-10 11:00:00+00:00,584.4,590.244,1216.7553645879732,-7110.718350652177,-0.007000000000000061,15,v3_short,sl,False,A,True,0.01976555146744238,0.0037033669889620945,-0.00017198596731410893,0.7272727272727282,0.2727272727272718
ROSN,1,2023-11-30 17:00:00+00:00,2023-12-01 10:00:00+00:00,584.7,578.8530000000001,1207.6181498542073,-7060.943322197526,-0.006999999999999976,17,v3_long,sl,False,A,True,0.027278946468274404,0.005804258594150829,0.00046006499059346434,0.16614420062696447,0.8338557993730356
ROSN,1,2023-12-08 17:00:00+00:00,2023-12-11 09:00:00+00:00,562.8,564.7,1245.8274198546853,2367.0720977240153,0.0023631840796021035,64,v3_long,timeout,False,A,True,0.01350870956274444,0.006459962673302527,-0.00024351226448631838,0.42763157894736714,0.5723684210526329
ROSN,1,2023-12-14 17:00:00+00:00,2023-12-14 18:00:00+00:00,548.4,542.9159999999999,1281.5620393191532,-7028.086223626284,-0.007000000000000048,1,v3_long,sl,False,A,True,0.02023332118118852,0.005197890083849806,5.559606270506661e-05,0.08108108108107887,0.9189189189189211
ROSN,-1,2023-12-22 11:00:00+00:00,2023-12-25 09:00:00+00:00,583.05,585.85,1196.962459490756,-3351.494886574198,-0.003361632793071002,70,v3_short,timeout,False,A,True,0.025291495198902603,0.0046644590192043926,0.0002520576131687251,0.9186440677966071,0.08135593220339292
ROSN,-1,2023-12-29 17:00:00+00:00,2024-01-03 09:00:00+00:00,594.95,595.6,1169.0779319026528,-759.9006557366978,-0.0007647701487519693,112,v3_short,timeout,False,A,True,0.014539036893856588,0.0035113244810488346,-2.857382973359182e-05,0.994219653179196,0.005780346820804007
ROSN,-1,2024-02-09 17:00:00+00:00,2024-02-12 09:00:00+00:00,591.65,590.1,1174.699543862871,1820.7842929873966,0.0018338544747738836,64,v3_short,timeout,False,A,True,0.013098960534099553,0.0035942913884898266,-0.0001554973379531864,0.8516129032258094,0.14838709677419062
ROSN,-1,2024-03-15 11:00:00+00:00,2024-03-15 11:00:00+00:00,582.9,581.9,1194.5197017182343,1194.5197017182343,0.001200892091267799,0,v3_short,opposite_signal,False,A,True,0.010036026762738074,0.0034632870132098145,-0.00011065362840968044,0.2735042735042763,0.7264957264957237
ROSN,1,2024-03-15 13:00:00+00:00,2024-03-18 09:00:00+00:00,581.35,584.0,1199.1428535697282,3177.7285619597524,0.003190848886213097,68,v3_long,timeout,False,A,True,0.012985896112831019,0.003598533711730309,-0.00014361885104919006,0.23178807947020008,0.7682119205297999
ROSN,1,2024-04-25 21:00:00+00:00,2024-04-27 21:00:00+00:00,577.6,583.05,1210.7792727079868,6598.747036258445,0.006604916897506841,48,v3_long,timeout,False,A,True,0.014283240997229916,0.003370628462603894,-0.000272680055401662,0.5575757575757603,0.44242424242423967
ROSN,-1,2024-05-03 15:00:00+00:00,2024-05-06 09:00:00+00:00,585.4,582.0,1202.537121355508,4088.6262126086995,0.004065596173556516,66,v3_short,timeout,False,A,True,0.006405876323881107,0.0030666861893373903,6.235052955244044e-05,0.8666666666666667,0.13333333333333333
ROSN,1,2024-05-17 11:00:00+00:00,2024-05-20 09:00:00+00:00,593.2,594.0,1191.5496783384024,953.2397426706677,0.0009440323668239517,70,v3_long,timeout,False,A,True,0.008343868520859749,0.0032158659924146626,6.826801517066926e-05,0.6363636363636489,0.3636363636363511
ROSN,1,2024-05-23 20:00:00+00:00,2024-05-24 13:00:00+00:00,593.3,587.367,1192.4735159450697,-7074.94537010209,-0.006999999999999992,17,v3_long,sl,False,A,True,0.01120943952802356,0.0035108512431521327,0.00010029498525073823,0.49624060150375426,0.5037593984962457
ROSN,-1,2024-05-30 18:00:00+00:00,2024-05-30 20:00:00+00:00,576.75,568.09875,1218.1050286105562,10538.13112876708,0.010500000000000004,2,v3_short,tp,False,A,True,0.012394903354424855,0.005842615064574853,4.940625812603166e-05,0.38461538461538586,0.6153846153846142
ROSN,1,2024-06-06 19:00:00+00:00,2024-06-07 13:00:00+00:00,564.9,573.3734999999999,1256.7158205722699,10648.78150561906,0.010499999999999931,18,v3_long,tp,False,A,True,0.015248226950354448,0.006407912234042571,0.00013918439716311895,0.4302325581395315,0.5697674418604685
ROSN,-1,2024-07-18 19:00:00+00:00,2024-07-19 10:00:00+00:00,516.65,521.8165,1388.5084952970262,-7173.729140952144,-0.0070000000000000565,15,v3_short,sl,False,A,True,0.01712958482531688,0.0050324204006580815,0.00018387689925481468,0.9717514124293785,0.028248587570621576
ROSN,1,2024-07-25 17:00:00+00:00,2024-07-26 10:00:00+00:00,531.85,536.8,1339.3838557799043,6629.950086110434,0.006514994829369092,17,v3_long,opposite_signal,False,A,True,0.01024821361414074,0.0037490597969161515,0.00010342233922526839,0.3302752293578079,0.669724770642192
ROSN,-1,2024-07-26 12:00:00+00:00,2024-07-26 13:00:00+00:00,536.35,531.5,1336.7992332559324,6483.476281291303,0.006329821944625741,1,v3_short,opposite_signal,False,A,True,0.013425321648331243,0.003746736900988257,0.00013145627447324175,0.743055555555554,0.256944444444446
ROSN,1,2024-08-01 17:00:00+00:00,2024-08-01 18:00:00+00:00,512.9,507.77099999999996,1406.7668203426076,-7215.307021537261,-0.007000000000000027,1,v3_long,sl,False,A,True,0.013549078857588435,0.004465591188225005,0.000406472365727652,0.26618705035970774,0.7338129496402922
ROSN,1,2024-08-09 20:00:00+00:00,2024-08-12 09:00:00+00:00,505.0,505.7,1418.7722519577176,993.1405763703862,0.0009702970297029547,61,v3_long,timeout,False,A,True,0.01574257425742572,0.005436262376237615,0.0002297029702970279,0.4339622641509426,0.5660377358490574
ROSN,1,2024-08-29 18:00:00+00:00,2024-08-30 09:00:00+00:00,478.25,485.4237499999999,1499.5821968470605,10757.627784631492,0.010499999999999895,15,v3_long,gap_tp,False,A,True,0.020911752404851526,0.007583777708071933,-0.000266624843161857,0.4350000000000023,0.5649999999999977
ROSN,1,2024-08-30 20:00:00+00:00,2024-09-02 09:00:00+00:00,475.85,473.2,1522.970526618364,-4035.871895538716,-0.003898287275401962,61,v3_long,timeout,False,A,True,0.028676470588235248,0.00783219537815126,0.0005693277310924375,0.021978021978022847,0.9780219780219771
ROSN,-1,2024-09-12 20:00:00+00:00,2024-09-12 21:00:00+00:00,481.7,486.517,1498.6099538394674,-7218.804147644725,-0.0070000000000000106,1,v3_short,sl,False,A,True,0.022007681926710196,0.006673025018166706,-0.00029481988996159133,0.7169811320754708,0.28301886792452924
ROSN,1,2024-09-19 17:00:00+00:00,2024-09-20 10:00:00+00:00,511.05,511.85,1402.6558103142943,1122.1246482514514,0.0010957831914685608,17,v3_long,opposite_signal,False,A,True,0.01761252446183964,0.005574241682974555,-8.610567514676837e-05,0.4277777777777776,0.5722222222222224
ROSN,1,2024-09-27 15:00:00+00:00,2024-09-27 18:00:00+00:00,508.65,510.55,1410.8183212717904,2680.55481041645,0.0026147645728890672,3,v3_long,opposite_signal,False,A,True,0.012487708947885872,0.005343534906588017,-0.0003736479842674533,0.07086614173228205,0.929133858267718
ROSN,-1,2024-09-27 22:00:00+00:00,2024-09-30 09:00:00+00:00,511.55,512.45,1406.4883735357007,-1265.8395361821786,-0.0012315511680188133,59,v3_short,timeout,False,A,True,0.013292933242107232,0.004661079073404367,-0.0002590167139087133,0.5588235294117702,0.4411764705882299
ROSN,1,2024-10-10 17:00:00+00:00,2024-10-11 10:00:00+00:00,496.5,495.8,1447.3374417056598,-1013.1362091939454,-0.000986908358509551,17,v3_long,opposite_signal,False,A,True,0.011781290907260026,0.004156806968079754,-0.00020239653609908277,0.5042735042735053,0.49572649572649474
ROSN,1,2024-10-11 12:00:00+00:00,2024-10-11 13:00:00+00:00,495.7,490.743,1448.24257506642,-7178.938444604234,-0.0069999999999999915,1,v3_long,sl,False,A,True,0.009079903147699757,0.003985068603712671,-0.00023204196933010492,0.26666666666666416,0.7333333333333358
ROSN,-1,2024-11-15 23:00:00+00:00,2024-11-18 09:00:00+00:00,480.0,472.8,1485.1428907275028,10693.028813238003,0.010499999999999983,58,v3_short,gap_tp,False,A,True,0.02385416666666664,0.005755208333333332,-0.0003937499999999972,0.9170305676855904,0.08296943231440956
ROSN,-1,2024-12-27 12:00:00+00:00,2024-12-27 13:00:00+00:00,584.75,590.5975,1231.9003124727967,-7203.537077184639,-0.006999999999999961,1,v3_short,sl,False,A,True,0.016414465247499396,0.006107335214157479,0.00023339317773788304,0.7708333333333292,0.22916666666667085
ROSN,1,2025-01-23 17:00:00+00:00,2025-01-27 06:00:00+00:00,538.05,535.85,1329.4512252847107,-2924.792695626273,-0.0028621875290399633,85,v3_long,timeout,False,A,True,0.013381655979927602,0.0061216429699842015,8.642319487036267e-05,0.17361111111111002,0.82638888888889
ROSN,1,2025-01-30 18:00:00+00:00,2025-01-31 07:00:00+00:00,534.2,536.6,1335.200069033134,3204.480165679491,0.0031448895544739495,13,v3_long,opposite_signal,False,A,True,0.01123174840883564,0.005234093282626241,0.0005063646574316768,0.5333333333333409,0.46666666666665907
ROSN,-1,2025-01-31 09:00:00+00:00,2025-01-31 11:00:00+00:00,535.4,534.0,1336.3971105593498,1870.9559547830593,0.0018304071722076653,2,v3_short,opposite_signal,False,A,True,0.011015683345780602,0.004581679179277538,0.00032300224047796775,0.7372881355932128,0.2627118644067872
ROSN,1,2025-01-31 13:00:00+00:00,2025-01-31 16:00:00+00:00,534.0,528.66,1342.3533373816929,-7168.1668216182825,-0.007000000000000042,3,v3_long,sl,False,A,True,0.013202247191011152,0.004432781391681453,8.707865168539496e-05,0.29078014184396705,0.709219858156033
ROSN,1,2025-02-21 15:00:00+00:00,2025-02-24 06:00:00+00:00,571.4,571.0,1245.7104749504572,-498.28418998015457,-0.0004900245012250334,63,v3_long,timeout,False,A,True,0.025726286314315797,0.006562828141407081,5.5127756387817e-05,0.29931972789115396,0.700680272108846
ROSN,-1,2025-03-07 11:00:00+00:00,2025-03-07 17:00:00+00:00,535.3,527.2705,1329.0681233956755,10671.752496805555,0.01049999999999998,6,v3_short,tp,False,A,True,0.015223685439432316,0.005203187290164319,-0.0002316241711030184,0.8282208588956963,0.17177914110430373
ROSN,1,2025-03-13 13:00:00+00:00,2025-03-13 14:00:00+00:00,528.55,523.2645,1360.1748050354158,-7189.203932014631,-0.006999999999999944,1,v3_long,sl,False,A,True,0.01722180166540504,0.005209370891270559,0.00010030280090840617,0.18681318681317885,0.8131868131868212
ROSN,-1,2025-03-14 17:00:00+00:00,2025-03-16 17:00:00+00:00,532.4,534.45,1340.886458394175,-2748.8172397081503,-0.0026953418482345004,48,v3_short,timeout,False,A,True,0.016810668670172675,0.005966032662422411,-1.9722013523669833e-05,1.0,0.0
ROSN,1,2025-03-18 19:00:00+00:00,2025-03-18 20:00:00+00:00,542.6,537.174,1312.1337603782952,-7119.637783812688,-0.007000000000000057,1,v3_long,sl,False,A,True,0.01105175907165224,0.004297906305642518,0.0002551114385706375,0.9333333333333371,0.06666666666666288
ROSN,1,2025-03-20 11:00:00+00:00,2025-03-20 15:00:00+00:00,535.25,529.8975,1320.8407882906943,-7069.800319325893,-0.0069999999999999524,4,v3_long,sl,False,A,True,0.010556801195814605,0.004830953504838318,-0.00010369955156950162,0.2300884955752141,0.7699115044247858
ROSN,-1,2025-03-20 20:00:00+00:00,2025-03-21 15:00:00+00:00,538.0,536.45,1304.8906537343235,2022.580513288142,0.002016728624535257,19,v3_short,opposite_signal,False,A,True,0.02184014869888476,0.0056666992760712204,-0.0002462825278810409,0.8723404255319149,0.1276595744680851
ROSN,1,2025-04-16 10:00:00+00:00,2025-04-16 17:00:00+00:00,447.95,454.6692499999999,1570.3694119173294,10551.704671025407,0.010499999999999893,7,v3_long,tp,False,A,True,0.015511661644905677,0.006299226472609377,-0.00022876911059033588,0.1294964028776948,0.8705035971223052
ROSN,-1,2025-04-25 10:00:00+00:00,2025-04-25 13:00:00+00:00,473.2,477.932,1502.18337138226,-7108.331713380896,-0.007000000000000041,3,v3_short,sl,False,A,True,0.011411665257819056,0.005502847355074072,-0.00044167371090447966,0.9629629629629649,0.037037037037035085
ROSN,-1,2025-04-27 13:00:00+00:00,2025-04-28 10:00:00+00:00,481.75,474.52375,1465.194269099572,10587.860087080773,0.01049999999999999,21,v3_short,tp,False,A,True,0.006436877076411889,0.004679617324966164,0.0004194352159468424,0.774193548387098,0.22580645161290205
ROSN,-1,2025-04-28 16:00:00+00:00,2025-04-28 20:00:00+00:00,481.9,474.6715,1480.117952271582,10699.032617995126,0.010499999999999995,4,v3_short,tp,False,A,True,0.028019925280199254,0.004080531340805321,-0.00016500622665006085,0.9296296296296263,0.07037037037037373
ROSN,1,2025-06-08 14:00:00+00:00,2025-06-09 09:00:00+00:00,429.65,425.3535,1677.5472222326823,-7207.581640322686,-0.006999999999999967,19,v3_long,sl,False,A,True,0.002559627690517796,0.006101738736991787,-0.0005235602094240838,0.36363636363633545,0.6363636363636646
ROSN,-1,2025-06-10 09:00:00+00:00,2025-06-10 13:00:00+00:00,427.95,421.53074999999995,1672.4216774951424,10735.692853260749,0.010500000000000056,4,v3_short,tp,False,A,True,0.015887850467289747,0.004047331926439553,-0.0002114485981308427,0.7794117647058827,0.22058823529411728
ROSN,-1,2025-06-19 15:00:00+00:00,2025-06-20 10:00:00+00:00,456.45,454.05,1584.4623548720094,3802.709651692787,0.003680578376602003,19,v3_short,opposite_signal,False,A,True,0.013473545842918124,0.006843431286069257,0.0007908861868769859,0.4796747967479674,0.5203252032520326
ROSN,1,2025-06-20 12:00:00+00:00,2025-06-20 14:00:00+00:00,453.55,449.0145,1600.4624377411833,-7258.897386375158,-0.007000000000000022,2,v3_long,sl,False,A,True,0.01609524859442181,0.006150311286981647,0.00026237460037482283,0.1712328767123285,0.8287671232876715
ROSN,1,2025-06-26 22:00:00+00:00,2025-06-29 09:00:00+00:00,435.0,439.5,1657.0310585449447,7456.639763452251,0.007241379310344827,59,v3_long,timeout,False,A,True,0.008505747126436756,0.003563218390804596,8.735632183907942e-05,0.5270270270270255,0.4729729729729744
ROSN,1,2025-07-05 16:00:00+00:00,2025-07-07 16:00:00+00:00,426.9,425.7,1700.6984265670358,-2040.8381118804236,-0.001967673928320431,48,v3_long,timeout,False,A,True,0.0043335675802294825,0.003841649098149433,-0.0003677676270789423,0.4324324324324158,0.5675675675675842
ROSN,1,2025-07-13 12:00:00+00:00,2025-07-14 07:00:00+00:00,402.75,398.72249999999997,1799.129910920301,-7245.9957162315695,-0.007000000000000056,19,v3_long,sl,False,A,True,0.009559279950341318,0.004326735177138644,-0.0005276225946617008,0.3636363636363609,0.636363636363639
ROSN,1,2025-07-17 23:00:00+00:00,2025-07-18 09:00:00+00:00,420.0,406.0,1713.1604157661648,-23984.245820726308,-0.023333333333333334,10,v3_long,gap_sl,False,A,True,0.020597690201214377,0.004549413777329372,0.0001893082509822609,0.0751445086705178,0.9248554913294822
ROSN,-1,2025-07-20 11:00:00+00:00,2025-07-22 11:00:00+00:00,417.7,415.95,1682.3998145733322,2944.1996755033315,0.0029327268374431414,48,v3_short,timeout,False,A,True,0.00742514970059872,0.003823464182745612,-0.00023592814371257813,0.2741935483870888,0.7258064516129112
ROSN,-1,2025-07-22 16:00:00+00:00,2025-07-23 07:00:00+00:00,418.55,422.7355,1683.9071611996967,-7047.993423201315,-0.006999999999999984,15,v3_short,sl,False,A,True,0.009315657470440648,0.0035829451809387155,-5.613280783470735e-05,0.9102564102564185,0.08974358974358153
ROSN,1,2025-07-24 23:00:00+00:00,2025-07-25 17:00:00+00:00,421.3,417.087,1661.2051908945934,-6998.6574692389595,-0.0070000000000000374,18,v3_long,sl,False,A,True,0.013293768545994119,0.003510854287052936,0.00027418397626112923,0.14285714285714432,0.8571428571428557
ROSN,1,2025-07-27 12:00:00+00:00,2025-07-28 13:00:00+00:00,418.1,424.37149999999997,1662.2020729381127,10424.500300431284,0.010499999999999909,25,v3_long,tp,False,A,True,0.005861244019138729,0.003499911394648237,-0.00017464114832535778,0.30612244897959323,0.6938775510204067
ROSN,-1,2025-07-29 15:00:00+00:00,2025-07-29 17:00:00+00:00,419.15,423.3415,1675.4475412280256,-7022.638369057301,-0.007000000000000033,2,v3_short,sl,False,A,True,0.0145532625551711,0.004807709686631294,-9.185255874985415e-05,0.9098360655737682,0.09016393442623187
ROSN,-1,2025-08-01 11:00:00+00:00,2025-08-01 15:00:00+00:00,422.2,418.3,1651.700592248666,6441.63230976976,0.006466129796305032,4,v3_short,opposite_signal,False,A,True,0.015277119848413049,0.004886683786681292,-0.00015987683562292753,0.8294573643410814,0.17054263565891856
ROSN,1,2025-08-01 17:00:00+00:00,2025-08-04 06:00:00+00:00,418.0,417.4,1679.0840494359463,-1007.450429661606,-0.0010047846889952535,61,v3_long,timeout,False,A,True,0.014593301435406754,0.00441639385545203,-0.00025956937799043113,0.13114754098360792,0.8688524590163921
ROSN,-1,2025-08-14 14:00:00+00:00,2025-08-14 15:00:00+00:00,462.85,467.47850000000005,1514.8577668001778,-7011.51917363467,-0.007000000000000045,1,v3_short,sl,False,A,True,0.023657772496489118,0.004235770370075558,-0.00010478556767851159,0.9223744292237473,0.07762557077625268
ROSN,1,2025-08-19 19:00:00+00:00,2025-08-19 19:00:00+00:00,471.0,466.29,1478.2247429764716,-6962.438539419151,-0.00699999999999997,0,v3_long,sl,False,A,True,0.021448290507538804,0.00594927830009589,8.812911446167108e-05,0.029702970297030763,0.9702970297029693
ROSN,1,2025-08-24 11:00:00+00:00,2025-08-25 13:00:00+00:00,455.65,462.4847499999999,1517.3272181813338,10370.552204464762,0.010499999999999891,26,v3_long,tp,False,A,True,0.006913200921760073,0.003491146144498502,-0.00015691868758915784,0.20634920634920062,0.7936507936507994
ROSN,1,2025-08-26 17:00:00+00:00,2025-08-26 22:00:00+00:00,454.9,461.72349999999994,1535.7870598097386,10479.4430026117,0.01049999999999995,5,v3_long,tp,False,A,True,0.020334139371290395,0.005149316866177712,0.00012310397889646126,0.016216216216213757,0.9837837837837863
ROSN,1,2025-08-28 20:00:00+00:00,2025-08-28 20:00:00+00:00,459.75,455.1525,1535.541367284999,-7059.651436092821,-0.007000000000000038,0,v3_long,sl,False,A,True,0.017940632815048384,0.0042519585906159235,0.00013156464064368716,0.18787878787878926,0.8121212121212107
ROSN,-1,2025-08-30 11:00:00+00:00,2025-09-01 09:00:00+00:00,462.3,466.923,1516.3819762146081,-7010.233876040119,-0.006999999999999986,46,v3_short,sl,False,A,True,0.011570069204152298,0.0038834651507661942,-0.00020544982698961938,0.9065420560747668,0.09345794392523325
ROSN,-1,2025-09-05 08:00:00+00:00,2025-09-05 17:00:00+00:00,450.8,455.308,1544.1797335642975,-6961.162238907825,-0.006999999999999972,9,v3_short,sl,False,A,True,0.01574977817213847,0.0045795778265539586,-0.00016415261756876613,0.7605633802816925,0.2394366197183075
ROSN,-1,2025-09-07 11:00:00+00:00,2025-09-09 10:00:00+00:00,457.4,461.974,1511.2448848350455,-6912.434103235517,-0.007000000000000019,47,v3_short,sl,False,A,True,0.0028421512898994567,0.003218675606082685,0.0003607345867949304,0.6538461538461219,0.3461538461538781
ROSN,1,2025-09-11 11:00:00+00:00,2025-09-11 17:00:00+00:00,459.55,466.44325,1493.6453192281251,10296.070596769223,0.010499999999999947,6,v3_long,tp,False,A,True,0.011968229790011968,0.004772975851662669,0.00015776302905015776,0.009090909090911158,0.9909090909090889
ROSN,-1,2025-09-12 08:00:00+00:00,2025-09-12 10:00:00+00:00,465.4,460.45,1490.3565875999643,7377.265108619807,0.007445208422862037,2,v3_short,opposite_signal,False,A,True,0.017619252256123742,0.003977902426888008,-4.0825096691020434e-05,0.7743902439024359,0.22560975609756406
ROSN,1,2025-09-12 12:00:00+00:00,2025-09-12 13:00:00+00:00,460.7,456.09299999999996,1516.7702223682597,-6987.760414450615,-0.007000000000000042,1,v3_long,sl,False,A,True,0.019646152176272684,0.004113181031380127,-6.512536633018561e-05,0.27624309392265156,0.7237569060773484
ROSN,-1,2025-09-17 18:00:00+00:00,2025-09-18 13:00:00+00:00,441.1,437.15,1573.0777808998907,6213.65723455464,0.006268419859442376,19,v3_short,opposite_signal,False,A,True,0.017229653139877628,0.004575880871982714,-0.0002777148038993425,0.9144736842105295,0.08552631578947044
ROSN,1,2025-09-18 15:00:00+00:00,2025-09-18 16:00:00+00:00,436.75,432.3825,1598.7044515606872,-6982.341692191312,-0.007000000000000011,1,v3_long,sl,False,A,True,0.016485403548941017,0.004820293435362867,-1.2593016599884476e-05,0.24305555555555594,0.7569444444444441
ROSN,1,2025-09-25 18:00:00+00:00,2025-09-26 07:00:00+00:00,423.75,419.5125,1636.216000081643,-6933.465300345981,-0.007000000000000019,13,v3_long,sl,False,A,True,0.01522123893805307,0.006197795373389222,-0.00024306784660767125,0.10852713178294417,0.8914728682170558
ROSN,-1,2025-09-27 13:00:00+00:00,2025-09-29 12:00:00+00:00,424.65,428.8965,1621.3189787456822,-6884.931043243581,-0.007000000000000043,47,v3_short,sl,False,A,True,0.016957136128120557,0.00498284099320368,-0.0002531794630240226,0.8124999999999966,0.18750000000000344
ROSN,-1,2025-10-03 11:00:00+00:00,2025-10-03 12:00:00+00:00,409.7,405.05,1668.7177266147999,7759.537428758781,0.00794483768611175,1,v3_short,opposite_signal,False,A,True,0.015501037471011756,0.006266581870274373,-0.0001330404003417563,0.7244094488188961,0.2755905511811038
ROSN,1,2025-10-03 14:00:00+00:00,2025-10-03 17:00:00+00:00,405.7,401.643,1698.558858255397,-6891.053287942173,-0.007000000000000027,3,v3_long,sl,False,A,True,0.016268178456987838,0.006194621382146525,-0.0001713088489031315,0.1287878787878743,0.8712121212121258
ROSN,-1,2025-10-15 15:00:00+00:00,2025-10-16 09:00:00+00:00,402.2,400.5,1701.346572582434,2892.2891733901183,0.002958727001491775,18,v3_short,opposite_signal,False,A,True,0.01578816509199409,0.004969378942134048,-0.0003704624564893082,0.7795275590551135,0.22047244094488647
ROSN,1,2025-10-16 11:00:00+00:00,2025-10-16 14:00:00+00:00,399.95,402.5,1715.9799822828559,4375.748954821302,0.004463057882235299,3,v3_long,opposite_signal,False,A,True,0.014375,0.004921052631578934,-2.7499999999997728e-05,0.1478260869565158,0.8521739130434842
ROSN,1,2025-10-20 11:00:00+00:00,2025-10-20 11:00:00+00:00,422.55,422.55,1631.4500489466404,0.0,0.0,0,v3_long,opposite_signal,False,A,True,0.010528806340944018,0.0033266295989589256,0.0001064710753578638,0.7191011235955049,0.2808988764044951
ROSN,-1,2025-10-20 15:00:00+00:00,2025-10-20 19:00:00+00:00,423.4,421.6,1628.174818569681,2930.714673425352,0.0029759093056210867,4,v3_short,opposite_signal,False,A,True,0.010390837170858506,0.0031928208761364775,2.833864682961496e-05,0.9090909090909021,0.09090909090909796
NVTK,1,2022-09-16 19:00:00+00:00,2022-09-19 09:00:00+00:00,1180.0,1174.8,593.2203389830509,-3084.7457627118915,-0.0030847457627118913,62,v3_long,timeout,False,A,True,0.020914810406393394,0.005733506206427483,0.00025675905458255626,0.30894308943089177,0.6910569105691082
NVTK,-1,2022-10-14 11:00:00+00:00,2022-10-14 12:00:00+00:00,978.0,963.33,713.5385255277114,10467.610169491496,0.010499999999999971,1,v3_short,tp,False,A,True,0.019427402862985686,0.007093558282208585,0.00016359918200408997,0.5263157894736842,0.47368421052631576
NVTK,-1,2022-10-21 21:00:00+00:00,2022-10-24 09:00:00+00:00,1003.6,1014.8,702.6385064614844,-7869.551272368578,-0.007811877241929008,60,v3_short,gap_sl,False,A,True,0.024511757672379456,0.007105669589477884,0.00017536867277800057,0.7398373983739849,0.2601626016260151
NVTK,-1,2022-11-03 18:00:00+00:00,2022-11-07 09:00:00+00:00,1107.0,1115.2,632.0319053243792,-5182.661623659938,-0.0051851851851852145,87,v3_short,timeout,False,A,True,0.026020961329960207,0.005116100469822914,-0.0002584026020961363,0.875000000000003,0.12499999999999704
NVTK,1,2022-11-17 17:00:00+00:00,2022-11-18 11:00:00+00:00,1099.4,1088.4060000000002,633.1011970688792,-6960.314560575203,-0.006999999999999945,18,v3_long,sl,False,A,True,0.01927973808657698,0.007775554747180791,-0.00013095671153146268,0.1037735849056623,0.8962264150943376
NVTK,1,2022-11-24 19:00:00+00:00,2022-11-25 12:00:00+00:00,1076.2,1065.438,642.2219251673697,-6911.592358651196,-0.006999999999999964,17,v3_long,sl,False,A,True,0.017651430694908956,0.005632199925678179,0.00017465626161278504,0.16842105263158133,0.8315789473684186
NVTK,-1,2022-12-09 15:00:00+00:00,2022-12-09 16:00:00+00:00,1042.2,1039.2,658.5311084379844,1975.593325313953,0.0020149683362118594,1,v3_short,opposite_signal,False,A,True,0.009593246354566385,0.004514821565617781,0.00021680736761320378,0.17999999999999544,0.8200000000000045
NVTK,1,2022-12-09 18:00:00+00:00,2022-12-12 09:00:00+00:00,1039.6,1044.8,661.5083075623194,3439.8431993240906,0.0035013466717968757,63,v3_long,timeout,False,A,True,0.013274336283186017,0.004809542131589059,0.00020777222008465146,0.21739130434782322,0.7826086956521768
NVTK,1,2023-01-27 11:00:00+00:00,2023-01-30 09:00:00+00:00,1017.0,1024.6,678.5761325283323,5157.178607215264,0.0052310717797442825,70,v3_long,timeout,False,A,True,0.011996066863323546,0.003822517207472966,2.359882005899571e-05,0.34426229508196965,0.6557377049180303
NVTK,1,2023-02-03 11:00:00+00:00,2023-02-03 15:00:00+00:00,1027.8,1030.0,674.9581161766537,1484.9078555886688,0.0014983459817085344,4,v3_long,opposite_signal,False,A,True,0.012064604008561956,0.003222903288577541,-3.891807744698296e-06,0.4354838709677409,0.5645161290322591
NVTK,-1,2023-02-03 17:00:00+00:00,2023-02-06 09:00:00+00:00,1029.8,1032.0,674.6566200284296,-1484.2445640625758,-0.0014954360069916797,64,v3_short,timeout,False,A,True,0.011268700213716749,0.0033575383718670903,-2.7200310860692897e-05,0.6379310344827555,0.3620689655172446
NVTK,1,2023-02-10 11:00:00+00:00,2023-02-10 14:00:00+00:00,1070.8,1076.0,647.8543295764224,3368.842513797426,0.0033993276055286066,3,v3_long,opposite_signal,False,A,True,0.0127055306427505,0.005903167040358759,-0.0001943198804185368,0.3676470588235257,0.6323529411764742
NVTK,-1,2023-02-10 17:00:00+00:00,2023-02-10 18:00:00+00:00,1076.0,1086.76,646.915061217557,-6960.806058700907,-0.006999999999999994,1,v3_short,sl,False,A,True,0.013940520446096654,0.005140566914498161,-8.736059479553988e-05,0.680000000000003,0.31999999999999695
NVTK,-1,2023-03-03 18:00:00+00:00,2023-03-06 09:00:00+00:00,1069.0,1080.0,646.5931165846592,-7112.524282431252,-0.007202993451824136,63,v3_short,gap_sl,False,A,True,0.012911676646706545,0.004800944985029942,-8.046407185629084e-05,0.9275362318840578,0.07246376811594227
NVTK,-1,2023-03-16 19:00:00+00:00,2023-03-17 12:00:00+00:00,1060.8,1071.408,646.8978833251308,-6862.292746312954,-0.0069999999999999655,17,v3_short,sl,False,A,True,0.021489161168708724,0.004659519321394879,-0.00022620169651272384,0.9912280701754366,0.008771929824563415
NVTK,-1,2023-03-23 17:00:00+00:00,2023-03-27 09:00:00+00:00,1138.0,1148.0,598.7923283909312,-5987.923283909312,-0.006151142355008787,88,v3_short,timeout,False,A,True,0.014938488576449912,0.008177724077328627,-3.5149384885772486e-06,1.0,0.0
NVTK,1,2023-03-30 17:00:00+00:00,2023-03-31 11:00:00+00:00,1156.0,1144.44,585.8426673098124,-6772.3412341014,-0.006999999999999967,18,v3_long,sl,False,A,True,0.006574394463667741,0.003465614186851194,-0.0001349480968858163,0.6315789473684226,0.3684210526315774
NVTK,-1,2023-03-31 19:00:00+00:00,2023-04-03 09:00:00+00:00,1156.2,1165.6,581.6411386838541,-5467.42670362815,-0.005691056910569023,62,v3_short,timeout,False,A,True,0.01917098445595859,0.00336787564766838,-0.0001744386873920537,0.9189189189189211,0.08108108108107887
NVTK,1,2023-05-25 23:00:00+00:00,2023-05-26 21:00:00+00:00,1292.8,1306.8,517.2233027952758,7241.126239133861,0.007580445544554456,22,v3_long,opposite_signal,False,A,True,0.02846534653465343,0.005303411200495036,0.00032332920792079,0.31521739130434573,0.6847826086956542
NVTK,-1,2023-05-26 23:00:00+00:00,2023-05-29 09:00:00+00:00,1307.2,1312.0,515.4032085534931,-2473.935401056743,-0.0025703794369644796,58,v3_short,timeout,False,A,True,0.016669215476372498,0.004430149870010697,-5.199571799968858e-05,0.8165137614678896,0.18348623853211046
NVTK,1,2023-06-02 11:00:00+00:00,2023-06-02 12:00:00+00:00,1300.2,1303.0,516.8461155517508,1447.1691235448789,0.0015074603907090972,1,v3_long,opposite_signal,False,A,True,0.019993848046754845,0.005089780067671479,7.074746231928497e-05,0.7000000000000017,0.29999999999999827
NVTK,1,2023-06-29 18:00:00+00:00,2023-07-03 09:00:00+00:00,1322.6,1338.6,508.8585648169272,8141.737037070835,0.008468168758505973,87,v3_long,timeout,False,A,True,0.009073037955542115,0.003983630727355213,-5.746257371842927e-05,0.5999999999999849,0.4000000000000152
NVTK,1,2023-07-14 11:00:00+00:00,2023-07-14 13:00:00+00:00,1426.8,1443.6,475.69074414971783,7991.604501715238,0.008242220353237994,2,v3_long,opposite_signal,False,A,True,0.012196831627646057,0.004709624281508472,8.832188420019883e-05,0.8965517241379328,0.10344827586206716
NVTK,-1,2023-07-14 15:00:00+00:00,2023-07-17 09:00:00+00:00,1441.0,1436.0,474.88527196670236,2374.426359833512,0.002428868841082582,66,v3_short,timeout,False,A,True,0.020815986677768527,0.0046879336663891115,0.00010546766583402595,0.8666666666666667,0.13333333333333333
NVTK,-1,2023-07-21 21:00:00+00:00,2023-07-24 09:00:00+00:00,1473.8,1485.0,465.4442769411736,-5212.975901741165,-0.005319582032840299,60,v3_short,timeout,False,A,True,0.01696295291084272,0.0048217193649070355,-0.00022798208712172552,0.76,0.24
NVTK,1,2023-07-28 14:00:00+00:00,2023-07-28 19:00:00+00:00,1495.0,1497.8,456.4031386118279,1277.9287881130974,0.0013110367892976375,5,v3_long,opposite_signal,False,A,True,0.011237458193979902,0.0043185618729096875,0.0002729096989966537,0.28571428571428376,0.7142857142857162
NVTK,-1,2023-07-28 21:00:00+00:00,2023-07-31 09:00:00+00:00,1500.2,1504.2,455.4174392590067,-1821.6697570360268,-0.0018664178109585388,60,v3_short,timeout,False,A,True,0.00786456944814713,0.0038573047187416506,9.997334044254865e-05,0.8474576271186474,0.15254237288135267
NVTK,1,2023-09-01 16:00:00+00:00,2023-09-04 09:00:00+00:00,1686.6,1691.4,404.3294637415135,1940.7814259593383,0.0019921736036998265,65,v3_long,timeout,False,A,True,0.005929088106249259,0.004383819518558049,-0.00013281157357998395,0.7599999999999909,0.2400000000000091
NVTK,-1,2023-09-15 14:00:00+00:00,2023-09-15 18:00:00+00:00,1639.0,1655.39,416.90092772703366,-6833.006205446123,-0.007000000000000043,4,v3_short,sl,False,A,True,0.013058335367341875,0.004999847449353169,-0.0002941176470588252,0.401869158878503,0.5981308411214971
NVTK,1,2023-09-29 15:00:00+00:00,2023-09-29 18:00:00+00:00,1643.6,1668.2539999999997,412.82399379459474,10177.762743011843,0.0104999999999999,3,v3_long,tp,False,A,True,0.017027487229384578,0.004070633665774742,0.00030041352468985425,0.09285714285713961,0.9071428571428604
NVTK,-1,2023-10-05 17:00:00+00:00,2023-10-06 11:00:00+00:00,1717.2,1710.8,399.27902988638726,2555.385791272915,0.0026088982063825206,18,v3_short,opposite_signal,False,A,True,0.016305613789890518,0.003952655485674359,0.00021779641276496408,0.9000000000000016,0.09999999999999838
NVTK,-1,2023-10-06 16:00:00+00:00,2023-10-09 09:00:00+00:00,1714.8,1721.0,400.88098913855566,-2485.462132659063,-0.0025309073944483505,65,v3_short,timeout,False,A,True,0.010381430071153596,0.003652455383179752,2.7994867607606333e-05,0.5505617977528079,0.44943820224719216
NVTK,-1,2023-10-13 20:00:00+00:00,2023-10-16 09:00:00+00:00,1710.4,1711.8,400.8950518486517,-561.2530725880576,-0.0005729653882132274,61,v3_short,timeout,False,A,True,0.00736497545008178,0.004720014028524664,-0.0002139350011690432,0.7936507936507994,0.20634920634920062
NVTK,1,2023-10-20 12:00:00+00:00,2023-10-23 09:00:00+00:00,1714.4,1714.8,399.73052935786416,159.89221174309114,0.00016332244517026627,69,v3_long,timeout,False,A,True,0.007696793002915478,0.0034620991253644356,2.0991253644311686e-05,0.21212121212122517,0.7878787878787749
NVTK,-1,2023-11-10 21:00:00+00:00,2023-11-13 09:00:00+00:00,1624.0,1618.2,422.05045817693497,2447.8926574262036,0.00249999999999998,60,v3_short,timeout,False,A,True,0.016256157635468036,0.004114070197044338,-0.0002807881773399009,0.8333333333333305,0.16666666666666954
NVTK,-1,2023-11-24 13:00:00+00:00,2023-11-24 15:00:00+00:00,1524.2,1501.337,450.80925661956485,10306.852034093137,0.010500000000000025,2,v3_short,tp,False,A,True,0.013772298006295909,0.0035250524658971528,-0.0002492130115424974,0.6380952380952424,0.36190476190475757
NVTK,-1,2023-11-24 20:00:00+00:00,2023-11-27 09:00:00+00:00,1521.8,1514.2,456.26118107728087,3467.5849761872933,0.0034958601655933346,61,v3_short,timeout,False,A,True,0.020241850683491033,0.003873389852786534,-0.00019453207150367676,0.6753246753246749,0.32467532467532517
NVTK,1,2023-12-01 17:00:00+00:00,2023-12-04 09:00:00+00:00,1504.0,1497.0,463.27498327575603,-3242.9248829302924,-0.0032579787234042553,64,v3_long,timeout,False,A,True,0.0167553191489362,0.005053191489361708,2.5265957446809718e-05,0.32539682539682663,0.6746031746031734
NVTK,-1,2023-12-08 19:00:00+00:00,2023-12-11 09:00:00+00:00,1528.0,1536.0,454.5127797308154,-3636.102237846523,-0.0036649214659685864,62,v3_short,timeout,False,A,True,0.018835840418574203,0.006061968606932629,-9.548724656638562e-05,0.5138888888888882,0.4861111111111119
NVTK,1,2023-12-14 17:00:00+00:00,2023-12-14 19:00:00+00:00,1493.8,1478.8619999999999,463.21479171387966,-6919.502558621982,-0.007000000000000048,2,v3_long,sl,False,A,True,0.016075016744809108,0.004868553248492961,0.0001259209645010059,0.14166666666666097,0.858333333333339
NVTK,-1,2023-12-29 14:00:00+00:00,2024-01-03 09:00:00+00:00,1468.0,1466.2,468.0562698032412,842.5012856458129,0.0008583106267029757,115,v3_short,timeout,False,A,True,0.0170299727520436,0.0043809604904632,-0.0002997275204359673,0.96,0.04
NVTK,1,2024-01-12 11:00:00+00:00,2024-01-15 09:00:00+00:00,1499.4,1504.0,458.64769572569696,2109.779400338164,0.002147525676937399,70,v3_long,timeout,False,A,True,0.008936908096572022,0.004710217420301459,0.00021341870081365878,0.26865671641791883,0.7313432835820812
NVTK,1,2024-01-25 17:00:00+00:00,2024-01-26 18:00:00+00:00,1440.6,1426.194,478.3931698954234,-6891.732005513445,-0.006999999999999977,25,v3_long,sl,False,A,True,0.01832569762598908,0.003583576287657917,5.830903790087211e-05,0.27272727272726727,0.7272727272727327
NVTK,1,2024-02-02 23:00:00+00:00,2024-02-05 09:00:00+00:00,1443.8,1446.2,473.99154186693966,1137.5797004806982,0.0011635960659371544,58,v3_long,timeout,False,A,True,0.009418282548476391,0.0032808171745152383,0.00013850415512465375,0.058823529411761756,0.9411764705882383
NVTK,-1,2024-02-16 14:00:00+00:00,2024-02-16 15:00:00+00:00,1417.6,1406.0,483.3135538500451,5606.437224660479,0.005727990970654582,1,v3_short,opposite_signal,False,A,True,0.014531602708803548,0.0036461272573363453,-0.00015801354401805934,0.883495145631063,0.11650485436893697
NVTK,1,2024-02-16 17:00:00+00:00,2024-02-19 09:00:00+00:00,1406.2,1410.6,490.0226141338972,2156.099502189081,0.0021903000995590273,64,v3_long,timeout,False,A,True,0.01208931873133267,0.003995697624804436,-0.00016356137107097142,0.18823529411764972,0.8117647058823503
NVTK,-1,2024-03-01 15:00:00+00:00,2024-03-01 18:00:00+00:00,1352.8,1345.0,510.4812756110428,3981.7539497661105,0.004036073329390869,3,v3_short,opposite_signal,False,A,True,0.005914534969688009,0.0034563063729114124,-0.00018630785154517091,0.7249999999999943,0.2750000000000057
NVTK,1,2024-03-21 20:00:00+00:00,2024-03-22 17:00:00+00:00,1363.2,1349.568,508.6313801433795,-6933.662974114581,-0.007000000000000031,21,v3_long,sl,False,A,True,0.018192488262910766,0.006184895833333327,-0.00018339201877934271,0.1209677419354841,0.8790322580645159
NVTK,-1,2024-03-28 19:00:00+00:00,2024-04-01 09:00:00+00:00,1319.6,1315.2,521.7586642388412,2295.73812265083,0.0023340406183691305,86,v3_short,timeout,False,A,True,0.014112291350531039,0.00336684370257965,-0.0003869499241274659,0.8709677419354783,0.12903225806452165
NVTK,-1,2024-04-11 17:00:00+00:00,2024-04-12 19:00:00+00:00,1285.2,1283.2,536.9745954057192,1073.9491908114385,0.0010893246187363833,26,v3_short,opposite_signal,False,A,True,0.008558979147214442,0.0035305788982259523,2.4898848428258778e-05,0.7454545454545496,0.2545454545454504
NVTK,1,2024-04-12 23:00:00+00:00,2024-04-15 09:00:00+00:00,1284.2,1283.8,537.9781299244654,-215.1912519698351,-0.00021803457405393525,58,v3_long,timeout,False,A,True,0.01105746768416138,0.003114779629341213,0.00016664071016975264,0.2253521126760588,0.7746478873239412
NVTK,1,2024-04-19 12:00:00+00:00,2024-04-22 09:00:00+00:00,1279.6,1271.6,539.7943736891369,-4318.3549895130955,-0.00437636761487965,69,v3_long,timeout,False,A,True,0.004845264145045362,0.003116208190059386,-0.00016567677399187105,0.38709677419352356,0.6129032258064765
NVTK,-1,2024-05-03 15:00:00+00:00,2024-05-03 23:00:00+00:00,1239.8,1231.6,554.6846524277792,4548.414149907814,0.004629778996612383,8,v3_short,opposite_signal,False,A,True,0.013066623648975678,0.003303144132310136,5.1621229230518125e-05,0.6049382716049337,0.39506172839506626
NVTK,-1,2024-05-16 17:00:00+00:00,2024-05-20 09:00:00+00:00,1228.8,1222.4,562.2411474486458,3598.3433436712567,0.003645833333333256,88,v3_short,timeout,False,A,True,0.00846354166666674,0.003021240234374982,-0.00015462239583333335,0.788461538461536,0.21153846153846406
NVTK,1,2024-06-27 18:00:00+00:00,2024-06-28 12:00:00+00:00,1050.6,1061.0,660.0045329578013,6864.047142761194,0.006929373691224126,18,v3_long,opposite_signal,False,A,True,0.014848657909765762,0.005133971064153821,0.00014087188273367342,0.35897435897435526,0.6410256410256447
NVTK,-1,2024-07-25 19:00:00+00:00,2024-07-26 13:00:00+00:00,1092.0,1075.62,639.3824133016471,10473.08392988105,0.01050000000000007,18,v3_short,tp,False,A,True,0.02456461961503204,0.006089596700274968,-0.0001613198900091609,0.7835820895522402,0.21641791044775988
NVTK,1,2024-08-01 17:00:00+00:00,2024-08-01 21:00:00+00:00,1039.2,1028.808,678.9229735145452,-7055.36754076319,-0.007000000000000035,4,v3_long,sl,False,A,True,0.02348411934552463,0.006827478344562093,0.00026371511068335027,0.42622950819672345,0.5737704918032765
NVTK,-1,2024-09-27 17:00:00+00:00,2024-09-30 09:00:00+00:00,1028.0,1027.6,681.5155610873358,272.6062244349963,0.00027237354085609306,64,v3_short,timeout,False,A,True,0.024319066147859923,0.006389834630350189,-0.0002996108949416316,0.7119999999999982,0.2880000000000018
NVTK,-1,2024-10-10 17:00:00+00:00,2024-10-11 09:00:00+00:00,988.4,973.574,709.0133763202,10511.8323173233,0.010500000000000015,16,v3_short,gap_tp,False,A,True,0.015583889900829768,0.004711849827970046,-0.0002266747621938865,0.857142857142854,0.142857142857146
NVTK,1,2025-02-07 21:00:00+00:00,2025-02-10 06:00:00+00:00,1097.6,1107.4,645.1777548988813,6322.741998009154,0.006250000000000117,57,v3_long,timeout,False,A,True,0.013483965014577218,0.005720615313794673,0.00035532069970845487,0.4324324324324245,0.5675675675675754
NVTK,-1,2025-03-18 08:00:00+00:00,2025-03-18 13:00:00+00:00,1293.2,1306.132,551.0153287779295,-7125.7302317561935,-0.007000000000000009,5,v3_short,sl,False,A,True,0.02722772277227709,0.005373349834983495,-4.641089108910891e-05,0.8750000000000032,0.12499999999999677
NVTK,1,2025-03-21 10:00:00+00:00,2025-03-21 14:00:00+00:00,1313.0,1316.2,538.9070921655666,1724.5026949298376,0.00170601675552173,4,v3_long,opposite_signal,False,A,True,0.02116643825186535,0.006247345178844772,-0.0001812090756814354,0.683453237410073,0.3165467625899269
NVTK,1,2025-03-21 16:00:00+00:00,2025-03-21 17:00:00+00:00,1309.6,1296.504,541.2279809864385,-7087.921638998401,-0.007000000000000002,1,v3_long,sl,False,A,True,0.016796457474423578,0.006027436892735729,-8.245533669262622e-05,0.3454545454545413,0.6545454545454586
NVTK,1,2025-05-14 08:00:00+00:00,2025-05-14 15:00:00+00:00,1193.0,1197.2,589.9669897338987,2477.861356882401,0.0024643755238893815,7,v3_long,opposite_signal,False,A,True,0.01676727028839705,0.005630272865261742,8.551307847082342e-05,0.5,0.5
NVTK,-1,2025-05-14 17:00:00+00:00,2025-05-14 17:00:00+00:00,1194.8,1190.4,590.5298976417465,2598.331549623604,0.002577837294944681,0,v3_short,opposite_signal,False,A,True,0.013893538667559348,0.005211178263704125,-4.854368932038606e-05,0.3855421686746927,0.6144578313253073
NVTK,1,2025-05-14 19:00:00+00:00,2025-05-14 22:00:00+00:00,1190.0,1178.1,594.44029730008,-7073.8395378710065,-0.007000000000000053,3,v3_long,sl,False,A,True,0.013949579831932696,0.0052454666076957104,-2.1848739495797556e-05,0.09638554216866975,0.9036144578313302
NVTK,1,2025-05-19 20:00:00+00:00,2025-05-20 10:00:00+00:00,1161.4,1149.786,604.8151077239414,-7024.322661105875,-0.007000000000000019,14,v3_long,sl,False,A,True,0.026347511623902108,0.006047873256414661,0.00033407955915274823,0.235294117647061,0.764705882352939
NVTK,-1,2025-06-29 12:00:00+00:00,2025-06-30 15:00:00+00:00,1094.0,1104.94,637.582486515367,-6975.15240247815,-0.007000000000000036,27,v3_short,sl,False,A,True,0.005484460694698354,0.004536529216602343,0.00020109689213893968,0.6666666666666666,0.3333333333333333
NVTK,1,2025-07-02 13:00:00+00:00,2025-07-02 21:00:00+00:00,1103.6,1092.5639999999999,627.6120275154738,-6926.326335660805,-0.0070000000000000374,8,v3_long,sl,False,A,True,0.022298767222625006,0.005577077210793453,0.0003535170413343002,0.21951219512194647,0.7804878048780535
NVTK,-1,2025-07-07 14:00:00+00:00,2025-07-07 15:00:00+00:00,1044.4,1054.844,658.5448153304425,-6877.842051311115,-0.006999999999999972,1,v3_short,sl,False,A,True,0.01704327843738027,0.003523554193795489,-4.5959402527760166e-05,0.39325842696629315,0.6067415730337069
NVTK,-1,2025-07-07 17:00:00+00:00,2025-07-07 21:00:00+00:00,1043.2,1027.5520000000001,654.6872274685547,10244.545735427886,0.010499999999999938,4,v3_short,tp,False,A,True,0.01704980842911873,0.0042528735632184,-6.130268199233368e-05,0.3258426966292118,0.6741573033707883
NVTK,-1,2025-07-25 12:00:00+00:00,2025-07-25 13:00:00+00:00,1083.2,1066.952,637.1315525387702,10352.113465649967,0.010500000000000028,1,v3_short,tp,False,A,True,0.013476093778844504,0.0053389427047404354,-0.00010522429388960343,0.7945205479452074,0.2054794520547926
NVTK,1,2025-07-30 13:00:00+00:00,2025-07-31 14:00:00+00:00,1023.2,1012.9680000000001,681.5748408287244,-6973.873771359488,-0.006999999999999979,25,v3_long,sl,False,A,True,0.014659890539484082,0.006069709065470569,-0.00034401876465988876,0.3200000000000021,0.6799999999999978
NVTK,-1,2025-08-14 17:00:00+00:00,2025-08-14 19:00:00+00:00,1252.4,1264.9240000000002,552.942882063238,-6925.056654960056,-0.0070000000000000635,2,v3_short,sl,False,A,True,0.026828489300542883,0.008102338247407092,0.0003688917278824642,0.9285714285714325,0.07142857142856757
NVTK,-1,2025-08-18 12:00:00+00:00,2025-08-18 20:00:00+00:00,1244.0,1256.44,552.7798439208419,-6876.581258375304,-0.007000000000000031,8,v3_short,sl,False,A,True,0.021707670043415343,0.003370316771185062,-0.0004904325454253096,0.8074074074074057,0.19259259259259429
NVTK,1,2025-08-24 16:00:00+00:00,2025-08-25 07:00:00+00:00,1175.6,1163.8439999999998,580.8476683877719,-6828.445189566696,-0.007000000000000052,15,v3_long,sl,False,A,True,0.010556785288608773,0.005057671327039597,0.00020432487655372043,0.2580645161290204,0.7419354838709795
NVTK,-1,2025-08-25 22:00:00+00:00,2025-08-26 09:00:00+00:00,1172.8,1184.528,578.158771592742,-6780.646073239716,-0.007000000000000039,11,v3_short,sl,False,A,True,0.020975443383355993,0.0052668170846888115,-0.0004126875852660308,0.7235772357723586,0.27642276422764145
NVTK,1,2025-08-27 10:00:00+00:00,2025-08-27 11:00:00+00:00,1168.8,1182.4,576.0764502675394,7834.639723638614,0.008145106091718082,1,v3_long,opposite_signal,False,A,True,0.02207392197125253,0.00553874419107315,0.00012320328542094144,0.21705426356588833,0.7829457364341117
NVTK,-1,2025-08-31 11:00:00+00:00,2025-09-01 07:00:00+00:00,1239.2,1251.592,547.7746956740212,-6788.0240287925,-0.00700000000000003,20,v3_short,sl,False,A,True,0.008069722401549387,0.0047701025751380795,0.00019205939315687686,0.8200000000000045,0.17999999999999544
NVTK,1,2025-09-01 18:00:00+00:00,2025-09-01 19:00:00+00:00,1239.8,1227.402,543.6770334401455,-6740.507860590875,-0.006999999999999949,1,v3_long,sl,False,A,True,0.015161290322580609,0.0034451612903225867,0.00010161290322580571,0.2978723404255278,0.7021276595744722
NVTK,-1,2025-09-03 20:00:00+00:00,2025-09-04 08:00:00+00:00,1219.8,1231.998,548.7230944061968,-6693.324305566839,-0.007000000000000054,12,v3_short,sl,False,A,True,0.018360655737704807,0.006816220880069015,-0.00044590163934425935,0.6517857142857142,0.3482142857142858
NVTK,1,2025-09-09 16:00:00+00:00,2025-09-10 19:00:00+00:00,1238.4,1226.016,536.6982425248563,-6646.471035427828,-0.007000000000000008,27,v3_long,sl,False,A,True,0.010497416020671833,0.003396366768459796,1.291989664082614e-05,0.10769230769231469,0.8923076923076854
NVTK,1,2025-09-14 12:00:00+00:00,2025-09-14 14:00:00+00:00,1199.4,1206.2,550.2706134883962,3741.840171721069,0.003968650992162721,2,v3_long,opposite_signal,False,A,True,0.007170251792562872,0.004534318441271906,-0.00026346506586626573,0.1627906976744309,0.8372093023255691
NVTK,-1,2025-09-14 16:00:00+00:00,2025-09-15 11:00:00+00:00,1204.4,1186.334,550.1609614232707,9939.207929072825,0.010500000000000018,19,v3_short,tp,False,A,True,0.007804716041182406,0.0035766292823748674,-0.00016605778811026238,0.6808510638297903,0.3191489361702097
NVTK,-1,2025-09-16 08:00:00+00:00,2025-09-16 13:00:00+00:00,1204.4,1196.8,555.937651518215,4225.12615153851,0.004417137163733059,5,v3_short,opposite_signal,False,A,True,0.017444758265492608,0.004264274242675965,-0.0001661405549094534,0.9714285714285757,0.02857142857142424
NVTK,1,2025-09-16 15:00:00+00:00,2025-09-16 16:00:00+00:00,1201.2,1189.188,559.8808656298827,-6725.288957946119,-0.006999999999999966,1,v3_long,sl,False,A,True,0.01848151848151852,0.005272505272505278,6.327006327006629e-05,0.33333333333333676,0.6666666666666633
NVTK,-1,2025-09-28 11:00:00+00:00,2025-09-28 18:00:00+00:00,1117.2,1117.2,597.7633311171256,-0.0,-0.0,7,v3_short,opposite_signal,False,A,True,0.0026833631484794273,0.004975816603723559,4.6511627906975115e-05,0.5999999999999849,0.4000000000000152
NVTK,-1,2025-10-02 08:00:00+00:00,2025-10-02 17:00:00+00:00,1115.6,1126.7559999999999,598.6206467587423,-6678.211935240499,-0.00699999999999997,9,v3_short,sl,False,A,True,0.030129124820659887,0.008542248735180833,-5.380200860831322e-06,0.46428571428571286,0.5357142857142871
NVTK,1,2025-10-03 13:00:00+00:00,2025-10-03 15:00:00+00:00,1107.8,1096.722,598.6156753650338,-6631.464451693829,-0.006999999999999984,2,v3_long,sl,False,A,True,0.019498104350965797,0.008651571155728283,0.0003159415056869471,0.027777777777773686,0.9722222222222263
NVTK,1,2025-10-13 14:00:00+00:00,2025-10-14 15:00:00+00:00,1031.8,1021.482,638.2093623310707,-6585.0442005319765,-0.006999999999999988,25,v3_long,sl,False,A,True,0.025984099282528556,0.0046073298429319,8.338181113050576e-05,0.02985074626865507,0.970149253731345
NVTK,1,2025-10-30 12:00:00+00:00,2025-10-30 16:00:00+00:00,1052.4,1068.186,621.3368387617126,9808.423336692289,0.010499999999999886,4,v3_long,tp,False,A,True,0.01653363740022792,0.006371401708375819,0.00047890535917901586,0.2873563218390827,0.7126436781609173
NVTK,1,2025-10-31 12:00:00+00:00,2025-10-31 19:00:00+00:00,1055.6,1045.0439999999999,625.9575458966569,-6607.607854485135,-0.007000000000000027,7,v3_long,sl,False,A,True,0.018750000000000173,0.005990829346092501,0.00023106060606060692,0.15151515151515013,0.8484848484848498
NLMK,1,2022-01-13 21:00:00+00:00,2022-01-14 12:00:00+00:00,217.88,215.7012,3212.777675784836,-6999.999999999986,-0.006999999999999986,15,v3_long,sl,False,A,True,0.020928951716541227,0.0049496101185587385,0.0004562144299614492,0.20175438596490944,0.7982456140350905
NLMK,-1,2022-02-04 12:00:00+00:00,2022-02-04 16:00:00+00:00,218.82,215.5377,3176.5834932821494,10426.499999999975,0.010499999999999975,4,v3_short,tp,False,A,True,0.027876793711726508,0.007446639631708816,0.00013618499223105833,0.8688524590163914,0.13114754098360853
NLMK,-1,2022-09-15 17:00:00+00:00,2022-09-16 13:00:00+00:00,118.34,117.36,5935.428004056109,5816.71944397501,0.005796856515125931,20,v3_short,opposite_signal,False,A,True,0.017238465438566893,0.0054926483015041395,-0.00025519689031604177,0.5392156862745123,0.46078431372548767
NLMK,1,2022-09-16 15:00:00+00:00,2022-09-19 09:00:00+00:00,117.38,117.24,6018.659512785674,-842.6123317899978,-0.0008348952121315419,66,v3_long,timeout,False,A,True,0.019250425894378236,0.00471678023850084,0.00016013628620102177,0.22123893805309686,0.7787610619469032
NLMK,1,2022-11-18 11:00:00+00:00,2022-11-21 09:00:00+00:00,105.34,105.8,6700.9723274969565,3082.447270648558,0.003056768558951923,70,v3_long,timeout,False,A,True,0.012340991076514117,0.006265426238845644,0.00014619327890639757,0.49230769230769383,0.5076923076923062
NLMK,1,2022-11-24 17:00:00+00:00,2022-11-25 17:00:00+00:00,106.0,104.94,6679.605076113052,-7080.38138067985,-0.007000000000000015,24,v3_long,sl,False,A,True,0.02132075471698118,0.0069870283018867935,0.00048113207547169487,0.17699115044247998,0.82300884955752
NLMK,-1,2022-12-01 17:00:00+00:00,2022-12-02 11:00:00+00:00,106.82,105.9,6581.931015741505,6055.376534482102,0.00602883355176925,18,v3_short,opposite_signal,False,A,True,0.011421082194345619,0.003686107470511143,8.425388504025518e-05,0.8524590163934369,0.1475409836065631
NLMK,-1,2022-12-08 17:00:00+00:00,2022-12-08 21:00:00+00:00,106.6,107.666,6635.277998833442,-7073.206346756466,-0.007000000000000016,4,v3_short,sl,False,A,True,0.013508442776735439,0.005229831144465288,6.378986866791543e-05,0.8611111111111089,0.1388888888888911
NLMK,-1,2022-12-23 18:00:00+00:00,2022-12-26 09:00:00+00:00,114.72,114.6,6122.466790733224,734.6960148880147,0.000732217573221785,63,v3_short,timeout,False,A,True,0.02598988313274031,0.005979635443921162,-0.0002721088435374129,0.7449664429530187,0.2550335570469812
NLMK,1,2022-12-29 18:00:00+00:00,2022-12-30 10:00:00+00:00,115.24,116.96859999999998,6099.302997599248,10543.255161649973,0.010499999999999917,16,v3_long,tp,False,A,True,0.012669212079139134,0.004094715376605348,6.768483165567275e-05,0.5068493150684918,0.4931506849315082
NLMK,1,2023-01-06 17:00:00+00:00,2023-01-09 09:00:00+00:00,111.74,111.9,6356.398389623162,1017.0237423397746,0.0010023268301414673,64,v3_long,timeout,False,A,True,0.009846043680630096,0.0037202380952380907,-0.00033655567490154133,0.30909090909090087,0.6909090909090991
NLMK,-1,2023-01-13 13:00:00+00:00,2023-01-16 09:00:00+00:00,111.7,112.2,6365.048099159624,-3182.524049579812,-0.003133393017009848,68,v3_short,timeout,False,A,True,0.01324740422484787,0.004525823487289655,0.00037952022914429013,0.6756756756756739,0.3243243243243261
NLMK,1,2023-01-20 13:00:00+00:00,2023-01-20 18:00:00+00:00,111.32,111.44,6366.763437310674,764.0116124773098,0.0007545813869924828,5,v3_long,opposite_signal,False,A,True,0.012576356449874287,0.00492386812791951,-0.00013474667624865255,0.3142857142857114,0.6857142857142886
NLMK,-1,2023-01-20 22:00:00+00:00,2023-01-23 09:00:00+00:00,111.72,112.3,6348.755048068012,-3682.277927879436,-0.0036340852130325708,59,v3_short,timeout,False,A,True,0.012531328320802056,0.0046041442892946595,-8.771929824561312e-05,0.6,0.4
NLMK,1,2023-01-26 17:00:00+00:00,2023-01-26 17:00:00+00:00,111.92,111.9,6314.379194251632,-126.2875838850075,-0.00012508934953535752,0,v3_long,opposite_signal,False,A,True,0.007505360972122975,0.0034176197283774068,-5.003573981415317e-05,0.8095238095238143,0.19047619047618564
NLMK,1,2023-03-03 11:00:00+00:00,2023-03-03 17:00:00+00:00,126.72,127.78,5576.206740150908,5910.779144559976,0.005855429292929306,6,v3_long,opposite_signal,False,A,True,0.021306818181818205,0.006613991477272729,0.0002446338383838402,0.525925925925926,0.474074074074074
NLMK,-1,2023-03-10 15:00:00+00:00,2023-03-13 09:00:00+00:00,126.78,127.0,5606.20337208641,-1233.3647418590037,-0.0012147026344849282,66,v3_short,timeout,False,A,True,0.012624270159381366,0.004305777857931866,-6.312135079691692e-06,0.8625000000000003,0.1374999999999998
NLMK,-1,2023-03-17 15:00:00+00:00,2023-03-17 15:00:00+00:00,124.6,125.84599999999999,5697.360418890961,-7098.911081938109,-0.006999999999999972,0,v3_short,sl,False,A,True,0.019101123595505698,0.006571027287319416,-0.0001910112359550558,0.5462184873949546,0.45378151260504546
NLMK,-1,2023-03-23 20:00:00+00:00,2023-03-27 09:00:00+00:00,125.88,127.0,5599.951306295338,-6271.945463050804,-0.0062281537972672645,85,v3_short,timeout,False,A,True,0.02081347314903086,0.004220289164283438,-0.00030664124563075827,0.7480916030534315,0.2519083969465686
NLMK,1,2023-04-13 18:00:00+00:00,2023-04-13 19:00:00+00:00,129.36,130.24,5415.364166761916,4765.520466750461,0.004761904761904736,1,v3_long,opposite_signal,False,A,True,0.01547029702970297,0.0052308941831683275,7.735148514848848e-06,0.0800000000000125,0.9199999999999875
NLMK,-1,2023-04-13 21:00:00+00:00,2023-04-17 09:00:00+00:00,130.3,131.98,5401.898487636583,-9075.189459229343,-0.009025326170375937,84,v3_short,gap_sl,False,A,True,0.015349194167306216,0.004724673829623955,7.67459708365049e-06,0.5500000000000114,0.44999999999998863
NLMK,1,2023-04-28 17:00:00+00:00,2023-05-02 09:00:00+00:00,136.88,136.7,5095.811954394991,-917.2461517911331,-0.0009205143191116656,88,v3_long,timeout,False,A,True,0.02060198714202216,0.005205289304500315,-2.776154295733456e-05,0.07092198581559897,0.9290780141844011
NLMK,-1,2023-05-19 18:00:00+00:00,2023-05-22 09:00:00+00:00,133.76,136.0,5209.873415156493,-11670.116449950592,-0.01172248803827756,63,v3_short,gap_sl,False,A,True,0.015258040388930595,0.005595549738219902,0.00032011967090500923,0.16666666666666666,0.8333333333333334
NLMK,-1,2023-06-08 17:00:00+00:00,2023-06-08 18:00:00+00:00,149.9,151.399,4594.420190102515,-6887.035864963648,-0.006999999999999978,1,v3_short,sl,False,A,True,0.013208805870580318,0.005253502334889924,0.00021347565043362542,0.676767676767682,0.323232323232318
NLMK,1,2023-06-30 13:00:00+00:00,2023-06-30 14:00:00+00:00,168.7,169.82,4053.8391309477925,4540.299826661546,0.004647302904564335,1,v3_long,opposite_signal,False,A,True,0.011502430926123549,0.005432526977350893,-0.0004814419542274401,0.4432989690721578,0.5567010309278422
NLMK,1,2023-06-30 16:00:00+00:00,2023-06-30 16:00:00+00:00,170.12,172.6718,4038.683701325862,10305.913069043278,0.010499999999999942,0,v3_long,tp,False,A,True,0.017863438711952003,0.005431748736631809,-0.00028793042660712055,0.7500000000000023,0.24999999999999767
NLMK,1,2023-07-07 11:00:00+00:00,2023-07-07 12:00:00+00:00,177.3,179.62,3915.820701736525,9084.704028028711,0.009159616469261112,1,v3_long,opposite_signal,False,A,True,0.017929634641407344,0.005719299729364001,0.0002672530446549396,0.20125786163522436,0.7987421383647757
NLMK,1,2023-07-14 11:00:00+00:00,2023-07-14 15:00:00+00:00,184.26,187.02389999999997,3802.422138486411,10509.514548562509,0.010499999999999917,4,v3_long,tp,False,A,True,0.009989142236699104,0.00469598262757873,0.00039956568946796726,0.24999999999999228,0.7500000000000078
NLMK,-1,2023-07-20 17:00:00+00:00,2023-07-20 23:00:00+00:00,193.02,190.12470000000002,3667.966860540357,10619.864451322466,0.01049999999999997,6,v3_short,tp,False,A,True,0.019894311470313973,0.004497590923220387,-0.0003015231582219485,0.8750000000000028,0.12499999999999722
NLMK,1,2023-08-04 15:00:00+00:00,2023-08-04 15:00:00+00:00,211.04,208.9296,3389.996534009788,-7154.248685374251,-0.006999999999999996,0,v3_long,sl,False,A,True,0.014021790620559015,0.0049946707721458955,2.558029369966668e-05,0.16891891891891847,0.8310810810810816
NLMK,-1,2023-08-10 17:00:00+00:00,2023-08-11 10:00:00+00:00,203.84,205.8784,3485.169223202823,-7104.16894457662,-0.0069999999999999845,17,v3_short,sl,False,A,True,0.020320015706292403,0.006000294492981238,0.0001688426425836822,0.8647342995169082,0.13526570048309186
NLMK,1,2023-08-11 22:00:00+00:00,2023-08-14 09:00:00+00:00,203.66,204.3,3463.8317597783557,2216.852326258199,0.0021997446724934225,59,v3_long,timeout,False,A,True,0.029261586802828005,0.006176968774548318,4.8114689709348885e-05,0.30872483221476527,0.6912751677852348
NLMK,1,2023-08-25 16:00:00+00:00,2023-08-25 18:00:00+00:00,195.14,197.08,3623.018206543203,7028.655320693909,0.006959106282668947,2,v3_long,opposite_signal,False,A,True,0.012410256410256346,0.007253205128205136,-0.00046666666666666493,0.3305785123966889,0.6694214876033111
NLMK,-1,2023-08-25 20:00:00+00:00,2023-08-28 09:00:00+00:00,196.36,195.96,3625.564430379539,1450.225772151836,0.001425952332450621,61,v3_short,timeout,False,A,True,0.013949699623256335,0.006265273393748109,-0.00035026982995621606,0.7372262773722641,0.26277372262773596
NLMK,1,2023-08-31 17:00:00+00:00,2023-08-31 18:00:00+00:00,199.4,202.391,3575.381091222832,10693.964843847438,0.01049999999999995,1,v3_long,tp,False,A,True,0.024172517552657938,0.0064035857572717955,-3.510531594784296e-05,0.35684647302904593,0.6431535269709541
NLMK,-1,2023-09-15 16:00:00+00:00,2023-09-15 16:00:00+00:00,192.3,194.223,3746.317030579957,-7204.167649805265,-0.007000000000000006,0,v3_short,sl,False,A,True,0.013939456985332398,0.007190783314261939,-0.00021325288671590677,0.820895522388064,0.179104477611936
NLMK,-1,2023-10-06 21:00:00+00:00,2023-10-09 09:00:00+00:00,211.3,212.28,3385.583755918893,-3317.8720808004805,-0.0032465688594415184,60,v3_short,timeout,False,A,True,0.022243256034074853,0.005744202555608148,-0.00010601041173686743,0.6595744680851088,0.34042553191489117
NLMK,1,2023-10-20 12:00:00+00:00,2023-10-23 09:00:00+00:00,195.62,197.46,3645.084026015242,6706.954607868058,0.006584193845210112,69,v3_long,timeout,False,A,True,0.012473162253348316,0.004575196810142119,-0.0004089561394540465,0.1721311475409903,0.8278688524590098
NLMK,1,2023-10-27 11:00:00+00:00,2023-10-27 13:00:00+00:00,193.06,191.1294,3717.736482930744,-7177.462053946088,-0.006999999999999994,2,v3_long,sl,False,A,True,0.02475914223557444,0.004554931109499631,-4.454573707655722e-05,0.38493723849372447,0.6150627615062755
NLMK,-1,2023-11-03 14:00:00+00:00,2023-11-03 14:00:00+00:00,189.5,191.395,3761.065867846159,-7127.21981956851,-0.0070000000000000374,0,v3_short,sl,False,A,True,0.02173683655165139,0.004009707713411416,-0.000260631001371742,0.9611650485436902,0.03883495145630981
NLMK,-1,2023-11-09 17:00:00+00:00,2023-11-10 10:00:00+00:00,196.38,194.94,3603.8951424949037,5189.609005192653,0.005132905591200726,17,v3_short,opposite_signal,False,A,True,0.01741166887282348,0.004846120557987996,-0.00023113735872111178,0.6959064327485392,0.30409356725146075
NLMK,1,2023-11-10 12:00:00+00:00,2023-11-13 09:00:00+00:00,194.98,195.5,3648.4031920544876,1897.169659868371,0.0018668581392963747,69,v3_long,timeout,False,A,True,0.012411529387629436,0.005144758436762758,-0.00019796902246384024,0.16528925619833856,0.8347107438016614
NLMK,-1,2023-11-16 17:00:00+00:00,2023-11-16 17:00:00+00:00,191.7,190.94,3717.7552068267705,2825.493957188312,0.002775169535732883,0,v3_short,opposite_signal,False,A,True,0.02108119390523895,0.0054170580254644125,-0.00020768106867042469,0.5198019801980194,0.48019801980198057
NLMK,1,2023-11-16 19:00:00+00:00,2023-11-17 10:00:00+00:00,190.28,188.3772,3755.894045189845,-7146.715189187287,-0.00700000000000005,15,v3_long,sl,False,A,True,0.02124079915878019,0.005582939011566775,-0.00016403785488959015,0.16831683168317033,0.8316831683168296
NLMK,1,2023-12-08 18:00:00+00:00,2023-12-11 09:00:00+00:00,166.68,167.0,4257.6722959340805,1362.4551346988767,0.0013438924886008832,63,v3_long,timeout,False,A,True,0.015598752099831978,0.005875779937604965,-0.0003767698584113289,0.17692307692308037,0.8230769230769196
NLMK,1,2023-12-28 20:00:00+00:00,2023-12-29 14:00:00+00:00,179.3,180.28,3963.3158777500375,3884.049560194996,0.0038259899609592455,18,v3_long,opposite_signal,False,A,True,0.010931399888455148,0.0035798940323480137,9.369771332961237e-05,0.45918367346938876,0.5408163265306112
NLMK,-1,2023-12-29 16:00:00+00:00,2023-12-29 16:00:00+00:00,179.82,177.12269999999998,3966.974594442878,10700.120573590824,0.01050000000000005,0,v3_short,tp,False,A,True,0.010122358175750953,0.0032570912124582933,-2.7808676307007784e-05,0.4285714285714241,0.5714285714285758
NLMK,1,2023-12-29 18:00:00+00:00,2023-12-29 19:00:00+00:00,179.98,178.18019999999999,4005.0642069909545,-7208.314559742339,-0.00700000000000002,1,v3_long,sl,False,A,True,0.023555555555555607,0.0038993055555555617,-0.00017888888888888723,0.7924528301886741,0.20754716981132593
NLMK,1,2024-01-18 17:00:00+00:00,2024-01-18 17:00:00+00:00,198.0,196.02,3615.0789685980412,-7157.856357824085,-0.006999999999999963,0,v3_long,sl,False,A,True,0.017169982830017198,0.004144152105847897,0.00023128976871023335,0.13529411764706092,0.8647058823529391
NLMK,1,2024-02-09 11:00:00+00:00,2024-02-12 09:00:00+00:00,198.4,201.0,3582.5359694149965,9314.593520478971,0.009173387096774174,70,v3_long,timeout,False,A,True,0.01935678999899185,0.004962067748765014,-0.0002096985583224128,0.8437500000000017,0.1562499999999984
NLMK,1,2024-02-16 20:00:00+00:00,2024-02-19 09:00:00+00:00,198.92,198.96,3605.94888294928,144.23795531804498,0.00014076010456472114,61,v3_long,timeout,False,A,True,0.02403217697335345,0.005228758169934627,0.00019004524886877977,0.46025104602510214,0.5397489539748979
NLMK,-1,2024-03-14 17:00:00+00:00,2024-03-15 12:00:00+00:00,205.2,207.25199999999998,3496.083422831351,-7173.963183649907,-0.006999999999999974,19,v3_short,sl,False,A,True,0.02885271468954083,0.00474887903304414,9.260161809143356e-05,0.5371621621621596,0.4628378378378403
NLMK,1,2024-03-28 17:00:00+00:00,2024-03-29 16:00:00+00:00,220.62,222.38,3228.9662956052866,5682.980680265275,0.005584262532861905,23,v3_long,opposite_signal,False,A,True,0.01586294416243655,0.004011058738216102,8.611312545322595e-05,0.17714285714285843,0.8228571428571415
NLMK,-1,2024-03-29 18:00:00+00:00,2024-04-01 09:00:00+00:00,222.0,222.2,3226.813651408216,-645.3627302816066,-0.0006306306306305948,63,v3_short,timeout,False,A,True,0.019909909909909852,0.004000563063063069,-8.288288288287919e-05,0.7737556561085966,0.22624434389140335
NLMK,1,2024-04-04 23:00:00+00:00,2024-04-05 17:00:00+00:00,220.54,218.3346,3246.127127511684,-7159.008767014259,-0.0069999999999999915,18,v3_long,sl,False,A,True,0.01987295825771323,0.003700657894736853,0.0001433756805807634,0.333333333333329,0.666666666666671
NLMK,1,2024-04-25 17:00:00+00:00,2024-04-25 17:00:00+00:00,228.7,229.22,3108.3933999322994,1616.3645679648275,0.001591604722343713,0,v3_long,opposite_signal,False,A,True,0.009269785745518167,0.004085592479230426,-3.1482291211194896e-05,0.5094339622641424,0.49056603773585766
NLMK,-1,2024-05-03 15:00:00+00:00,2024-05-06 09:00:00+00:00,242.94,242.16,2930.8513450320743,2286.0640491250215,0.0022474685107433967,66,v3_short,timeout,False,A,True,0.019593315221865443,0.004743479675561663,3.046019593315025e-05,0.8739495798319338,0.12605042016806628
NLMK,-1,2024-05-17 11:00:00+00:00,2024-05-17 18:00:00+00:00,251.52,251.5,2837.234695437658,56.74469390878219,5.566157760817097e-05,7,v3_short,opposite_signal,False,A,True,0.007395626242544786,0.004085487077534794,-6.679920477137204e-05,0.29032258064517014,0.7096774193548299
NLMK,1,2024-05-17 20:00:00+00:00,2024-05-20 09:00:00+00:00,251.88,252.7,2833.3372712490705,2323.3365624242183,0.002278862950611383,61,v3_long,timeout,False,A,True,0.006349710294467793,0.003006190967537111,5.397253750297471e-05,0.48750000000000243,0.5124999999999975
NLMK,1,2024-05-24 15:00:00+00:00,2024-05-27 09:00:00+00:00,253.18,230.12,2825.2126055609165,-65149.40268423474,-0.06375701082233984,66,v3_long,gap_sl,False,A,True,0.01627429293727289,0.0029995852425343636,0.00017933322799810477,0.09223300970873666,0.9077669902912633
NLMK,-1,2024-06-28 17:00:00+00:00,2024-07-01 09:00:00+00:00,178.0,177.0,3762.2626157131936,3762.2626157131936,0.003932584269662922,64,v3_short,timeout,False,A,True,0.015166835187057729,0.005915767891248177,-0.00017638467587911393,0.5185185185185174,0.4814814814814827
NLMK,1,2024-07-26 14:00:00+00:00,2024-07-26 14:00:00+00:00,172.94,171.2106,3887.5698475075037,-6723.16329427947,-0.006999999999999993,0,v3_long,sl,False,A,True,0.03342199606800047,0.00651237423383834,0.0006337458077946064,0.31141868512110915,0.6885813148788908
NLMK,1,2024-08-01 19:00:00+00:00,2024-08-02 17:00:00+00:00,165.26,165.9,4039.756233341112,2585.4439893383715,0.0027108798257292174,22,v3_long,opposite_signal,False,A,True,0.01623258631132651,0.005757874015748013,0.0001962447001817086,0.09701492537313068,0.9029850746268693
NLMK,1,2024-08-02 20:00:00+00:00,2024-08-05 09:00:00+00:00,164.7,163.2,4064.480424495986,-6096.720636743979,-0.006375227686703097,61,v3_long,timeout,False,A,True,0.019305488101019782,0.004993322000971333,3.2782904322484435e-05,0.2830188679245231,0.716981132075477
NLMK,1,2024-08-08 21:00:00+00:00,2024-08-09 11:00:00+00:00,159.54,161.93309999999997,4169.18779910222,9977.28332203142,0.010499999999999893,14,v3_long,tp,False,A,True,0.02682040355934328,0.007002757237749106,8.397042235869355e-05,0.12149532710279945,0.8785046728972006
NLMK,-1,2024-08-09 13:00:00+00:00,2024-08-09 21:00:00+00:00,161.14,160.26,4171.13267838023,3670.596756974583,0.003822762814943508,8,v3_short,opposite_signal,False,A,True,0.019729494974562466,0.0073869276585184305,9.678620176200888e-05,0.6666666666666636,0.3333333333333363
NLMK,1,2024-10-10 18:00:00+00:00,2024-10-11 10:00:00+00:00,134.04,132.6996,5033.614872605732,-6747.0573752406635,-0.0069999999999999386,16,v3_long,sl,False,A,True,0.013727245598328884,0.005968367651447328,-4.1778573560127234e-05,0.26086956521738525,0.7391304347826148
NLMK,1,2024-10-11 12:00:00+00:00,2024-10-11 14:00:00+00:00,134.44,134.56,4983.5078649315965,598.0209437918143,0.0006248140434394763,2,v3_long,opposite_signal,False,A,True,0.023058613507884518,0.006285331746504015,-0.00025587622731329946,0.78064516129032,0.21935483870968003
NLMK,1,2024-10-11 16:00:00+00:00,2024-10-11 17:00:00+00:00,134.58,134.72,4981.43418057704,697.4007852807176,0.0007281914103134971,1,v3_long,opposite_signal,False,A,True,0.02437212067171943,0.006079097934314157,-0.0003522068658047223,0.7804878048780493,0.2195121951219508
NLMK,-1,2024-10-11 19:00:00+00:00,2024-10-14 09:00:00+00:00,135.0,135.6,4969.552537568553,-2981.7315225411035,-0.003111111111111082,62,v3_short,timeout,False,A,True,0.024296296296296305,0.005759259259259258,-0.0003037037037037012,0.9085365853658502,0.09146341463414978
NLMK,1,2024-12-27 13:00:00+00:00,2024-12-28 11:00:00+00:00,134.62,136.6393,4968.075921155666,10032.035707589572,0.010499999999999931,22,v3_long,tp,False,A,True,0.023176348239488966,0.008598276630515517,2.0799286881594827e-05,0.6089743589743599,0.3910256410256401
NLMK,-1,2025-02-07 21:00:00+00:00,2025-02-10 06:00:00+00:00,141.08,141.56,4790.3657889232245,-2299.375578683099,-0.002381627445420987,57,v3_short,timeout,False,A,True,0.01983845826838608,0.005582363163115384,0.00024939776108827985,0.8857142857142886,0.11428571428571138
NLMK,-1,2025-03-16 11:00:00+00:00,2025-03-16 17:00:00+00:00,156.12,157.68120000000002,4318.57060335774,-6742.152425962163,-0.007000000000000062,6,v3_short,sl,False,A,True,0.005380476556494844,0.00452643265863865,1.665385600819824e-05,0.9047619047619209,0.09523809523807912
NLMK,-1,2025-03-20 18:00:00+00:00,2025-03-21 13:00:00+00:00,160.38,158.64,4174.434068450161,7263.515279103319,0.007594463150018746,19,v3_short,opposite_signal,False,A,True,0.02344431974061598,0.006989977750211658,-0.00037660556179074827,0.9255319148936165,0.07446808510638346
NLMK,1,2025-03-21 15:00:00+00:00,2025-03-21 17:00:00+00:00,158.72,157.1328,4250.127246682266,-6745.801965934073,-0.006999999999999981,2,v3_long,sl,False,A,True,0.01209525009449424,0.005334774507138444,6.677585989668654e-05,0.2708333333333364,0.7291666666666636
NLMK,1,2025-04-18 12:00:00+00:00,2025-04-18 13:00:00+00:00,131.5,130.185,5093.978214579888,-6698.581352172541,-0.006999999999999988,1,v3_long,sl,False,A,True,0.02326996197718633,0.007468481088653208,0.0004684410646387852,0.01960784313725563,0.9803921568627444
NLMK,-1,2025-04-28 08:00:00+00:00,2025-04-28 08:00:00+00:00,137.02,136.28,4854.54041943318,3592.3599103805977,0.0037804700043789687,0,v3_short,opposite_signal,False,A,True,0.00802919708029193,0.0035434638354346504,0.00029489051094890245,0.6181818181818276,0.3818181818181724
NLMK,-1,2025-04-28 15:00:00+00:00,2025-04-28 20:00:00+00:00,136.76,134.7086,4882.156918748179,10015.25670312002,0.010500000000000006,5,v3_short,tp,False,A,True,0.02339865457736172,0.004861070488446924,-3.217315004387231e-05,0.7874999999999971,0.21250000000000288
NLMK,1,2025-05-04 11:00:00+00:00,2025-05-04 12:00:00+00:00,126.9,127.18,5316.741212767414,1488.687539574882,0.0015445232466509123,1,v3_long,opposite_signal,False,A,True,0.0075650118203309195,0.0049149228030236705,-0.000450748620961389,0.6458333333333423,0.35416666666665775
NLMK,-1,2025-05-04 15:00:00+00:00,2025-05-05 09:00:00+00:00,127.28,125.3708,5309.055163245502,10136.048117668304,0.010499999999999994,18,v3_short,tp,False,A,True,0.006913890634820943,0.004085480829666865,-0.00029698302954116694,0.86363636363636,0.13636363636364005
NLMK,-1,2025-05-17 11:00:00+00:00,2025-05-17 18:00:00+00:00,126.82,128.0882,5384.259382276101,-6828.317748602591,-0.00700000000000004,7,v3_short,sl,False,A,True,0.0297872340425532,0.006925588202183947,-0.00024428684003152044,0.7724867724867689,0.22751322751323105
NLMK,1,2025-05-19 10:00:00+00:00,2025-05-19 19:00:00+00:00,127.56,129.4734,5315.553092162381,10170.779286543479,0.010499999999999978,9,v3_long,tp,False,A,True,0.016141670584547782,0.003480384474742697,0.00033850493653032166,0.3106796116504875,0.6893203883495125
NLMK,1,2025-06-06 14:00:00+00:00,2025-06-06 14:00:00+00:00,121.46,120.24539999999999,5641.1287496856075,-6851.714979368164,-0.007000000000000026,0,v3_long,sl,False,A,True,0.044115226337448556,0.008100498158977695,0.0002502057613168741,0.5447761194029828,0.4552238805970172
NLMK,-1,2025-06-13 09:00:00+00:00,2025-06-13 22:00:00+00:00,111.88,111.22,6081.29511486643,4013.6547758118227,0.004129424383267766,13,v3_short,opposite_signal,False,A,True,0.011798355380765044,0.005890239542366838,-6.435466571326411e-05,0.5606060606060597,0.4393939393939404
NLMK,1,2025-06-14 12:00:00+00:00,2025-06-14 14:00:00+00:00,111.46,111.86,6129.417331727295,2451.766932690953,0.0025121119684191995,2,v3_long,opposite_signal,False,A,True,0.00843351875112146,0.003699811164372441,8.971828458639362e-06,0.4893617021276541,0.5106382978723459
NLMK,-1,2025-06-14 16:00:00+00:00,2025-06-16 11:00:00+00:00,111.86,110.18209999999999,6122.84187955666,10273.516389708171,0.010500000000000051,43,v3_short,tp,False,A,True,0.009297335955658915,0.003511532272483464,6.615412122295808e-05,0.8269230769230714,0.1730769230769286
NLMK,1,2025-06-19 13:00:00+00:00,2025-06-20 17:00:00+00:00,111.48,110.3652,6208.221691065695,-6920.925541200052,-0.007000000000000015,28,v3_long,sl,False,A,True,0.018289402904787446,0.0058841293659107445,0.00032813340505648167,0.03921568627450912,0.9607843137254909
NLMK,-1,2025-06-29 11:00:00+00:00,2025-06-30 10:00:00+00:00,110.44,110.14,6222.81697067334,1866.8450912019841,0.0019014849692140347,23,v3_short,opposite_signal,False,A,True,0.0048886474741987335,0.004452759839325132,-2.8969762810066374e-05,0.48148148148147174,0.5185185185185283
NLMK,1,2025-06-30 12:00:00+00:00,2025-06-30 13:00:00+00:00,110.46,112.11689999999999,6233.5207116151105,10328.320467075035,0.010499999999999959,1,v3_long,tp,False,A,True,0.012855332246967244,0.003795038928118788,0.000258917255114975,0.4084507042253504,0.5915492957746495
NLMK,1,2025-07-03 11:00:00+00:00,2025-07-03 16:00:00+00:00,114.18,115.89269999999999,6093.75128859658,10436.767831979265,0.010499999999999902,5,v3_long,tp,False,A,True,0.01261387526278905,0.005813631837126105,0.00014015416958654473,0.6666666666666733,0.33333333333332676
NLMK,1,2025-07-04 09:00:00+00:00,2025-07-04 14:00:00+00:00,114.12,115.83179999999999,6160.973182740476,10546.353894215039,0.010499999999999893,5,v3_long,tp,False,A,True,0.023508771929824496,0.005752539242843955,0.00014912280701754287,0.15671641791044882,0.8432835820895511
NLMK,1,2025-07-06 11:00:00+00:00,2025-07-07 08:00:00+00:00,114.7,113.553,6194.182278468122,-7104.72707340297,-0.007000000000000033,21,v3_long,sl,False,A,True,0.00645048814504877,0.004532775453277552,-4.7071129707109796e-05,0.4054054054054044,0.5945945945945956
NLMK,1,2025-07-11 08:00:00+00:00,2025-07-11 12:00:00+00:00,108.72,107.6328,6489.1408976169205,-7054.993983889088,-0.006999999999999972,4,v3_long,sl,False,A,True,0.012693156732891791,0.0055236048177839765,-0.0002262693156732873,0.2318840579710103,0.7681159420289897
NLMK,-1,2025-07-18 11:00:00+00:00,2025-07-18 13:00:00+00:00,111.86,112.9786,6262.836604686118,-7005.609026001896,-0.0070000000000000045,2,v3_short,sl,False,A,True,0.0209152663568109,0.004737218448337508,4.647836968180285e-05,0.82051282051282,0.17948717948717996
NLMK,-1,2025-07-20 15:00:00+00:00,2025-07-21 07:00:00+00:00,114.0,114.46,6102.254177912174,-2807.0369218395617,-0.002824561403508733,16,v3_short,opposite_signal,False,A,True,0.005087719298245599,0.004522417153996102,0.0004684210526315768,0.4827586206896586,0.5172413793103414
NLMK,1,2025-07-21 10:00:00+00:00,2025-07-21 15:00:00+00:00,113.78,115.48669999999998,6096.783709234488,10405.380756550401,0.010499999999999898,5,v3_long,tp,False,A,True,0.01018973998594528,0.00342586085734364,0.00024947294448348837,0.34482758620689824,0.6551724137931018
NLMK,1,2025-07-25 14:00:00+00:00,2025-07-25 16:00:00+00:00,114.44,113.2956,6125.269284920354,-7009.758169662881,-0.007000000000000027,2,v3_long,sl,False,A,True,0.0171268787137364,0.004962379734726531,-0.0005085634393568702,0.47959183673469424,0.5204081632653057
NLMK,1,2025-07-27 15:00:00+00:00,2025-07-28 09:00:00+00:00,112.18,111.0582,6204.929454871824,-6960.689862475259,-0.007000000000000046,18,v3_long,sl,False,A,True,0.006418256373685138,0.004292043871291504,-0.0003726154394722773,0.13888888888890094,0.8611111111110991
NLMK,-1,2025-07-28 13:00:00+00:00,2025-07-28 16:00:00+00:00,112.7,111.0095,6133.065690716847,10367.94755015683,0.0105,3,v3_short,tp,False,A,True,0.019701810436634708,0.0032836350727724456,-0.0002662406815761448,0.9279279279279294,0.07207207207207057
NLMK,-1,2025-07-29 12:00:00+00:00,2025-07-29 20:00:00+00:00,111.78,110.1033,6248.470805411508,10476.810999433455,0.010499999999999978,8,v3_short,tp,False,A,True,0.01592983712189011,0.005610121711115085,-0.00018435654197243622,0.6516853932584247,0.3483146067415754
NLMK,-1,2025-07-31 15:00:00+00:00,2025-08-01 07:00:00+00:00,110.06,111.1606,6412.755172892076,-7057.87834328502,-0.007,16,v3_short,sl,False,A,True,0.01689680232558139,0.004948554161566712,-0.0002997819767441845,0.6559139784946233,0.34408602150537676
NLMK,1,2025-08-14 11:00:00+00:00,2025-08-14 13:00:00+00:00,127.16,128.16,5511.539159234054,5511.539159234054,0.00550487574709028,2,v3_long,opposite_signal,False,A,True,0.017930166719094177,0.005583516829191583,1.8873859704310247e-05,0.2807017543859633,0.7192982456140368
NLMK,-1,2025-08-14 15:00:00+00:00,2025-08-14 15:00:00+00:00,128.46,129.74460000000002,5485.796332707972,-7047.053968996725,-0.007000000000000063,0,v3_short,sl,False,A,True,0.016975548979909615,0.005422175591603221,-2.0246067590721678e-05,0.8899082568807425,0.11009174311925757
NLMK,1,2025-08-24 16:00:00+00:00,2025-08-25 11:00:00+00:00,121.68,120.4632,5750.924220261082,-6997.724591213721,-0.007000000000000037,19,v3_long,sl,False,A,True,0.007394019060138068,0.0029089227248938025,8.872822872165729e-05,0.2000000000000063,0.7999999999999937
NLMK,-1,2025-08-26 14:00:00+00:00,2025-08-26 17:00:00+00:00,121.62,119.7957,5713.485051040279,10423.110778612827,0.010500000000000044,3,v3_short,tp,False,A,True,0.021714097713439715,0.004361762052171663,-0.00014640565882546245,0.7045454545454541,0.2954545454545458
NLMK,1,2025-08-26 19:00:00+00:00,2025-08-27 14:00:00+00:00,120.26,122.06389999999999,5838.767914955494,10532.553441788126,0.010499999999999909,19,v3_long,tp,False,A,True,0.024122442189319627,0.004975726319928618,-0.00016636167027116953,0.2620689655172426,0.7379310344827573
NLMK,1,2025-08-30 16:00:00+00:00,2025-09-01 08:00:00+00:00,118.56,120.3384,5984.674568672398,10643.145252926937,0.010499999999999947,40,v3_long,tp,False,A,True,0.005397200202395013,0.004534611955762236,-0.0006442907741609029,0.12499999999999722,0.8750000000000028
NLMK,1,2025-09-15 14:00:00+00:00,2025-09-15 15:00:00+00:00,115.1,115.2,6229.306850902245,622.9306850902776,0.0006081668114683404,1,v3_long,opposite_signal,False,A,True,0.018766290182450015,0.0032389226759339533,-0.00014074717636837323,0.5555555555555511,0.4444444444444488
NLMK,-1,2025-09-16 08:00:00+00:00,2025-09-16 12:00:00+00:00,115.42,113.6887,6215.814157151373,10761.4390502762,0.010500000000000027,4,v3_short,tp,False,A,True,0.013164732374848522,0.0037184594953519243,-0.00010393209769617332,0.868421052631578,0.13157894736842204
NLMK,-1,2025-09-17 23:00:00+00:00,2025-09-18 13:00:00+00:00,114.42,113.04,6335.9751560357,8743.645715329238,0.00844257996853694,14,v3_short,opposite_signal,False,A,True,0.01660548855095268,0.005184040331557796,-0.0002394686243663703,0.9263157894736841,0.07368421052631587
NLMK,1,2025-09-18 15:00:00+00:00,2025-09-18 15:00:00+00:00,112.92,111.7908,6474.343157583558,-7310.828293543337,-0.0069999999999999845,0,v3_long,sl,False,A,True,0.017888770811193857,0.005173667431064381,-6.907545164718395e-05,0.019801980198022796,0.9801980198019772
NLMK,1,2025-09-25 17:00:00+00:00,2025-09-25 18:00:00+00:00,107.86,106.7814,6730.625343490218,-7259.652495488512,-0.006999999999999963,1,v3_long,sl,False,A,True,0.015949554896142422,0.006295876932687791,-0.0003449554896142432,0.10465116279069345,0.8953488372093066
NLMK,-1,2025-09-27 18:00:00+00:00,2025-09-28 13:00:00+00:00,107.58,106.98,6700.906235378444,4020.543741227028,0.003904071388733928,19,v3_short,opposite_signal,False,A,True,0.004833612195575349,0.004599899078426684,-0.0002119353039598466,0.3461538461538346,0.6538461538461654
NLMK,1,2025-09-28 15:00:00+00:00,2025-09-29 10:00:00+00:00,106.98,105.9102,6764.795975143689,-7236.978734208724,-0.0070000000000000045,19,v3_long,sl,False,A,True,0.006730229949523265,0.003122771303739688,1.3086558235185528e-05,0.19444444444444553,0.8055555555555545
NLMK,1,2025-10-13 12:00:00+00:00,2025-10-13 14:00:00+00:00,100.9,99.891,7122.219903933853,-7186.31988306926,-0.007000000000000002,2,v3_long,sl,False,A,True,0.024975222993062398,0.0038136769078295357,-1.585728444004212e-05,0.15873015873016125,0.8412698412698387
NLMK,1,2025-10-31 11:00:00+00:00,2025-10-31 20:00:00+00:00,98.34,97.3566,7256.473097303003,-7136.015643887796,-0.007000000000000022,9,v3_long,sl,False,A,True,0.018913971934106155,0.005635657172216696,0.00017693715680292376,0.1720430107526922,0.8279569892473078
MTSS,1,2022-01-13 12:00:00+00:00,2022-01-13 14:00:00+00:00,294.95,292.0005,2373.283607391083,-7000.000000000001,-0.007000000000000001,2,v3_long,sl,False,A,True,0.016104424478725208,0.005098990908360921,0.0001525682319037125,0.0631578947368445,0.9368421052631555
MTSS,1,2022-06-10 11:00:00+00:00,2022-06-10 13:00:00+00:00,270.75,272.85,2567.3130193905818,5391.35734072028,0.005429362880886485,2,v3_long,opposite_signal,False,A,True,0.007385524372230428,0.0047502349939572905,4.9852289512556225e-05,0.875,0.125
MTSS,-1,2022-07-08 16:00:00+00:00,2022-07-11 09:00:00+00:00,272.65,268.56025,2563.264075329192,10483.109252077515,0.010499999999999952,65,v3_short,gap_tp,False,A,True,0.01229132269308392,0.006554260269174965,-0.0001962942579343248,0.8805970149253638,0.11940298507463623
MTSS,1,2022-09-16 11:00:00+00:00,2022-09-19 09:00:00+00:00,237.55,236.0,2972.898870195573,-4607.993248803172,-0.0045674594822143035,70,v3_long,timeout,False,A,True,0.014105263157894713,0.004184210526315787,-6.315789473685647e-06,0.2686567164179126,0.7313432835820874
MTSS,1,2022-12-23 11:00:00+00:00,2022-12-23 15:00:00+00:00,225.3,226.85,3120.224284690618,4836.347641270405,0.004815801154016814,4,v3_long,opposite_signal,False,A,True,0.009098979138925926,0.003911451398135825,-4.438526409230621e-06,0.14634146341463888,0.8536585365853612
MTSS,1,2022-12-23 17:00:00+00:00,2022-12-26 09:00:00+00:00,226.85,226.55,3113.828409476242,-934.1485228428195,-0.0009257218426272342,64,v3_long,timeout,False,A,True,0.01102049812651532,0.003884725589596652,-0.00016530747189772978,0.9199999999999932,0.08000000000000682
MTSS,-1,2023-01-20 15:00:00+00:00,2023-01-20 18:00:00+00:00,237.7,240.077,2968.9443446516434,-7057.180707236985,-0.00700000000000003,3,v3_short,sl,False,A,True,0.011569204880100967,0.0037336979385780406,-0.00014093395035759455,0.6909090909090826,0.30909090909091735
MTSS,-1,2023-03-03 14:00:00+00:00,2023-03-06 09:00:00+00:00,258.95,259.65,2706.22917253767,-1894.360420776338,-0.0018922571925081753,67,v3_short,timeout,False,A,True,0.01891891891891894,0.004958976833976823,-0.00015250965250964988,0.9897959183673446,0.01020408163265537
MTSS,1,2023-03-24 11:00:00+00:00,2023-03-24 16:00:00+00:00,254.1,251.559,2752.6642736485096,-6994.519919340854,-0.006999999999999992,5,v3_long,sl,False,A,True,0.006300452845048216,0.0038577968103957606,-9.25379011616469e-05,0.6874999999999989,0.3125000000000011
MTSS,1,2023-04-07 13:00:00+00:00,2023-04-07 16:00:00+00:00,255.5,257.5,2718.4181134659398,5436.8362269318795,0.005479452054794521,3,v3_long,opposite_signal,False,A,True,0.013888888888888933,0.0035211267605633643,0.00017996870109546255,0.2957746478873262,0.7042253521126738
MTSS,-1,2023-04-07 18:00:00+00:00,2023-04-10 09:00:00+00:00,257.25,258.1,2714.719585420408,-2307.5116476074086,-0.0023129251700680893,63,v3_short,timeout,False,A,True,0.013797123979790172,0.003279246016323344,0.0002040419743490089,0.7887323943661979,0.21126760563380215
MTSS,-1,2023-04-13 19:00:00+00:00,2023-04-14 11:00:00+00:00,260.85,259.4,2671.0613578534585,3873.038968887636,0.0038911251677210337,16,v3_short,opposite_signal,False,A,True,0.021455938697318096,0.005477729885057458,0.00010344827586206635,0.5267857142857203,0.47321428571427976
MTSS,1,2023-04-14 13:00:00+00:00,2023-04-17 09:00:00+00:00,259.8,260.15,2692.29208034756,942.3022281215542,0.0009430331023863593,68,v3_long,timeout,False,A,True,0.008849557522123939,0.004611148518661006,2.308580223162405e-05,0.34782608695652495,0.652173913043475
MTSS,1,2023-04-21 14:00:00+00:00,2023-04-24 09:00:00+00:00,265.8,266.4,2633.9996013317573,1580.3997607989645,0.0015801354401804967,67,v3_long,timeout,False,A,True,0.01843144630430685,0.008516315591498944,0.00011848786909911518,0.1428571428571412,0.8571428571428588
MTSS,1,2023-04-27 17:00:00+00:00,2023-05-02 09:00:00+00:00,270.65,273.75,2590.88628807146,8031.747493021585,0.008017735082209557,112,v3_long,timeout,False,A,True,0.010899685941252499,0.0036659430999445718,0.00023646776279327464,0.2033898305084638,0.7966101694915362
MTSS,1,2023-05-05 17:00:00+00:00,2023-05-08 09:00:00+00:00,266.4,267.2,2653.324313482191,2122.659450785783,0.0021021021021021325,64,v3_long,timeout,False,A,True,0.014639639639639556,0.005372560060060042,-8.63363363363389e-05,0.10256410256409733,0.8974358974359027
MTSS,1,2023-05-18 17:00:00+00:00,2023-05-18 19:00:00+00:00,291.6,295.974,2429.1202288312948,10624.971880908002,0.010499999999999919,2,v3_long,tp,False,A,True,0.011316872427983578,0.005342292524005476,0.0003532235939643331,0.25757575757576356,0.7424242424242364
MTSS,-1,2023-05-25 18:00:00+00:00,2023-05-29 09:00:00+00:00,306.1,309.35,2338.3500132108497,-7599.637542935262,-0.007432211695524337,87,v3_short,gap_sl,False,A,True,0.010617445279320483,0.0041857236197321195,9.474028095393587e-05,0.7538461538461678,0.24615384615383215
MTSS,-1,2023-06-01 17:00:00+00:00,2023-06-02 10:00:00+00:00,316.95,320.1195,2241.5181977087445,-7104.491927637928,-0.007000000000000061,17,v3_short,sl,False,A,True,0.00899195456696647,0.004131172109165492,9.93847610033121e-05,0.45614035087719335,0.5438596491228067
MTSS,-1,2023-06-09 16:00:00+00:00,2023-06-13 09:00:00+00:00,326.7,330.0,2159.4002094105913,-7126.020691054976,-0.007070707070707096,89,v3_short,gap_sl,False,A,True,0.00856924254016836,0.003223029839326701,-0.00013465952563121236,0.9821428571428532,0.017857142857146846
MTSS,-1,2023-06-22 21:00:00+00:00,2023-06-22 22:00:00+00:00,346.8,345.55,2019.8611128336263,2524.826391042033,0.0025230680507497116,1,v3_short,opposite_signal,False,A,True,0.007929642445213379,0.003559328143021899,0.000285467128027681,0.6545454545454586,0.3454545454545413
MTSS,1,2023-07-07 11:00:00+00:00,2023-07-10 09:00:00+00:00,295.95,296.05,2372.8846508005777,237.28846508011173,0.00023652644027712764,70,v3_long,timeout,False,A,True,0.01013856032443393,0.004715486650895571,0.00017573504562351917,0.29999999999999244,0.7000000000000076
MTSS,-1,2023-07-14 11:00:00+00:00,2023-07-14 12:00:00+00:00,298.3,296.8,2354.7479528326753,3532.121929249013,0.0035199463627220923,1,v3_short,opposite_signal,False,A,True,0.014745308310991882,0.0040005026809651345,-0.0001524798927613926,0.6704545454545463,0.32954545454545364
MTSS,1,2023-07-14 14:00:00+00:00,2023-07-17 09:00:00+00:00,297.0,295.6,2373.37979690391,-3322.7317156654203,-0.003299663299663246,67,v3_long,timeout,False,A,True,0.011616161616161578,0.004050925925925902,-0.00011616161616161769,0.20289855072463506,0.797101449275365
MTSS,-1,2023-08-03 19:00:00+00:00,2023-08-04 10:00:00+00:00,290.9,293.80899999999997,2415.1525867291016,-7025.678874794937,-0.006999999999999982,15,v3_short,sl,False,A,True,0.011344104503265767,0.0032066431763492454,-6.70333447920224e-05,0.8636363636363503,0.13636363636364968
MTSS,1,2023-08-04 16:00:00+00:00,2023-08-04 19:00:00+00:00,288.8,285.91200000000003,2415.6852917837223,-6976.499122671334,-0.006999999999999943,3,v3_long,sl,False,A,True,0.06977146814404443,0.005626731301939039,-0.0001315789473684234,0.5260545905707198,0.47394540942928015
MTSS,1,2023-08-10 17:00:00+00:00,2023-08-10 18:00:00+00:00,289.3,290.55,2394.6296677541272,2993.287084692659,0.003024541997926028,1,v3_long,opposite_signal,False,A,True,0.00898255311798246,0.0038273017792364757,0.0001658317498704463,0.11538461538461875,0.8846153846153813
MTSS,-1,2023-08-10 23:00:00+00:00,2023-08-14 09:00:00+00:00,290.15,293.35,2394.83599462538,-7663.475182801325,-0.007720144752714223,82,v3_short,gap_sl,False,A,True,0.008960882302257531,0.0033926417370325757,0.00012407375495433477,0.4423076923076797,0.5576923076923203
MTSS,1,2023-08-18 12:00:00+00:00,2023-08-18 13:00:00+00:00,280.8,281.3,2455.4744701303166,1227.7372350651583,0.0012464387464387462,1,v3_long,opposite_signal,False,A,True,0.010507569011576096,0.005827025823686544,-0.0002617987533392666,0.4915254237288116,0.5084745762711884
MTSS,-1,2023-08-18 15:00:00+00:00,2023-08-18 16:00:00+00:00,281.7,284.517,2450.6803240225017,-6903.566472771406,-0.007000000000000019,1,v3_short,sl,False,A,True,0.009228039041703719,0.005273957409050565,-0.00013309671694764863,0.7692307692307625,0.2307692307692375
MTSS,1,2023-08-25 12:00:00+00:00,2023-08-25 15:00:00+00:00,287.8,289.0,2381.946319479495,2858.3355833753667,0.0029186935371785685,3,v3_long,opposite_signal,False,A,True,0.009209383145091146,0.0047132927888792146,-0.00021894005212858225,0.2641509433962244,0.7358490566037756
MTSS,-1,2023-08-25 17:00:00+00:00,2023-08-28 09:00:00+00:00,289.0,290.6,2378.9791891161294,-3806.3667025858613,-0.0038754325259516124,64,v3_short,timeout,False,A,True,0.00934094447327448,0.004119097042034228,-0.00023179380729977667,0.7222222222222211,0.27777777777777896
MTSS,1,2023-09-01 18:00:00+00:00,2023-09-04 09:00:00+00:00,283.55,284.0,2415.307808015346,1086.8885136068782,0.0011109151825074663,63,v3_long,timeout,False,A,True,0.008467101781619253,0.0033956606103369277,-0.00021520550361615886,0.22916666666667357,0.7708333333333264
MTSS,1,2023-09-15 13:00:00+00:00,2023-09-18 09:00:00+00:00,276.6,279.0,2478.746749538236,5948.99219889171,0.006073752711496689,68,v3_long,timeout,False,A,True,0.01409978308026022,0.004852449385394069,-0.00021511207519884473,0.2692307692307737,0.7307692307692263
MTSS,1,2023-09-21 18:00:00+00:00,2023-09-22 11:00:00+00:00,270.0,267.3,2554.7616498574084,-6897.856454614974,-0.00699999999999997,17,v3_long,sl,False,A,True,0.013150583441377865,0.005782320800148162,-0.00025004630487127246,0.5352112676056342,0.46478873239436574
MTSS,-1,2023-09-22 16:00:00+00:00,2023-09-25 09:00:00+00:00,271.05,270.15,2527.0508981489384,2274.3458083341307,0.0023242944106254336,65,v3_short,timeout,False,A,True,0.02415637101235483,0.0056875806749031995,-1.1063986723214255e-05,0.7022900763358801,0.29770992366411986
MTSS,1,2023-09-29 14:00:00+00:00,2023-10-02 09:00:00+00:00,275.5,275.05,2492.0115717208846,-1121.4052072743698,-0.0011433756805807333,67,v3_long,timeout,False,A,True,0.012341197822141478,0.0036864791288566245,0.00014337568058075977,0.2941176470588255,0.7058823529411745
MTSS,1,2023-10-05 20:00:00+00:00,2023-10-06 21:00:00+00:00,271.05,268.3395,2530.02842414319,-6857.642043640179,-0.0070000000000000635,25,v3_long,sl,False,A,True,0.010145729570190002,0.0037585316362294474,9.407858328721469e-05,0.30909090909091735,0.6909090909090826
MTSS,1,2023-10-13 12:00:00+00:00,2023-10-13 17:00:00+00:00,270.95,272.0,2513.2454509446898,2638.9077234919528,0.002712677615796302,5,v3_long,opposite_signal,False,A,True,0.004612546125461255,0.0037015682656826266,-7.011070110701023e-05,0.559999999999991,0.4400000000000091
MTSS,-1,2023-11-10 18:00:00+00:00,2023-11-10 19:00:00+00:00,276.0,275.55,2473.9532258692316,1113.278951641126,0.001141304347826058,1,v3_short,opposite_signal,False,A,True,0.005616959594129413,0.003352056531980408,0.00015944917557528457,0.645161290322576,0.3548387096774241
MTSS,1,2023-12-14 17:00:00+00:00,2023-12-15 14:00:00+00:00,248.75,250.0,2748.102052687665,3435.1275658595814,0.003517587939698492,21,v3_long,opposite_signal,False,A,True,0.015471167369901525,0.004690325497287529,8.237894313843954e-05,0.05194805194804907,0.9480519480519509
MTSS,-1,2023-12-15 17:00:00+00:00,2023-12-18 09:00:00+00:00,250.55,250.55,2737.956395538449,-0.0,-0.0,64,v3_short,timeout,False,A,True,0.018958291758132108,0.004147126322091402,3.7916583516263765e-05,0.8315789473684246,0.16842105263157536
MTSS,1,2023-12-22 17:00:00+00:00,2023-12-25 09:00:00+00:00,248.95,250.0,2755.5532231458465,2893.33088430317,0.0029524000803374494,64,v3_long,timeout,False,A,True,0.009841333601124679,0.0036151837718417295,-0.00028720626631853697,0.3265306122448925,0.6734693877551075
MTSS,-1,2023-12-28 18:00:00+00:00,2024-01-03 09:00:00+00:00,248.8,248.5,2765.3549297474706,829.6064789242727,0.0008440514469453697,135,v3_short,timeout,False,A,True,0.012055455093429777,0.0030515370705244244,-4.420333534257676e-05,0.9333333333333371,0.06666666666666288
MTSS,-1,2024-01-25 21:00:00+00:00,2024-01-29 09:00:00+00:00,269.0,271.5,2559.8551340387276,-6399.637835096819,-0.006505576208178439,84,v3_short,timeout,False,A,True,0.013563730955035429,0.004128344481605339,0.00020624303232998713,0.7671232876712288,0.2328767123287712
MTSS,-1,2024-03-07 20:00:00+00:00,2024-03-11 09:00:00+00:00,289.8,291.45,2360.666958494996,-3895.10048151669,-0.003985507246376756,85,v3_short,timeout,False,A,True,0.008968609865470736,0.002985943428768552,-4.656778199378783e-05,0.3846153846153897,0.6153846153846103
MTSS,1,2024-03-22 13:00:00+00:00,2024-03-22 21:00:00+00:00,291.3,288.387,2339.151095896973,-6813.947142347908,-0.007000000000000026,8,v3_long,sl,False,A,True,0.010298661174047373,0.003937092344661853,0.00013903192584963797,0.26666666666667044,0.7333333333333295
MTSS,1,2024-03-29 11:00:00+00:00,2024-04-01 09:00:00+00:00,297.4,299.25,2275.1343350206616,4208.998519788276,0.004354404841963739,70,v3_long,timeout,False,A,True,0.008910558170813643,0.0034780598520511062,0.0002858103564223269,0.13207547169810147,0.8679245283018985
MTSS,1,2024-04-04 18:00:00+00:00,2024-04-08 09:00:00+00:00,301.0,301.3,2257.7117946810513,677.3135384043411,0.0006976744186046776,87,v3_long,timeout,False,A,True,0.01080093054170821,0.003385676304420058,0.00011964107676968791,0.10769230769231469,0.8923076923076854
MTSS,-1,2024-04-11 17:00:00+00:00,2024-04-12 09:00:00+00:00,303.7,309.5,2239.201085531378,-12987.366296082017,-0.013368455712874573,16,v3_short,gap_sl,False,A,True,0.008891816235797757,0.0031543306438333585,6.586530545033157e-06,0.7037037037036983,0.2962962962963018
MTSS,1,2024-04-26 20:00:00+00:00,2024-04-27 15:00:00+00:00,310.15,307.0485,2163.3216613529653,-6709.542132686194,-0.006999999999999972,19,v3_long,sl,False,A,True,0.034660648073512816,0.005304892793809428,-4.6751571820088526e-05,0.5767441860465106,0.42325581395348943
MTSS,-1,2024-04-27 20:00:00+00:00,2024-04-29 20:00:00+00:00,311.25,310.8,2140.5864538979654,963.2639042540601,0.0010120481927710589,48,v3_short,timeout,False,A,True,0.019274012206874396,0.005014254738194649,4.8185030517185994e-05,0.7083333333333334,0.2916666666666667
MTSS,1,2024-04-30 15:00:00+00:00,2024-05-02 15:00:00+00:00,310.75,310.9,2146.2005422645843,321.93008133963883,0.0003378921962992247,48,v3_long,timeout,False,A,True,0.008364162779475704,0.003178688235789714,7.720765642592816e-05,0.1346153846153922,0.8653846153846079
MTSS,-1,2024-05-23 19:00:00+00:00,2024-05-24 12:00:00+00:00,308.0,305.8,2166.094706382004,4765.408354040384,0.004999999999999974,17,v3_short,opposite_signal,False,A,True,0.01556672612291231,0.0036028457921193574,-0.0001053997081238815,0.9270833333333288,0.07291666666667124
MTSS,1,2024-05-24 14:00:00+00:00,2024-05-27 09:00:00+00:00,304.95,304.1,2198.69800102799,-1868.8933008737165,-0.001951139531070589,67,v3_long,timeout,False,A,True,0.011641252664371247,0.0036993769470405127,-7.870142646335018e-05,0.042253521126754026,0.9577464788732459
MTSS,1,2024-05-30 18:00:00+00:00,2024-05-30 19:00:00+00:00,298.1,295.119,2244.833042948252,-6691.847301028727,-0.006999999999999987,1,v3_long,sl,False,A,True,0.007380073800737969,0.003815833612881581,-0.00019288829251928882,0.15909090909092025,0.8409090909090797
MTSS,1,2024-06-06 19:00:00+00:00,2024-06-07 13:00:00+00:00,293.25,297.64874999999995,2265.986144900781,9967.506554882197,0.010499999999999883,18,v3_long,tp,False,A,True,0.008854077983994629,0.00516665247743913,0.0003405414609228713,0.6730769230769172,0.3269230769230828
MTSS,-1,2024-06-27 17:00:00+00:00,2024-06-28 14:00:00+00:00,292.1,289.5,2298.7938773727196,5976.864081169123,0.006230742896268455,21,v3_short,opposite_signal,False,A,True,0.018144471071550875,0.004316800753166708,-4.792879150975226e-05,0.8584905660377361,0.14150943396226384
MTSS,1,2024-06-28 16:00:00+00:00,2024-07-01 09:00:00+00:00,289.5,291.15,2333.8911794037645,3850.920446016158,0.003989637305699427,65,v3_long,timeout,False,A,True,0.01571403902607498,0.0038313762735278757,2.5902262130892764e-05,0.1758241758241779,0.8241758241758221
MTSS,1,2024-08-01 22:00:00+00:00,2024-08-02 14:00:00+00:00,226.15,223.8885,2999.589390889237,-6783.571407496047,-0.0070000000000000374,16,v3_long,sl,False,A,True,0.021883289124668512,0.004862953138815214,0.0002431476569407604,0.04040404040404371,0.9595959595959563
MTSS,1,2024-08-09 16:00:00+00:00,2024-08-12 09:00:00+00:00,222.45,222.5,3028.1350450184486,151.40675225095686,0.0001573387278040367,65,v3_long,timeout,False,A,True,0.011235955056179775,0.00453651685393257,0.00018202247191011287,0.2799999999999955,0.7200000000000045
MTSS,1,2024-08-16 11:00:00+00:00,2024-08-16 14:00:00+00:00,222.5,220.275,3027.930901082829,-6737.146254909278,-0.006999999999999981,3,v3_long,sl,False,A,True,0.006743088334457182,0.0041160935041582355,-0.0001213755900202262,0.29999999999999244,0.7000000000000076
MTSS,-1,2024-08-29 20:00:00+00:00,2024-08-30 10:00:00+00:00,197.6,195.7,3385.6205623101882,6432.679068389377,0.006730769230769252,14,v3_short,opposite_signal,False,A,True,0.021002024291498004,0.006634299089068834,-0.0002656882591093146,0.5783132530120487,0.4216867469879512
MTSS,1,2024-08-30 12:00:00+00:00,2024-08-30 13:00:00+00:00,196.75,194.7825,3423.1334102178685,-6735.01498460366,-0.007000000000000004,1,v3_long,sl,False,A,True,0.017793594306049824,0.007490785460091516,-0.0002008134214539903,0.4857142857142825,0.5142857142857176
MTSS,1,2024-09-20 18:00:00+00:00,2024-09-20 18:00:00+00:00,205.6,203.54399999999998,3252.8549998596454,-6687.8698797114685,-0.007000000000000039,0,v3_long,sl,False,A,True,0.02164923376307462,0.0060964485526635885,-7.540744344441796e-05,0.06741573033707499,0.932584269662925
MTSS,1,2024-09-27 11:00:00+00:00,2024-09-27 14:00:00+00:00,206.45,207.95,3216.7860453153075,4825.179067972961,0.005085977234197143,3,v3_long,opposite_signal,False,A,True,0.012112403100775193,0.006919210271317819,-0.00013565891472868273,0.41999999999999316,0.5800000000000068
MTSS,-1,2024-09-27 16:00:00+00:00,2024-09-30 09:00:00+00:00,207.75,207.05,3212.915063311317,2249.0405443178856,0.0023586040914560387,65,v3_short,timeout,False,A,True,0.012515042117930177,0.00570848375451263,-9.626955475327642e-06,0.6538461538461509,0.3461538461538491
MTSS,-1,2024-10-10 18:00:00+00:00,2024-10-11 10:00:00+00:00,206.2,205.15,3244.7014199027585,3406.936490897841,0.003564500484965995,16,v3_short,opposite_signal,False,A,True,0.013097259277225404,0.003903407712830459,0.0001406742663109403,0.46296296296296,0.53703703703704
MTSS,1,2024-10-11 12:00:00+00:00,2024-10-14 09:00:00+00:00,205.3,205.5,3270.54207660778,654.1084153215188,0.000681928884559143,69,v3_long,timeout,False,A,True,0.008278548819089442,0.003621865108351592,-4.626247869491058e-05,0.20588235294118779,0.7941176470588123
MTSS,1,2024-10-17 17:00:00+00:00,2024-10-18 10:00:00+00:00,205.95,203.89049999999997,3262.4431377436385,-6719.00164218307,-0.007000000000000049,17,v3_long,sl,False,A,True,0.009951456310679667,0.004695084951456305,-2.4271844660199692e-06,0.36585365853658336,0.6341463414634166
MTSS,-1,2024-11-01 22:00:00+00:00,2024-11-02 21:00:00+00:00,185.4,187.25400000000002,3598.688581816473,-6671.968630687789,-0.0070000000000000505,23,v3_short,sl,False,A,True,0.024541531823085282,0.006320792880258885,-0.0004314994606256742,0.7032967032967052,0.2967032967032947
MTSS,1,2024-12-13 11:00:00+00:00,2024-12-16 09:00:00+00:00,169.15,170.5,3916.798610861914,5287.678124663561,0.0055867573159917,70,v3_long,timeout,False,A,True,0.020100502512562846,0.007934895063553053,-0.000233520543895953,0.4117647058823539,0.5882352941176461
MTSS,1,2024-12-27 18:00:00+00:00,2024-12-28 11:00:00+00:00,195.3,198.2295,3411.304965256309,9993.417895718325,0.010499999999999966,17,v3_long,tp,False,A,True,0.015104966717869884,0.006392409114183315,0.0002022529441884275,0.4237288135593237,0.5762711864406763
MTSS,1,2025-02-21 15:00:00+00:00,2025-02-24 06:00:00+00:00,251.6,253.65,2675.7680931699524,5485.3245909984325,0.005703497615262352,63,v3_long,timeout,False,A,True,0.012909632571996028,0.00490252443422359,0.0005342601787487583,0.3384615384615367,0.6615384615384633
MTSS,-1,2025-03-13 13:00:00+00:00,2025-03-13 19:00:00+00:00,241.7,244.117,2801.2535351893216,-6770.629794552595,-0.007000000000000005,6,v3_short,sl,False,A,True,0.018001241464928593,0.0059187384973918315,3.1036623215394166e-05,0.9655172413793089,0.03448275862069101
MTSS,-1,2025-03-16 15:00:00+00:00,2025-03-16 18:00:00+00:00,246.8,249.268,2724.1634465116376,-6723.2353859906925,-0.00699999999999997,3,v3_short,sl,False,A,True,0.0054700162074554064,0.0035041118914700795,0.00026134521880064553,0.5185185185185334,0.4814814814814667
MTSS,1,2025-03-17 14:00:00+00:00,2025-03-17 14:00:00+00:00,247.0,244.53,2702.9039426270388,-6676.172738288783,-0.006999999999999997,0,v3_long,sl,False,A,True,0.018218623481781375,0.0036194331983805616,0.0002712550607287445,0.13333333333333208,0.8666666666666679
MTSS,-1,2025-04-13 16:00:00+00:00,2025-04-14 11:00:00+00:00,221.2,221.2,2997.0341451721365,-0.0,-0.0,19,v3_short,opposite_signal,False,A,True,0.004972875226039758,0.003968253968253962,0.0001288426763110292,0.9545454545454439,0.045454545454556024
MTSS,-1,2025-04-17 21:00:00+00:00,2025-04-18 12:00:00+00:00,216.75,213.49875,3058.564949998046,9944.159293681143,0.010499999999999995,15,v3_short,tp,False,A,True,0.013145756457564549,0.0064332880170906905,0.00019833948339483185,0.7368421052631574,0.26315789473684265
MTSS,-1,2025-04-24 11:00:00+00:00,2025-04-24 20:00:00+00:00,216.4,215.5,3095.6786710612446,2786.1108039551377,0.0029112754158965065,9,v3_short,opposite_signal,False,A,True,0.01363216266173747,0.0057885008269286786,0.0,0.45762711864406763,0.5423728813559323
MTSS,1,2025-04-24 22:00:00+00:00,2025-04-25 07:00:00+00:00,215.95,217.2,3111.160648207557,3888.9508102594464,0.004051863857374393,9,v3_long,opposite_signal,False,A,True,0.013429034498726584,0.005593400031683724,4.862236628849587e-05,0.29310344827585955,0.7068965517241405
MTSS,-1,2025-04-25 09:00:00+00:00,2025-04-25 11:00:00+00:00,217.2,219.37199999999999,3105.7891691878613,-6745.774075476025,-0.00699999999999999,2,v3_short,sl,False,A,True,0.01105226801749945,0.005180750633202834,4.8353672576563124e-05,0.8749999999999956,0.12500000000000444
MTSS,-1,2025-04-27 13:00:00+00:00,2025-04-28 17:00:00+00:00,220.1,222.301,3043.4137469094517,-6698.5536569476835,-0.006999999999999979,28,v3_short,sl,False,A,True,0.008401453224341483,0.004574965519561335,0.00023614895549500404,0.78378378378378,0.21621621621621995
MTSS,1,2025-04-29 10:00:00+00:00,2025-04-29 16:00:00+00:00,219.95,221.3,3024.1708485333347,4082.6306455200706,0.004296431007047128,6,v3_long,opposite_signal,False,A,True,0.023181818181818158,0.004872159090909076,8.181818181817974e-05,0.35294117647058526,0.6470588235294147
MTSS,-1,2025-04-29 18:00:00+00:00,2025-04-29 18:00:00+00:00,220.0,218.95,3036.473725394413,3188.2974116641685,0.003340909090909127,0,v3_short,opposite_signal,False,A,True,0.015905476028175415,0.005708069102752123,2.0449897750510728e-05,0.5,0.5
MTSS,1,2025-05-04 11:00:00+00:00,2025-05-04 14:00:00+00:00,210.15,211.0,3189.4172152031206,2711.0046329226343,0.002831310968355917,3,v3_long,opposite_signal,False,A,True,0.0042836744407425305,0.004689125107973274,-0.0005188005711565937,1.0555555555555678,-0.055555555555567834
MTSS,-1,2025-05-04 16:00:00+00:00,2025-05-05 14:00:00+00:00,211.65,208.47525000000002,3175.7794992581225,10082.305965269688,0.01049999999999996,22,v3_short,tp,False,A,True,0.013947990543735305,0.003826284913755367,-0.000222222222222219,0.8305084745762722,0.16949152542372783
MTSS,-1,2025-05-15 18:00:00+00:00,2025-05-16 14:00:00+00:00,219.0,217.1,3101.421667551007,5892.701168346931,0.0060730593607306125,20,v3_short,opposite_signal,False,A,True,0.02968036529680365,0.004662340783465524,-0.00028310502283104973,0.9230769230769231,0.07692307692307693
MTSS,-1,2025-05-16 17:00:00+00:00,2025-05-17 18:00:00+00:00,216.85,219.0185,3151.1931566129274,-6833.362360115116,-0.006999999999999982,25,v3_short,sl,False,A,True,0.027469990766389608,0.0058621276182145255,-0.00018698060941828306,0.5630252100840337,0.4369747899159663
MTSS,-1,2025-05-20 23:00:00+00:00,2025-05-21 11:00:00+00:00,219.2,216.6,3095.5879669682154,8048.528714117342,0.00830291970802918,12,v3_short,opposite_signal,False,A,True,0.01823985408116735,0.005901895641977719,-0.0002872777017783863,0.875,0.125
MTSS,1,2025-05-23 13:00:00+00:00,2025-05-26 06:00:00+00:00,215.1,214.4,3180.7849951618546,-2226.549496613262,-0.002278010227800986,65,v3_long,timeout,False,A,True,0.0204556020455601,0.005358584746384774,-0.00016503951650394954,0.12499999999999677,0.8750000000000032
MTSS,-1,2025-05-31 18:00:00+00:00,2025-06-01 11:00:00+00:00,217.9,216.3,3132.759374996262,5012.414999994002,0.005139972464433208,17,v3_short,opposite_signal,False,A,True,0.006883891693437357,0.004228676325968655,1.3767783386875235e-05,0.7000000000000076,0.29999999999999244
MTSS,1,2025-06-01 13:00:00+00:00,2025-06-01 15:00:00+00:00,216.2,214.03799999999998,3173.6214538005615,-6861.369583116833,-0.00700000000000002,2,v3_long,sl,False,A,True,0.015032377428307124,0.0036146229485729937,2.5439407955597196e-05,0.3384615384615367,0.6615384615384633
MTSS,-1,2025-06-02 11:00:00+00:00,2025-06-02 19:00:00+00:00,216.95,219.1195,3140.5116367988003,-6813.339996034995,-0.006999999999999999,8,v3_short,sl,False,A,True,0.01751152073732724,0.0037603686635944763,-5.76036866359447e-05,0.7763157894736789,0.2236842105263211
MTSS,-1,2025-06-08 15:00:00+00:00,2025-06-09 08:00:00+00:00,227.5,229.775,2973.9106004671435,-6765.646616062768,-0.0070000000000000175,17,v3_short,sl,False,A,True,0.007917308115240869,0.0062475054777671925,-0.00047503848691444957,0.722222222222224,0.277777777777776
MTSS,-1,2025-06-11 11:00:00+00:00,2025-06-13 11:00:00+00:00,225.85,223.25,2974.6677395396555,7734.136122803087,0.008058445871153402,48,v3_short,opposite_signal,False,A,True,0.02324551693601948,0.004841359542313827,-0.00031436794332521435,0.7238095238095206,0.27619047619047943
MTSS,1,2025-06-13 13:00:00+00:00,2025-06-13 13:00:00+00:00,224.75,224.05,3013.31525811343,-2109.320680679367,-0.002180200222469375,0,v3_long,opposite_signal,False,A,True,0.010893730546909813,0.0045020008892841445,-3.1124944419744125e-05,0.6734693877550997,0.3265306122449003
MTSS,1,2025-06-13 15:00:00+00:00,2025-06-15 15:00:00+00:00,223.75,225.9,3020.183596802314,6493.394733124992,0.006726256983240241,48,v3_long,timeout,False,A,True,0.010949720670391138,0.004134078212290522,-4.0223463687152366e-05,0.26530612244898005,0.7346938775510199
MTSS,1,2025-06-16 18:00:00+00:00,2025-06-18 08:00:00+00:00,225.2,226.3,3020.921208249136,3323.0133290741182,0.003419182948490302,38,v3_long,opposite_signal,False,A,True,0.011989342806394266,0.003197158081705146,0.00011323268206039127,0.4259259259259193,0.5740740740740807
MTSS,-1,2025-06-18 10:00:00+00:00,2025-06-18 15:00:00+00:00,226.55,228.81550000000001,3013.1872232533974,-6826.37565428058,-0.007000000000000009,5,v3_short,sl,False,A,True,0.008388520971302453,0.0033228767282444485,1.7660044150109374e-05,0.8157894736842141,0.18421052631578594
MTSS,1,2025-06-20 16:00:00+00:00,2025-06-23 06:00:00+00:00,227.85,228.55,2975.0234912006176,2082.516443840483,0.002150537634408654,62,v3_long,timeout,False,A,True,0.009212546611099026,0.003803927454081566,0.00019741171309497696,0.07142857142857337,0.9285714285714266
MTSS,1,2025-06-27 11:00:00+00:00,2025-06-28 10:00:00+00:00,234.3,234.9,2899.3464105025573,1739.6078463015178,0.0017925736235595222,23,v3_long,opposite_signal,False,A,True,0.008536064874093042,0.004706067345059185,0.00020273154075970976,0.5250000000000057,0.4749999999999943
MTSS,-1,2025-06-28 12:00:00+00:00,2025-06-29 13:00:00+00:00,235.0,237.35,2895.891870098554,-6805.345894731586,-0.006999999999999984,25,v3_short,sl,False,A,True,0.005742237345810269,0.0034878774989366285,-4.253509145044904e-05,0.8518518518518596,0.14814814814814034
MTSS,1,2025-07-01 08:00:00+00:00,2025-07-01 10:00:00+00:00,238.25,235.8675,2836.3939028199293,-6757.708473468462,-0.006999999999999981,2,v3_long,sl,False,A,True,0.009859450388084726,0.003237535836654788,0.00018879798615481435,0.5319148936170226,0.46808510638297746
MTSS,1,2025-07-01 12:00:00+00:00,2025-07-02 10:00:00+00:00,237.05,234.67950000000002,2830.7970951926604,-6710.404514154181,-0.0069999999999999785,22,v3_long,sl,False,A,True,0.01434296561906761,0.003796667369753222,0.00010968150179287165,0.3676470588235319,0.6323529411764681
MTSS,-1,2025-07-14 19:00:00+00:00,2025-07-14 19:00:00+00:00,192.65,194.5765,3458.82776151317,-6663.431682555137,-0.007000000000000015,0,v3_short,sl,False,A,True,0.021801193874902612,0.004650921359979226,-0.00018686737607059552,0.8690476190476227,0.13095238095237724
MTSS,-1,2025-07-20 17:00:00+00:00,2025-07-21 08:00:00+00:00,210.15,212.25150000000002,3148.602265418623,-6616.787660777286,-0.007000000000000052,15,v3_short,sl,False,A,True,0.008799048751486299,0.0029770555335359,0.0006040428061831121,0.2702702702702711,0.7297297297297289
MTSS,-1,2025-07-23 08:00:00+00:00,2025-07-24 11:00:00+00:00,210.55,210.8,3120.6222498939896,-780.1555624734974,-0.0008311564948943244,27,v3_short,opposite_signal,False,A,True,0.014241633040588654,0.004884630279710673,-0.0001068122478044149,0.8666666666666742,0.13333333333332575
MTSS,-1,2025-07-25 08:00:00+00:00,2025-07-25 09:00:00+00:00,211.45,210.75,3104.757180522337,2173.3300263656006,0.002317332702766574,1,v3_short,opposite_signal,False,A,True,0.007797731568998003,0.003612824594567696,0.0001984877126654059,0.6969696969696928,0.3030303030303072
MTSS,1,2025-07-25 11:00:00+00:00,2025-07-25 12:00:00+00:00,211.2,211.7,3115.6355910980305,1557.8177955490153,0.0016571969696969697,1,v3_long,opposite_signal,False,A,True,0.0078124999999998924,0.0038314892344497573,0.0001467803030303041,0.5454545454545392,0.4545454545454608
MTSS,1,2025-07-25 14:00:00+00:00,2025-07-25 15:00:00+00:00,211.2,210.25,3120.798812958278,-2964.7588723103286,-0.0031486742424242046,1,v3_long,opposite_signal,False,A,True,0.014678030303030276,0.004118072169059006,-1.8939393939398246e-05,0.6774193548387091,0.3225806451612909
MTSS,1,2025-07-26 18:00:00+00:00,2025-07-28 09:00:00+00:00,209.3,207.20700000000002,3139.213464339088,-6570.373780861678,-0.006999999999999965,39,v3_long,sl,False,A,True,0.0074056378404203675,0.004020203399085393,-0.00011227902532250467,0.32258064516129387,0.6774193548387061
MTSS,-1,2025-07-29 15:00:00+00:00,2025-07-30 07:00:00+00:00,208.45,206.75,3129.9501868053158,5320.915317569001,0.005708803070280605,16,v3_short,opposite_signal,False,A,True,0.017270328615975165,0.0046519403679394005,-0.0002206764212041268,0.9027777777777721,0.09722222222222793
MTSS,1,2025-07-30 09:00:00+00:00,2025-07-31 11:00:00+00:00,206.6,208.45,3176.005600977088,5875.610361807594,0.006268151016456902,26,v3_long,opposite_signal,False,A,True,0.013804795349963782,0.005015869778587904,-0.000104141438604988,0.05263157894736999,0.94736842105263
MTSS,-1,2025-07-31 13:00:00+00:00,2025-08-01 07:00:00+00:00,208.7,210.78699999999998,3163.7550762584174,-6602.756844151282,-0.006999999999999964,18,v3_short,sl,False,A,True,0.022999520843315684,0.004306105464908078,5.7498802108288864e-05,0.7604166666666646,0.23958333333333537
MTSS,1,2025-08-14 11:00:00+00:00,2025-08-15 14:00:00+00:00,221.2,224.51799999999997,2964.0766483916177,9834.806319363339,0.01049999999999995,27,v3_long,tp,False,A,True,0.015596745027124723,0.004336394784429417,0.00010171790235081117,0.34782608695651956,0.6521739130434804
MTSS,1,2025-08-18 14:00:00+00:00,2025-08-18 21:00:00+00:00,221.8,225.12699999999998,2987.097020053111,9938.07178571661,0.010499999999999904,7,v3_long,tp,False,A,True,0.022532672374943667,0.0037764758900405465,4.7318611987382215e-05,0.16000000000000228,0.8399999999999977
MTSS,1,2025-08-21 10:00:00+00:00,2025-08-21 13:00:00+00:00,225.5,226.85,2968.9346753781892,4008.0618117605386,0.004190687361419051,3,v3_long,opposite_signal,False,A,True,0.01285460992907804,0.005569942142590523,0.0001351950354609909,0.5172413793103439,0.4827586206896562
MTSS,-1,2025-08-21 15:00:00+00:00,2025-08-21 15:00:00+00:00,226.45,225.5,2968.869121510329,2820.4256654347787,0.002936630602782036,0,v3_short,opposite_signal,False,A,True,0.01457275336718915,0.005119057303227161,-3.7535879885185375e-05,0.5757575757575718,0.42424242424242814
MTSS,-1,2025-08-22 11:00:00+00:00,2025-08-24 11:00:00+00:00,225.95,224.35,2984.176634351929,4774.68261496307,0.004956848860367321,48,v3_short,timeout,False,A,True,0.01504757689754373,0.0050896215976986075,-0.00011506970568709993,0.7352941176470575,0.2647058823529424
MTSS,-1,2025-08-31 13:00:00+00:00,2025-09-01 08:00:00+00:00,219.0,221.19,3094.1414993711987,-6776.169883622918,-0.006999999999999993,19,v3_short,sl,False,A,True,0.007762557077625519,0.0032639945881954937,-0.0002990867579908681,1.0,0.0
MTSS,-1,2025-09-02 15:00:00+00:00,2025-09-02 20:00:00+00:00,220.1,216.7985,3057.127076073405,10093.10504165636,0.010500000000000013,5,v3_short,tp,False,A,True,0.017268802544876217,0.0035253695785393115,0.0,1.0131578947368376,-0.013157894736837579
MTSS,-1,2025-09-03 14:00:00+00:00,2025-09-04 07:00:00+00:00,218.95,221.1395,3105.452582657758,-6799.388429729191,-0.007000000000000032,17,v3_short,sl,False,A,True,0.012559945192966432,0.003999432179381937,-0.00020324274948618355,0.8545454545454525,0.14545454545454753
MTSS,-1,2025-09-15 13:00:00+00:00,2025-09-15 17:00:00+00:00,214.0,210.79,3155.043322766848,10127.689066081608,0.010500000000000027,4,v3_short,tp,False,A,True,0.01612149532710275,0.003308411214953269,-3.504672897196262e-05,0.5362318840579712,0.4637681159420289
MTSS,1,2025-09-18 14:00:00+00:00,2025-09-19 18:00:00+00:00,211.7,209.583,3222.808943875119,-6822.6865341835955,-0.006999999999999968,28,v3_long,sl,False,A,True,0.01913536498936916,0.005327812799184342,0.00012993149066855658,0.03703703703703158,0.9629629629629685
MTSS,1,2025-09-25 12:00:00+00:00,2025-09-25 12:00:00+00:00,208.85,206.76149999999998,3243.9203870932934,-6774.927728444377,-0.007000000000000037,0,v3_long,sl,False,A,True,0.018194876705769747,0.006608873152476598,0.00018194876705769747,0.2368421052631587,0.7631578947368414
MTSS,-1,2025-09-27 12:00:00+00:00,2025-09-29 11:00:00+00:00,208.2,210.28199999999998,3231.269565007316,-6727.503234345211,-0.006999999999999979,47,v3_short,sl,False,A,True,0.010804321728691477,0.0043628880123477865,-0.0001800720288115246,0.6888888888888813,0.31111111111111867
MTSS,1,2025-09-30 10:00:00+00:00,2025-09-30 15:00:00+00:00,207.05,204.9795,3226.4722104345883,-6680.410711704847,-0.007000000000000034,5,v3_long,sl,False,A,True,0.01762008206613568,0.003922278542119237,2.1723388848662588e-05,0.17808219178082318,0.8219178082191768
MTSS,-1,2025-10-03 12:00:00+00:00,2025-10-03 13:00:00+00:00,204.55,201.48175,3243.044652516686,9950.471755084342,0.010500000000000021,1,v3_short,tp,False,A,True,0.020048899755501195,0.0060609960108094305,-0.00018092909535452267,0.8658536585365894,0.13414634146341067
MTSS,1,2025-10-06 16:00:00+00:00,2025-10-06 18:00:00+00:00,199.65,202.64475,3357.526240424979,10054.951708512644,0.010499999999999935,2,v3_long,tp,False,A,True,0.025306940616386928,0.00418942620897019,9.020295665246862e-05,0.10891089108911092,0.8910891089108891
MTSS,-1,2025-10-12 17:00:00+00:00,2025-10-14 10:00:00+00:00,202.15,200.5,3350.8215686213503,5528.855588225247,0.0057135790254761515,41,v3_short,opposite_signal,False,A,True,0.0037101162503091764,0.0036276692225245297,-0.00019787286668315326,1.0,0.0
MTSS,1,2025-10-14 12:00:00+00:00,2025-10-15 13:00:00+00:00,200.9,200.6,3390.934688942577,-1017.2804066828116,-0.0010452961672474264,25,v3_long,opposite_signal,False,A,True,0.014683922349427518,0.004752053260328515,4.97760079641443e-06,0.305084745762715,0.6949152542372851
MTSS,-1,2025-10-15 15:00:00+00:00,2025-10-16 09:00:00+00:00,201.6,200.5,3375.6283865272103,3713.191225179912,0.0038194444444444244,18,v3_short,opposite_signal,False,A,True,0.013148102207888888,0.004914614440786611,-6.946167204167587e-05,0.849056603773583,0.15094339622641692
MTSS,1,2025-10-16 11:00:00+00:00,2025-10-16 15:00:00+00:00,200.4,203.40599999999998,3408.8119589895787,10246.888748722577,0.0104999999999999,4,v3_long,tp,False,A,True,0.014970059880239521,0.004031410862485561,0.0,0.1999999999999981,0.8000000000000019
MTSS,-1,2025-10-21 14:00:00+00:00,2025-10-21 17:00:00+00:00,211.9,208.7215,3257.6627593469434,10354.481080584304,0.010500000000000044,3,v3_short,tp,False,A,True,0.018404907975460016,0.004812161253879026,-0.0002501179801793304,0.9871794871794914,0.012820512820508523
MTSS,-1,2025-10-30 11:00:00+00:00,2025-10-30 12:00:00+00:00,200.95,202.9595,3471.2459590048593,-6975.468754620274,-0.00700000000000001,1,v3_short,sl,False,A,True,0.00895522388059693,0.005610107357947117,0.00028606965174129354,0.08333333333332149,0.9166666666666785
TATN,1,2022-01-13 15:00:00+00:00,2022-01-13 17:00:00+00:00,503.4,498.366,1390.544298768375,-6999.999999999988,-0.006999999999999988,2,v3_long,sl,False,A,True,0.02483608185972581,0.006018174783272508,0.0003794953308166108,0.03199999999999818,0.9680000000000019
TATN,-1,2022-02-10 18:00:00+00:00,2022-02-10 20:00:00+00:00,505.9,502.2,1373.9869539434671,5083.751729590813,0.005119588851551674,2,v3_short,opposite_signal,False,A,True,0.0205574224154972,0.005789577719749086,0.0004111484483099418,0.7884615384615348,0.21153846153846523
TATN,1,2022-02-10 22:00:00+00:00,2022-02-11 07:00:00+00:00,502.0,496.98,1391.7502514157638,-6986.586262107109,-0.006999999999999973,9,v3_long,sl,False,A,True,0.020717131474103652,0.0058031033759698165,0.00036653386454182994,0.4134615384615382,0.5865384615384618
TATN,-1,2022-08-19 16:00:00+00:00,2022-08-19 17:00:00+00:00,432.8,431.8,1602.9760069945437,1602.9760069945437,0.0016173752310536043,1,v3_short,opposite_signal,False,A,True,0.015011547344110854,0.006393029603191245,-3.2332563510392084e-05,0.07692307692307693,0.9230769230769231
TATN,-1,2022-08-26 18:00:00+00:00,2022-08-29 09:00:00+00:00,448.9,454.0,1547.9841814037309,-7894.7193251590625,-0.007952773446201863,63,v3_short,gap_sl,False,A,True,0.012700534759358263,0.004415815913142136,-6.684491978609626e-05,0.8596491228070152,0.14035087719298472
TATN,1,2022-10-13 19:00:00+00:00,2022-10-14 12:00:00+00:00,352.5,348.975,1955.6419730624777,-6893.637955045189,-0.006999999999999955,17,v3_long,sl,False,A,True,0.014228799089356859,0.005513659647125768,-8.821855435401318e-05,0.5,0.5
TATN,-1,2022-10-21 20:00:00+00:00,2022-10-24 09:00:00+00:00,362.4,363.9,1888.9024529138846,-2833.353679370827,-0.002897350993377484,61,v3_short,timeout,False,A,True,0.023461219983439138,0.006365581010212517,0.00016560861164780568,0.870588235294115,0.12941176470588503
TATN,-1,2022-10-27 23:00:00+00:00,2022-10-28 16:00:00+00:00,382.8,379.8,1783.058780983365,5349.176342950095,0.0054858934169279,17,v3_short,opposite_signal,False,A,True,0.018025078369906043,0.005387931034482744,0.00018025078369906194,0.8550724637681166,0.14492753623188334
TATN,-1,2022-10-28 18:00:00+00:00,2022-10-31 09:00:00+00:00,382.4,387.1,1794.715807532681,-8435.164295403683,-0.008603556485355733,63,v3_short,gap_sl,False,A,True,0.012552301255230007,0.004903242677824263,5.4916317991632396e-05,0.8958333333333324,0.10416666666666766
TATN,1,2022-11-17 17:00:00+00:00,2022-11-18 13:00:00+00:00,377.2,373.428,1803.8035784562956,-6803.947097937131,-0.006999999999999984,20,v3_long,sl,False,A,True,0.01908295785846803,0.007512258150013251,8.746355685131376e-05,0.027777777777776243,0.9722222222222238
TATN,1,2022-12-08 17:00:00+00:00,2022-12-08 18:00:00+00:00,360.4,362.4,1874.6724384715837,3749.3448769431675,0.0038845726970033303,1,v3_long,opposite_signal,False,A,True,0.011376248612652672,0.003953940066592653,-8.324084350721421e-05,0.24390243902438888,0.7560975609756111
TATN,-1,2022-12-16 19:00:00+00:00,2022-12-19 09:00:00+00:00,355.2,354.9,1909.505879051292,572.8517637154093,0.0005912162162162387,62,v3_short,timeout,False,A,True,0.017997750281214784,0.004103979190101231,-0.0002671541057367829,0.7968749999999974,0.2031250000000025
TATN,1,2022-12-22 17:00:00+00:00,2022-12-26 09:00:00+00:00,349.9,350.0,1939.5755486528144,193.95755486532553,0.00020005715918838503,88,v3_long,timeout,False,A,True,0.010860245784509894,0.00499249785653043,0.00016861960560160308,0.026315789473675157,0.9736842105263248
TATN,1,2023-02-10 11:00:00+00:00,2023-02-13 09:00:00+00:00,323.5,324.4,2098.2789946275902,1888.4510951647835,0.001947449768160693,70,v3_long,timeout,False,A,True,0.00927357032457496,0.003380989180834621,8.037094281298371e-05,0.16666666666666666,0.8333333333333334
TATN,-1,2023-03-03 23:00:00+00:00,2023-03-06 09:00:00+00:00,334.5,336.0,2033.2292093531858,-3049.8438140297785,-0.003139013452914798,58,v3_short,timeout,False,A,True,0.015550239234449727,0.006093002392344491,0.00013755980861244088,0.8653846153846173,0.13461538461538272
TATN,-1,2023-03-17 16:00:00+00:00,2023-03-17 16:00:00+00:00,338.6,341.98600000000005,2002.304429588954,-6779.802798588246,-0.00700000000000005,0,v3_short,sl,False,A,True,0.01595744680851057,0.005199098699763568,-0.00015661938534279162,0.7592592592592666,0.24074074074073334
TATN,-1,2023-03-24 23:00:00+00:00,2023-03-27 09:00:00+00:00,349.1,351.0,1928.4858719559093,-3664.1231567161835,-0.0038097966198796444,58,v3_short,timeout,False,A,True,0.01690060154683465,0.00409982812947579,-0.00019765110283586298,0.9322033898305121,0.06779661016948793
TATN,1,2023-04-13 18:00:00+00:00,2023-04-14 18:00:00+00:00,393.5,396.0,1704.3698391108173,4260.924597777043,0.0044472681067344345,24,v3_long,opposite_signal,False,A,True,0.012963904422979214,0.005854410269445856,-0.0002999491611591273,0.21568627450980743,0.7843137254901926
TATN,-1,2023-04-14 20:00:00+00:00,2023-04-17 09:00:00+00:00,394.9,396.1,1705.8804226602952,-2047.0565071924318,-0.0021271207900735167,61,v3_short,timeout,False,A,True,0.012661433274246646,0.0037351228159027594,5.0645733096986586e-05,0.7799999999999955,0.22000000000000455
TATN,1,2023-05-26 11:00:00+00:00,2023-05-26 13:00:00+00:00,426.0,427.8,1577.97943510215,2840.362983183888,0.002957746478873258,2,v3_long,opposite_signal,False,A,True,0.007275287491199302,0.003718317296409305,0.0001595869514198534,0.580645161290322,0.419354838709678
TATN,-1,2023-05-26 15:00:00+00:00,2023-05-29 09:00:00+00:00,428.5,434.2,1573.4130535396607,-8968.454405176048,-0.009311551925320868,66,v3_short,gap_sl,False,A,True,0.011668611435239206,0.0035005834305717742,2.8004667444572506e-05,0.8200000000000045,0.17999999999999544
TATN,1,2023-06-08 17:00:00+00:00,2023-06-13 09:00:00+00:00,470.8,473.8,1418.7119272687369,4256.135781806211,0.0044604927782497875,112,v3_long,timeout,False,A,True,0.02017841971112999,0.004799012319456234,1.486830926083359e-05,0.47368421052631576,0.5263157894736842
TATN,1,2023-06-23 11:00:00+00:00,2023-06-23 18:00:00+00:00,502.0,506.6,1336.4718533971827,6147.770525627071,0.0064143426294821036,7,v3_long,opposite_signal,False,A,True,0.02071713147410354,0.0035732071713147394,0.00023107569721115583,0.09615384615384637,0.9038461538461536
TATN,-1,2023-06-23 20:00:00+00:00,2023-06-23 21:00:00+00:00,505.8,501.6,1334.9393233952642,5606.745158260094,0.005812574139976259,1,v3_short,opposite_signal,False,A,True,0.014827995255041517,0.0038429221035982592,7.117437722419748e-05,0.6400000000000016,0.3599999999999985
TATN,-1,2023-07-06 18:00:00+00:00,2023-07-07 10:00:00+00:00,499.6,497.6,1359.3615520098213,2718.7231040196425,0.0028022417934347476,16,v3_short,opposite_signal,False,A,True,0.008006405124099279,0.003721727381905521,0.00014211369095276267,0.22500000000000853,0.7749999999999915
TATN,1,2023-07-07 12:00:00+00:00,2023-07-10 09:00:00+00:00,498.3,476.7,1366.727147415052,-29521.306384165156,-0.030343166767007858,69,v3_long,gap_sl,False,A,True,0.01183550651955863,0.0036421765295887643,0.00012637913741223809,0.3728813559322029,0.627118644067797
TATN,1,2023-07-14 11:00:00+00:00,2023-07-14 13:00:00+00:00,493.7,496.1,1337.604259850121,3210.250223640336,0.003402876240632011,2,v3_long,opposite_signal,False,A,True,0.0101276078590237,0.003620619809600975,0.00020255215718047398,0.33999999999999775,0.6600000000000023
TATN,-1,2023-07-14 15:00:00+00:00,2023-07-17 09:00:00+00:00,496.3,493.8,1335.1247194127607,3337.811798531902,0.003526093088857546,66,v3_short,timeout,False,A,True,0.00906344410876133,0.00360020140986909,0.00015307150050352514,0.955555555555558,0.04444444444444192
TATN,-1,2023-07-21 23:00:00+00:00,2023-07-24 09:00:00+00:00,494.8,494.9,1343.8942330305686,-134.38942330301103,-0.00014147130153592587,58,v3_short,timeout,False,A,True,0.014545454545454523,0.003794191919191924,-0.00021414141414141232,0.9444444444444475,0.055555555555552485
TATN,-1,2023-07-27 17:00:00+00:00,2023-07-27 21:00:00+00:00,510.8,510.0,1301.6147100767682,1041.2917680614294,0.0010963194988253874,4,v3_short,opposite_signal,False,A,True,0.010961049128988105,0.0041654433352906585,0.000262282247015071,0.8571428571428557,0.14285714285714432
TATN,-1,2023-07-27 23:00:00+00:00,2023-07-28 13:00:00+00:00,509.0,514.09,1307.6497016598357,-6655.936981448605,-0.0070000000000000435,14,v3_short,sl,False,A,True,0.012767629149479473,0.0043090748379493215,0.0001610685523472804,0.4461538461538427,0.5538461538461573
TATN,1,2023-08-31 18:00:00+00:00,2023-09-01 13:00:00+00:00,589.0,592.0,1122.1299528995628,3366.3898586986884,0.0035653650254668934,19,v3_long,opposite_signal,False,A,True,0.014268727705112921,0.0036574231357227593,0.00013079667063019905,0.22619047619047408,0.773809523809526
TATN,-1,2023-09-01 15:00:00+00:00,2023-09-04 09:00:00+00:00,591.7,595.0,1120.992082404819,-3699.2738719358517,-0.0039040054081459657,66,v3_short,timeout,False,A,True,0.009123162696401572,0.0036851664132454723,9.96789998310541e-05,0.814814814814818,0.18518518518518207
TATN,1,2023-09-07 17:00:00+00:00,2023-09-07 17:00:00+00:00,606.2,600.138,1089.9068351180738,-6607.015234485776,-0.007000000000000013,0,v3_long,sl,False,A,True,0.027227722772277228,0.005301155115511525,0.000293729372937293,0.13333333333333608,0.8666666666666639
TATN,1,2023-10-19 18:00:00+00:00,2023-10-19 23:00:00+00:00,629.4,633.1,1042.3841957172488,3856.821524153868,0.004115030187480191,5,v3_long,opposite_signal,False,A,True,0.010645058786145608,0.004011757229107084,8.897362567524843e-05,0.28358208955223346,0.7164179104477665
TATN,1,2023-10-20 11:00:00+00:00,2023-10-20 18:00:00+00:00,628.4,633.8,1048.3392550148697,5661.031977080273,0.006015276893698257,7,v3_long,opposite_signal,False,A,True,0.00986632718014011,0.004361274665817947,0.00010025461489497063,0.09677419354839005,0.90322580645161
TATN,-1,2023-10-20 20:00:00+00:00,2023-10-23 09:00:00+00:00,631.5,630.6,1049.4681080527318,944.5212972474349,0.0009976247030878608,61,v3_short,timeout,False,A,True,0.013303769401330342,0.003598154893886598,-2.692429521697526e-05,0.7142857142857162,0.28571428571428376
TATN,-1,2023-10-27 21:00:00+00:00,2023-10-30 09:00:00+00:00,622.8,622.4,1065.1899087080496,426.07596348319566,0.00044958253050736045,60,v3_short,timeout,False,A,True,0.017822736030828373,0.0043503131021194515,-0.00014932562620424185,0.9549549549549546,0.04504504504504541
TATN,-1,2023-11-09 17:00:00+00:00,2023-11-13 09:00:00+00:00,617.7,620.0,1074.467424830519,-2471.2750771101446,-0.0026064432572445654,88,v3_short,timeout,False,A,True,0.013434768533505916,0.0039555681450307335,0.00024117837487860297,0.7951807228915734,0.20481927710842665
TATN,1,2023-11-16 17:00:00+00:00,2023-11-16 19:00:00+00:00,608.7,602.613,1087.5121336682018,-6619.686357638333,-0.006999999999999987,2,v3_long,sl,False,A,True,0.008871365204534215,0.004327870872350921,-8.378511582060351e-05,0.20370370370370877,0.7962962962962912
TATN,1,2023-11-30 20:00:00+00:00,2023-12-01 17:00:00+00:00,638.7,632.313,1029.176225635647,-6573.348553134936,-0.0070000000000000635,21,v3_long,sl,False,A,True,0.014091122592766556,0.0037331689369030706,9.863785814936874e-05,0.41111111111111615,0.5888888888888838
TATN,-1,2023-12-08 13:00:00+00:00,2023-12-11 09:00:00+00:00,632.2,638.8,1032.4794548027414,-6814.364401698,-0.0073078139829166975,68,v3_short,gap_sl,False,A,True,0.018348623853211045,0.00634194084150585,-0.00011230623220500417,0.6810344827586272,0.3189655172413728
TATN,1,2023-12-14 17:00:00+00:00,2023-12-14 18:00:00+00:00,625.7,619.443,1035.5816785122336,-6479.63456245111,-0.007000000000000069,1,v3_long,sl,False,A,True,0.012146396036439223,0.0036309333546427794,7.671408023014514e-05,0.2763157894736864,0.7236842105263136
TATN,-1,2023-12-15 12:00:00+00:00,2023-12-15 14:00:00+00:00,626.7,632.9670000000001,1026.691737755527,-6434.277120513942,-0.007000000000000058,2,v3_short,sl,False,A,True,0.022520364159079872,0.004561970931161127,-0.00013256668263855541,0.8156028368794379,0.18439716312056212
TATN,1,2023-12-21 17:00:00+00:00,2023-12-21 18:00:00+00:00,653.4,661.3,977.8446863590895,7724.973022236784,0.008463422099785713,1,v3_long,opposite_signal,False,A,True,0.020355065809611196,0.004744413835322913,0.00024793388429752137,0.35338345864661264,0.6466165413533874
TATN,-1,2023-12-21 20:00:00+00:00,2023-12-22 10:00:00+00:00,658.7,665.287,978.1861229430617,-6443.311991825937,-0.006999999999999988,14,v3_short,sl,False,A,True,0.02019435165502574,0.0046405253568174735,0.00024597631339204443,0.7518796992481229,0.24812030075187713
TATN,1,2024-01-11 23:00:00+00:00,2024-01-12 11:00:00+00:00,689.1,695.9,928.4877097494075,6313.716426295929,0.0069075605862719035,12,v3_long,opposite_signal,False,A,True,0.012334929618342766,0.0034828036569438583,-5.5144391234943476e-05,0.3999999999999973,0.6000000000000026
TATN,-1,2024-01-12 13:00:00+00:00,2024-01-12 14:00:00+00:00,696.6,703.566,924.8356047756587,-6442.404822867246,-0.007000000000000009,1,v3_short,sl,False,A,True,0.016365202411714005,0.003669609532012641,0.00012489233419466368,0.9561403508771928,0.043859649122807105
TATN,-1,2024-02-02 17:00:00+00:00,2024-02-05 09:00:00+00:00,709.1,707.0,902.172893683143,1894.5630767346208,0.0020730503455084134,64,v3_short,timeout,False,A,True,0.009873060648801129,0.0034864245416079097,0.0003272214386459809,0.9428571428571461,0.057142857142853894
TATN,-1,2024-02-09 23:00:00+00:00,2024-02-12 09:00:00+00:00,712.7,712.5,899.476628405263,179.8953256810935,0.00019643608811566133,58,v3_short,timeout,False,A,True,0.010242738880314232,0.0031000070155745773,-8.559000982180632e-05,0.7808219178082303,0.21917808219176974
TATN,-1,2024-03-15 11:00:00+00:00,2024-03-15 11:00:00+00:00,750.6,748.3,854.2271779808257,1964.7225093559573,0.002144950706101849,0,v3_short,opposite_signal,False,A,True,0.009728144989338959,0.0033482142857142894,-7.329424307035945e-05,0.7397260273972618,0.2602739726027382
TATN,1,2024-03-22 18:00:00+00:00,2024-03-25 09:00:00+00:00,695.7,694.5,923.6139507675102,-1108.3367409210543,-0.0012074169900819776,63,v3_long,timeout,False,A,True,0.025873221216041395,0.00542169757079199,0.0002012361650136553,0.11666666666666793,0.8833333333333321
TATN,-1,2024-03-29 11:00:00+00:00,2024-03-29 15:00:00+00:00,687.7,694.577,933.2301727938232,-6417.823898303078,-0.006999999999999952,4,v3_short,sl,False,A,True,0.010905918278319033,0.003980660171586433,-3.053657117929197e-05,0.4933333333333394,0.5066666666666606
TATN,-1,2024-04-05 13:00:00+00:00,2024-04-05 21:00:00+00:00,709.9,708.3,897.7178660395831,1436.3485856633533,0.0015776869981687786,8,v3_short,opposite_signal,False,A,True,0.006902380616988276,0.00385177489787294,3.3807578532185716e-05,0.30612244897959323,0.6938775510204067
TATN,-1,2024-04-11 17:00:00+00:00,2024-04-12 17:00:00+00:00,709.2,716.292,900.0216541334805,-6382.95357111463,-0.0069999999999999845,24,v3_short,sl,False,A,True,0.006203299027209894,0.0030928380093049558,-5.639362752009023e-05,0.3636363636363707,0.6363636363636294
TATN,1,2024-04-19 14:00:00+00:00,2024-04-19 16:00:00+00:00,715.7,721.0,885.604708134252,4693.704953111495,0.005183736202319363,2,v3_long,opposite_signal,False,A,True,0.010479251082855945,0.0040781752130781045,-0.00047645661590051564,0.560000000000006,0.43999999999999395
TATN,-1,2024-04-19 18:00:00+00:00,2024-04-19 19:00:00+00:00,720.5,715.3,884.2649314071648,4598.177643317297,0.005052047189451814,1,v3_short,opposite_signal,False,A,True,0.012770682953914555,0.0035049972237645734,-0.00030260966129927756,0.8152173913043438,0.18478260869565621
TATN,1,2024-04-26 13:00:00+00:00,2024-04-27 14:00:00+00:00,717.8,720.7,892.0752402189808,2587.018196635125,0.0028280858177766282,25,v3_long,opposite_signal,False,A,True,0.009891334633602707,0.0030170312064641746,-1.811089439955673e-05,0.14084507042253477,0.8591549295774652
TATN,-1,2024-04-27 16:00:00+00:00,2024-04-29 16:00:00+00:00,721.5,719.3,890.0104229616479,1958.0229305156658,0.0021344421344421786,48,v3_short,timeout,False,A,True,0.006792348211810338,0.003071285001386183,5.544774050457444e-05,0.9183673469387797,0.08163265306122022
TATN,1,2024-05-30 17:00:00+00:00,2024-05-30 18:00:00+00:00,707.7,700.623,909.3021565892185,-6435.131362181897,-0.0069999999999999975,1,v3_long,sl,False,A,True,0.02077151335311563,0.005338596863077559,-6.923837784372037e-05,0.1360544217687081,0.8639455782312919
TATN,-1,2024-06-07 13:00:00+00:00,2024-06-07 13:00:00+00:00,699.5,706.495,913.521864567066,-6390.085442646631,-0.007000000000000005,0,v3_short,sl,False,A,True,0.01930225907921075,0.005656634257935374,9.00772090363162e-05,0.9037037037037071,0.09629629629629292
TATN,1,2024-06-07 18:00:00+00:00,2024-06-10 09:00:00+00:00,691.7,698.6,917.356490465245,6329.7597842101695,0.006982796009830828,63,v3_long,timeout,False,A,True,0.0332514095706231,0.006166871476073437,0.00014890848633800714,0.09565217391304545,0.9043478260869545
TATN,1,2024-06-28 19:00:00+00:00,2024-07-01 09:00:00+00:00,701.8,701.3,910.4678203245327,-455.23391016226634,-0.0004987175833570818,62,v3_long,timeout,False,A,True,0.012679868927197574,0.004225138908676449,0.00024219974355321272,0.42696629213482745,0.5730337078651726
TATN,-1,2024-07-18 17:00:00+00:00,2024-07-18 18:00:00+00:00,652.9,659.429,978.1707038851945,-6386.476525666431,-0.006999999999999996,1,v3_short,sl,False,A,True,0.015163118394853695,0.007347028641445858,-7.658140603461132e-05,0.7777777777777727,0.22222222222222732
TATN,1,2024-08-01 17:00:00+00:00,2024-08-01 21:00:00+00:00,637.4,631.026,994.9437072461202,-6341.771189986794,-0.007000000000000026,4,v3_long,sl,False,A,True,0.010668340131785307,0.0054273219328522205,-0.00021650454973329078,0.3970588235294044,0.6029411764705956
TATN,1,2024-08-09 16:00:00+00:00,2024-08-09 21:00:00+00:00,613.9,607.761,1025.7987932329145,-6297.378791656873,-0.007000000000000011,5,v3_long,sl,False,A,True,0.0200391006842619,0.006435320951449954,0.0002688172043010753,0.3577235772357718,0.6422764227642281
TATN,1,2024-08-15 23:00:00+00:00,2024-08-16 19:00:00+00:00,608.7,602.613,1027.3200493042982,-6253.297140115252,-0.006999999999999986,20,v3_long,sl,False,A,True,0.01675702316412033,0.005426523739116134,0.00012157056021028196,0.06862745098039631,0.9313725490196036
TATN,1,2024-08-23 15:00:00+00:00,2024-08-23 17:00:00+00:00,599.4,593.406,1035.9566333223986,-6209.524060134487,-0.007000000000000034,2,v3_long,sl,False,A,True,0.01751167444963309,0.006400100066711132,0.00031020680453635604,0.38095238095238093,0.6190476190476191
TATN,-1,2024-09-13 11:00:00+00:00,2024-09-13 14:00:00+00:00,594.4,585.4839999999999,1037.3582422129064,9249.08608757033,0.010500000000000065,3,v3_short,tp,False,A,True,0.0131246845027763,0.005994447248864204,-0.00019687026754164642,0.871794871794871,0.12820512820512894
TATN,1,2024-09-13 16:00:00+00:00,2024-09-13 16:00:00+00:00,592.5,595.2,1051.6119821648113,2839.3523518450384,0.003189873417721573,0,v3_long,opposite_signal,False,A,True,0.022109704641350248,0.006376582278481011,-0.0001282700421940913,0.7328244274809165,0.2671755725190835
TATN,-1,2024-09-20 12:00:00+00:00,2024-09-23 09:00:00+00:00,630.5,633.1,991.3840540506617,-2577.598540531743,-0.002886597938144355,69,v3_short,timeout,False,A,True,0.015701823949246595,0.005407414750198245,-3.17208564631245e-05,0.9898989898989876,0.010101010101012421
TATN,-1,2024-09-27 17:00:00+00:00,2024-09-30 09:00:00+00:00,643.0,647.0,969.3053298609177,-3877.221319443671,-0.004354587869362364,64,v3_short,timeout,False,A,True,0.013841368584758908,0.005282853810264366,-9.020217729393043e-05,0.8988764044943843,0.10112359550561568
TATN,-1,2024-11-02 14:00:00+00:00,2024-11-02 17:00:00+00:00,541.4,546.814,1146.1937055355736,-6205.492721769581,-0.006999999999999985,3,v3_short,sl,False,A,True,0.023088289619504987,0.0069553472478758715,-0.00014037680088658865,0.7359999999999945,0.26400000000000545
TATN,-1,2024-12-26 17:00:00+00:00,2024-12-28 10:00:00+00:00,632.3,638.6229999999999,974.5459865122897,-6162.054272717187,-0.006999999999999977,41,v3_short,sl,False,A,True,0.012966476913346056,0.006453589500316262,3.6369386464262403e-05,0.6707317073170694,0.32926829268293056
TATN,1,2025-01-31 17:00:00+00:00,2025-02-03 06:00:00+00:00,684.3,683.9,894.1867445284505,-357.67469781135986,-0.00040917726143501983,61,v3_long,timeout,False,A,True,0.020897267280432494,0.003845650953336872,0.000261581177845972,0.30069930069929846,0.6993006993007015
TATN,-1,2025-02-20 13:00:00+00:00,2025-02-21 09:00:00+00:00,745.6,753.056,820.3347867386678,-6116.416169923522,-0.007000000000000017,20,v3_short,sl,False,A,True,0.017572099262240137,0.007695294574464326,0.00012743125419181452,0.6717557251908437,0.32824427480915624
TATN,1,2025-03-05 18:00:00+00:00,2025-03-06 09:00:00+00:00,709.0,701.91,856.6433366338566,-6073.60125673407,-0.007000000000000032,15,v3_long,sl,False,A,True,0.02326565143824027,0.008193071511265467,-0.00015369430344049762,0.18181818181818182,0.8181818181818182
TATN,-1,2025-03-16 12:00:00+00:00,2025-03-16 18:00:00+00:00,719.0,726.19,838.8158620218225,-6031.086047936949,-0.007000000000000053,6,v3_short,sl,False,A,True,0.0038970076548364018,0.004716616407639348,0.0002936673625608926,1.0,0.0
TATN,-1,2025-03-28 17:00:00+00:00,2025-03-29 10:00:00+00:00,684.7,676.9,874.6704316636987,6822.4293669769095,0.007974295311815463,17,v3_short,opposite_signal,False,A,True,0.032272196261682276,0.007005502951303482,-0.0005373831775700895,0.7963800904977377,0.20361990950226225
TATN,1,2025-03-29 12:00:00+00:00,2025-03-30 17:00:00+00:00,677.8,671.0219999999999,890.6204560593368,-6036.625451170203,-0.007000000000000022,29,v3_long,sl,False,A,True,0.019327235172617325,0.007562281330354498,-0.0001888462673354932,0.12977099236640677,0.8702290076335932
TATN,1,2025-04-01 14:00:00+00:00,2025-04-01 19:00:00+00:00,671.3,664.587,892.9493628797843,-5994.3690730119615,-0.006999999999999964,5,v3_long,sl,False,A,True,0.011619246238641375,0.007001340682258307,-8.19305824519555e-05,0.1410256410256302,0.8589743589743698
TATN,-1,2025-04-16 13:00:00+00:00,2025-04-16 17:00:00+00:00,683.0,689.83,871.509295680953,-5952.408489500945,-0.007000000000000042,4,v3_short,sl,False,A,True,0.018892794376098386,0.007515493478864098,-0.0001464557703573521,0.5813953488372103,0.41860465116278966
TATN,-1,2025-04-17 20:00:00+00:00,2025-04-17 20:00:00+00:00,684.8,691.6479999999999,863.1339997188087,-5910.741630074364,-0.006999999999999955,0,v3_short,sl,False,A,True,0.023642732049036844,0.006778658555319977,7.297139521307647e-05,0.5123456790123414,0.48765432098765854
TATN,1,2025-04-18 15:00:00+00:00,2025-04-18 19:00:00+00:00,686.3,696.5944999999999,855.2187729365995,8804.049657995798,0.010499999999999971,4,v3_long,tp,False,A,True,0.02520029133284771,0.0070763215394640845,0.00019519300801165135,0.364161849710981,0.635838150289019
TATN,1,2025-04-25 08:00:00+00:00,2025-04-25 09:00:00+00:00,692.9,696.8,855.9669196521652,3338.2709866434247,0.003939962476547819,1,v3_long,opposite_signal,False,A,True,0.01443209698369173,0.006612179170686133,-0.0003045172463558942,0.5899999999999977,0.41000000000000225
TATN,-1,2025-04-25 11:00:00+00:00,2025-04-25 14:00:00+00:00,696.4,703.364,855.0204886812688,-5954.362683176403,-0.007000000000000056,3,v3_short,sl,False,A,True,0.015508328546812111,0.006586505033404877,-0.0002914991384261912,0.8703703703703719,0.12962962962962807
TATN,1,2025-05-13 22:00:00+00:00,2025-05-14 22:00:00+00:00,714.4,707.256,827.6430773228054,-5912.682144394126,-0.007000000000000006,24,v3_long,sl,False,A,True,0.014417693169092883,0.004952736973848903,0.000272956326987682,0.18446601941747434,0.8155339805825257
TATN,-1,2025-05-17 11:00:00+00:00,2025-05-18 10:00:00+00:00,702.7,709.7270000000001,835.5334238484932,-5871.2933693833975,-0.007000000000000042,23,v3_short,sl,False,A,True,0.040723337605011976,0.007632066068631612,-0.00035882101665954787,0.7167832167832191,0.28321678321678095
TATN,-1,2025-05-19 20:00:00+00:00,2025-05-20 11:00:00+00:00,708.1,697.4785,823.3574799883743,8745.291473696492,0.01049999999999997,15,v3_short,tp,False,A,True,0.022881355932203293,0.005056497175141237,0.00014548022598869992,0.6419753086419766,0.3580246913580234
TATN,-1,2025-06-05 11:00:00+00:00,2025-06-05 11:00:00+00:00,658.1,657.4,895.2152189809381,626.6506532866973,0.0007445676948792461,0,v3_short,opposite_signal,False,A,True,0.01656283239629232,0.0047185278193203626,-6.98981917641682e-05,0.6422018348623867,0.35779816513761337
TATN,1,2025-06-05 13:00:00+00:00,2025-06-06 13:00:00+00:00,656.7,666.5504999999999,897.7916721008924,8843.696866029748,0.01049999999999989,24,v3_long,tp,False,A,True,0.016598142226282895,0.004712558005337685,-5.02512562814098e-05,0.5137614678899114,0.4862385321100886
TATN,1,2025-06-19 13:00:00+00:00,2025-06-19 15:00:00+00:00,656.1,649.539,908.0481311917038,-5957.7037887488,-0.0070000000000000374,2,v3_long,sl,False,A,True,0.018591892715635373,0.004623911195238929,0.0003306918622371235,0.24590163934426368,0.7540983606557363
TATN,1,2025-06-27 15:00:00+00:00,2025-06-27 16:00:00+00:00,652.5,662.2874999999999,906.6666455521114,8873.999793341207,0.010499999999999902,1,v3_long,tp,False,A,True,0.01104125134181881,0.003987118540101196,0.00028063180493789226,0.37500000000000394,0.624999999999996
TATN,1,2025-07-06 11:00:00+00:00,2025-07-07 18:00:00+00:00,641.2,634.788,932.3327917624632,-5978.117860780946,-0.007000000000000037,31,v3_long,sl,False,A,True,0.003119151590767311,0.0035639195027841273,1.2476606363068536e-05,0.4500000000000455,0.5499999999999545
TATN,-1,2025-07-08 10:00:00+00:00,2025-07-08 14:00:00+00:00,637.2,627.642,931.6181788693422,8904.406553633165,0.010499999999999992,4,v3_short,tp,False,A,True,0.01098728614032334,0.0033354261497410193,-0.00015068278135300795,0.5428571428571526,0.4571428571428474
TATN,1,2025-07-13 11:00:00+00:00,2025-07-14 07:00:00+00:00,609.4,603.3059999999999,984.345566398241,-5998.601881630931,-0.007000000000000058,20,v3_long,sl,False,A,True,0.003281378178835111,0.004186795491143315,-0.0003379819524200149,0.3499999999999659,0.6500000000000341
TATN,1,2025-07-22 11:00:00+00:00,2025-07-22 13:00:00+00:00,657.1,661.0,906.5000256368078,3535.3500999835296,0.004154618779485594,2,v3_long,opposite_signal,False,A,True,0.015522751483792317,0.00305751165589851,-0.00016131486836097868,0.4313725490196085,0.5686274509803915
TATN,-1,2025-07-22 15:00:00+00:00,2025-07-23 07:00:00+00:00,662.6,669.226,902.7104013219663,-5981.359119159327,-0.006999999999999974,16,v3_short,sl,False,A,True,0.018711332427946245,0.003909625910531297,-0.00013731703636637858,0.7580645161290318,0.2419354838709682
TATN,-1,2025-07-25 14:00:00+00:00,2025-07-25 16:00:00+00:00,666.7,656.6995000000001,890.8788968539424,8909.23440798784,0.010499999999999989,2,v3_short,tp,False,A,True,0.022042285200179836,0.004675994980704122,-2.0992652571601304e-05,0.4489795918367383,0.5510204081632617
TATN,-1,2025-07-31 11:00:00+00:00,2025-07-31 11:00:00+00:00,645.2,641.4,930.2315942624222,3534.8800581972678,0.004122752634841983,0,v3_short,opposite_signal,False,A,True,0.012558139534883756,0.005120359037127694,-0.00029302325581395493,0.6419753086419792,0.3580246913580209
TATN,1,2025-07-31 13:00:00+00:00,2025-07-31 19:00:00+00:00,642.4,645.5,938.1379835909916,2908.227749132095,0.0033779576587796016,6,v3_long,opposite_signal,False,A,True,0.011052303860523074,0.005116503899849249,-0.00018524283935242983,0.19718309859154545,0.8028169014084545
TATN,-1,2025-07-31 21:00:00+00:00,2025-08-01 07:00:00+00:00,644.2,650.642,938.6768085738054,-6046.956000832461,-0.007000000000000008,10,v3_short,sl,False,A,True,0.014281279105867812,0.0049633163940587255,-0.00013039428748835906,0.5760869565217437,0.4239130434782563
TATN,-1,2025-08-14 18:00:00+00:00,2025-08-15 19:00:00+00:00,721.0,728.21,832.8193216125696,-6004.627308826657,-0.007000000000000036,25,v3_short,sl,False,A,True,0.018587876265778857,0.004990107394996031,-0.00018726591760299626,0.9253731343283581,0.07462686567164192
TATN,-1,2025-08-18 08:00:00+00:00,2025-08-18 09:00:00+00:00,711.0,700.335,838.6209448192461,8943.89237649723,0.010499999999999964,1,v3_short,tp,False,A,True,0.009848058525604953,0.00327415971760372,-0.0004375351716375902,0.914285714285711,0.08571428571428896
TATN,-1,2025-08-18 22:00:00+00:00,2025-08-19 19:00:00+00:00,710.1,699.4485,848.500516025957,9037.803246450529,0.010500000000000054,21,v3_short,tp,False,A,True,0.02619718309859158,0.005341278439869984,-0.0001971830985915493,0.8064516129032249,0.1935483870967752
TATN,1,2025-08-20 09:00:00+00:00,2025-08-20 16:00:00+00:00,699.1,692.109,870.9006990452688,-6088.466787025462,-0.006999999999999985,7,v3_long,sl,False,A,True,0.014876269489343409,0.006312627513570067,-0.00014161064225432502,0.13461538461538272,0.8653846153846173
TATN,-1,2025-08-24 11:00:00+00:00,2025-08-25 12:00:00+00:00,673.7,663.5945,897.4094581440248,9068.771279274448,0.010500000000000004,25,v3_short,tp,False,A,True,0.0074217010538815496,0.003853786991682198,-0.0003547573103755394,0.0800000000000182,0.9199999999999818
TATN,-1,2025-08-26 10:00:00+00:00,2025-08-26 15:00:00+00:00,671.3,665.0,910.074321238078,5733.46822379985,0.006569343065693384,5,v3_short,opposite_signal,False,A,True,0.019660411081322507,0.00358392910336609,-0.0003261840929401231,0.9242424242424239,0.07575757575757615
TATN,-1,2025-08-30 11:00:00+00:00,2025-09-01 09:00:00+00:00,654.9,661.449,938.9927005707463,-6149.4631960377965,-0.006999999999999978,46,v3_short,sl,False,A,True,0.016491067338524897,0.004484872281482444,-0.00015116811726981357,0.9166666666666684,0.08333333333333158
TATN,-1,2025-09-03 16:00:00+00:00,2025-09-05 07:00:00+00:00,651.9,658.419,936.7106847162987,-6106.416953665556,-0.007000000000000005,39,v3_short,sl,False,A,True,0.018407731247123794,0.004412204002874197,-0.00040036815462494107,0.9916666666666648,0.008333333333335228
TATN,-1,2025-09-10 13:00:00+00:00,2025-09-10 23:00:00+00:00,660.7,650.7895000000001,917.7648002103667,9095.5080524848,0.010499999999999954,10,v3_short,tp,False,A,True,0.01120024216739818,0.003278022512008788,-0.00020130164976540305,0.9594594594594654,0.04054054054053452
TATN,-1,2025-09-11 17:00:00+00:00,2025-09-12 10:00:00+00:00,659.6,656.0,928.9479368340338,3344.212572602543,0.0038204972710734024,17,v3_short,opposite_signal,False,A,True,0.022286234081261437,0.004512304107752705,-3.638568829593487e-05,0.6530612244897954,0.3469387755102046
TATN,1,2025-09-12 12:00:00+00:00,2025-09-12 12:00:00+00:00,657.9,657.7,934.9065328112943,-186.98130656219507,-0.0002127982976135465,0,v3_long,opposite_signal,False,A,True,0.019303845569235516,0.0046399628802969535,6.687946496428167e-05,0.46456692913385483,0.5354330708661452
TATN,-1,2025-09-12 14:00:00+00:00,2025-09-12 19:00:00+00:00,650.3,640.5455,945.6314332184483,9224.16181532936,0.010500000000000008,5,v3_short,tp,False,A,True,0.017994463242079428,0.004994414674027423,-7.074746231928848e-05,0.17094017094017028,0.8290598290598298
TATN,-1,2025-09-15 14:00:00+00:00,2025-09-16 14:00:00+00:00,641.4,631.779,968.819822720124,9321.015514390294,0.01049999999999998,24,v3_short,tp,False,A,True,0.013715710723192125,0.0033478802992518665,-0.00012001246882793088,0.6818181818181765,0.31818181818182345
TATN,-1,2025-09-29 12:00:00+00:00,2025-09-29 16:00:00+00:00,644.4,634.7339999999999,974.4347379775926,9418.886177291462,0.010500000000000058,4,v3_short,tp,False,A,True,0.015983860955927926,0.0035816263190564684,1.2414649286156961e-05,0.9417475728155316,0.058252427184468485
TATN,-1,2025-10-12 16:00:00+00:00,2025-10-13 11:00:00+00:00,589.6,588.2,1076.185490971616,1506.659687360238,0.001662143826322904,19,v3_short,opposite_signal,False,A,True,0.007972858354537628,0.004473345270631073,-0.00047837150127226545,0.9361702127659662,0.0638297872340338
TATN,1,2025-10-13 14:00:00+00:00,2025-10-13 15:00:00+00:00,585.7,594.4855,1085.1521722008142,9533.604408870206,0.010499999999999947,1,v3_long,tp,False,A,True,0.020150273224043638,0.003749999999999975,8.025956284153083e-05,0.22033898305085023,0.7796610169491498
TATN,-1,2025-10-21 13:00:00+00:00,2025-10-21 13:00:00+00:00,604.0,610.04,1063.3230965964008,-6422.471503442222,-0.006999999999999958,0,v3_short,sl,False,A,True,0.029309488325881844,0.00586591197619514,-0.0003344924656400074,0.6610169491525433,0.3389830508474568
CHMF,1,2022-01-13 15:00:00+00:00,2022-01-13 18:00:00+00:00,1575.2,1559.448,444.38801422041644,-6999.999999999979,-0.006999999999999979,3,v3_long,sl,False,A,True,0.016249841310143398,0.005599246306702388,0.0003097625999746108,0.1953125000000007,0.8046874999999993
CHMF,1,2022-02-04 20:00:00+00:00,2022-02-07 06:00:00+00:00,1559.2,1563.6,445.8055413032324,1961.5443817341618,0.001975371985633597,58,v3_long,timeout,False,A,True,0.029875625080138423,0.006438072357454734,0.0001820746249519175,0.30472103004292,0.6952789699570799
CHMF,1,2022-02-17 16:00:00+00:00,2022-02-17 16:00:00+00:00,1639.6,1623.204,424.7823134101085,-6964.730810672121,-0.006999999999999982,0,v3_long,sl,False,A,True,0.02158536585365859,0.007217586649550695,0.0002365853658536569,0.0847457627118642,0.9152542372881358
CHMF,1,2022-08-19 11:00:00+00:00,2022-08-19 18:00:00+00:00,699.2,703.4,989.127244707871,4154.334427772991,0.004204805491990779,7,v3_long,opposite_signal,False,A,True,0.01772948241349725,0.005641198949749118,-0.000277380611953104,0.6129032258064546,0.38709677419354543
CHMF,-1,2022-08-26 14:00:00+00:00,2022-08-29 09:00:00+00:00,709.6,712.4,978.7285845535296,-2740.4400367498383,-0.0027621195039458403,67,v3_short,timeout,False,A,True,0.008173618940247963,0.0047145639028389665,-0.0001155580608793693,0.9655172413793218,0.034482758620678164
CHMF,1,2022-09-02 11:00:00+00:00,2022-09-02 13:00:00+00:00,743.2,754.348,931.8992136349027,10388.812433601812,0.010499999999999916,2,v3_long,tp,False,A,True,0.021265141318977058,0.009311146457849005,0.00010767160161507402,0.2911392405063314,0.7088607594936686
CHMF,1,2022-11-18 11:00:00+00:00,2022-11-18 13:00:00+00:00,783.0,775.17,893.8182174674087,-6998.596642769847,-0.0070000000000000374,2,v3_long,sl,False,A,True,0.014303959131545396,0.006377713920817354,0.00034738186462324454,0.2678571428571418,0.7321428571428582
CHMF,1,2022-11-24 18:00:00+00:00,2022-11-25 12:00:00+00:00,791.8,783.882,877.697204631273,-6949.606466270426,-0.007000000000000005,18,v3_long,sl,False,A,True,0.02096489012376866,0.006180538014650139,0.000550644102045973,0.2048192771084321,0.7951807228915679
CHMF,1,2022-12-16 11:00:00+00:00,2022-12-16 11:00:00+00:00,841.8,854.4269999999999,819.7860799485065,10351.438831509753,0.01049999999999996,0,v3_long,tp,False,A,True,0.010691375623663579,0.005048705155618899,8.790686623901273e-05,0.7555555555555505,0.2444444444444495
CHMF,-1,2022-12-23 17:00:00+00:00,2022-12-23 17:00:00+00:00,883.0,891.83,789.7417092669418,-6973.419292827129,-0.007000000000000032,0,v3_short,sl,False,A,True,0.011778029445073586,0.0051599660249150485,-7.021517553794193e-05,0.8269230769230809,0.17307692307691908
CHMF,-1,2022-12-23 19:00:00+00:00,2022-12-26 09:00:00+00:00,882.8,892.0,784.3911823490379,-7216.398877611184,-0.007294970548255586,62,v3_short,gap_sl,False,A,True,0.029018363182951736,0.005299251870324178,0.00012922239854908286,0.32812499999999883,0.6718750000000012
CHMF,-1,2022-12-30 18:00:00+00:00,2023-01-03 09:00:00+00:00,898.2,901.4,765.3184775811653,-2449.019128259677,-0.002493876642173182,87,v3_short,timeout,False,A,True,0.04743875278396439,0.0064100779510022285,0.00010690423162583417,0.26291079812206664,0.7370892018779334
CHMF,1,2023-01-06 19:00:00+00:00,2023-01-09 09:00:00+00:00,881.8,887.2,777.6080099496725,4199.083253728302,0.004286686323429422,62,v3_long,timeout,False,A,True,0.017715194185782445,0.004159096070860766,-0.00012945718828071614,0.21794871794871618,0.7820512820512838
CHMF,-1,2023-03-03 12:00:00+00:00,2023-03-06 09:00:00+00:00,1057.2,1067.0,651.3754270253793,-6383.4791848486875,-0.006488838441165313,69,v3_short,timeout,False,A,True,0.013810064320847436,0.006201522890654537,-4.16193719258427e-05,0.7534246575342513,0.24657534246574872
CHMF,-1,2023-03-10 15:00:00+00:00,2023-03-10 17:00:00+00:00,1058.6,1049.8,646.2929019665945,5687.3775373060025,0.005819006234649508,2,v3_short,opposite_signal,False,A,True,0.01454751558662393,0.003760582260487792,-5.856791989420247e-05,0.9090909090909037,0.09090909090909628
CHMF,1,2023-03-10 19:00:00+00:00,2023-03-13 09:00:00+00:00,1053.2,1053.0,653.3866599866607,-130.67733199736185,-0.0001329282187618988,62,v3_long,timeout,False,A,True,0.01633428300094971,0.0041025641025641026,-3.0389363722699647e-05,0.5000000000000067,0.4999999999999934
CHMF,1,2023-03-23 18:00:00+00:00,2023-03-24 17:00:00+00:00,1040.0,1029.6,661.591688620724,-6880.55356165559,-0.007000000000000062,23,v3_long,sl,False,A,True,0.010769230769230812,0.004368990384615374,-0.0002134615384615367,0.07142857142856708,0.9285714285714329
CHMF,1,2023-04-06 17:00:00+00:00,2023-04-07 10:00:00+00:00,1041.2,1030.788,656.2033890437898,-6832.389686723962,-0.007000000000000022,17,v3_long,sl,False,A,True,0.014598540145985444,0.003883739915482159,-8.643872454859777e-05,0.14473684210526572,0.8552631578947343
CHMF,1,2023-04-14 15:00:00+00:00,2023-04-17 09:00:00+00:00,1018.8,1026.0,665.936686191291,4794.744140577325,0.004946996466431127,66,v3_long,timeout,False,A,True,0.008243375858684962,0.003686211972522075,-3.925417075565171e-06,0.40476190476190316,0.5952380952380969
CHMF,-1,2023-04-28 11:00:00+00:00,2023-04-28 14:00:00+00:00,1000.4,994.2,681.5400007897755,4225.548004896562,0.004338264694122304,3,v3_short,opposite_signal,False,A,True,0.02058764741155309,0.004122526484109534,-0.0002678392964221463,0.6796116504854361,0.32038834951456385
CHMF,1,2023-04-28 16:00:00+00:00,2023-04-28 16:00:00+00:00,999.0,1003.0,685.4559563498689,2741.8238253994755,0.002802802802802803,0,v3_long,opposite_signal,False,A,True,0.016816816816816772,0.004692192192192189,-0.00023223223223223268,0.5238095238095225,0.4761904761904775
CHMF,-1,2023-04-28 18:00:00+00:00,2023-04-28 18:00:00+00:00,1002.0,1000.0,685.3191387937113,1370.6382775874226,0.0013972055888223556,0,v3_short,opposite_signal,False,A,True,0.016776512881965203,0.004861943279408823,-0.00020171759536648739,0.7023809523809516,0.29761904761904845
CHMF,-1,2023-04-28 20:00:00+00:00,2023-05-02 09:00:00+00:00,999.8,1002.0,687.7867812218542,-1513.1309186881106,-0.0015403080616123543,85,v3_short,timeout,False,A,True,0.016803360672134383,0.005038507701540303,-0.0001200240048009602,0.5714285714285675,0.42857142857143243
CHMF,1,2023-05-05 17:00:00+00:00,2023-05-08 09:00:00+00:00,956.6,952.6,717.7399458734352,-2870.959783493741,-0.0029270332427346855,64,v3_long,timeout,False,A,True,0.01736038485672456,0.006738914453043286,-0.00030955866973436663,0.1686746987951846,0.8313253012048154
CHMF,1,2023-05-18 17:00:00+00:00,2023-05-19 10:00:00+00:00,1003.4,993.366,682.260674082203,-6845.803603740819,-0.006999999999999994,17,v3_long,sl,False,A,True,0.017536867277799944,0.004023017138302107,8.768433638899688e-05,0.42045454545454364,0.5795454545454564
CHMF,1,2023-06-01 17:00:00+00:00,2023-06-01 18:00:00+00:00,1021.8,1031.8,665.2850830411664,6652.850830411664,0.006850655705617537,1,v3_long,opposite_signal,False,A,True,0.016233131234109157,0.00622799726188147,5.867396831604821e-06,0.08433734939758887,0.9156626506024111
CHMF,-1,2023-06-01 20:00:00+00:00,2023-06-02 10:00:00+00:00,1027.4,1037.6740000000002,666.1916424301654,-6844.452934327596,-0.007000000000000078,14,v3_short,sl,False,A,True,0.01614785992217901,0.005520428015564189,3.307392996109038e-05,0.4216867469879581,0.578313253012042
CHMF,-1,2023-06-08 17:00:00+00:00,2023-06-08 17:00:00+00:00,1029.2,1039.492,660.3713334422101,-6796.5417637871715,-0.006999999999999943,0,v3_short,sl,False,A,True,0.014374514374514332,0.005159770784770771,-2.7195027195026758e-05,0.9594594594594654,0.04054054054053452
CHMF,-1,2023-06-30 15:00:00+00:00,2023-06-30 16:00:00+00:00,1169.6,1181.2959999999998,577.0319743023869,-6748.965971440666,-0.006999999999999948,1,v3_short,sl,False,A,True,0.01590287277701771,0.005466612517099861,-0.00036251709986319803,0.7204301075268779,0.2795698924731221
CHMF,1,2023-07-06 17:00:00+00:00,2023-07-07 11:00:00+00:00,1200.6,1188.5939999999998,558.1978352191098,-6701.723209640681,-0.007000000000000051,18,v3_long,sl,False,A,True,0.017324670997834378,0.005018324171247673,-7.329668499083942e-05,0.11538461538460908,0.8846153846153909
CHMF,1,2023-07-14 11:00:00+00:00,2023-07-14 12:00:00+00:00,1235.2,1244.0,538.7638558268416,4741.121931276181,0.004987046632124327,1,v3_long,opposite_signal,False,A,True,0.009388151505341462,0.004582793784396258,0.0003204920686306241,0.17241379310344962,0.8275862068965504
CHMF,-1,2023-07-14 14:00:00+00:00,2023-07-17 09:00:00+00:00,1246.2,1248.4,536.6714011147552,-1180.6770824524858,-0.0012357567003691476,67,v3_short,timeout,False,A,True,0.011876103354196721,0.004348218584496878,0.00021344888460921125,0.8783783783783811,0.12162162162161892
CHMF,-1,2023-07-21 17:00:00+00:00,2023-07-24 09:00:00+00:00,1273.6,1275.4,524.4766222609072,-944.0579200697284,-0.0009893216080403013,64,v3_short,timeout,False,A,True,0.03156407035175883,0.005442250314070357,-0.00043498743718592685,0.9900497512437788,0.009950248756221157
CHMF,-1,2023-09-28 22:00:00+00:00,2023-09-29 14:00:00+00:00,1373.4,1367.2,485.883635916297,3012.4785426810636,0.0031600407747196966,16,v3_short,opposite_signal,False,A,True,0.02461045580311632,0.005984236202126099,0.0002999854376001185,0.5739644970414236,0.4260355029585764
CHMF,1,2023-09-29 16:00:00+00:00,2023-10-02 09:00:00+00:00,1366.4,1371.0,489.91607182912696,2253.6139304139397,0.0023565573770491337,65,v3_long,timeout,False,A,True,0.013319672131147573,0.005433987119437931,-6.586651053864169e-05,0.1758241758241779,0.8241758241758221
CHMF,1,2023-10-06 12:00:00+00:00,2023-10-09 09:00:00+00:00,1365.0,1367.0,491.5742493030102,983.1484986060204,0.0010256410256410256,69,v3_long,timeout,False,A,True,0.009525205158264948,0.00545409583821805,0.00016705744431418323,0.13846153846153497,0.861538461538465
CHMF,-1,2023-10-13 22:00:00+00:00,2023-10-16 09:00:00+00:00,1374.6,1380.0,488.6418261658906,-2638.6658612958536,-0.002749890877346183,59,v3_short,timeout,False,A,True,0.009893787283573338,0.0058653426451331404,-0.0002662592754255777,0.5441176470588172,0.45588235294118284
CHMF,1,2023-10-26 17:00:00+00:00,2023-10-26 19:00:00+00:00,1385.0,1371.15,483.6389806099105,-6698.399881447216,-0.006999999999999953,2,v3_long,sl,False,A,True,0.009241877256317657,0.004106498194945854,-0.00019783393501804792,0.35937499999999417,0.6406250000000059
CHMF,1,2023-11-03 12:00:00+00:00,2023-11-03 13:00:00+00:00,1350.0,1355.0,492.7045246131208,2463.522623065604,0.0025925925925925925,1,v3_long,opposite_signal,False,A,True,0.02118518518518512,0.0044490740740740645,-2.0740740740738717e-05,0.3146853146853157,0.6853146853146843
CHMF,-1,2023-11-03 15:00:00+00:00,2023-11-03 20:00:00+00:00,1361.0,1374.61,489.989400487773,-6668.755740638542,-0.00699999999999995,5,v3_short,sl,False,A,True,0.01763409257898604,0.004454445260837609,-7.2005878030861e-05,0.8333333333333334,0.16666666666666666
CHMF,1,2023-11-16 19:00:00+00:00,2023-11-17 10:00:00+00:00,1355.0,1341.45,488.7139815833298,-6622.074450454097,-0.006999999999999976,15,v3_long,sl,False,A,True,0.017300014786337324,0.005008871802454526,-1.626497116664404e-05,0.11111111111110787,0.8888888888888922
CHMF,1,2023-11-23 20:00:00+00:00,2023-11-24 14:00:00+00:00,1324.4,1311.1560000000002,496.5055820976246,-6575.719929300898,-0.006999999999999954,18,v3_long,sl,False,A,True,0.023252302581911487,0.004605163823040892,0.0002083647893703787,0.01298701298701596,0.987012987012984
CHMF,-1,2023-12-08 21:00:00+00:00,2023-12-11 09:00:00+00:00,1263.6,1269.0,516.7529194203731,-2790.465764870062,-0.002991452991453042,60,v3_short,timeout,False,A,True,0.024216524216524146,0.007533040519151612,-0.0003751187084520389,0.6339869281045726,0.3660130718954274
CHMF,1,2023-12-14 17:00:00+00:00,2023-12-14 20:00:00+00:00,1239.0,1226.61,525.4363704149914,-6510.156629441796,-0.007000000000000056,3,v3_long,sl,False,A,True,0.010332579916047751,0.005075476267355489,-6.780755569906067e-05,0.07812500000000028,0.9218749999999997
CHMF,1,2023-12-22 22:00:00+00:00,2023-12-25 09:00:00+00:00,1329.6,1333.8,486.20528978908334,2042.0622171141722,0.0022111913357400963,59,v3_long,timeout,False,A,True,0.020914835991573844,0.00571772494733674,0.0002663256093891069,0.09352517985611199,0.906474820143888
CHMF,1,2024-01-18 17:00:00+00:00,2024-01-18 19:00:00+00:00,1555.0,1539.45,416.6482294890965,-6478.879968555431,-0.006999999999999979,2,v3_long,sl,False,A,True,0.015048231511253932,0.003918810289389063,0.00022122186495176615,0.41025641025640874,0.5897435897435912
CHMF,-1,2024-01-19 15:00:00+00:00,2024-01-19 23:00:00+00:00,1560.0,1575.6,412.4056287676643,-6433.527808775526,-0.00699999999999996,8,v3_short,sl,False,A,True,0.024615384615384674,0.004667467948717953,-0.00013205128205128147,0.9114583333333311,0.08854166666666882
CHMF,1,2024-01-25 19:00:00+00:00,2024-01-26 11:00:00+00:00,1603.8,1613.2,398.33477454259474,3744.346880700427,0.004102755954607846,16,v3_long,opposite_signal,False,A,True,0.014223331253898911,0.0038014660012476564,8.608858390517892e-05,0.1228070175438579,0.8771929824561421
CHMF,1,2024-01-26 13:00:00+00:00,2024-01-26 15:00:00+00:00,1607.0,1590.93,399.1725913054783,-6414.703542279011,-0.0069999999999999715,2,v3_long,sl,False,A,True,0.008711885500933417,0.0037375544492843815,6.34723086496566e-05,0.3857142857142922,0.6142857142857078
CHMF,-1,2024-02-01 17:00:00+00:00,2024-02-01 17:00:00+00:00,1665.4,1654.2,382.47872087685147,4283.7616738207535,0.004707577759096932,0,v3_short,opposite_signal,False,A,True,0.01645250390296617,0.005175183139185771,0.000262999879908729,0.4744525547445279,0.5255474452554721
CHMF,1,2024-02-01 19:00:00+00:00,2024-02-02 10:00:00+00:00,1660.2,1685.1029999999998,385.4828905673913,9599.680423799666,0.010499999999999914,15,v3_long,tp,False,A,True,0.01768740223799775,0.005354349657080967,0.00022861268198772711,0.3333333333333333,0.6666666666666666
CHMF,-1,2024-02-09 20:00:00+00:00,2024-02-12 09:00:00+00:00,1584.4,1590.6,408.1661646154019,-2530.6302206154173,-0.0027392072708911086,61,v3_short,timeout,False,A,True,0.021332996718000475,0.004315513759151724,-0.00031810148952284543,0.8698224852071045,0.13017751479289555
CHMF,-1,2024-02-15 21:00:00+00:00,2024-02-16 14:00:00+00:00,1614.0,1609.2,399.5830421698959,1917.9986024154823,0.002081784386617081,17,v3_short,opposite_signal,False,A,True,0.016480793060718795,0.003492874845105317,2.4783147459727385e-05,0.8421052631578938,0.15789473684210617
CHMF,1,2024-02-16 16:00:00+00:00,2024-02-19 09:00:00+00:00,1599.8,1603.0,403.9690143042273,1292.7008457735458,0.0014001750218777548,65,v3_long,timeout,False,A,True,0.01550193774221775,0.0040239404925615525,-5.250656332041277e-05,0.1774193548387045,0.8225806451612955
CHMF,-1,2024-02-22 17:00:00+00:00,2024-02-26 09:00:00+00:00,1574.2,1594.0,411.1132763790778,-8140.042872305721,-0.008804472112819189,88,v3_short,gap_sl,False,A,True,0.016764033528067115,0.006203168656337293,-0.0002921005842011684,0.5757575757575755,0.4242424242424245
CHMF,-1,2024-04-25 17:00:00+00:00,2024-04-27 17:00:00+00:00,1871.2,1878.4,342.81556737138214,-2468.272085073967,-0.0026934587430526035,48,v3_short,timeout,False,A,True,0.005769230769230745,0.003912927350427344,-7.051282051281953e-05,0.6666666666666737,0.3333333333333263
CHMF,-1,2024-04-30 18:00:00+00:00,2024-05-02 18:00:00+00:00,1924.6,1895.731,332.4060579890775,9596.23048808665,0.010499999999999971,48,v3_short,tp,False,A,True,0.016107243063493714,0.00414371817520523,0.0004676296373272369,0.3096774193548358,0.6903225806451643
CHMF,-1,2024-05-03 15:00:00+00:00,2024-05-06 09:00:00+00:00,1922.0,1916.0,336.3507078810818,2018.1042472864908,0.0021852237252861606,66,v3_short,timeout,False,A,True,0.01946092205224262,0.0046038188404719715,-0.00021958580497450213,0.9304812834224621,0.06951871657753793
CHMF,1,2024-05-24 11:00:00+00:00,2024-05-24 15:00:00+00:00,1991.4,1971.486,325.3383215429043,-6478.787335205392,-0.006999999999999995,4,v3_long,sl,False,A,True,0.010645776840413802,0.0038917344581701242,0.00029024806668675166,0.3679245283018946,0.6320754716981054
CHMF,1,2024-06-06 17:00:00+00:00,2024-06-07 13:00:00+00:00,1828.4,1840.4,351.8615086337212,4222.338103604654,0.00459418070444104,20,v3_long,opposite_signal,False,A,True,0.015860861955808356,0.005831601400131244,-2.1877050973528767e-05,0.5034482758620736,0.4965517241379263
CHMF,-1,2024-06-07 20:00:00+00:00,2024-06-10 09:00:00+00:00,1837.4,1861.4,351.74660882683094,-8441.918611843943,-0.009143354740394035,61,v3_short,gap_sl,False,A,True,0.017742462174812183,0.004901627299444861,-0.00010340698813540872,0.6134969325153391,0.38650306748466084
CHMF,-1,2024-06-14 18:00:00+00:00,2024-06-17 09:00:00+00:00,1834.2,1841.2,349.1385214426607,-2443.9696500986247,-0.0026714643986479113,63,v3_short,timeout,False,A,True,0.020067619151488688,0.008302432108190635,4.144399607372867e-05,0.6032608695652194,0.39673913043478065
CHMF,-1,2024-06-27 17:00:00+00:00,2024-07-01 09:00:00+00:00,1549.8,1552.0,412.10420523619786,-906.6292515196541,-0.0009936766034327217,88,v3_short,timeout,False,A,True,0.021161290322580614,0.005431451612903218,3.2258064516129034e-05,0.7560975609756094,0.24390243902439057
CHMF,-1,2024-07-26 12:00:00+00:00,2024-07-26 13:00:00+00:00,1458.8,1436.918,437.37623855154624,9570.666851984963,0.010500000000000032,1,v3_short,tp,False,A,True,0.013567219405234997,0.0038843017678497883,-6.303960531725242e-05,0.6464646464646456,0.35353535353535437
CHMF,1,2024-08-01 19:00:00+00:00,2024-08-02 16:00:00+00:00,1414.2,1400.058,455.9071726738686,-6447.439235953874,-0.007000000000000026,21,v3_long,sl,False,A,True,0.01018675721561976,0.003550332484436892,7.074136955291455e-05,0.29166666666666796,0.708333333333332
CHMF,-1,2024-08-09 13:00:00+00:00,2024-08-09 19:00:00+00:00,1390.8,1381.0,460.33269782155406,4511.2604386512085,0.0049324129997123725,6,v3_short,opposite_signal,False,A,True,0.01725625539257981,0.00613405953408112,0.00025596778832326654,0.8249999999999981,0.1750000000000019
CHMF,1,2024-08-09 21:00:00+00:00,2024-08-12 09:00:00+00:00,1380.2,1385.0,466.156063206255,2237.549103390003,0.0024344297927836314,60,v3_long,timeout,False,A,True,0.014492753623188406,0.005199275362318839,0.00017246376811594336,0.2600000000000023,0.7399999999999978
CHMF,1,2024-09-20 11:00:00+00:00,2024-09-20 19:00:00+00:00,1282.0,1301.2299999999998,503.0849319888036,9674.323242144588,0.010499999999999888,8,v3_long,tp,False,A,True,0.010296411856474294,0.00489469578783149,-0.00013728549141965254,0.8181818181818119,0.18181818181818807
CHMF,-1,2024-09-27 21:00:00+00:00,2024-09-30 09:00:00+00:00,1285.6,1290.0,506.94376872989056,-2230.552582411565,-0.0023957685127567394,60,v3_short,timeout,False,A,True,0.021935283136278818,0.006227636901057857,-0.0004433727442439328,0.7304964539007048,0.26950354609929517
CHMF,1,2024-10-11 11:00:00+00:00,2024-10-11 15:00:00+00:00,1218.8,1225.0,533.447261463291,3307.373021072429,0.0035608795536593626,4,v3_long,opposite_signal,False,A,True,0.011805213969503273,0.006122929988522686,-9.509755697655278e-05,0.069444444444444,0.930555555555556
CHMF,1,2024-10-25 14:00:00+00:00,2024-10-25 16:00:00+00:00,1170.6,1158.894,557.3899567625235,-6524.806833862047,-0.006999999999999944,2,v3_long,sl,False,A,True,0.019835841313269535,0.005279582763337879,-0.00036764705882352946,0.6293103448275811,0.3706896551724189
CHMF,-1,2025-02-07 15:00:00+00:00,2025-02-10 06:00:00+00:00,1201.8,1209.0,539.1190868717811,-3881.6574254768484,-0.004193709435846257,63,v3_short,timeout,False,A,True,0.009487350199733575,0.005120365828018766,0.0003428761651131847,0.7543859649122817,0.24561403508771826
CHMF,-1,2025-03-16 14:00:00+00:00,2025-03-17 07:00:00+00:00,1305.0,1318.05,494.4031865169906,-6451.961584046705,-0.006999999999999976,17,v3_short,sl,False,A,True,0.004142374961644572,0.003551418862864059,-0.00010586069346425075,0.5185185185185232,0.4814814814814768
CHMF,1,2025-03-19 12:00:00+00:00,2025-03-19 14:00:00+00:00,1333.6,1344.0,480.413756220636,4996.303064694658,0.005458908218356377,2,v3_long,opposite_signal,False,A,True,0.02354529094181171,0.006144823666845576,0.0002624475104979004,0.47770700636942537,0.5222929936305747
CHMF,-1,2025-03-19 16:00:00+00:00,2025-03-19 18:00:00+00:00,1348.8,1330.0,477.5928213531482,8978.745041439164,0.009756820877817296,2,v3_short,opposite_signal,False,A,True,0.022390272835112728,0.006188736966972588,0.00015124555160142078,1.0,0.0
CHMF,1,2025-03-19 20:00:00+00:00,2025-03-20 13:00:00+00:00,1334.6,1321.254,487.38372468914554,-6504.623189701339,-0.007000000000000002,17,v3_long,sl,False,A,True,0.02353823088455779,0.00617848970251716,3.1484257871063104e-05,0.5095541401273871,0.49044585987261297
CHMF,1,2025-03-21 16:00:00+00:00,2025-03-21 18:00:00+00:00,1322.6,1309.3739999999998,488.36313529210855,-6459.090827373483,-0.00700000000000006,2,v3_long,sl,False,A,True,0.012853470437017995,0.0053562759158594896,-0.0001179494934220468,0.2705882352941123,0.7294117647058878
CHMF,-1,2025-05-04 15:00:00+00:00,2025-05-05 09:00:00+00:00,1024.8,1009.428,625.8662364931512,9620.815787372692,0.01049999999999997,18,v3_short,tp,False,A,True,0.008782201405152226,0.00513198600630295,-0.0003649492583918822,0.8666666666666616,0.13333333333333838
CHMF,1,2025-05-13 22:00:00+00:00,2025-05-14 23:00:00+00:00,1045.8,1035.3419999999999,619.7382771173668,-6481.222902093474,-0.007000000000000056,25,v3_long,sl,False,A,True,0.013960604322050018,0.005096014309338162,0.0002849493210938968,0.2602739726027382,0.7397260273972618
CHMF,-1,2025-05-17 11:00:00+00:00,2025-05-18 09:00:00+00:00,1030.8,1043.0,624.3552912086503,-7617.134552745562,-0.008284827318587535,22,v3_short,gap_sl,False,A,True,0.030079565301765965,0.0071303817471098626,-0.00029691441878517284,0.7354838709677405,0.2645161290322595
CHMF,1,2025-05-19 17:00:00+00:00,2025-05-19 22:00:00+00:00,1032.0,1021.68,618.46263565015,-6382.5343999095785,-0.007000000000000033,5,v3_long,sl,False,A,True,0.015503875968992248,0.004062015503875932,0.00027131782945736437,0.025000000000005684,0.9749999999999943
CHMF,1,2025-06-13 19:00:00+00:00,2025-06-15 10:00:00+00:00,983.2,987.6,644.6152012927361,2836.306885688024,0.003132628152969878,39,v3_long,opposite_signal,False,A,True,0.02197355035605292,0.0052390640895218655,0.0001241098677517784,0.009259259259261354,0.9907407407407386
CHMF,1,2025-06-17 08:00:00+00:00,2025-06-17 10:00:00+00:00,996.6,1011.549,637.9400769927752,9536.566210964967,0.010499999999999968,2,v3_long,tp,False,A,True,0.016462557719333443,0.004778156996587033,0.00016061031921300943,0.5853658536585388,0.41463414634146123
CHMF,1,2025-06-20 16:00:00+00:00,2025-06-23 06:00:00+00:00,1010.2,1012.2,635.959886239037,1271.919772478074,0.0013858641853098396,62,v3_long,timeout,False,A,True,0.015241488519398348,0.005974705171479771,-0.000457244655581946,0.2857142857142899,0.7142857142857101
CHMF,1,2025-06-27 11:00:00+00:00,2025-06-27 17:00:00+00:00,1005.4,1020.4809999999999,639.8816599556493,9650.055313791085,0.010499999999999931,6,v3_long,tp,False,A,True,0.015904572564612324,0.004917861253531431,0.00047713717693836975,0.02499999999999858,0.9750000000000014
CHMF,-1,2025-06-27 19:00:00+00:00,2025-06-27 20:00:00+00:00,1013.8,1023.938,641.2429075153518,-6500.920596390658,-0.0070000000000000236,1,v3_short,sl,False,A,True,0.02170053264943776,0.005222664077831189,0.0002031958966265527,0.6272727272727252,0.3727272727272748
CHMF,-1,2025-06-29 17:00:00+00:00,2025-06-29 18:00:00+00:00,1028.0,1026.0,627.9585751182784,1255.9171502365568,0.0013618677042801558,1,v3_short,opposite_signal,False,A,True,0.007198443579766625,0.00396310707594753,0.0003910505836575858,0.3243243243243326,0.6756756756756673
CHMF,-1,2025-07-03 13:00:00+00:00,2025-07-03 13:00:00+00:00,1053.4,1063.9340000000002,613.6515637238995,-6464.205572267621,-0.0070000000000000695,0,v3_short,sl,False,A,True,0.022977592100265683,0.0064914945929198,-0.0002487656665400666,0.8264462809917418,0.17355371900825825
CHMF,1,2025-07-06 14:00:00+00:00,2025-07-07 07:00:00+00:00,1038.0,1027.62,618.39654463022,-6418.95613326175,-0.007000000000000073,17,v3_long,sl,False,A,True,0.003468876469454528,0.00485357201487473,-0.00043939101946425044,0.44444444444443043,0.5555555555555696
CHMF,-1,2025-07-09 21:00:00+00:00,2025-07-10 07:00:00+00:00,1005.2,1015.2520000000001,634.1049980430612,-6374.023440328864,-0.007000000000000014,10,v3_short,sl,False,A,True,0.017903322060871297,0.00597300890978191,-0.00040580863337975117,0.6222222222222248,0.37777777777777527
CHMF,-1,2025-07-18 11:00:00+00:00,2025-07-18 11:00:00+00:00,1037.0,1047.3700000000001,610.3573072561763,-6329.405276246621,-0.007000000000000079,0,v3_short,sl,False,A,True,0.02391513982642233,0.005049992386946145,-1.1571841851492942e-05,0.8064516129032273,0.19354838709677272
CHMF,-1,2025-07-20 15:00:00+00:00,2025-07-21 11:00:00+00:00,1046.4,1030.7040000000002,600.6402369373875,9427.649158969181,0.010499999999999942,20,v3_short,tp,False,A,True,0.00534963698891874,0.0051656547644320224,0.00014520443255636054,0.8214285714285757,0.17857142857142422
CHMF,1,2025-07-22 10:00:00+00:00,2025-07-22 13:00:00+00:00,1039.0,1054.5849999999998,611.2697770380757,9526.639475138294,0.010499999999999872,3,v3_long,tp,False,A,True,0.01790182868142436,0.005311597690086626,5.197305101058798e-05,0.19354838709677025,0.8064516129032298
CHMF,1,2025-07-25 14:00:00+00:00,2025-07-25 16:00:00+00:00,1027.0,1016.73,624.9054975415361,-6417.779459751564,-0.006999999999999988,2,v3_long,sl,False,A,True,0.01617303195635221,0.006337941502235706,-0.0006547155105222161,0.3614457831325321,0.6385542168674679
CHMF,1,2025-07-27 15:00:00+00:00,2025-07-28 20:00:00+00:00,1009.2,999.1080000000001,631.4759218721081,-6372.855003533305,-0.00699999999999999,29,v3_long,sl,False,A,True,0.006538537745195188,0.004065488115418782,-0.000354666138299982,0.21212121212122517,0.7878787878787749
CHMF,-1,2025-07-29 12:00:00+00:00,2025-07-29 20:00:00+00:00,1009.8,1002.4,626.6830083688435,4637.454261929428,0.005129728659140409,8,v3_short,opposite_signal,False,A,True,0.014665081252477164,0.005056510407283299,-8.917954815695825e-05,0.7297297297297289,0.2702702702702711
CHMF,1,2025-07-29 22:00:00+00:00,2025-07-30 15:00:00+00:00,1001.6,991.5840000000001,635.0546324223329,-6360.707198342063,-0.006999999999999974,17,v3_long,sl,False,A,True,0.015378470141801456,0.006320562976538726,-7.78909526662645e-05,0.16883116883117055,0.8311688311688294
CHMF,1,2025-08-01 16:00:00+00:00,2025-08-04 06:00:00+00:00,995.2,998.8,634.6646149471154,2284.7926138095577,0.002532154340835949,62,v3_long,timeout,False,A,True,0.017282958199356845,0.003400533085124381,-4.019292604500237e-06,0.03488372093023402,0.9651162790697659
CHMF,-1,2025-08-14 14:00:00+00:00,2025-08-14 15:00:00+00:00,1108.2,1119.2820000000002,571.3928709845117,-6332.17579625042,-0.007000000000000067,1,v3_short,sl,False,A,True,0.029236599891716376,0.0062880536479259855,-0.00047825302292005056,0.7592592592592613,0.24074074074073867
CHMF,-1,2025-08-24 11:00:00+00:00,2025-08-26 07:00:00+00:00,1066.0,1076.66,589.854649688237,-6287.850565676655,-0.007000000000000054,44,v3_short,sl,False,A,True,0.006378986866791916,0.0044819678966020425,-0.00016885553470919325,0.20588235294118434,0.7941176470588157
CHMF,1,2025-08-31 11:00:00+00:00,2025-08-31 14:00:00+00:00,1063.6,1063.0,587.0473497289272,-352.22840983730293,-0.00039488529522370853,3,v3_long,opposite_signal,False,A,True,0.004135338345864534,0.003794207741576147,-0.0002556390977443592,0.7727272727272657,0.22727272727273432
CHMF,-1,2025-09-05 08:00:00+00:00,2025-09-07 09:00:00+00:00,1066.2,1069.8,585.3845444426944,-2107.3843599936467,-0.002363534046145129,49,v3_short,timeout,False,A,True,0.01783033033033033,0.004672435593488215,1.5015015015014164e-05,0.9157894736842153,0.08421052631578468
CHMF,-1,2025-09-14 17:00:00+00:00,2025-09-15 11:00:00+00:00,1054.8,1038.9779999999998,590.3126964664441,9339.927483492147,0.010500000000000077,18,v3_short,tp,False,A,True,0.010428517254455821,0.0036755053819900138,-0.0001346226772847916,0.9636363636363554,0.03636363636364463
CHMF,1,2025-09-18 16:00:00+00:00,2025-09-19 10:00:00+00:00,1017.6,1017.4,618.3173953137282,-123.66347906277376,-0.00013757861635223256,18,v3_long,opposite_signal,False,A,True,0.018278301886792473,0.0056169314796425006,-0.000113993710691823,0.4408602150537653,0.5591397849462346
CHMF,1,2025-09-25 20:00:00+00:00,2025-09-26 10:00:00+00:00,972.0,962.28,647.2358199957879,-6291.132170359076,-0.007000000000000019,14,v3_long,sl,False,A,True,0.015637860082304573,0.005642191899501825,-0.00029423868312757344,0.3421052631578967,0.6578947368421033
CHMF,-1,2025-09-26 13:00:00+00:00,2025-09-28 13:00:00+00:00,977.0,974.4,639.4159923404857,1662.4815800852773,0.0018628454452405485,48,v3_short,timeout,False,A,True,0.015353121801432957,0.005042288423207445,-9.825997952917e-05,1.0,0.0
CHMF,-1,2025-10-05 18:00:00+00:00,2025-10-06 10:00:00+00:00,909.8,918.8979999999999,687.9238971452124,-6258.731616227113,-0.006999999999999967,16,v3_short,sl,False,A,True,0.013192612137203167,0.0046337014234991356,-0.0004375549692172378,0.8166666666666629,0.18333333333333712
CHMF,1,2025-10-06 16:00:00+00:00,2025-10-06 16:00:00+00:00,908.4,922.0259999999998,684.1612169653845,9322.380742370235,0.010499999999999895,0,v3_long,tp,False,A,True,0.026420079260237782,0.005627476882430641,0.00019594892118009638,0.18333333333333238,0.8166666666666677
CHMF,1,2025-10-13 13:00:00+00:00,2025-10-13 14:00:00+00:00,907.4,898.326,692.1068062717815,-6280.1771601101145,-0.006999999999999967,1,v3_long,sl,False,A,True,0.018942731277532966,0.003251101321585886,-3.303964757709251e-05,0.2790697674418589,0.720930232558141
SNGS,-1,2022-02-04 09:00:00+00:00,2022-02-07 06:00:00+00:00,35.9,36.075,19498.607242339833,-3412.256267409554,-0.003412256267409554,69,v3_short,timeout,False,A,True,0.02434951996660637,0.007077343100718622,-0.00024210379852511606,0.7428571428571412,0.2571428571428588
SNGS,-1,2022-02-10 16:00:00+00:00,2022-02-10 17:00:00+00:00,36.81,36.81,18951.682168237254,-0.0,-0.0,1,v3_short,opposite_signal,False,A,True,0.024585710404781337,0.0061601944242530935,0.00014534093996196592,0.8674033149171301,0.13259668508286993
SNGS,-1,2022-02-10 19:00:00+00:00,2022-02-10 20:00:00+00:00,36.59,36.535,19065.630516884758,1048.6096784287918,0.0010522000546598735,1,v3_short,opposite_signal,False,A,True,0.026023832351732716,0.006704005745232958,0.00014655526640186182,0.5947368421052664,0.40526315789473355
SNGS,1,2022-02-10 22:00:00+00:00,2022-02-11 07:00:00+00:00,36.48,36.115199999999994,19143.241430584254,-6983.454473877183,-0.007000000000000049,9,v3_long,sl,False,A,True,0.02603809784843094,0.006544711080821791,0.0001466356036727413,0.4789473684210494,0.5210526315789505
SNGS,1,2022-06-03 11:00:00+00:00,2022-06-03 11:00:00+00:00,22.0,21.78,31520.774057090883,-6934.570292559958,-0.006999999999999964,0,v3_long,sl,False,A,True,0.013406044080890784,0.005866435314288083,3.6355373778685886e-05,0.0,1.0
SNGS,-1,2022-06-10 14:00:00+00:00,2022-06-10 18:00:00+00:00,22.105,22.1,31151.451257688645,155.75725628841224,0.00015833521827637655,4,v3_short,opposite_signal,False,A,True,0.012222725215029406,0.0070681921066710765,0.0002580353100950626,0.6481481481481518,0.3518518518518482
SNGS,-1,2022-06-24 11:00:00+00:00,2022-06-24 11:00:00+00:00,22.445,22.66945,30684.422371602108,-6887.1186013061215,-0.007000000000000029,0,v3_short,sl,False,A,True,0.014702606371129351,0.009062556957411034,-0.00029627979505458064,0.5909090909090948,0.4090909090909052
SNGS,1,2022-06-24 16:00:00+00:00,2022-06-27 09:00:00+00:00,22.35,22.54,30599.144389695524,5813.83743404208,0.005950782997762791,65,v3_long,timeout,False,A,True,0.01834451901565996,0.00890787065283708,6.711409395973409e-05,0.12195121951219681,0.8780487804878032
SNGS,-1,2022-11-17 20:00:00+00:00,2022-11-18 10:00:00+00:00,21.63,21.69,31805.851285877234,-1908.3510771527062,-0.0019417475728156074,14,v3_short,opposite_signal,False,A,True,0.012482662968099842,0.00786667822468793,-0.00025658807212205586,0.3703703703703631,0.629629629629637
SNGS,1,2022-11-18 12:00:00+00:00,2022-11-18 17:00:00+00:00,21.54,21.75,31876.7278347037,6694.112845287804,0.006824512534818969,5,v3_long,opposite_signal,False,A,True,0.010909935004642499,0.005803156917363041,0.0004062209842154132,0.10638297872339847,0.8936170212766016
SNGS,-1,2022-12-01 18:00:00+00:00,2022-12-02 10:00:00+00:00,21.825,21.665,31675.17051781073,5068.027282849721,0.0051317296678121465,16,v3_short,opposite_signal,False,A,True,0.013742556115437341,0.004337494273934944,1.1452130096197243e-05,0.75,0.25
SNGS,1,2022-12-02 12:00:00+00:00,2022-12-02 15:00:00+00:00,21.69,22.015349999999998,32035.87900641835,10422.873234738105,0.010499999999999895,3,v3_long,tp,False,A,True,0.013370216689718724,0.00433667588750576,-7.837713231903854e-05,0.3103448275862073,0.6896551724137927
SNGS,1,2022-12-22 23:00:00+00:00,2022-12-23 11:00:00+00:00,22.38,22.1562,31374.18350820066,-7021.542269135328,-0.007000000000000021,12,v3_long,sl,False,A,True,0.023001339883876756,0.006734312192943287,0.0005292541313086209,0.19417475728154904,0.8058252427184509
SNGS,1,2022-12-30 12:00:00+00:00,2023-01-03 09:00:00+00:00,21.68,21.7,32160.477275144647,643.2095455028792,0.0006457564575645619,93,v3_long,timeout,False,A,True,0.010608856088560905,0.005462984317343162,-0.0003067343173431763,0.21739130434782877,0.7826086956521712
SNGS,1,2023-01-13 11:00:00+00:00,2023-01-13 14:00:00+00:00,21.66,21.695,32210.96001878984,1127.383600657649,0.0011311172668513434,3,v3_long,opposite_signal,False,A,True,0.009921550530687578,0.00464351638209507,0.00022611905860636588,0.25581395348837094,0.744186046511629
SNGS,1,2023-01-26 18:00:00+00:00,2023-01-27 14:00:00+00:00,21.68,22.0052,32217.645873037287,10477.178437911687,0.010499999999999962,20,v3_long,tp,False,A,True,0.009451360073766797,0.003184071000461053,-0.00017289073305670814,0.17073170731707232,0.8292682926829277
SNGS,-1,2023-02-10 15:00:00+00:00,2023-02-13 09:00:00+00:00,23.165,23.17,30468.922401639826,-152.34461200827707,-0.0001510900064753633,66,v3_short,timeout,False,A,True,0.01683574357867475,0.0061380315130584945,-0.00048780487804877854,0.6666666666666606,0.3333333333333394
SNGS,1,2023-03-16 17:00:00+00:00,2023-03-17 09:00:00+00:00,22.115,22.446724999999997,31910.736884719907,10585.58919308367,0.010499999999999959,16,v3_long,gap_tp,False,A,True,0.02169001355625849,0.005662562132851335,3.1631269769540524e-05,0.24999999999999445,0.7500000000000056
SNGS,-1,2023-03-23 17:00:00+00:00,2023-03-27 09:00:00+00:00,23.17,23.39,30777.551085055642,-6771.061238712206,-0.0066465256797582735,88,v3_short,timeout,False,A,True,0.014458351316357395,0.005860217954251195,-0.00024384980578334259,0.8059701492537387,0.19402985074626136
SNGS,-1,2023-04-13 22:00:00+00:00,2023-04-14 12:00:00+00:00,24.71,24.56,28667.588659394605,4300.138298909252,0.004249291784702609,14,v3_short,opposite_signal,False,A,True,0.025485436893203844,0.006655794902912636,-0.00047936893203883585,0.619047619047621,0.3809523809523791
SNGS,1,2023-04-14 14:00:00+00:00,2023-04-17 09:00:00+00:00,24.505,24.75,29030.247401872162,7112.410613458708,0.00699857172005716,67,v3_long,timeout,False,A,True,0.013455657492354816,0.006027013251783908,-0.00022629969418960232,0.04545454545454692,0.954545454545453
SNGS,-1,2023-04-27 23:00:00+00:00,2023-04-28 14:00:00+00:00,25.49,25.10765,28103.76226019217,10745.473500184444,0.01049999999999997,15,v3_short,tp,False,A,True,0.02158555729984304,0.005936028257456837,-0.0004042386185243305,0.7999999999999948,0.20000000000000517
SNGS,1,2023-05-25 17:00:00+00:00,2023-05-26 16:00:00+00:00,24.135,24.497025,29993.23519628869,10858.300971936387,0.010499999999999975,23,v3_long,tp,False,A,True,0.011606217616580358,0.004617875647668395,0.000205181347150258,0.14285714285715193,0.8571428571428481
SNGS,-1,2023-06-22 17:00:00+00:00,2023-06-22 19:00:00+00:00,27.4,27.24,26696.62562564902,4271.460100103847,0.004087591240875917,2,v3_short,opposite_signal,False,A,True,0.012224046706805358,0.003797208538587847,-8.210180623973519e-05,0.8805970149253654,0.11940298507463462
SNGS,1,2023-06-22 21:00:00+00:00,2023-06-22 23:00:00+00:00,27.27,26.9973,26933.53737487553,-7344.775642128568,-0.0070000000000000106,2,v3_long,sl,False,A,True,0.012280058651026424,0.003430855938416423,-8.247800586510055e-05,0.492537313432832,0.507462686567168
SNGS,1,2023-07-06 17:00:00+00:00,2023-07-10 09:00:00+00:00,27.995,28.34,26052.374397691216,8988.069167203439,0.008626540453652408,88,v3_long,timeout,False,A,True,0.023218431862832598,0.006206465440257179,0.00018931952134309738,0.13076923076923236,0.8692307692307676
SNGS,1,2023-07-14 11:00:00+00:00,2023-07-14 12:00:00+00:00,28.67,28.945,25658.45377329641,7056.0747876564765,0.006714335542378759,1,v3_long,opposite_signal,False,A,True,0.01186322400558269,0.006084263782274938,0.0003349616189811562,0.3529411764705913,0.6470588235294087
SNGS,-1,2023-07-14 14:00:00+00:00,2023-07-17 09:00:00+00:00,29.0,28.57,25536.797311440267,10980.822843919308,0.010379310344827582,67,v3_short,timeout,False,A,True,0.01810344827586202,0.006244612068965508,0.00030689655172413813,0.8571428571428581,0.14285714285714188
SNGS,-1,2023-07-28 16:00:00+00:00,2023-07-28 23:00:00+00:00,29.37,29.255,25476.802792731058,2929.8323211641223,0.002740892066734811,7,v3_short,opposite_signal,False,A,True,0.00970377936670072,0.004835929519918282,0.00013108614232209913,0.8947368421052717,0.10526315789472832
SNGS,-1,2023-08-25 15:00:00+00:00,2023-08-28 09:00:00+00:00,30.585,30.6,24531.782921279257,-367.9767438192028,-0.0003433055419323328,66,v3_short,timeout,False,A,True,0.014713094654242252,0.006104912538826231,-0.000238679091057707,0.6555555555555603,0.3444444444444396
SNGS,1,2023-08-31 17:00:00+00:00,2023-09-01 18:00:00+00:00,31.285,31.45,23974.652291086866,3955.8176280293123,0.003691865111075576,25,v3_long,opposite_signal,False,A,True,0.011986575035959726,0.004479982419689958,0.00014703532044110624,0.1599999999999966,0.8400000000000034
SNGS,-1,2023-09-01 20:00:00+00:00,2023-09-04 09:00:00+00:00,31.375,31.505,23994.137665857306,-3119.237896561426,-0.0029003984063744794,61,v3_short,timeout,False,A,True,0.01083665338645418,0.003949203187251003,-4.3027888446216776e-05,0.7205882352941209,0.27941176470587914
SNGS,1,2023-11-02 18:00:00+00:00,2023-11-02 22:00:00+00:00,32.225,31.90275,23293.486508570368,-7506.32602738681,-0.007000000000000008,4,v3_long,sl,False,A,True,0.014742396027312274,0.004941612352576052,-0.0003088144009931734,0.33684210526316466,0.6631578947368353
SNGS,1,2023-11-16 17:00:00+00:00,2023-11-16 19:00:00+00:00,31.77,31.4523,23461.698914683962,-7453.7817451950605,-0.006999999999999969,2,v3_long,sl,False,A,True,0.013220018885741208,0.005090297450424933,-0.00017626691847655093,0.2619047619047617,0.7380952380952382
SNGS,1,2023-12-14 18:00:00+00:00,2023-12-14 20:00:00+00:00,27.175,26.90325,27236.817931844445,-7401.605272978751,-0.007000000000000022,2,v3_long,sl,False,A,True,0.0187637969094922,0.005668230316409116,0.0001692420897718888,0.3823529411764726,0.6176470588235273
SNGS,-1,2023-12-15 11:00:00+00:00,2023-12-15 16:00:00+00:00,27.25,27.5225,26971.721233276607,-7349.794036067899,-0.007000000000000022,5,v3_short,sl,False,A,True,0.01889908256880736,0.005647935779816515,-0.00010825688073394557,0.8932038834951463,0.1067961165048537
SNGS,-1,2024-01-25 17:00:00+00:00,2024-01-29 09:00:00+00:00,29.225,29.1,24972.952875330713,3121.619109416339,0.0029940119760479044,88,v3_short,timeout,False,A,True,0.02566295979469632,0.004191616766467075,-0.0001317365269461071,0.8000000000000019,0.1999999999999981
SNGS,-1,2024-02-09 21:00:00+00:00,2024-02-12 09:00:00+00:00,30.19,30.275,24247.091128126252,-2061.002745890666,-0.001970851275256645,60,v3_short,timeout,False,A,True,0.01888042398145082,0.004435450480291491,-0.0003030804902285522,0.9298245614035103,0.0701754385964897
SNGS,-1,2024-02-15 17:00:00+00:00,2024-02-16 10:00:00+00:00,30.665,30.97165,23824.45717384667,-7305.76979236011,-0.007000000000000028,17,v3_short,sl,False,A,True,0.016305233980107615,0.005599828795043221,0.00019240176096527094,0.7999999999999972,0.20000000000000284
SNGS,1,2024-02-16 15:00:00+00:00,2024-02-16 15:00:00+00:00,30.5,30.195,23785.670176437903,-7254.629403813554,-0.006999999999999994,0,v3_long,sl,False,A,True,0.02852459016393434,0.006290983606557382,0.0002622950819672145,0.045977011494252026,0.954022988505748
SNGS,1,2024-02-29 17:00:00+00:00,2024-02-29 18:00:00+00:00,29.15,29.4,24713.02572208187,6178.256430520468,0.006003430531732418,1,v3_long,opposite_signal,False,A,True,0.008919382504288219,0.004604416809605495,-0.00018353344768438993,0.3653846153846088,0.6346153846153911
SNGS,-1,2024-02-29 20:00:00+00:00,2024-03-04 09:00:00+00:00,29.41,29.43,24641.60079224926,-492.8320158449747,-0.0004760285617136926,85,v3_short,timeout,False,A,True,0.01479088745324715,0.004505270316218972,-0.00012240734444066625,0.8160919540229918,0.1839080459770081
SNGS,-1,2024-03-07 17:00:00+00:00,2024-03-11 09:00:00+00:00,29.9,29.9,24226.2373541458,-0.0,-0.0,88,v3_short,timeout,False,A,True,0.009867870881418354,0.003397307242013711,-7.359090148854522e-05,0.6779661016949089,0.32203389830509105
SNGS,1,2024-03-29 11:00:00+00:00,2024-03-29 18:00:00+00:00,29.06,29.495899999999995,24926.514001684773,10865.467453334308,0.01049999999999992,7,v3_long,tp,False,A,True,0.015310510923791511,0.004703896439016002,9.117495269224172e-05,0.13483146067415433,0.8651685393258457
SNGS,1,2024-04-11 19:00:00+00:00,2024-04-12 11:00:00+00:00,31.0,31.464999999999996,23611.945938912693,10979.554861594315,0.010499999999999917,16,v3_long,tp,False,A,True,0.026774193548387042,0.006612903225806439,-6.935483870967853e-05,0.1084337349397591,0.891566265060241
SNGS,-1,2024-05-23 17:00:00+00:00,2024-05-24 12:00:00+00:00,33.115,32.618275000000004,22335.981051167426,11094.840187641092,0.010499999999999954,19,v3_short,tp,False,A,True,0.026725049071417938,0.005916880567718566,-0.00017967688358749774,0.5762711864406804,0.4237288135593196
SNGS,-1,2024-06-07 11:00:00+00:00,2024-06-07 12:00:00+00:00,28.865,29.15365,25893.725987900852,-7474.224006407594,-0.007000000000000012,1,v3_short,sl,False,A,True,0.021987534626038835,0.007249826869806101,0.0001315789473684244,0.7086614173228318,0.2913385826771682
SNGS,-1,2024-06-27 19:00:00+00:00,2024-06-28 10:00:00+00:00,28.065,28.345650000000003,26445.410434216024,-7421.904438362764,-0.007000000000000035,15,v3_short,sl,False,A,True,0.018908312522297577,0.0055911077417053244,9.810916874777226e-05,0.7547169811320779,0.24528301886792211
SNGS,1,2024-08-01 19:00:00+00:00,2024-08-02 12:00:00+00:00,27.675,27.39825,26630.356304586046,-7369.951107294184,-0.006999999999999996,17,v3_long,sl,False,A,True,0.022398843930635876,0.005938403179190749,0.0003540462427745653,0.02419354838709765,0.9758064516129024
SNGS,1,2024-08-08 21:00:00+00:00,2024-08-09 10:00:00+00:00,26.045,26.435675,28098.9113055985,10977.54217431464,0.010499999999999949,13,v3_long,tp,False,A,True,0.020733346131695245,0.006509166826646186,-0.00010750623920138264,0.20370370370370822,0.7962962962962918
SNGS,1,2024-08-09 16:00:00+00:00,2024-08-12 09:00:00+00:00,26.11,25.96,28323.26405501085,-4248.489608251588,-0.0040214477211795874,65,v3_long,timeout,False,A,True,0.020873228648027643,0.006480993872079658,0.0001340482573726547,0.32110091743119296,0.678899082568807
SNGS,-1,2024-09-20 14:00:00+00:00,2024-09-20 22:00:00+00:00,24.815,24.69,29681.502387691206,3710.1877984614007,0.003526093088857546,8,v3_short,opposite_signal,False,A,True,0.013701390288132172,0.007203304452951837,-0.00020552085432198474,0.8970588235294114,0.1029411764705887
SNGS,-1,2024-10-10 17:00:00+00:00,2024-10-11 14:00:00+00:00,26.105,25.713425,28314.254480347834,11087.15419814219,0.010499999999999989,21,v3_short,tp,False,A,True,0.013601532567049823,0.004597701149425274,-8.62068965517274e-05,0.8309859154929615,0.16901408450703845
SNGS,-1,2024-11-15 14:00:00+00:00,2024-11-18 09:00:00+00:00,25.645,25.325,29124.76588606667,9319.925083541342,0.00873464612984988,67,v3_short,timeout,False,A,True,0.01462843768285547,0.0064365125804564036,0.00030232104544567916,0.37333333333333485,0.6266666666666652
SNGS,1,2024-12-12 17:00:00+00:00,2024-12-13 11:00:00+00:00,22.815,22.586850000000002,33023.38675023706,-7534.285687066566,-0.006999999999999981,18,v3_long,sl,False,A,True,0.01950898728627796,0.006719914511179314,-0.0002564664620780364,0.03370786516854058,0.9662921348314594
SNGS,-1,2024-12-28 12:00:00+00:00,2024-12-28 16:00:00+00:00,24.1,23.805,31043.758038411284,9157.908621331382,0.008568464730290505,4,v3_short,opposite_signal,False,A,True,0.02012865739780035,0.007463944801826108,0.0002718406308362736,0.8041237113402083,0.1958762886597917
SNGS,1,2024-12-28 18:00:00+00:00,2024-12-28 19:00:00+00:00,23.97,24.065,31479.56215104898,2990.5584043497292,0.002774301209845711,1,v3_long,opposite_signal,False,A,True,0.01855326245570149,0.005928184281842815,-1.250781738586664e-05,0.49438202247190727,0.5056179775280928
SNGS,-1,2024-12-28 21:00:00+00:00,2024-12-30 10:00:00+00:00,24.045,24.28545,31468.43400472817,-7566.584956436862,-0.006999999999999975,37,v3_short,sl,False,A,True,0.018506966105219392,0.005796423372842588,-1.2476606363069717e-05,0.6629213483146101,0.33707865168538986
SNGS,-1,2025-01-31 08:00:00+00:00,2025-01-31 10:00:00+00:00,27.995,28.27495,26839.145782253367,-7513.618861741816,-0.006999999999999986,2,v3_short,sl,False,A,True,0.026254688337203052,0.005033793628561491,-4.8222896945885024e-05,0.8639455782312954,0.1360544217687047
SNGS,1,2025-01-31 16:00:00+00:00,2025-01-31 17:00:00+00:00,27.685,27.40815,26949.696693912367,-7461.023529709628,-0.006999999999999991,1,v3_long,sl,False,A,True,0.028710725893824417,0.005925566896656592,1.8057060310582974e-05,0.03773584905660082,0.9622641509433992
SNGS,1,2025-02-21 18:00:00+00:00,2025-02-24 06:00:00+00:00,28.875,28.995,25658.169229443014,3078.980307533187,0.0029090909090909328,60,v3_long,timeout,False,A,True,0.023908523908523955,0.0070166320166320266,0.00030492030492030827,0.4347826086956524,0.5652173913043476
SNGS,1,2025-03-17 15:00:00+00:00,2025-03-18 17:00:00+00:00,26.045,26.365,28528.889334438096,9129.244587020097,0.008600499136110488,26,v3_long,opposite_signal,False,A,True,0.01919754271453254,0.005198694567095403,0.0003033211748896165,0.09000000000000341,0.9099999999999966
SNGS,1,2025-03-18 19:00:00+00:00,2025-03-18 20:00:00+00:00,26.2,25.938,28604.02266894482,-7494.253939263556,-0.007000000000000012,1,v3_long,sl,False,A,True,0.022918258212375777,0.0058221635761742645,-5.1566080977847644e-05,0.5833333333333318,0.41666666666666813
SNGS,1,2025-03-21 16:00:00+00:00,2025-03-24 06:00:00+00:00,26.06,26.175,28556.385885221407,3283.9843768005185,0.0030890253261704297,62,v3_long,timeout,False,A,True,0.019762087490406775,0.006079088742577849,6.139677666922356e-05,0.31067961165048535,0.6893203883495146
SNGS,1,2025-04-18 14:00:00+00:00,2025-04-18 18:00:00+00:00,23.43,23.781449999999996,31859.93193481136,11197.173078489333,0.010499999999999888,4,v3_long,tp,False,A,True,0.02304737516005118,0.0075027517577554645,0.00036491677336747934,0.19444444444444553,0.8055555555555545
SNGS,1,2025-04-24 16:00:00+00:00,2025-04-24 17:00:00+00:00,24.08,23.839199999999998,31325.4246838693,-7543.162263875732,-0.0070000000000000045,1,v3_long,sl,False,A,True,0.014956377233070188,0.007024468108368142,-1.6618196925633212e-05,0.44444444444443565,0.5555555555555644
SNGS,1,2025-04-24 19:00:00+00:00,2025-04-25 10:00:00+00:00,23.98,24.115,31235.863753246853,4216.841606688263,0.003940783986655488,15,v3_long,opposite_signal,False,A,True,0.01522101751459543,0.006754532285676669,-2.0850708924105195e-05,0.3972602739726033,0.6027397260273967
SNGS,-1,2025-04-25 13:00:00+00:00,2025-04-26 12:00:00+00:00,24.175,24.41675,31106.01042099447,-7519.878019275403,-0.006999999999999991,23,v3_short,sl,False,A,True,0.018001241464928562,0.005613817286854637,-0.00013863025036209138,0.7816091954023008,0.2183908045976992
SNGS,1,2025-04-29 11:00:00+00:00,2025-04-29 15:00:00+00:00,23.935,24.294024999999998,31197.989860624555,11200.8583097107,0.010499999999999973,4,v3_long,tp,False,A,True,0.028416213957375668,0.005882054983601164,-0.00012327622231508636,0.27205882352941,0.72794117647059
SNGS,-1,2025-05-04 14:00:00+00:00,2025-05-04 16:00:00+00:00,22.82,22.69,33065.92848951998,4298.570703637564,0.003987730061349662,2,v3_short,opposite_signal,False,A,True,0.012708150744960523,0.0044957314895965085,-0.0002738825591586328,0.8448275862069025,0.15517241379309754
SNGS,1,2025-05-04 18:00:00+00:00,2025-05-05 09:00:00+00:00,22.685,22.45815,33395.34880420509,-7575.734876233887,-0.006999999999999966,15,v3_long,sl,False,A,True,0.012783777826757733,0.004310239267259303,-0.000275512453162883,0.37931034482758536,0.6206896551724146
SNGS,-1,2025-05-14 08:00:00+00:00,2025-05-14 23:00:00+00:00,23.4,23.049,32148.3108209414,11284.057098150402,0.010499999999999975,15,v3_short,tp,False,A,True,0.0162393162393162,0.00503261358524517,-2.1367521367501934e-06,0.4868421052631558,0.5131578947368441
SNGS,1,2025-05-17 16:00:00+00:00,2025-05-18 10:00:00+00:00,22.765,23.106475,33392.01902827735,11402.539697680977,0.010499999999999971,18,v3_long,tp,False,A,True,0.008124725516029965,0.005345379258422739,-0.0002964426877470343,0.6216216216216247,0.3783783783783753
SNGS,-1,2025-05-19 16:00:00+00:00,2025-05-19 17:00:00+00:00,23.07,22.91,33296.5362361123,5327.445797777972,0.0048547897702644165,1,v3_short,opposite_signal,False,A,True,0.0132177681473456,0.0033976164680389865,0.00021885157096424815,0.7704918032786874,0.22950819672131262
SNGS,-1,2025-05-19 19:00:00+00:00,2025-05-19 19:00:00+00:00,23.015,23.245150000000002,33538.14047471454,-7718.803030255614,-0.007000000000000056,0,v3_short,sl,False,A,True,0.013668908656975537,0.00384465176827944,0.0001996094597526582,0.6031746031746048,0.3968253968253952
SNGS,1,2025-05-19 21:00:00+00:00,2025-05-20 10:00:00+00:00,22.89,22.6611,33485.23988223575,-7664.771409043744,-0.006999999999999983,13,v3_long,sl,False,A,True,0.018567059851463553,0.004403669724770629,0.00017911751856705834,0.152941176470591,0.847058823529409
SNGS,1,2025-06-01 11:00:00+00:00,2025-06-01 14:00:00+00:00,21.82,21.6018,34881.38409340264,-7611.118009180438,-0.006999999999999984,3,v3_long,sl,False,A,True,0.011230804492321842,0.004830179709849678,-0.00014439605775842207,0.08163265306122242,0.9183673469387775
SNGS,-1,2025-06-06 11:00:00+00:00,2025-06-06 13:00:00+00:00,22.765,22.423525,33199.38582524134,11336.760274674256,0.01049999999999997,2,v3_short,tp,False,A,True,0.017370272647317483,0.004872008517335569,-6.816182937554395e-05,0.9620253164556947,0.03797468354430528
SNGS,1,2025-06-06 15:00:00+00:00,2025-06-06 15:00:00+00:00,22.4,22.176,34094.63171892372,-7637.197505038921,-0.007000000000000008,0,v3_long,sl,False,A,True,0.0196428571428572,0.005568609022556402,-0.0001138392857142837,0.04545454545454435,0.9545454545454557
SNGS,1,2025-06-08 14:00:00+00:00,2025-06-09 09:00:00+00:00,22.035,21.81465,34416.77840936528,-7583.737122503633,-0.006999999999999994,19,v3_long,sl,False,A,True,0.004084411164057175,0.0050004622276008555,-0.00046516904923984834,0.11111111111112866,0.8888888888888713
SNGS,-1,2025-06-09 14:00:00+00:00,2025-06-09 23:00:00+00:00,21.99,22.209899999999998,34245.79792017333,-7530.650962646085,-0.006999999999999972,9,v3_short,sl,False,A,True,0.01523419736243735,0.003938153706230084,-0.0001432469304229217,0.6268656716417881,0.373134328358212
SNGS,1,2025-06-10 17:00:00+00:00,2025-06-13 06:00:00+00:00,21.94,22.269099999999998,34083.575232030955,11216.90460886128,0.010499999999999898,61,v3_long,gap_tp,False,A,True,0.02825244930508077,0.005702962640761682,8.202323991797662e-05,0.14516129032258102,0.854838709677419
SNGS,-1,2025-06-13 10:00:00+00:00,2025-06-13 13:00:00+00:00,22.175,22.39675,34076.4587967063,-7556.454738169626,-0.0070000000000000045,3,v3_short,sl,False,A,True,0.013297272932161288,0.005589362181654273,0.00018931710615280352,0.2372881355932228,0.7627118644067772
SNGS,1,2025-06-20 13:00:00+00:00,2025-06-20 17:00:00+00:00,22.4,22.176,33498.03372768944,-7503.559555002442,-0.007000000000000008,4,v3_long,sl,False,A,True,0.010704727921498592,0.004821949514188582,-0.00011373773416592758,0.3333333333333284,0.6666666666666716
SNGS,-1,2025-06-30 15:00:00+00:00,2025-07-01 11:00:00+00:00,22.61,22.8361,32954.59813408853,-7451.034638117379,-0.006999999999999965,20,v3_short,sl,False,A,True,0.012389380530973501,0.003283185840707965,3.5398230088494816e-05,0.39285714285713924,0.6071428571428608
SNGS,1,2025-07-02 08:00:00+00:00,2025-07-02 11:00:00+00:00,22.645,22.41855,32673.338024511348,-7398.877395650588,-0.006999999999999994,3,v3_long,sl,False,A,True,0.01413427561837457,0.004254230983819978,7.067137809187442e-05,0.23437499999999759,0.7656250000000024
SNGS,-1,2025-07-04 15:00:00+00:00,2025-07-05 13:00:00+00:00,22.515,22.31,32631.957601070575,6689.551308219528,0.006373528758605431,22,v3_short,opposite_signal,False,A,True,0.01865837405597504,0.004278800065467987,-0.0001976899155930667,0.8571428571428595,0.14285714285714043
SNGS,1,2025-07-05 15:00:00+00:00,2025-07-07 15:00:00+00:00,22.31,22.265,33141.69481415768,-1491.3762666370344,-0.0014119229045270602,48,v3_long,timeout,False,A,True,0.006042972247090491,0.003849597135183538,-0.00024619516562220106,0.6666666666666579,0.3333333333333421
SNGS,-1,2025-07-10 11:00:00+00:00,2025-07-10 16:00:00+00:00,21.98,22.1998,33591.776520346306,-7383.4724791720955,-0.006999999999999979,5,v3_short,sl,False,A,True,0.017507958162801346,0.004799478878605769,-0.00034106412005457026,0.7792207792207779,0.2207792207792221
SNGS,1,2025-07-11 18:00:00+00:00,2025-07-11 22:00:00+00:00,21.83,21.6117,33585.83679256946,-7331.788171817889,-0.006999999999999977,4,v3_long,sl,False,A,True,0.017632241813602085,0.005514330451358166,0.00017174261506755208,0.05194805194805063,0.9480519480519494
SNGS,1,2025-07-13 13:00:00+00:00,2025-07-14 07:00:00+00:00,21.66,21.4434,33612.491480217854,-7280.465654615176,-0.006999999999999989,18,v3_long,sl,False,A,True,0.003924284395198562,0.003650695940631308,-0.00036472760849492114,0.11764705882354662,0.8823529411764534
SNGS,-1,2025-07-14 16:00:00+00:00,2025-07-14 18:00:00+00:00,21.61,21.8261,33454.43033333125,-7229.502395032911,-0.007000000000000029,2,v3_short,sl,False,A,True,0.018741323461360534,0.00376677464136975,-0.00020592318371124492,0.8024691358024651,0.19753086419753488
SNGS,1,2025-07-21 10:00:00+00:00,2025-07-23 10:00:00+00:00,22.61,22.77,31750.976905208543,5080.156304833371,0.004953560371517032,48,v3_long,opposite_signal,False,A,True,0.010393631136665325,0.003557487068053769,0.0002498894294559919,0.3617021276595735,0.6382978723404265
SNGS,-1,2025-07-23 12:00:00+00:00,2025-07-23 16:00:00+00:00,22.71,22.68,31767.75417173705,953.0326251521476,0.0009247027741083573,4,v3_short,opposite_signal,False,A,True,0.007926023778071322,0.003574822127975169,8.146191105240082e-05,0.36111111111111877,0.6388888888888812
SNGS,1,2025-07-23 18:00:00+00:00,2025-07-24 11:00:00+00:00,22.66,22.75,31867.2912655673,2868.056213901052,0.002780229479258601,17,v3_long,opposite_signal,False,A,True,0.009927200529450602,0.003430979832108417,5.7357158614602016e-05,0.2666666666666635,0.7333333333333365
SNGS,-1,2025-07-24 13:00:00+00:00,2025-07-25 13:00:00+00:00,22.745,22.403825,31836.46776994881,10861.806891412278,0.010499999999999992,24,v3_short,tp,False,A,True,0.016270888302550617,0.0035353886034347245,-9.674582233948939e-05,0.7972972972972998,0.20270270270270024
SNGS,-1,2025-07-25 16:00:00+00:00,2025-07-26 18:00:00+00:00,22.505,22.39,32513.829115817567,3739.0903483189695,0.003576982892690465,26,v3_short,opposite_signal,False,A,True,0.017325633051976923,0.004056676564801611,-0.00015548645046645999,0.3589743589743599,0.6410256410256401
SNGS,1,2025-07-27 11:00:00+00:00,2025-07-28 09:00:00+00:00,22.375,22.15125,32819.71340761107,-7343.410874952943,-0.006999999999999969,22,v3_long,sl,False,A,True,0.003802281368821331,0.0037525783443922694,-0.0002885260568105551,0.5882352941176495,0.4117647058823505
SNGS,1,2025-07-29 18:00:00+00:00,2025-07-29 20:00:00+00:00,22.065,21.844350000000002,33047.844998088854,-7292.006998828277,-0.006999999999999972,2,v3_long,sl,False,A,True,0.007931112621799262,0.003852254702016773,-0.00034670292318150943,1.0,0.0
SNGS,-1,2025-07-31 16:00:00+00:00,2025-08-01 07:00:00+00:00,21.96,22.1796,32973.41962584931,-7240.962949836502,-0.006999999999999994,15,v3_short,sl,False,A,True,0.01207289293849661,0.003914398753147093,-9.111617312073022e-05,0.9056603773584961,0.09433962264150388
SNGS,1,2025-08-01 20:00:00+00:00,2025-08-04 06:00:00+00:00,21.76,21.83,33043.54875545796,2313.048412881949,0.002251838235294012,58,v3_long,timeout,False,A,True,0.02388608176389525,0.0038379711336218284,0.00013550757923748354,0.009615384615389543,0.9903846153846104
SNGS,1,2025-08-20 13:00:00+00:00,2025-08-20 15:00:00+00:00,23.54,23.3046,30613.71090942152,-7206.46754807778,-0.006999999999999955,2,v3_long,sl,False,A,True,0.013803355277128872,0.0053704552313039965,0.00015077511148863442,0.6615384615384625,0.3384615384615374
SNGS,-1,2025-08-23 16:00:00+00:00,2025-08-24 13:00:00+00:00,23.125,23.015,30944.961190232567,3403.945730925565,0.003329729729729713,21,v3_short,opposite_signal,False,A,True,0.0071335927367055406,0.004792786115743344,-0.00011889321227842569,0.787878787878786,0.21212121212121407
SNGS,1,2025-08-24 15:00:00+00:00,2025-08-25 11:00:00+00:00,22.995,22.765050000000002,31223.52639859865,-7179.849895357721,-0.006999999999999962,20,v3_long,sl,False,A,True,0.0073929115025004625,0.0029797137864108966,0.00012393998695368408,0.0,1.0
SNGS,1,2025-08-26 20:00:00+00:00,2025-08-27 11:00:00+00:00,22.865,23.055,31181.24183726331,5924.435949080069,0.0058167504920184085,15,v3_long,opposite_signal,False,A,True,0.017486338797814145,0.0037025997681735217,-2.404371584699441e-05,0.03749999999999267,0.9625000000000073
SNGS,-1,2025-08-27 13:00:00+00:00,2025-08-28 09:00:00+00:00,23.05,23.2805,31110.898037890744,-7171.061997733794,-0.0069999999999999785,20,v3_short,sl,False,A,True,0.010635988712828193,0.0034672637748049064,2.8217929238114926e-05,0.8163265306122505,0.18367346938774948
SNGS,-1,2025-09-04 08:00:00+00:00,2025-09-04 17:00:00+00:00,22.645,22.485,31445.63728747926,5031.301965996687,0.004945904173106651,9,v3_short,opposite_signal,False,A,True,0.013259668508287168,0.004240704793190978,-0.0002850828729281782,0.8666666666666683,0.13333333333333175
SNGS,-1,2025-09-05 12:00:00+00:00,2025-09-07 12:00:00+00:00,22.71,22.695,31510.716325458634,472.6607448818974,0.00046235138705417864,48,v3_short,timeout,False,A,True,0.014090708938793495,0.003922454749820375,8.36635843240853e-05,0.8906249999999997,0.10937500000000035
SNGS,1,2025-09-10 15:00:00+00:00,2025-09-12 13:00:00+00:00,22.955,22.72545,31188.814213573645,-7159.392302725821,-0.0069999999999999915,46,v3_long,sl,False,A,True,0.019381533101045307,0.004418439391160829,0.0003418989547038313,0.0,1.0
SNGS,1,2025-09-17 11:00:00+00:00,2025-09-17 14:00:00+00:00,22.005,22.335074999999996,32307.550813936603,10663.914834910034,0.010499999999999912,3,v3_long,tp,False,A,True,0.015451033855941826,0.004544421722335823,-0.00027948193592365465,0.3088235294117661,0.691176470588234
SNGS,1,2025-09-25 17:00:00+00:00,2025-09-26 20:00:00+00:00,21.48,21.6,33444.71117528454,4013.3653410341776,0.003910614525139697,27,v3_long,opposite_signal,False,A,True,0.014202561117578566,0.005765578089577833,-0.0002980209545983704,0.11475409836065631,0.8852459016393437
SNGS,-1,2025-09-26 22:00:00+00:00,2025-09-28 12:00:00+00:00,21.525,21.475,33505.307864521994,1675.2653932260046,0.0016260162601625095,38,v3_short,opposite_signal,False,A,True,0.013243494423791828,0.004402269614556831,2.091078066914247e-05,0.6842105263157902,0.31578947368420984
SNGS,1,2025-10-03 20:00:00+00:00,2025-10-04 10:00:00+00:00,20.715,20.50785,34872.04622539677,-7223.744375590893,-0.006999999999999953,14,v3_long,sl,False,A,True,0.021954161640530677,0.006018665481556719,-0.00018094089264173702,0.0989010989010952,0.9010989010989048
SNGS,1,2025-10-08 14:00:00+00:00,2025-10-08 16:00:00+00:00,20.85,20.6415,34403.73220605181,-7173.178164961831,-0.007000000000000026,2,v3_long,sl,False,A,True,0.02326139088729014,0.006708317556481123,0.00025659472422062186,0.1237113402061904,0.8762886597938097
SNGS,1,2025-10-12 14:00:00+00:00,2025-10-13 11:00:00+00:00,20.15,19.9485,35349.70678812443,-7122.96591780705,-0.006999999999999979,21,v3_long,sl,False,A,True,0.007938476804763093,0.005356634232843615,-0.0004713470602828026,0.6249999999999861,0.3750000000000139
SNGS,1,2025-10-13 13:00:00+00:00,2025-10-13 15:00:00+00:00,20.04,20.3406,35294.935910091925,10609.657734573608,0.010499999999999976,2,v3_long,tp,False,A,True,0.02369077306733174,0.004329177057356605,-4.488778054862658e-05,0.199999999999997,0.800000000000003
SNGS,1,2025-10-13 18:00:00+00:00,2025-10-14 16:00:00+00:00,20.02,19.8198,35701.162639982205,-7147.372760524396,-0.00699999999999996,22,v3_long,sl,False,A,True,0.027972027972028086,0.0059040959040958865,4.9950049950075505e-06,0.2857142857142848,0.7142857142857152
SNGS,-1,2025-10-16 17:00:00+00:00,2025-10-16 17:00:00+00:00,19.91,20.1091,35647.11778604102,-7097.341151200816,-0.00700000000000005,0,v3_short,sl,False,A,True,0.01607636272293395,0.005334549637091967,-0.0002788244159758853,0.8125000000000041,0.18749999999999584
SNGS,-1,2025-10-20 11:00:00+00:00,2025-10-21 07:00:00+00:00,20.925,20.611125,33680.572344766355,10571.489644713522,0.010499999999999982,20,v3_short,tp,False,A,True,0.012909395170929934,0.003452067893856084,8.128137700215238e-05,0.7962962962962971,0.20370370370370297
SNGS,1,2025-10-30 11:00:00+00:00,2025-10-30 12:00:00+00:00,19.84,19.985,35895.464670641915,5204.842377243062,0.0051159274193548245,1,v3_long,opposite_signal,False,A,True,0.014627994955863767,0.004918032786885239,0.00012862547288776928,0.39655172413792683,0.6034482758620732
SNGS,-1,2025-10-30 14:00:00+00:00,2025-10-31 13:00:00+00:00,19.955,19.86,35871.18059281412,3407.7621563173007,0.003332498120771697,23,v3_short,opposite_signal,False,A,True,0.01378791677112051,0.004710321806019175,9.526197041865371e-05,0.8363636363636293,0.16363636363637069
SNGS,1,2025-10-31 15:00:00+00:00,2025-10-31 20:00:00+00:00,19.835,19.63665,36208.461922814604,-7181.9484223903255,-0.007000000000000047,5,v3_long,sl,False,A,True,0.01386438114444175,0.004172581693709935,7.31031005797812e-05,0.09090909090909796,0.9090909090909021
PIKK,1,2022-08-19 11:00:00+00:00,2022-08-22 09:00:00+00:00,717.0,725.0,976.2900976290098,7810.320781032078,0.007810320781032078,70,v3_long,timeout,False,A,True,0.01226139055315585,0.005364358367005694,-6.130695276577768e-05,0.20454545454545042,0.7954545454545495
PIKK,1,2022-12-30 14:00:00+00:00,2023-01-03 09:00:00+00:00,600.1,603.2,1175.5827771150182,3644.306609056583,0.003616063989335137,91,v3_long,timeout,False,A,True,0.008831861356440707,0.003405682386268972,0.0001283119480086622,0.03773584905661187,0.9622641509433881
PIKK,1,2023-01-26 20:00:00+00:00,2023-01-30 09:00:00+00:00,609.7,612.6,1161.2567478646251,3367.6445688073863,0.0033295063145809146,85,v3_long,timeout,False,A,True,0.016729539117598894,0.0032905527308512636,0.0002247006724618635,0.02941176470588891,0.9705882352941111
PIKK,1,2023-02-02 22:00:00+00:00,2023-02-03 12:00:00+00:00,617.7,611.523,1150.0333339343163,-7103.755903712296,-0.0070000000000000236,14,v3_long,sl,False,A,True,0.01505829015544034,0.0052825453367875575,0.00026392487046632046,0.17204301075269146,0.8279569892473085
PIKK,1,2023-02-09 17:00:00+00:00,2023-02-10 10:00:00+00:00,623.3,627.4,1131.7230246087418,4640.064400895867,0.004604524306112653,17,v3_long,opposite_signal,False,A,True,0.012193165409915005,0.003920664206642069,0.0001026792876624433,0.1184210526315756,0.8815789473684243
PIKK,-1,2023-02-10 12:00:00+00:00,2023-02-10 14:00:00+00:00,625.5,631.755,1132.9352619012882,-7086.5100631925525,-0.006999999999999996,2,v3_short,sl,False,A,True,0.01485623003194881,0.004687499999999993,8.14696485623025e-05,0.5376344086021532,0.46236559139784683
PIKK,1,2023-03-10 15:00:00+00:00,2023-03-13 09:00:00+00:00,621.6,623.1,1132.0631423343323,1698.0947135014985,0.0016891891891891895,66,v3_long,timeout,False,A,True,0.028635778635778562,0.0038227002512716602,3.700128700128992e-05,0.39325842696629315,0.6067415730337069
PIKK,-1,2023-03-17 11:00:00+00:00,2023-03-17 13:00:00+00:00,618.0,624.18,1140.581093162576,-7048.791155744663,-0.006999999999999944,2,v3_short,sl,False,A,True,0.027022653721682922,0.0040756472491909395,-0.00014563106796116503,0.7245508982035922,0.2754491017964078
PIKK,1,2023-03-24 21:00:00+00:00,2023-03-27 09:00:00+00:00,642.5,644.8,1089.408500802258,2505.639551845144,0.002505836575875437,60,v3_long,timeout,False,A,True,0.013696498054474638,0.0039007782101167284,0.00012607003891050442,0.28409090909091056,0.7159090909090895
PIKK,1,2023-03-31 11:00:00+00:00,2023-03-31 12:00:00+00:00,655.7,649.143,1070.1523706752207,-7016.989094517439,-0.007000000000000017,1,v3_long,sl,False,A,True,0.013575350823672935,0.005228988712629643,0.00043471629042098834,0.011235955056182358,0.9887640449438176
PIKK,-1,2023-04-06 17:00:00+00:00,2023-04-07 15:00:00+00:00,655.7,653.5,1062.6613040804941,2337.8548689771355,0.002348635046515223,22,v3_short,opposite_signal,False,A,True,0.01799603477199932,0.0054521885008387855,-0.00018606069849016387,0.4745762711864444,0.5254237288135556
PIKK,-1,2023-04-07 20:00:00+00:00,2023-04-10 09:00:00+00:00,656.3,662.0,1064.1833239278747,-6065.844946388934,-0.006079536797196453,61,v3_short,timeout,False,A,True,0.013869836915104438,0.004343850022862344,0.00014327084285932162,0.6373626373626308,0.36263736263736923
PIKK,-1,2023-04-21 11:00:00+00:00,2023-04-21 13:00:00+00:00,662.7,659.3,1047.4987536311933,3561.4957623461523,0.003591368643428495,2,v3_short,opposite_signal,False,A,True,0.011626151290955658,0.005902725351049369,0.00012079118224369622,0.7922077922078021,0.20779220779219781
PIKK,-1,2023-04-21 15:00:00+00:00,2023-04-21 22:00:00+00:00,660.3,658.2,1055.0817371876938,2215.671648094061,0.002226260790549654,7,v3_short,opposite_signal,False,A,True,0.011809235427706214,0.005762679788039362,-5.7532172596517106e-05,0.48717948717948417,0.5128205128205158
PIKK,-1,2023-05-25 18:00:00+00:00,2023-05-26 10:00:00+00:00,679.8,686.598,1027.09832482892,-6982.214412187001,-0.007000000000000001,16,v3_short,sl,False,A,True,0.012209473374521853,0.004059098264195323,-0.00015151515151515086,0.6867469879518028,0.3132530120481972
PIKK,1,2023-06-09 19:00:00+00:00,2023-06-13 09:00:00+00:00,708.0,712.0,979.2851569635156,3917.1406278540626,0.0039548022598870055,86,v3_long,timeout,False,A,True,0.017796610169491398,0.004405014124293794,5.225988700564715e-05,0.06349206349206034,0.9365079365079396
PIKK,-1,2023-06-23 20:00:00+00:00,2023-06-23 21:00:00+00:00,774.8,763.178,898.3942818400451,10441.138343544966,0.010499999999999962,1,v3_short,tp,False,A,True,0.01665160707370592,0.0053730476313411475,-4.6469601135925345e-05,0.8294573643410814,0.17054263565891856
PIKK,1,2023-06-30 11:00:00+00:00,2023-06-30 16:00:00+00:00,748.1,749.9,940.2281598852403,1692.4106877933898,0.0016842668092500576,5,v3_long,opposite_signal,False,A,True,0.017647058823529474,0.00456634358288768,0.00021256684491978428,0.4772727272727308,0.5227272727272692
PIKK,-1,2023-07-06 20:00:00+00:00,2023-07-07 10:00:00+00:00,755.3,762.853,932.8338062910152,-7045.693738916036,-0.006999999999999998,14,v3_short,sl,False,A,True,0.014166556335231095,0.004923540315106594,-0.0002661194227459306,0.6542056074766327,0.34579439252336724
PIKK,1,2023-07-13 20:00:00+00:00,2023-07-14 19:00:00+00:00,773.1,773.6,904.9765725965107,452.48828629825533,0.0004527228042943991,23,v3_long,opposite_signal,False,A,True,0.011906302575384924,0.005027015659376211,0.00034812993399767166,0.27173913043478465,0.7282608695652154
PIKK,1,2023-07-14 21:00:00+00:00,2023-07-17 09:00:00+00:00,772.1,771.8,906.5589043838509,-271.9676713152171,-0.0002719854941070428,60,v3_long,timeout,False,A,True,0.00867875647668385,0.003910297927461127,-0.00013989637305699424,0.4477611940298553,0.5522388059701447
PIKK,1,2023-07-28 12:00:00+00:00,2023-07-28 18:00:00+00:00,780.5,772.6949999999999,896.5582994296611,-6997.637527048562,-0.0070000000000000565,6,v3_long,sl,False,A,True,0.020512820512820513,0.004523237179487165,0.00017051282051281993,0.46875,0.53125
PIKK,1,2023-07-28 20:00:00+00:00,2023-07-31 09:00:00+00:00,776.5,777.5,894.868520844709,894.868520844709,0.000901481004507405,61,v3_long,timeout,False,A,True,0.02292927991755759,0.004190551333247443,0.00018549529820945335,0.2977528089887623,0.7022471910112378
PIKK,1,2023-09-29 11:00:00+00:00,2023-09-29 12:00:00+00:00,751.6,757.9,925.3483427361733,5829.69455923785,0.005867482703565684,1,v3_long,opposite_signal,False,A,True,0.01091005854177745,0.004457158062799359,4.922831293240843e-05,0.17073170731707182,0.8292682926829282
PIKK,1,2023-09-29 20:00:00+00:00,2023-09-29 20:00:00+00:00,753.8,746.262,928.0612902520223,-6995.726005919754,-0.0070000000000000106,0,v3_long,sl,False,A,True,0.015384615384615264,0.004326923076923067,7.824933687002774e-05,0.31034482758620147,0.6896551724137985
PIKK,1,2023-10-19 17:00:00+00:00,2023-10-20 11:00:00+00:00,764.1,756.4590000000001,909.1422489043719,-6946.7559238782715,-0.006999999999999966,18,v3_long,sl,False,A,True,0.015050386075121058,0.006711327051433068,0.00019369192514068778,0.13043478260869565,0.8695652173913043
PIKK,1,2023-11-09 17:00:00+00:00,2023-11-10 10:00:00+00:00,731.9,724.581,942.496055801497,-6898.128632411119,-0.006999999999999961,17,v3_long,sl,False,A,True,0.017625358655554008,0.005051065719360562,5.6018581773468184e-05,0.45736434108527035,0.5426356589147296
PIKK,1,2023-11-16 17:00:00+00:00,2023-11-17 10:00:00+00:00,706.1,699.039,970.0951326985241,-6849.841731984314,-0.007000000000000035,17,v3_long,sl,False,A,True,0.01401472253680631,0.005866010758776888,4.6715741789350616e-05,0.404040404040405,0.595959595959595
PIKK,-1,2023-11-17 23:00:00+00:00,2023-11-20 09:00:00+00:00,707.2,703.7,961.8061142336522,3366.321399817783,0.003464366515837104,58,v3_short,timeout,False,A,True,0.02220336586055727,0.005290093338990249,-0.00013859425823787235,0.8853503184713408,0.11464968152865919
PIKK,1,2023-11-23 17:00:00+00:00,2023-11-24 10:00:00+00:00,703.1,705.0,970.7661911049798,1844.4557630994395,0.0018916228132555594,17,v3_long,opposite_signal,False,A,True,0.01649836438628932,0.004551272934148768,0.00018347319015787357,0.14655172413793466,0.8534482758620653
PIKK,1,2023-11-24 20:00:00+00:00,2023-11-27 09:00:00+00:00,703.0,705.1,972.7408648649802,2042.7558162164805,0.0020910384068279033,61,v3_long,timeout,False,A,True,0.018634423897581662,0.004676386913229015,-0.00020768136557610114,0.36641221374045707,0.6335877862595429
PIKK,-1,2023-12-22 23:00:00+00:00,2023-12-25 09:00:00+00:00,674.0,675.2,1016.7162567825409,-1220.0595081390952,-0.0012462908011869908,58,v3_short,timeout,False,A,True,0.014537902388369611,0.0050437620531078396,-0.00012461059190031288,0.8571428571428588,0.1428571428571412
PIKK,-1,2024-01-11 18:00:00+00:00,2024-01-12 10:00:00+00:00,706.6,713.666,968.5999369031065,-6844.127154157381,-0.00700000000000003,16,v3_short,sl,False,A,True,0.022913719943422818,0.003955975954738306,-0.0001485148514851485,0.9567901234567942,0.04320987654320585
PIKK,1,2024-01-18 17:00:00+00:00,2024-01-22 09:00:00+00:00,709.3,704.3,958.1585033241577,-4790.792516620788,-0.004934442408007895,88,v3_long,timeout,False,A,True,0.0139574228112223,0.005661391512759058,0.0003214436768645169,0.2121212121212034,0.7878787878787966
PIKK,1,2024-02-01 17:00:00+00:00,2024-02-02 12:00:00+00:00,728.7,737.7,928.0475801374919,8352.428221237427,0.008645533141210374,19,v3_long,opposite_signal,False,A,True,0.016600356701879575,0.004887501714912902,0.00021813691864453413,0.024793388429757656,0.9752066115702424
PIKK,-1,2024-02-02 14:00:00+00:00,2024-02-02 15:00:00+00:00,736.0,743.36,926.7866459253486,-6821.1497140105785,-0.007000000000000013,1,v3_short,sl,False,A,True,0.019567876070118194,0.004573481451284158,2.7177605652941977e-05,0.8680555555555569,0.1319444444444431
PIKK,-1,2024-04-04 17:00:00+00:00,2024-04-05 11:00:00+00:00,872.0,859.8,776.76624610235,9476.548202448705,0.009793577981651412,18,v3_short,opposite_signal,False,A,True,0.020298165137614732,0.005285980504587156,-0.00015366972477064324,0.9435028248587572,0.05649717514124279
PIKK,1,2024-04-05 13:00:00+00:00,2024-04-05 18:00:00+00:00,859.3,868.0,795.9661938123628,6924.905886167592,0.007087163970673841,5,v3_long,opposite_signal,False,A,True,0.020127981384525834,0.005330133798720183,-5.468295520651595e-05,0.017341040462425163,0.9826589595375749
PIKK,1,2024-04-05 20:00:00+00:00,2024-04-05 23:00:00+00:00,865.3,868.9,796.0489823914025,2865.776336609067,0.0029122847567317877,3,v3_long,opposite_signal,False,A,True,0.01999537679149324,0.005930709662505772,-9.015256588072069e-05,0.38150289017340616,0.6184971098265939
PIKK,1,2024-04-11 18:00:00+00:00,2024-04-11 18:00:00+00:00,877.9,882.0,786.9087913189509,3226.3260444077164,0.0032691650529673264,0,v3_long,opposite_signal,False,A,True,0.013441166419865537,0.004413942362455849,-0.00018225310399817488,0.31355932203389375,0.6864406779661063
PIKK,-1,2024-04-11 20:00:00+00:00,2024-04-12 10:00:00+00:00,880.2,876.0,787.4183777891301,3307.157186714382,0.003340149965916873,14,v3_short,opposite_signal,False,A,True,0.013407567321895186,0.004093995000568108,-0.00018179752300874643,0.5084745762711884,0.4915254237288116
PIKK,1,2024-04-12 12:00:00+00:00,2024-04-12 12:00:00+00:00,876.5,879.3,793.3835324137962,2221.4738907585934,0.002236166571591521,0,v3_long,opposite_signal,False,A,True,0.01129750085587125,0.0036303206664384208,-3.423485107841857e-06,0.24242424242424068,0.7575757575757593
PIKK,-1,2024-04-12 15:00:00+00:00,2024-04-12 19:00:00+00:00,882.9,881.6,789.3937001746781,1026.2118102270456,0.0010306943028655204,4,v3_short,opposite_signal,False,A,True,0.011213047910295591,0.003589024804621118,2.831577755125156e-05,0.8888888888888863,0.11111111111111366
PIKK,-1,2024-04-12 21:00:00+00:00,2024-04-15 09:00:00+00:00,879.2,883.6,793.5328095443384,-3491.544361995071,-0.0035031847133757785,60,v3_short,timeout,False,A,True,0.010122838944494969,0.0037960646041856096,8.98544131028192e-05,0.5730337078651726,0.42696629213482745
PIKK,-1,2024-04-19 13:00:00+00:00,2024-04-22 09:00:00+00:00,866.6,871.1,802.2501328155847,-3610.1255976701314,-0.0036348949919224557,68,v3_short,timeout,False,A,True,0.016383985231337175,0.0054048401984539,-0.0002965270566516651,0.4225352112676077,0.5774647887323924
PIKK,1,2024-04-25 17:00:00+00:00,2024-04-25 18:00:00+00:00,855.9,862.4,809.3268806865484,5260.624724462565,0.005316041593644118,1,v3_long,opposite_signal,False,A,True,0.018936294564582037,0.005917592051431903,-0.00017533606078316773,0.3209876543209848,0.6790123456790153
PIKK,-1,2024-04-25 20:00:00+00:00,2024-04-26 10:00:00+00:00,860.9,853.8,808.9038384095022,5743.2172527074845,0.005773028226274847,14,v3_short,opposite_signal,False,A,True,0.018817516552445037,0.005833284934371001,-0.00013358113602044374,0.6296296296296281,0.3703703703703719
PIKK,-1,2024-04-27 11:00:00+00:00,2024-04-27 18:00:00+00:00,859.8,848.4,814.6145226373991,9286.60555806633,0.009281228192602914,7,v3_short,opposite_signal,False,A,True,0.022095592510757066,0.005095069194092325,-0.00015932085126177517,0.989473684210524,0.010526315789476078
PIKK,1,2024-04-27 20:00:00+00:00,2024-04-27 23:00:00+00:00,850.9,857.4,830.7746979131297,5400.035536435343,0.00534727935127512,3,v3_long,opposite_signal,False,A,True,0.01667449506810701,0.004869510333489903,-9.394081728511038e-05,0.22535211267605262,0.7746478873239474
PIKK,-1,2024-04-30 15:00:00+00:00,2024-05-02 15:00:00+00:00,855.9,845.5,830.3379078511355,8635.51424165179,0.00850566654983057,48,v3_short,timeout,False,A,True,0.016487371375116824,0.0038030647244865928,-8.185219831618336e-05,0.9361702127659587,0.06382978723404135
PIKK,-1,2024-06-07 11:00:00+00:00,2024-06-07 11:00:00+00:00,836.0,844.36,857.3338221279224,-7167.310752989443,-0.007000000000000013,0,v3_short,sl,False,A,True,0.015924329501915652,0.006480483716475089,-0.0002490421455938692,0.6015037593984983,0.3984962406015017
PIKK,1,2024-06-14 16:00:00+00:00,2024-06-14 16:00:00+00:00,846.9,859.6034999999999,840.3754372084667,10675.709366577725,0.01049999999999997,0,v3_long,tp,False,A,True,0.02257149610021274,0.010544466169613886,0.0006239659654927907,0.20418848167539125,0.7958115183246087
PIKK,-1,2024-06-14 18:00:00+00:00,2024-06-14 18:00:00+00:00,857.3,865.8729999999999,838.8976488142479,-7191.86954328453,-0.006999999999999983,0,v3_short,sl,False,A,True,0.02227924880438589,0.010522376453205796,0.0006158870873673155,0.7486910994764365,0.25130890052356347
PIKK,-1,2024-07-18 20:00:00+00:00,2024-07-19 11:00:00+00:00,869.3,863.0,821.5261079583063,5175.614480137292,0.005073047279420187,15,v3_short,opposite_signal,False,A,True,0.0234671574830323,0.006222679167145968,4.71643851374685e-05,0.9852941176470554,0.014705882352944536
PIKK,-1,2024-07-26 11:00:00+00:00,2024-07-26 12:00:00+00:00,847.9,856.379,846.5332890485337,-7177.755757842552,-0.007000000000000035,1,v3_short,sl,False,A,True,0.009308353953104722,0.0045437139154000305,-0.0001248969011429234,0.3544303797468307,0.6455696202531693
PIKK,1,2024-07-26 14:00:00+00:00,2024-07-26 14:00:00+00:00,845.9,837.4409999999999,842.5950428582124,-7127.51146753767,-0.0070000000000000505,0,v3_long,sl,False,A,True,0.02316511050703229,0.005481030611038892,-4.6093842335422415e-05,0.17346938775510068,0.8265306122448993
PIKK,-1,2024-10-18 22:00:00+00:00,2024-10-21 09:00:00+00:00,641.6,638.0,1103.120150758238,3971.232542729682,0.003927680798005013,59,v3_short,timeout,False,A,True,0.019638403990024794,0.00510929706982543,-0.0004519950124688279,0.7857142857142896,0.21428571428571042
PIKK,-1,2025-03-16 14:00:00+00:00,2025-03-16 16:00:00+00:00,621.0,627.21,1144.189615952329,-7105.417515064004,-0.007000000000000041,2,v3_short,sl,False,A,True,0.00998389694041857,0.005439255680801577,0.0002705314009661865,0.7903225806451664,0.2096774193548337
PIKK,1,2025-04-14 08:00:00+00:00,2025-04-14 09:00:00+00:00,439.8,435.402,1604.292767725901,-7055.679592458552,-0.0070000000000000374,1,v3_long,sl,False,A,True,0.020909090909090884,0.004710743801652895,0.0003772727272727304,0.4565217391304341,0.5434782608695659
PIKK,1,2025-04-28 08:00:00+00:00,2025-04-28 09:00:00+00:00,513.0,507.87,1365.7485059086364,-7006.289835311299,-0.006999999999999994,1,v3_long,sl,False,A,True,0.013065522620904926,0.005123386753651981,0.0001833073322932913,0.10447761194030458,0.8955223880596954
PIKK,1,2025-05-19 18:00:00+00:00,2025-05-19 20:00:00+00:00,492.7,487.77299999999997,1412.0653148902225,-6957.245806464156,-0.007000000000000031,2,v3_long,sl,False,A,True,0.02252892226507007,0.005577430485082204,0.0004789933022123001,0.3423423423423427,0.6576576576576574
PIKK,1,2025-06-01 13:00:00+00:00,2025-06-01 13:00:00+00:00,532.8,527.472,1296.6488524434828,-6908.545085818843,-0.006999999999999966,0,v3_long,sl,False,A,True,0.01876876876876877,0.005769658547436326,0.0003322072072072081,0.2799999999999955,0.7200000000000045
PIKK,1,2025-06-15 14:00:00+00:00,2025-06-15 17:00:00+00:00,537.7,542.6,1275.8388079260076,6251.610158837409,0.006379021759345329,3,v3_long,opposite_signal,False,A,True,0.01301841175376604,0.005207364701506394,-0.00048540078110470347,0.5714285714285714,0.42857142857142855
PIKK,1,2025-06-17 08:00:00+00:00,2025-06-17 10:00:00+00:00,542.7,550.8405,1272.147879367976,10355.919811994976,0.010499999999999966,2,v3_long,tp,False,A,True,0.022480191634420364,0.006559793624470231,0.00014372581536760556,0.5737704918032819,0.4262295081967181
PIKK,1,2025-06-27 16:00:00+00:00,2025-06-27 17:00:00+00:00,551.9,555.0,1264.0764595060648,3918.6370244688296,0.003931871715890589,1,v3_long,opposite_signal,False,A,True,0.013045841637977772,0.006027026253802642,-4.892190614242205e-05,0.5833333333333294,0.4166666666666706
PIKK,-1,2025-06-29 17:00:00+00:00,2025-06-29 17:00:00+00:00,562.5,561.5,1245.1321669662673,1245.1321669662673,0.0012444444444444445,0,v3_short,opposite_signal,False,A,True,0.004977777777777697,0.004082304526748956,0.0004160000000000016,0.3214285714285685,0.6785714285714315
PIKK,-1,2025-06-30 10:00:00+00:00,2025-06-30 10:00:00+00:00,564.5,570.145,1242.2647235348124,-7012.584364353994,-0.006999999999999978,0,v3_short,sl,False,A,True,0.015060240963855422,0.0036912355303567127,0.00017717930545712261,0.8470588235294171,0.1529411764705829
PIKK,-1,2025-07-06 11:00:00+00:00,2025-07-07 10:00:00+00:00,628.6,619.171,1107.7785990778775,10445.244410705278,0.010499999999999971,23,v3_short,tp,False,A,True,0.0057279236276850005,0.00627007277763046,0.00011933174224343674,0.444444444444448,0.555555555555552
PIKK,1,2025-07-13 11:00:00+00:00,2025-07-13 11:00:00+00:00,618.3,612.117,1138.0580599512332,-7036.612984678466,-0.006999999999999991,0,v3_long,sl,False,A,True,0.005660682516577713,0.006289647240641898,-0.00041565583050298915,0.17142857142854545,0.8285714285714546
PIKK,1,2025-07-17 23:00:00+00:00,2025-07-18 07:00:00+00:00,651.0,660.765,1073.326681073076,10481.035040678573,0.010499999999999983,8,v3_long,tp,False,A,True,0.017204301075268887,0.0067143665615652,-4.1474654377880885e-05,0.2678571428571418,0.7321428571428582
PIKK,1,2025-07-22 23:00:00+00:00,2025-07-23 10:00:00+00:00,655.0,659.6,1077.973120468775,4958.67635415639,0.004916030534351169,11,v3_long,opposite_signal,False,A,True,0.01817071308596729,0.0061078027179722,-0.00029012062910367995,0.3277310924369735,0.6722689075630265
PIKK,-1,2025-07-23 12:00:00+00:00,2025-07-23 21:00:00+00:00,657.8,656.0,1078.661397620792,1941.5905157173765,0.0019154758285192582,9,v3_short,opposite_signal,False,A,True,0.014296577946768026,0.005867520512307381,-0.00024942965779467475,0.5957446808510556,0.4042553191489444
PIKK,1,2025-07-23 23:00:00+00:00,2025-07-24 07:00:00+00:00,655.2,648.648,1085.0161488338815,-7109.0258071596145,-0.007000000000000022,8,v3_long,sl,False,A,True,0.016486032666768364,0.005334661642658014,-8.090367882765921e-05,0.2962962962963018,0.7037037037036983
PIKK,1,2025-07-24 09:00:00+00:00,2025-07-24 11:00:00+00:00,653.4,646.866,1080.3891378190199,-7059.262626509467,-0.006999999999999992,2,v3_long,sl,False,A,True,0.02511100903383858,0.005487996518627761,-4.899709079773806e-05,0.42682926829268353,0.5731707317073165
PIKK,1,2025-08-01 15:00:00+00:00,2025-08-04 06:00:00+00:00,609.7,613.0,1149.7208115669853,3794.078678170999,0.0037887485648679157,63,v3_long,timeout,False,A,True,0.02296211251435132,0.006642611120223064,4.756437592258637e-05,0.014285714285717534,0.9857142857142824
PIKK,-1,2025-08-15 23:00:00+00:00,2025-08-16 09:00:00+00:00,638.3,628.7254999999999,1102.366651867634,10554.609508306723,0.010500000000000063,10,v3_short,gap_tp,False,A,True,0.02255992480025063,0.005508051815265867,-0.0003979320068933118,0.743055555555552,0.25694444444444803
PIKK,1,2025-08-17 17:00:00+00:00,2025-08-18 10:00:00+00:00,629.8,639.2469999999998,1128.9756439233493,10665.432908143755,0.010499999999999877,17,v3_long,tp,False,A,True,0.008415369958716981,0.004722251626030581,-0.00011273420133375893,0.15094339622640782,0.8490566037735922
PIKK,-1,2025-08-24 11:00:00+00:00,2025-08-25 08:00:00+00:00,657.7,664.277,1092.4352494733555,-7184.9466357862575,-0.006999999999999998,21,v3_short,sl,False,A,True,0.007754295271400369,0.004240366259523921,0.00038467386346358105,0.27450980392158525,0.7254901960784148
PIKK,1,2025-08-26 22:00:00+00:00,2025-08-27 20:00:00+00:00,666.0,672.7,1071.269070470834,7177.502772154638,0.0070420420420420895,22,v3_long,opposite_signal,False,A,True,0.02132132132132122,0.005847023494082307,0.0003693693693693714,0.16901408450704147,0.8309859154929585
PIKK,-1,2025-08-27 22:00:00+00:00,2025-08-28 12:00:00+00:00,672.2,665.2,1068.8626195687054,7482.038336980938,0.007289497173460279,14,v3_short,opposite_signal,False,A,True,0.017851829812555786,0.004607807826618002,5.950609937519948e-06,0.9333333333333371,0.06666666666666288
PIKK,-1,2025-08-31 11:00:00+00:00,2025-09-01 11:00:00+00:00,660.9,667.509,1095.0626111514157,-7237.268797099747,-0.00700000000000004,24,v3_short,sl,False,A,True,0.004539264639128461,0.0041918147531704655,0.0,0.9666666666666591,0.03333333333334091
PIKK,1,2025-09-02 10:00:00+00:00,2025-09-02 15:00:00+00:00,663.1,656.469,1083.7894609440518,-7186.607915519977,-0.006999999999999971,5,v3_long,sl,False,A,True,0.011612124868043932,0.0032376338410496012,0.00019755692957321876,0.12987012987013102,0.870129870129869
PIKK,1,2025-09-05 09:00:00+00:00,2025-09-05 17:00:00+00:00,658.7,652.113,1083.391780797232,-7136.301660111356,-0.006999999999999989,8,v3_long,sl,False,A,True,0.008653408228328593,0.00486204885220492,0.00015788674662213243,0.42105263157895995,0.57894736842104
PIKK,1,2025-09-07 11:00:00+00:00,2025-09-08 16:00:00+00:00,652.5,645.975,1086.0302756307412,-7086.347548490562,-0.006999999999999975,29,v3_long,sl,False,A,True,0.003215926493108764,0.003079802620384547,-0.00021439509954057845,0.6666666666666486,0.33333333333335136
PIKK,1,2025-09-09 14:00:00+00:00,2025-09-10 07:00:00+00:00,649.4,649.3,1083.5760880275877,-108.35760880278342,-0.00010779180782263001,17,v3_long,opposite_signal,False,A,True,0.011395133969818259,0.003327080475217225,-3.8497074222362605e-05,0.2702702702702711,0.7297297297297289
PLZL,-1,2022-01-13 11:00:00+00:00,2022-01-13 17:00:00+00:00,1235.7,1221.3,566.4805373472525,8157.319737800487,0.008157319737800487,6,v3_short,opposite_signal,False,A,True,0.01856345547197286,0.006332102546613595,8.816630267734075e-05,0.7494553376906323,0.25054466230936767
PLZL,-1,2022-01-14 11:00:00+00:00,2022-01-14 13:00:00+00:00,1228.45,1210.02325,574.4719962688431,10585.651857246952,0.010500000000000046,2,v3_short,tp,False,A,True,0.01953760989905568,0.006899218495604046,-9.239661348095008e-05,0.6520833333333371,0.3479166666666629
PLZL,1,2022-02-03 11:00:00+00:00,2022-02-03 12:00:00+00:00,1218.3,1206.117,585.3402939477413,-7131.200801165328,-0.006999999999999996,1,v3_long,sl,False,A,True,0.024052867052497602,0.008591544123206674,0.00013873496695809666,0.4197952218430025,0.5802047781569974
PLZL,-1,2022-02-04 11:00:00+00:00,2022-02-04 16:00:00+00:00,1220.85,1202.5372499999999,580.0288647710346,10621.923593335794,0.01050000000000003,5,v3_short,tp,False,A,True,0.01778032692859195,0.008242418337055551,-0.00020320373632676621,0.730414746543773,0.2695852534562269
PLZL,-1,2022-05-20 11:00:00+00:00,2022-05-23 09:00:00+00:00,1213.5,1209.2,589.6692097824908,2535.577602064684,0.0024804285125669292,70,v3_short,timeout,False,A,True,0.026328800988875193,0.006365883807169355,-0.00019859909353111136,0.0,1.0
PLZL,1,2022-06-03 11:00:00+00:00,2022-06-03 11:00:00+00:00,1133.45,1122.1155,632.8805773457126,-7173.384903924938,-0.00699999999999996,0,v3_long,sl,False,A,True,0.015351360889320296,0.006005397840061937,-0.00012836913847103732,0.11206896551724341,0.8879310344827566
PLZL,-1,2022-09-02 11:00:00+00:00,2022-09-05 09:00:00+00:00,831.05,837.85,857.1290788276884,-5828.47773602834,-0.00572769388123464,70,v3_short,timeout,False,A,True,0.012273629745502732,0.007219782203236869,0.00015221707478490902,0.5931372549019537,0.4068627450980463
PLZL,1,2022-09-15 19:00:00+00:00,2022-09-16 14:00:00+00:00,810.0,801.9,874.3668969685564,-7082.371865445327,-0.007000000000000021,19,v3_long,sl,False,A,True,0.012592592592592648,0.005086805555555565,-0.000390740740740739,0.24509803921568518,0.7549019607843148
PLZL,1,2022-11-18 14:00:00+00:00,2022-11-21 09:00:00+00:00,655.95,654.65,1072.1541676022848,-1393.8004178830433,-0.0013873008613462115,67,v3_long,timeout,False,A,True,0.01501638844424121,0.006290971110602934,0.000352923241100695,0.48730964467005655,0.5126903553299434
PLZL,-1,2022-12-09 11:00:00+00:00,2022-12-12 09:00:00+00:00,743.95,741.0,944.0202512886628,2784.859741301598,0.0027757241750118043,70,v3_short,timeout,False,A,True,0.014720709820528394,0.005938277206426032,-1.277139208173752e-05,0.8127853881278588,0.1872146118721412
PLZL,-1,2023-01-20 12:00:00+00:00,2023-01-23 09:00:00+00:00,817.3,820.0,861.6826963968089,-2326.543280271423,-0.0023124923528692423,69,v3_short,timeout,False,A,True,0.014068999265965255,0.0055339338145338835,-0.0001174455590897958,0.7217391304347787,0.27826086956522134
PLZL,-1,2023-02-09 17:00:00+00:00,2023-02-09 23:00:00+00:00,921.05,913.95,762.8518402572302,5416.248065826265,0.005396015417186837,6,v3_short,opposite_signal,False,A,True,0.01541718690624823,0.00671957277020791,-5.537158677596123e-05,0.3838028169014055,0.6161971830985945
PLZL,1,2023-03-03 11:00:00+00:00,2023-03-03 17:00:00+00:00,885.05,893.9,798.165144472064,7063.761528577784,0.006999604542116282,6,v3_long,opposite_signal,False,A,True,0.016610169491525474,0.0060151836158192215,0.0002225988700564977,0.20748299319727517,0.7925170068027249
PLZL,-1,2023-03-03 20:00:00+00:00,2023-03-06 09:00:00+00:00,895.3,899.55,794.5500884452191,-3376.8378758921813,-0.0033229085222830335,61,v3_short,timeout,False,A,True,0.013958682300390842,0.005586962590731447,7.816862088218619e-05,0.9119999999999981,0.08800000000000181
PLZL,-1,2023-03-10 16:00:00+00:00,2023-03-10 18:00:00+00:00,892.3,901.223,794.5723497387427,-7089.969076718802,-0.007000000000000001,2,v3_short,sl,False,A,True,0.009416512527324677,0.004086603380364938,-2.2420267922201672e-05,0.7976190476190417,0.20238095238095835
PLZL,-1,2023-03-17 13:00:00+00:00,2023-03-17 17:00:00+00:00,929.85,939.1485,757.1478510707931,-7040.339293181762,-0.0069999999999999915,4,v3_short,sl,False,A,True,0.01290600129060013,0.0066412131641213215,-2.688750268875027e-06,0.9958333333333371,0.004166666666662877
PLZL,-1,2023-03-24 18:00:00+00:00,2023-03-24 19:00:00+00:00,951.2,948.1,734.972342107811,2278.414260534231,0.0022813288477712534,1,v3_short,opposite_signal,False,A,True,0.010459921156373241,0.00441195795006572,0.0002696452036793702,0.7236180904522626,0.27638190954773745
PLZL,1,2023-03-24 22:00:00+00:00,2023-03-27 09:00:00+00:00,947.55,946.55,739.4866569524813,-739.4866569524813,-0.0007387472956572212,59,v3_long,timeout,False,A,True,0.010501873449786316,0.0042531927806216925,0.0002190089186764497,0.3567839195979837,0.6432160804020163
PLZL,1,2023-03-30 18:00:00+00:00,2023-04-03 09:00:00+00:00,943.55,942.1,742.0729597111515,-1076.005791581119,-0.0010757246568808777,87,v3_long,timeout,False,A,True,0.00683697265210932,0.0029298945304218798,8.108967564129841e-05,0.5348837209302276,0.4651162790697724
PLZL,1,2023-04-27 18:00:00+00:00,2023-04-28 14:00:00+00:00,1056.85,1046.2814999999998,661.8060624320862,-6994.297370813559,-0.007000000000000057,20,v3_long,sl,False,A,True,0.013156649313771975,0.0032921202082347493,0.00011547562707051413,0.4496402877697812,0.5503597122302187
PLZL,-1,2023-05-26 12:00:00+00:00,2023-05-29 09:00:00+00:00,1013.0,1025.0,685.6206603373945,-8227.447924048734,-0.008292201382033564,69,v3_short,gap_sl,False,A,True,0.014708785784797609,0.004266411648568606,-1.7769002961500042e-05,0.939597315436243,0.060402684563756956
PLZL,1,2023-06-02 16:00:00+00:00,2023-06-05 09:00:00+00:00,1057.3,1060.0,651.4466238295153,1758.9058843397208,0.001787572117658216,65,v3_long,timeout,False,A,True,0.012769580022701475,0.005447762958758978,0.0002804578130911851,0.13333333333332997,0.86666666666667
PLZL,1,2023-06-08 19:00:00+00:00,2023-06-09 10:00:00+00:00,1035.5,1028.25,666.3503133693716,-4831.0397719279445,-0.004901014002897152,15,v3_long,opposite_signal,False,A,True,0.015499010187822963,0.005223673410265084,0.0002901839602143784,0.9127725856697766,0.08722741433022337
PLZL,1,2023-06-09 14:00:00+00:00,2023-06-13 09:00:00+00:00,1029.45,1032.0,666.9814188679728,1700.8026181133005,0.0017339355966778066,91,v3_long,timeout,False,A,True,0.010438413361169104,0.004020609797543339,0.0002529494586590276,0.3209302325581438,0.6790697674418562
PLZL,-1,2023-06-30 21:00:00+00:00,2023-07-03 09:00:00+00:00,1083.9,1082.2,634.5738384411053,1078.7755253499079,0.0010978872589722593,60,v3_short,timeout,False,A,True,0.015462014215822027,0.004204456290962819,-3.0462475768486864e-05,0.7104477611940353,0.2895522388059647
PLZL,1,2023-07-06 19:00:00+00:00,2023-07-07 14:00:00+00:00,1079.9,1069.101,637.6236006612269,-6885.6972635405755,-0.006999999999999985,19,v3_long,sl,False,A,True,0.020453493752892307,0.0054445279962980105,0.0002124016658954171,0.33257918552036614,0.6674208144796339
PLZL,1,2023-07-13 23:00:00+00:00,2023-07-17 09:00:00+00:00,1073.9,1079.05,636.6977728555551,3278.9935302060217,0.0033569233634415723,82,v3_long,timeout,False,A,True,0.013179341498626266,0.004060331579192487,-0.00012341079495179993,0.3780918727915267,0.6219081272084733
PLZL,1,2023-07-28 12:00:00+00:00,2023-07-28 14:00:00+00:00,1161.3,1166.35,590.756078309416,2983.318195462524,0.003044002411090991,2,v3_long,opposite_signal,False,A,True,0.01072074399380009,0.00460690605356066,6.845776285197859e-05,0.14056224899598344,0.8594377510040165
PLZL,-1,2023-07-28 16:00:00+00:00,2023-07-31 09:00:00+00:00,1170.05,1172.8,588.1230344665174,-1617.3383447829228,-0.001645228836374514,65,v3_short,timeout,False,A,True,0.010169636371405453,0.004434527624663503,5.0420886211170286e-05,0.8823529411764638,0.11764705882353615
PLZL,1,2023-08-03 17:00:00+00:00,2023-08-03 18:00:00+00:00,1176.0,1185.0,584.1847105750005,5257.662395175004,0.005357142857142857,1,v3_long,opposite_signal,False,A,True,0.009352946178046086,0.0035166546212056777,-0.0001411444605050622,0.36363636363636365,0.6363636363636364
PLZL,-1,2023-08-03 20:00:00+00:00,2023-08-03 21:00:00+00:00,1182.75,1183.0,583.9624462589921,-145.99061156474804,-0.0001479602621010357,1,v3_short,opposite_signal,False,A,True,0.01098901098901099,0.0035727493660185966,-0.00012214708368554368,0.8269230769230769,0.17307692307692307
PLZL,-1,2023-08-04 11:00:00+00:00,2023-08-04 15:00:00+00:00,1184.5,1166.7325,583.0134148456966,10358.690848270871,0.010499999999999956,4,v3_short,tp,False,A,True,0.010000843953076323,0.0035472402734408022,2.5740568824374895e-05,0.7932489451476779,0.20675105485232212
PLZL,-1,2023-08-24 19:00:00+00:00,2023-08-28 09:00:00+00:00,1144.25,1147.15,609.858399369471,-1768.5893581715216,-0.0017740878304566864,86,v3_short,timeout,False,A,True,0.01395125779308541,0.005239896237520175,-2.8338492392204736e-05,0.578125,0.421875
PLZL,1,2023-08-31 17:00:00+00:00,2023-09-01 10:00:00+00:00,1166.8,1169.85,597.0110223926957,1820.8836182976947,0.0018297908810421396,17,v3_long,opposite_signal,False,A,True,0.010116598079561003,0.004476916152263396,-1.5432098765433658e-05,0.30508474576270533,0.6949152542372947
PLZL,-1,2023-09-15 11:00:00+00:00,2023-09-15 14:00:00+00:00,1149.7,1161.1970000000001,606.9992863013009,-6978.6707946061,-0.0070000000000000435,3,v3_short,sl,False,A,True,0.017404925593943087,0.005645722739535286,5.8741623879557925e-05,0.7350000000000023,0.26499999999999774
PLZL,-1,2023-09-28 18:00:00+00:00,2023-09-29 11:00:00+00:00,1125.1,1136.3509999999999,615.9292595363802,-6929.820099043799,-0.006999999999999985,17,v3_short,sl,False,A,True,0.010310194649364422,0.005137043373922288,0.00040040885254644196,0.9396551724137887,0.06034482758621129
PLZL,-1,2023-10-06 14:00:00+00:00,2023-10-06 18:00:00+00:00,1142.9,1154.3290000000002,602.0921653994669,-6881.31135835056,-0.007000000000000054,4,v3_short,sl,False,A,True,0.011289052244683724,0.003453990548700445,-3.062921151658353e-05,1.0,0.0
PLZL,-1,2023-10-13 16:00:00+00:00,2023-10-16 09:00:00+00:00,1168.4,1172.0,584.829012225441,-2105.3844440115345,-0.0021567956179390072,65,v3_short,timeout,False,A,True,0.019856213625470766,0.005345183584388923,-2.3536460116402386e-05,0.7672413793103512,0.23275862068964884
PLZL,1,2023-10-20 15:00:00+00:00,2023-10-23 09:00:00+00:00,1180.0,1187.9,577.8308887910147,4564.864021449069,0.004686440677966156,66,v3_long,timeout,False,A,True,0.010084745762711941,0.004884798728813579,-7.711864406779584e-05,0.0840336134453775,0.9159663865546225
PLZL,-1,2023-11-02 18:00:00+00:00,2023-11-03 10:00:00+00:00,1143.15,1141.9,599.2528133564375,749.0660166955469,0.0007654288588549182,16,v3_short,opposite_signal,False,A,True,0.008575803981623237,0.004721341063224686,-0.0002511485451761087,0.3214285714285822,0.6785714285714178
PLZL,-1,2023-11-09 18:00:00+00:00,2023-11-10 16:00:00+00:00,1133.55,1116.54675,604.790436945965,10283.402997001467,0.010499999999999989,22,v3_short,tp,False,A,True,0.013675666137286041,0.0037291004940886202,-0.00013146285512616985,0.8741935483870938,0.12580645161290616
PLZL,1,2023-11-16 18:00:00+00:00,2023-11-17 11:00:00+00:00,1123.55,1131.15,616.5801093836496,4686.008831315821,0.004734991767166655,17,v3_long,opposite_signal,False,A,True,0.012197293447293487,0.004781261128917389,0.000179398148148153,0.23722627737226198,0.762773722627738
PLZL,-1,2023-11-17 13:00:00+00:00,2023-11-20 09:00:00+00:00,1125.55,1121.35,618.3988166495674,2597.275029928211,0.002612056328017442,68,v3_short,timeout,False,A,True,0.015547954333436987,0.004482530762738218,1.6436408866775435e-05,0.4828571428571455,0.5171428571428546
PLZL,1,2023-11-23 17:00:00+00:00,2023-11-24 10:00:00+00:00,1128.95,1132.55,618.1468449451883,2225.3286418026214,0.002232162628991484,17,v3_long,opposite_signal,False,A,True,0.010183299389002037,0.0032832838926769073,7.792437793323459e-05,0.4521739130434822,0.5478260869565178
PLZL,1,2023-11-24 13:00:00+00:00,2023-11-24 14:00:00+00:00,1127.95,1116.6705,620.0758993307612,-6994.146106501382,-0.00700000000000006,1,v3_long,sl,False,A,True,0.009752205328250366,0.0032872135289685163,-9.752205328250366e-05,0.2681818181818223,0.7318181818181777
PLZL,-1,2023-12-08 14:00:00+00:00,2023-12-08 19:00:00+00:00,1067.6,1054.25,650.5420647954114,8684.736565018684,0.008753278381416202,5,v3_short,opposite_signal,False,A,True,0.01639190708130386,0.005750339546646712,-0.0003521918321468707,0.8657142857142779,0.13428571428572209
PLZL,1,2023-12-22 15:00:00+00:00,2023-12-25 09:00:00+00:00,1055.75,1062.95,663.6022012513325,4777.935849009625,0.004773857447312368,66,v3_long,timeout,False,A,True,0.019891072697134738,0.005071927539663757,0.00032394032678190686,0.20238095238095238,0.7976190476190477
PLZL,-1,2024-01-11 20:00:00+00:00,2024-01-12 13:00:00+00:00,1086.9,1097.769,647.6608511044263,-7039.425790653954,-0.006999999999999944,17,v3_short,sl,False,A,True,0.018534700823253335,0.0029722209446718705,-0.0002842294071655212,0.9156327543424402,0.08436724565755978
PLZL,1,2024-01-19 12:00:00+00:00,2024-01-22 09:00:00+00:00,1109.65,1104.95,629.9418564519833,-2960.7267253243504,-0.0029648988419772285,69,v3_long,timeout,False,A,True,0.013927702154511896,0.0034537546200306603,7.752636797981038e-05,0.7346278317152171,0.265372168284783
PLZL,-1,2024-02-16 15:00:00+00:00,2024-02-16 16:00:00+00:00,1098.4,1081.924,634.5069849819885,10454.137084563314,0.01050000000000007,1,v3_short,tp,False,A,True,0.010785473741694647,0.003576670155638482,-7.55438245198888e-05,0.03375527426161131,0.9662447257383887
PLZL,1,2024-02-22 18:00:00+00:00,2024-02-22 23:00:00+00:00,1071.3,1077.4,657.3885636734907,4010.070238408383,0.00398581163072911,5,v3_long,opposite_signal,False,A,True,0.015124638222388031,0.006831469984128469,-0.00044953785827653905,0.1944444444444382,0.8055555555555618
PLZL,-1,2024-03-01 11:00:00+00:00,2024-03-04 09:00:00+00:00,1098.4,1101.5,643.7248884106849,-1995.5471540730646,-0.001975600873998485,70,v3_short,timeout,False,A,True,0.010336034969492886,0.0046273108095801945,0.0001816774428558444,0.15859030837005816,0.8414096916299418
PLZL,-1,2024-03-15 11:00:00+00:00,2024-03-15 16:00:00+00:00,1180.7,1182.3,597.6713258426742,-956.2741213482243,-0.0009485898195984895,5,v3_short,opposite_signal,False,A,True,0.012025745257452614,0.00458111026422764,0.0001655657181571831,0.6619718309859198,0.3380281690140802
PLZL,1,2024-03-15 19:00:00+00:00,2024-03-18 09:00:00+00:00,1177.2,1178.65,598.8796657641026,868.3755153579759,0.000862215426435637,62,v3_long,timeout,False,A,True,0.010712008501593972,0.004871147715196591,0.0001717321997874586,0.17460317460317948,0.8253968253968206
PLZL,-1,2024-03-28 18:00:00+00:00,2024-03-28 19:00:00+00:00,1156.85,1168.4185,609.9399277332863,-7056.090053982574,-0.007000000000000053,1,v3_short,sl,False,A,True,0.012101828240480617,0.0044166270475861176,-9.076371180362035e-06,0.7035714285714221,0.2964285714285779
PLZL,-1,2024-04-11 17:00:00+00:00,2024-04-11 21:00:00+00:00,1388.1,1401.981,504.7689232479391,-7006.697423604685,-0.007000000000000043,4,v3_short,sl,False,A,True,0.015308143932572127,0.006376517307207455,0.0003432626157115592,0.8164705882352898,0.18352941176471016
PLZL,-1,2024-04-19 11:00:00+00:00,2024-04-19 16:00:00+00:00,1430.95,1420.0,486.225971671925,5324.174389807601,0.005356581292148596,5,v3_short,opposite_signal,False,A,True,0.019050615212527964,0.00512203754194632,-0.00030865492170022434,0.5669724770642218,0.4330275229357782
PLZL,-1,2024-04-19 19:00:00+00:00,2024-04-22 09:00:00+00:00,1428.9,1412.0,489.531791053822,8273.087268809637,0.008279095807964213,62,v3_short,timeout,False,A,True,0.017810903492196824,0.004833263349429631,-0.00010917488977534784,0.4557956777996116,0.5442043222003884
PLZL,-1,2024-05-03 17:00:00+00:00,2024-05-06 09:00:00+00:00,1321.8,1326.0,533.5778009721388,-2241.026764083007,-0.00222423967317297,64,v3_short,timeout,False,A,True,0.02394824455205818,0.00569467838719865,-8.1340799031477e-05,0.6334913112164264,0.36650868878357357
PLZL,1,2024-05-17 13:00:00+00:00,2024-05-17 16:00:00+00:00,1407.9,1429.0185,499.83267177364513,10555.71627885163,0.010499999999999905,3,v3_long,tp,False,A,True,0.012536401733077697,0.005208333333333345,0.0003668584416506861,0.07932011331445234,0.9206798866855477
PLZL,1,2024-06-07 15:00:00+00:00,2024-06-07 15:00:00+00:00,1249.05,1236.5594999999998,569.3154157041841,-7111.034199853175,-0.007000000000000063,0,v3_long,sl,False,A,True,0.019374724790841076,0.006818932388615341,0.0003166406468916355,0.0640495867768575,0.9359504132231425
PLZL,-1,2024-08-08 17:00:00+00:00,2024-08-09 16:00:00+00:00,1237.75,1233.05,570.4913722847215,2681.3094497382167,0.002658048879014366,23,v3_short,opposite_signal,False,A,True,0.012359142130134459,0.00612529787148108,-8.481764206956516e-06,0.7222222222222214,0.2777777777777786
PLZL,1,2024-08-09 18:00:00+00:00,2024-08-12 09:00:00+00:00,1236.4,1232.0,572.632329877249,-2519.582251459948,-0.002491103202847027,63,v3_long,timeout,False,A,True,0.013350594708309732,0.004952109798527392,0.00014523828788736806,0.4787878787878843,0.5212121212121157
PLZL,1,2024-08-16 16:00:00+00:00,2024-08-16 16:00:00+00:00,1265.4,1270.1,558.1151454751135,2623.141183732932,0.002599968389441973,0,v3_long,opposite_signal,False,A,True,0.0158052789631737,0.005701013513513527,-0.00034336968547494715,0.7700000000000046,0.22999999999999546
PLZL,-1,2024-09-12 17:00:00+00:00,2024-09-12 17:00:00+00:00,1255.0,1267.55,564.2032700500572,-7080.751039128192,-0.006999999999999975,0,v3_short,sl,False,A,True,0.014621513944223036,0.005263944223107572,-5.697211155378559e-05,0.9264305177111762,0.07356948228882375
PLZL,1,2024-10-03 17:00:00+00:00,2024-10-04 10:00:00+00:00,1339.35,1350.6,524.9700064848113,5905.9125729541265,0.0058797177735468685,17,v3_long,opposite_signal,False,A,True,0.01683715373702677,0.00648893078473831,0.00018666467557679385,0.5720620842572013,0.4279379157427987
PLZL,-1,2024-10-04 12:00:00+00:00,2024-10-04 15:00:00+00:00,1352.6,1341.45,522.8838658779388,5830.155104538946,0.005770368179801793,3,v3_short,opposite_signal,False,A,True,0.01212210806415854,0.004738663241924772,9.75681868578629e-05,0.9207317073170626,0.07926829268293747
PLZL,1,2024-10-04 17:00:00+00:00,2024-10-07 09:00:00+00:00,1341.95,1341.5,530.0747610266233,-238.53364246200456,-0.0002347330377436058,64,v3_long,timeout,False,A,True,0.010059612518628911,0.004156576005961262,-0.00014828614008941608,0.11481481481481144,0.8851851851851885
PLZL,1,2024-10-17 20:00:00+00:00,2024-10-18 10:00:00+00:00,1352.8,1361.45,525.6999201729403,4547.304309495981,0.004475901833234819,14,v3_long,opposite_signal,False,A,True,0.015486970985030527,0.004594806874884496,0.00027573461467381394,0.25536992840094974,0.7446300715990503
PLZL,-1,2024-10-18 12:00:00+00:00,2024-10-21 09:00:00+00:00,1361.5,1373.0,524.6786375516716,-6033.804331844223,-0.005912596401028277,69,v3_short,timeout,False,A,True,0.012744701950269886,0.005006519263965909,0.0001351599515187137,0.6628242074927989,0.33717579250720114
PLZL,1,2024-11-01 12:00:00+00:00,2024-11-01 13:00:00+00:00,1472.9,1481.0,482.12798017130143,3905.2366393874977,0.003849548509742641,1,v3_long,opposite_signal,False,A,True,0.014936519790888721,0.006112516124652059,0.0004579401181342916,0.35909090909091324,0.6409090909090868
PLZL,-1,2024-11-01 15:00:00+00:00,2024-11-01 22:00:00+00:00,1485.3,1500.153,479.9434239829538,-7128.599676418844,-0.007000000000000031,7,v3_short,sl,False,A,True,0.01373459907089483,0.005764828654143954,0.00018548441392311134,0.9901960784313704,0.009803921568629637
PLZL,-1,2024-11-22 11:00:00+00:00,2024-11-22 11:00:00+00:00,1453.1,1467.6309999999999,487.1446891944038,-7078.699478683857,-0.006999999999999977,0,v3_short,sl,False,A,True,0.01886143043987065,0.005832888758862814,-0.00014731190197563222,0.9306569343065663,0.06934306569343375
PLZL,-1,2024-12-06 12:00:00+00:00,2024-12-09 09:00:00+00:00,1438.0,1440.0,488.81422686600087,-977.6284537320017,-0.0009735744089012517,69,v3_short,timeout,False,A,True,0.015286270150083379,0.005062491314619235,-0.00030225125069483047,0.7727272727272727,0.22727272727272727
PLZL,1,2024-12-28 17:00:00+00:00,2024-12-28 17:00:00+00:00,1408.5,1394.415,498.56621818650825,-7022.3051831569865,-0.0070000000000000175,0,v3_long,sl,False,A,True,0.009939299279400803,0.00315594938056868,9.37133932057777e-05,0.6071428571428571,0.39285714285714285
PLZL,-1,2025-01-30 16:00:00+00:00,2025-01-31 09:00:00+00:00,1719.5,1736.695,405.53352991421167,-6973.149046874843,-0.006999999999999973,17,v3_short,sl,False,A,True,0.0172148070603973,0.005644399754511467,0.0002710168949373367,0.9847972972972958,0.01520270270270417
PLZL,1,2025-02-06 21:00:00+00:00,2025-02-07 12:00:00+00:00,1770.8,1753.0919999999999,391.0287442707673,-6924.33700354678,-0.007000000000000034,15,v3_long,sl,False,A,True,0.0206168097605061,0.005267914476657076,0.00026434704021690116,0.2630136986301345,0.7369863013698655
PLZL,-1,2025-02-07 18:00:00+00:00,2025-02-10 06:00:00+00:00,1778.5,1787.5,386.61043826381325,-3479.493944374319,-0.003542310936182176,60,v3_short,timeout,False,A,True,0.019932527410739413,0.004770430433688957,-9.811639021647353e-05,0.7320169252468268,0.2679830747531731
PLZL,1,2025-03-06 18:00:00+00:00,2025-03-06 18:00:00+00:00,1962.75,1943.1225,349.07706977003176,-6851.510186911318,-0.007000000000000019,0,v3_long,sl,False,A,True,0.022163346410556884,0.005635362671722355,0.0003479900137565608,0.43103448275862066,0.5689655172413793
PLZL,-1,2025-03-07 13:00:00+00:00,2025-03-07 17:00:00+00:00,1947.45,1918.23825,349.3568315285588,10205.324423404356,0.010499999999999976,4,v3_short,tp,False,A,True,0.016225514107468312,0.005356932934631769,-7.316885317450364e-05,0.2357594936708882,0.7642405063291118
PLZL,-1,2025-03-14 08:00:00+00:00,2025-03-14 10:00:00+00:00,1902.45,1921.4745,361.37543097409923,-6874.986886566747,-0.006999999999999996,2,v3_short,sl,False,A,True,0.03679465951798996,0.00524185572343696,-9.119819180530561e-05,0.8207142857142864,0.17928571428571363
PLZL,1,2025-03-18 15:00:00+00:00,2025-03-18 17:00:00+00:00,1936.15,1916.7885,352.599849100575,-6826.8619783607755,-0.006999999999999992,2,v3_long,sl,False,A,True,0.010587749199462865,0.004192842587636519,3.3570912095857865e-05,0.13902439024390909,0.8609756097560909
PLZL,1,2025-03-21 12:00:00+00:00,2025-03-21 13:00:00+00:00,1899.1,1903.1,356.96245297837174,1427.849811913487,0.001474382602285293,1,v3_long,opposite_signal,False,A,True,0.010637737637579674,0.005145638333550451,-0.00018642371899520822,0.2524752475247474,0.7475247524752526
PLZL,1,2025-03-21 18:00:00+00:00,2025-03-27 06:00:00+00:00,1899.6,1901.8,357.3946564116473,786.2682441056403,0.0008106969888397725,132,v3_long,timeout,False,A,True,0.011241575400168444,0.004776942091961161,-0.00010872999157540064,0.26229508196720996,0.73770491803279
PLZL,1,2025-03-30 11:00:00+00:00,2025-03-30 18:00:00+00:00,1873.6,1854.8639999999998,362.647991615307,-6794.5727709044295,-0.007000000000000039,7,v3_long,sl,False,A,True,0.003630151612214368,0.006635505888121726,-1.4947683109116628e-05,0.5294117647058725,0.47058823529412747
PLZL,1,2025-04-17 23:00:00+00:00,2025-04-18 13:00:00+00:00,1919.0,1899.81,351.5899302505503,-6747.01076150808,-0.00700000000000002,14,v3_long,sl,False,A,True,0.028663748175943297,0.005343251813084935,0.00032833020637898687,0.2909090909090909,0.7090909090909091
PLZL,-1,2025-05-18 14:00:00+00:00,2025-05-19 16:00:00+00:00,1681.6,1656.376,398.4170840971399,10049.672529266229,0.010499999999999973,26,v3_short,tp,False,A,True,0.007970497263859202,0.005309258818656862,-7.49464668094213e-05,0.7164179104477495,0.28358208955225045
PLZL,1,2025-05-30 08:00:00+00:00,2025-06-01 09:00:00+00:00,1679.0,1686.4,403.22390672319045,2983.856909751646,0.003085169743895214,49,v3_long,timeout,False,A,True,0.018939845145920165,0.005444970377104167,0.00039189994044073963,0.339622641509433,0.660377358490567
PLZL,-1,2025-06-01 11:00:00+00:00,2025-06-01 11:00:00+00:00,1684.6,1678.8,403.12337600917897,2338.11558085322,0.002410067671850866,0,v3_short,opposite_signal,False,A,True,0.005336179295624333,0.004040563746480971,4.031779912249604e-05,0.17777777777776768,0.8222222222222323
PLZL,1,2025-06-01 13:00:00+00:00,2025-06-01 14:00:00+00:00,1678.8,1662.012,405.49101747180134,-6807.383201316606,-0.0070000000000000045,1,v3_long,sl,False,A,True,0.009171033825631307,0.003418735553085238,1.3101476893757849e-05,0.14285714285714496,0.857142857142855
PLZL,1,2025-06-08 17:00:00+00:00,2025-06-09 11:00:00+00:00,1744.0,1726.56,387.59928434101977,-6759.731518907406,-0.007000000000000022,18,v3_long,sl,False,A,True,0.009174311926605505,0.005844376486578318,-0.0005573394495412833,0.11249999999999716,0.8875000000000028
PLZL,1,2025-06-14 14:00:00+00:00,2025-06-15 15:00:00+00:00,1761.2,1771.4,381.1272654028522,3887.4981071091097,0.004054054054054072,25,v3_long,opposite_signal,False,A,True,0.016918360395140202,0.0063733887569670435,0.00018621551038946137,0.6040268456375848,0.3959731543624152
PLZL,1,2025-06-15 17:00:00+00:00,2025-06-16 09:00:00+00:00,1765.2,1747.548,381.8052280208926,-6739.625885024813,-0.007000000000000017,16,v3_long,sl,False,A,True,0.014614251727653764,0.004325952779561028,-0.00011442166081341493,0.6589147286821717,0.3410852713178283
PLZL,1,2025-06-18 12:00:00+00:00,2025-06-19 10:00:00+00:00,1738.2,1720.818,385.0217756201601,-6692.448503829647,-0.007000000000000024,22,v3_long,sl,False,A,True,0.016800920598388978,0.007068015262552237,-0.00021979286536248456,0.4246575342465778,0.5753424657534222
PLZL,1,2025-06-20 16:00:00+00:00,2025-06-23 06:00:00+00:00,1719.2,1729.4,386.5519639543285,3942.8300323341687,0.004153094462540735,62,v3_long,timeout,False,A,True,0.013382986151518679,0.004786637838632419,-0.00017805190271150885,0.18260869565217588,0.8173913043478241
PLZL,-1,2025-06-29 14:00:00+00:00,2025-06-29 16:00:00+00:00,1795.8,1789.4,371.6004663397459,2378.242984574323,0.0024947098786055827,2,v3_short,opposite_signal,False,A,True,0.0036748329621381606,0.004095520910665679,0.0001948775055679287,0.6060606060605935,0.39393939393940647
PLZL,1,2025-06-29 18:00:00+00:00,2025-06-30 11:00:00+00:00,1787.4,1792.8,374.27821838542997,2021.1023792812707,0.00211480362537759,17,v3_long,opposite_signal,False,A,True,0.006601767931073169,0.0032573694876481102,0.00019693409421505997,0.06779661016950589,0.9322033898304941
PLZL,1,2025-07-03 23:00:00+00:00,2025-07-04 07:00:00+00:00,1850.6,1878.3589999999997,362.2607042081565,10055.994888114139,0.010499999999999919,8,v3_long,tp,False,A,True,0.02193408968125333,0.006502886064431735,6.374932468935563e-05,0.27586206896551335,0.7241379310344866
PLZL,-1,2025-07-06 11:00:00+00:00,2025-07-07 10:00:00+00:00,1906.6,1878.001,355.3125226210502,10161.582834439392,0.010499999999999976,23,v3_short,tp,False,A,True,0.002412671771740223,0.0038890248687794026,0.00043637889436693496,0.7391304347825937,0.26086956521740634
PLZL,1,2025-07-18 18:00:00+00:00,2025-07-18 22:00:00+00:00,1882.2,1863.378,363.6977811143353,-6845.519636134062,-0.007000000000000044,4,v3_long,sl,False,A,True,0.03604465709728865,0.00624807633117882,0.0005465178096757053,0.02654867256637103,0.9734513274336289
PLZL,1,2025-07-20 14:00:00+00:00,2025-07-21 10:00:00+00:00,1873.6,1901.7039999999997,362.80961777759825,10196.401498021554,0.010499999999999931,20,v3_long,tp,False,A,True,0.01003630151612212,0.006014662965335616,-0.00032778133674994463,0.19148936170212327,0.8085106382978767
PLZL,1,2025-07-24 19:00:00+00:00,2025-07-25 13:00:00+00:00,1964.4,1944.756,349.67296931211723,-6868.975809167233,-0.007000000000000001,18,v3_long,sl,False,A,True,0.016184853420195416,0.004602048688496481,0.00020969055374593204,0.40880503144654146,0.5911949685534585
PLZL,1,2025-07-27 16:00:00+00:00,2025-07-28 08:00:00+00:00,1917.8,1930.0,355.6623724321129,4339.080943671794,0.0044530190843675216,16,v3_long,opposite_signal,False,A,True,0.00646709085219561,0.0039018887459483925,-0.0003452592051736717,0.04838709677418675,0.9516129032258133
PLZL,1,2025-07-28 10:00:00+00:00,2025-07-28 12:00:00+00:00,1917.6,1946.3639999999998,357.28340347876326,10276.89981766311,0.010499999999999964,2,v3_long,tp,False,A,True,0.013452914798206254,0.0033458476726804876,-0.0001261862550839518,0.2480620155038711,0.7519379844961289
PLZL,1,2025-07-28 18:00:00+00:00,2025-07-29 11:00:00+00:00,1924.6,1953.4689999999998,359.7217522515019,10384.807265748579,0.010499999999999971,17,v3_long,tp,False,A,True,0.02774890875077951,0.004971939305757626,4.676782373726875e-05,0.4044943820224695,0.5955056179775304
PLZL,1,2025-08-01 15:00:00+00:00,2025-08-01 16:00:00+00:00,1948.0,1977.2199999999998,359.13236625732264,10493.847742038895,0.010499999999999928,1,v3_long,tp,False,A,True,0.018993839835728953,0.006089916783745806,-0.000148870636550308,0.0,1.0
PLZL,-1,2025-08-01 18:00:00+00:00,2025-08-01 20:00:00+00:00,1964.4,1960.4,359.8735201021644,1439.4940804086575,0.0014253716147424149,2,v3_short,opposite_signal,False,A,True,0.021382751247327157,0.006280848236056992,-0.0001730984624783627,0.5095238095238117,0.4904761904761883
PLZL,1,2025-08-16 11:00:00+00:00,2025-08-16 13:00:00+00:00,2103.0,2081.97,336.6348971683204,-7079.431887449845,-0.007000000000000065,2,v3_long,sl,False,A,True,0.023680456490727617,0.005233340126350122,3.1383737517829076e-05,0.41767068273092584,0.5823293172690742
PLZL,-1,2025-08-18 08:00:00+00:00,2025-08-18 22:00:00+00:00,2101.8,2122.818,334.46930555893186,-7029.87586423764,-0.00700000000000001,14,v3_short,sl,False,A,True,0.013702540679417728,0.004286369259249702,-0.00027785707488819363,0.9236111111111179,0.0763888888888821
PLZL,-1,2025-08-21 10:00:00+00:00,2025-08-21 12:00:00+00:00,2141.8,2163.2180000000003,325.92523733252244,-6980.666733188004,-0.007000000000000038,2,v3_short,sl,False,A,True,0.011388033230654388,0.005664539393850073,0.00022029310183889074,0.5819672131147631,0.4180327868852369
PLZL,-1,2025-08-26 23:00:00+00:00,2025-08-27 12:00:00+00:00,2211.0,2177.835,313.51434039148126,10397.703099083465,0.010499999999999989,13,v3_short,tp,False,A,True,0.016824966078697545,0.004703753957485336,-0.00018634102216191688,0.93548387096774,0.06451612903226003
PLZL,-1,2025-08-29 12:00:00+00:00,2025-08-29 13:00:00+00:00,2155.8,2123.463,324.9181736593948,10506.878981623848,0.010499999999999995,1,v3_short,tp,False,A,True,0.02077343967356032,0.005935268478160079,-0.0004655476212556828,0.6830357142857196,0.31696428571428037
PLZL,1,2025-08-30 17:00:00+00:00,2025-09-01 10:00:00+00:00,2134.2,2166.2129999999997,331.65280389001043,10617.201210930878,0.010499999999999976,41,v3_long,tp,False,A,True,0.010402999062793005,0.005462578658454954,-0.00017057169634489053,0.4954954954954894,0.5045045045045106
PLZL,-1,2025-09-04 17:00:00+00:00,2025-09-04 23:00:00+00:00,2226.2,2219.4,321.2853539258431,2184.740406695645,0.002138172670918969,6,v3_short,opposite_signal,False,A,True,0.014193316564858229,0.005162925279422079,0.00034944304707150637,0.6645569620253088,0.3354430379746912
PLZL,-1,2025-09-05 12:00:00+00:00,2025-09-07 12:00:00+00:00,2231.4,2239.2,321.2220010730477,-2505.5316083696844,-0.002446894326431751,48,v3_short,timeout,False,A,True,0.009769651339966021,0.004290438384210067,0.00015774849870036668,0.9266055045871607,0.07339449541283925
PLZL,1,2025-09-11 19:00:00+00:00,2025-09-12 07:00:00+00:00,2322.8,2357.642,307.8271487293525,10725.313516027989,0.010499999999999893,12,v3_long,tp,False,A,True,0.011094865399501044,0.004275438747380197,0.00010148791605745014,0.4651162790697724,0.5348837209302276
PLZL,1,2025-09-12 16:00:00+00:00,2025-09-12 19:00:00+00:00,2319.0,2295.81,311.56904723146164,-7225.2862052976125,-0.007000000000000017,3,v3_long,sl,False,A,True,0.03484260457093563,0.005065704364403911,-9.486847779214394e-06,0.4034653465346537,0.5965346534653463
PLZL,-1,2025-09-14 16:00:00+00:00,2025-09-15 08:00:00+00:00,2314.4,2309.0,310.0029900561922,1674.016146303466,0.0016332526788800828,16,v3_short,opposite_signal,False,A,True,0.006999654338057301,0.004955595735063412,-0.00024196335983407835,0.5308641975308646,0.46913580246913544
PLZL,-1,2025-09-15 17:00:00+00:00,2025-09-15 22:00:00+00:00,2312.2,2335.3219999999997,310.8047450430169,-7186.427314884589,-0.006999999999999953,5,v3_short,sl,False,A,True,0.022060731897222942,0.004993511549441983,-0.00011246647633878363,0.886274509803918,0.113725490196082
PLZL,1,2025-09-17 17:00:00+00:00,2025-09-17 17:00:00+00:00,2321.4,2340.4,307.4059758628605,5840.713541394349,0.005729301283708106,0,v3_long,opposite_signal,False,A,True,0.02550185233049014,0.005738370221236728,0.0002834496424571387,0.43243243243243223,0.5675675675675678
PLZL,-1,2025-09-17 19:00:00+00:00,2025-09-18 09:00:00+00:00,2333.8,2298.793,307.52452302983136,10765.510977705326,0.010500000000000018,14,v3_short,tp,False,A,True,0.025455796353629094,0.005517534807089969,0.0002829377364981088,0.6418918918918939,0.3581081081081061
PLZL,1,2025-09-25 20:00:00+00:00,2025-09-26 13:00:00+00:00,2313.4,2318.8,313.49381409674686,1692.8665961224615,0.0016339586755425189,17,v3_long,opposite_signal,False,A,True,0.014178265756030164,0.004818608291282383,-0.00013400190196247947,0.2987804878048819,0.701219512195118
PLZL,-1,2025-09-26 15:00:00+00:00,2025-09-28 15:00:00+00:00,2315.8,2327.0,313.68062706136106,-3513.223023087187,-0.0033854391570946854,48,v3_short,timeout,False,A,True,0.00802900802900799,0.004087205841591824,-0.00019252352585685687,0.5268817204301199,0.4731182795698801
PLZL,1,2025-10-02 12:00:00+00:00,2025-10-02 17:00:00+00:00,2364.8,2341.152,306.1410436538138,-7239.623400325431,-0.00700000000000004,5,v3_long,sl,False,A,True,0.01556025369978866,0.006455991988427717,-0.0003162790697674426,0.5597826086956593,0.44021739130434073
PLZL,1,2025-10-04 16:00:00+00:00,2025-10-05 13:00:00+00:00,2308.2,2322.0,311.4524753714199,4298.044160125652,0.004185079282557894,21,v3_long,opposite_signal,False,A,True,0.012910493024867943,0.0067387079604391865,-0.00040377783554284647,0.27516778523489155,0.7248322147651085
PLZL,-1,2025-10-05 15:00:00+00:00,2025-10-06 06:00:00+00:00,2320.0,2346.0,311.165187312241,-8090.294870118267,-0.007844827586206898,15,v3_short,gap_sl,False,A,True,0.012842613342527032,0.004386216935777381,-7.92966729874144e-05,0.4899328859060417,0.5100671140939583
PLZL,1,2025-10-08 14:00:00+00:00,2025-10-08 16:00:00+00:00,2367.0,2343.33,302.5940127398886,-7162.400281553186,-0.007000000000000022,2,v3_long,sl,False,A,True,0.027796552889489772,0.00485139004998132,0.0002973977695167271,0.3313069908814608,0.6686930091185392
MGNT,1,2022-02-10 12:00:00+00:00,2022-02-11 10:00:00+00:00,5199.5,5147.505,134.62832964708144,-6999.9999999999845,-0.0069999999999999845,22,v3_long,sl,False,A,True,0.015288461538461539,0.005151821862348178,4.519230769230769e-05,0.031446540880503145,0.9685534591194969
MGNT,-1,2022-08-12 16:00:00+00:00,2022-08-12 16:00:00+00:00,5057.0,5107.57,137.45303539648012,-6950.99999999996,-0.006999999999999959,0,v3_short,sl,False,A,True,0.01947795135455804,0.006309885487263379,-7.019972315602135e-05,0.8071065989847716,0.19289340101522842
MGNT,-1,2022-08-26 16:00:00+00:00,2022-08-29 09:00:00+00:00,5433.0,5438.5,127.04478188845941,-698.7463003865267,-0.0007086324314375114,65,v3_short,timeout,False,A,True,0.010215350635008284,0.003915466091059686,0.00036904104546291183,0.9099099099099099,0.09009009009009009
MGNT,1,2022-09-02 11:00:00+00:00,2022-09-02 18:00:00+00:00,5446.0,5485.5,126.65170356036163,5002.7422906342845,0.005077120822622108,7,v3_long,opposite_signal,False,A,True,0.016158648549394052,0.007227990518478951,2.754315093646713e-06,0.6136363636363636,0.38636363636363635
MGNT,-1,2022-09-16 11:00:00+00:00,2022-09-16 12:00:00+00:00,5546.5,5601.965,124.98820827425827,-6932.470971931753,-0.007000000000000019,1,v3_short,sl,False,A,True,0.014061654948620876,0.0052731206057328285,-0.0002758247701460249,0.6987179487179487,0.30128205128205127
MGNT,-1,2022-10-28 18:00:00+00:00,2022-10-31 09:00:00+00:00,5281.5,5275.0,130.34069251402468,847.2145013411605,0.0008614976805831679,63,v3_short,timeout,False,A,True,0.019878833775085196,0.006845181749337372,-6.531616811813707e-05,0.9666666666666667,0.03333333333333333
MGNT,1,2022-12-09 12:00:00+00:00,2022-12-12 09:00:00+00:00,4457.0,4468.0,154.5854650356204,1700.4401153918243,0.0017276194749831727,69,v3_long,timeout,False,A,True,0.0118914067758582,0.005419845187345749,-6.843168050258021e-05,0.3018867924528302,0.6981132075471698
MGNT,-1,2023-01-20 23:00:00+00:00,2023-01-23 09:00:00+00:00,4564.0,4581.0,151.22211344095845,-2570.7759284962935,-0.002607361963190184,58,v3_short,timeout,False,A,True,0.014678497097162888,0.005535244824186658,-0.0002848066600942053,0.8208955223880597,0.1791044776119403
MGNT,-1,2023-01-26 18:00:00+00:00,2023-01-30 09:00:00+00:00,4600.5,4612.0,149.63116674156873,-1720.7584175280404,-0.0017498098032822519,87,v3_short,timeout,False,A,True,0.012608695652173913,0.003719429347826087,-9.021739130434782e-05,0.3620689655172414,0.6379310344827587
MGNT,1,2023-02-03 14:00:00+00:00,2023-02-06 09:00:00+00:00,4643.5,4670.0,147.98614228541345,3921.6327705634562,0.003994831484871325,67,v3_long,timeout,False,A,True,0.021528525296017224,0.00532494617868676,6.35091496232508e-05,0.185,0.815
MGNT,1,2023-02-10 11:00:00+00:00,2023-02-10 16:00:00+00:00,4689.0,4705.5,147.13559280053568,2427.737281208839,0.0024632117722328856,5,v3_long,opposite_signal,False,A,True,0.013546666666666667,0.006656666666666667,-0.00021226666666666666,0.3779527559055118,0.6220472440944882
MGNT,-1,2023-03-03 17:00:00+00:00,2023-03-06 09:00:00+00:00,4552.0,4564.5,151.93721677033346,-1899.2152096291684,-0.0019222319859402458,64,v3_short,timeout,False,A,True,0.010103228640456841,0.00307146386997584,-0.00016802108499890182,0.8695652173913043,0.13043478260869565
MGNT,1,2023-03-17 14:00:00+00:00,2023-03-17 18:00:00+00:00,4481.5,4501.5,154.0307397281753,3080.6147945635057,0.0031239540332477964,4,v3_long,opposite_signal,False,A,True,0.011156978690170702,0.004082756889434341,-0.00024099073970768717,0.19,0.81
MGNT,-1,2023-03-17 22:00:00+00:00,2023-03-20 09:00:00+00:00,4504.0,4509.0,153.7400511651892,-768.700255825946,-0.0007770870337477798,59,v3_short,timeout,False,A,True,0.009991119005328597,0.0032367062611012433,-5.994671403197158e-05,0.6,0.4
MGNT,-1,2023-04-06 17:00:00+00:00,2023-04-10 09:00:00+00:00,4571.0,4576.0,151.36886901529945,-756.8443450764972,-0.0007656967840735068,88,v3_short,timeout,False,A,True,0.007767202713051089,0.0031964500601684718,-0.00010720927688436713,0.5774647887323944,0.4225352112676056
MGNT,1,2023-04-14 12:00:00+00:00,2023-04-14 13:00:00+00:00,4541.0,4572.5,152.25221520092055,4795.944778828997,0.0048557586434706005,1,v3_long,opposite_signal,False,A,True,0.0061660427218674305,0.0038400132129486897,-0.00012662409160977758,0.3392857142857143,0.6607142857142857
MGNT,-1,2023-04-14 19:00:00+00:00,2023-04-17 09:00:00+00:00,4580.0,4625.0,151.68874903331016,-6825.993706498957,-0.006877729257641921,62,v3_short,timeout,False,A,True,0.01222707423580786,0.003623089519650655,1.2008733624454148e-05,0.8482142857142857,0.15178571428571427
MGNT,1,2023-04-27 20:00:00+00:00,2023-04-28 14:00:00+00:00,4755.5,4707.945,145.08595835937575,-6899.562749780156,-0.0070000000000000435,18,v3_long,sl,False,A,True,0.011250131426769004,0.0036832352013458102,-0.0001987172747345179,0.45794392523364486,0.5420560747663551
MGNT,1,2023-05-18 17:00:00+00:00,2023-05-19 12:00:00+00:00,4577.5,4603.0,149.67265560964833,3816.6527180460325,0.0038995084653194977,19,v3_long,opposite_signal,False,A,True,0.01201923076923077,0.00467111013986014,0.0002458479020979021,0.24545454545454545,0.7545454545454545
MGNT,1,2023-05-19 14:00:00+00:00,2023-05-19 14:00:00+00:00,4595.5,4607.5,149.66777020036938,1796.0132424044325,0.001827875095201828,0,v3_long,opposite_signal,False,A,True,0.011750625612011751,0.0042024806876292025,-0.0001185942770101186,0.6944444444444444,0.3055555555555556
MGNT,-1,2023-05-19 16:00:00+00:00,2023-05-22 09:00:00+00:00,4607.0,4648.0,149.56706039189942,-6132.2494760678765,-0.006229650531799437,65,v3_short,timeout,False,A,True,0.012368449603992622,0.004095692741672995,-9.764565476836281e-05,0.8596491228070176,0.14035087719298245
MGNT,-1,2023-06-09 11:00:00+00:00,2023-06-09 11:00:00+00:00,4259.5,4247.0,160.7613270553429,2009.516588191786,0.002054231717337716,0,v3_short,opposite_signal,False,A,True,0.008098591549295774,0.004768192488262911,0.00020305164319248825,0.7681159420289855,0.2318840579710145
MGNT,1,2023-06-09 14:00:00+00:00,2023-06-09 19:00:00+00:00,4247.5,4244.0,161.54668256714942,-565.413388985023,-0.0005768098881695114,5,v3_long,opposite_signal,False,A,True,0.008828722778104767,0.004716009417304296,0.000164802825191289,0.4666666666666667,0.5333333333333333
MGNT,1,2023-06-09 23:00:00+00:00,2023-06-13 09:00:00+00:00,4232.0,4251.5,162.04483573527358,3159.8742968378347,0.0032254253308128546,82,v3_long,timeout,False,A,True,0.008862105636299186,0.003995332624364883,-3.544842254519674e-06,0.05333333333333334,0.9466666666666667
MGNT,1,2023-07-06 23:00:00+00:00,2023-07-07 16:00:00+00:00,5290.0,5335.5,130.05399940254523,5917.456972815808,0.006020793950850661,17,v3_long,opposite_signal,False,A,True,0.01606805293005671,0.005242793005671077,0.00031096408317580343,0.11764705882352941,0.8823529411764706
MGNT,-1,2023-07-07 20:00:00+00:00,2023-07-10 09:00:00+00:00,5324.5,5351.0,129.98927161619594,-3444.7156978291923,-0.003483895201427364,61,v3_short,timeout,False,A,True,0.019532350455441827,0.0044076908629918305,3.1927880552164524e-05,0.6682692307692307,0.3317307692307692
MGNT,-1,2023-07-13 18:00:00+00:00,2023-07-17 09:00:00+00:00,5500.0,5485.0,125.40301376944635,1881.0452065416953,0.0019090909090909091,87,v3_short,timeout,False,A,True,0.014918584553806968,0.0045256072045847355,-0.00017374692986445918,0.5975609756097561,0.4024390243902439
MGNT,1,2023-08-04 15:00:00+00:00,2023-08-04 15:00:00+00:00,5769.0,5711.31,119.78389796785129,-6910.333073765293,-0.006999999999999952,0,v3_long,sl,False,A,True,0.0136986301369863,0.0038066802496965492,7.022715449973991e-05,0.3670886075949367,0.6329113924050633
MGNT,1,2023-08-10 17:00:00+00:00,2023-08-10 19:00:00+00:00,5608.5,5692.6275,122.34930448870435,10292.941113373427,0.01049999999999995,2,v3_long,tp,False,A,True,0.01470981545867879,0.005995364179370598,0.0001435321387180173,0.5757575757575758,0.42424242424242425
MGNT,1,2023-09-29 11:00:00+00:00,2023-10-02 09:00:00+00:00,5519.0,5535.5,125.63890795511139,2073.041981259338,0.002092770429425621,70,v3_long,timeout,False,A,True,0.017938032252219606,0.005718880231926074,0.0006169595941293712,0.3838383838383838,0.6161616161616161
MGNT,1,2023-10-13 15:00:00+00:00,2023-10-13 17:00:00+00:00,5552.5,5616.5,125.14223545990838,8009.103069434136,0.008068437640702386,2,v3_long,opposite_signal,False,A,True,0.013328530259365994,0.0054794443443804035,-0.0004764048991354467,0.5743243243243243,0.42567567567567566
MGNT,-1,2023-10-13 19:00:00+00:00,2023-10-16 09:00:00+00:00,5616.5,5610.0,124.71443684496488,810.6438394922717,0.0008101130597347102,62,v3_short,timeout,False,A,True,0.023525218321154874,0.00548309124933167,-0.0003011940830511495,0.8068181818181818,0.19318181818181818
MGNT,1,2023-10-20 11:00:00+00:00,2023-10-20 21:00:00+00:00,5755.5,5841.8324999999995,121.8010746637807,10515.391278410789,0.010499999999999942,10,v3_long,tp,False,A,True,0.021805229780210232,0.005122817305186343,0.00016505950829641213,0.14741035856573706,0.852589641434263
MGNT,1,2023-11-03 11:00:00+00:00,2023-11-03 13:00:00+00:00,5878.5,5819.715,120.50469662707788,-7083.868591222756,-0.006999999999999983,2,v3_long,sl,False,A,True,0.014799693799438633,0.004566428510674491,0.00013523858127073235,0.4425287356321839,0.5574712643678161
MGNT,1,2023-11-10 11:00:00+00:00,2023-11-13 09:00:00+00:00,6042.5,6020.0,116.41343005517938,-2619.302176241536,-0.0026065370293752587,70,v3_long,timeout,False,A,True,0.013239553165080678,0.005577678940835747,0.0002465866776996276,0.28125,0.71875
MGNT,1,2023-11-30 17:00:00+00:00,2023-11-30 18:00:00+00:00,6333.5,6387.0,110.77518585064377,5926.472443009441,0.0059130022894134365,1,v3_long,opposite_signal,False,A,True,0.02518354780137365,0.005481763637799005,0.00020446830346569826,0.3667711598746082,0.6332288401253918
MGNT,-1,2023-11-30 20:00:00+00:00,2023-12-01 13:00:00+00:00,6369.5,6433.195,110.80040353169935,-7057.431702951558,-0.006999999999999969,17,v3_short,sl,False,A,True,0.0250412120260617,0.005610232357327891,0.00018918282439751944,0.5924764890282131,0.40752351097178685
MGNT,-1,2023-12-14 17:00:00+00:00,2023-12-14 17:00:00+00:00,6086.5,6147.365,115.140551729745,-7008.029681030905,-0.006999999999999976,0,v3_short,sl,False,A,True,0.007065395990798554,0.0043285819914558,7.804797896812356e-05,0.2441860465116279,0.7558139534883721
MGNT,1,2023-12-14 21:00:00+00:00,2023-12-15 10:00:00+00:00,6053.0,6143.794999999999,114.96734632849352,10438.460209895473,0.010499999999999904,13,v3_long,tp,False,A,True,0.02014863748967795,0.0048642650701899255,8.505367464905037e-05,0.0778688524590164,0.9221311475409836
MGNT,-1,2023-12-28 19:00:00+00:00,2023-12-29 10:00:00+00:00,6982.0,6980.5,100.71673868136608,151.0751080220491,0.00015038670867946143,15,v3_short,opposite_signal,False,A,True,0.019938540698920888,0.004354855999428285,7.861073393839778e-05,0.7670250896057348,0.23297491039426524
MGNT,-1,2023-12-29 12:00:00+00:00,2023-12-29 15:00:00+00:00,6989.5,6950.0,100.62379598668197,3974.6399414739376,0.003955933900851277,3,v3_short,opposite_signal,False,A,True,0.011159596537663638,0.004383807854639102,0.00014950997925459618,0.6794871794871795,0.32051282051282054
MGNT,-1,2023-12-29 18:00:00+00:00,2024-01-03 09:00:00+00:00,6990.0,7015.0,101.01463090242422,-2525.3657725606054,-0.002503576537911302,111,v3_short,timeout,False,A,True,0.012518778167250876,0.004207203662636812,4.649831890693183e-05,0.68,0.32
MGNT,-1,2024-01-19 14:00:00+00:00,2024-01-19 15:00:00+00:00,6934.5,7003.845,101.56817563878477,-7043.245139671555,-0.007000000000000026,1,v3_short,sl,False,A,True,0.02220620043258832,0.003933850036049027,-0.00019466474405191062,0.9642857142857143,0.03571428571428571
MGNT,1,2024-02-09 15:00:00+00:00,2024-02-12 09:00:00+00:00,7256.0,7294.5,96.38840164958417,3710.9534635089904,0.0037141675854465268,66,v3_long,timeout,False,A,True,0.016743609177978364,0.004935230483015228,0.00029628608833459657,0.2962962962962963,0.7037037037037037
MGNT,1,2024-02-16 16:00:00+00:00,2024-02-19 09:00:00+00:00,7399.5,7438.0,94.87018174117698,3652.5019970353137,0.003642137982296101,65,v3_long,timeout,False,A,True,0.016423357664233577,0.004779585698837524,0.0003048121113814544,0.21810699588477367,0.7818930041152263
MGNT,1,2024-03-01 21:00:00+00:00,2024-03-04 09:00:00+00:00,7633.5,7639.5,92.2969360308854,553.7816161853125,0.0005502063273727648,60,v3_long,timeout,False,A,True,0.01473670421797223,0.003639147236049253,0.0002200681163217186,0.18666666666666668,0.8133333333333334
MGNT,-1,2024-03-15 15:00:00+00:00,2024-03-15 19:00:00+00:00,7687.0,7611.5,91.70499652960758,6923.727237985373,0.00687524391830363,4,v3_short,opposite_signal,False,A,True,0.013984649408091583,0.003274603226226096,-0.00024391830362950436,0.9255813953488372,0.07441860465116279
MGNT,1,2024-04-05 20:00:00+00:00,2024-04-08 09:00:00+00:00,7827.5,7853.0,90.67811145189182,2312.2918420232413,0.002280421590546151,61,v3_long,timeout,False,A,True,0.017247987734764277,0.003138175546186278,0.0001750351347898301,0.14074074074074075,0.8592592592592593
MGNT,-1,2024-04-19 12:00:00+00:00,2024-04-22 09:00:00+00:00,8150.0,8192.0,87.28853026737418,-3666.118271229716,-0.003607361963190184,69,v3_short,timeout,False,A,True,0.014662576687116565,0.0037059049079754603,-0.0002625766871165644,0.8619246861924686,0.13807531380753138
MGNT,-1,2024-04-26 13:00:00+00:00,2024-04-26 17:00:00+00:00,8165.0,8246.65,86.81386881680818,-7088.352388892356,-0.006999999999999969,4,v3_short,sl,False,A,True,0.009791921664626682,0.0039052937576499387,-0.00018482252141982863,0.8125,0.1875
MGNT,1,2024-05-03 15:00:00+00:00,2024-05-06 09:00:00+00:00,8275.0,8269.0,85.06022866670867,-510.361372000252,-0.0005075528700906345,66,v3_long,timeout,False,A,True,0.01136226278254563,0.005019196122786115,-0.0002955397074821709,0.5425531914893617,0.4574468085106383
MGNT,1,2024-05-16 18:00:00+00:00,2024-05-17 16:00:00+00:00,8320.0,8236.8,84.55722827603533,-7035.161392566201,-0.007000000000000062,22,v3_long,sl,False,A,True,0.02079326923076923,0.004202974759615384,0.00020072115384615384,0.028901734104046242,0.9710982658959537
MGNT,1,2024-05-23 17:00:00+00:00,2024-05-24 12:00:00+00:00,8084.5,8003.655,86.41122225020936,-6985.915262818198,-0.007000000000000022,19,v3_long,sl,False,A,True,0.01824704645265046,0.0051938362095626895,-5.505041133172512e-05,0.36271186440677966,0.6372881355932203
MGNT,-1,2024-05-24 18:00:00+00:00,2024-05-27 09:00:00+00:00,8129.5,8057.0,85.33137162160587,6186.524442566425,0.006242696352789224,63,v3_short,timeout,False,A,True,0.022755227552275523,0.004725937884378844,-0.00033517835178351784,0.9432432432432433,0.05675675675675676
MGNT,1,2024-05-30 20:00:00+00:00,2024-05-31 10:00:00+00:00,7734.5,7657.155,90.24913733371794,-6980.319527076437,-0.0070000000000000236,14,v3_long,sl,False,A,True,0.027752620002587658,0.007300022641997671,-0.0003810324750938025,0.14918414918414918,0.8508158508158508
MGNT,1,2024-06-27 22:00:00+00:00,2024-06-28 11:00:00+00:00,6350.0,6364.0,109.15680772262802,1528.1953081167921,0.0015433070866141731,13,v3_long,opposite_signal,False,A,True,0.01141732283464567,0.004653051181102362,0.0003047244094488189,0.3931034482758621,0.6068965517241379
MGNT,1,2024-06-28 14:00:00+00:00,2024-06-28 22:00:00+00:00,6346.5,6368.5,109.38556145188208,2406.482351941406,0.0024265343102497436,8,v3_long,opposite_signal,False,A,True,0.009926731269203497,0.003865319467422989,0.00010478216339714804,0.2619047619047619,0.7380952380952381
MGNT,-1,2024-07-26 12:00:00+00:00,2024-07-26 14:00:00+00:00,5956.5,5867.1525,116.83035396637769,10438.500051010913,0.010499999999999983,2,v3_short,tp,False,A,True,0.017296389588581023,0.005399874055415617,-0.00036607892527287995,0.7233009708737864,0.2766990291262136
MGNT,-1,2024-07-26 18:00:00+00:00,2024-07-29 09:00:00+00:00,5949.5,5929.0,118.19597502923544,2423.0174880993263,0.002411967392217833,63,v3_short,timeout,False,A,True,0.030089090603462768,0.005933245083207262,-0.0003967053286266599,0.8016759776536313,0.19832402234636873
MGNT,-1,2024-08-01 17:00:00+00:00,2024-08-01 18:00:00+00:00,5770.5,5739.0,122.15632365966654,3847.924195279496,0.003821159344944112,1,v3_short,opposite_signal,False,A,True,0.008318170002599427,0.0030976518499263497,5.805389480980851e-05,0.8020833333333334,0.19791666666666666
MGNT,1,2024-08-01 20:00:00+00:00,2024-08-01 22:00:00+00:00,5739.0,5681.61,123.29615135298857,-7075.966126148054,-0.00700000000000004,2,v3_long,sl,False,A,True,0.00836382645060115,0.0029649111343439624,5.837253876982053e-05,0.14583333333333334,0.8541666666666666
MGNT,1,2024-12-12 17:00:00+00:00,2024-12-12 18:00:00+00:00,4486.0,4441.14,156.63028005494823,-7026.434363264926,-0.006999999999999948,1,v3_long,sl,False,A,True,0.020283071436531817,0.005819541959210966,-0.0001905717151454363,0.14285714285714285,0.8571428571428571
MGNT,1,2025-01-23 17:00:00+00:00,2025-01-23 23:00:00+00:00,4676.0,4710.0,149.21405737215835,5073.277950653384,0.005089820359281438,6,v3_long,opposite_signal,False,A,True,0.015183917878528658,0.005039029084687768,0.00012510692899914456,0.323943661971831,0.676056338028169
MGNT,-1,2025-01-24 11:00:00+00:00,2025-01-24 14:00:00+00:00,4710.0,4690.0,148.89091864918677,2977.8183729837356,0.0029723991507431,3,v3_short,opposite_signal,False,A,True,0.015817409766454352,0.004604564755838641,8.280254777070064e-05,0.5838926174496645,0.4161073825503356
MGNT,1,2025-01-24 17:00:00+00:00,2025-01-27 06:00:00+00:00,4672.5,4668.0,150.5319849542554,-677.3939322941493,-0.0006741573033707866,61,v3_long,timeout,False,A,True,0.015195291599785981,0.004557918673087212,9.630818619582665e-06,0.035211267605633804,0.9647887323943662
MGNT,1,2025-01-31 17:00:00+00:00,2025-02-03 06:00:00+00:00,4675.5,4665.0,150.3339800975623,-1578.506791024404,-0.0015720243824189927,61,v3_long,timeout,False,A,True,0.023101604278074866,0.005682521812552772,8.342245989304812e-05,0.05092592592592592,0.9490740740740741
MGNT,1,2025-02-07 19:00:00+00:00,2025-02-07 19:00:00+00:00,4686.5,4639.635,149.74534710176792,-7017.815691924321,-0.006999999999999967,0,v3_long,sl,False,A,True,0.014936519790888723,0.005699461499154907,0.0005313133468473275,0.30714285714285716,0.6928571428571428
MGNT,1,2025-02-07 21:00:00+00:00,2025-02-10 06:00:00+00:00,4674.0,4689.0,149.09480064357902,2236.422009653685,0.0022464698331193834,57,v3_long,timeout,False,A,True,0.022143774069319642,0.00554016620498615,0.00033483097988874625,0.4106280193236715,0.5893719806763285
MGNT,1,2025-03-18 19:00:00+00:00,2025-03-18 20:00:00+00:00,4990.0,4940.1,139.96685242782485,-6984.345936148409,-0.00699999999999995,1,v3_long,sl,False,A,True,0.014007003501750876,0.005248078584746919,0.00020910455227613807,0.42857142857142855,0.5714285714285714
MGNT,-1,2025-04-13 13:00:00+00:00,2025-04-14 07:00:00+00:00,4607.5,4596.5,150.52535028964556,1655.778853186101,0.0016711882799782959,18,v3_short,opposite_signal,False,A,True,0.008137137897363568,0.0058105192096729475,4.231311706629055e-05,0.6666666666666666,0.3333333333333333
MGNT,1,2025-04-14 09:00:00+00:00,2025-04-14 15:00:00+00:00,4586.5,4540.635,151.46726188962657,-6947.04596656769,-0.006999999999999967,6,v3_long,sl,False,A,True,0.013083296990841693,0.003460437247577694,8.286088094199739e-05,0.09166666666666666,0.9083333333333333
MGNT,-1,2025-04-25 10:00:00+00:00,2025-04-25 15:00:00+00:00,4612.5,4658.625,149.55916845098642,-6898.416644801749,-0.007,5,v3_short,sl,False,A,True,0.010298102981029811,0.004932249322493225,-8.672086720867208e-06,0.8736842105263158,0.12631578947368421
MGNT,1,2025-04-27 13:00:00+00:00,2025-04-28 13:00:00+00:00,4627.5,4581.225,148.03085312346053,-6850.127728288082,-0.006999999999999945,24,v3_long,sl,False,A,True,0.00864397622906537,0.005562558777037437,0.0001534305780659103,0.3875,0.6125
MGNT,-1,2025-04-28 15:00:00+00:00,2025-04-28 16:00:00+00:00,4654.0,4700.54,146.15764577116715,-6802.176834190114,-0.006999999999999994,1,v3_short,sl,False,A,True,0.024602492479587453,0.004654061022776107,-0.00017189514396218308,0.9082969432314411,0.09170305676855896
MGNT,1,2025-05-04 17:00:00+00:00,2025-05-05 12:00:00+00:00,4326.0,4282.74,156.13873315651387,-6754.5615963508235,-0.007000000000000036,19,v3_long,sl,False,A,True,0.00601086579586175,0.003694713092470577,-0.00027280083227372554,0.40384615384615385,0.5961538461538461
MGNT,-1,2025-05-31 17:00:00+00:00,2025-06-01 13:00:00+00:00,3821.0,3785.5,175.5372851393963,6231.573622448568,0.006503533106516618,20,v3_short,opposite_signal,False,A,True,0.01059931954985606,0.005626799267207537,1.1777021722062287e-05,0.8641975308641975,0.13580246913580246
MGNT,1,2025-06-06 16:00:00+00:00,2025-06-07 11:00:00+00:00,3932.0,3892.68,171.69126857918295,-6750.900680533501,-0.007000000000000029,19,v3_long,sl,False,A,True,0.04121088781480539,0.00665425966340425,0.0001602645637242432,0.24074074074074073,0.7592592592592593
MGNT,1,2025-06-08 15:00:00+00:00,2025-06-09 10:00:00+00:00,3891.0,3852.09,172.28590017398454,-6703.644375769713,-0.006999999999999973,19,v3_long,sl,False,A,True,0.005396376718489014,0.005210787042985424,-0.00046768598226904797,0.47619047619047616,0.5238095238095238
MGNT,-1,2025-06-13 09:00:00+00:00,2025-06-13 09:00:00+00:00,3720.0,3709.5,178.94405551449867,1878.912582902236,0.0019758064516129034,0,v3_short,opposite_signal,False,A,True,0.005644402634054563,0.004213143394705013,-5.510012095148501e-05,0.6190476190476191,0.38095238095238093
MGNT,-1,2025-06-13 11:00:00+00:00,2025-06-13 15:00:00+00:00,3714.5,3696.0,179.56309740798667,3321.9173020477533,0.00348633732669269,4,v3_short,opposite_signal,False,A,True,0.00834679590737749,0.004045503500269251,-2.8271405492730208e-05,0.5645161290322581,0.43548387096774194
MGNT,1,2025-06-13 17:00:00+00:00,2025-06-15 17:00:00+00:00,3702.0,3723.0,180.7975330722312,3796.748194516855,0.003970826580226904,48,v3_long,timeout,False,A,True,0.008780224233418885,0.0036133999729839254,1.35080372821829e-05,0.2,0.8
MGNT,-1,2025-06-17 13:00:00+00:00,2025-06-18 21:00:00+00:00,3711.5,3676.0,181.050839598427,6427.304805744158,0.006695406170012124,32,v3_short,opposite_signal,False,A,True,0.024932614555256066,0.0041738136077758715,-0.00024663072776280327,0.9135135135135135,0.08648648648648649
MGNT,1,2025-06-18 23:00:00+00:00,2025-06-20 16:00:00+00:00,3674.5,3637.755,184.09832753669417,-6764.693045335807,-0.006999999999999979,41,v3_long,sl,False,A,True,0.015775873793009657,0.004570279227239867,-8.839929280565756e-05,0.08620689655172414,0.9137931034482759
MGNT,1,2025-06-27 08:00:00+00:00,2025-06-28 16:00:00+00:00,3600.0,3622.0,186.5927831671799,4105.041229677958,0.004277777777777778,32,v3_long,opposite_signal,False,A,True,0.02388888888888889,0.004685672514619883,0.00036111111111111115,0.18023255813953487,0.8197674418604651
MGNT,-1,2025-06-28 18:00:00+00:00,2025-06-30 18:00:00+00:00,3622.0,3632.0,186.25277423043133,-1862.5277423043133,-0.001932633903920486,48,v3_short,timeout,False,A,True,0.008282716731087797,0.0029344482132996766,-0.00016151297625621201,0.7666666666666667,0.23333333333333334
MGNT,1,2025-07-06 11:00:00+00:00,2025-07-07 12:00:00+00:00,3612.5,3666.6874999999995,186.381668883878,10099.556682645054,0.010499999999999912,25,v3_long,tp,False,A,True,0.002352941176470588,0.0030911188004613607,-0.00022698961937716263,0.7058823529411765,0.29411764705882354
MGNT,1,2025-07-07 20:00:00+00:00,2025-07-08 13:00:00+00:00,3620.5,3631.5,187.92251581849493,2067.147674003444,0.002126778069327441,17,v3_long,opposite_signal,False,A,True,0.018646408839779006,0.0034254143646408842,0.00020027624309392264,0.2074074074074074,0.7925925925925926
MGNT,-1,2025-07-18 17:00:00+00:00,2025-07-19 10:00:00+00:00,3610.0,3646.1,188.8699368123721,-6818.204718926615,-0.006999999999999981,17,v3_short,sl,False,A,True,0.022998060404544194,0.005198990827026002,0.00020365752285951788,0.7228915662650602,0.27710843373493976
MGNT,1,2025-07-21 11:00:00+00:00,2025-07-21 14:00:00+00:00,3641.5,3696.1224999999995,185.9255055854496,10155.715928841126,0.010499999999999902,3,v3_long,tp,False,A,True,0.015515584237264863,0.0032514073870657696,0.00027323904984209805,0.1592920353982301,0.8407079646017699
MGNT,1,2025-07-22 10:00:00+00:00,2025-07-22 17:00:00+00:00,3661.5,3716.4224999999997,186.85148975545638,10262.350946093991,0.010499999999999936,7,v3_long,tp,False,A,True,0.015015015015015015,0.004120597870597871,0.00018564018564018564,0.11818181818181818,0.8818181818181818
MGNT,1,2025-07-24 08:00:00+00:00,2025-07-24 12:00:00+00:00,3698.0,3661.02,186.9498040567521,-6913.403754018696,-0.007000000000000004,4,v3_long,sl,False,A,True,0.01716448168671442,0.004417382149792646,0.0001729963508582241,0.41732283464566927,0.5826771653543307
MGNT,1,2025-07-25 14:00:00+00:00,2025-07-25 14:00:00+00:00,3670.5,3725.5574999999994,187.03201001881385,10297.514891610737,0.010499999999999891,0,v3_long,tp,False,A,True,0.019893718490257527,0.004184565515164119,-0.00022891402098378525,0.5136986301369864,0.4863013698630137
MGNT,1,2025-07-25 18:00:00+00:00,2025-07-26 13:00:00+00:00,3662.0,3689.0,189.43453118464876,5114.7323419855165,0.005161114145275806,19,v3_long,opposite_signal,False,A,True,0.03644553644553645,0.005330689541215857,-8.053508053508053e-05,0.21722846441947566,0.7827715355805244
MGNT,-1,2025-07-26 15:00:00+00:00,2025-07-27 11:00:00+00:00,3690.0,3672.5,188.96736201560262,3306.928835273046,0.0033197831978319784,20,v3_short,opposite_signal,False,A,True,0.015176151761517615,0.004939992257065428,-0.00012601626016260162,0.8928571428571429,0.10714285714285714
MGNT,1,2025-07-27 14:00:00+00:00,2025-07-28 15:00:00+00:00,3666.0,3629.34,190.8359018064006,-6996.044160222618,-0.006999999999999971,25,v3_long,sl,False,A,True,0.009273148779489976,0.005495199276734801,2.863766534842493e-05,0.17647058823529413,0.8235294117647058
MGNT,1,2025-07-30 16:00:00+00:00,2025-07-31 11:00:00+00:00,3574.5,3538.755,194.3508700825595,-6947.071851101068,-0.006999999999999979,19,v3_long,sl,False,A,True,0.015799776286353467,0.00640969033321559,-0.0004278523489932886,0.11504424778761062,0.8849557522123894
MGNT,-1,2025-08-14 13:00:00+00:00,2025-08-14 16:00:00+00:00,3773.5,3811.235,182.8128355145987,-6898.442348143405,-0.007000000000000024,3,v3_short,sl,False,A,True,0.017223105458399578,0.0043720190779014305,-0.00018945416004239533,0.8076923076923077,0.19230769230769232
MGNT,1,2025-08-18 08:00:00+00:00,2025-08-18 22:00:00+00:00,3742.0,3798.1299999999997,183.06128411828905,10275.2298775595,0.010499999999999935,14,v3_long,tp,False,A,True,0.012152777777777778,0.004334207459207459,-0.0004313568376068376,0.9120879120879121,0.08791208791208792
MGNT,-1,2025-08-23 17:00:00+00:00,2025-08-25 10:00:00+00:00,3714.0,3658.29,186.37802533250655,10383.119791273946,0.010500000000000006,41,v3_short,tp,False,A,True,0.00498115239633818,0.0038156781290868526,-0.0001615508885298869,0.6486486486486487,0.35135135135135137
MGNT,1,2025-08-26 18:00:00+00:00,2025-08-27 08:00:00+00:00,3655.0,3669.0,191.3751490940687,2679.2520873169615,0.0026812585499316004,14,v3_long,opposite_signal,False,A,True,0.009295967190704033,0.0037656123780525695,-0.00023376623376623377,0.17647058823529413,0.8235294117647058
MGNT,1,2025-08-28 21:00:00+00:00,2025-08-29 13:00:00+00:00,3684.5,3739.7674999999995,190.35191922918796,10520.274695999045,0.010499999999999902,16,v3_long,tp,False,A,True,0.021293910212939103,0.004072565716401333,0.00020480130204801302,0.25477707006369427,0.7452229299363057
MGNT,1,2025-09-04 18:00:00+00:00,2025-09-05 07:00:00+00:00,3469.5,3494.5,204.27030946451714,5106.757736612928,0.0050439544602968725,13,v3_long,opposite_signal,False,A,True,0.012680115273775217,0.004402396481116335,-0.00012103746397694524,0.19318181818181818,0.8068181818181818
MGNT,-1,2025-09-05 09:00:00+00:00,2025-09-05 17:00:00+00:00,3495.0,3529.95,203.8027379407071,-7122.905691027676,-0.006999999999999964,8,v3_short,sl,False,A,True,0.011444921316165951,0.0038212483999698816,6.437768240343348e-05,0.85,0.15
MGNT,1,2025-09-09 15:00:00+00:00,2025-09-10 15:00:00+00:00,3505.0,3469.95,201.79872613952978,-7073.045351190555,-0.007000000000000036,24,v3_long,sl,False,A,True,0.014550641940085592,0.0032637357887001254,3.4236804564907274e-05,0.16666666666666666,0.8333333333333334
MGNT,-1,2025-09-12 10:00:00+00:00,2025-09-12 12:00:00+00:00,3492.0,3466.0,201.13213155017712,5229.435420304605,0.0052119129438717065,2,v3_short,opposite_signal,False,A,True,0.013167310719908402,0.0034233460596706624,-0.000237584084728782,0.8260869565217391,0.17391304347826086
MGNT,-1,2025-09-17 12:00:00+00:00,2025-09-17 12:00:00+00:00,3327.0,3277.095,212.20739650358632,10590.210122511518,0.01050000000000004,0,v3_short,tp,False,A,True,0.026604539305576432,0.00475052805619942,-0.00032767172704043293,0.4011299435028249,0.5988700564971752
MGNT,1,2025-09-27 18:00:00+00:00,2025-09-29 09:00:00+00:00,3213.0,3180.87,222.0439325406753,-7134.271552531922,-0.007000000000000023,39,v3_long,sl,False,A,True,0.008089607965152458,0.006662814472397547,-0.0010345364032358433,0.3076923076923077,0.6923076923076923
MGNT,1,2025-10-12 11:00:00+00:00,2025-10-12 15:00:00+00:00,2999.5,3004.0,236.1837523475304,1062.826885563887,0.0010501750291715287,4,v3_long,opposite_signal,False,A,True,0.0040006667777962995,0.0051613540528359664,-0.00010168361393565594,1.0,0.0
MGNT,-1,2025-10-12 17:00:00+00:00,2025-10-13 10:00:00+00:00,3002.0,3032.02,236.23489140116993,-7091.771439863117,-0.006999999999999995,17,v3_short,sl,False,A,True,0.005331556147950683,0.0035050045046712826,-0.00013995334888370543,0.625,0.375
MGNT,-1,2025-10-30 11:00:00+00:00,2025-10-30 11:00:00+00:00,2844.5,2872.945,247.57001370307893,-7042.12903978412,-0.00700000000000004,0,v3_short,sl,False,A,True,0.014413780980840217,0.0048107613029761956,3.164000703111267e-05,0.9146341463414634,0.08536585365853659
VKCO,1,2022-10-27 23:00:00+00:00,2022-10-28 10:00:00+00:00,445.6,441.144,1570.915619389587,-7000.000000000026,-0.007000000000000026,11,v3_long,sl,False,A,True,0.04080717488789235,0.008478139013452915,0.0005381165919282511,0.38461538461538486,0.6153846153846152
VKCO,1,2022-11-18 17:00:00+00:00,2022-11-21 09:00:00+00:00,502.8,502.4,1382.4582338902146,-552.983293556133,-0.0005568814638027523,64,v3_long,timeout,False,A,True,0.021065182829888757,0.008396263910969811,0.0005007949125596194,0.24528301886792614,0.7547169811320739
VKCO,1,2022-11-25 11:00:00+00:00,2022-11-25 18:00:00+00:00,502.4,497.376,1382.788438882386,-6947.129116945108,-0.007000000000000001,7,v3_long,sl,False,A,True,0.01194267515923567,0.006120621019108286,0.0001313694267515928,0.1999999999999981,0.8000000000000019
VKCO,1,2022-12-01 20:00:00+00:00,2022-12-02 12:00:00+00:00,500.4,495.39599999999996,1378.5969650532559,-6898.499213126519,-0.007000000000000028,16,v3_long,sl,False,A,True,0.021600000000000022,0.003962500000000013,0.00020800000000000183,0.20370370370370244,0.7962962962962976
VKCO,1,2023-01-27 14:00:00+00:00,2023-01-27 16:00:00+00:00,473.2,468.46799999999996,1447.6351899058761,-6850.209718634646,-0.007000000000000041,2,v3_long,sl,False,A,True,0.009716941275876686,0.0037494719053654422,-2.9573299535276244e-05,0.2608695652173875,0.7391304347826124
VKCO,1,2023-03-10 22:00:00+00:00,2023-03-13 09:00:00+00:00,484.4,485.6,1404.2647090429734,1685.1176508516319,0.00173410404624284,59,v3_long,timeout,False,A,True,0.012381345439537762,0.004495607570308354,,0.43333333333332763,0.5666666666666723
VKCO,1,2023-03-23 22:00:00+00:00,2023-03-27 09:00:00+00:00,477.6,479.4,1426.7282399832757,2568.1108319698315,0.002638190954773803,83,v3_long,timeout,False,A,True,0.0067001675041875805,0.00329773869346735,-0.00013400335008375398,0.1250000000000111,0.8749999999999889
VKCO,-1,2023-03-30 18:00:00+00:00,2023-03-31 10:00:00+00:00,484.0,482.2,1411.576621897503,2540.8379194155214,0.0026033057851239834,16,v3_short,opposite_signal,False,A,True,0.007847996695580362,0.0033947748864105866,-0.0001156546881453926,0.7368421052631586,0.2631578947368413
VKCO,1,2023-03-31 12:00:00+00:00,2023-03-31 13:00:00+00:00,483.0,478.17,1418.1815145796736,-6849.816715419801,-0.006999999999999978,1,v3_long,sl,False,A,True,0.012422360248447204,0.0038949275362318942,5.3830227743271695e-05,0.23333333333332953,0.7666666666666705
VKCO,1,2023-04-14 11:00:00+00:00,2023-04-17 09:00:00+00:00,470.0,475.0,1447.2059571089117,7236.029785544559,0.007446808510638298,70,v3_long,timeout,False,A,True,0.007230965546575998,0.005316886431305835,-0.00015312632922160878,0.5294117647058804,0.47058823529411964
VKCO,1,2023-05-18 22:00:00+00:00,2023-05-19 12:00:00+00:00,508.8,516.432,1346.8003551318193,10278.780310366052,0.010500000000000006,14,v3_long,tp,False,A,True,0.018875344081793203,0.005468442784113252,1.1797090051123406e-05,0.04166666666667012,0.9583333333333299
VKCO,1,2023-06-01 21:00:00+00:00,2023-06-02 10:00:00+00:00,570.0,578.55,1214.8195910672384,10386.707503624833,0.010499999999999943,13,v3_long,tp,False,A,True,0.028792134831460633,0.008986569522471882,-0.00016151685393258106,0.12195121951219529,0.8780487804878047
VKCO,1,2023-06-29 17:00:00+00:00,2023-06-30 10:00:00+00:00,624.2,617.9580000000001,1120.983438258352,-6997.17862160859,-0.006999999999999957,17,v3_long,sl,False,A,True,0.009291893623838622,0.004826177507209232,0.00039090035245113887,0.4137931034482867,0.5862068965517133
VKCO,1,2023-07-06 17:00:00+00:00,2023-07-06 22:00:00+00:00,604.8,606.4,1148.8423232899095,1838.1477172638813,0.0018518518518518782,5,v3_long,opposite_signal,False,A,True,0.017514871116985967,0.0054217614011896715,6.939854593522501e-05,0.15094339622640782,0.8490566037735922
VKCO,1,2023-07-07 11:00:00+00:00,2023-07-07 12:00:00+00:00,605.6,606.8,1149.4493733946863,1379.3392480735451,0.0013870541611624046,1,v3_long,opposite_signal,False,A,True,0.009907529722589167,0.00431390356671069,-6.274768824306398e-05,0.3999999999999962,0.6000000000000038
VKCO,1,2023-07-07 14:00:00+00:00,2023-07-10 09:00:00+00:00,605.2,606.0,1151.8044910797646,921.4435928637592,0.0009253139458029878,67,v3_long,timeout,False,A,True,0.008589362405021549,0.0043256524611826755,-4.955401387512388e-05,0.2307692307692375,0.7692307692307625
VKCO,-1,2023-07-20 17:00:00+00:00,2023-07-20 18:00:00+00:00,672.4,662.314,1037.651827061984,10465.756327747184,0.010500000000000013,1,v3_short,tp,False,A,True,0.0368828078524687,0.006348527662105891,-0.0004283164782867334,0.6935483870967727,0.3064516129032273
VKCO,-1,2023-08-03 18:00:00+00:00,2023-08-03 19:00:00+00:00,734.0,741.34,960.5492070107645,-7050.431179459042,-0.007000000000000031,1,v3_short,sl,False,A,True,0.023971669844728833,0.006929310814491957,3.8136747480249994e-05,0.9545454545454569,0.045454545454543104
VKCO,1,2023-08-25 20:00:00+00:00,2023-08-28 09:00:00+00:00,722.8,725.4,968.6051689544546,2518.373439281604,0.0025179856115108137,61,v3_long,timeout,False,A,True,0.022953539823008722,0.007734720685840698,-9.402654867256574e-05,0.15662650602409176,0.8433734939759082
VKCO,1,2024-01-18 17:00:00+00:00,2024-01-18 19:00:00+00:00,633.0,626.67,1108.8004384325068,-7018.706775277813,-0.007000000000000044,2,v3_long,sl,False,A,True,0.013586097946287377,0.004413507109004727,-8.21484992101113e-05,0.20930232558139228,0.7906976744186077
VKCO,-1,2024-01-19 13:00:00+00:00,2024-01-22 09:00:00+00:00,636.6,639.0,1094.812414051339,-2627.5497937231885,-0.00263901979264842,68,v3_short,timeout,False,A,True,0.022306000628338117,0.004722353125981775,-0.0001916431039899437,1.0,0.0
VKCO,-1,2024-02-29 18:00:00+00:00,2024-03-01 09:00:00+00:00,648.6,665.0,1071.7210883895716,-17576.22584958895,-0.017699660807893904,15,v3_short,gap_sl,False,A,True,0.020968239284613048,0.005666049953746543,-0.00028677150786309534,0.7205882352941214,0.27941176470587853
VKCO,-1,2024-03-07 17:00:00+00:00,2024-03-11 09:00:00+00:00,659.4,658.6,1035.509462897731,828.4075703181378,0.000849256900212266,88,v3_short,timeout,False,A,True,0.01334546557476487,0.004104109796784941,-0.00010919017288444109,0.9318181818181789,0.06818181818182112
VKCO,-1,2024-03-21 19:00:00+00:00,2024-03-22 13:00:00+00:00,630.6,621.141,1083.7215749032453,10250.922377009862,0.010500000000000065,18,v3_short,tp,False,A,True,0.026958452267681572,0.0066206787186806,-0.00025689819219790747,0.3882352941176484,0.6117647058823517
VKCO,1,2024-03-28 17:00:00+00:00,2024-03-28 20:00:00+00:00,614.0,607.86,1124.7076071626927,-6905.704707978918,-0.006999999999999984,3,v3_long,sl,False,A,True,0.008143322475570033,0.004224348534201937,0.00010097719869706915,0.2,0.8
VKCO,-1,2024-04-12 18:00:00+00:00,2024-04-12 19:00:00+00:00,604.2,610.2420000000001,1134.9494827909766,-6857.364775023115,-0.007000000000000033,1,v3_short,sl,False,A,True,0.01224760013240645,0.0035584243627937743,-0.00011585567692816948,0.9729729729729821,0.027027027027017893
VKCO,-1,2024-04-19 12:00:00+00:00,2024-04-22 09:00:00+00:00,604.6,601.0,1126.2592162748792,4054.533178589591,0.004168044988422123,69,v3_short,timeout,False,A,True,0.007936507936507861,0.0035962301587301425,-0.000218253968253969,0.7083333333333353,0.2916666666666647
VKCO,-1,2024-04-25 17:00:00+00:00,2024-04-26 14:00:00+00:00,602.0,595.6,1135.8380322006724,7269.363406084278,0.0074418604651162535,21,v3_short,opposite_signal,False,A,True,0.019926934573231483,0.004390152773165074,-0.00033211557622052476,0.9166666666666666,0.08333333333333333
VKCO,1,2024-04-26 16:00:00+00:00,2024-04-27 17:00:00+00:00,596.0,590.04,1155.8104861897043,-6888.6304976906795,-0.007000000000000043,25,v3_long,sl,False,A,True,0.018456375838926176,0.005023070469798655,0.00010067114093959731,0.18181818181818182,0.8181818181818182
VKCO,1,2024-04-30 15:00:00+00:00,2024-05-02 11:00:00+00:00,581.2,575.388,1176.9459883356508,-6840.4100842068165,-0.007000000000000014,44,v3_long,sl,False,A,True,0.009631922944616483,0.003685684800235875,-9.631922944616678e-05,0.21428571428572155,0.7857142857142785
VKCO,-1,2024-05-23 17:00:00+00:00,2024-05-24 11:00:00+00:00,614.0,604.79,1106.2747904914258,10188.790820426073,0.010500000000000042,18,v3_short,tp,False,A,True,0.02768729641693811,0.006921824104234505,-0.0002801302931596099,0.8000000000000014,0.19999999999999865
VKCO,-1,2024-05-30 18:00:00+00:00,2024-05-30 20:00:00+00:00,574.0,565.39,1195.792465045355,10295.773124040523,0.010500000000000018,2,v3_short,tp,False,A,True,0.01289198606271773,0.006097560975609743,8.013937282229807e-05,0.7297297297297289,0.2702702702702711
VKCO,-1,2024-06-14 15:00:00+00:00,2024-06-14 16:00:00+00:00,550.2,555.702,1260.6178046580553,-6935.91916122856,-0.0069999999999999386,1,v3_short,sl,False,A,True,0.01780523255813966,0.009240033222591369,-0.00014534883720930232,0.5918367346938804,0.4081632653061196
VKCO,1,2024-06-27 19:00:00+00:00,2024-06-28 18:00:00+00:00,513.4,508.26599999999996,1341.5207882937325,-6887.367727100042,-0.007000000000000022,23,v3_long,sl,False,A,True,0.021400778210116732,0.006335116731517502,0.000330739299610895,0.49090909090908885,0.5090909090909111
VKCO,-1,2024-07-25 18:00:00+00:00,2024-07-26 10:00:00+00:00,471.2,475.912,1451.4338185505776,-6839.156153010305,-0.006999999999999984,16,v3_short,sl,False,A,True,0.022929936305732507,0.006037685774946937,7.218683651804864e-05,0.9259259259259249,0.07407407407407506
VKCO,1,2024-10-11 11:00:00+00:00,2024-10-11 18:00:00+00:00,337.0,340.0,2015.2172284686199,6045.651685405859,0.006231454005934718,7,v3_long,opposite_signal,False,A,True,0.01304863582443647,0.007376927639383163,0.00020166073546856668,0.09090909090908621,0.9090909090909138
VKCO,1,2025-03-18 19:00:00+00:00,2025-03-18 20:00:00+00:00,333.2,329.868,2050.900846859871,-6833.601621737077,-0.006999999999999987,1,v3_long,sl,False,A,True,0.021295740851829704,0.005862463870862197,0.0002999400119975971,0.39436619718309895,0.605633802816901
VKCO,1,2025-04-14 08:00:00+00:00,2025-04-14 09:00:00+00:00,254.5,251.95499999999998,2666.312931388971,-6785.766410384973,-0.007000000000000044,1,v3_long,sl,False,A,True,0.016496465043204983,0.004141969577947576,0.00021602513747054426,0.28571428571428376,0.7142857142857162
VKCO,1,2025-05-19 18:00:00+00:00,2025-05-20 10:00:00+00:00,261.2,258.58799999999997,2579.7343206402124,-6738.266045512295,-0.007000000000000063,16,v3_long,sl,False,A,True,0.01991574109536593,0.005285331290693203,0.0003102259670624247,0.25,0.75
VKCO,-1,2025-05-31 11:00:00+00:00,2025-06-01 11:00:00+00:00,261.6,260.0,2557.7592443400795,4092.4147909441854,0.004281345565749296,24,v3_short,opposite_signal,False,A,True,0.014902560183416257,0.007107374856706134,0.0001719526175009553,0.820512820512825,0.179487179487175
VKCO,1,2025-06-01 13:00:00+00:00,2025-06-01 14:00:00+00:00,258.6,256.014,2598.5093142808423,-6719.745086730291,-0.007000000000000035,1,v3_long,sl,False,A,True,0.013518733101583625,0.005021243723445333,0.00010428736964078532,0.05714285714287014,0.9428571428571298
VKCO,-1,2025-06-15 14:00:00+00:00,2025-06-16 07:00:00+00:00,259.4,261.99399999999997,2572.3619395231867,-6672.706871123131,-0.0069999999999999845,17,v3_short,sl,False,A,True,0.012721665381649786,0.0039978297495645385,-6.553585196607732e-05,0.3939393939393856,0.6060606060606144
VKCO,-1,2025-06-17 12:00:00+00:00,2025-06-17 12:00:00+00:00,260.4,263.00399999999996,2544.5460533891264,-6625.9979230252475,-0.006999999999999962,0,v3_short,sl,False,A,True,0.019976949673453773,0.006251527957252124,-0.00013061851709565797,1.0192307692307625,-0.01923076923076261
VKCO,-1,2025-06-29 11:00:00+00:00,2025-06-30 10:00:00+00:00,268.8,271.488,2447.7737862961703,-6579.615937564077,-0.006999999999999969,23,v3_short,sl,False,A,True,0.004469273743016718,0.0046348024001655235,-0.00015270018621974015,0.8333333333333413,0.16666666666665877
VKCO,1,2025-07-06 11:00:00+00:00,2025-07-07 07:00:00+00:00,288.3,285.41700000000003,2266.2360825532983,-6533.558626001117,-0.006999999999999956,20,v3_long,sl,False,A,True,0.004509191814082592,0.005562621240734304,-0.00035726673603884686,0.2307692307692375,0.7692307692307625
VKCO,-1,2025-07-08 17:00:00+00:00,2025-07-08 17:00:00+00:00,286.4,289.26399999999995,2265.3015766826643,-6487.823715619096,-0.006999999999999941,0,v3_short,sl,False,A,True,0.02929891873038011,0.0076206783566393,-0.00025462155563306827,0.821428571428571,0.17857142857142905
VKCO,1,2025-07-21 08:00:00+00:00,2025-07-21 09:00:00+00:00,333.5,330.165,1931.7568064797056,-6442.408949609779,-0.0069999999999999585,1,v3_long,sl,False,A,True,0.016191904047975943,0.0041433828540275285,0.00030584707646177044,1.0,0.0
VKCO,1,2025-07-23 08:00:00+00:00,2025-07-23 16:00:00+00:00,334.2,330.858,1914.2166627655743,-6397.31208696252,-0.006999999999999968,8,v3_long,sl,False,A,True,0.02872531418312395,0.007370310875933098,0.00043686415320167636,0.13541666666666752,0.8645833333333325
VKCO,-1,2025-07-24 21:00:00+00:00,2025-07-25 10:00:00+00:00,335.1,332.0,1895.7119971213997,5876.7071910763825,0.006475678901820399,13,v3_short,opposite_signal,False,A,True,0.017009847806624852,0.005921248959462207,-0.00031632348552670573,0.8771929824561421,0.1228070175438579
VKCO,1,2025-07-25 12:00:00+00:00,2025-07-25 13:00:00+00:00,330.8,327.492,1932.7895564363198,-6393.667852691332,-0.0069999999999999845,1,v3_long,sl,False,A,True,0.016928657799274553,0.005831158913001964,-0.00026299879081015853,0.10714285714286077,0.8928571428571392
VKCO,-1,2025-07-28 09:00:00+00:00,2025-07-28 11:00:00+00:00,323.9,322.6,1960.145778858446,2548.189512515891,0.002809509107749207,2,v3_short,opposite_signal,False,A,True,0.012040753318925524,0.0033424164731465597,-0.00033961099104661935,0.7948717948717907,0.20512820512820923
VKCO,1,2025-07-28 16:00:00+00:00,2025-07-28 16:00:00+00:00,323.5,320.265,1968.0833089057553,-6366.749504310145,-0.0070000000000000305,0,v3_long,sl,False,A,True,0.026584234930448116,0.0057372488408037,-3.709428129830125e-05,0.39534883720930125,0.6046511627906987
VKCO,1,2025-08-08 14:00:00+00:00,2025-08-08 15:00:00+00:00,329.9,330.5,1916.3935307001962,1149.8361184201613,0.0012731130645650681,1,v3_long,opposite_signal,False,A,True,0.016671718702637162,0.007514238764537903,0.00015459230069718165,0.43636363636363223,0.5636363636363678
VKCO,1,2025-08-15 15:00:00+00:00,2025-08-16 09:00:00+00:00,350.9,347.0,1803.998606614103,-7035.5945657949605,-0.007779994300370431,18,v3_long,gap_sl,False,A,True,0.014253135689851766,0.006398907759707145,-0.000427594070695553,0.6,0.4
VKCO,-1,2025-08-18 09:00:00+00:00,2025-08-18 19:00:00+00:00,345.3,344.0,1818.9927450472987,2364.690568561509,0.002635389516362606,10,v3_short,opposite_signal,False,A,True,0.01100492325514049,0.0035759704856520593,-0.00039675644367216716,0.9473684210526347,0.052631578947365275
VKCO,1,2025-08-20 17:00:00+00:00,2025-08-21 10:00:00+00:00,345.2,341.748,1824.3148269490887,-6297.5347826282505,-0.006999999999999997,17,v3_long,sl,False,A,True,0.013900955690703603,0.005807307147103192,0.00021720243266724586,0.020833333333326425,0.9791666666666736
VKCO,-1,2025-08-23 18:00:00+00:00,2025-08-25 11:00:00+00:00,340.0,334.9,1839.2505997499575,9380.178058724825,0.010500000000000047,41,v3_short,tp,False,A,True,0.01528063473405815,0.005062759749800587,-9.991184249192158e-05,0.6153846153846145,0.38461538461538547
VKCO,-1,2025-08-26 22:00:00+00:00,2025-08-27 07:00:00+00:00,337.9,341.279,1870.1134316546106,-6319.113285560965,-0.007000000000000039,9,v3_short,sl,False,A,True,0.01923646049126961,0.00566648677819752,-0.00025747262503699456,0.8769230769230751,0.12307692307692483
VKCO,1,2025-08-29 08:00:00+00:00,2025-08-29 12:00:00+00:00,341.0,337.59,1840.1406136545463,-6274.879492562049,-0.007000000000000051,4,v3_long,sl,False,A,True,0.019648093841642195,0.005317178576940884,0.00027272727272727474,0.4477611940298515,0.5522388059701485
VKCO,1,2025-08-30 17:00:00+00:00,2025-09-01 10:00:00+00:00,338.1,343.1715,1842.9326637427,9346.433004171025,0.010499999999999914,41,v3_long,tp,False,A,True,0.012714370195150832,0.004908338261383794,-0.000319337670017743,0.39534883720931185,0.6046511627906881
VKCO,1,2025-09-01 17:00:00+00:00,2025-09-01 17:00:00+00:00,338.1,334.719,1862.2834567119978,-6296.380367143318,-0.007000000000000058,0,v3_long,sl,False,A,True,0.018337769890565056,0.0036912156166814666,0.00011535048802129815,0.11290322580645812,0.8870967741935418
VKCO,1,2025-09-06 12:00:00+00:00,2025-09-07 10:00:00+00:00,329.5,330.6,1897.51311216184,2087.264423378067,0.0023368740515933716,22,v3_long,opposite_signal,False,A,True,0.010015174506828562,0.005549533925861705,-0.00017905918057663402,0.303030303030302,0.696969696969698
VKCO,-1,2025-09-07 12:00:00+00:00,2025-09-08 14:00:00+00:00,330.9,334.209,1893.9004398721395,-6266.916555536959,-0.0070000000000000565,26,v3_short,sl,False,A,True,0.0066465256797582735,0.003927492447129899,-7.250755287009338e-05,0.9545454545454439,0.045454545454556024
VKCO,1,2025-09-09 15:00:00+00:00,2025-09-09 16:00:00+00:00,331.6,328.284,1876.673142234062,-6223.048139648207,-0.007000000000000064,1,v3_long,sl,False,A,True,0.01749622926093518,0.0038210155857214692,0.00023227752639517484,0.06896551724138505,0.9310344827586149
VKCO,1,2025-09-12 12:00:00+00:00,2025-09-12 13:00:00+00:00,323.8,328.657,1908.427054561647,9269.230204005864,0.010499999999999936,1,v3_long,tp,False,A,True,0.01760889712696938,0.005438759084922667,-0.00024096385542168535,0.14035087719298472,0.8596491228070152
VKCO,-1,2025-09-12 15:00:00+00:00,2025-09-12 15:00:00+00:00,327.3,322.39050000000003,1907.8433895810124,9366.557121147942,0.010499999999999956,0,v3_short,tp,False,A,True,0.027200488997554943,0.005718376013383066,-5.501222493887391e-05,0.5280898876404495,0.4719101123595505
VKCO,1,2025-09-12 17:00:00+00:00,2025-09-12 19:00:00+00:00,323.8,320.562,1948.7144267902067,-6309.937313946689,-0.006999999999999999,2,v3_long,sl,False,A,True,0.02900339401419308,0.005821789895906047,-7.096575131132226e-05,0.18085106382978647,0.8191489361702136
VKCO,-1,2025-09-27 17:00:00+00:00,2025-09-28 17:00:00+00:00,298.0,295.8,2102.6066284392828,4625.734582566398,0.005167785234899302,24,v3_short,opposite_signal,False,A,True,0.00906040268456372,0.005714285714285717,1.342281879194173e-05,0.6666666666666737,0.3333333333333263
VKCO,-1,2025-09-29 12:00:00+00:00,2025-09-29 16:00:00+00:00,296.3,291.8555,2125.5983445248157,9447.221842240555,0.010500000000000015,4,v3_short,tp,False,A,True,0.011137360782990251,0.0033749578130273217,1.3499831252112417e-05,0.636363636363641,0.36363636363635893
OZON,-1,2022-10-28 19:00:00+00:00,2022-10-31 09:00:00+00:00,1329.5,1330.0,526.5137269650245,-263.25686348251224,-0.00026325686348251223,62,v3_short,timeout,False,A,True,0.04174501692365551,0.006922245204964273,-0.0003234298608499436,0.9099099099099099,0.09009009009009009
OZON,1,2022-11-17 20:00:00+00:00,2022-11-18 10:00:00+00:00,1483.0,1468.17,471.89192191204467,-6998.157201955588,-0.0069999999999999655,14,v3_long,sl,False,A,True,0.03505224132119986,0.01183855746545332,-0.0003538928210313448,0.5769230769230769,0.4230769230769231
OZON,-1,2022-11-18 16:00:00+00:00,2022-11-21 09:00:00+00:00,1497.5,1498.0,464.0514258124831,-232.02571290624155,-0.00023372287145242073,65,v3_short,timeout,False,A,True,0.02137608550434202,0.005458834335337341,0.000554442217768871,0.921875,0.078125
OZON,-1,2022-12-02 20:00:00+00:00,2022-12-05 09:00:00+00:00,1429.0,1426.0,486.182359800671,1458.547079402013,0.0014695591322603217,61,v3_short,timeout,False,A,True,0.017132867132867134,0.004053758741258741,0.0003006993006993007,0.1836734693877551,0.8163265306122449
OZON,1,2022-12-08 17:00:00+00:00,2022-12-08 19:00:00+00:00,1441.0,1426.59,482.84217564936876,-6957.755751107443,-0.007000000000000039,2,v3_long,sl,False,A,True,0.01664932362122789,0.005387183489420742,-0.00014568158168574402,0.041666666666666664,0.9583333333333334
OZON,1,2022-12-30 16:00:00+00:00,2022-12-30 17:00:00+00:00,1394.0,1406.0,495.6277948959578,5947.533538751493,0.006025824964131995,1,v3_long,opposite_signal,False,A,True,0.017934002869440458,0.006019099713055954,-6.814921090387374e-05,0.14,0.86
OZON,1,2023-01-06 17:00:00+00:00,2023-01-06 17:00:00+00:00,1433.0,1418.67,485.04425649831904,-6950.684195620876,-0.006999999999999964,0,v3_long,sl,False,A,True,0.0118673647469459,0.003544938917975567,-4.18848167539267e-05,0.29411764705882354,0.7058823529411765
OZON,1,2023-01-19 20:00:00+00:00,2023-01-20 11:00:00+00:00,1552.0,1575.2799999999997,444.7183895780649,10353.044109377237,0.010499999999999886,15,v3_long,tp,False,A,True,0.017724782468578795,0.005619561714469868,-0.00011279407025459232,0.38181818181818183,0.6181818181818182
OZON,-1,2023-01-20 13:00:00+00:00,2023-01-23 09:00:00+00:00,1557.5,1570.0,447.80100898986876,-5597.51261237336,-0.0056179775280898875,68,v3_short,timeout,False,A,True,0.02247191011235955,0.0051966292134831464,9.630818619582665e-06,0.45714285714285713,0.5428571428571428
OZON,-1,2023-01-27 11:00:00+00:00,2023-01-27 17:00:00+00:00,1621.5,1637.715,427.7100294005917,-6935.318126730559,-0.0069999999999999655,6,v3_short,sl,False,A,True,0.01140215716486903,0.006336671802773497,0.00017257318952234208,0.40540540540540543,0.5945945945945946
OZON,-1,2023-02-10 19:00:00+00:00,2023-02-13 09:00:00+00:00,1673.5,1682.0,411.5190259840741,-3497.91172086463,-0.0035554227666567077,62,v3_short,timeout,False,A,True,0.01254855094114132,0.004248207349865551,-0.00023603226770242008,0.9285714285714286,0.07142857142857142
OZON,-1,2023-03-03 13:00:00+00:00,2023-03-03 16:00:00+00:00,1662.0,1678.6200000000001,412.8932321177754,-6862.285517797476,-0.00700000000000005,3,v3_short,sl,False,A,True,0.014431749849669273,0.003974368610944077,-0.00014732411304870714,0.8125,0.1875
OZON,1,2023-03-10 15:00:00+00:00,2023-03-13 09:00:00+00:00,1660.5,1659.5,410.3733525548236,-410.3733525548236,-0.0004215597711532671,66,v3_long,timeout,False,A,True,0.016877637130801686,0.004807830305117828,-0.0002652200120554551,0.5178571428571429,0.48214285714285715
OZON,-1,2023-03-23 21:00:00+00:00,2023-03-27 09:00:00+00:00,1671.0,1670.0,407.6227950751024,407.6227950751024,0.00041891083183722317,84,v3_short,timeout,False,A,True,0.013760095722405025,0.0031502393060125634,-0.00020041878552198625,0.8043478260869565,0.1956521739130435
OZON,-1,2023-04-20 20:00:00+00:00,2023-04-21 10:00:00+00:00,1707.0,1696.5,399.19333715702913,4191.530040148806,0.0043057996485061515,14,v3_short,opposite_signal,False,A,True,0.021681804863756225,0.005264796366832698,-0.0002754175212423088,1.0,0.0
OZON,1,2023-05-18 17:00:00+00:00,2023-05-19 10:00:00+00:00,1697.5,1680.525,403.1558748483963,-6843.570975551491,-0.006999999999999962,17,v3_long,sl,False,A,True,0.01678445229681979,0.004969081272084805,0.00010306242638398115,0.6140350877192983,0.38596491228070173
OZON,-1,2023-06-01 17:00:00+00:00,2023-06-02 16:00:00+00:00,1771.5,1789.215,383.61083707155905,-6795.665978722637,-0.006999999999999968,23,v3_short,sl,False,A,True,0.016101694915254237,0.007044491525423729,0.00013841807909604519,0.7368421052631579,0.2631578947368421
OZON,1,2023-06-02 20:00:00+00:00,2023-06-05 09:00:00+00:00,1772.5,1788.5,380.71065257385663,6091.370441181706,0.0063187588152327214,61,v3_long,timeout,False,A,True,0.02228490832157969,0.005879760225669958,0.00036389280677009874,0.379746835443038,0.620253164556962
OZON,1,2023-06-29 18:00:00+00:00,2023-07-03 09:00:00+00:00,1963.0,1966.5,345.93662302393693,1210.7781805837792,0.0012480896586856852,87,v3_long,timeout,False,A,True,0.010949834479246244,0.004615482556659028,0.0004507257448433919,0.0,1.0
OZON,-1,2023-07-07 11:00:00+00:00,2023-07-07 12:00:00+00:00,1953.0,1950.0,348.1419025716317,1044.425707714895,0.0010752688172043009,1,v3_short,opposite_signal,False,A,True,0.01228878648233487,0.005176331285202253,0.00029185867895545315,0.3333333333333333,0.6666666666666666
OZON,1,2023-07-07 14:00:00+00:00,2023-07-07 18:00:00+00:00,1957.5,1961.0,347.71506192480064,1217.0027167368023,0.0012515964240102173,4,v3_long,opposite_signal,False,A,True,0.020163348647269014,0.00543166156202144,0.00024757529351710053,0.31645569620253167,0.6835443037974683
OZON,-1,2023-07-07 20:00:00+00:00,2023-07-10 09:00:00+00:00,1958.0,1975.5,348.06135629188606,-6091.073735108006,-0.00625638406537283,61,v3_short,timeout,False,A,True,0.018901660280970626,0.0053480204342273305,0.0002247765006385696,0.28378378378378377,0.7162162162162162
OZON,-1,2023-07-14 19:00:00+00:00,2023-07-17 09:00:00+00:00,2042.5,2026.5,331.57423941490197,5305.1878306384315,0.005483476132190942,62,v3_short,timeout,False,A,True,0.01566324033284386,0.005552496328928047,-0.000166421928536466,0.984375,0.015625
OZON,-1,2023-08-25 18:00:00+00:00,2023-08-28 09:00:00+00:00,2882.0,2875.0,236.2782843464206,1653.9479904249442,0.001700208188757807,63,v3_short,timeout,False,A,True,0.01718153418951753,0.007592849704963554,-0.00034883720930232553,0.8383838383838383,0.16161616161616163
OZON,-1,2023-09-01 11:00:00+00:00,2023-09-04 09:00:00+00:00,2833.0,2816.0,240.77366010578243,4093.152221798301,0.004200494175785386,70,v3_short,timeout,False,A,True,0.02717966819625838,0.005962098482174373,-0.00036886692552064946,0.6558441558441559,0.34415584415584416
OZON,1,2023-10-13 16:00:00+00:00,2023-10-13 16:00:00+00:00,2714.5,2722.5,252.3400204954653,2018.7201639637224,0.002062995026708418,0,v3_long,opposite_signal,False,A,True,0.015291083271923361,0.006033529845246868,-8.10611643330877e-05,0.4457831325301205,0.5542168674698795
OZON,1,2023-10-20 12:00:00+00:00,2023-10-20 12:00:00+00:00,2760.5,2732.895,248.647016754108,-6863.900897497156,-0.0070000000000000045,0,v3_long,sl,False,A,True,0.020105053432349213,0.005682847310269879,0.0002227857272233291,0.35135135135135137,0.6486486486486487
OZON,1,2023-10-26 17:00:00+00:00,2023-10-27 13:00:00+00:00,2707.5,2680.425,251.73974482787335,-6815.853591214625,-0.006999999999999953,20,v3_long,sl,False,A,True,0.017718715393133997,0.004222037652270211,0.00013842746400885935,0.09375,0.90625
OZON,1,2023-11-03 14:00:00+00:00,2023-11-03 18:00:00+00:00,2609.0,2632.0,259.4152018427048,5966.549642382211,0.0061709467228823305,4,v3_long,opposite_signal,False,A,True,0.026638558834802605,0.0059469624377156,0.0002472211575316213,0.1510791366906475,0.8489208633093526
OZON,-1,2023-11-09 20:00:00+00:00,2023-11-10 10:00:00+00:00,2678.0,2667.0,254.29083135074097,2797.1991448581507,0.002875280059746079,14,v3_short,opposite_signal,False,A,True,0.01362957430918596,0.004095873786407767,4.854368932038835e-05,0.7671232876712328,0.2328767123287671
OZON,1,2023-11-10 12:00:00+00:00,2023-11-10 13:00:00+00:00,2684.0,2672.0,254.45189484302722,-3053.4227381163264,-0.0031296572280178833,1,v3_long,opposite_signal,False,A,True,0.012299664554603056,0.004501723816623183,4.286246738725308e-05,0.7121212121212122,0.2878787878787879
OZON,1,2023-11-10 15:00:00+00:00,2023-11-13 09:00:00+00:00,2665.5,2645.0,255.4160532140325,-5236.029090887666,-0.005383605327330707,66,v3_long,timeout,False,A,True,0.012380416432189083,0.004443350215719377,-1.8758206715438006e-05,0.15151515151515152,0.8484848484848485
OZON,1,2024-02-01 19:00:00+00:00,2024-02-02 10:00:00+00:00,2906.0,2876.94,233.0166102816181,-6771.46269478381,-0.006999999999999986,15,v3_long,sl,False,A,True,0.015979381443298968,0.004939862542955326,0.00025601374570446734,0.24731182795698925,0.7526881720430108
OZON,-1,2024-02-29 17:00:00+00:00,2024-02-29 20:00:00+00:00,3174.0,3205.7400000000002,211.84821852300993,-6724.062455920385,-0.007000000000000051,3,v3_short,sl,False,A,True,0.0165406427221172,0.005040957781978576,0.0001528040327662256,0.9809523809523809,0.01904761904761905
OZON,1,2024-04-11 21:00:00+00:00,2024-04-12 13:00:00+00:00,3754.5,3716.955,177.83976611343437,-6676.994018728906,-0.007000000000000013,16,v3_long,sl,False,A,True,0.019842855240378213,0.006009455320282328,-0.0001065388200825676,0.19463087248322147,0.8053691275167785
OZON,-1,2024-04-30 20:00:00+00:00,2024-05-02 13:00:00+00:00,4356.0,4290.66,152.2097121349355,9945.382590896708,0.010500000000000023,41,v3_short,tp,False,A,True,0.023642832549064616,0.005879808244091499,0.00044186847239756686,0.5339805825242718,0.46601941747572817
OZON,-1,2024-05-17 11:00:00+00:00,2024-05-17 12:00:00+00:00,4534.5,4579.845,147.75328567061567,-6699.872738734105,-0.007000000000000039,1,v3_short,sl,False,A,True,0.01466696074106749,0.004866012351124834,-0.00024922805469783854,0.7443609022556391,0.2556390977443609
OZON,1,2024-05-24 14:00:00+00:00,2024-05-24 14:00:00+00:00,4616.5,4570.335,144.1129346813155,-6652.9736295629245,-0.006999999999999996,0,v3_long,sl,False,A,True,0.026643561139391314,0.005137820859958843,7.798115455431604e-05,0.4105691056910569,0.5894308943089431
OZON,-1,2024-07-25 17:00:00+00:00,2024-07-26 10:00:00+00:00,3988.0,4027.88,165.6570414783347,-6606.402814156006,-0.007000000000000018,17,v3_short,sl,False,A,True,0.012036108324974924,0.005242289368104313,0.00011409227683049148,0.9166666666666666,0.08333333333333333
OZON,1,2024-07-26 14:00:00+00:00,2024-07-26 14:00:00+00:00,3982.5,3942.675,164.72462007424724,-6560.157994456867,-0.006999999999999968,0,v3_long,sl,False,A,True,0.040918790008786246,0.006130758127275009,0.0005384711936739048,0.3128834355828221,0.6871165644171779
OZON,1,2024-08-09 18:00:00+00:00,2024-08-12 09:00:00+00:00,3659.0,3650.0,178.0332574062776,-1602.2993166564986,-0.001721781907625034,63,v3_long,timeout,False,A,True,0.02050020500205002,0.007311739784064507,0.00016126827934946015,0.6533333333333333,0.3466666666666667
OZON,-1,2024-10-18 23:00:00+00:00,2024-10-21 09:00:00+00:00,3078.5,3080.0,211.2399153249668,-316.8598729874502,-0.00034107519896053276,58,v3_short,timeout,False,A,True,0.013313849650917357,0.004810034096444228,-0.0004205228121448287,0.8414634146341463,0.15853658536585366
OZON,-1,2024-10-24 18:00:00+00:00,2024-10-25 13:00:00+00:00,3015.0,2969.775,215.6153490603048,9751.204161252264,0.010499999999999978,19,v3_short,tp,False,A,True,0.022885572139303482,0.005197968490878939,-0.00024046434494195688,0.8695652173913043,0.13043478260869565
OZON,1,2024-10-25 15:00:00+00:00,2024-10-25 16:00:00+00:00,2975.0,2945.25,220.80877994275482,-6569.061203296956,-0.007,1,v3_long,sl,False,A,True,0.03429724277067922,0.006509541022192334,-0.00015131136516476128,0.3431372549019608,0.6568627450980392
OZON,-1,2025-03-07 15:00:00+00:00,2025-03-07 17:00:00+00:00,4073.0,4011.9049999999997,160.15413147247426,9784.616662310857,0.010500000000000044,2,v3_short,tp,False,A,True,0.018413945494721334,0.005888626319666094,-3.682789098944267e-05,0.84,0.16
OZON,-1,2025-03-20 18:00:00+00:00,2025-03-21 13:00:00+00:00,4011.0,3980.0,164.33732464497766,5094.457063994308,0.005410122164048866,19,v3_short,opposite_signal,False,A,True,0.016826623457559517,0.005620559641032033,-8.724915866882712e-05,0.8074074074074075,0.1925925925925926
OZON,1,2025-03-21 15:00:00+00:00,2025-03-24 09:00:00+00:00,3976.0,3956.0,166.68086747882327,-3333.6173495764656,-0.0035211267605633804,66,v3_long,timeout,False,A,True,0.011066398390342052,0.004087022132796781,0.00011946680080482897,0.10227272727272728,0.8977272727272727
OZON,1,2025-05-23 11:00:00+00:00,2025-05-26 09:00:00+00:00,3512.0,3490.0,188.03804013413946,-4136.836882951068,-0.00438496583143508,70,v3_long,timeout,False,A,True,0.02191858810133789,0.00464791488756049,9.962994591517222e-05,0.21428571428571427,0.7857142857142857
OZON,1,2025-06-20 18:00:00+00:00,2025-06-23 09:00:00+00:00,3746.5,3720.0,175.49547874897425,-4650.630186847818,-0.0049512878686774325,63,v3_long,timeout,False,A,True,0.008805870580386925,0.0033980987324883256,-0.00017745163442294863,0.3181818181818182,0.6818181818181818
OZON,1,2025-09-04 18:00:00+00:00,2025-09-05 13:00:00+00:00,4317.5,4274.325,151.53175912037952,-6542.383700022413,-0.007000000000000029,19,v3_long,sl,False,A,True,0.028131511924056496,0.004851383422088447,5.441074322759898e-05,0.3497942386831276,0.6502057613168725
OZON,-1,2025-09-11 19:00:00+00:00,2025-09-12 13:00:00+00:00,4376.0,4310.36,148.459483869338,9744.880521183393,0.010500000000000053,18,v3_short,tp,False,A,True,0.01862431444241316,0.005773680301645338,-8.226691042047531e-05,0.8098159509202454,0.1901840490797546
