symbol,side,entry_time,exit_time,entry_price,exit_price,qty,pnl,pnl_rel,bars_held,entry_reason,exit_reason,post_circuit_breaker,entry_geo_class,entry_geo_valid_box,entry_geo_h_pct,entry_atr_pct,entry_slope_pct_per_bar,entry_dist_L_pct,entry_dist_U_pct
SBER,-1,2022-01-06 19:20:00+00:00,2022-01-06 19:20:00+00:00,292.92,292.92,2389.7309845691652,-0.0,-0.0,0,v3_short,opposite_signal,False,A,True,0.009761425304617757,0.003969627715928164,-1.2287108775040102e-05,0.8321678321678432,0.16783216783215685
SBER,-1,2022-01-31 20:50:00+00:00,2022-01-31 23:40:00+00:00,266.88,269.54879999999997,2622.901678657074,-6999.999999999937,-0.006999999999999937,17,v3_short,sl,False,A,True,0.009666541775945989,0.003478334008762729,8.654926938928234e-05,0.9224806201550427,0.07751937984495731
SBER,-1,2022-02-01 23:40:00+00:00,2022-02-02 07:00:00+00:00,263.75,266.3875,2635.450236966825,-6950.999999999971,-0.00699999999999997,44,v3_short,sl,False,A,True,0.012092494313874137,0.003308010088038256,-0.00018574677786202014,0.8463949843260159,0.15360501567398416
SBER,1,2022-02-02 19:30:00+00:00,2022-02-02 23:40:00+00:00,257.6,261.0,2679.48097826087,9110.235326086897,0.009239130434782547,25,v3_long,opposite_signal,False,A,True,0.020260829063810073,0.005586817866410674,-0.0002449153858096592,0.061302681992346425,0.9386973180076535
SBER,-1,2022-02-03 19:40:00+00:00,2022-02-03 22:40:00+00:00,253.57,251.58,2747.215619861423,5466.959083524179,0.005493552076349674,18,v3_short,opposite_signal,False,A,True,0.013605710454706743,0.0044764839721430985,-0.00022242378830303217,0.889855072463769,0.11014492753623092
SBER,1,2022-02-04 19:40:00+00:00,2022-02-04 21:50:00+00:00,255.39,255.97,2742.622405288883,1590.7209950675863,0.0015897255178355014,13,v3_long,opposite_signal,False,A,True,0.013942740766850639,0.004169074515013377,-2.9373751615556335e-05,0.735955056179774,0.26404494382022603
SBER,-1,2022-02-10 13:20:00+00:00,2022-02-10 15:50:00+00:00,276.67,279.43670000000003,2535.6989944094958,-7015.518407832788,-0.007000000000000037,15,v3_short,sl,False,A,True,0.01293960313731154,0.003944345434207002,,0.8379888268156462,0.16201117318435382
SBER,-1,2022-10-28 13:20:00+00:00,2022-10-28 21:20:00+00:00,126.32,126.82,5514.890578671566,-2757.445289335783,-0.0027707409753008234,48,v3_short,timeout,False,A,True,0.017095370003957347,0.004609267529726584,,0.7962962962962918,0.20370370370370822
SBER,-1,2023-05-03 13:20:00+00:00,2023-05-03 18:30:00+00:00,241.82,238.1927,2872.8424704129397,10420.66149292883,0.010499999999999973,31,v3_short,tp,False,A,True,0.013935409171732227,0.003373089714734671,,0.6528189910979186,0.3471810089020814
SBER,-1,2023-05-04 13:20:00+00:00,2023-05-04 21:20:00+00:00,239.2,238.74,2934.8044700681744,1350.0100562313003,0.0013461538461537865,48,v3_short,timeout,False,A,True,0.014673913043478343,0.0031613314222010036,,0.8461538461538411,0.15384615384615882
SBER,-1,2023-06-07 13:20:00+00:00,2023-06-07 21:20:00+00:00,242.67,241.36,2896.733161411255,3794.720441448668,0.0037787942473316923,48,v3_short,timeout,False,A,True,0.02006675182331371,0.0036750783382288685,,0.8439425051334664,0.15605749486653359
SBER,-1,2023-06-27 13:20:00+00:00,2023-06-27 16:50:00+00:00,239.01,241.40009999999998,2952.205098484094,-7056.065405886802,-0.00699999999999997,21,v3_short,sl,False,A,True,0.010418410041840923,0.002976688583383138,,0.8875502008032116,0.11244979919678848
SBER,-1,2023-08-15 13:20:00+00:00,2023-08-15 21:20:00+00:00,263.1,260.88,2663.1216070108794,5912.129967564225,0.0059064994298746445,48,v3_short,timeout,False,A,True,0.02725199543899664,0.0042858952779135226,,0.9023709902371009,0.09762900976289918
SBER,-1,2023-12-13 13:20:00+00:00,2023-12-13 21:20:00+00:00,260.16,259.37,2709.1243303423175,2140.2082209704863,0.0021256150061501164,48,v3_short,timeout,False,A,True,0.01879612546125456,0.003891378199496258,,0.7484662576687189,0.2515337423312811
SBER,-1,2024-08-20 13:20:00+00:00,2024-08-20 21:20:00+00:00,268.21,265.92,2633.398946857078,6030.483588302613,0.005976660079788132,48,v3_short,timeout,False,A,True,0.02028337061894108,0.0040605802350768706,,0.8915441176470529,0.10845588235294708
SBER,-1,2024-09-04 13:20:00+00:00,2024-09-04 15:20:00+00:00,246.61,249.07610000000003,2881.1697418934696,-7105.252700483518,-0.007000000000000032,12,v3_short,sl,False,A,True,0.02063569285656359,0.0042491495909155776,,0.7485265225933243,0.25147347740667564
SBER,-1,2024-09-26 13:20:00+00:00,2024-09-26 21:20:00+00:00,269.13,266.67,2621.6014311225435,6449.1395205614035,0.006398394827778344,48,v3_short,timeout,False,A,True,0.0146774673008323,0.0030098097502972636,,0.8405063291139248,0.15949367088607525
SBER,-1,2024-12-05 13:20:00+00:00,2024-12-05 15:20:00+00:00,226.81,223.40785,3130.6643923213396,10650.989862336064,0.010500000000000016,12,v3_short,tp,False,A,True,0.01600387972841899,0.00424292810325787,,0.7575757575757586,0.2424242424242415
SBER,1,2025-02-27 19:20:00+00:00,2025-02-28 06:50:00+00:00,308.92,306.01,2322.677986941727,-6758.992942000484,-0.006593940178687095,69,v3_long,timeout,False,A,True,0.012687726566545883,0.0031256935710586705,8.900828586224754e-05,0.09948979591837796,0.9005102040816221
SBER,-1,2025-04-02 12:50:00+00:00,2025-04-02 20:50:00+00:00,304.98,304.77,2337.1709248692964,490.8058942226373,0.00048199881959481105,48,v3_short,timeout,False,A,True,0.015574791789625548,0.003298941278480938,,0.7936842105263239,0.20631578947367607
GAZP,-1,2022-01-14 10:30:00+00:00,2022-01-14 10:30:00+00:00,339.28,338.99,2063.192643244518,598.3258665408351,0.0005983258665408351,0,v3_short,opposite_signal,False,A,True,0.01117071445413807,0.003598529506334279,0.0001517920301815603,0.5567282321899676,0.4432717678100324
GAZP,-1,2022-01-25 21:10:00+00:00,2022-01-25 21:30:00+00:00,297.71,300.6871,2352.6882808994615,-7004.1882810658035,-0.007000000000000018,2,v3_short,sl,False,A,True,0.027539882451721204,0.00505217704210147,-0.00011318219983207023,0.9865853658536569,0.013414634146343146
GAZP,-1,2022-02-01 23:40:00+00:00,2022-02-02 07:40:00+00:00,330.11,330.14,2106.921621004612,-63.207648630080875,-6.361515858344461e-05,48,v3_short,timeout,False,A,True,0.016952744225471397,0.0033985803930145332,-0.00026488662852299215,0.858928571428577,0.14107142857142294
GAZP,1,2022-02-02 19:20:00+00:00,2022-02-02 21:30:00+00:00,329.81,331.38,2108.703953657534,3310.665207242314,0.0033322215821230254,13,v3_long,opposite_signal,False,A,True,0.011824990145841477,0.003691055270536106,4.851278008549412e-06,0.20769230769230948,0.7923076923076905
GAZP,-1,2022-02-10 19:20:00+00:00,2022-02-11 06:50:00+00:00,331.4,328.97,2105.5797121329542,5116.558700482973,0.005132770066384927,69,v3_short,timeout,False,A,True,0.010139111017230496,0.00308779777942138,-0.00011225444340505229,0.8035714285714219,0.19642857142857809
GAZP,-1,2022-02-16 19:30:00+00:00,2022-02-17 06:50:00+00:00,337.19,336.37,2080.0459909582105,1705.6377125857184,0.0017023043388000687,68,v3_short,timeout,False,A,True,0.014236142005516539,0.0038289895547150322,-0.00013168431355102927,0.8729166666666641,0.12708333333333588
GAZP,-1,2022-09-23 23:00:00+00:00,2022-09-23 23:50:00+00:00,225.18,224.84,3120.013562883067,1060.8046113802534,0.0010569322319921943,5,v3_short,weekend_exit,False,A,True,0.013233857358557553,0.003927923420900463,-0.00016564526156852375,0.993288590604033,0.006711409395967073
GAZP,-1,2022-10-18 13:20:00+00:00,2022-10-18 21:00:00+00:00,163.59,161.13615000000001,4299.20665882985,10549.608259769579,0.01049999999999995,46,v3_short,tp,False,A,True,0.017360474356623114,0.00350178582344361,,0.6302816901408478,0.36971830985915216
GAZP,-1,2022-10-25 13:20:00+00:00,2022-10-25 16:10:00+00:00,167.87,169.5487,4233.585173645166,-7106.919430998107,-0.006999999999999967,17,v3_short,sl,False,A,True,0.02514299332697807,0.004306822824458653,,0.8649289099526082,0.1350710900473918
GAZP,-1,2023-03-03 13:20:00+00:00,2023-03-03 21:20:00+00:00,162.57,162.18,4341.004487286186,1692.9917500415534,0.0016792766193023956,48,v3_short,timeout,False,A,True,0.014761963341124403,0.0032921521419491673,,0.6958333333333264,0.3041666666666735
GAZP,-1,2023-04-12 13:20:00+00:00,2023-04-12 15:30:00+00:00,177.79,179.56789999999998,3976.051486153014,-7069.021937231397,-0.006999999999999953,13,v3_short,sl,False,A,True,0.021092299904381575,0.004355057732637999,,0.5973333333333282,0.40266666666667184
GAZP,-1,2023-05-26 13:20:00+00:00,2023-05-26 21:20:00+00:00,164.39,164.93,4270.052183022583,-2305.8281788322824,-0.002299409939777446,48,v3_short,timeout,False,A,True,0.020133819951338214,0.0030645348163596373,,0.8157099697885156,0.18429003021148435
GAZP,-1,2023-05-31 13:20:00+00:00,2023-05-31 21:20:00+00:00,162.92,162.81,4298.67295999202,472.8540255990587,0.0004726246010311175,48,v3_short,timeout,False,A,True,0.014734774066797678,0.0032217700439704316,,0.8416666666666571,0.1583333333333429
GAZP,-1,2023-06-07 13:20:00+00:00,2023-06-07 21:20:00+00:00,165.09,164.6,4244.1746711479755,2079.6455888625464,0.0020776546126355707,48,v3_short,timeout,False,A,True,0.01883706844336774,0.002936171440108442,,0.7781350482315129,0.22186495176848703
GAZP,-1,2023-08-15 13:20:00+00:00,2023-08-15 18:30:00+00:00,178.76,176.0786,3927.760955314517,10531.898225580333,0.010499999999999989,31,v3_short,tp,False,A,True,0.024221066174413962,0.0055085411688868356,,0.8637413394919156,0.13625866050808444
GAZP,-1,2023-09-20 13:20:00+00:00,2023-09-20 21:20:00+00:00,169.4,169.44,4188.305059798873,-167.5322023919216,-0.0001652892561983142,48,v3_short,timeout,False,A,True,0.01859504132231408,0.004084443694833313,,0.7301587301587324,0.26984126984126755
GAZP,-1,2024-06-26 13:20:00+00:00,2024-06-26 21:20:00+00:00,116.09,116.72,6110.617663780299,-3849.6891281815606,-0.0037987768110948126,48,v3_short,timeout,False,A,True,0.01507580978635424,0.0035361491253979214,,0.8228571428571415,0.17714285714285843
GAZP,-1,2024-09-05 13:20:00+00:00,2024-09-05 16:50:00+00:00,123.53,124.7653,5720.7708426983545,-7066.86822198525,-0.0069999999999999715,21,v3_short,sl,False,A,True,0.01974749109744252,0.005002389431007113,,0.8155737704918019,0.18442622950819806
GAZP,-1,2024-10-08 13:20:00+00:00,2024-10-08 21:20:00+00:00,134.44,133.61,5219.726379374726,4332.372894880939,0.004321630467122797,48,v3_short,timeout,False,A,True,0.014724473860340521,0.0031410794406257895,,0.7777777777777778,0.2222222222222222
GAZP,-1,2024-11-13 13:20:00+00:00,2024-11-13 20:00:00+00:00,135.84,133.8024,5188.255855930173,10571.59013204331,0.010499999999999989,40,v3_short,tp,False,A,True,0.01582744405182551,0.0029551573279488295,,0.7162790697674457,0.2837209302325543
GAZP,-1,2024-12-20 13:20:00+00:00,2024-12-20 13:30:00+00:00,108.17,109.2517,6583.829052066055,-7121.727885619837,-0.006999999999999986,1,v3_short,sl,False,A,True,0.014421743551816605,0.0039884309090188795,,0.8269230769230798,0.17307692307692027
GAZP,-1,2025-01-13 23:20:00+00:00,2025-01-14 09:50:00+00:00,131.59,131.0,5374.174170089302,3170.762760352706,0.0031385363629455303,63,v3_short,timeout,False,A,True,0.00835866261398172,0.003163575460579374,0.000193009118541035,0.9909090909090992,0.00909090909090087
GAZP,-1,2025-01-17 13:20:00+00:00,2025-01-17 16:30:00+00:00,136.83,138.19830000000002,5184.587539094483,-7094.071129743007,-0.007000000000000025,19,v3_short,sl,False,A,True,0.017542577296981256,0.003334481954465858,,0.8875000000000078,0.11249999999999215
GAZP,1,2025-02-27 19:20:00+00:00,2025-02-27 20:50:00+00:00,169.19,167.4981,4163.610515890289,-7044.412631834797,-0.007000000000000017,9,v3_long,sl,False,A,True,0.017082397446506765,0.004331819026227341,9.693817236079834e-05,0.08304498269896465,0.9169550173010353
GAZP,1,2025-03-03 19:20:00+00:00,2025-03-03 19:40:00+00:00,164.47,166.93704999999997,4253.117129818165,10492.652615117786,0.010499999999999881,2,v3_long,tp,False,A,True,0.01952435983212705,0.004787682362039145,-0.0003168907000790728,0.02492211838006614,0.9750778816199338
GAZP,1,2025-03-05 19:50:00+00:00,2025-03-05 22:20:00+00:00,174.26,172.51739999999998,4056.324062732562,-7068.550311717804,-0.007000000000000042,15,v3_long,sl,False,A,True,0.012737391703482695,0.004186079733402331,0.0003740891617419233,0.07207207207207057,0.9279279279279294
GAZP,-1,2025-03-25 20:20:00+00:00,2025-03-26 06:50:00+00:00,164.01,165.2,4279.660057030509,-5092.795467866296,-0.005078958600085352,63,v3_short,timeout,False,A,True,0.026522773001646207,0.0037852345986867314,-0.00039509785988659337,0.864367816091953,0.13563218390804693
GAZP,-1,2025-03-31 20:30:00+00:00,2025-03-31 22:10:00+00:00,145.98,145.38,4783.8203118651,2870.292187119033,0.0028771064529387316,10,v3_short,opposite_signal,False,A,True,0.012535963830661627,0.0036530025080315763,6.576243321002738e-05,0.6065573770491776,0.3934426229508225
GAZP,-1,2025-04-15 20:50:00+00:00,2025-04-16 06:50:00+00:00,131.74,131.6,5316.16284846706,744.262798785467,0.0007438894792774429,60,v3_short,timeout,False,A,True,0.011080752884031419,0.003756056156524514,-0.00029826958105646687,0.986301369863026,0.013698630136974034
GAZP,1,2025-04-16 20:50:00+00:00,2025-04-17 06:50:00+00:00,131.66,132.52,5323.350126205381,4578.0811085366995,0.004572383411818392,60,v3_long,timeout,False,A,True,0.01807686465137472,0.0036085526417767564,0.00038584232113018257,0.01680672268907232,0.9831932773109276
GAZP,-1,2025-04-17 20:50:00+00:00,2025-04-17 20:50:00+00:00,134.65,135.9965,5228.941213458419,-7040.769343921718,-0.006999999999999958,0,v3_short,sl,False,A,True,0.018122400475341638,0.0032891944656650396,3.862150920974738e-05,0.8852459016393437,0.11475409836065631
GAZP,-1,2025-04-30 11:20:00+00:00,2025-04-30 11:40:00+00:00,149.18,148.05,4686.609437266597,5295.868664111233,0.005302319345756782,2,v3_short,opposite_signal,False,A,True,0.018503620273531717,0.004593625537578333,-8.447304907481839e-05,0.75,0.25
GAZP,-1,2025-04-30 12:50:00+00:00,2025-04-30 13:00:00+00:00,149.36,150.85360000000003,4705.781359911011,-7028.555039163157,-0.007000000000000069,1,v3_short,sl,False,A,True,0.013390465988216388,0.004578795453192872,,0.8800000000000097,0.11999999999999034
GAZP,-1,2025-05-08 20:50:00+00:00,2025-05-09 23:50:00+00:00,143.04,142.9,4879.303099754577,683.1024339655742,0.0006851230425055262,162,v3_short,weekend_exit,False,A,True,0.010207648745018583,0.0038082491613718864,-3.5656855205201075e-05,0.6917808219177982,0.3082191780822018
GAZP,-1,2025-05-12 20:30:00+00:00,2025-05-13 06:50:00+00:00,147.1,146.98,4747.883664804014,569.7460397765033,0.0005710401087695661,62,v3_short,timeout,False,A,True,0.016255186016459134,0.0035297530560887786,-0.00030878052098211003,0.9372384937238466,0.06276150627615336
GAZP,1,2025-05-19 21:00:00+00:00,2025-05-19 21:50:00+00:00,140.86,139.4514,4961.042945623413,-6988.125093205174,-0.007000000000000035,5,v3_long,sl,False,A,True,0.023283878753460645,0.0043679003510256244,3.2654220203026646e-05,0.19512195121951664,0.8048780487804834
GAZP,-1,2025-05-23 13:10:00+00:00,2025-05-23 21:10:00+00:00,130.6,130.8,5313.329416196557,-1062.6658832394019,-0.001071975497703001,48,v3_short,timeout,False,A,True,0.01347626339969387,0.0033751108245345714,,0.852272727272718,0.1477272727272821
GAZP,-1,2025-05-29 13:20:00+00:00,2025-05-29 20:10:00+00:00,131.66,129.6851,5264.901683404244,10397.654334554994,0.010499999999999952,41,v3_short,tp,False,A,True,0.01215251405134433,0.0032971484437381514,,0.9874999999999936,0.01250000000000644
GAZP,-1,2025-05-30 13:00:00+00:00,2025-05-30 14:30:00+00:00,130.29,131.5929,5376.124903455303,-7004.553136711882,-0.006999999999999969,9,v3_short,sl,False,A,True,0.018885306310455856,0.003875824235105668,,0.7967479674796731,0.2032520325203269
GAZP,-1,2025-10-28 11:20:00+00:00,2025-10-28 19:20:00+00:00,116.42,116.02,5974.507184981042,2389.8028739924507,0.0024050850369352686,48,v3_short,timeout,False,A,True,0.010994674454561081,0.003025444272652662,0.00016577907576017923,0.7031250000000038,0.29687499999999617
LKOH,-1,2022-01-10 22:00:00+00:00,2022-01-11 06:50:00+00:00,6775.0,6799.0,103.3210332103321,-2479.7047970479707,-0.0024797047970479707,53,v3_short,timeout,False,A,True,0.013282172373081463,0.0031579042478856946,-0.00021841794569067295,0.95,0.05
LKOH,1,2022-01-21 21:10:00+00:00,2022-01-21 23:50:00+00:00,6415.0,6420.0,108.84866822167831,544.2433411083915,0.0005455962587685113,16,v3_long,weekend_exit,False,A,True,0.015354637568199532,0.0051648718723654695,0.00021044427123928294,0.15228426395939088,0.8477157360406091
LKOH,1,2022-01-26 19:50:00+00:00,2022-01-26 22:00:00+00:00,6556.0,6625.5,106.56576830092163,7406.320896914053,0.007420683343502135,13,v3_long,opposite_signal,False,A,True,0.01906504995043087,0.005073637782726908,0.00039807824296499654,0.048,0.952
LKOH,1,2022-02-11 20:10:00+00:00,2022-02-11 21:30:00+00:00,6818.0,6749.82,103.23109439845733,-7038.296016086851,-0.00700000000000003,8,v3_long,sl,False,A,True,0.012834616795012835,0.0036356016554036355,-0.00017015034836817013,0.09714285714285714,0.9028571428571428
LKOH,-1,2022-02-17 19:40:00+00:00,2022-02-17 23:10:00+00:00,6752.0,6694.5,103.51048495222473,5951.852884752922,0.005961196682464456,21,v3_short,opposite_signal,False,A,True,0.019468502479828263,0.00424206991257529,-0.0004900436745873121,0.7756653992395437,0.22433460076045628
LKOH,-1,2022-09-16 13:20:00+00:00,2022-09-16 15:50:00+00:00,4565.5,4497.0175,153.9960774103052,10546.036371251237,0.010500000000000011,15,v3_short,tp,False,A,True,0.01708465666411127,0.00347846947343169,,0.8141025641025641,0.1858974358974359
LKOH,-1,2022-09-27 22:40:00+00:00,2022-09-28 09:50:00+00:00,3839.0,3840.0,185.06155688372604,-185.06155688372604,-0.00018233915082052618,67,v3_short,timeout,False,A,True,0.016931492576191715,0.005350564294485703,-0.00030867413388903364,1.0,0.0
LKOH,1,2022-10-05 22:00:00+00:00,2022-10-06 09:50:00+00:00,4082.5,4123.0,173.9918613072396,7046.670382943204,0.006944274341702389,71,v3_long,timeout,False,A,True,0.010779029887310143,0.0035296823285904267,0.00022782949534541893,0.06818181818181818,0.9318181818181818
LKOH,-1,2022-10-27 13:20:00+00:00,2022-10-27 21:20:00+00:00,4703.0,4727.0,152.0847210407965,-3650.033304979116,-0.0035721879651286416,48,v3_short,timeout,False,A,True,0.02614240170031881,0.0033146095845351955,,0.9024390243902439,0.0975609756097561
LKOH,-1,2023-04-11 13:20:00+00:00,2023-04-11 16:40:00+00:00,4680.0,4609.8,152.28620079944028,10690.49129612068,0.010499999999999973,20,v3_short,tp,False,A,True,0.012498664672577715,0.002904655078568122,,0.8461538461538461,0.15384615384615385
LKOH,-1,2023-05-03 13:20:00+00:00,2023-05-03 17:50:00+00:00,4619.5,4550.2074999999995,155.90058743341595,10802.741454730049,0.010500000000000072,27,v3_short,tp,False,A,True,0.025327416387054876,0.004788190847288152,,0.8418803418803419,0.1581196581196581
LKOH,-1,2023-08-01 13:20:00+00:00,2023-08-01 14:10:00+00:00,5957.5,6017.075,122.15605248291666,-7277.446826669738,-0.0069999999999999785,5,v3_short,sl,False,A,True,0.012927054478301015,0.0033256986165573423,,0.9675324675324676,0.032467532467532464
LKOH,-1,2023-10-05 13:20:00+00:00,2023-10-05 21:20:00+00:00,6728.5,6697.5,107.4014222914925,3329.4440910362673,0.003225087315151966,48,v3_short,timeout,False,A,True,0.014120095124851368,0.0036202649906573806,,0.8789473684210526,0.12105263157894737
LKOH,-1,2024-05-28 13:20:00+00:00,2024-05-28 21:20:00+00:00,7638.5,7612.5,94.91144606297473,2467.6975976373433,0.0023826667539438373,48,v3_short,timeout,False,A,True,0.030314934852353828,0.005443780340657182,,0.896328293736501,0.10367170626349892
LKOH,-1,2024-09-05 13:20:00+00:00,2024-09-05 21:20:00+00:00,6332.5,6274.0,114.75854229299307,6713.374724140094,0.006466640347414133,48,v3_short,timeout,False,A,True,0.018081326490327676,0.0031620701972063995,,0.851528384279476,0.14847161572052403
LKOH,1,2025-02-26 21:00:00+00:00,2025-02-27 06:50:00+00:00,7545.5,7570.0,96.93298408021691,2374.8581099653143,0.0022728778742296734,59,v3_long,timeout,False,A,True,0.01437847866419295,0.003718688641637413,-0.00031871190034455337,0.05069124423963134,0.9493087557603687
LKOH,1,2025-02-27 19:30:00+00:00,2025-02-28 06:50:00+00:00,7510.0,7497.0,97.61254754384186,-1268.9631180699441,-0.0012117177097203727,68,v3_long,timeout,False,A,True,0.01897091126938694,0.0034491330979572817,-8.453704320042602e-05,0.26666666666666666,0.7333333333333333
LKOH,-1,2025-04-07 20:30:00+00:00,2025-04-08 06:50:00+00:00,6390.0,6399.5,114.58246602059522,-1088.5334271956547,-0.0010406885758998436,62,v3_short,timeout,False,A,True,0.02269170579029734,0.006446616205167513,-2.895148669796557e-05,0.5793103448275863,0.4206896551724138
LKOH,1,2025-04-08 19:50:00+00:00,2025-04-08 20:10:00+00:00,6377.5,6313.725,114.68757106586696,-7314.199844725624,-0.00699999999999996,2,v3_long,sl,False,A,True,0.0143551929714465,0.0032610157335604462,-2.4317540006275493e-05,0.14207650273224043,0.8579234972677595
LKOH,-1,2025-04-11 19:20:00+00:00,2025-04-11 23:50:00+00:00,6517.5,6508.0,111.43844182297792,1058.6651973182902,0.0010203298810893748,27,v3_short,weekend_exit,False,A,True,0.010663598005370157,0.003032651495580971,7.59493670886076e-05,0.9640287769784173,0.03597122302158273
LKOH,-1,2025-04-18 19:30:00+00:00,2025-04-18 23:50:00+00:00,6627.0,6629.5,109.70893469433854,-274.27233673584635,-0.00026407122378149995,26,v3_short,weekend_exit,False,A,True,0.014938886373924853,0.003635406176956976,-0.00022483778481967708,0.8131313131313131,0.18686868686868688
LKOH,-1,2025-10-07 11:10:00+00:00,2025-10-07 19:10:00+00:00,6147.5,6134.5,118.23491168502095,1537.0538519052723,0.001480276535176901,48,v3_short,timeout,False,A,True,0.014636526264433241,0.0032463064663422444,1.9515368352577653e-05,0.8,0.2
GMKN,-1,2022-01-25 19:30:00+00:00,2022-01-25 21:30:00+00:00,211.04,213.1504,3316.9067475360125,-6999.999999999995,-0.006999999999999996,12,v3_short,sl,False,A,True,0.013740168672415454,0.004020522261780676,-0.00019141476357433733,0.7379310344827524,0.2620689655172475
GMKN,1,2022-02-02 19:50:00+00:00,2022-02-02 20:40:00+00:00,216.24,217.3,3214.4839067702546,3407.352941176477,0.0034313725490196143,5,v3_long,opposite_signal,False,A,True,0.013137200481080597,0.003341886296566912,-0.00022666296604681178,0.43661971830986185,0.5633802816901382
GMKN,-1,2022-02-10 19:20:00+00:00,2022-02-10 21:30:00+00:00,226.36,225.2,3081.309184744758,3574.3186543039965,0.0035872062201803205,13,v3_short,opposite_signal,False,A,True,0.014305898975627028,0.0036350463887427154,-8.389261744966344e-05,0.8209876543209931,0.17901234567900692
GMKN,-1,2022-02-14 20:30:00+00:00,2022-02-14 22:00:00+00:00,220.9,217.5865,3168.796605327462,10499.807551752561,0.010500000000000016,9,v3_short,tp,False,A,True,0.014124038026256244,0.004050221265509383,0.00035581711181530167,0.6666666666666697,0.3333333333333303
GMKN,-1,2022-02-16 11:30:00+00:00,2022-02-16 13:20:00+00:00,224.42,221.0537,3151.844913122998,10610.055531045935,0.010499999999999989,11,v3_short,tp,False,A,True,0.014521158129175905,0.0031053133948456815,,0.8957055214723914,0.1042944785276087
GMKN,-1,2022-02-17 13:20:00+00:00,2022-02-17 17:50:00+00:00,221.6,218.27599999999998,3225.469649254491,10721.461114121967,0.010500000000000037,27,v3_short,tp,False,A,True,0.01858870240028878,0.004097658943354661,,0.9417475728155318,0.058252427184468165
GMKN,-1,2022-10-13 13:20:00+00:00,2022-10-13 15:40:00+00:00,127.86,125.9421,5648.905811470989,10834.036455820227,0.010500000000000018,14,v3_short,tp,False,A,True,0.021892103205629485,0.0046464872109907365,,0.6428571428571392,0.35714285714286076
GMKN,-1,2022-11-23 13:20:00+00:00,2022-11-23 21:20:00+00:00,148.6,147.58,4911.527069809925,5009.757611206034,0.004804845222072593,48,v3_short,timeout,False,A,True,0.014128094725511457,0.0031203547080834427,,0.9047619047618977,0.09523809523810232
GMKN,-1,2023-03-17 13:20:00+00:00,2023-03-17 21:20:00+00:00,145.78,145.58,5030.592350813548,1006.1184701626524,0.0009603512141582662,48,v3_short,timeout,False,A,True,0.019344217313760414,0.0033514297473688213,,0.8652482269503559,0.1347517730496441
GMKN,-1,2023-08-04 13:20:00+00:00,2023-08-04 15:10:00+00:00,168.4,165.874,4359.050094006608,11010.960537460736,0.010500000000000042,11,v3_short,tp,False,A,True,0.013301662707838533,0.0031387852052935333,,0.8482142857142848,0.1517857142857152
GMKN,-1,2023-08-15 13:20:00+00:00,2023-08-15 21:20:00+00:00,164.06,163.2,4521.3440705042985,3888.355900633758,0.0036693892478362154,48,v3_short,timeout,False,A,True,0.02145818093148002,0.004696879971203301,,0.7386363636363659,0.2613636363636342
GMKN,-1,2024-05-23 13:20:00+00:00,2024-05-23 14:20:00+00:00,149.6,151.096,4976.561212148255,-7444.935573373837,-0.007000000000000044,6,v3_short,sl,False,A,True,0.028735632183908125,0.005689846106846899,,0.6744186046511623,0.3255813953488377
GMKN,-1,2024-06-11 13:20:00+00:00,2024-06-11 13:40:00+00:00,140.0,137.9,5280.586445971551,11089.231536540228,0.010499999999999971,2,v3_short,tp,False,A,True,0.0257106127696043,0.0034756939484835497,,0.850000000000002,0.14999999999999802
GMKN,-1,2024-06-18 13:20:00+00:00,2024-06-18 18:10:00+00:00,139.14,137.0529,5369.01368773606,11205.66846767389,0.010499999999999962,29,v3_short,tp,False,A,True,0.01193386053199135,0.0038204785868337357,,0.9277108433734911,0.07228915662650891
GMKN,-1,2024-07-16 13:20:00+00:00,2024-07-16 17:50:00+00:00,124.38,125.6238,6069.2115487937535,-7548.885324389716,-0.007000000000000041,27,v3_short,sl,False,A,True,0.018652516481749537,0.00496941017925098,,0.7672413793103429,0.23275862068965714
GMKN,-1,2024-09-06 13:20:00+00:00,2024-09-06 21:20:00+00:00,105.8,106.38,7085.106925443236,-4109.362016757064,-0.0038374291115311795,48,v3_short,timeout,False,A,True,0.016071090943467602,0.0036643888033564723,,0.7647058823529382,0.23529411764706176
GMKN,-1,2024-09-20 13:20:00+00:00,2024-09-20 18:20:00+00:00,111.98,110.30030000000001,6668.402922844833,11200.916389502445,0.01049999999999998,30,v3_short,tp,False,A,True,0.01250446588067172,0.0038108848398237323,,0.9857142857142887,0.014285714285711385
GMKN,-1,2024-11-22 13:20:00+00:00,2024-11-22 18:20:00+00:00,109.24,107.6014,6907.43684339817,11318.52601159222,0.01049999999999998,30,v3_short,tp,False,A,True,0.01628843338213764,0.004218085477236279,,0.6966292134831428,0.3033707865168572
GMKN,-1,2025-01-16 13:20:00+00:00,2025-01-16 21:20:00+00:00,119.98,119.32,6355.153933830061,4194.401596327909,0.0038506417736290017,48,v3_short,timeout,False,A,True,0.017000000000000053,0.0039444444444444605,,0.7254901960784311,0.2745098039215689
GMKN,-1,2025-01-21 13:20:00+00:00,2025-01-21 14:30:00+00:00,124.1,122.23849999999999,6167.827962114105,11481.411751475447,0.010500000000000039,7,v3_short,tp,False,A,True,0.01208313194780087,0.004196490905045761,,0.7333333333333295,0.26666666666667044
GMKN,1,2025-01-29 19:40:00+00:00,2025-01-30 06:50:00+00:00,121.84,121.78,6348.197950791144,-380.89187704748304,-0.00034471437951412985,67,v3_long,timeout,False,A,True,0.010669730794484663,0.0030685944765299605,0.00010341431385423432,0.18461538461539,0.81538461538461
GMKN,-1,2025-03-05 11:00:00+00:00,2025-03-05 12:30:00+00:00,140.32,141.7232,5510.246679093927,-7731.978140104588,-0.0069999999999999915,9,v3_short,sl,False,A,True,0.014108593415989868,0.004469146358842828,-0.00017386347441926734,0.818181818181813,0.18181818181818704
GMKN,1,2025-03-05 19:20:00+00:00,2025-03-05 21:30:00+00:00,140.64,139.2336,5459.225179979996,-7677.854293123816,-0.006999999999999954,13,v3_long,sl,False,A,True,0.011232759846438308,0.003572081470153791,0.00021612398691880872,0.1392405063291121,0.8607594936708879
GMKN,-1,2025-03-06 20:30:00+00:00,2025-03-07 06:50:00+00:00,136.72,136.46,5576.44039867759,1449.8745036561227,0.0013311878291398015,62,v3_short,timeout,False,A,True,0.015947329919531874,0.003998029350730787,-0.0001638624725676671,0.5137614678899087,0.48623853211009127
GMKN,-1,2025-03-11 20:20:00+00:00,2025-03-11 21:10:00+00:00,136.74,135.76,5583.046975718584,5471.386036204313,0.00501682024279664,5,v3_short,opposite_signal,False,A,True,0.011558156547183498,0.0035800128390785627,-0.00019458668617410157,0.7341772151898787,0.26582278481012134
GMKN,-1,2025-03-27 13:00:00+00:00,2025-03-27 17:30:00+00:00,125.08,123.2038,6134.1206722505785,11508.837205276519,0.010499999999999987,27,v3_short,tp,False,A,True,0.018545163868904938,0.0039665564845421,,0.8620689655172387,0.13793103448276137
GMKN,1,2025-03-28 20:30:00+00:00,2025-03-28 23:50:00+00:00,121.72,121.56,6369.635226164935,-1019.1416361863679,-0.0009201445941504898,20,v3_long,weekend_exit,False,A,True,0.022014128470510864,0.004274750807173528,1.1499917857728467e-05,0.11194029850746194,0.8880597014925381
GMKN,-1,2025-04-02 21:10:00+00:00,2025-04-02 22:50:00+00:00,119.5,120.69500000000001,6481.996657602222,-7745.986005834703,-0.0070000000000000435,10,v3_short,sl,False,A,True,0.018069265517818393,0.004271476032273374,-0.0003128659862807436,0.916666666666664,0.08333333333333608
GMKN,-1,2025-04-04 10:40:00+00:00,2025-04-04 11:20:00+00:00,117.02,116.64,6573.0337581557105,2497.75282809914,0.0022731157067167737,4,v3_short,opposite_signal,False,A,True,0.014529914529914555,0.004325529542920852,0.00012307692307692532,0.7764705882352888,0.2235294117647112
GMKN,-1,2025-04-11 19:20:00+00:00,2025-04-11 23:50:00+00:00,116.54,117.1,6615.109296027549,-3704.4612057753484,-0.0033636519649904895,27,v3_short,weekend_exit,False,A,True,0.01664378860672613,0.0041880856666619976,4.9759780370623206e-05,0.7319587628865997,0.26804123711340033
GMKN,-1,2025-04-17 11:30:00+00:00,2025-04-17 18:00:00+00:00,114.08,112.3688,6735.025547992705,11524.97571772515,0.010500000000000032,39,v3_short,tp,False,A,True,0.014901823281907459,0.0030805449809657394,,0.847058823529409,0.152941176470591
GMKN,-1,2025-04-18 10:40:00+00:00,2025-04-18 11:10:00+00:00,114.12,113.56,6803.357847155761,3809.8803944072415,0.0034349807220469823,3,v3_short,opposite_signal,False,A,True,0.010338181181005717,0.003550178651693956,-0.0002926230944454182,0.728813559322038,0.271186440677962
GMKN,1,2025-04-23 19:40:00+00:00,2025-04-24 06:50:00+00:00,114.24,114.2,6819.556318220417,-272.7822527287624,-0.0002450980392156375,67,v3_long,timeout,False,A,True,0.009280336193311175,0.0034948666912045863,-0.000159341621432323,0.8679245283018865,0.13207547169811346
GMKN,1,2025-04-28 20:20:00+00:00,2025-04-28 21:40:00+00:00,117.7,116.523,6617.461055366103,-7788.751662165948,-0.007000000000000039,8,v3_long,sl,False,A,True,0.011552837240910632,0.003800092921980214,0.00011043153244987962,0.0,1.0
GMKN,-1,2025-05-06 11:20:00+00:00,2025-05-06 19:20:00+00:00,108.1,108.56,7154.69972297016,-3291.1618725663307,-0.002978723404255371,48,v3_short,timeout,False,A,True,0.01775476234510821,0.0032673694593428194,2.959127057518232e-05,0.8020833333333285,0.19791666666667151
GMKN,1,2025-05-15 19:40:00+00:00,2025-05-16 06:50:00+00:00,110.04,110.52,7007.626560725897,3363.660749148359,0.0030534351145037517,67,v3_long,timeout,False,A,True,0.014358415121773884,0.0038687230617437812,-7.997091966557573e-05,0.20253164556962513,0.7974683544303749
GMKN,-1,2025-05-30 22:10:00+00:00,2025-05-30 23:50:00+00:00,105.96,106.42,7299.677135397148,-3357.851482282746,-0.003038882597206546,10,v3_short,weekend_exit,False,A,True,0.018113207547169826,0.0030881786676934964,-1.8867924528300814e-05,0.5937499999999998,0.4062500000000002
GMKN,-1,2025-06-04 20:50:00+00:00,2025-06-04 21:40:00+00:00,112.26,111.68,6869.0833175582,3984.0683241837446,0.003616604311419907,5,v3_short,opposite_signal,False,A,True,0.012466607301870042,0.004001671906518628,0.00012110418521816684,0.9,0.1
GMKN,1,2025-06-11 19:20:00+00:00,2025-06-13 06:50:00+00:00,107.18,107.04,7220.676815226836,-1010.8947541317611,-0.00091434969210674,213,v3_long,timeout,False,A,True,0.013435342414629573,0.003107494163927929,0.0003060272438887853,0.1111111111111188,0.8888888888888812
GMKN,1,2025-06-18 20:10:00+00:00,2025-06-19 06:50:00+00:00,107.24,107.38,7210.0383693409185,1009.4053717077327,0.0009138381201044424,64,v3_long,timeout,False,A,True,0.011749347258485688,0.0030753069597850404,9.697873927638603e-05,0.06349206349206188,0.9365079365079381
GMKN,-1,2025-06-19 19:20:00+00:00,2025-06-20 06:50:00+00:00,106.98,106.98,7234.166185159052,-0.0,-0.0,69,v3_short,timeout,False,A,True,0.01420560747663561,0.0033263398817470965,-0.0002504672897196268,0.8157894736842111,0.184210526315789
GMKN,-1,2025-07-09 20:10:00+00:00,2025-07-10 06:50:00+00:00,103.94,104.22,7445.7484942112305,-2084.809578379153,-0.0018857032903598307,64,v3_short,timeout,False,A,True,0.01924187030979411,0.0034596097434547975,-5.964979796035945e-05,0.8699999999999974,0.13000000000000256
GMKN,-1,2025-07-16 20:10:00+00:00,2025-07-17 06:50:00+00:00,111.3,110.36,6940.267131926775,6523.8511040111525,0.0059119496855345776,64,v3_short,timeout,False,A,True,0.009523809523809544,0.0033665218108806915,0.00021743036837376604,0.9056603773584827,0.09433962264151728
GMKN,-1,2025-09-16 19:30:00+00:00,2025-09-17 06:50:00+00:00,124.2,124.46,6256.187017361173,-1626.608624513848,-0.0014653784219001097,68,v3_short,timeout,False,A,True,0.016741790083709053,0.003623664533424443,-0.00015775917578879652,0.7692307692307687,0.23076923076923128
GMKN,-1,2025-09-30 19:20:00+00:00,2025-09-30 20:00:00+00:00,124.26,123.46,6244.0029093762905,4995.202327501103,0.004506679542893996,4,v3_short,opposite_signal,False,A,True,0.01223832528180351,0.0038745933155870994,-0.00017069243156199484,0.8421052631578977,0.1578947368421023
GMKN,-1,2025-10-07 21:00:00+00:00,2025-10-08 06:50:00+00:00,125.58,125.94,6206.21470893732,-2234.237295217432,-0.002006688963210699,59,v3_short,timeout,False,A,True,0.0065307422746096935,0.0030784534266079843,0.0001768079006052882,1.0,0.0
YNDX,-1,2022-01-06 19:20:00+00:00,2022-01-06 22:00:00+00:00,4294.0,4247.0,163.01816488122964,7661.853749417793,0.007661853749417792,16,v3_short,opposite_signal,False,A,True,0.02301206503004616,0.005686944270417907,-0.0003293427120696833,0.8886639676113363,0.11133603238866377
YNDX,1,2022-01-06 22:40:00+00:00,2022-01-07 23:50:00+00:00,4247.0,4226.6,166.0850712560849,-3388.1354536240715,-0.003362373440075288,151,v3_long,weekend_exit,False,A,True,0.01450845541476291,0.004605752046920823,-0.00012058975929153686,0.15909090909091111,0.8409090909090889
YNDX,-1,2022-01-12 21:00:00+00:00,2022-01-12 22:40:00+00:00,4432.8,4395.6,158.58861279711596,5899.496396052685,0.005874390904168894,10,v3_short,opposite_signal,False,A,True,0.01878103837471779,0.004287096328373346,6.862302483070306e-05,0.8629807692307733,0.1370192307692267
YNDX,-1,2022-02-03 20:40:00+00:00,2022-02-03 22:30:00+00:00,3585.6,3546.0,197.21141518415118,7809.572041292368,0.007730923694779098,11,v3_short,opposite_signal,False,A,True,0.03200981485612305,0.005524270828117111,-0.00025429399955386963,0.890243902439025,0.10975609756097508
YNDX,-1,2022-02-09 22:40:00+00:00,2022-02-10 06:50:00+00:00,3749.0,3763.0,190.0741399608421,-2661.0379594517894,-0.0026140304081088287,49,v3_short,timeout,False,A,True,0.012270593256508748,0.004425906085865852,-4.534784464361929e-05,1.0,0.0
YNDX,-1,2022-02-10 12:20:00+00:00,2022-02-10 15:40:00+00:00,3721.0,3758.21,191.00382266637484,-7107.252241415815,-0.007000000000000006,20,v3_short,sl,False,A,True,0.01263101316850309,0.004358554640736856,,0.851063829787234,0.14893617021276595
YNDX,-1,2022-10-20 13:20:00+00:00,2022-10-20 16:20:00+00:00,1940.4,1911.294,363.71374333776015,10586.252213588845,0.010499999999999997,18,v3_short,tp,False,A,True,0.01864441697569018,0.0043851904173288535,,0.7955801104972416,0.2044198895027584
YNDX,-1,2022-10-25 13:20:00+00:00,2022-10-25 17:00:00+00:00,1987.0,2006.8700000000001,358.91319784705684,-7131.605241221062,-0.007000000000000042,22,v3_short,sl,False,A,True,0.018922999496728692,0.004347305102212005,,0.7978723404255339,0.20212765957446616
YNDX,-1,2023-01-20 13:20:00+00:00,2023-01-20 18:30:00+00:00,1894.4,1913.344,373.8220019284455,-7081.684004532457,-0.0069999999999999845,31,v3_short,sl,False,A,True,0.015093941313067294,0.0031012193773434916,,0.8111888111888154,0.18881118881118464
YNDX,-1,2023-02-01 23:00:00+00:00,2023-02-02 09:50:00+00:00,2068.4,2099.8,339.9783512135344,-10675.32022810501,-0.010626571262811866,65,v3_short,gap_sl,False,A,True,0.010637269122908811,0.004237145975303378,-0.00038680978628759314,0.9272727272727314,0.07272727272726859
YNDX,-1,2023-02-02 13:20:00+00:00,2023-02-02 21:20:00+00:00,2078.0,2082.4,334.81159648238736,-1473.171024522535,-0.0014821944177093665,48,v3_short,timeout,False,A,True,0.022902232486528055,0.004174456541662101,,0.4831932773109253,0.5168067226890747
YNDX,-1,2023-05-04 23:10:00+00:00,2023-05-05 09:50:00+00:00,1973.0,1979.4,352.10708452774213,-2253.4853409775815,-0.0022706538266599407,64,v3_short,timeout,False,A,True,0.01125076018649911,0.003125555918698306,5.4733427934320804e-05,0.7747747747747752,0.22522522522522476
YNDX,-1,2023-05-12 13:20:00+00:00,2023-05-12 21:20:00+00:00,2006.0,2002.0,345.5283340152298,1382.1133360609192,0.0013958125623130609,48,v3_short,timeout,False,A,True,0.01275917065390745,0.003313207260575663,,0.5703124999999984,0.42968750000000155
YNDX,-1,2023-06-28 13:20:00+00:00,2023-06-28 21:20:00+00:00,2456.8,2460.8,282.5208878906682,-1130.0835515626727,-0.0011396939107782482,48,v3_short,timeout,False,A,True,0.020275221887468522,0.004877840721827393,,0.7349397590361492,0.2650602409638508
YNDX,-1,2023-07-05 13:20:00+00:00,2023-07-05 21:20:00+00:00,2413.8,2395.2,287.2260580345098,5342.404679441986,0.005393984588615566,48,v3_short,timeout,False,A,True,0.02113026184951939,0.0035276291491074512,,0.8588235294117683,0.14117647058823174
YNDX,-1,2023-09-07 22:00:00+00:00,2023-09-08 09:50:00+00:00,2604.6,2585.6,267.6211096365312,5084.801083094092,0.0051063503033095285,71,v3_short,timeout,False,A,True,0.013438795883888802,0.004657737768736749,-0.00020580555982184132,0.9599999999999974,0.040000000000002596
YNDX,-1,2023-10-06 13:20:00+00:00,2023-10-06 21:20:00+00:00,2498.8,2488.0,280.37670198394227,3028.0683814266276,0.0030254522170642417,48,v3_short,timeout,False,A,True,0.018327330932373022,0.00497341793860403,,0.6069868995633203,0.39301310043667964
YNDX,-1,2023-11-29 13:20:00+00:00,2023-11-29 18:20:00+00:00,2624.4,2585.034,267.76594680097304,10540.874261767101,0.010499999999999997,30,v3_short,tp,False,A,True,0.013488797439414758,0.003022913173804821,,0.8757062146892632,0.12429378531073672
YNDX,-1,2024-02-09 23:00:00+00:00,2024-02-09 23:30:00+00:00,3264.2,3296.8419999999996,217.54290875795317,-7101.035627677069,-0.006999999999999964,3,v3_short,sl,False,A,True,0.01366589042774847,0.003485571210957737,-0.00020223066552273566,0.8789237668161413,0.1210762331838588
YNDX,-1,2024-03-04 22:20:00+00:00,2024-03-05 09:50:00+00:00,3689.6,3710.0,191.11362690490478,-3898.717988860075,-0.0038703382480485865,69,v3_short,timeout,False,A,True,0.014636526264433241,0.003385318999936945,4.1199110966554796e-05,0.9222222222222172,0.07777777777778283
YNDX,-1,2024-04-22 23:40:00+00:00,2024-04-23 09:50:00+00:00,4282.2,4290.2,164.02870842934348,-1312.2296674347479,-0.0013077390126570456,61,v3_short,timeout,False,A,True,0.016770998785387316,0.004281652864827159,-0.00037045688124824903,0.9080779944289645,0.09192200557103547
YNDX,-1,2024-06-04 23:00:00+00:00,2024-06-05 09:50:00+00:00,4177.8,4180.4,167.90779225164684,-436.5602598541902,-0.00043563598065958584,65,v3_short,timeout,False,A,True,0.009337738830627782,0.0033813266723152543,0.0004855624191926451,0.9692307692307739,0.030769230769226105
ROSN,-1,2022-01-12 20:50:00+00:00,2022-01-13 06:50:00+00:00,629.05,625.65,1112.7891264605357,3783.483029965796,0.003783483029965796,60,v3_short,timeout,False,A,True,0.009856132262936065,0.003075580442812227,0.0003632461648517628,1.0,0.0
ROSN,-1,2022-01-14 10:20:00+00:00,2022-01-14 12:20:00+00:00,608.55,599.42175,1154.6272913005935,10539.72657181462,0.010499999999999978,12,v3_short,tp,False,A,True,0.013059548254620197,0.003832991101984951,6.160164271047228e-05,0.899371069182382,0.10062893081761806
ROSN,1,2022-01-21 20:10:00+00:00,2022-01-21 23:50:00+00:00,567.6,564.8,1250.9271436244649,-3502.596002148587,-0.0034531360112756305,22,v3_long,weekend_exit,False,A,True,0.02854625550660801,0.005144295603704048,0.0003947136563876668,0.2839506172839512,0.7160493827160488
ROSN,-1,2022-01-28 20:00:00+00:00,2022-01-28 22:10:00+00:00,569.4,566.1,1242.6667185102604,4100.8001710838025,0.004056902002107426,13,v3_short,opposite_signal,False,A,True,0.011239901650860515,0.0053385948689275604,0.00010800842992623577,0.6328124999999951,0.3671875000000049
ROSN,1,2022-02-02 19:40:00+00:00,2022-02-03 06:50:00+00:00,572.6,575.0,1240.7352246585765,2977.7645391805554,0.0029339853300733216,67,v3_long,timeout,False,A,True,0.014755959137344007,0.003234158414959457,-6.985069414124921e-06,0.09467455621302531,0.9053254437869747
ROSN,-1,2022-10-27 13:20:00+00:00,2022-10-27 21:20:00+00:00,346.95,344.0,2053.6948402274893,6058.39977867107,0.005951866263150287,48,v3_short,timeout,False,A,True,0.02954742000576535,0.004598553171628971,,0.9024390243902439,0.0975609756097561
ROSN,-1,2023-05-05 13:20:00+00:00,2023-05-05 21:20:00+00:00,382.0,378.5,1876.3620540889976,6567.267189311492,0.006413612565445027,48,v3_short,timeout,False,A,True,0.01832460732984293,0.003409374220892534,,0.8571428571428571,0.14285714285714285
ROSN,-1,2023-10-27 13:20:00+00:00,2023-10-27 13:30:00+00:00,590.15,581.29775,1222.345830203364,10820.51087541776,0.010500000000000032,1,v3_short,tp,False,A,True,0.014064220960772608,0.0034656241552793224,,0.7771084337349358,0.2228915662650642
ROSN,-1,2023-12-05 13:20:00+00:00,2023-12-05 15:00:00+00:00,569.35,575.0435,1280.3051713485686,-7289.41749307304,-0.006999999999999966,10,v3_short,sl,False,A,True,0.013698630136986223,0.0034121130011540647,,0.8141025641025718,0.18589743589742824
ROSN,-1,2024-08-20 13:20:00+00:00,2024-08-20 21:20:00+00:00,485.25,482.4,1491.6829614882151,4251.296440241447,0.004111282843894933,48,v3_short,timeout,False,A,True,0.014837712519319915,0.003542601997006945,,0.7986111111111124,0.20138888888888762
ROSN,-1,2024-08-23 13:20:00+00:00,2024-08-23 15:20:00+00:00,478.5,471.3225,1518.9447535429997,10902.225968554894,0.010500000000000013,12,v3_short,tp,False,A,True,0.014211076280041821,0.003408468925710305,,0.8897058823529413,0.11029411764705864
ROSN,-1,2024-09-26 13:20:00+00:00,2024-09-26 21:20:00+00:00,514.0,511.6,1428.8844800550853,3429.3227521321724,0.0032684824902723428,48,v3_short,timeout,False,A,True,0.01935421124294893,0.0034688452311482996,,0.8040201005025089,0.19597989949749112
ROSN,-1,2025-01-29 11:20:00+00:00,2025-01-29 12:20:00+00:00,538.85,534.9,1367.443905863981,5401.403428162787,0.005131298134917011,6,v3_short,opposite_signal,False,A,True,0.015404602821083807,0.0031723445791745626,5.660727542687369e-05,0.7530120481927752,0.2469879518072248
ROSN,-1,2025-03-03 19:50:00+00:00,2025-03-04 06:50:00+00:00,540.5,539.55,1370.2648123487884,1301.7515717314113,0.0012303422756707342,66,v3_short,timeout,False,A,True,0.01054384017758055,0.0035127258450550055,-0.00027099519052904345,0.76315789473684,0.23684210526316
ROSN,-1,2025-03-04 20:40:00+00:00,2025-03-05 06:50:00+00:00,541.65,541.0,1369.037860564446,889.8746093668587,0.0008400258469491075,61,v3_short,timeout,False,A,True,0.013478581979320448,0.0035420371989268464,-0.0002298744460856729,0.8150684931506806,0.18493150684931933
ROSN,-1,2025-03-31 20:00:00+00:00,2025-04-01 06:50:00+00:00,493.0,492.5,1505.4001407734056,752.7000703867028,0.0007099391480730224,65,v3_short,timeout,False,A,True,0.017241379310344827,0.003371693504988183,-0.00017038539553752719,1.0,0.0
ROSN,-1,2025-04-30 23:00:00+00:00,2025-05-02 06:50:00+00:00,455.95,455.95,1628.8829026221288,-0.0,-0.0,191,v3_short,timeout,False,A,True,0.014802631578947368,0.0033252774794128156,-3.947368421052531e-05,0.8444444444444428,0.15555555555555725
ROSN,-1,2025-05-16 19:50:00+00:00,2025-05-16 21:40:00+00:00,441.6,438.35,1681.814219770289,5465.896214253439,0.005151721014492754,11,v3_short,opposite_signal,False,A,True,0.017885442608105,0.0037147754732411433,-7.92393026941363e-05,0.607594936708864,0.39240506329113606
ROSN,-1,2025-05-29 11:50:00+00:00,2025-05-29 13:10:00+00:00,430.8,435.108,1732.8581402055179,-7465.152868005359,-0.006999999999999989,8,v3_short,sl,False,A,True,0.014043639740018597,0.003303930671618693,,0.826446280991734,0.17355371900826602
ROSN,-1,2025-05-30 10:20:00+00:00,2025-05-30 12:30:00+00:00,426.95,431.2195,1736.2447120106178,-7412.896797929322,-0.006999999999999991,13,v3_short,sl,False,A,True,0.019084416344690398,0.0036574283149625694,-7.49326776724021e-05,0.80368098159509,0.19631901840490995
ROSN,-1,2025-06-13 20:40:00+00:00,2025-06-13 23:50:00+00:00,440.4,444.4,1671.4365395876082,-6685.746158350433,-0.006357856494096276,19,v3_short,weekend_exit,False,A,True,0.008628519527701986,0.003380507516358026,0.0004995458673932788,0.8684210526315774,0.13157894736842263
ROSN,1,2025-08-07 19:30:00+00:00,2025-08-07 23:30:00+00:00,444.6,448.1,1645.1206246593283,5757.922186307649,0.005510571300044984,24,v3_long,opposite_signal,False,A,True,0.02170490328385073,0.004381374682126569,0.0003677462887989209,0.15025906735751712,0.8497409326424828
ROSN,-1,2025-10-23 19:30:00+00:00,2025-10-24 06:50:00+00:00,389.35,391.75,1888.920444982542,-4533.409067958058,-0.004314883780660033,68,v3_short,timeout,False,A,True,0.01630923333761403,0.0032288245977728338,-0.00012199820213175513,0.7244094488188986,0.2755905511811014
ROSN,-1,2025-10-24 20:40:00+00:00,2025-10-24 23:50:00+00:00,390.2,389.8,1876.6729597805797,750.6691839121892,0.0007175807278318403,19,v3_short,weekend_exit,False,A,True,0.00794464377242431,0.0030910365171183665,-6.919528446950399e-05,0.9193548387096765,0.08064516129032347
ROSN,-1,2025-10-27 19:30:00+00:00,2025-10-27 21:30:00+00:00,375.6,373.5,1951.020386941216,4097.142812576598,0.003913738019169372,12,v3_short,opposite_signal,False,A,True,0.015177739315670319,0.004219661503264601,-0.00024097989615231476,0.8596491228070252,0.14035087719297476
ROSN,-1,2025-10-28 20:40:00+00:00,2025-10-29 06:50:00+00:00,377.8,377.0,1947.2505487134047,1557.800438970746,0.001482265749073605,61,v3_short,timeout,False,A,True,0.016146109052408743,0.0030385367487386606,-3.043938591847478e-05,0.9672131147541003,0.032786885245899657
NVTK,1,2022-01-10 19:40:00+00:00,2022-01-10 21:20:00+00:00,1753.0,1763.6,399.3154592127781,4232.743867655411,0.004232743867655411,10,v3_long,opposite_signal,False,A,True,0.014376996805111848,0.004412764649447174,-8.785942492012572e-05,0.32539682539682663,0.6746031746031734
NVTK,-1,2022-01-14 22:40:00+00:00,2022-01-14 23:50:00+00:00,1726.2,1726.0,407.23144520180676,81.44628904037987,8.110300081104845e-05,7,v3_short,weekend_exit,False,A,True,0.011464968152866347,0.005102631672240401,-0.00019687319050376378,0.7373737373737375,0.2626262626262625
NVTK,1,2022-01-19 23:10:00+00:00,2022-01-20 07:00:00+00:00,1604.8,1588.752,438.0732384781201,-7030.199331096873,-0.007000000000000003,47,v3_long,sl,False,A,True,0.00997630627260257,0.005105222036438963,-0.00013966828781643656,0.11249999999999716,0.8875000000000028
NVTK,1,2022-01-20 22:30:00+00:00,2022-01-21 06:50:00+00:00,1600.2,1581.0,436.2572138344702,-8376.138505621848,-0.008398950131233615,50,v3_long,gap_sl,False,A,True,0.015621094726318419,0.004761564710863093,0.00016495876030992024,0.008000000000001818,0.9919999999999982
NVTK,1,2022-01-28 19:50:00+00:00,2022-01-28 22:40:00+00:00,1607.8,1591.722,430.5482626097674,-6922.354966239829,-0.006999999999999989,17,v3_long,sl,False,A,True,0.014180868267197385,0.004716801511001212,0.00015424804080109298,0.026315789473680275,0.9736842105263197
NVTK,-1,2022-02-07 19:30:00+00:00,2022-02-08 06:50:00+00:00,1612.2,1606.0,426.3676021260489,2643.4791331815227,0.0026919737005334523,68,v3_short,timeout,False,A,True,0.008923038790432436,0.003429603344622018,-0.0003197422233238314,0.5555555555555608,0.4444444444444392
NVTK,-1,2022-02-08 20:00:00+00:00,2022-02-09 06:50:00+00:00,1634.0,1638.0,421.81167903356373,-1687.246716134255,-0.0017135862913096695,65,v3_short,timeout,False,A,True,0.014810281517747886,0.0035520695426273278,7.833537331701456e-05,1.0,0.0
NVTK,-1,2022-02-10 19:50:00+00:00,2022-02-10 23:30:00+00:00,1658.6,1633.7209999999998,414.84336840681857,10320.888162593294,0.010500000000000058,22,v3_short,tp,False,A,True,0.01567209162145871,0.0033484641596240616,-0.00021217600964436298,0.9461538461538427,0.053846153846157346
NVTK,-1,2022-02-18 10:30:00+00:00,2022-02-18 11:20:00+00:00,1563.4,1558.6,444.72549095136515,2134.6823565666336,0.00214916208264048,5,v3_short,opposite_signal,False,A,True,0.011510423327791277,0.003674034112709118,0.0002391610180329942,0.7444444444444495,0.2555555555555505
NVTK,-1,2022-10-18 13:20:00+00:00,2022-10-18 21:10:00+00:00,1012.6,997.4110000000001,688.1079500325509,10451.671653044392,0.010499999999999976,47,v3_short,tp,False,A,True,0.022121271973138432,0.005248158911994573,,0.8035714285714294,0.19642857142857062
NVTK,-1,2022-10-20 13:20:00+00:00,2022-10-20 21:20:00+00:00,1006.4,1003.0,699.6167332671822,2378.6968931084034,0.002364864864864849,48,v3_short,timeout,False,A,True,0.019077901430842654,0.004021879021879032,,0.8124999999999992,0.18750000000000075
NVTK,-1,2023-07-26 13:20:00+00:00,2023-07-26 16:40:00+00:00,1487.8,1502.6779999999999,474.36440931930906,-7057.593681852646,-0.0069999999999999655,20,v3_short,sl,False,A,True,0.014656447492268356,0.0034704213808691375,,0.8990825688073372,0.10091743119266285
NVTK,-1,2023-08-25 13:20:00+00:00,2023-08-25 21:20:00+00:00,1677.0,1674.2,417.90044878233226,1170.1212565905114,0.0011687537268932429,48,v3_short,timeout,False,A,True,0.012762404580152726,0.0032488186114140406,,0.7663551401869169,0.2336448598130831
NVTK,-1,2023-09-22 13:20:00+00:00,2023-09-22 15:40:00+00:00,1597.8,1613.778,439.1276364298314,-7016.381374875875,-0.00700000000000003,14,v3_short,sl,False,A,True,0.014645137063462318,0.003504819126298651,,0.547008547008543,0.45299145299145704
NVTK,-1,2023-12-06 13:20:00+00:00,2023-12-06 16:40:00+00:00,1543.6,1520.446,451.3647774845629,10450.900057877569,0.010499999999999997,20,v3_short,tp,False,A,True,0.01697111024744141,0.003756963337219832,,0.7633587786259529,0.23664122137404714
NVTK,-1,2023-12-07 13:20:00+00:00,2023-12-07 21:20:00+00:00,1521.0,1519.0,462.8811969531135,925.762393906227,0.0009204470742932281,48,v3_short,timeout,False,A,True,0.01341575693805083,0.0038957053293499537,,0.7450980392156852,0.2549019607843148
NVTK,-1,2024-03-14 13:20:00+00:00,2024-03-14 21:20:00+00:00,1404.0,1396.8,501.9161924796439,3613.796585853459,0.0035897435897436123,48,v3_short,timeout,False,A,True,0.022510329106710292,0.0031275653159112122,,0.8544303797468379,0.14556962025316209
NVTK,1,2024-07-26 22:20:00+00:00,2024-07-26 23:30:00+00:00,1063.0,1066.4,665.3057308104585,2262.0394847556195,0.0022389463781750363,7,v3_long,opposite_signal,False,A,True,0.008468197214904027,0.004239859285829498,-0.00039518253669552125,0.2222222222222222,0.7777777777777778
NVTK,-1,2024-08-15 13:20:00+00:00,2024-08-15 21:20:00+00:00,1041.2,1033.2,680.7562615163719,5446.050092130975,0.005378409527468306,48,v3_short,timeout,False,A,True,0.018059558117194962,0.004409679337633242,,0.8085106382978767,0.19148936170212327
NVTK,-1,2024-11-21 21:40:00+00:00,2024-11-21 22:30:00+00:00,850.4,858.904,837.9770161751389,-7126.156545553397,-0.007000000000000017,5,v3_short,sl,False,A,True,0.013875823142050747,0.004866857373240913,3.998118532455155e-05,0.8813559322033913,0.1186440677966087
NVTK,-1,2024-12-13 13:20:00+00:00,2024-12-13 21:20:00+00:00,792.2,792.2,893.2433034252091,-0.0,-0.0,48,v3_short,timeout,False,A,True,0.01362948006057541,0.0037979856253455607,,0.7592592592592666,0.24074074074073334
NVTK,-1,2025-02-12 19:50:00+00:00,2025-02-12 20:00:00+00:00,1174.6,1186.346,602.441124615572,-7076.2734497345655,-0.007000000000000057,1,v3_short,sl,False,A,True,0.01516183986371376,0.004745680214164022,-0.00022487223168654637,0.887640449438202,0.11235955056179804
NVTK,-1,2025-03-03 21:00:00+00:00,2025-03-03 21:30:00+00:00,1249.8,1238.2,562.2291195060302,6521.857786269899,0.006497039526324161,3,v3_short,opposite_signal,False,A,True,0.015524967989756614,0.004690480545611309,3.040973111395792e-05,0.9072164948453625,0.09278350515463749
NVTK,-1,2025-03-06 20:30:00+00:00,2025-03-07 06:50:00+00:00,1276.4,1269.6,554.0890426269393,3767.805489863288,0.003729238483234195,62,v3_short,timeout,False,A,True,0.01629072681704257,0.004485064702572761,-0.00033677944862155033,0.7211538461538477,0.27884615384615224
NVTK,1,2025-03-10 20:40:00+00:00,2025-03-11 06:50:00+00:00,1284.2,1287.4,552.7773850271996,1768.8876320870638,0.0017442765924311101,61,v3_long,timeout,False,A,True,0.01292834890965725,0.0032901010871638266,5.1401869158877796e-05,0.07228915662650916,0.9277108433734909
NVTK,1,2025-03-20 19:30:00+00:00,2025-03-21 06:50:00+00:00,1310.0,1312.8,542.8358314460997,1519.9403280490546,0.0014961832061068459,68,v3_long,timeout,False,A,True,0.009465648854961728,0.003573765384016193,-0.00012061068702290214,0.04838709677418675,0.9516129032258133
NVTK,-1,2025-03-27 20:00:00+00:00,2025-03-27 21:20:00+00:00,1289.6,1280.8,552.2479043300443,4859.781558104365,0.0047766749379652374,8,v3_short,opposite_signal,False,A,True,0.011629710032563188,0.00391454457422604,-2.946193208249482e-05,0.9733333333333273,0.02666666666667273
NVTK,-1,2025-03-28 10:40:00+00:00,2025-03-28 11:10:00+00:00,1277.0,1269.8,560.3608022824574,4034.5977764337185,0.003946750195771364,3,v3_short,opposite_signal,False,A,True,0.017543859649122702,0.00394328211833931,-8.458646616541496e-05,0.741071428571429,0.25892857142857095
NVTK,-1,2025-04-16 22:50:00+00:00,2025-04-17 06:50:00+00:00,1190.2,1190.0,603.600204132248,120.72004082647705,0.00011762728953119797,48,v3_short,timeout,False,A,True,0.01595834033260541,0.0039115931943078,0.000399798420964219,0.747368421052634,0.25263157894736604
NVTK,-1,2025-04-21 19:20:00+00:00,2025-04-22 06:50:00+00:00,1235.8,1238.8,581.3962348169446,-1744.1887044508337,-0.0016993040945136753,69,v3_short,timeout,False,A,True,0.01197798640336675,0.00393099939878832,0.00030754289414049857,0.9189189189189156,0.0810810810810844
NVTK,1,2025-04-28 20:10:00+00:00,2025-04-28 22:00:00+00:00,1269.4,1256.7060000000001,565.0453244790173,-7172.685348936622,-0.006999999999999978,11,v3_long,sl,False,A,True,0.016543248778950685,0.004408317604653332,0.00010241058767921853,0.20952380952381386,0.7904761904761861
NVTK,-1,2025-05-12 19:20:00+00:00,2025-05-13 06:50:00+00:00,1198.2,1202.4,594.4313596640035,-2496.6117105888416,-0.0024536805207811983,69,v3_short,timeout,False,A,True,0.01668613382279326,0.003197608093796496,-7.508760220256967e-05,0.6100000000000023,0.38999999999999774
NVTK,-1,2025-05-19 19:50:00+00:00,2025-05-19 20:30:00+00:00,1159.4,1170.9940000000001,612.8169975435542,-7105.000269519998,-0.00700000000000003,4,v3_short,sl,False,A,True,0.019499568593615107,0.003472381187159922,-6.212251941328574e-05,0.23008849557522418,0.7699115044247758
NVTK,1,2025-05-22 19:20:00+00:00,2025-05-23 06:50:00+00:00,1109.6,1104.2,635.8386146028595,-3433.5285188553544,-0.0034066330209083498,69,v3_long,timeout,False,A,True,0.015501081470800331,0.0042118505657489985,-0.00028839221341024206,0.0,1.0
NVTK,1,2025-05-30 20:10:00+00:00,2025-05-30 23:50:00+00:00,1097.2,1101.8,640.8339927088352,2947.836366460584,0.002934742982136289,22,v3_long,weekend_exit,False,A,True,0.008567262121764573,0.004188769930137568,0.00032263944586219135,0.1489361702127742,0.8510638297872258
NVTK,-1,2025-06-03 20:30:00+00:00,2025-06-04 06:50:00+00:00,1123.2,1135.4,627.8370212399005,-7659.6116591268155,-0.00760327635327638,62,v3_short,gap_sl,False,A,True,0.009437321937321856,0.003067038781324466,-0.00010327635327635246,0.8679245283018985,0.13207547169810147
NVTK,1,2025-06-11 19:30:00+00:00,2025-06-13 06:50:00+00:00,1023.4,1038.751,683.8233477577367,10497.372211429014,0.010499999999999999,212,v3_long,gap_tp,False,A,True,0.015047879616963043,0.003517686144225109,0.000293140512018761,0.18181818181817913,0.8181818181818209
NVTK,-1,2025-06-19 19:50:00+00:00,2025-06-20 06:50:00+00:00,1062.8,1057.6,665.3866904810576,3460.0107905015298,0.003424915318027881,66,v3_short,timeout,False,A,True,0.012984569062852799,0.003352714815696695,-0.0002389913436206256,0.9855072463768082,0.014492753623191749
NVTK,-1,2025-07-09 20:00:00+00:00,2025-07-10 06:50:00+00:00,1030.8,1036.0,688.3924933999022,-3579.6409656795227,-0.003531237873496345,65,v3_short,timeout,False,A,True,0.016695787225781335,0.003446923323784932,8.930304795185445e-05,0.8837209302325577,0.11627906976744232
NVTK,-1,2025-08-06 20:10:00+00:00,2025-08-06 20:20:00+00:00,1051.8,1062.318,672.265861875493,-7070.892335206455,-0.007000000000000021,1,v3_short,sl,False,A,True,0.023008176459402757,0.003251956800974818,-0.00013500665525765184,0.6776859504132225,0.3223140495867774
NVTK,-1,2025-08-14 13:20:00+00:00,2025-08-14 15:40:00+00:00,1237.0,1249.3700000000001,567.6148818803547,-7021.396088860055,-0.007000000000000067,14,v3_short,sl,False,A,True,0.014715394566623581,0.0032797624970975466,,0.8681318681318635,0.13186813186813653
NVTK,1,2025-08-28 19:20:00+00:00,2025-08-28 20:30:00+00:00,1225.6,1213.3439999999998,568.8843273692859,-6972.246316238016,-0.007000000000000049,7,v3_long,sl,False,A,True,0.015992167101827603,0.0031637981563382386,3.5900783289817975e-05,0.12244897959183035,0.8775510204081697
NVTK,-1,2025-08-29 20:20:00+00:00,2025-08-29 23:50:00+00:00,1235.6,1238.4,560.3302518634106,-1568.9247052176515,-0.001586273875040569,21,v3_short,weekend_exit,False,A,True,0.011332361988020073,0.0030726229296964085,-5.666180994010037e-05,0.885714285714276,0.11428571428572402
NVTK,-1,2025-09-02 22:20:00+00:00,2025-09-03 06:50:00+00:00,1214.4,1220.2,569.2076843781108,-3301.4045693930166,-0.003343214756258208,51,v3_short,timeout,False,A,True,0.011034255599473065,0.003071979780054294,-0.00010540184453227707,1.0,0.0
NVTK,-1,2025-09-16 19:20:00+00:00,2025-09-17 06:50:00+00:00,1206.6,1207.6,570.9720111969192,-570.9720111969192,-0.0005801425493121167,69,v3_short,timeout,False,A,True,0.016741256423006834,0.0030275660736696435,-0.00017901541521630576,0.910891089108902,0.08910891089109792
NVTK,-1,2025-09-30 19:20:00+00:00,2025-09-30 20:00:00+00:00,1103.8,1098.4,623.7861463148803,3368.4451901002685,0.003424533429969111,4,v3_short,opposite_signal,False,A,True,0.00978438122848338,0.003945553579286379,1.0871534698317384e-05,0.814814814814814,0.18518518518518595
NVTK,-1,2025-10-01 22:30:00+00:00,2025-10-02 06:50:00+00:00,1115.8,1117.0,619.1907688971456,-743.0289226766029,-0.0007528230865746835,50,v3_short,timeout,False,A,True,0.010754615522495072,0.0035665816783784425,-0.00029933679870945104,0.9333333333333371,0.06666666666666288
NVTK,1,2025-10-02 20:00:00+00:00,2025-10-03 06:50:00+00:00,1117.0,1114.6,618.0599281016664,-1483.3438274440555,-0.0015040286481647837,65,v3_long,timeout,False,A,True,0.01217547000895247,0.003175415197412886,0.00012354521038496135,0.13235294117646812,0.8676470588235319
NVTK,-1,2025-10-13 20:10:00+00:00,2025-10-13 21:30:00+00:00,1037.8,1032.8,664.2268250244272,3321.1341251221356,0.0033725187897475422,8,v3_short,opposite_signal,False,A,True,0.012141067643091067,0.004094218145920925,-0.000277510117556371,0.7619047619047602,0.2380952380952398
NVTK,1,2025-10-15 20:20:00+00:00,2025-10-16 06:50:00+00:00,1068.0,1077.0,647.6211543988165,5828.590389589349,0.005898876404494382,63,v3_long,timeout,False,A,True,0.011427500936680449,0.004736926617780865,0.00035219183214687497,0.06557377049179931,0.9344262295082006
NVTK,1,2025-10-24 19:20:00+00:00,2025-10-24 23:50:00+00:00,1054.6,1057.6,659.718761777592,1979.156285332776,0.00199127631329414,27,v3_long,weekend_exit,False,A,True,0.016691957511380792,0.00501687776779909,-0.00025606980273141556,0.2613636363636325,0.7386363636363674
NLMK,-1,2022-02-01 11:50:00+00:00,2022-02-01 19:50:00+00:00,214.14,214.0,3268.8895115345103,457.64453161478684,0.00045764453161478686,48,v3_short,timeout,False,A,True,0.014469753547423423,0.003049539457306446,,0.8129032258064472,0.18709677419355275
NLMK,-1,2022-11-23 13:20:00+00:00,2022-11-23 21:20:00+00:00,107.8,106.84,6496.478211244252,6236.619082794441,0.006233766233766193,48,v3_short,timeout,False,A,True,0.021892393320964744,0.0044880289778248695,,0.9322033898305099,0.0677966101694901
NLMK,-1,2023-02-09 13:20:00+00:00,2023-02-09 14:40:00+00:00,120.22,121.4222,5861.636870155436,-7046.859845300893,-0.007000000000000029,8,v3_short,sl,False,A,True,0.0188019966722129,0.003937881308929578,,0.8318584070796473,0.16814159292035263
NLMK,-1,2023-03-01 13:20:00+00:00,2023-03-01 21:20:00+00:00,126.96,127.94,5511.6035179456185,-5401.371447586728,-0.005403276622558308,48,v3_short,timeout,False,A,True,0.018582677165354326,0.0032095988001499664,,0.7711864406779634,0.2288135593220366
NLMK,-1,2023-04-18 13:20:00+00:00,2023-04-18 17:20:00+00:00,134.0,135.34,5193.82255690347,-6959.7222262506675,-0.007000000000000017,24,v3_short,sl,False,A,True,0.01910162662289212,0.003375473454566097,,0.8828124999999957,0.11718750000000433
NLMK,-1,2023-05-04 13:20:00+00:00,2023-05-04 17:10:00+00:00,131.66,129.6851,5249.129705808064,10366.506256000297,0.010499999999999952,23,v3_short,tp,False,A,True,0.020969457529250803,0.004348738431704529,,0.9637681159420309,0.03623188405796907
NLMK,-1,2023-05-11 13:20:00+00:00,2023-05-11 14:40:00+00:00,131.66,129.6851,5304.245567719047,10475.354571688298,0.010499999999999952,8,v3_short,tp,False,A,True,0.013673655423883406,0.003942932384135688,,0.6444444444444385,0.3555555555555615
NLMK,-1,2023-05-31 13:20:00+00:00,2023-05-31 17:40:00+00:00,145.5,146.955,4850.101165952382,-7056.897196460776,-0.00700000000000006,26,v3_short,sl,False,A,True,0.01456844420010998,0.0036715620827770354,,0.8584905660377308,0.1415094339622692
NLMK,-1,2024-08-13 13:20:00+00:00,2024-08-13 21:20:00+00:00,165.06,164.84,4245.425249052158,933.9935547914698,0.0009329940627650504,48,v3_short,timeout,False,A,True,0.0162306201550388,0.0032645810262089477,,0.880597014925376,0.11940298507462402
NLMK,-1,2024-09-04 13:20:00+00:00,2024-09-04 13:50:00+00:00,129.48,130.7748,5417.081302880006,-7014.036870969082,-0.0070000000000000505,3,v3_short,sl,False,A,True,0.021470497374111844,0.004589787722317861,,0.8129496402877662,0.18705035971223383
NLMK,-1,2024-09-16 23:00:00+00:00,2024-09-17 09:50:00+00:00,152.42,152.1,4569.57001238174,1462.2624039621255,0.0014696234090014121,65,v3_short,timeout,False,A,True,0.01731828916294927,0.0032451710676398623,-0.00011151928627656708,0.787878787878786,0.21212121212121407
NLMK,-1,2024-09-27 13:20:00+00:00,2024-09-27 17:50:00+00:00,143.24,144.6724,4869.57166273386,-6975.174449699986,-0.0070000000000000045,27,v3_short,sl,False,A,True,0.022765363128491756,0.004495876562915663,,0.8098159509202452,0.19018404907975486
NLMK,-1,2024-11-13 13:20:00+00:00,2024-11-13 20:00:00+00:00,132.62,130.6307,5222.702630487168,10389.522342828197,0.010500000000000074,40,v3_short,tp,False,A,True,0.020358920223194,0.003626544872209184,,0.8592592592592604,0.14074074074073964
NLMK,-1,2025-01-29 13:00:00+00:00,2025-01-29 21:00:00+00:00,145.98,144.32,4794.543694308728,7958.942532552472,0.007959994519797217,48,v3_short,timeout,False,A,True,0.015755582956569276,0.0036732169901096947,,0.9217391304347791,0.07826086956522094
NLMK,-1,2025-02-12 19:50:00+00:00,2025-02-12 20:00:00+00:00,145.34,146.7934,4853.9889106094315,-7054.787482679689,-0.006999999999999942,1,v3_short,sl,False,A,True,0.01651300399064267,0.0030301923989631647,9.357368928030526e-05,0.8916666666666707,0.10833333333332928
NLMK,-1,2025-02-19 10:40:00+00:00,2025-02-19 11:40:00+00:00,155.64,153.3054,4501.030564315722,10508.10595545146,0.010499999999999975,6,v3_short,tp,False,A,True,0.01605858170606372,0.003597122302158256,0.00011947584789311496,0.7759999999999991,0.22400000000000092
NLMK,1,2025-02-20 20:30:00+00:00,2025-02-21 06:50:00+00:00,157.02,157.6,4508.317865233186,2614.824361835176,0.0025856578779772563,62,v3_long,timeout,False,A,True,0.018848700967906317,0.003222888747959709,0.0002024961793173682,0.14189189189189688,0.8581081081081031
NLMK,1,2025-02-21 20:20:00+00:00,2025-02-21 20:50:00+00:00,159.9,160.72,4438.564404328952,3639.6228115497106,0.0035897435897435594,3,v3_long,opposite_signal,False,A,True,0.01137926722520941,0.004210762709485423,6.002250844066752e-05,0.24175824175824143,0.7582417582417585
NLMK,1,2025-03-03 19:20:00+00:00,2025-03-03 20:40:00+00:00,154.12,155.58,4621.555828057905,6747.471508964579,0.006631196470282933,8,v3_long,opposite_signal,False,A,True,0.014272739068379323,0.004128237515325314,7.78513040093451e-06,0.027272727272728448,0.9727272727272716
NLMK,-1,2025-03-03 21:00:00+00:00,2025-03-03 21:20:00+00:00,155.66,154.86,4606.176373355773,3684.9410986845396,0.0035975844789925995,2,v3_short,opposite_signal,False,A,True,0.010792753436978074,0.0037260696389566873,6.55274315816548e-05,0.9523809523809451,0.04761904761905487
NLMK,-1,2025-03-05 10:40:00+00:00,2025-03-05 12:30:00+00:00,162.46,164.08460000000002,4429.255650902614,-7195.768730456454,-0.007000000000000065,11,v3_short,sl,False,A,True,0.011695186507448021,0.00431945790000482,-0.0002080512126061797,0.9473684210526347,0.052631578947365275
NLMK,-1,2025-03-25 20:40:00+00:00,2025-03-26 06:50:00+00:00,153.68,154.58,4649.530419926596,-4184.577377933962,-0.004099427381572124,61,v3_short,timeout,False,A,True,0.021343050494534103,0.0031021258060746327,-0.0003969286829776099,0.9634146341463401,0.03658536585365991
NLMK,-1,2025-03-28 10:20:00+00:00,2025-03-28 10:50:00+00:00,142.8,144.228,4983.267722477349,-7116.106307697641,-0.006999999999999986,3,v3_short,sl,False,A,True,0.018067226890756388,0.004161664665866352,-9.80392156862729e-05,0.6976744186046522,0.3023255813953478
NLMK,-1,2025-03-31 20:20:00+00:00,2025-04-01 06:50:00+00:00,144.06,144.46,4905.104514468812,-1962.041805787553,-0.0019436345966958488,63,v3_short,timeout,False,A,True,0.010409437890353921,0.003359345125975434,4.163775156145671e-06,0.839999999999994,0.16000000000000605
NLMK,-1,2025-04-02 19:50:00+00:00,2025-04-02 21:30:00+00:00,142.34,143.76340000000002,4954.727603557158,-7052.559270903333,-0.007000000000000074,10,v3_short,sl,False,A,True,0.015028089887640553,0.0040587021325383995,0.00014606741573033993,0.5514018691588779,0.4485981308411221
NLMK,-1,2025-04-15 10:20:00+00:00,2025-04-15 11:30:00+00:00,132.2,131.02,5297.42160061039,6250.957488720145,0.00624810892586978,7,v3_short,opposite_signal,False,A,True,0.014826021180030319,0.00361645414595491,7.715582450831936e-05,0.8469387755101989,0.15306122448980108
NLMK,-1,2025-04-16 12:40:00+00:00,2025-04-16 13:10:00+00:00,129.88,131.1788,5425.737648928223,-7046.948058427976,-0.007,3,v3_short,sl,False,A,True,0.014934565050038474,0.0032816452215990418,,0.8556701030927828,0.14432989690721726
NLMK,-1,2025-04-17 20:50:00+00:00,2025-04-17 23:40:00+00:00,132.78,134.1078,5270.085421011432,-6997.61942201896,-0.00699999999999998,17,v3_short,sl,False,A,True,0.009640006025003775,0.0030370937349182506,-8.585630366018876e-05,0.9218750000000046,0.07812499999999549
NLMK,-1,2025-04-18 10:40:00+00:00,2025-04-18 10:50:00+00:00,132.96,132.36,5226.1101730331275,3135.6661038198467,0.00315884476534293,1,v3_short,opposite_signal,False,A,True,0.010078219013236875,0.0031588447653429497,-0.0001835138387484956,0.6567164179104567,0.34328358208954335
NLMK,-1,2025-04-18 20:00:00+00:00,2025-04-18 23:50:00+00:00,131.4,130.84,5304.8597783802015,2970.721475892925,0.002983257229832584,23,v3_short,weekend_exit,False,A,True,0.007001522070015125,0.0036498617711924817,-0.00023744292237442525,0.9565217391304428,0.04347826086955716
NLMK,-1,2025-04-25 20:10:00+00:00,2025-04-25 23:50:00+00:00,135.3,135.76,5167.317663801061,-2376.9661253483823,-0.0023798965262378834,22,v3_short,weekend_exit,False,A,True,0.008131283264340585,0.0035029387272354066,6.357185097575501e-05,0.8727272727272845,0.12727272727271552
NLMK,1,2025-04-30 19:20:00+00:00,2025-04-30 22:30:00+00:00,128.8,130.38,5415.172388389284,8555.972373654982,0.008586956521739044,19,v3_long,opposite_signal,False,A,True,0.017083398043174537,0.0039776743124645495,0.00017704612517471444,0.09090909090909796,0.9090909090909021
NLMK,-1,2025-04-30 23:00:00+00:00,2025-05-02 06:50:00+00:00,130.72,130.28,5381.451838173946,2367.838808796524,0.0023561811505507834,191,v3_short,timeout,False,A,True,0.01683244070390198,0.003269678184969478,4.28462127008418e-05,0.9,0.1
NLMK,-1,2025-05-15 20:30:00+00:00,2025-05-16 06:50:00+00:00,126.68,126.58,5566.157810643003,556.6157810643477,0.0005525734133249602,62,v3_short,timeout,False,A,True,0.013893274392169285,0.003434654569121619,0.00022734449005367818,0.5909090909090927,0.40909090909090723
NLMK,-1,2025-05-23 13:10:00+00:00,2025-05-23 21:10:00+00:00,117.6,116.74,5999.238966828239,5159.345511472283,0.005119047619047617,48,v3_short,timeout,False,A,True,0.018024145553477217,0.0031188752360411277,,0.6981132075471682,0.30188679245283184
NLMK,-1,2025-05-27 19:20:00+00:00,2025-05-28 06:50:00+00:00,114.74,114.62,6180.251388853334,741.6301666623403,0.0007320899424785884,69,v3_short,timeout,False,A,True,0.019177126917712718,0.003042011783793017,5.05578800557891e-05,0.9272727272727225,0.07272727272727754
NLMK,-1,2025-06-03 19:20:00+00:00,2025-06-04 06:50:00+00:00,118.92,120.48,5967.38299254705,-9309.117468373412,-0.00918264379414734,69,v3_short,gap_sl,False,A,True,0.012613521695257316,0.002986058197244585,-3.0272452068618706e-05,0.9866666666666694,0.01333333333333068
NLMK,-1,2025-06-05 10:20:00+00:00,2025-06-05 11:00:00+00:00,120.36,119.4,5841.847816931155,5608.173904253872,0.005583250249252207,4,v3_short,opposite_signal,False,A,True,0.022262834357866693,0.004050664957792391,1.6614055490953842e-06,0.8582089552238819,0.1417910447761181
NLMK,1,2025-06-05 19:40:00+00:00,2025-06-06 06:50:00+00:00,119.74,120.24,5904.88161832981,2952.440809164905,0.0029229998329714383,67,v3_long,timeout,False,A,True,0.017201068804275237,0.003326380652461387,0.00018871075484302096,0.15533980582523924,0.8446601941747608
NLMK,1,2025-06-18 19:30:00+00:00,2025-06-19 06:50:00+00:00,112.32,112.66,6313.365683273032,2146.5443323128525,0.0021189458689458906,68,v3_long,timeout,False,A,True,0.014066951566951553,0.003404994476423055,0.00011396011396011406,0.08860759493670033,0.9113924050632997
NLMK,-1,2025-06-27 20:30:00+00:00,2025-06-27 23:50:00+00:00,109.9,110.14,6466.058367405331,-1551.8540081772464,-0.001528662420382133,20,v3_short,weekend_exit,False,A,True,0.011828935395814479,0.0030083006815101137,-0.00014922656960873396,1.0,0.0
NLMK,-1,2025-07-18 19:30:00+00:00,2025-07-18 23:50:00+00:00,112.82,113.66,6289.07566718775,-5282.823560437731,-0.005211841872008531,26,v3_short,weekend_exit,False,A,True,0.013472788512675023,0.0032524266575979783,0.0001453642971104402,1.0,0.0
NLMK,1,2025-10-15 19:50:00+00:00,2025-10-16 06:50:00+00:00,97.0,97.28,7276.655054431087,2037.4634152407125,0.002020618556701039,66,v3_long,timeout,False,A,True,0.012788778877887883,0.003338216474708689,3.919141914191373e-05,0.03225806451613384,0.9677419354838661
NLMK,-1,2025-10-28 19:50:00+00:00,2025-10-29 06:50:00+00:00,98.1,98.64,7209.600047609418,-3893.1840257091308,-0.0038532110091743566,66,v3_short,timeout,False,A,True,0.01304791029561673,0.0031288356321121764,0.0002507645259938846,0.9374999999999903,0.06250000000000971
MTSS,1,2022-01-20 19:40:00+00:00,2022-01-21 06:50:00+00:00,276.9,274.2,2527.9884434814016,-6825.568797399756,-0.006825568797399755,67,v3_long,timeout,False,A,True,0.016793066088840656,0.0045474311067872355,0.00012459371614300947,0.19354838709677025,0.8064516129032298
MTSS,1,2022-01-25 20:10:00+00:00,2022-01-25 21:50:00+00:00,274.9,279.02349999999996,2529.0000066999646,10428.33152762725,0.010499999999999947,10,v3_long,tp,False,A,True,0.014550745725718444,0.004302120993905014,8.366678792288354e-05,0.8249999999999886,0.17500000000001137
MTSS,-1,2022-02-14 20:30:00+00:00,2022-02-14 21:50:00+00:00,284.4,280.13399999999996,2470.1896410378317,10537.829008667439,0.01050000000000005,8,v3_short,tp,False,A,True,0.01600140671707387,0.004668721717630223,0.00014418850008792063,0.8901098901098891,0.10989010989011098
MTSS,-1,2022-02-16 11:40:00+00:00,2022-02-16 19:40:00+00:00,290.85,289.3,2440.7715805990256,3783.1959499285176,0.0037304452466907618,48,v3_short,timeout,False,A,True,0.015643802647412598,0.003343351532073047,,0.8241758241758325,0.1758241758241676
MTSS,-1,2023-02-01 13:20:00+00:00,2023-02-01 21:20:00+00:00,251.6,251.4,2832.061412488778,566.4122824977234,0.0005564387917328777,48,v3_short,timeout,False,A,True,0.017100815271425665,0.0029921692280013984,,0.8023255813953494,0.19767441860465063
MTSS,-1,2023-02-17 13:20:00+00:00,2023-02-17 18:10:00+00:00,248.0,250.48,2874.770725725504,-7129.43139979922,-0.006999999999999972,29,v3_short,sl,False,A,True,0.016129032258064516,0.0036770353302611487,,0.8999999999999986,0.10000000000000142
MTSS,-1,2023-05-12 13:20:00+00:00,2023-05-12 21:20:00+00:00,274.3,275.15,2580.942537368084,-2193.801156762783,-0.0021691578563615603,48,v3_short,timeout,False,A,True,0.018592781625957063,0.003984167491276503,,0.8431372549019592,0.15686274509804074
MTSS,-1,2024-09-04 13:20:00+00:00,2024-09-04 19:00:00+00:00,190.25,192.1525,3713.0979090161973,-7064.168771903328,-0.007000000000000012,34,v3_short,sl,False,A,True,0.016819973718791004,0.0037669732807709116,,0.8437499999999994,0.15625000000000056
MTSS,-1,2024-09-13 13:20:00+00:00,2024-09-13 13:30:00+00:00,194.7,191.77949999999998,3602.8349206471453,10522.079385750003,0.010500000000000016,1,v3_short,tp,False,A,True,0.0161787365177196,0.0031183505759776946,,0.6984126984126935,0.30158730158730646
MTSS,-1,2024-11-26 22:20:00+00:00,2024-11-27 09:50:00+00:00,170.35,170.05,4161.06495227487,1248.31948568239,0.001232756090402043,69,v3_short,timeout,False,A,True,0.01115023474178407,0.004766695410558581,-0.0005252347417840368,0.9210526315789446,0.07894736842105539
MTSS,-1,2025-02-14 19:40:00+00:00,2025-02-14 23:50:00+00:00,251.65,251.45,2820.2314256308437,564.0462851262168,0.0005563282336579056,25,v3_short,weekend_exit,False,A,True,0.013709517186568602,0.004407644241881116,-0.00027021657063381726,0.7681159420289897,0.2318840579710103
MTSS,-1,2025-02-27 10:40:00+00:00,2025-02-27 11:30:00+00:00,249.0,246.85,2851.8316090746594,6131.437959510534,0.006044176706827325,5,v3_short,opposite_signal,False,A,True,0.017670682730923717,0.00350096036319189,-7.831325301204774e-05,0.8863636363636365,0.1136363636363635
MTSS,1,2025-03-05 19:50:00+00:00,2025-03-05 22:30:00+00:00,247.35,244.8765,2888.2073063725393,-7143.9807723124795,-0.007000000000000004,16,v3_long,sl,False,A,True,0.013947847180109111,0.003444676839808079,0.0001677784515868217,0.10144927536231753,0.8985507246376825
MTSS,-1,2025-03-25 19:20:00+00:00,2025-03-26 06:50:00+00:00,237.55,239.15,2986.3072645364296,-4778.09162325827,-0.004714796884866327,69,v3_short,timeout,False,A,True,0.0155756682803621,0.003509465246843838,-0.00013260366238686497,0.9054054054054074,0.09459459459459263
MTSS,-1,2025-04-02 19:40:00+00:00,2025-04-02 21:30:00+00:00,221.5,223.715,3187.596508146041,-7060.526265543492,-0.007000000000000011,11,v3_short,sl,False,A,True,0.010830324909747318,0.0038817873719885257,-2.9332129963900457e-05,0.9583333333333358,0.0416666666666642
MTSS,-1,2025-04-11 19:30:00+00:00,2025-04-11 23:50:00+00:00,220.0,219.8,3186.86480985667,637.3729619712977,0.0006363636363636001,26,v3_short,weekend_exit,False,A,True,0.013636363636363636,0.003710575139146562,-0.00019090909090909038,0.8333333333333334,0.16666666666666666
MTSS,1,2025-04-16 20:50:00+00:00,2025-04-17 06:50:00+00:00,216.1,215.9,3246.4434023222925,-649.2886804644216,-0.0006478482184173626,60,v3_long,timeout,False,A,True,0.018505667360629193,0.0032148876205582815,0.000388619014573212,0.10000000000000142,0.8999999999999986
MTSS,-1,2025-04-23 13:10:00+00:00,2025-04-23 19:10:00+00:00,216.45,215.85,3239.09409639881,1943.4564578392676,0.0019404019404019222,36,v3_short,opposite_signal,False,A,True,0.018022181146025905,0.0034536433505204687,,0.8589743589743563,0.14102564102564374
MTSS,-1,2025-06-04 19:50:00+00:00,2025-06-05 06:50:00+00:00,228.05,226.3,3080.2996565928956,5390.5243990375675,0.005371629028721772,66,v3_short,timeout,False,A,True,0.024352786309785043,0.003031225653929852,-0.00041246160596752863,0.9369369369369381,0.0630630630630619
MTSS,-1,2025-07-07 19:50:00+00:00,2025-07-08 06:50:00+00:00,194.9,193.7,3623.579803824198,4348.295764589099,0.0043099025141098615,66,v3_short,timeout,False,A,True,0.00794871794871786,0.003291470434327579,0.00022820512820513055,0.8064516129032346,0.19354838709676533
TATN,-1,2022-01-11 12:20:00+00:00,2022-01-11 20:20:00+00:00,502.4,505.4,1393.312101910828,-4179.9363057324845,-0.004179936305732485,48,v3_short,timeout,False,A,True,0.012746464847639867,0.0030719463103450447,,0.953124999999998,0.04687500000000194
TATN,-1,2022-02-03 11:00:00+00:00,2022-02-03 12:50:00+00:00,488.4,481.07399999999996,1427.2605335503426,10456.110668789841,0.010500000000000032,11,v3_short,tp,False,A,True,0.01494370522006132,0.0033326509723643795,-0.00023336745138178048,0.9315068493150681,0.06849315068493193
TATN,-1,2022-02-03 19:40:00+00:00,2022-02-03 19:50:00+00:00,487.1,482.9,1446.095918813673,6073.602859017493,0.006035721617737696,1,v3_short,opposite_signal,False,A,True,0.014370765756518168,0.0037330473145940693,-3.900636419626313e-05,0.7857142857142857,0.21428571428571427
TATN,1,2022-02-03 20:10:00+00:00,2022-02-03 20:40:00+00:00,483.6,485.3,1465.3532755489089,2491.1005684331285,0.002460711331679057,3,v3_long,opposite_signal,False,A,True,0.014474772539288668,0.003886666329062636,-6.823821339950277e-05,0.2857142857142857,0.7142857142857143
TATN,-1,2022-02-04 21:00:00+00:00,2022-02-04 23:50:00+00:00,491.6,490.8,1445.054138432375,1156.0433107459164,0.0011391375101708868,17,v3_short,weekend_exit,False,A,True,0.01058631921824102,0.0037642092667685835,-0.0001852605863192164,0.8653846153846173,0.13461538461538272
TATN,1,2022-02-10 21:00:00+00:00,2022-02-11 06:50:00+00:00,501.9,498.5,1417.0110475610236,-4817.837561707448,-0.004741980474198016,59,v3_long,timeout,False,A,True,0.01612903225806456,0.003039686603434684,0.00011748307447232134,0.23456790123456445,0.7654320987654356
TATN,1,2022-02-11 20:20:00+00:00,2022-02-11 21:30:00+00:00,489.0,484.11,1447.495620608758,-7078.253584776807,-0.006999999999999982,7,v3_long,sl,False,A,True,0.013292433537832311,0.0037268895288176556,-6.3394683026583e-05,0.15384615384615385,0.8461538461538461
TATN,-1,2022-02-15 21:00:00+00:00,2022-02-16 06:50:00+00:00,496.7,498.5,1415.0806945205131,-2547.14525013694,-0.0025367425005033382,59,v3_short,timeout,False,A,True,0.009865109724179654,0.003829355378148827,0.0001671028790014107,0.8775510204081595,0.12244897959184052
TATN,-1,2023-02-21 13:20:00+00:00,2023-02-21 21:20:00+00:00,317.2,315.8,2210.2382701552424,3094.333578217289,0.0030895334174022193,48,v3_short,timeout,False,A,True,0.017023959646910575,0.0034978682519665977,,0.7037037037037014,0.2962962962962986
TATN,-1,2023-04-05 13:20:00+00:00,2023-04-05 17:50:00+00:00,383.3,387.13300000000004,1834.7341841846987,-7032.536127979999,-0.007000000000000049,27,v3_short,sl,False,A,True,0.02111574556830037,0.004034460499528292,,0.8765432098765435,0.12345679012345645
TATN,-1,2023-05-24 13:20:00+00:00,2023-05-24 21:20:00+00:00,429.0,429.2,1627.8108100429115,-325.5621620085638,-0.0003263403263403078,48,v3_short,timeout,False,A,True,0.011660447761194029,0.0032427149964463255,,0.6,0.4
TATN,-1,2023-12-05 13:20:00+00:00,2023-12-05 17:50:00+00:00,629.5,635.795,1108.980054003182,-6981.029439949985,-0.006999999999999955,27,v3_short,sl,False,A,True,0.011755361397934833,0.003131737206399618,,0.9594594594594654,0.04054054054053452
TATN,-1,2023-12-07 13:20:00+00:00,2023-12-07 21:20:00+00:00,631.4,627.0,1097.9034263336048,4830.775075867836,0.00487804878048778,48,v3_short,timeout,False,A,True,0.021711568938193235,0.003939325333937074,,0.8978102189781033,0.10218978102189666
TATN,-1,2024-06-07 13:20:00+00:00,2024-06-07 13:30:00+00:00,698.7,705.687,996.9912207530349,-6965.977659401421,-0.0069999999999999655,1,v3_short,sl,False,A,True,0.014743773260807263,0.0034286259594017935,,0.7961165048543769,0.20388349514562315
TATN,-1,2024-06-11 13:20:00+00:00,2024-06-11 13:50:00+00:00,690.1,697.001,1002.3497776823134,-6917.215815785598,-0.0069999999999999524,3,v3_short,sl,False,A,True,0.032015065913371034,0.004263156805529692,,0.8868778280542987,0.11312217194570125
TATN,1,2025-02-27 19:30:00+00:00,2025-02-28 06:50:00+00:00,718.1,713.0,956.5235071821677,-4878.269886629077,-0.0049714524439493325,68,v3_long,timeout,False,A,True,0.019629681191702664,0.003966280929746265,-0.0004218293192259464,0.3546099290780136,0.6453900709219864
TATN,-1,2025-03-03 19:50:00+00:00,2025-03-04 06:50:00+00:00,712.3,711.3,959.518098535553,959.518098535553,0.0009827319949459498,66,v3_short,timeout,False,A,True,0.012770137524557988,0.004038101347752117,-0.0002624193095705904,0.8021978021977952,0.19780219780220482
TATN,-1,2025-03-04 19:20:00+00:00,2025-03-05 06:50:00+00:00,716.9,715.0,954.2982344202111,1813.1666453983794,0.0018552099316501386,69,v3_short,timeout,False,A,True,0.0185520993165017,0.003393294826648743,-0.00016738736225414982,0.7894736842105222,0.21052631578947772
TATN,-1,2025-03-06 20:30:00+00:00,2025-03-07 06:50:00+00:00,701.4,700.5,977.1964940228517,879.4768446205443,0.0008982035928143487,62,v3_short,timeout,False,A,True,0.013257305773342772,0.0032466871281655934,-2.851033499644269e-06,0.7204301075268779,0.2795698924731221
TATN,-1,2025-03-27 20:30:00+00:00,2025-03-28 06:50:00+00:00,682.5,675.9,1005.1593475441208,6634.05169379122,0.006769230769230792,62,v3_short,timeout,False,A,True,0.008648490178833153,0.0030334033349487407,-2.9316915860424817e-06,0.9322033898305121,0.06779661016948793
TATN,-1,2025-04-02 19:30:00+00:00,2025-04-02 19:30:00+00:00,650.6,657.106,1061.5817566623368,-6906.650908845134,-0.006999999999999971,0,v3_short,sl,False,A,True,0.01860393603936043,0.004785124381856046,-0.000352091020910207,0.8677685950413206,0.13223140495867933
TATN,-1,2025-04-04 10:40:00+00:00,2025-04-04 11:00:00+00:00,654.0,650.9,1048.6703902879583,3250.8782098926945,0.003318042813455682,2,v3_short,opposite_signal,False,A,True,0.009478672985781885,0.0032969297341850267,3.974927381134244e-05,0.8709677419354898,0.1290322580645102
TATN,-1,2025-04-11 19:20:00+00:00,2025-04-11 23:50:00+00:00,682.5,686.9,1008.2139926670324,-4436.14156773492,-0.00451282051282049,27,v3_short,weekend_exit,False,A,True,0.018605332552006932,0.004511561436763378,0.00014503369469674905,0.8582677165354359,0.1417322834645641
TATN,1,2025-04-14 19:30:00+00:00,2025-04-15 06:50:00+00:00,684.0,684.0,1001.4630861079461,0.0,0.0,68,v3_long,timeout,False,A,True,0.015940333430827694,0.003832126591496502,7.60456273764232e-05,0.2660550458715581,0.7339449541284419
TATN,-1,2025-04-17 20:40:00+00:00,2025-04-17 21:00:00+00:00,687.7,694.577,996.0749613171951,-6850.007508978303,-0.006999999999999951,2,v3_short,sl,False,A,True,0.019194416169841567,0.0030388191338771974,-0.0001715864475788855,0.848484848484849,0.151515151515151
TATN,1,2025-04-30 19:20:00+00:00,2025-04-30 22:40:00+00:00,707.5,718.1125,961.4215486099652,10203.086184623211,0.010499999999999954,20,v3_long,tp,False,A,True,0.017662851490744664,0.004299642705746981,-0.0002147802741274558,0.03199999999999818,0.9680000000000019
TATN,-1,2025-05-05 20:40:00+00:00,2025-05-06 06:50:00+00:00,682.2,683.3,1007.5460363101532,-1108.300639941077,-0.0011287012606272886,61,v3_short,timeout,False,A,True,0.012459689240691879,0.0038800040684699604,-0.00032981530343007914,1.0,0.0
TATN,-1,2025-05-06 19:20:00+00:00,2025-05-07 06:50:00+00:00,690.3,686.3,994.5995878934201,3978.3983515736804,0.004056207446037955,69,v3_short,timeout,False,A,True,0.012023757786469585,0.0035654418221004055,0.00020136172678545362,0.8192771084337339,0.18072289156626606
TATN,1,2025-05-07 21:10:00+00:00,2025-05-07 23:30:00+00:00,686.7,692.5,1003.8691923240561,5822.44131547948,0.005912334352701279,14,v3_long,opposite_signal,False,A,True,0.016013975833454652,0.004070342651545991,0.0001135536468190414,0.009090909090911158,0.9909090909090889
TATN,-1,2025-05-12 19:20:00+00:00,2025-05-13 06:50:00+00:00,717.9,720.6,965.9182104607397,-2607.9791682440414,-0.0026326786460510268,69,v3_short,timeout,False,A,True,0.012809802283486556,0.0029722833159997503,-0.00010303536619326219,0.8260869565217375,0.17391304347826247
TATN,-1,2025-05-15 21:20:00+00:00,2025-05-16 06:50:00+00:00,696.1,695.0,993.5456082057092,1092.9001690263026,0.001106162907628237,57,v3_short,timeout,False,A,True,0.010051694428489374,0.0031151461158846097,-9.046524985640371e-05,0.8428571428571396,0.1571428571428604
TATN,-1,2025-06-19 19:20:00+00:00,2025-06-20 06:50:00+00:00,658.7,654.7,1051.1190648099478,4204.476259239791,0.004250797024442083,69,v3_short,timeout,False,A,True,0.0200394716866556,0.003023890594646847,-0.00019584029148322246,0.7878787878787921,0.21212121212120794
TATN,-1,2025-10-13 19:40:00+00:00,2025-10-14 09:50:00+00:00,591.9,583.0215,1174.7174545899318,10429.728920576745,0.010500000000000037,85,v3_short,gap_tp,False,A,True,0.010474742355127633,0.003834072909447616,-1.689474573406134e-06,0.9516129032257958,0.0483870967742042
TATN,-1,2025-10-28 19:50:00+00:00,2025-10-29 06:50:00+00:00,520.0,522.3,1351.1847531080466,-3107.7249321484455,-0.0030961538461537846,66,v3_short,timeout,False,A,True,0.01673076923076932,0.0034693877551020443,-8.269230769230681e-05,0.712643678160921,0.28735632183907894
TATN,-1,2025-10-30 10:20:00+00:00,2025-10-30 10:20:00+00:00,536.1,533.8,1306.5485248343225,3005.0616071190307,0.0030031710501772944,0,v3_short,opposite_signal,False,A,True,0.018093639246409336,0.003153285190218588,-0.00010632344711807583,0.7525773195876324,0.24742268041236762
CHMF,-1,2022-01-19 19:30:00+00:00,2022-01-20 06:50:00+00:00,1487.0,1494.0,470.74646940147943,-3295.225285810356,-0.003295225285810356,68,v3_short,timeout,False,A,True,0.02394082044384661,0.006752398336604306,0.000242098184263618,0.8988764044943843,0.10112359550561568
CHMF,1,2022-01-27 21:10:00+00:00,2022-01-28 06:50:00+00:00,1461.8,1474.0,477.28372027632565,5822.861387371195,0.005842112464085397,58,v3_long,timeout,False,A,True,0.020947426067907934,0.006119096050249225,0.00039978094194961734,0.254901960784313,0.745098039215687
CHMF,1,2022-01-28 23:00:00+00:00,2022-01-28 23:40:00+00:00,1469.4,1475.6,477.5890467341041,2961.0520897513584,0.0029535864978902085,4,v3_long,opposite_signal,False,A,True,0.011170140307860026,0.003447230956133989,-2.4519820187984665e-05,0.21951219512195833,0.7804878048780417
CHMF,1,2022-01-31 19:20:00+00:00,2022-02-01 06:50:00+00:00,1502.2,1508.4,468.5408612261474,2904.953339602135,0.0028890959925442898,69,v3_long,timeout,False,A,True,0.013846358673944851,0.003456155461785298,0.00014378910930635007,0.14423076923076955,0.8557692307692305
CHMF,1,2022-02-01 20:10:00+00:00,2022-02-02 06:50:00+00:00,1523.0,1539.4,463.47705126174657,7601.023640692686,0.007537754432042064,64,v3_long,timeout,False,A,True,0.011815675462780622,0.003239263409184065,0.0003282132072994617,0.011111111111113637,0.9888888888888864
CHMF,1,2022-02-09 19:30:00+00:00,2022-02-10 06:50:00+00:00,1670.6,1679.8,425.7130765115078,3916.560303905891,0.0038549024302645947,68,v3_long,timeout,False,A,True,0.014364376346660284,0.004152965950565028,0.0002465884606176671,0.10833333333332955,0.8916666666666705
CHMF,1,2022-02-10 22:10:00+00:00,2022-02-11 06:50:00+00:00,1652.4,1640.0,432.06115821402744,-5357.5583618539795,-0.005252965383684376,52,v3_long,timeout,False,A,True,0.01270724918310541,0.0035417289268363764,0.00017669127435555987,0.11428571428571861,0.8857142857142813
CHMF,-1,2022-02-11 11:20:00+00:00,2022-02-11 11:40:00+00:00,1645.8,1634.4,431.51510935688503,4919.272246668431,0.0048487057965730385,2,v3_short,opposite_signal,False,A,True,0.013242619365812145,0.00350526689975117,-8.504434455108736e-05,0.7706422018348619,0.2293577981651381
CHMF,1,2022-02-11 20:20:00+00:00,2022-02-11 21:30:00+00:00,1630.0,1613.7,437.81046475596884,-7136.310575522272,-0.00699999999999998,7,v3_long,sl,False,A,True,0.018036809815950836,0.0037260548391135585,1.2269938650306748e-05,0.12925170068027117,0.8707482993197289
CHMF,-1,2023-02-16 22:50:00+00:00,2023-02-17 09:50:00+00:00,974.0,971.0,727.5519919397984,2182.6559758193953,0.00215605749486653,66,v3_short,timeout,False,A,True,0.015400410677618069,0.0033692327033482765,-0.0002566735112936345,0.9333333333333333,0.06666666666666667
CHMF,-1,2023-02-22 13:20:00+00:00,2023-02-22 17:00:00+00:00,1017.4,1027.574,698.0179863696062,-7101.634993324437,-0.007000000000000064,22,v3_short,sl,False,A,True,0.015723270440251572,0.003958894878706195,,0.8374999999999986,0.16250000000000142
CHMF,-1,2023-08-01 13:20:00+00:00,2023-08-01 21:20:00+00:00,1378.0,1367.2,511.75062034623375,5526.906699739301,0.0054862119013062175,48,v3_short,timeout,False,A,True,0.020319303338171262,0.0036008017140092548,,0.9357142857142874,0.06428571428571266
CHMF,-1,2023-08-15 13:20:00+00:00,2023-08-15 21:20:00+00:00,1324.8,1314.6,535.221308519722,5459.257346901189,0.0053894927536232125,48,v3_short,timeout,False,A,True,0.027924528301886794,0.006080862533692749,,0.7513513513513501,0.24864864864864988
CHMF,-1,2023-10-04 13:20:00+00:00,2023-10-04 15:10:00+00:00,1370.0,1383.7,520.3523136275609,-7128.826696697608,-0.007000000000000023,11,v3_short,sl,False,A,True,0.020437956204379562,0.0035106013208203064,,0.8928571428571429,0.10714285714285714
CHMF,-1,2023-10-05 13:20:00+00:00,2023-10-05 21:20:00+00:00,1379.0,1367.4,513.3375569123061,5954.715660182705,0.0058883248730964,48,v3_short,timeout,False,A,True,0.01740391588107324,0.0034807831762146625,,0.7916666666666666,0.20833333333333334
CHMF,-1,2023-11-03 13:20:00+00:00,2023-11-03 20:00:00+00:00,1360.2,1373.8020000000001,523.4971268520792,-7120.607919442028,-0.007000000000000046,40,v3_short,sl,False,A,True,0.01764705882352941,0.003242296918767504,,0.8000000000000019,0.1999999999999981
CHMF,-1,2023-12-20 13:20:00+00:00,2023-12-20 21:20:00+00:00,1324.4,1328.0,533.8842996078139,-1921.9834785880814,-0.0019027484143762732,48,v3_short,timeout,False,A,True,0.015856236786469344,0.003681810990781069,,0.68571428571429,0.31428571428570995
CHMF,-1,2024-01-19 13:20:00+00:00,2024-01-19 14:40:00+00:00,1547.8,1563.278,455.9574738115888,-7057.309779655801,-0.0070000000000000305,8,v3_short,sl,False,A,True,0.015505879312572685,0.003273463410432,,0.9499999999999981,0.0500000000000019
CHMF,1,2024-07-26 22:20:00+00:00,2024-07-26 23:50:00+00:00,1430.2,1443.6,489.995008474212,6565.933113554374,0.006558523283456793,9,v3_long,weekend_exit,False,A,True,0.007411550832051398,0.0035017223222668864,-0.00017759753880576204,0.018867924528306337,0.9811320754716937
CHMF,-1,2024-08-09 13:20:00+00:00,2024-08-09 21:20:00+00:00,1391.2,1380.0,507.0349441484374,5678.791374462522,0.005635422656699276,48,v3_short,timeout,False,A,True,0.01437607820586544,0.0031969659629233816,,0.8100000000000023,0.18999999999999773
CHMF,-1,2024-08-15 13:20:00+00:00,2024-08-15 21:20:00+00:00,1398.4,1383.2,507.26699675445496,7710.458350667738,0.007608695652173935,48,v3_short,timeout,False,A,True,0.014302059496567505,0.0038887980821619202,,0.6700000000000046,0.32999999999999546
CHMF,-1,2024-09-24 13:20:00+00:00,2024-09-24 15:50:00+00:00,1318.0,1298.23,542.3061374103925,10721.392336603449,0.01049999999999999,15,v3_short,tp,False,A,True,0.021244309559939303,0.003902016041621496,,0.75,0.25
CHMF,-1,2024-10-08 13:20:00+00:00,2024-10-08 15:20:00+00:00,1218.6,1230.7859999999998,592.70020001848,-7222.644637425151,-0.006999999999999955,12,v3_short,sl,False,A,True,0.013943569553805773,0.0036245469316335617,,0.8588235294117593,0.14117647058824065
CHMF,-1,2024-12-19 22:00:00+00:00,2024-12-20 09:50:00+00:00,1045.8,1041.8,685.7990174950488,2743.1960699801953,0.002677376171352075,71,v3_short,timeout,False,A,True,0.01893287435456106,0.0035594272132260666,-9.753298909925678e-05,0.8585858585858606,0.14141414141413944
CHMF,-1,2024-12-23 23:10:00+00:00,2024-12-24 09:50:00+00:00,1150.8,1151.0,624.8947251870944,-124.9789450374473,-0.00012165450121657268,64,v3_short,timeout,False,A,True,0.013900955690703735,0.003283746165712159,-0.00042745438748914224,0.8875000000000028,0.11249999999999716
CHMF,-1,2024-12-25 22:00:00+00:00,2024-12-26 09:50:00+00:00,1155.4,1161.4,622.3311099911563,-3733.986659946938,-0.0036351047256361433,71,v3_short,timeout,False,A,True,0.011764705882352863,0.0043429136360426486,0.00022837370242214611,0.9117647058823657,0.08823529411763427
CHMF,-1,2025-01-29 11:30:00+00:00,2025-01-29 19:30:00+00:00,1267.0,1254.2,565.4519130401097,7237.784486913379,0.0070718232044198635,48,v3_short,timeout,False,A,True,0.017045454545454475,0.0036075036075035884,,0.7685185185185175,0.23148148148148245
CHMF,-1,2025-02-11 12:40:00+00:00,2025-02-11 14:10:00+00:00,1211.0,1223.11,595.7836688378683,-7214.940229626525,-0.006999999999999943,9,v3_short,sl,False,A,True,0.013047068538398168,0.003260587471983046,,0.7848101265822752,0.2151898734177248
CHMF,-1,2025-02-20 13:10:00+00:00,2025-02-20 18:30:00+00:00,1352.4,1346.8,529.7571464078082,2966.6400198837987,0.002898550724637752,32,v3_short,opposite_signal,False,A,True,0.016565596805206396,0.0034836017717715245,,0.9285714285714329,0.07142857142856708
CHMF,1,2025-02-20 19:20:00+00:00,2025-02-21 06:50:00+00:00,1346.0,1347.0,533.8188802495085,533.8188802495085,0.0005200594353640416,69,v3_long,timeout,False,A,True,0.013079667063020148,0.0035338154286684883,-2.9726516052318672e-05,0.21590909090908944,0.7840909090909105
CHMF,-1,2025-02-21 21:00:00+00:00,2025-02-21 23:10:00+00:00,1372.0,1385.72,523.9751355918463,-7188.938860320146,-0.007000000000000014,13,v3_short,sl,False,A,True,0.012538270884968688,0.003918581574633052,-2.9158769499930417e-05,0.8372093023255844,0.16279069767441554
CHMF,-1,2025-02-24 19:30:00+00:00,2025-02-24 22:50:00+00:00,1404.4,1418.4440000000002,508.3036377312654,-7138.61628829794,-0.007000000000000048,20,v3_short,sl,False,A,True,0.01694673882084873,0.0036823045937258393,-8.117345485616374e-05,0.7983193277310939,0.20168067226890604
CHMF,1,2025-04-02 19:30:00+00:00,2025-04-02 20:10:00+00:00,1148.6,1155.4,617.1553172801503,4196.656157505134,0.0041441755180220505,4,v3_long,opposite_signal,False,A,True,0.016364902506963947,0.0047218748223523425,0.00012012534818941662,0.15957446808510484,0.8404255319148951
CHMF,-1,2025-04-02 21:10:00+00:00,2025-04-03 06:50:00+00:00,1159.0,1161.4,614.1520765644816,-1473.9649837548118,-0.001449525452976759,58,v3_short,timeout,False,A,True,0.013807386952019331,0.00419857276704261,6.385916465308626e-05,0.8375000000000057,0.16249999999999432
CHMF,-1,2025-04-11 19:30:00+00:00,2025-04-11 21:50:00+00:00,1056.2,1048.2,672.9506544684773,5383.605235747818,0.005302026131414505,14,v3_short,opposite_signal,False,A,True,0.015906078394243472,0.004965818935034709,9.278545729975556e-05,0.8928571428571452,0.10714285714285472
CHMF,-1,2025-04-15 20:50:00+00:00,2025-04-16 06:50:00+00:00,1037.8,1043.4,688.5132057377425,-3855.673952131452,-0.00377722104451734,60,v3_short,timeout,False,A,True,0.00828676045480816,0.004047022547697034,-9.635767970711646e-06,0.9069767441860508,0.09302325581394918
CHMF,1,2025-04-16 20:50:00+00:00,2025-04-17 06:50:00+00:00,1042.6,1041.4,682.7546836256831,-819.3056203506956,-0.0008056781124111574,60,v3_long,timeout,False,A,True,0.015541059094397586,0.0038412141525834935,0.0003491941673062216,0.1481481481481393,0.8518518518518607
CHMF,-1,2025-04-17 21:00:00+00:00,2025-04-18 06:50:00+00:00,1056.2,1055.8,673.4202984414804,269.3681193766534,0.0002651013065707854,59,v3_short,timeout,False,A,True,0.02101476713366132,0.0038289454365615823,-3.7864445285842126e-06,0.7117117117117155,0.2882882882882845
CHMF,-1,2025-04-18 20:10:00+00:00,2025-04-18 23:40:00+00:00,1030.0,1022.4,690.7330843664615,5249.571441185123,0.005165048543689335,21,v3_short,opposite_signal,False,A,True,0.012815533980582458,0.004715672676837724,-0.00040194174757281643,0.712121212121214,0.2878787878787859
CHMF,-1,2025-04-23 19:50:00+00:00,2025-04-23 22:40:00+00:00,1068.2,1059.8,669.4718001369454,5623.563121150402,0.005504587155963363,17,v3_short,opposite_signal,False,A,True,0.01609281437125753,0.004078577538799941,-0.000241392215568864,0.7674418604651169,0.2325581395348831
CHMF,1,2025-04-30 19:40:00+00:00,2025-04-30 22:00:00+00:00,1038.8,1054.3819999999998,692.2085782548039,10785.994066366271,0.010499999999999919,14,v3_long,tp,False,A,True,0.014833365440185023,0.004784576130587081,0.00036601810826430796,0.05194805194804869,0.9480519480519514
CHMF,-1,2025-05-15 20:30:00+00:00,2025-05-16 06:50:00+00:00,1029.8,1031.8,705.5898882671845,-1411.179776534369,-0.0013594872790833172,62,v3_short,timeout,False,A,True,0.010683760683760575,0.003520289234574945,4.662004662004398e-05,0.7454545454545469,0.254545454545453
CHMF,1,2025-05-16 20:40:00+00:00,2025-05-16 23:40:00+00:00,1017.4,1027.2,713.2186368134192,6989.542640771557,0.006742677413013612,18,v3_long,opposite_signal,False,A,True,0.01356398663259295,0.003911531193959782,-6.290544525260557e-05,0.0,1.0
CHMF,1,2025-05-22 19:40:00+00:00,2025-05-23 06:50:00+00:00,990.8,996.0,737.3045225499725,3833.9835172598905,0.0036737989503431894,67,v3_long,timeout,False,A,True,0.018570851836899452,0.0033450602687582973,0.00010092854259184498,0.15217391304347597,0.8478260869565241
CHMF,1,2025-05-29 19:20:00+00:00,2025-05-29 21:20:00+00:00,992.2,982.278,738.9690681360559,-7332.051094045965,-0.0070000000000000175,12,v3_long,sl,False,A,True,0.013908486192299892,0.003241611097170168,0.00018947792783712916,0.15942028985507628,0.8405797101449237
CHMF,-1,2025-05-30 12:30:00+00:00,2025-05-30 14:10:00+00:00,993.6,1003.5360000000001,732.762352696017,-7280.726736387652,-0.007000000000000025,10,v3_short,sl,False,A,True,0.0118783974229917,0.003221260318099452,,0.7966101694915265,0.20338983050847342
CHMF,-1,2025-06-04 20:50:00+00:00,2025-06-04 22:50:00+00:00,1067.4,1051.3890000000001,677.3244940259425,10844.642473849342,0.010499999999999976,12,v3_short,tp,False,A,True,0.014427581038036433,0.0037474236462431945,1.6863406408091877e-05,0.8961038961039026,0.10389610389609738
CHMF,-1,2025-06-05 10:20:00+00:00,2025-06-05 18:20:00+00:00,1062.6,1053.0,687.5281523197682,6600.2702622697125,0.0063241106719367,48,v3_short,timeout,False,A,True,0.019198193111236463,0.004060122072544439,8.281573498964975e-05,0.7941176470588199,0.20588235294118007
CHMF,1,2025-06-16 19:20:00+00:00,2025-06-17 06:50:00+00:00,988.8,989.2,743.5149715195939,297.4059886079052,0.0002831715210356631,69,v3_long,timeout,False,A,True,0.011729019211324593,0.0032108293266750543,0.0001456016177957542,0.03448275862068763,0.9655172413793124
CHMF,-1,2025-06-19 20:30:00+00:00,2025-06-20 06:50:00+00:00,1015.2,1013.0,724.3851339938929,1593.6472947865973,0.0015169424743893141,62,v3_short,timeout,False,A,True,0.0049261083743842365,0.0029958781542173472,-0.0002226600985221666,0.8800000000000182,0.11999999999998182
CHMF,-1,2025-08-12 19:40:00+00:00,2025-08-13 06:50:00+00:00,1111.4,1108.8,662.6879081671322,1722.988561234634,0.001637574230700104,67,v3_short,timeout,False,A,True,0.013498920086393088,0.0034491118261559474,-0.00026457883369330126,0.9600000000000061,0.039999999999993936
CHMF,-1,2025-10-09 21:00:00+00:00,2025-10-10 06:50:00+00:00,929.4,930.8,793.7566528188239,-1111.2593139463354,-0.0010544437271357693,59,v3_short,timeout,False,A,True,0.006673842841765265,0.0038311987873728528,0.0006329386437029059,0.8387096774193531,0.16129032258064693
CHMF,1,2025-10-15 20:30:00+00:00,2025-10-16 06:50:00+00:00,874.6,876.2,842.6018198148324,1348.162911703751,0.0012805854104733774,62,v3_long,timeout,False,A,True,0.008005489478499543,0.0039023843755251293,-9.83531564501362e-05,0.19999999999999676,0.8000000000000033
SNGS,-1,2022-01-12 20:50:00+00:00,2022-01-13 06:50:00+00:00,40.805,40.95,17154.76044602377,-2487.4402646735,-0.0024874402646735,60,v3_short,timeout,False,A,True,0.01409141036637674,0.003395942374008791,0.000252420046562918,0.8782608695652175,0.1217391304347825
SNGS,-1,2022-02-01 12:00:00+00:00,2022-02-01 18:00:00+00:00,36.455,35.908175,19153.99236907773,10473.881877220898,0.01049999999999997,36,v3_short,tp,False,A,True,0.015481572818194407,0.0037256539782294625,,0.7876106194690203,0.2123893805309797
SNGS,1,2022-02-02 19:20:00+00:00,2022-02-03 06:50:00+00:00,35.76,35.76,19731.27821948499,0.0,0.0,69,v3_long,timeout,False,A,True,0.028107956929100696,0.003444644533802883,6.572507341630525e-05,0.08955223880596688,0.9104477611940331
SNGS,-1,2022-02-03 11:50:00+00:00,2022-02-03 19:50:00+00:00,35.72,35.395,19753.373715811398,6419.84645763862,0.0063689809630458295,48,v3_short,timeout,False,A,True,0.01471206389239172,0.0031432441268506926,,0.7619047619047613,0.23809523809523875
SNGS,-1,2022-09-28 22:30:00+00:00,2022-09-29 09:50:00+00:00,18.27,18.415,38866.141305371115,-5635.590489278795,-0.005555555555555539,68,v3_short,timeout,False,A,True,0.012315270935960475,0.005054566982786541,-0.00028461959496442035,0.9111111111111122,0.08888888888888784
SNGS,-1,2022-10-28 13:20:00+00:00,2022-10-28 14:00:00+00:00,21.08,21.290799999999997,33498.078192914385,-7061.3948830663185,-0.006999999999999968,4,v3_short,sl,False,A,True,0.01707779886148005,0.003512695400740933,,0.8888888888888812,0.1111111111111188
SNGS,-1,2023-01-10 13:20:00+00:00,2023-01-10 21:20:00+00:00,21.52,21.47,32583.48103571044,1629.174051785545,0.0016263940520446327,48,v3_short,timeout,False,A,True,0.02277480827329779,0.0038732667131458755,,0.7959183673469367,0.20408163265306328
SNGS,-1,2023-03-22 13:20:00+00:00,2023-03-22 21:20:00+00:00,23.06,23.0,30456.935547473484,1827.4161328483701,0.0018213356461404644,48,v3_short,timeout,False,A,True,0.01431049436253245,0.003252385082393769,,0.6363636363636315,0.36363636363636853
SNGS,-1,2023-05-12 13:20:00+00:00,2023-05-12 21:20:00+00:00,23.92,23.825,29415.389841878445,2794.462034978523,0.002780100334448231,48,v3_short,timeout,False,A,True,0.018189420865565492,0.004012225839530865,,0.7356321839080487,0.2643678160919512
SNGS,-1,2023-05-19 13:20:00+00:00,2023-05-19 21:20:00+00:00,24.47,24.27,28834.174435726087,5766.834887145197,0.005721291377196547,48,v3_short,timeout,False,A,True,0.02167245961970972,0.004264392324093812,,0.8490566037735817,0.15094339622641825
SNGS,-1,2023-05-31 13:20:00+00:00,2023-05-31 21:20:00+00:00,24.445,24.395,29028.80068984328,1451.4400344921846,0.0014317856412354468,48,v3_short,timeout,False,A,True,0.01840867253016974,0.0034966737768946706,,0.8666666666666692,0.1333333333333307
SNGS,-1,2023-08-29 13:20:00+00:00,2023-08-29 21:20:00+00:00,31.45,31.32,22595.390807229363,2937.400804939795,0.0028934817170111066,48,v3_short,timeout,False,A,True,0.02257551669316378,0.003626315391021289,,0.8873239436619693,0.11267605633803064
SNGS,-1,2023-09-29 13:20:00+00:00,2023-09-29 14:10:00+00:00,30.62,30.9262,23275.023561424605,-7126.812214508225,-0.007000000000000011,5,v3_short,sl,False,A,True,0.028077048645119146,0.005114811187289138,,0.8837209302325605,0.11627906976743946
SNGS,-1,2023-10-04 13:20:00+00:00,2023-10-04 14:30:00+00:00,33.785,34.12285,20946.94251592913,-7076.924529006722,-0.007000000000000065,7,v3_short,sl,False,A,True,0.021015243451235784,0.005792934311507642,,0.8732394366197137,0.12676056338028635
SNGS,-1,2023-11-28 13:20:00+00:00,2023-11-28 21:20:00+00:00,31.805,31.895,22095.224201551988,-1988.5701781396758,-0.001980820625687782,48,v3_short,timeout,False,A,True,0.013356379635449426,0.0032100206518811004,,0.7647058823529382,0.23529411764706176
SNGS,-1,2024-02-22 13:20:00+00:00,2024-02-22 17:10:00+00:00,29.065,28.629025000000002,24130.280633258666,10520.199099084926,0.01049999999999998,23,v3_short,tp,False,A,True,0.013076393668272629,0.0035312817487628246,,0.9078947368421055,0.0921052631578945
SNGS,-1,2024-04-26 13:20:00+00:00,2024-04-26 14:50:00+00:00,33.77,33.263450000000006,20986.400532277836,10630.661189625278,0.01049999999999994,9,v3_short,tp,False,A,True,0.016878886585726983,0.003348985433675997,,0.824561403508782,0.175438596491218
SNGS,-1,2024-06-26 13:20:00+00:00,2024-06-26 21:20:00+00:00,28.285,28.15,25319.15180511792,3418.0854936909586,0.0033409934594308324,48,v3_short,timeout,False,A,True,0.010961810466760915,0.0035444871017714084,,0.8548387096774247,0.1451612903225753
SNGS,-1,2024-07-03 13:20:00+00:00,2024-07-03 15:30:00+00:00,30.065,30.365650000000002,23899.712910472106,-7185.448686533462,-0.007000000000000022,13,v3_short,sl,False,A,True,0.014147802929427454,0.003931266248177046,,0.7764705882352971,0.22352941176470284
SNGS,-1,2024-07-10 13:20:00+00:00,2024-07-10 15:30:00+00:00,28.23,27.80655,25275.06392393803,10702.725818591533,0.010499999999999975,13,v3_short,tp,False,A,True,0.014346439957491944,0.004908658468700965,,0.8024691358024721,0.19753086419752783
SNGS,-1,2024-08-01 13:20:00+00:00,2024-08-01 18:00:00+00:00,28.165,27.742525,25599.395087725352,10815.104439686733,0.010499999999999966,28,v3_short,tp,False,A,True,0.016690340909090995,0.003060741341991352,,0.7553191489361673,0.24468085106383275
SNGS,-1,2024-08-15 13:20:00+00:00,2024-08-15 21:20:00+00:00,26.515,26.235,27477.938365210834,7693.822742259064,0.007392042240241402,48,v3_short,timeout,False,A,True,0.018658122879758668,0.004675748927539341,,0.838383838383841,0.161616161616159
SNGS,-1,2024-09-06 13:20:00+00:00,2024-09-06 15:20:00+00:00,22.985,23.21485,31932.269378862155,-7339.6321167314345,-0.00699999999999997,12,v3_short,sl,False,A,True,0.01849031977376553,0.004816805991485129,,0.7647058823529382,0.23529411764706176
SNGS,-1,2024-09-26 13:20:00+00:00,2024-09-26 21:20:00+00:00,24.825,24.865,29358.528466925865,-1174.3411386770097,-0.0011278952668680527,48,v3_short,timeout,False,A,True,0.02114377768828025,0.004171221448708368,,0.7714285714285689,0.2285714285714311
SNGS,-1,2024-10-08 13:20:00+00:00,2024-10-08 21:20:00+00:00,26.2,26.04,27786.390473067204,4445.822475690757,0.004274809160305348,48,v3_short,timeout,False,A,True,0.01221374045801528,0.0035169029443838456,,0.8437499999999979,0.15625000000000208
SNGS,-1,2024-10-15 13:20:00+00:00,2024-10-15 14:40:00+00:00,25.9,26.159,28228.397919974683,-7311.155061273453,-0.0070000000000000106,8,v3_short,sl,False,A,True,0.016599112140513402,0.0036304813374877223,,0.5813953488372097,0.41860465116279033
SNGS,-1,2024-11-01 13:20:00+00:00,2024-11-01 19:20:00+00:00,22.745,22.972450000000002,31919.00187225556,-7259.976975844561,-0.007000000000000032,36,v3_short,sl,False,A,True,0.020663882171905863,0.005066524301521015,,0.7446808510638346,0.25531914893616536
SNGS,-1,2024-12-19 13:20:00+00:00,2024-12-19 15:10:00+00:00,22.365,22.588649999999998,32234.103004755714,-7209.157137013591,-0.006999999999999976,11,v3_short,sl,False,A,True,0.014978761457634736,0.003662184748703869,,0.7164179104477547,0.2835820895522453
SNGS,-1,2025-02-27 10:30:00+00:00,2025-02-27 13:00:00+00:00,28.12,27.6982,25457.656604034568,10738.039555581809,0.010500000000000028,15,v3_short,tp,False,A,True,0.013869132290184941,0.003313720418983584,-0.00014935988620198954,0.8974358974358998,0.10256410256410023
SNGS,1,2025-03-06 19:20:00+00:00,2025-03-07 06:50:00+00:00,27.315,27.26,26483.102009678172,-1456.570610532292,-0.0014094819696137582,69,v3_long,timeout,False,A,True,0.01610836536701451,0.004038298460515453,-0.00016291414973458075,0.09090909090909678,0.9090909090909032
SNGS,-1,2025-03-25 19:30:00+00:00,2025-03-26 06:50:00+00:00,27.185,27.375,26572.23954265171,-5048.725513103859,-0.004892403899209157,68,v3_short,timeout,False,A,True,0.016550202280250066,0.004631054334201506,-0.00019860242736299816,0.8111111111111089,0.18888888888889108
SNGS,-1,2025-03-27 22:50:00+00:00,2025-03-28 06:50:00+00:00,26.315,26.165,27316.444009417213,4097.466601412641,0.003990119703591165,48,v3_short,timeout,False,A,True,0.012547528517110336,0.0034181733529913823,-0.00018250950570342355,1.0,0.0
SNGS,-1,2025-04-01 10:50:00+00:00,2025-04-01 13:00:00+00:00,25.755,25.695,28021.760851438663,1681.305651086284,0.0016307513104251254,13,v3_short,opposite_signal,False,A,True,0.012228260869565128,0.003137939958592123,0.00010481366459627175,0.7142857142857126,0.2857142857142873
SNGS,-1,2025-04-02 21:10:00+00:00,2025-04-03 06:50:00+00:00,25.22,25.265,28662.86140700092,-1289.8287633150903,-0.0012490087232355747,58,v3_short,timeout,False,A,True,0.023186682520808456,0.005217306898978375,8.521601268331487e-05,0.7863247863247853,0.21367521367521466
SNGS,1,2025-04-16 20:50:00+00:00,2025-04-17 06:50:00+00:00,23.385,23.45,30873.401092591084,2006.7710710183503,0.001945691682702519,60,v3_long,timeout,False,A,True,0.015180671370536533,0.003063188071893275,0.00037417147744280525,0.0,1.0
SNGS,-1,2025-04-17 20:50:00+00:00,2025-04-18 06:50:00+00:00,23.635,23.55,30606.271389885987,2601.533068140335,0.0025174529299767548,60,v3_short,timeout,False,A,True,0.01354784081287046,0.0030802329399160153,2.5402201524133052e-05,1.015625000000008,-0.01562500000000798
SNGS,-1,2025-04-18 10:20:00+00:00,2025-04-18 11:00:00+00:00,23.6,23.836000000000002,30728.82616303617,-7252.002974476556,-0.007000000000000019,4,v3_short,sl,False,A,True,0.012923728813559309,0.0032082324455205663,-0.0001949152542372885,0.7213114754098446,0.27868852459015536
SNGS,-1,2025-04-23 19:50:00+00:00,2025-04-24 06:50:00+00:00,24.19,24.0,29769.487199897478,5656.202567980559,0.0054981397271600205,66,v3_short,timeout,False,A,True,0.013432527381690549,0.0034414261674911824,2.0665426741072776e-06,0.7846153846153856,0.21538461538461437
SNGS,1,2025-04-30 19:20:00+00:00,2025-05-02 06:50:00+00:00,23.245,23.455,31150.063977763235,6541.5134353301955,0.006323940632393982,213,v3_long,timeout,False,A,True,0.012690901269090046,0.004108849390476769,-0.000126909012690902,0.05084745762712089,0.9491525423728792
SNGS,-1,2025-05-29 10:40:00+00:00,2025-05-29 11:00:00+00:00,22.28,22.16,32704.770941105813,3924.57251293273,0.00377019748653504,2,v3_short,opposite_signal,False,A,True,0.012788871438187127,0.00334598238237849,8.301548126542618e-05,0.7719298245614116,0.2280701754385884
SNGS,-1,2025-05-29 11:50:00+00:00,2025-05-29 19:30:00+00:00,22.28,21.945800000000002,32828.07438630568,10971.14245990333,0.010499999999999975,46,v3_short,tp,False,A,True,0.012342908438061136,0.0031941950927588296,,0.8000000000000026,0.19999999999999743
SNGS,-1,2025-09-24 11:20:00+00:00,2025-09-24 19:20:00+00:00,21.49,21.51,34392.2427663482,-687.8448553270715,-0.0006514657980457044,48,v3_short,timeout,False,A,True,0.012563983248022317,0.0030763662685486855,-6.281991624011406e-05,0.8888888888888845,0.11111111111111549
SNGS,-1,2025-10-10 12:00:00+00:00,2025-10-10 13:30:00+00:00,20.675,20.364875,35724.68225635278,11079.117084751382,0.010499999999999976,9,v3_short,tp,False,A,True,0.016203143893591163,0.003482466747279317,,0.7014925373134367,0.2985074626865632
SNGS,-1,2025-10-21 11:50:00+00:00,2025-10-21 18:00:00+00:00,20.605,20.295925,36222.43084733898,11195.447814141296,0.0105,37,v3_short,tp,False,A,True,0.008978403300169972,0.003947261991426043,,0.9189189189189169,0.08108108108108315
SNGS,-1,2025-10-28 10:20:00+00:00,2025-10-28 18:20:00+00:00,19.88,19.78,37937.62580881885,3793.762580881804,0.0035211267605633053,48,v3_short,timeout,False,A,True,0.019124308002013212,0.0031394540705059213,6.0392551585303196e-05,0.8421052631578898,0.1578947368421102
PIKK,-1,2022-01-12 22:10:00+00:00,2022-01-13 06:50:00+00:00,1262.5,1265.0,554.4554455445544,-1386.1386138613861,-0.001386138613861386,52,v3_short,timeout,False,A,True,0.016554455445544448,0.0033784602950091,0.00014178217821781889,0.9856459330143561,0.014354066985643852
PIKK,-1,2022-02-04 21:00:00+00:00,2022-02-04 23:50:00+00:00,937.6,945.0,745.552157604839,-5517.085966275791,-0.005524744027303737,17,v3_short,weekend_exit,False,A,True,0.01600170684873053,0.004659000361399086,-0.0003520375506720717,0.8400000000000015,0.15999999999999848
PIKK,-1,2022-02-08 19:50:00+00:00,2022-02-09 06:50:00+00:00,907.0,906.0,766.4473459690231,766.4473459690231,0.0007717750826901874,66,v3_short,timeout,False,A,True,0.0176444640494045,0.0036706786817064696,-0.00034406704896338823,1.0,0.0
PIKK,-1,2022-02-11 19:20:00+00:00,2022-02-11 21:40:00+00:00,943.6,929.446,737.2872572446825,10435.563839041233,0.010499999999999999,14,v3_short,tp,False,A,True,0.01195767195767191,0.004662563438073634,0.0002391534391534382,0.6194690265486751,0.3805309734513249
PIKK,-1,2022-02-15 23:10:00+00:00,2022-02-16 07:00:00+00:00,941.9,951.319,746.3734479492633,-7030.091506234098,-0.006999999999999986,47,v3_short,sl,False,A,True,0.008386411889596579,0.004367606915377626,0.00037791932059447886,0.9873417721518958,0.01265822784810418
PIKK,-1,2022-10-19 23:40:00+00:00,2022-10-20 09:50:00+00:00,608.2,609.0,1147.793631320367,-918.2349050562414,-0.0009207497533705493,61,v3_short,timeout,False,A,True,0.01216905114290409,0.0032587282569663334,-0.00016609110343693322,0.702702702702711,0.297297297297289
PIKK,-1,2023-01-18 13:20:00+00:00,2023-01-18 21:20:00+00:00,616.5,612.2,1131.2981705361037,4864.5821333051945,0.004882400648823955,48,v3_short,timeout,False,A,True,0.02497972424979739,0.004055150040551544,,0.8896103896103873,0.11038961038961269
PIKK,-1,2023-03-22 13:20:00+00:00,2023-03-22 21:20:00+00:00,644.9,642.9,1086.758458100204,2173.516916200408,0.0021708792060784617,48,v3_short,timeout,False,A,True,0.022173980462087076,0.004260535040500922,,0.818181818181816,0.181818181818184
PIKK,-1,2023-04-05 13:20:00+00:00,2023-04-05 21:20:00+00:00,651.8,654.2,1077.5882041579655,-2586.2116899792154,-0.0025774777539123413,48,v3_short,timeout,False,A,True,0.022859772936483724,0.0038282265959467625,,0.6711409395973114,0.32885906040268864
PIKK,-1,2023-06-22 13:20:00+00:00,2023-06-22 21:20:00+00:00,779.9,776.5,898.2711158958538,3054.1217940458823,0.003051673291447601,48,v3_short,timeout,False,A,True,0.016929588303193594,0.003145287870182046,,0.6893939393939388,0.3106060606060613
PIKK,-1,2023-08-18 13:20:00+00:00,2023-08-18 16:40:00+00:00,778.7,786.4870000000001,902.4008328534846,-7026.995285430116,-0.0070000000000000305,20,v3_short,sl,False,A,True,0.019260400616332822,0.004035512510088782,,0.7133333333333364,0.2866666666666636
PIKK,-1,2024-02-15 13:20:00+00:00,2024-02-15 13:20:00+00:00,854.4,862.944,816.6908144232297,-6977.80631843206,-0.006999999999999985,0,v3_short,sl,False,A,True,0.024812734082397057,0.0037899054752987276,,0.8301886792452823,0.1698113207547177
PIKK,-1,2024-09-03 22:00:00+00:00,2024-09-04 09:50:00+00:00,638.1,636.6,1085.8739498829416,1628.8109248244123,0.0016455101081335212,71,v3_short,timeout,False,A,True,0.01003134796238241,0.005770584095707262,7.836990595611286e-05,0.9375000000000033,0.06249999999999667
PIKK,-1,2024-09-24 13:20:00+00:00,2024-09-24 16:30:00+00:00,646.7,653.167,1073.1967451178011,-6940.363350676804,-0.006999999999999983,19,v3_short,sl,False,A,True,0.021319326432875128,0.004465435177624274,,0.6449275362318875,0.3550724637681125
PIKK,-1,2024-10-01 13:20:00+00:00,2024-10-01 16:10:00+00:00,648.6,638.871,1062.5625666392357,10337.671210833169,0.010500000000000044,17,v3_short,tp,False,A,True,0.019118100524205945,0.0045445868757616956,,0.7016129032258114,0.2983870967741886
PIKK,-1,2024-11-19 23:30:00+00:00,2024-11-20 09:50:00+00:00,484.5,483.8,1437.3879268726348,1006.171548810828,0.0010113519091847101,62,v3_short,timeout,False,A,True,0.01052197235403347,0.004458891045586777,-0.0002351970290901584,0.901960784313726,0.09803921568627408
PIKK,-1,2024-12-11 22:00:00+00:00,2024-12-12 09:50:00+00:00,388.8,386.5,1793.000953328084,4123.902192654614,0.004140946502057634,71,v3_short,timeout,False,A,True,0.014921533316182175,0.004378803232123811,0.00010033444816053745,0.9482758620689636,0.05172413793103634
PIKK,-1,2024-12-23 22:50:00+00:00,2024-12-23 23:10:00+00:00,466.9,471.56899999999996,1499.2621593249462,-7000.055021888148,-0.006999999999999975,2,v3_short,sl,False,A,True,0.014349967873206231,0.005345723639637905,-0.0008203041336474634,0.9850746268656683,0.014925373134331777
PIKK,1,2025-01-30 20:40:00+00:00,2025-01-31 06:50:00+00:00,699.7,700.0,993.4335624889176,298.0300687466301,0.00030012862655419203,61,v3_long,timeout,False,A,True,0.013581129378127233,0.0035418885209551974,5.718370264475924e-06,0.05263157894736842,0.9473684210526315
PIKK,-1,2025-02-03 19:50:00+00:00,2025-02-03 21:00:00+00:00,678.6,685.3860000000001,1024.6302456846718,-6953.140847216242,-0.007000000000000059,7,v3_short,sl,False,A,True,0.015325670498084257,0.003557744937055291,-0.000207780725022103,0.9230769230769272,0.07692307692307272
PIKK,-1,2025-02-04 19:30:00+00:00,2025-02-04 21:30:00+00:00,679.1,668.9135,1016.7087117192857,10356.703291928528,0.010500000000000025,12,v3_short,tp,False,A,True,0.011485790016197841,0.0032365766215188747,-0.0001663967015167126,0.8846153846153869,0.11538461538461314
PIKK,-1,2025-02-12 12:10:00+00:00,2025-02-12 14:30:00+00:00,722.8,711.958,965.2692009309864,10465.44867649374,0.010499999999999985,14,v3_short,tp,False,A,True,0.012036524626452591,0.003873824017708906,,0.8160919540229844,0.18390804597701554
PIKK,-1,2025-02-24 20:50:00+00:00,2025-02-25 06:50:00+00:00,703.9,705.5,1001.5945340339005,-1602.5512544542635,-0.0015911351044182638,60,v3_short,timeout,False,A,True,0.01903679499928964,0.004117004096709,-0.0005370080977411591,0.932835820895524,0.06716417910447603
PIKK,-1,2025-03-03 20:30:00+00:00,2025-03-03 22:20:00+00:00,632.6,638.926,1112.710411995486,-7039.006066283469,-0.007000000000000024,11,v3_short,sl,False,A,True,0.016729797979797834,0.0043644351680065885,-0.00018308080808080663,0.5566037735849083,0.4433962264150917
PIKK,1,2025-03-06 22:50:00+00:00,2025-03-07 06:50:00+00:00,665.2,665.5,1050.7716512055713,315.2314953616236,0.00031569452796146745,48,v3_long,timeout,False,A,True,0.014279272508642719,0.0048344003165673175,-0.00017285435142041188,0.126315789473689,0.873684210526311
PIKK,-1,2025-03-12 19:20:00+00:00,2025-03-12 20:00:00+00:00,613.6,611.0,1139.4947269046597,2962.686289952141,0.00296610169491528,4,v3_short,opposite_signal,False,A,True,0.012385919165580218,0.003814889710773482,-0.00016460234680573885,0.2763157894736864,0.7236842105263136
PIKK,1,2025-03-12 20:20:00+00:00,2025-03-12 20:50:00+00:00,612.4,616.3,1145.114050998801,4465.944798895298,0.004457870672762874,3,v3_long,opposite_signal,False,A,True,0.014696276943174396,0.0036224156547008065,-2.2860875244935723e-05,0.2555555555555505,0.7444444444444495
PIKK,1,2025-04-11 19:20:00+00:00,2025-04-11 19:20:00+00:00,427.7,428.6,1646.934781835147,1482.2413036516884,0.0014729950900164222,0,v3_long,opposite_signal,False,A,True,0.013327098433481385,0.0070190339404408,-0.00036941781622632853,0.771929824561401,0.22807017543859895
PIKK,1,2025-04-16 20:40:00+00:00,2025-04-17 06:50:00+00:00,426.8,429.2,1652.8387420418198,3966.81298090033,0.003936269915651322,61,v3_long,timeout,False,A,True,0.0260135926880713,0.0050219290903612355,0.0005319896883055995,0.08108108108108399,0.918918918918916
PIKK,-1,2025-04-17 11:00:00+00:00,2025-04-17 11:30:00+00:00,431.3,435.613,1642.0318668909779,-7082.083441900768,-0.00699999999999998,3,v3_short,sl,False,A,True,0.010196987253766011,0.0036523754345307103,0.00014136732329084377,0.7045454545454543,0.29545454545454575
PIKK,-1,2025-04-17 21:00:00+00:00,2025-04-17 21:00:00+00:00,435.8,440.158,1613.7009770095185,-7032.508857807488,-0.007000000000000005,0,v3_short,sl,False,A,True,0.021344962129905793,0.00375656344704511,2.9837043837501824e-05,0.8279569892473146,0.17204301075268535
PIKK,1,2025-04-28 20:10:00+00:00,2025-04-28 21:50:00+00:00,506.2,501.138,1379.5498411305473,-6983.281295802847,-0.007000000000000017,10,v3_long,sl,False,A,True,0.01461872777558273,0.00464848128109401,-5.333860134334345e-05,0.29729729729729665,0.7027027027027033
PIKK,1,2025-04-30 19:20:00+00:00,2025-04-30 22:30:00+00:00,469.1,476.13649999999996,1478.234561230486,10401.597490098215,0.010499999999999898,19,v3_long,tp,False,A,True,0.01811980387976977,0.004598471236714671,0.00016627584736730053,0.0,1.0
PIKK,-1,2025-05-08 12:10:00+00:00,2025-05-08 14:30:00+00:00,488.0,480.68,1435.9035879432167,10510.814263744336,0.010499999999999989,14,v3_short,tp,False,A,True,0.013721073110792521,0.004095842719639562,,0.7462686567164192,0.2537313432835808
PIKK,-1,2025-05-12 20:20:00+00:00,2025-05-13 06:50:00+00:00,499.6,504.8,1417.2908745014226,-7369.912547407382,-0.007285828662930327,63,v3_short,gap_sl,False,A,True,0.015612489991993618,0.004044051567784828,8.406725380304334e-05,0.6923076923076956,0.3076923076923043
PIKK,-1,2025-05-13 19:30:00+00:00,2025-05-14 06:50:00+00:00,499.9,497.0,1406.120388313114,4077.749126107999,0.004060812162432455,68,v3_short,timeout,False,A,True,0.009401880376075193,0.00313940339088225,-0.00018403680736147322,0.7659574468085052,0.23404255319149478
PIKK,-1,2025-05-15 11:40:00+00:00,2025-05-15 12:30:00+00:00,502.8,495.258,1403.6873637748631,10586.610097590059,0.01050000000000004,5,v3_short,tp,False,A,True,0.014726368159204048,0.00463887459255447,,0.8243243243243236,0.1756756756756764
PIKK,1,2025-05-19 20:20:00+00:00,2025-05-19 20:50:00+00:00,491.8,486.882,1450.1517559461454,-7131.846335743152,-0.00700000000000001,3,v3_long,sl,False,A,True,0.01728344855632371,0.003381995335751211,7.726718178121095e-05,0.27058823529411896,0.729411764705881
PIKK,-1,2025-05-23 19:40:00+00:00,2025-05-23 22:00:00+00:00,479.9,484.69899999999996,1475.7081499047595,-7081.923411392909,-0.006999999999999969,14,v3_short,sl,False,A,True,0.014996875650906037,0.0054112876144000515,0.0003790876900645708,0.749999999999998,0.250000000000002
PIKK,-1,2025-05-28 19:20:00+00:00,2025-05-28 23:30:00+00:00,532.3,537.6229999999999,1321.1252954185966,-7032.349947513162,-0.006999999999999973,25,v3_short,sl,False,A,True,0.016353383458646703,0.005036826760779502,3.759398496240601e-05,0.9195402298850527,0.08045977011494733
PIKK,-1,2025-05-29 11:50:00+00:00,2025-05-29 16:40:00+00:00,535.4,527.3689999999999,1304.2815647890543,10474.685246820976,0.01050000000000008,29,v3_short,tp,False,A,True,0.016816143497757848,0.0050697558545092294,,0.8333333333333334,0.16666666666666666
PIKK,-1,2025-05-30 19:20:00+00:00,2025-05-30 21:00:00+00:00,534.8,533.0,1319.4551784981945,2375.01932129669,0.0023560209424083175,10,v3_short,opposite_signal,False,A,True,0.00822583660497285,0.003761908577227859,0.00018508132361189179,0.8181818181818017,0.18181818181819825
PIKK,-1,2025-06-03 19:20:00+00:00,2025-06-04 06:50:00+00:00,598.9,601.4,1181.0104240870633,-2952.526060217658,-0.002922023710135248,69,v3_short,timeout,False,A,True,0.03239271998664214,0.005435134481242808,3.5064284521625256e-05,0.9123711340206161,0.0876288659793839
PIKK,1,2025-06-11 19:50:00+00:00,2025-06-13 06:50:00+00:00,552.0,554.9,1277.6093745354885,3705.0671861528876,0.003677536231884029,210,v3_long,timeout,False,A,True,0.01358203549438609,0.0042760313107495776,0.0003531329228540384,0.06666666666666667,0.9333333333333333
PIKK,1,2025-06-25 19:30:00+00:00,2025-06-25 21:40:00+00:00,557.9,552.321,1268.7469470763522,-7078.339217738907,-0.006999999999999939,13,v3_long,sl,False,A,True,0.013801756587202089,0.003621452165738128,0.00012188564258827666,0.9870129870129841,0.012987012987015864
PIKK,-1,2025-07-02 12:40:00+00:00,2025-07-02 14:20:00+00:00,600.2,606.202,1171.0747822750407,-7028.790843214739,-0.006999999999999944,10,v3_short,sl,False,A,True,0.013993003498250839,0.0038028604745246252,,0.7142857142857162,0.28571428571428376
PIKK,1,2025-07-03 20:00:00+00:00,2025-07-04 06:50:00+00:00,625.8,625.0,1115.306696598321,-892.2453572786061,-0.0008948545861297031,65,v3_long,timeout,False,A,True,0.02285075103867043,0.004399266897554781,0.0002540747842761244,0.2307692307692283,0.7692307692307717
PIKK,-1,2025-07-04 20:10:00+00:00,2025-07-04 23:50:00+00:00,629.1,628.2,1108.4634541108476,997.6171086997376,0.0010014306151644955,22,v3_short,weekend_exit,False,A,True,0.009538950715421303,0.003689043184841498,7.94912559618442e-05,0.8500000000000038,0.14999999999999622
PIKK,1,2025-07-11 19:30:00+00:00,2025-07-11 21:10:00+00:00,622.0,615.78,1122.2390529858908,-6980.326909572272,-0.007000000000000031,10,v3_long,sl,False,A,True,0.013987138263665485,0.004143972701620843,-0.00031028938906752337,0.6781609195402326,0.3218390804597674
PIKK,-1,2025-07-22 13:10:00+00:00,2025-07-22 21:10:00+00:00,657.5,655.0,1054.215151514104,2635.53787878526,0.002661596958174905,48,v3_short,timeout,False,A,True,0.012011555420404404,0.003160935636948527,,0.8101265822784804,0.18987341772151953
PIKK,-1,2025-07-30 10:30:00+00:00,2025-07-30 10:40:00+00:00,619.4,625.5939999999999,1122.0396167834567,-6949.913386356686,-0.006999999999999954,1,v3_short,sl,False,A,True,0.012907389480477574,0.0030141687934524103,1.6134236850596968e-05,0.7999999999999972,0.20000000000000284
PIKK,-1,2025-07-31 13:00:00+00:00,2025-07-31 15:50:00+00:00,613.5,619.635,1124.9004063002828,-6901.263992652225,-0.006999999999999991,17,v3_short,sl,False,A,True,0.01809290953545236,0.0032776052335954627,,0.7567567567567531,0.24324324324324684
PIKK,-1,2025-08-06 20:10:00+00:00,2025-08-06 20:20:00+00:00,624.8,631.048,1096.823806770754,-6852.955144703722,-0.007000000000000054,1,v3_short,sl,False,A,True,0.019369297262686123,0.0033093435869625378,-2.5612293901074696e-05,0.826446280991734,0.17355371900826602
PIKK,-1,2025-09-22 20:50:00+00:00,2025-09-23 06:50:00+00:00,562.8,560.2,1209.1301454674388,3143.7383782152306,0.003233830845771032,60,v3_short,timeout,False,A,True,0.021851128086694028,0.004778461393439959,-0.0002398294546100551,0.8455284552845463,0.15447154471545368
PIKK,1,2025-10-02 20:00:00+00:00,2025-10-02 21:00:00+00:00,524.9,519.651,1300.6269055702517,-6826.990627338282,-0.007000000000000033,6,v3_long,sl,False,A,True,0.016003048199657036,0.0037480414150800473,0.00029338921699371485,0.08333333333332543,0.9166666666666745
PIKK,-1,2025-10-07 20:30:00+00:00,2025-10-08 06:50:00+00:00,537.2,539.6,1261.951171434639,-3028.682811443105,-0.0031273268801191062,62,v3_short,timeout,False,A,True,0.01321667907669401,0.00393575151579621,-0.00011913626209977829,0.7605633802817006,0.2394366197182995
PIKK,-1,2025-10-13 20:10:00+00:00,2025-10-13 21:20:00+00:00,422.1,418.6,1601.0426233752144,5603.64918181325,0.005804311774461028,7,v3_short,opposite_signal,False,A,True,0.013503909026297058,0.005289393653694594,-0.00019900497512437485,0.7894736842105279,0.21052631578947212
PIKK,-1,2025-10-20 23:20:00+00:00,2025-10-21 07:00:00+00:00,426.0,419.61,1595.593065150111,10195.839686309188,0.010499999999999978,46,v3_short,tp,False,A,True,0.010793054903801086,0.0036918568459763054,0.0001900516189582361,0.8913043478260875,0.10869565217391251
PIKK,-1,2025-10-28 20:30:00+00:00,2025-10-29 06:50:00+00:00,383.7,382.4,1790.095735038738,2327.12445555038,0.0023716445139432057,62,v3_short,timeout,False,A,True,0.01277039353661709,0.00374442192827091,0.0001198853270784473,0.938775510204079,0.061224489795920975
PIKK,-1,2025-10-29 10:20:00+00:00,2025-10-29 13:40:00+00:00,385.4,389.25399999999996,1786.4263639160586,-6884.887206532463,-0.006999999999999973,20,v3_short,sl,False,A,True,0.015572281339216195,0.0036953270797028667,0.00012976901116013497,0.8999999999999962,0.1000000000000038
PLZL,-1,2022-01-17 21:10:00+00:00,2022-01-18 06:50:00+00:00,1164.2,1164.0,601.2712592338086,120.25425184678906,0.00012025425184678906,58,v3_short,timeout,False,A,True,0.021388077649888412,0.003930175402921867,-0.0004483765676000671,0.91164658634538,0.08835341365461997
PLZL,-1,2022-01-27 20:00:00+00:00,2022-01-28 06:50:00+00:00,1187.75,1195.0,589.420482404793,-4273.298497434749,-0.004272784676910125,65,v3_short,timeout,False,A,True,0.015619737285281203,0.0035915342897010686,-0.00015367126978780736,0.9029649595687353,0.09703504043126464
PLZL,-1,2022-02-02 19:20:00+00:00,2022-02-03 06:50:00+00:00,1223.4,1220.75,569.7996313781988,1509.9690231522786,0.001516266143534464,69,v3_short,timeout,False,A,True,0.015208503679476622,0.0033924608273399335,-0.00019991823385118784,0.9354838709677514,0.0645161290322486
PLZL,1,2022-02-03 19:50:00+00:00,2022-02-04 07:00:00+00:00,1211.0,1220.0,576.5068929350084,5188.562036415075,0.005202312138728325,67,v3_long,timeout,False,A,True,0.015683037556747832,0.003775889224860384,-4.1271151465125874e-06,0.18947368421052152,0.8105263157894784
PLZL,-1,2022-02-08 19:20:00+00:00,2022-02-09 07:00:00+00:00,1209.0,1208.7,580.4647152769112,174.13941458304697,0.0001736972704714377,70,v3_short,timeout,False,A,True,0.023420366615632852,0.0032773650694191726,-0.00011958455745438221,0.9823321554770318,0.017667844522968226
PLZL,-1,2022-02-09 12:30:00+00:00,2022-02-09 16:30:00+00:00,1209.9,1221.999,580.1336791139712,-7019.037383599899,-0.006999999999999961,24,v3_short,sl,False,A,True,0.012852301843127493,0.0036592054940678942,,0.9292604501607773,0.07073954983922265
PLZL,-1,2022-02-10 20:20:00+00:00,2022-02-10 21:30:00+00:00,1254.5,1244.6,555.5921978409516,5500.3627586254715,0.005524113192507025,7,v3_short,opposite_signal,False,A,True,0.015025307879319206,0.0039017161206677145,0.00024869475110597645,0.7214854111405822,0.27851458885941777
PLZL,-1,2022-02-17 21:40:00+00:00,2022-02-18 06:50:00+00:00,1331.9,1333.0,526.196160464383,-578.8157765107734,-0.0005781214805915882,55,v3_short,timeout,False,A,True,0.015465465465465397,0.004220291720291717,0.0002631381381381395,0.9563106796116569,0.043689320388343084
PLZL,-1,2022-10-27 13:20:00+00:00,2022-10-27 13:50:00+00:00,614.3,620.443,1140.217312516611,-7004.354950789574,-0.007000000000000033,3,v3_short,sl,False,A,True,0.020828248311772768,0.004447698858243157,,0.726562499999999,0.273437500000001
PLZL,-1,2023-05-03 13:20:00+00:00,2023-05-03 17:20:00+00:00,1047.55,1031.83675,663.961096475969,10432.986699201032,0.010500000000000011,24,v3_short,tp,False,A,True,0.01593967738856547,0.0034360981196907467,,0.6916167664670613,0.3083832335329387
PLZL,-1,2023-10-03 13:20:00+00:00,2023-10-03 21:20:00+00:00,1136.0,1138.45,618.6932546679949,-1515.7984739366157,-0.0015096830985915776,48,v3_short,timeout,False,A,True,0.025528169014084508,0.003959171696847765,,0.8913793103448244,0.10862068965517555
PLZL,-1,2024-04-08 22:20:00+00:00,2024-04-09 09:50:00+00:00,1350.85,1348.0,519.5058506652008,1480.591674395775,0.001476847910574776,69,v3_short,timeout,False,A,True,0.01917950236966831,0.0030792085791662566,-0.0001954976303317542,0.8783783783783753,0.12162162162162471
PLZL,-1,2024-04-25 13:20:00+00:00,2024-04-25 17:30:00+00:00,1351.15,1364.6615000000002,520.1575639589709,-7028.10892543167,-0.007000000000000035,25,v3_short,sl,False,A,True,0.01723755271140059,0.003246352917137874,,0.8605150214592285,0.13948497854077144
PLZL,1,2024-06-05 22:20:00+00:00,2024-06-06 09:50:00+00:00,1247.1,1255.0,559.6112711854394,4420.929042365022,0.004434287547109345,69,v3_long,timeout,False,A,True,0.016358606310893784,0.0032149341834484496,0.00012349143979792384,0.09803921568627408,0.901960784313726
PLZL,-1,2024-06-28 13:20:00+00:00,2024-06-28 21:20:00+00:00,1220.45,1211.75,574.3667226228168,4996.990486818532,0.0049899627186693685,48,v3_short,timeout,False,A,True,0.01159836065573778,0.003003512880562072,,0.6996466431095426,0.30035335689045745
PLZL,-1,2024-09-27 13:20:00+00:00,2024-09-27 21:20:00+00:00,1349.6,1339.7,521.9944872301348,5167.745423578263,0.005134854771784162,48,v3_short,timeout,False,A,True,0.017558156763965067,0.0038559504406296672,,0.7848101265822731,0.21518987341772686
PLZL,-1,2025-02-26 10:50:00+00:00,2025-02-26 11:30:00+00:00,1969.1,1957.15,359.6065114835685,4297.297812228579,0.004248133665126136,4,v3_short,opposite_signal,False,A,True,0.01673353308618153,0.0033232187293687366,0.0001513381748006713,0.6691957511380857,0.3308042488619143
PLZL,-1,2025-02-26 19:50:00+00:00,2025-02-26 20:40:00+00:00,1954.35,1945.45,363.859743766907,3238.3517195254226,0.0031877606365287203,5,v3_short,opposite_signal,False,A,True,0.010874014942175826,0.0032927509351913927,-0.00018089243680278095,0.9858823529411679,0.014117647058832089
PLZL,1,2025-02-27 19:30:00+00:00,2025-02-27 23:40:00+00:00,1923.9,1904.661,370.7968898770843,-7133.761364345237,-0.007000000000000012,25,v3_long,sl,False,A,True,0.013463637781358886,0.00370247386785457,-0.00017726256692831476,0.15057915057915355,0.8494208494208464
PLZL,1,2025-03-28 19:40:00+00:00,2025-03-28 23:50:00+00:00,1874.0,1880.0,378.0056048449737,2268.033629069842,0.0022411953041622194,25,v3_long,weekend_exit,False,A,True,0.011845053889659613,0.00422275408936384,9.604097748368756e-06,0.15315315315315695,0.8468468468468431
PLZL,-1,2025-04-02 19:50:00+00:00,2025-04-03 06:50:00+00:00,1802.6,1818.8,393.85894098514905,-6380.514843959432,-0.006290913125485427,66,v3_short,timeout,False,A,True,0.01397670549084861,0.004785674669202124,0.00016528008874098826,0.5079365079365052,0.4920634920634948
PLZL,-1,2025-04-15 10:20:00+00:00,2025-04-15 11:10:00+00:00,1906.4,1897.0,370.07121623429396,3478.6694326023967,0.003451531682752866,5,v3_short,opposite_signal,False,A,True,0.01636592530423826,0.003167276142517422,7.763323541754187e-05,0.7371794871794914,0.2628205128205085
PLZL,-1,2025-04-30 22:40:00+00:00,2025-05-02 06:50:00+00:00,1752.4,1751.4,403.982444209016,403.982444209016,0.00039945217986761013,193,v3_short,timeout,False,A,True,0.015065053640721348,0.0033400258071728897,0.00019173704633645232,0.9772727272727308,0.022727272727269203
PLZL,1,2025-05-05 19:20:00+00:00,2025-05-05 22:00:00+00:00,1728.4,1742.0,409.75562540084815,5572.676505451497,0.005507984262902068,16,v3_long,opposite_signal,False,A,True,0.013540099525517933,0.003800108169642116,0.00018284920726767683,0.1452991452991486,0.8547008547008513
PLZL,1,2025-06-11 19:30:00+00:00,2025-06-13 06:50:00+00:00,1728.0,1753.9199999999998,412.10792621333445,10681.837447449565,0.010499999999999936,212,v3_long,gap_tp,False,A,True,0.017939814814814815,0.0030824829931972867,0.0002407407407407402,0.05806451612903079,0.9419354838709693
PLZL,1,2025-07-01 20:10:00+00:00,2025-07-02 06:50:00+00:00,1868.0,1865.2,385.22472307808175,-1078.6292246186115,-0.001049250535331889,64,v3_long,timeout,False,A,True,0.014882226980728148,0.0034763798452999996,0.00027944325481798614,0.05035971223021877,0.9496402877697813
PLZL,1,2025-07-03 20:10:00+00:00,2025-07-04 06:50:00+00:00,1856.4,1855.8,387.2251358826889,-232.33508152966616,-0.00022624434389145414,64,v3_long,timeout,False,A,True,0.013790131437190212,0.0031287240170793655,0.00016160310277957336,0.07812500000000028,0.9218749999999997
PLZL,-1,2025-07-04 10:20:00+00:00,2025-07-04 10:30:00+00:00,1877.0,1863.0,382.88870948084866,5360.441932731881,0.005221097496004262,1,v3_short,opposite_signal,False,A,True,0.019605753862546593,0.0038714260344521207,0.00015769845498135517,0.7880434782608705,0.21195652173912946
PLZL,-1,2025-07-04 12:00:00+00:00,2025-07-04 14:20:00+00:00,1875.4,1894.154,385.2161763082357,-7224.3441704846155,-0.006999999999999965,14,v3_short,sl,False,A,True,0.010662117496534812,0.003714544160083092,,0.7700000000000046,0.22999999999999546
PLZL,-1,2025-07-15 12:30:00+00:00,2025-07-15 20:30:00+00:00,1875.6,1863.6,382.47887402917786,4589.746488350134,0.004478566858605247,48,v3_short,timeout,False,A,True,0.01748960221819343,0.0034722004403766353,,0.7195121951219494,0.28048780487805053
PLZL,-1,2025-07-22 13:20:00+00:00,2025-07-22 17:20:00+00:00,1950.2,1969.702,369.49553823760175,-7205.901986709692,-0.006999999999999982,24,v3_short,sl,False,A,True,0.013230769230769324,0.003358316896778427,,0.9534883720930218,0.04651162790697818
PLZL,1,2025-08-01 20:00:00+00:00,2025-08-01 23:50:00+00:00,1951.8,1966.4,366.6082935138202,5352.481085301824,0.005236192232810787,23,v3_long,weekend_exit,False,A,True,0.011576682716934694,0.0031048173802868165,-8.400778608749151e-05,0.026548672566367764,0.9734513274336323
PLZL,-1,2025-08-14 11:00:00+00:00,2025-08-14 11:10:00+00:00,2103.6,2092.6,341.9342099448496,3761.276309393346,0.0036603917094504665,1,v3_short,opposite_signal,False,A,True,0.012074538885719762,0.0030233884768967314,-5.704506560186003e-06,0.9291338582677097,0.07086614173229037
PLZL,-1,2025-08-29 19:40:00+00:00,2025-08-29 23:50:00+00:00,2143.2,2138.2,336.84476365087767,1684.2238182543883,0.0016330720418066445,25,v3_short,weekend_exit,False,A,True,0.013064576334453156,0.0032756663695713496,-0.00023329600597237778,0.8571428571428571,0.14285714285714285
PLZL,1,2025-10-09 19:50:00+00:00,2025-10-10 06:50:00+00:00,2321.8,2322.8,311.44140500014595,311.44140500014595,0.000301490223102765,66,v3_long,timeout,False,A,True,0.015417743324720148,0.00454920986482449,-9.302325581395114e-05,0.32960893854748946,0.6703910614525106
PLZL,-1,2025-10-16 13:10:00+00:00,2025-10-16 16:20:00+00:00,2213.4,2235.534,326.79256488336455,-7233.226631128396,-0.0070000000000000045,19,v3_short,sl,False,A,True,0.016897081413210484,0.004082787614196811,,0.8930481283422462,0.10695187165775374
PLZL,-1,2025-10-23 19:40:00+00:00,2025-10-24 06:50:00+00:00,2046.2,2041.0,351.02111449078745,1825.3097953521108,0.0017789072426937895,67,v3_short,timeout,False,A,True,0.009480989150620707,0.0038039651399607776,-0.00018961978301241194,0.9072164948453636,0.0927835051546364
PLZL,1,2025-10-24 19:20:00+00:00,2025-10-24 23:50:00+00:00,2060.0,2043.2,349.28986472223096,-5868.0697273334645,-0.005708737864077654,27,v3_long,weekend_exit,False,A,True,0.01087273080283461,0.003881136961143092,-4.368507911853219e-05,0.5892857142857199,0.4107142857142801
MGNT,-1,2022-01-19 20:20:00+00:00,2022-01-20 07:00:00+00:00,5073.5,5055.5,137.97181432935844,2483.492657928452,0.002483492657928452,64,v3_short,timeout,False,A,True,0.015078348280279886,0.005655637636941048,0.0003074800433625702,0.803921568627451,0.19607843137254902
MGNT,1,2022-01-20 20:00:00+00:00,2022-01-21 06:50:00+00:00,5019.5,4980.0,139.80245938052593,-5522.197145530774,-0.005508516784540292,65,v3_long,timeout,False,A,True,0.01922693763697948,0.004214596777144809,-0.00023709902370990237,0.30569948186528495,0.694300518134715
MGNT,1,2022-01-28 20:30:00+00:00,2022-01-28 23:50:00+00:00,4913.5,4904.0,142.03173030603003,-1349.3014379072852,-0.0013534140632950036,20,v3_long,weekend_exit,False,A,True,0.00987076422102371,0.004163871715369774,0.0001719751704487636,0.15463917525773196,0.845360824742268
MGNT,-1,2022-02-01 19:20:00+00:00,2022-02-02 06:50:00+00:00,5092.0,5102.5,136.86732047371237,-1437.1068649739798,-0.0014434406912804398,69,v3_short,timeout,False,A,True,0.013546677137528221,0.003690177356895443,-5.3008736625110435e-05,0.8188405797101449,0.18115942028985507
MGNT,-1,2023-02-16 13:20:00+00:00,2023-02-16 16:40:00+00:00,4502.5,4434.9625,154.5635582557827,10438.83631569998,0.010500000000000058,20,v3_short,tp,False,A,True,0.01622222222222222,0.0037883597883597883,,0.8493150684931506,0.1506849315068493
MGNT,-1,2023-08-31 13:20:00+00:00,2023-08-31 21:20:00+00:00,6058.5,6075.0,116.07322051129017,-1915.2081384362878,-0.0019064124783362217,48,v3_short,timeout,False,A,True,0.021048287247214196,0.003934516439675333,,0.9529411764705882,0.047058823529411764
MGNT,1,2023-09-19 21:40:00+00:00,2023-09-20 09:50:00+00:00,5591.0,5564.0,125.53907364885461,-3389.5549885190744,-0.0033804328384904312,73,v3_long,timeout,False,A,True,0.010282546494992847,0.0035564655046567985,-0.0002271101573676681,0.0,1.0
MGNT,-1,2023-11-14 13:20:00+00:00,2023-11-14 15:20:00+00:00,6081.5,5990.2775,115.02364092391397,10492.744084181726,0.010499999999999985,12,v3_short,tp,False,A,True,0.015046867291563888,0.003022685805122904,,0.9234972677595629,0.07650273224043716
MGNT,-1,2024-08-20 13:20:00+00:00,2024-08-20 21:20:00+00:00,5286.5,5240.0,133.71062009603895,6217.543834465811,0.006157192849711529,48,v3_short,timeout,False,A,True,0.024496358649389954,0.004584904045794994,,0.8494208494208494,0.15057915057915058
MGNT,-1,2024-09-03 22:00:00+00:00,2024-09-04 09:50:00+00:00,4610.5,4610.0,154.2595106434955,77.12975532174775,7.59136753063659e-05,71,v3_short,timeout,False,A,True,0.014315150200628998,0.0037514192316119594,-0.0001355601344756534,0.9772727272727273,0.022727272727272728
MGNT,-1,2024-12-25 13:20:00+00:00,2024-12-25 21:20:00+00:00,4990.5,5027.0,142.52428907936306,-5202.136551396751,-0.005119727482216211,48,v3_short,timeout,False,A,True,0.013421474358974358,0.00381085927960928,,0.753731343283582,0.2462686567164179
MGNT,-1,2025-02-12 20:00:00+00:00,2025-02-12 20:30:00+00:00,4908.0,4957.08,144.17807030655734,-7076.259690645824,-0.006999999999999989,3,v3_short,sl,False,A,True,0.015281173594132029,0.0032599837000814994,-0.00016605541972290137,1.0,0.0
MGNT,1,2025-02-17 20:00:00+00:00,2025-02-18 06:50:00+00:00,5149.0,5200.0,136.46777768132284,6959.856661747465,0.0069333851233249165,65,v3_long,timeout,False,A,True,0.011948707985234118,0.0033227201896884654,0.0002467456770934525,0.1951219512195122,0.8048780487804879
MGNT,1,2025-02-27 19:30:00+00:00,2025-02-27 23:10:00+00:00,5067.0,5016.33,139.63775151852272,-7075.444869443556,-0.00700000000000001,22,v3_long,sl,False,A,True,0.02170909808565226,0.004080021588268226,-0.0001638050128281034,0.17272727272727273,0.8272727272727273
MGNT,1,2025-03-06 19:20:00+00:00,2025-03-06 19:50:00+00:00,4995.0,5015.0,140.65899410125007,2813.1798820250015,0.0028028028028028026,3,v3_long,opposite_signal,False,A,True,0.011114448783418444,0.0033329042040366763,-5.5071593070992295e-05,0.04504504504504504,0.954954954954955
MGNT,-1,2025-03-25 20:40:00+00:00,2025-03-26 06:50:00+00:00,4680.5,4672.0,150.53111878072036,1279.514509636123,0.0012712317060143146,61,v3_short,timeout,False,A,True,0.020833333333333332,0.0036804465375893944,-0.0003514957264957265,0.9794871794871794,0.020512820512820513
MGNT,1,2025-03-28 21:10:00+00:00,2025-03-28 23:50:00+00:00,4430.0,4421.5,159.24527350110765,-1353.584824759415,-0.0013431151241534987,16,v3_long,weekend_exit,False,A,True,0.016930022573363433,0.004929285483945271,-0.0002821670428893905,0.06666666666666667,0.9333333333333333
MGNT,-1,2025-03-31 20:20:00+00:00,2025-04-01 06:50:00+00:00,4433.5,4429.0,158.9058423892129,715.076290751458,0.0007104996052779972,63,v3_short,timeout,False,A,True,0.014435547535806925,0.003756188389419149,-6.31555204691553e-05,0.7421875,0.2578125
MGNT,-1,2025-04-02 22:50:00+00:00,2025-04-03 06:50:00+00:00,4758.5,4738.0,148.1579501179156,3037.2379774172696,0.0030156561941788377,48,v3_short,timeout,False,A,True,0.019438898812651047,0.005182991553246285,-8.406010297362615e-06,0.9243243243243243,0.07567567567567568
MGNT,1,2025-04-18 19:20:00+00:00,2025-04-18 23:50:00+00:00,4486.0,4473.0,157.63167013381488,-2049.2117117395933,-0.00202853321444494,27,v3_long,weekend_exit,False,A,True,0.012373202541522684,0.0030642956101178628,7.245569055846617e-05,0.009009009009009009,0.990990990990991
MGNT,-1,2025-04-28 23:40:00+00:00,2025-04-29 07:40:00+00:00,4760.0,4786.5,148.25655966850331,-3928.798831215338,-0.003897058823529412,48,v3_short,timeout,False,A,True,0.01365546218487395,0.0044332018521694395,0.000532563025210084,0.8769230769230769,0.12307692307692308
MGNT,-1,2025-09-17 19:30:00+00:00,2025-09-18 06:50:00+00:00,3292.0,3302.0,213.53313026738306,-2135.3313026738306,-0.00212636695018226,68,v3_short,timeout,False,A,True,0.01746658566221142,0.003471619510501649,-0.00022023086269744836,0.9304347826086956,0.06956521739130435
MGNT,1,2025-10-01 21:10:00+00:00,2025-10-01 22:40:00+00:00,3023.0,3044.0,232.03980579833058,4872.835921764942,0.004862719153159114,9,v3_long,opposite_signal,False,A,True,0.00959311941779689,0.003280968358233138,-0.0003837247767118756,0.06896551724137931,0.9310344827586207
MGNT,1,2025-10-02 20:00:00+00:00,2025-10-03 06:50:00+00:00,3057.0,3052.0,230.57485053110528,-1152.8742526555263,-0.0011449133137062478,65,v3_long,timeout,False,A,True,0.02225130890052356,0.0045310663532428675,0.0004139397905759162,0.16911764705882354,0.8308823529411765
MGNT,-1,2025-10-06 19:20:00+00:00,2025-10-07 06:50:00+00:00,3033.5,3020.0,232.09504074393604,3133.2830500431364,0.00311521344981045,69,v3_short,timeout,False,A,True,0.01549876339653751,0.0034389353433046757,8.244023083264634e-05,0.776595744680851,0.22340425531914893
MGNT,-1,2025-10-09 10:20:00+00:00,2025-10-09 11:20:00+00:00,2989.0,2944.165,236.28424363725665,10593.804063476411,0.010500000000000008,6,v3_short,tp,False,A,True,0.013549682167949146,0.003457120553139289,-1.840080294412847e-05,0.8148148148148148,0.18518518518518517
MGNT,-1,2025-10-10 12:00:00+00:00,2025-10-10 16:40:00+00:00,3036.0,2990.46,235.0689285494709,10705.039006142897,0.010499999999999992,28,v3_short,tp,False,A,True,0.012681159420289856,0.0031663054103446813,,0.8961038961038961,0.1038961038961039
VKCO,-1,2022-01-11 19:40:00+00:00,2022-01-12 07:00:00+00:00,767.4,771.6,912.170966901225,-3831.1180609851867,-0.0038311180609851866,68,v3_short,timeout,False,A,True,0.01381647549530764,0.004202932476431654,-8.34202294056291e-05,0.7547169811320739,0.24528301886792614
VKCO,-1,2022-02-01 23:40:00+00:00,2022-02-01 23:40:00+00:00,650.8,657.308,1071.47851468548,-6973.182173573145,-0.007000000000000042,0,v3_short,sl,False,A,True,0.014764687788372843,0.005323322808052757,2.1531836358045077e-05,0.979166666666662,0.02083333333333802
VKCO,-1,2022-02-07 19:50:00+00:00,2022-02-07 22:50:00+00:00,577.0,582.77,1200.06410716778,-6924.369898358069,-0.006999999999999978,18,v3_short,sl,False,A,True,0.016296809986130534,0.004925132327549607,0.00012829403606102793,0.1276595744680887,0.8723404255319113
VKCO,1,2022-02-09 19:50:00+00:00,2022-02-09 22:50:00+00:00,625.0,629.8,1100.1438894511336,5280.690669365392,0.005375999999999949,18,v3_long,opposite_signal,False,A,True,0.016320000000000074,0.005289795918367328,0.0001311999999999971,0.15686274509804074,0.8431372549019592
VKCO,1,2022-02-11 19:20:00+00:00,2022-02-11 21:30:00+00:00,590.6,584.6940000000001,1170.481568532872,-6912.864143755082,-0.006999999999999939,13,v3_long,sl,False,A,True,0.02235015238740272,0.005584082600192119,-0.00012868269556383185,0.19696969696969802,0.803030303030302
VKCO,-1,2022-02-17 19:50:00+00:00,2022-02-17 23:10:00+00:00,590.4,583.8,1162.6819266173538,7673.700715674562,0.007825203252032547,20,v3_short,opposite_signal,False,A,True,0.022335025380710735,0.00538002002831589,-0.0003519458544839248,0.7878787878787834,0.21212121212121657
VKCO,1,2022-12-15 23:40:00+00:00,2022-12-16 09:50:00+00:00,440.8,441.2,1569.4623411430532,627.7849364571856,0.0006352087114337207,61,v3_long,timeout,False,A,True,0.010899182561307928,0.0038091530890285263,9.082652134423253e-05,0.12500000000000444,0.8749999999999956
VKCO,-1,2022-12-21 23:40:00+00:00,2022-12-22 09:50:00+00:00,442.0,440.0,1566.1955869488188,3132.3911738976376,0.003167420814479638,61,v3_short,timeout,False,A,True,0.013580805794477138,0.0032797184061492306,-0.0002806699864191937,1.0,0.0
VKCO,-1,2023-04-20 13:20:00+00:00,2023-04-20 16:10:00+00:00,473.2,477.932,1467.5636586075786,-6944.511232531103,-0.00700000000000004,17,v3_short,sl,False,A,True,0.020287404902789567,0.003723382844261965,,0.729166666666665,0.27083333333333504
VKCO,-1,2023-07-20 13:20:00+00:00,2023-07-20 16:10:00+00:00,665.8,672.458,1035.7313989040772,-6895.899653903362,-0.0070000000000000175,17,v3_short,sl,False,A,True,0.021334134615384512,0.0044356684981684815,,0.7464788732394338,0.2535211267605662
VKCO,-1,2023-07-28 13:20:00+00:00,2023-07-28 13:50:00+00:00,711.2,718.312,962.8273841853236,-6847.6283563259885,-0.0069999999999999655,3,v3_short,sl,False,A,True,0.022778402699662605,0.004124484439445063,,0.8765432098765435,0.12345679012345645
VKCO,-1,2023-08-01 13:20:00+00:00,2023-08-01 13:50:00+00:00,723.0,730.23,940.4833966572254,-6799.694957831757,-0.0070000000000000175,3,v3_short,sl,False,A,True,0.022130013831258646,0.005176842521240855,,0.7374999999999972,0.26250000000000284
VKCO,-1,2023-08-04 13:20:00+00:00,2023-08-04 14:40:00+00:00,760.8,749.3879999999999,887.4996179188904,10128.145639690409,0.010500000000000034,8,v3_short,tp,False,A,True,0.023396424815983117,0.005295178008111763,,0.6067415730337069,0.39325842696629315
VKCO,-1,2023-09-12 22:30:00+00:00,2023-09-12 23:40:00+00:00,677.6,684.376,1006.9353767126254,-6822.994112604703,-0.006999999999999952,7,v3_short,sl,False,A,True,0.01208370173887422,0.004402822136812264,-0.0003448275862068979,0.8292682926829306,0.17073170731706946
VKCO,1,2023-10-27 22:30:00+00:00,2023-10-27 23:50:00+00:00,581.6,578.0,1164.930047079869,-4193.748169487555,-0.00433287482806055,8,v3_long,weekend_exit,False,A,True,0.015834767641996636,0.0036601215357055013,-6.196213425128931e-05,0.3913043478260875,0.6086956521739125
VKCO,-1,2023-10-30 22:50:00+00:00,2023-10-31 09:50:00+00:00,592.6,590.0,1138.3525002750769,2959.7165007152257,0.003071211609854904,66,v3_short,timeout,False,A,True,0.017549780627742113,0.0033818454820334974,-0.0001822477219034716,0.8076923076923073,0.19230769230769273
VKCO,-1,2023-11-09 13:20:00+00:00,2023-11-09 16:40:00+00:00,623.2,613.8520000000001,1085.7822419985737,10149.892398202619,0.010499999999999949,20,v3_short,tp,False,A,True,0.02118100128369712,0.005394584021028173,,0.7727272727272735,0.2272727272727265
VKCO,-1,2023-12-07 22:20:00+00:00,2023-12-08 09:50:00+00:00,582.0,581.0,1174.8529517049021,1174.8529517049021,0.0012027491408934706,69,v3_short,timeout,False,A,True,0.013745704467353952,0.0036468195525632815,0.00020618556701030926,0.625,0.375
VKCO,-1,2024-03-26 13:20:00+00:00,2024-03-26 21:20:00+00:00,617.0,617.0,1109.541029106072,-0.0,-0.0,48,v3_short,timeout,False,A,True,0.018794556059624143,0.003132426009937327,,0.827586206896552,0.17241379310344793
VKCO,-1,2024-04-09 13:20:00+00:00,2024-04-09 16:20:00+00:00,614.8,605.578,1113.5114101471154,10268.802224376675,0.010499999999999978,18,v3_short,tp,False,A,True,0.019193233571893228,0.0035319267589924734,,0.8305084745762705,0.16949152542372947
VKCO,-1,2024-05-03 13:20:00+00:00,2024-05-03 21:20:00+00:00,587.2,584.0,1178.0909000604736,3769.890880193569,0.0038147138964578194,48,v3_short,timeout,False,A,True,0.019407558733401394,0.0034210483648685753,,0.8596491228070252,0.14035087719297476
VKCO,-1,2024-07-24 13:20:00+00:00,2024-07-24 21:20:00+00:00,471.8,467.6,1471.8395509360867,6181.726113931547,0.006231454005934701,48,v3_short,timeout,False,A,True,0.017819261773440887,0.003575974301472814,,0.9047619047619038,0.0952380952380962
VKCO,-1,2024-08-01 13:20:00+00:00,2024-08-01 18:40:00+00:00,466.4,459.404,1498.1584657191204,10481.116626170937,0.010499999999999971,32,v3_short,gap_tp,False,A,True,0.024892703862660993,0.004107909258123855,,0.9482758620689636,0.05172413793103634
VKCO,-1,2024-08-07 23:30:00+00:00,2024-08-08 09:50:00+00:00,453.0,453.0,1558.6708389618484,-0.0,-0.0,62,v3_short,timeout,False,A,True,0.01059602649006625,0.00315357931251971,3.532008830022125e-05,1.0,0.0
VKCO,-1,2024-08-20 13:20:00+00:00,2024-08-20 18:00:00+00:00,404.2,398.137,1746.8527710284943,10591.16835074574,0.01049999999999998,28,v3_short,tp,False,A,True,0.012864918357248858,0.004146933389882437,,0.6923076923076873,0.30769230769231276
VKCO,-1,2024-08-26 23:10:00+00:00,2024-08-27 09:50:00+00:00,379.8,379.0,1878.59849366835,1502.8787949347015,0.0014744602422327752,64,v3_short,timeout,False,A,True,0.008421052631578918,0.003651987110633721,8.421052631578769e-05,0.9375000000000033,0.06249999999999667
VKCO,-1,2024-08-28 21:50:00+00:00,2024-08-29 09:50:00+00:00,359.8,358.0,1985.946979020827,3574.7045622375113,0.0035019455252918506,72,v3_short,timeout,False,A,True,0.011117287381878822,0.005955689668863658,-0.00031128404669260827,0.9000000000000057,0.09999999999999432
VKCO,-1,2024-09-06 23:30:00+00:00,2024-09-06 23:50:00+00:00,346.8,349.0,2067.6067365780277,-4548.734820471637,-0.00444059976931947,2,v3_short,weekend_exit,False,A,True,0.008650519031141867,0.00381329002189111,0.00023644752018454573,1.0,0.0
VKCO,-1,2024-12-11 22:00:00+00:00,2024-12-11 23:30:00+00:00,254.4,256.944,2806.06093502724,-7138.619018709329,-0.0070000000000000305,9,v3_short,sl,False,A,True,0.02913385826771656,0.004933311907440147,0.0,0.9189189189189197,0.08108108108108025
VKCO,-1,2025-01-16 22:40:00+00:00,2025-01-17 09:50:00+00:00,338.4,339.0,2094.7543397099093,-1256.8526038259931,-0.0012411347517730968,67,v3_short,timeout,False,A,True,0.012404016538688853,0.004170835493086789,-7.0880094506792e-05,0.7142857142857065,0.28571428571429347
VKCO,-1,2025-02-03 21:10:00+00:00,2025-02-04 06:50:00+00:00,324.2,320.6,2183.7910911016506,7861.647927965868,0.007772979642196102,58,v3_short,timeout,False,A,True,0.019118100524205945,0.003222010358259858,-0.0004162812210915819,0.9032258064516091,0.09677419354839094
VKCO,-1,2025-02-12 12:50:00+00:00,2025-02-12 14:30:00+00:00,319.0,314.215,2236.64020465433,10702.323379271023,0.010500000000000054,10,v3_short,tp,False,A,True,0.014738162433364656,0.0036235671230967687,,0.7234042553191459,0.2765957446808541
VKCO,1,2025-02-17 20:00:00+00:00,2025-02-17 22:30:00+00:00,326.7,331.60049999999995,2206.8559891344385,10814.69777475324,0.010499999999999928,15,v3_long,tp,False,A,True,0.013468013468013398,0.003685588101172496,0.00024793388429752137,0.045454545454543104,0.9545454545454569
VKCO,-1,2025-02-20 11:50:00+00:00,2025-02-20 12:20:00+00:00,328.3,331.583,2219.1597322343837,-7285.501400925516,-0.007000000000000032,3,v3_short,sl,False,A,True,0.013711151736745888,0.0037781840341255435,,0.644444444444452,0.35555555555554796
VKCO,1,2025-02-20 20:00:00+00:00,2025-02-21 06:50:00+00:00,328.8,330.0,2200.2746019218375,2640.32952230618,0.0025547445255474205,65,v3_long,timeout,False,A,True,0.024939172749391694,0.0044503202740950355,0.00021593673965937155,0.20731707317073061,0.7926829268292694
VKCO,-1,2025-02-24 20:30:00+00:00,2025-02-25 06:50:00+00:00,337.5,340.4,2149.032651192636,-6232.194688458595,-0.006014814814814767,62,v3_short,timeout,False,A,True,0.009783575452119808,0.003297494509217855,-5.929439667949356e-06,0.969696969696963,0.03030303030303709
VKCO,-1,2025-03-03 20:20:00+00:00,2025-03-04 06:50:00+00:00,324.4,321.2,2222.3673967188465,7111.575669500284,0.006905055487052998,63,v3_short,timeout,False,A,True,0.018495684340320593,0.0036236442789199436,-2.1578298397038587e-05,0.6333333333333258,0.36666666666667425
VKCO,1,2025-03-05 19:50:00+00:00,2025-03-05 21:30:00+00:00,338.9,335.51099999999997,2141.9713380473413,-7259.140864642462,-0.007000000000000023,10,v3_long,sl,False,A,True,0.015343759221009114,0.003661305183035137,0.0003098259073473035,0.15384615384614544,0.8461538461538546
VKCO,-1,2025-03-13 12:50:00+00:00,2025-03-13 15:30:00+00:00,319.5,314.7075,2256.1273485414526,10812.490317884953,0.01050000000000004,16,v3_short,tp,False,A,True,0.01564455569461827,0.0031289111389236446,,0.9799999999999954,0.02000000000000455
VKCO,-1,2025-03-24 21:00:00+00:00,2025-03-24 21:20:00+00:00,289.3,284.9605,2517.8065367490963,10926.02146622267,0.010499999999999968,2,v3_short,tp,False,A,True,0.005530591081921958,0.003012196928546725,-0.00021085378499827246,0.8124999999999956,0.18750000000000444
VKCO,1,2025-03-28 19:30:00+00:00,2025-03-28 23:50:00+00:00,282.1,280.4,2609.179886947428,-4435.605807810746,-0.004218362282878524,26,v3_long,weekend_exit,False,A,True,0.011347517730496413,0.004197423650311151,-3.546099290780142e-05,0.15625000000000056,0.8437499999999994
VKCO,-1,2025-04-03 13:00:00+00:00,2025-04-03 17:10:00+00:00,281.6,277.37600000000003,2602.78665498012,10994.170830636,0.010499999999999973,25,v3_short,tp,False,A,True,0.015991471215351813,0.003947444245951717,,0.9111111111111162,0.08888888888888384
VKCO,-1,2025-04-11 19:40:00+00:00,2025-04-11 21:40:00+00:00,253.4,251.3,2922.812318957566,6137.905869810872,0.005801104972375675,12,v3_short,opposite_signal,False,A,True,0.018547750591949443,0.0038577388334970794,3.157063930544638e-05,0.9787234042553203,0.021276595744679692
VKCO,1,2025-04-14 20:30:00+00:00,2025-04-14 21:20:00+00:00,248.3,250.9,3000.1497210338894,7800.389274688096,0.007329842931937156,5,v3_long,opposite_signal,False,A,True,0.011276681433749542,0.0030328684031002634,-0.0002053966975432953,0.21428571428572155,0.7857142857142785
VKCO,-1,2025-04-17 21:00:00+00:00,2025-04-18 06:50:00+00:00,252.5,252.0,2971.8710820791944,1485.9355410395972,0.0013861386138613863,59,v3_short,timeout,False,A,True,0.02414885193982579,0.003999224392845024,-0.00011084718923199003,0.7213114754098376,0.27868852459016236
VKCO,-1,2025-04-24 19:20:00+00:00,2025-04-25 06:50:00+00:00,273.1,273.7,2751.5108132688542,-1650.9064879612188,-0.001537898205785339,69,v3_short,timeout,False,A,True,0.01684364701574523,0.0038709002458544584,-0.0003112413035518125,0.847826086956525,0.15217391304347505
VKCO,-1,2025-05-15 19:50:00+00:00,2025-05-16 06:50:00+00:00,258.4,257.8,2903.5679897916075,1742.1407938748655,0.0016253869969039326,66,v3_short,timeout,False,A,True,0.012761020881670576,0.003519737361301824,-0.0002204176334106746,0.8181818181818119,0.18181818181818807
VKCO,-1,2025-05-29 12:00:00+00:00,2025-05-29 20:00:00+00:00,260.7,257.3,2882.629333018273,9800.939732262063,0.009129267357115398,48,v3_short,timeout,False,A,True,0.014587332053742847,0.0041112005448578955,,0.8421052631578893,0.15789473684211078
VKCO,-1,2025-05-30 10:20:00+00:00,2025-05-30 11:50:00+00:00,259.5,257.9,2922.3973985759044,4675.835837721514,0.004315992292870967,9,v3_short,opposite_signal,False,A,True,0.020809248554913316,0.003523259014588482,3.853564547207041e-06,0.814814814814815,0.18518518518518498
VKCO,-1,2025-06-04 10:40:00+00:00,2025-06-04 16:20:00+00:00,278.5,281.285,2734.7763375829527,-7616.352100168591,-0.007000000000000063,34,v3_short,sl,False,A,True,0.021528525296017224,0.0045241103882934655,-2.511661284535506e-05,0.75,0.25
VKCO,1,2025-06-05 19:20:00+00:00,2025-06-06 06:50:00+00:00,285.5,287.2,2649.0499598834826,4503.38493180189,0.0041681260945709,69,v3_long,timeout,False,A,True,0.01750087504375219,0.0043002150107505285,0.00021701085054252873,0.1,0.9
VKCO,-1,2025-06-09 19:40:00+00:00,2025-06-10 06:50:00+00:00,270.8,273.0,2804.490889951978,-6169.879957894319,-0.0056868537666174,67,v3_short,timeout,False,A,True,0.012186115214180249,0.004069574654086154,-0.0001366322008862562,0.909090909090906,0.09090909090909403
VKCO,-1,2025-06-17 10:40:00+00:00,2025-06-17 12:00:00+00:00,258.5,261.085,2921.227145177832,-7551.372170284636,-0.006999999999999945,8,v3_short,sl,False,A,True,0.015098722415795608,0.0036358127556430832,-3.8714672861009927e-05,0.871794871794872,0.12820512820512803
VKCO,-1,2025-06-24 13:00:00+00:00,2025-06-24 15:20:00+00:00,254.6,257.146,2945.213104906796,-7498.512565092764,-0.0070000000000000565,14,v3_short,sl,False,A,True,0.014925373134328292,0.0037366510265174797,,0.8684210526315783,0.13157894736842166
VKCO,1,2025-07-03 19:40:00+00:00,2025-07-04 06:50:00+00:00,292.9,293.0,2542.172405987387,254.21724059879648,0.000238989416183052,67,v3_long,timeout,False,A,True,0.02013651877133098,0.004708504562234447,0.00045051194539248913,0.15254237288135267,0.8474576271186474
VKCO,-1,2025-07-04 10:20:00+00:00,2025-07-04 11:10:00+00:00,292.9,288.50649999999996,2542.77995828653,11171.703746731913,0.010500000000000042,5,v3_short,tp,False,A,True,0.015363605326049848,0.00401567250321091,-6.828269033800321e-05,0.8222222222222197,0.1777777777777803
VKCO,-1,2025-07-16 12:30:00+00:00,2025-07-16 20:30:00+00:00,330.4,330.8,2277.846375317303,-911.138550126999,-0.0008474576271187165,48,v3_short,timeout,False,A,True,0.012102874432677761,0.003381685503248198,,0.7749999999999915,0.22500000000000853
VKCO,-1,2025-07-18 10:40:00+00:00,2025-07-18 10:50:00+00:00,325.2,323.2,2312.308257748303,4624.616515496606,0.004305043050430505,1,v3_short,opposite_signal,False,A,True,0.015682656826568338,0.004010909674314127,0.00012915129151291652,0.6274509803921519,0.37254901960784814
VKCO,1,2025-07-30 19:50:00+00:00,2025-07-30 21:30:00+00:00,320.6,322.6,2355.5828976313023,4711.165795262605,0.004366812227074236,10,v3_long,opposite_signal,False,A,True,0.010917030567685589,0.003895756680713439,0.00015283842794759753,0.02857142857143507,0.971428571428565
VKCO,-1,2025-08-06 20:40:00+00:00,2025-08-06 21:50:00+00:00,328.4,331.68399999999997,2309.676288176856,-7584.976930372776,-0.006999999999999983,7,v3_short,sl,False,A,True,0.018879415347137603,0.003038852569042225,-0.000124847746650427,0.8225806451612864,0.17741935483871368
VKCO,1,2025-08-13 19:30:00+00:00,2025-08-14 06:50:00+00:00,353.0,352.2,2133.677646419316,-1706.9421171354768,-0.0015864022662889744,68,v3_long,timeout,False,A,True,0.014730878186968806,0.004041163207492628,-0.000178470254957509,0.03846153846153636,0.9615384615384637
VKCO,-1,2025-08-14 12:30:00+00:00,2025-08-14 20:30:00+00:00,350.1,349.2,2147.9387309455115,1933.1448578510335,0.0017994858611825875,48,v3_short,timeout,False,A,True,0.01200000000000013,0.003630252100840345,,0.8809523809523823,0.11904761904761776
VKCO,1,2025-09-17 20:10:00+00:00,2025-09-18 06:50:00+00:00,306.5,306.2,2457.9006561322003,-737.370196839688,-0.0006851549755302054,64,v3_long,timeout,False,A,True,0.015008156606851439,0.003262642740619891,9.787928221858222e-06,0.08695652173912613,0.9130434782608738
VKCO,1,2025-09-19 19:40:00+00:00,2025-09-19 23:40:00+00:00,301.7,303.8,2495.294636946409,5240.118737587515,0.0048723897911833475,24,v3_long,opposite_signal,False,A,True,0.0169042094796154,0.003612184018453246,4.6403712296979235e-05,0.11764705882352351,0.8823529411764764
VKCO,-1,2025-09-23 12:30:00+00:00,2025-09-23 15:00:00+00:00,298.3,301.283,2536.0324340698717,-7564.984750830437,-0.00700000000000001,15,v3_short,sl,False,A,True,0.02112676056338032,0.0034224957588669374,,0.8730158730158715,0.12698412698412856
VKCO,-1,2025-10-06 20:00:00+00:00,2025-10-07 06:50:00+00:00,267.2,264.0,2811.3884197509783,8996.4429432031,0.008383233532934102,65,v3_short,timeout,False,A,True,0.02131637995512337,0.005151649290980421,3.7397157815971975e-06,0.8596491228070152,0.14035087719298472
VKCO,1,2025-10-10 23:00:00+00:00,2025-10-10 23:50:00+00:00,262.9,263.1,2881.325583178789,576.2651166358888,0.0005325218714341265,5,v3_long,weekend_exit,False,A,True,0.011787072243346094,0.004733452316287741,-1.9011406844106464e-05,0.06451612903225393,0.9354838709677461
VKCO,-1,2025-10-27 19:50:00+00:00,2025-10-28 06:50:00+00:00,253.4,250.0,2990.938758482039,10169.19177883895,0.00939226519337018,66,v3_short,timeout,False,A,True,0.010260457774269906,0.0032617624792616357,-0.00017758484609313338,0.9615384615384637,0.03846153846153636
OZON,-1,2022-01-12 13:20:00+00:00,2022-01-12 17:40:00+00:00,2066.0,2086.66,338.8189738625363,-6999.999999999951,-0.006999999999999951,26,v3_short,sl,False,A,True,0.016210984756835228,0.0033687580263917064,,0.6865671641791045,0.31343283582089554
OZON,1,2022-01-12 23:40:00+00:00,2022-01-13 07:40:00+00:00,2070.5,2068.5,335.7160106254528,-671.4320212509056,-0.000676165177493359,48,v3_long,timeout,False,A,True,0.014247766240038639,0.004469984081534087,0.00021009418014972229,0.0,1.0
OZON,-1,2022-09-16 13:20:00+00:00,2022-09-16 21:20:00+00:00,1459.0,1464.0,476.10006688493786,-2380.5003344246893,-0.002398903358464702,48,v3_short,timeout,False,A,True,0.018505825908156272,0.0032148568817520155,,0.6666666666666666,0.3333333333333333
OZON,-1,2022-11-01 22:40:00+00:00,2022-11-02 09:50:00+00:00,1385.0,1383.0,500.3347634303445,1000.669526860689,0.0010108303249097474,67,v3_short,timeout,False,A,True,0.008303249097472924,0.00321962720106093,0.0003537906137184115,1.0,0.0
OZON,-1,2022-11-08 13:20:00+00:00,2022-11-08 21:20:00+00:00,1403.5,1397.0,494.2387716564514,3212.552015766934,0.0032418952618453864,48,v3_short,timeout,False,A,True,0.0220876380477378,0.004393777461109132,,0.7258064516129032,0.27419354838709675
OZON,-1,2022-11-11 23:30:00+00:00,2022-11-11 23:50:00+00:00,1449.0,1447.0,480.27115419659515,960.5423083931903,0.0009661835748792269,2,v3_short,weekend_exit,False,A,True,0.01518288474810214,0.003316854692187434,-0.0002173913043478261,1.0,0.0
OZON,-1,2022-11-23 13:20:00+00:00,2022-11-23 21:20:00+00:00,1444.0,1444.5,482.39977981076294,-241.19988990538147,-0.00024238227146814405,48,v3_short,timeout,False,A,True,0.02352127291594604,0.0038213832748595807,,0.6617647058823529,0.3382352941176471
OZON,-1,2022-12-16 13:20:00+00:00,2022-12-16 21:20:00+00:00,1375.0,1362.0,506.4846851809512,6584.300907352365,0.006618181818181818,48,v3_short,timeout,False,A,True,0.019992729916394038,0.003081130671097956,,0.6363636363636364,0.36363636363636365
OZON,-1,2023-01-18 13:20:00+00:00,2023-01-18 19:00:00+00:00,1572.0,1548.42,445.9449445031517,10515.381791384285,0.010499999999999968,34,v3_short,tp,False,A,True,0.023862551702195353,0.004090723148947775,,0.9466666666666667,0.05333333333333334
OZON,-1,2023-01-26 13:20:00+00:00,2023-01-26 21:20:00+00:00,1635.5,1631.5,433.1312870760767,1732.5251483043069,0.0017120146744114947,48,v3_short,timeout,False,A,True,0.01651376146788991,0.003203727974370176,,0.6111111111111112,0.3888888888888889
OZON,1,2023-04-06 22:50:00+00:00,2023-04-07 09:50:00+00:00,1751.0,1750.0,405.25356231681127,-405.25356231681127,-0.00039977155910908053,66,v3_long,timeout,False,A,True,0.013135351227869789,0.004219163393512745,-0.000568246716162193,0.043478260869565216,0.9565217391304348
OZON,-1,2023-05-24 23:10:00+00:00,2023-05-25 09:50:00+00:00,1802.5,1804.5,393.51750908355876,-787.0350181671175,-0.0007766990291262134,64,v3_short,timeout,False,A,True,0.008044382801664356,0.003951428005321407,0.00039389736477115115,0.8275862068965517,0.1724137931034483
OZON,-1,2023-05-31 13:20:00+00:00,2023-05-31 14:20:00+00:00,1752.5,1770.025,404.43046254516275,-7087.643856104014,-0.007000000000000035,6,v3_short,sl,False,A,True,0.023965763195435093,0.0048502139800285305,,0.8452380952380952,0.15476190476190477
OZON,-1,2023-06-02 13:20:00+00:00,2023-06-02 17:20:00+00:00,1775.0,1792.75,396.5087520626057,-7038.030349111252,-0.007000000000000001,24,v3_short,sl,False,A,True,0.01098901098901099,0.003582498087992593,,0.8461538461538461,0.15384615384615385
OZON,-1,2023-07-12 13:20:00+00:00,2023-07-12 20:10:00+00:00,2058.5,2027.6225,339.507609262447,10483.146205001225,0.010500000000000018,41,v3_short,tp,False,A,True,0.013605442176870748,0.002984867416354297,,0.875,0.125
OZON,-1,2023-07-26 22:20:00+00:00,2023-07-27 09:50:00+00:00,2419.5,2425.0,291.8845282125431,-1605.364905168987,-0.0015912378590617895,69,v3_short,timeout,False,A,True,0.01033912324234905,0.0031565976266437097,-8.684863523573201e-05,0.98,0.02
OZON,-1,2023-08-17 23:20:00+00:00,2023-08-18 09:50:00+00:00,2702.5,2719.0,260.9031861523144,-4304.9025715131875,-0.00427382053654024,63,v3_short,timeout,False,A,True,0.008140610545790935,0.0031565632728577093,0.00020906567992599442,0.9318181818181818,0.06818181818181818
OZON,-1,2023-08-18 13:20:00+00:00,2023-08-18 17:40:00+00:00,2707.0,2734.07,259.3562721745735,-7020.774287765747,-0.007000000000000043,26,v3_short,sl,False,A,True,0.017355982274741506,0.003701554477034536,,0.6808510638297872,0.3191489361702128
OZON,-1,2023-09-07 22:00:00+00:00,2023-09-08 09:50:00+00:00,2769.5,2746.0,251.7287910363367,5915.626589353912,0.005939700306914606,71,v3_short,timeout,False,A,True,0.01282051282051282,0.005575578010185656,-0.0003810039725532683,1.0,0.0
OZON,-1,2023-12-13 13:20:00+00:00,2023-12-13 21:20:00+00:00,2610.5,2602.5,268.64731866986483,2149.1785493589186,0.002145182915150354,48,v3_short,timeout,False,A,True,0.02949626508331737,0.004514734451528169,,0.8896103896103896,0.11038961038961038
OZON,-1,2023-12-28 13:20:00+00:00,2023-12-28 16:50:00+00:00,2723.0,2750.23,258.1007162586241,-7028.082503722339,-0.0070000000000000045,21,v3_short,sl,False,A,True,0.015424164524421594,0.00405714985222881,,0.7857142857142857,0.21428571428571427
OZON,-1,2024-02-09 13:20:00+00:00,2024-02-09 21:20:00+00:00,2840.5,2833.0,245.69216427376443,1842.6912320532333,0.001848266150325647,48,v3_short,timeout,False,A,True,0.023403132148513108,0.0036784729728597406,,0.9097744360902256,0.09022556390977443
OZON,-1,2024-03-28 13:20:00+00:00,2024-03-28 14:10:00+00:00,3739.0,3776.39,186.99611566784304,-6991.784764820628,-0.006999999999999977,5,v3_short,sl,False,A,True,0.011103678929765886,0.00294951425386208,,0.9397590361445783,0.060240963855421686
OZON,1,2024-03-28 21:40:00+00:00,2024-03-29 09:50:00+00:00,3764.0,3810.0,184.453832929514,8484.876314757643,0.00855472901168969,73,v3_long,timeout,False,A,True,0.014748870581982461,0.003934659167945679,0.0003348392240233856,0.14414414414414414,0.8558558558558559
OZON,-1,2024-04-04 13:20:00+00:00,2024-04-04 16:50:00+00:00,3816.0,3854.16,183.49676115487972,-7002.236405670184,-0.006999999999999973,21,v3_short,sl,False,A,True,0.018736897274633124,0.0038497055006488966,,0.8531468531468531,0.14685314685314685
OZON,-1,2024-06-07 22:10:00+00:00,2024-06-07 23:50:00+00:00,4627.5,4631.0,150.2586872140577,-525.9054052492019,-0.0005294435440302539,10,v3_short,weekend_exit,False,A,True,0.01265001621796951,0.0040754543789620935,0.00017407287274299926,0.9829059829059829,0.017094017094017096
OZON,-1,2024-08-26 23:20:00+00:00,2024-08-27 09:50:00+00:00,3394.5,3388.0,204.72939793765724,1330.741086594772,0.0013404035940491972,63,v3_short,timeout,False,A,True,0.00883912787271656,0.002922323908938944,1.6205067766647025e-05,0.9166666666666666,0.08333333333333333
OZON,-1,2024-09-03 22:00:00+00:00,2024-09-04 09:50:00+00:00,2907.0,2926.5,239.38268319917228,-4667.96232238386,-0.004695562435500516,71,v3_short,timeout,False,A,True,0.011525890246000344,0.005059033763169813,-3.956648890418029e-05,1.0,0.0
OZON,-1,2024-09-16 21:40:00+00:00,2024-09-17 09:50:00+00:00,3356.0,3353.0,206.38196854419698,619.1459056325909,0.0006257449344457687,73,v3_short,timeout,False,A,True,0.013261808970347191,0.0035518901346859714,0.00016838027119654296,1.0,0.0
OZON,-1,2024-09-25 13:20:00+00:00,2024-09-25 15:00:00+00:00,3445.0,3393.325,201.17599087613002,10395.769328524055,0.010500000000000035,10,v3_short,tp,False,A,True,0.01451378809869376,0.003725205611998065,,0.88,0.12
OZON,-1,2024-11-14 22:00:00+00:00,2024-11-15 09:50:00+00:00,3312.0,3312.0,211.4517895828004,-0.0,-0.0,71,v3_short,timeout,False,A,True,0.014645930847048166,0.0037315847371713297,-4.5296693341386076e-06,0.9175257731958762,0.08247422680412371
OZON,-1,2025-01-14 21:50:00+00:00,2025-01-15 09:50:00+00:00,3171.0,3153.0,220.85409243085297,3975.3736637553534,0.003973509933774834,72,v3_short,timeout,False,A,True,0.015294859665720592,0.0031503613744457105,-0.00016871649321980448,0.9587628865979382,0.041237113402061855
OZON,-1,2025-01-28 13:20:00+00:00,2025-01-28 14:10:00+00:00,3419.5,3453.695,205.61809874626803,-7031.110886628669,-0.007000000000000033,5,v3_short,sl,False,A,True,0.029828922357069746,0.005960214177789846,,0.7107843137254902,0.28921568627450983
OZON,1,2025-03-03 22:10:00+00:00,2025-03-03 22:20:00+00:00,3882.0,3915.0,179.85299099490558,5935.148702831884,0.005950540958268934,1,v3_long,opposite_signal,False,A,True,0.010175167439464193,0.0032094754439642935,0.00019706336939721793,0.10126582278481013,0.8987341772151899
OZON,-1,2025-03-05 13:20:00+00:00,2025-03-05 21:20:00+00:00,4072.0,4048.0,172.4813151115437,4139.551562677048,0.00412573673870334,48,v3_short,timeout,False,A,True,0.02185389809699202,0.0030635212955654944,,0.7752808988764045,0.2247191011235955
OZON,1,2025-03-11 22:20:00+00:00,2025-03-12 09:50:00+00:00,4004.0,4019.5,176.13426604097896,2730.0811236351738,0.0027097902097902096,69,v3_long,timeout,False,A,True,0.014735264735264736,0.0030861995147709433,0.00026473526473526474,0.06779661016949153,0.9322033898305084
OZON,-1,2025-04-03 13:20:00+00:00,2025-04-03 16:00:00+00:00,3740.5,3684.3925,189.0529763439712,10607.289870219378,0.010500000000000013,16,v3_short,tp,False,A,True,0.020841683366733466,0.004052549543531507,,0.6474358974358975,0.3525641025641026
OZON,1,2025-04-28 21:50:00+00:00,2025-04-29 09:50:00+00:00,3768.0,3817.5,189.64377943836996,9387.367082199313,0.009195859872611465,72,v3_long,timeout,False,A,True,0.009952229299363057,0.002940985311321981,0.00030785562632696387,0.0,1.0
OZON,1,2025-09-16 22:20:00+00:00,2025-09-17 09:50:00+00:00,4121.5,4100.0,174.97244155800496,-3761.9074934971068,-0.0036515831614703383,69,v3_long,timeout,False,A,True,0.006307617661329452,0.004517818772341542,-9.825327510917032e-05,0.0,1.0
