symbol,side,entry_time,exit_time,entry_price,exit_price,qty,pnl,pnl_rel,bars_held,entry_reason,exit_reason,post_circuit_breaker,entry_geo_class,entry_geo_valid_box,entry_geo_h_pct,entry_atr_pct,entry_slope_pct_per_bar,entry_dist_L_pct,entry_dist_U_pct
SBER,-1,2022-01-06 19:20:00+00:00,2022-01-06 19:20:00+00:00,292.92,292.92,2389.7309845691652,-0.0,-0.0,0,v3_short,opposite_signal,False,A,True,0.009761425304617757,0.003969627715928164,-1.2287108775040102e-05,0.8321678321678432,0.16783216783215685
SBER,-1,2022-01-31 20:50:00+00:00,2022-01-31 23:40:00+00:00,266.88,269.54879999999997,2622.901678657074,-6999.999999999937,-0.006999999999999937,17,v3_short,sl,False,A,True,0.009666541775945989,0.003478334008762729,8.654926938928234e-05,0.9224806201550427,0.07751937984495731
SBER,-1,2022-02-01 23:40:00+00:00,2022-02-02 07:00:00+00:00,263.75,266.3875,2635.450236966825,-6950.999999999971,-0.00699999999999997,44,v3_short,sl,False,A,True,0.012092494313874137,0.003308010088038256,-0.00018574677786202014,0.8463949843260159,0.15360501567398416
SBER,1,2022-02-02 19:20:00+00:00,2022-02-02 23:40:00+00:00,258.25,261.0,2672.7368828654407,7350.026427879962,0.007454017424975799,26,v3_long,opposite_signal,False,A,True,0.020987415295256596,0.005624987652369776,-0.00021335914811229832,0.1236162361623642,0.8763837638376358
SBER,-1,2022-02-03 19:40:00+00:00,2022-02-03 22:40:00+00:00,253.57,251.58,2742.3564242596367,5457.289284276624,0.005493552076349673,18,v3_short,opposite_signal,False,A,True,0.013605710454706743,0.0044764839721430985,-0.00022242378830303217,0.889855072463769,0.11014492753623092
SBER,1,2022-02-04 19:40:00+00:00,2022-02-04 21:50:00+00:00,255.39,255.97,2737.771334032302,1587.9073737387694,0.0015897255178355014,13,v3_long,opposite_signal,False,A,True,0.013942740766850639,0.004169074515013377,-2.9373751615556335e-05,0.735955056179774,0.26404494382022603
SBER,-1,2022-02-04 22:10:00+00:00,2022-02-04 23:50:00+00:00,256.14,256.53,2734.094464590173,-1066.2968411901302,-0.0010658233778402064,10,v3_short,weekend_exit,False,A,True,0.008589052861716205,0.003296188468359931,-6.988365737487392e-05,0.9727272727272716,0.027272727272728448
SBER,-1,2022-02-10 13:20:00+00:00,2022-02-10 15:50:00+00:00,276.67,279.43670000000003,2528.516096328817,-6995.645483712975,-0.007000000000000037,15,v3_short,sl,False,A,True,0.01293960313731154,0.003944345434207002,,0.8379888268156462,0.16201117318435382
SBER,1,2022-02-10 22:30:00+00:00,2022-02-11 06:50:00+00:00,276.72,274.9,2510.3628090947336,-4568.860312552541,-0.00460393177218862,50,v3_long,timeout,False,A,True,0.014453477868112014,0.003973968991390606,0.00021246612466124234,0.0800000000000125,0.9199999999999875
SBER,-1,2022-09-16 13:20:00+00:00,2022-09-16 14:00:00+00:00,140.66,138.5501,4915.892181955836,10372.04091470867,0.010500000000000053,4,v3_short,tp,False,A,True,0.02239442627612667,0.003954148131597264,,0.7682539682539699,0.23174603174603017
SBER,-1,2022-10-27 13:20:00+00:00,2022-10-27 21:20:00+00:00,126.52,126.86,5522.68276125675,-1877.712138827314,-0.0018811255137527855,48,v3_short,timeout,False,A,True,0.026153603034133912,0.004838661128168076,,0.8580060422960724,0.14199395770392767
SBER,-1,2022-10-28 13:20:00+00:00,2022-10-28 21:20:00+00:00,126.32,126.82,5521.021409571129,-2760.5107047855645,-0.002770740975300824,48,v3_short,timeout,False,A,True,0.017095370003957347,0.004609267529726584,,0.7962962962962918,0.20370370370370822
SBER,-1,2022-11-16 13:20:00+00:00,2022-11-16 21:20:00+00:00,138.93,138.81,5005.996307231519,600.719556867805,0.0006046210321744991,48,v3_short,timeout,False,A,True,0.021449650903332743,0.004051372222393588,,0.8758389261744959,0.12416107382550412
SBER,-1,2022-12-20 13:20:00+00:00,2022-12-20 21:20:00+00:00,137.29,137.44,5068.858406682806,-760.3287610024497,-0.000764804428581863,48,v3_short,timeout,False,A,True,0.02359967951052523,0.0035205283220433553,,0.888888888888885,0.111111111111115
SBER,-1,2023-02-01 13:20:00+00:00,2023-02-01 21:20:00+00:00,158.79,157.32,4379.188491219729,6437.407082092997,0.006480256943132435,48,v3_short,timeout,False,A,True,0.016814660872850856,0.003448699840160251,,0.6966292134831438,0.30337078651685623
SBER,-1,2023-02-17 13:20:00+00:00,2023-02-17 21:20:00+00:00,159.67,159.43,4383.275039006989,1051.9860093615926,0.0010521701008328833,48,v3_short,timeout,False,A,True,0.021735045411838388,0.0034480187314512405,,0.7953890489913521,0.2046109510086479
SBER,-1,2023-03-22 13:20:00+00:00,2023-03-22 21:20:00+00:00,203.25,203.74,3447.054935718568,-1689.0569185021295,-0.001687576875768789,48,v3_short,timeout,False,A,True,0.013334645475569592,0.0031678862560130115,,0.6125461254612515,0.38745387453874847
SBER,-1,2023-05-03 13:20:00+00:00,2023-05-03 18:30:00+00:00,241.82,238.1927,2892.36446878607,10491.473637627687,0.010499999999999975,31,v3_short,tp,False,A,True,0.013935409171732227,0.003373089714734671,,0.6528189910979186,0.3471810089020814
SBER,-1,2023-05-04 13:20:00+00:00,2023-05-04 21:20:00+00:00,239.2,238.74,2954.747522525865,1359.1838603618373,0.0013461538461537863,48,v3_short,timeout,False,A,True,0.014673913043478343,0.0031613314222010036,,0.8461538461538411,0.15384615384615882
SBER,-1,2023-06-07 13:20:00+00:00,2023-06-07 21:20:00+00:00,242.67,241.36,2916.4175056267363,3820.506932370948,0.003778794247331692,48,v3_short,timeout,False,A,True,0.02006675182331371,0.0036750783382288685,,0.8439425051334664,0.15605749486653359
SBER,-1,2023-06-27 13:20:00+00:00,2023-06-27 16:50:00+00:00,239.01,241.40009999999998,2972.2663944734522,-7104.013909430968,-0.006999999999999971,21,v3_short,sl,False,A,True,0.010418410041840923,0.002976688583383138,,0.8875502008032116,0.11244979919678848
SBER,-1,2023-08-15 13:20:00+00:00,2023-08-15 21:20:00+00:00,263.1,260.88,2681.218476649555,5952.305018162086,0.005906499429874644,48,v3_short,timeout,False,A,True,0.02725199543899664,0.0042858952779135226,,0.9023709902371009,0.09762900976289918
SBER,-1,2023-09-20 13:20:00+00:00,2023-09-20 21:20:00+00:00,254.03,254.47,2793.351945515142,-1229.074856026656,-0.0012124552218241876,48,v3_short,timeout,False,A,True,0.02184781325040354,0.004900058673235067,,0.7585585585585585,0.24144144144144156
SBER,-1,2023-09-29 13:20:00+00:00,2023-09-29 21:20:00+00:00,261.66,260.9,2708.6098078422106,2058.5434539602093,0.002033172819689801,48,v3_short,timeout,False,A,True,0.022471910112359533,0.0036452248100952885,,0.841836734693886,0.15816326530611408
SBER,-1,2023-12-12 13:20:00+00:00,2023-12-12 14:50:00+00:00,259.2,261.792,2739.875859327797,-7101.758227377608,-0.006999999999999958,9,v3_short,sl,False,A,True,0.01994598765432105,0.004589212228101131,,0.802707930367498,0.19729206963250204
SBER,-1,2023-12-13 13:20:00+00:00,2023-12-13 21:20:00+00:00,260.16,259.37,2710.657256990316,2141.419233022405,0.0021256150061501164,48,v3_short,timeout,False,A,True,0.01879612546125456,0.003891378199496258,,0.7484662576687189,0.2515337423312811
SBER,-1,2024-07-18 13:20:00+00:00,2024-07-18 17:50:00+00:00,286.08,288.94079999999997,2470.3005643236734,-7067.035854417124,-0.006999999999999961,27,v3_short,sl,False,A,True,0.0148930219549713,0.0035276451511943234,,0.7863849765258153,0.21361502347418473
SBER,-1,2024-08-20 13:20:00+00:00,2024-08-20 21:20:00+00:00,268.21,265.92,2616.444801997034,5991.658596573113,0.005976660079788132,48,v3_short,timeout,False,A,True,0.02028337061894108,0.0040605802350768706,,0.8915441176470529,0.10845588235294708
SBER,-1,2024-08-23 13:20:00+00:00,2024-08-23 17:50:00+00:00,260.83,256.91755,2706.5553094399634,10589.262320418326,0.010499999999999942,27,v3_short,tp,False,A,True,0.027757543227389523,0.004903759609890043,,0.7279005524861845,0.2720994475138156
SBER,-1,2024-09-04 13:20:00+00:00,2024-09-04 15:20:00+00:00,246.61,249.07610000000003,2892.6779327096156,-7133.633049855216,-0.007000000000000031,12,v3_short,sl,False,A,True,0.02063569285656359,0.0042491495909155776,,0.7485265225933243,0.25147347740667564
SBER,-1,2024-09-26 13:20:00+00:00,2024-09-26 21:20:00+00:00,269.13,266.67,2632.0728341345066,6474.899171970832,0.006398394827778343,48,v3_short,timeout,False,A,True,0.0146774673008323,0.0030098097502972636,,0.8405063291139248,0.15949367088607525
SBER,-1,2024-11-15 13:20:00+00:00,2024-11-15 17:20:00+00:00,250.82,253.32819999999998,2842.2860667849427,-7129.021912709959,-0.006999999999999966,24,v3_short,sl,False,A,True,0.014910497149463702,0.0030717066956751056,,0.7406417112299455,0.2593582887700545
SBER,-1,2024-12-04 13:20:00+00:00,2024-12-04 17:00:00+00:00,232.9,229.4065,3039.5529237101864,10618.678138981571,0.010500000000000035,22,v3_short,tp,False,A,True,0.01927534987550434,0.003203359131924425,,0.8017817371937661,0.1982182628062339
SBER,-1,2024-12-05 13:20:00+00:00,2024-12-05 15:20:00+00:00,226.81,223.40785,3153.9392029865944,10730.17425944086,0.010500000000000018,12,v3_short,tp,False,A,True,0.01600387972841899,0.00424292810325787,,0.7575757575757586,0.2424242424242415
SBER,1,2025-02-27 19:20:00+00:00,2025-02-28 06:50:00+00:00,308.92,306.01,2339.9458520361195,-6809.242429425166,-0.006593940178687095,69,v3_long,timeout,False,A,True,0.012687726566545883,0.0031256935710586705,8.900828586224754e-05,0.09948979591837796,0.9005102040816221
SBER,-1,2025-04-02 10:40:00+00:00,2025-04-02 10:50:00+00:00,305.27,303.9,2352.309768108234,3222.6643823082914,0.003141481311625785,1,v3_short,opposite_signal,False,A,True,0.008549808366364247,0.0030792413273495927,7.829134864218516e-05,0.8659003831417544,0.13409961685824556
SBER,-1,2025-04-02 12:30:00+00:00,2025-04-02 20:30:00+00:00,305.1,304.09,2361.0143165454483,2384.6244597110153,0.0023172730252377363,48,v3_short,timeout,False,A,True,0.015569176308630242,0.003349059968803828,,0.8189473684210617,0.18105263157893828
SBER,1,2025-04-08 19:20:00+00:00,2025-04-08 19:50:00+00:00,290.03,287.12969999999996,2489.448350514823,-7220.147050998179,-0.007000000000000038,3,v3_long,sl,False,A,True,0.016067303382408804,0.0034239948436016964,9.343860979898757e-05,0.006437768240337458,0.9935622317596625
SBER,-1,2025-10-23 13:10:00+00:00,2025-10-23 18:30:00+00:00,287.09,289.9609,2497.3374278592614,-7169.606021641169,-0.007000000000000016,32,v3_short,sl,False,A,True,0.009683374551534465,0.0032357357219724094,,0.6762589928057465,0.3237410071942534
GAZP,-1,2022-01-10 21:40:00+00:00,2022-01-11 06:50:00+00:00,345.33,344.68,2027.046593113833,1317.5802855239453,0.0013175802855239453,55,v3_short,timeout,False,A,True,0.01294151708164455,0.003159897427413369,-0.0003196294151708154,0.9642058165548044,0.03579418344519553
GAZP,-1,2022-01-14 10:30:00+00:00,2022-01-14 10:30:00+00:00,339.28,338.99,2065.9110651964947,599.1142089069083,0.0005983258665408351,0,v3_short,opposite_signal,False,A,True,0.01117071445413807,0.003598529506334279,0.0001517920301815603,0.5567282321899676,0.4432717678100324
GAZP,1,2022-01-20 22:30:00+00:00,2022-01-21 06:50:00+00:00,313.04,309.49,2240.421946543897,-7953.497910230859,-0.007938282647584997,50,v3_long,gap_sl,False,A,True,0.020538537707221867,0.00517456159964226,3.385824256556231e-05,0.1461897356143087,0.8538102643856913
GAZP,-1,2022-01-25 21:10:00+00:00,2022-01-25 21:30:00+00:00,297.71,300.6871,2337.087224510228,-6957.742376089417,-0.0070000000000000175,2,v3_short,sl,False,A,True,0.027539882451721204,0.00505217704210147,-0.00011318219983207023,0.9865853658536569,0.013414634146343146
GAZP,-1,2022-02-01 23:40:00+00:00,2022-02-02 07:40:00+00:00,330.11,330.14,2092.950283074361,-62.78850849217372,-6.36151585834446e-05,48,v3_short,timeout,False,A,True,0.016952744225471397,0.0033985803930145332,-0.00026488662852299215,0.858928571428577,0.14107142857142294
GAZP,-1,2022-02-02 10:20:00+00:00,2022-02-02 10:30:00+00:00,331.64,330.64,2083.162061240299,2083.162061240299,0.0021107224701483536,1,v3_short,opposite_signal,False,A,True,0.012085593731163323,0.0030597893165705088,0.00014888487040385596,0.6109725685785522,0.38902743142144786
GAZP,1,2022-02-02 19:20:00+00:00,2022-02-02 21:30:00+00:00,329.81,331.38,2099.1421710457566,3295.6532085418235,0.003332221582123026,13,v3_long,opposite_signal,False,A,True,0.011824990145841477,0.003691055270536106,4.851278008549412e-06,0.20769230769230948,0.7923076923076905
GAZP,1,2022-02-09 10:30:00+00:00,2022-02-09 11:10:00+00:00,334.45,331.1055,2076.9174366230536,-6946.250366785766,-0.006999999999999964,4,v3_long,sl,False,A,True,0.012886829122439833,0.003302572744940814,0.00014890118104350482,0.6635730858468706,0.3364269141531294
GAZP,-1,2022-02-10 19:20:00+00:00,2022-02-11 06:50:00+00:00,331.4,328.97,2081.3598715203084,5057.704487794245,0.005132770066384927,69,v3_short,timeout,False,A,True,0.010139111017230496,0.00308779777942138,-0.00011225444340505229,0.8035714285714219,0.19642857142857809
GAZP,-1,2022-02-16 19:30:00+00:00,2022-02-17 06:50:00+00:00,337.19,336.37,2056.119856945005,1686.0182826948899,0.001702304338800069,68,v3_short,timeout,False,A,True,0.014236142005516539,0.0038289895547150322,-0.00013168431355102927,0.8729166666666641,0.12708333333333588
GAZP,-1,2022-09-16 13:20:00+00:00,2022-09-16 14:30:00+00:00,246.75,243.04874999999998,2814.5218535407193,10417.249010417632,0.010500000000000044,7,v3_short,tp,False,A,True,0.02103343465045592,0.0034081150190572677,,0.7206165703275551,0.27938342967244495
GAZP,-1,2022-09-23 23:00:00+00:00,2022-09-23 23:50:00+00:00,225.18,224.84,3116.5083118770085,1059.6128260381936,0.0010569322319921946,5,v3_short,weekend_exit,False,A,True,0.013233857358557553,0.003927923420900463,-0.00016564526156852375,0.993288590604033,0.006711409395967073
GAZP,-1,2022-10-18 13:20:00+00:00,2022-10-18 21:00:00+00:00,163.59,161.13615000000001,4294.376616215487,10537.756059700323,0.01049999999999995,46,v3_short,tp,False,A,True,0.017360474356623114,0.00350178582344361,,0.6302816901408478,0.36971830985915216
GAZP,-1,2022-10-25 13:20:00+00:00,2022-10-25 16:10:00+00:00,167.87,169.5487,4228.828854997806,-7098.934998884783,-0.006999999999999966,17,v3_short,sl,False,A,True,0.02514299332697807,0.004306822824458653,,0.8649289099526082,0.1350710900473918
GAZP,-1,2023-03-03 13:20:00+00:00,2023-03-03 21:20:00+00:00,162.57,162.18,4336.127485939979,1691.0897195165328,0.0016792766193023958,48,v3_short,timeout,False,A,True,0.014761963341124403,0.0032921521419491673,,0.6958333333333264,0.3041666666666735
GAZP,-1,2023-04-12 13:20:00+00:00,2023-04-12 15:30:00+00:00,177.79,179.56789999999998,3971.5844996508463,-7061.080081929193,-0.0069999999999999524,13,v3_short,sl,False,A,True,0.021092299904381575,0.004355057732637999,,0.5973333333333282,0.40266666666667184
GAZP,-1,2023-05-26 13:20:00+00:00,2023-05-26 21:20:00+00:00,164.39,164.93,4265.254894674698,-2303.2376431244243,-0.002299409939777446,48,v3_short,timeout,False,A,True,0.020133819951338214,0.0030645348163596373,,0.8157099697885156,0.18429003021148435
GAZP,-1,2023-05-31 13:20:00+00:00,2023-05-31 21:20:00+00:00,162.92,162.81,4293.843516973892,472.3227868670647,0.0004726246010311175,48,v3_short,timeout,False,A,True,0.014734774066797678,0.0032217700439704316,,0.8416666666666571,0.1583333333333429
GAZP,-1,2023-06-07 13:20:00+00:00,2023-06-07 21:20:00+00:00,165.09,164.6,4239.406455486059,2077.3091631882075,0.002077654612635571,48,v3_short,timeout,False,A,True,0.01883706844336774,0.002936171440108442,,0.7781350482315129,0.22186495176848703
GAZP,-1,2023-08-15 13:20:00+00:00,2023-08-15 18:30:00+00:00,178.76,176.0786,3923.348221920033,10520.065922256363,0.010499999999999985,31,v3_short,tp,False,A,True,0.024221066174413962,0.0055085411688868356,,0.8637413394919156,0.13625866050808444
GAZP,-1,2023-09-20 13:20:00+00:00,2023-09-20 21:20:00+00:00,169.4,169.44,4183.599612136981,-167.34398448544593,-0.00016528925619831421,48,v3_short,timeout,False,A,True,0.01859504132231408,0.004084443694833313,,0.7301587301587324,0.26984126984126755
GAZP,-1,2024-06-26 13:20:00+00:00,2024-06-26 21:20:00+00:00,116.09,116.72,6103.752549805019,-3845.3641063771342,-0.0037987768110948126,48,v3_short,timeout,False,A,True,0.01507580978635424,0.0035361491253979214,,0.8228571428571415,0.17714285714285843
GAZP,-1,2024-07-08 23:00:00+00:00,2024-07-09 09:50:00+00:00,127.57,128.0,5533.376802009883,-2379.3520248642876,-0.0023594889080505196,65,v3_short,timeout,False,A,True,0.007446891902484822,0.003181926529332431,5.879125186172298e-05,0.9684210526315774,0.03157894736842263
GAZP,-1,2024-07-10 13:20:00+00:00,2024-07-10 14:40:00+00:00,124.54,122.67190000000001,5654.627687610372,10563.409983224927,0.01049999999999999,8,v3_short,tp,False,A,True,0.020878503171926396,0.006309437771736013,,0.8230769230769251,0.1769230769230749
GAZP,-1,2024-07-17 13:20:00+00:00,2024-07-17 17:20:00+00:00,125.5,126.755,5670.292583292853,-7116.2171920325045,-0.006999999999999973,24,v3_short,sl,False,A,True,0.025258964143426307,0.005088218554354017,,0.7223974763406956,0.27760252365930443
GAZP,-1,2024-07-19 13:20:00+00:00,2024-07-19 15:50:00+00:00,130.43,131.73430000000002,5417.774800037035,-7066.403671688369,-0.007000000000000064,15,v3_short,sl,False,A,True,0.018247335735643605,0.004968912352183066,,0.6890756302521084,0.3109243697478916
GAZP,-1,2024-08-13 13:20:00+00:00,2024-08-13 21:20:00+00:00,129.83,130.16,5404.712967716618,-1783.5552793463978,-0.001779249788184463,48,v3_short,timeout,False,A,True,0.01547820730016956,0.003457936385704733,,0.5174129353233883,0.4825870646766117
GAZP,-1,2024-08-23 22:20:00+00:00,2024-08-23 23:50:00+00:00,116.94,116.81,5989.78446984014,778.671981079191,0.0007781768428253532,9,v3_short,weekend_exit,False,A,True,0.013082513894826859,0.0035476524940886945,-0.0001598973920478841,0.9934640522875784,0.006535947712421639
GAZP,-1,2024-09-05 13:20:00+00:00,2024-09-05 16:50:00+00:00,123.53,124.7653,5674.657704928855,-7009.904662898588,-0.006999999999999973,21,v3_short,sl,False,A,True,0.01974749109744252,0.005002389431007113,,0.8155737704918019,0.18442622950819806
GAZP,1,2024-09-17 13:20:00+00:00,2024-09-17 17:40:00+00:00,120.69,122.50034999999998,5767.532794977483,10441.252995387402,0.010499999999999914,26,v3_long,tp,False,A,True,0.017232808616404294,0.003665128023040193,,0.24999999999999828,0.7500000000000017
GAZP,-1,2024-10-08 13:20:00+00:00,2024-10-08 21:20:00+00:00,134.44,133.61,5232.017332063401,4342.57438561254,0.004321630467122798,48,v3_short,timeout,False,A,True,0.014724473860340521,0.0031410794406257895,,0.7777777777777778,0.2222222222222222
GAZP,-1,2024-10-23 13:20:00+00:00,2024-10-23 20:50:00+00:00,136.86,134.80710000000002,5161.714249543565,10596.483182887952,0.010499999999999966,45,v3_short,tp,False,A,True,0.02140873885722641,0.003458522090700949,,0.7815699658703124,0.21843003412968767
GAZP,-1,2024-11-13 13:20:00+00:00,2024-11-13 20:00:00+00:00,135.84,133.8024,5255.077667995833,10707.746256308295,0.010499999999999987,40,v3_short,tp,False,A,True,0.01582744405182551,0.0029551573279488295,,0.7162790697674457,0.2837209302325543
GAZP,-1,2024-12-04 13:20:00+00:00,2024-12-04 17:00:00+00:00,122.72,120.8792,5877.97565840914,10820.177591999554,0.010500000000000008,22,v3_short,tp,False,A,True,0.02313645621181254,0.00406168169915624,,0.7394366197183107,0.26056338028168935
GAZP,-1,2024-12-20 13:20:00+00:00,2024-12-20 13:30:00+00:00,108.17,109.2517,6738.645623688355,-7289.19297114368,-0.006999999999999986,1,v3_short,sl,False,A,True,0.014421743551816605,0.0039884309090188795,,0.8269230769230798,0.17307692307692027
GAZP,-1,2025-01-13 23:00:00+00:00,2025-01-14 09:50:00+00:00,131.45,131.0,5506.404427801969,2477.8819925108237,0.0023963484214529636,65,v3_short,timeout,False,A,True,0.008063902624572098,0.0032712057816660363,0.00022518067706352074,0.896226415094327,0.10377358490567302
GAZP,-1,2025-01-16 13:20:00+00:00,2025-01-16 16:30:00+00:00,136.59,134.54115,5311.892374473434,10883.270691439979,0.010500000000000079,19,v3_short,tp,False,A,True,0.017935578330893036,0.0033640103186223166,,0.5632653061224497,0.43673469387755026
GAZP,-1,2025-01-17 13:20:00+00:00,2025-01-17 16:30:00+00:00,136.83,138.19830000000002,5358.252348997547,-7331.6966891333705,-0.007000000000000025,19,v3_short,sl,False,A,True,0.017542577296981256,0.003334481954465858,,0.8875000000000078,0.11249999999999215
GAZP,-1,2025-01-28 11:10:00+00:00,2025-01-28 15:50:00+00:00,134.59,135.9359,5409.298471141548,-7280.374812309412,-0.007000000000000002,28,v3_short,sl,False,A,True,0.012110855189835764,0.0034806563523406883,-4.4579835054611985e-06,0.7730061349693217,0.22699386503067828
GAZP,-1,2025-02-14 23:40:00+00:00,2025-02-14 23:50:00+00:00,167.9,168.1,4305.784507816108,-861.1569015631727,-0.0008338296605121623,1,v3_short,weekend_exit,False,A,True,0.012511170688114354,0.006053753047242135,-0.0002853738456955594,0.9047619047619099,0.09523809523809008
GAZP,1,2025-02-27 19:20:00+00:00,2025-02-27 20:50:00+00:00,169.19,167.4981,4269.391861405699,-7223.384090312319,-0.007000000000000016,9,v3_long,sl,False,A,True,0.017082397446506765,0.004331819026227341,9.693817236079834e-05,0.08304498269896465,0.9169550173010353
GAZP,1,2025-03-03 19:20:00+00:00,2025-03-03 19:40:00+00:00,164.47,166.93704999999997,4361.172494485387,10759.23060252005,0.01049999999999988,2,v3_long,tp,False,A,True,0.01952435983212705,0.004787682362039145,-0.0003168907000790728,0.02492211838006614,0.9750778816199338
GAZP,-1,2025-03-05 11:10:00+00:00,2025-03-05 11:50:00+00:00,171.99,173.7099,4214.27700209184,-7248.135015897737,-0.00699999999999998,4,v3_short,sl,False,A,True,0.00854700854700854,0.00416839977279538,-0.00027269027269026926,0.7210884353741518,0.27891156462584826
GAZP,1,2025-03-05 19:50:00+00:00,2025-03-05 22:20:00+00:00,174.26,172.51739999999998,4130.264013994303,-7197.398070786515,-0.007000000000000041,15,v3_long,sl,False,A,True,0.012737391703482695,0.004186079733402331,0.0003740891617419233,0.07207207207207057,0.9279279279279294
GAZP,-1,2025-03-06 12:00:00+00:00,2025-03-06 12:40:00+00:00,172.27,171.6,4148.729485279484,2779.64875513732,0.0027224705404307837,4,v3_short,opposite_signal,False,A,True,0.011609682475184303,0.0032188780927164106,,0.48499999999999943,0.5150000000000006
GAZP,-1,2025-03-25 20:00:00+00:00,2025-03-26 06:50:00+00:00,163.97,165.2,4370.600613268847,-5375.838754320637,-0.005250960541562437,65,v3_short,timeout,False,A,True,0.026530861185655,0.0036706314631243992,-0.0003891192973896069,0.8551724137931043,0.1448275862068957
GAZP,-1,2025-03-31 20:30:00+00:00,2025-03-31 22:10:00+00:00,145.98,145.38,4883.438110903332,2930.0628665419713,0.002877106452938731,10,v3_short,opposite_signal,False,A,True,0.012535963830661627,0.0036530025080315763,6.576243321002738e-05,0.6065573770491776,0.3934426229508225
GAZP,-1,2025-04-15 20:50:00+00:00,2025-04-16 06:50:00+00:00,131.74,131.6,5426.866095614451,759.7612533861034,0.000743889479277443,60,v3_short,timeout,False,A,True,0.011080752884031419,0.003756056156524514,-0.00029826958105646687,0.986301369863026,0.013698630136974034
GAZP,-1,2025-04-16 12:40:00+00:00,2025-04-16 16:30:00+00:00,131.1,132.411,5457.415502010817,-7154.67172313622,-0.0070000000000000374,23,v3_short,sl,False,A,True,0.01906941266209001,0.003628636809414837,,0.8319999999999936,0.16800000000000637
GAZP,1,2025-04-16 20:50:00+00:00,2025-04-17 06:50:00+00:00,131.66,132.52,5396.16361922697,4640.7007125352675,0.004572383411818392,60,v3_long,timeout,False,A,True,0.01807686465137472,0.0036085526417767564,0.00038584232113018257,0.01680672268907232,0.9831932773109276
GAZP,-1,2025-04-17 20:50:00+00:00,2025-04-17 20:50:00+00:00,134.65,135.9965,5300.463368779781,-7137.073926061932,-0.006999999999999958,0,v3_short,sl,False,A,True,0.018122400475341638,0.0032891944656650396,3.862150920974738e-05,0.8852459016393437,0.11475409836065631
GAZP,-1,2025-04-24 10:20:00+00:00,2025-04-24 12:50:00+00:00,144.74,146.1874,4896.44494167441,-7087.11440857948,-0.006999999999999939,15,v3_short,sl,False,A,True,0.011398963730569988,0.0034838391315075174,0.00014645941278065662,0.7272727272727351,0.2727272727272649
GAZP,-1,2025-04-29 11:00:00+00:00,2025-04-29 17:50:00+00:00,153.37,151.06945,4588.579649031417,10556.256911579298,0.01050000000000007,41,v3_short,tp,False,A,True,0.014670404903175328,0.004011214709525952,-2.2820629849385326e-05,0.7511111111111101,0.2488888888888899
GAZP,-1,2025-04-30 11:10:00+00:00,2025-04-30 11:40:00+00:00,149.01,148.05,4772.430310784873,4581.53309835338,0.004509764445339143,3,v3_short,opposite_signal,False,A,True,0.018523489932885846,0.004674754775425912,-8.389261744966444e-05,0.6884057971014433,0.3115942028985567
GAZP,-1,2025-04-30 12:10:00+00:00,2025-04-30 13:00:00+00:00,149.11,150.6011,4790.737802822758,-7143.46913778896,-0.006999999999999948,5,v3_short,sl,False,A,True,0.01522468142186459,0.004598423876592884,,0.6651982378854681,0.33480176211453194
GAZP,-1,2025-05-08 20:50:00+00:00,2025-05-09 23:50:00+00:00,143.04,142.9,4959.077778121149,694.2708889368932,0.0006851230425055262,162,v3_short,weekend_exit,False,A,True,0.010207648745018583,0.0038082491613718864,-3.5656855205201075e-05,0.6917808219177982,0.3082191780822018
GAZP,-1,2025-05-12 20:30:00+00:00,2025-05-13 06:50:00+00:00,147.1,146.98,4825.509687319544,579.0611624783672,0.0005710401087695661,62,v3_short,timeout,False,A,True,0.016255186016459134,0.0035297530560887786,-0.00030878052098211003,0.9372384937238466,0.06276150627615336
GAZP,-1,2025-05-16 22:50:00+00:00,2025-05-16 23:50:00+00:00,138.71,139.1,5120.307244023068,-1996.9198251689268,-0.0019681349578256103,6,v3_short,weekend_exit,False,A,True,0.00857657657657656,0.004697922412208122,-7.783783783783669e-05,0.8655462184873975,0.13445378151260243
GAZP,1,2025-05-19 21:00:00+00:00,2025-05-19 21:50:00+00:00,140.86,139.4514,5032.230398557586,-7088.399739408251,-0.007000000000000035,5,v3_long,sl,False,A,True,0.023283878753460645,0.0043679003510256244,3.2654220203026646e-05,0.19512195121951664,0.8048780487804834
GAZP,-1,2025-05-23 12:20:00+00:00,2025-05-23 20:20:00+00:00,130.68,130.76,5386.272529256471,-430.90180234043197,-0.00042852770125488863,48,v3_short,timeout,False,A,True,0.015458789316599147,0.003341751485931514,,0.9108910891089079,0.08910891089109203
GAZP,-1,2025-05-29 13:20:00+00:00,2025-05-29 20:10:00+00:00,131.66,129.6851,5343.88928195046,10553.646942923915,0.010499999999999952,41,v3_short,tp,False,A,True,0.01215251405134433,0.0032971484437381514,,0.9874999999999936,0.01250000000000644
GAZP,-1,2025-05-30 12:40:00+00:00,2025-05-30 14:30:00+00:00,130.28,131.5828,5457.199997863404,-7109.640157216391,-0.00699999999999995,11,v3_short,sl,False,A,True,0.01888240712311928,0.003927803851046092,,0.7926829268292702,0.20731707317072973
GAZP,-1,2025-08-06 20:10:00+00:00,2025-08-06 20:20:00+00:00,125.86,127.1186,5609.306114822762,-7059.872676115935,-0.007000000000000007,1,v3_short,sl,False,A,True,0.02097568727157159,0.003358120619930798,-0.0001843317972350225,0.8068181818181799,0.1931818181818201
GAZP,-1,2025-10-17 11:30:00+00:00,2025-10-17 12:10:00+00:00,123.87,122.98,5659.52495954074,5036.977213991262,0.005029466376039398,4,v3_short,opposite_signal,False,A,True,0.0157423104868007,0.004137402115120706,,0.6769230769230797,0.32307692307692026
GAZP,-1,2025-10-17 12:40:00+00:00,2025-10-17 15:40:00+00:00,123.63,124.8663,5699.031309456487,-7045.712407881055,-0.007,18,v3_short,sl,False,A,True,0.015775422700428792,0.004031111676124228,,0.5538461538461522,0.44615384615384784
GAZP,-1,2025-10-28 11:20:00+00:00,2025-10-28 19:20:00+00:00,116.42,116.02,6009.613830120157,2403.845532048097,0.0024050850369352686,48,v3_short,timeout,False,A,True,0.010994674454561081,0.003025444272652662,0.00016577907576017923,0.7031250000000038,0.29687499999999617
LKOH,-1,2022-01-10 22:00:00+00:00,2022-01-11 06:50:00+00:00,6775.0,6799.0,103.3210332103321,-2479.7047970479707,-0.0024797047970479707,53,v3_short,timeout,False,A,True,0.013282172373081463,0.0031579042478856946,-0.00021841794569067295,0.95,0.05
LKOH,1,2022-01-21 21:10:00+00:00,2022-01-21 23:50:00+00:00,6415.0,6420.0,108.84866822167831,544.2433411083915,0.0005455962587685113,16,v3_long,weekend_exit,False,A,True,0.015354637568199532,0.0051648718723654695,0.00021044427123928294,0.15228426395939088,0.8477157360406091
LKOH,1,2022-01-26 19:50:00+00:00,2022-01-26 22:00:00+00:00,6556.0,6625.5,106.56576830092163,7406.320896914053,0.007420683343502135,13,v3_long,opposite_signal,False,A,True,0.01906504995043087,0.005073637782726908,0.00039807824296499654,0.048,0.952
LKOH,1,2022-02-01 19:50:00+00:00,2022-02-02 06:50:00+00:00,6937.0,6975.0,101.460227996062,3855.4886638503563,0.0038345105953582243,66,v3_long,timeout,False,A,True,0.012036903560616981,0.0031184450138711964,0.0002580366152515497,0.08383233532934131,0.9161676646706587
LKOH,-1,2022-02-07 21:00:00+00:00,2022-02-08 07:00:00+00:00,6969.0,6956.0,101.38161051418818,1317.9609366844463,0.0013057827521882625,60,v3_short,timeout,False,A,True,0.00746161572679007,0.00318319320840691,-5.237480269766107e-05,0.6346153846153846,0.36538461538461536
LKOH,1,2022-02-11 19:30:00+00:00,2022-02-11 21:30:00+00:00,6833.5,6765.165,103.52689197761855,-7074.510163290567,-0.007000000000000003,12,v3_long,sl,False,A,True,0.012814879906268306,0.00381980560238155,-0.000229203280609256,0.2742857142857143,0.7257142857142858
LKOH,1,2022-02-15 20:20:00+00:00,2022-02-16 06:50:00+00:00,6953.5,7028.0,101.02809509092587,7526.593084273977,0.007499820234414324,63,v3_long,timeout,False,A,True,0.01890726096333573,0.003441951906571399,0.0003493889288281812,0.057034220532319393,0.9429657794676806
LKOH,-1,2022-02-17 19:40:00+00:00,2022-02-17 23:10:00+00:00,6752.0,6694.5,104.82338186814943,6027.344457418592,0.005961196682464456,21,v3_short,opposite_signal,False,A,True,0.019468502479828263,0.00424206991257529,-0.0004900436745873121,0.7756653992395437,0.22433460076045628
LKOH,-1,2022-09-16 13:20:00+00:00,2022-09-16 15:50:00+00:00,4565.5,4497.0175,155.94931891226324,10679.79923240908,0.010500000000000013,15,v3_short,tp,False,A,True,0.01708465666411127,0.00347846947343169,,0.8141025641025641,0.1858974358974359
LKOH,-1,2022-09-23 21:40:00+00:00,2022-09-23 23:50:00+00:00,3947.0,3948.5,182.2808398673991,-273.42125980109864,-0.00026602482898403855,13,v3_short,weekend_exit,False,A,True,0.013936399341188396,0.0041886766108952134,-0.00024071962498416316,0.9454545454545454,0.05454545454545454
LKOH,-1,2022-09-27 22:10:00+00:00,2022-09-28 09:50:00+00:00,3831.0,3840.0,187.7502166731306,-1689.7519500581755,-0.0016444792482380578,70,v3_short,timeout,False,A,True,0.01605324980422866,0.005486924605394233,-0.00018271991647089532,0.926829268292683,0.07317073170731707
LKOH,1,2022-10-05 21:50:00+00:00,2022-10-06 09:50:00+00:00,4083.0,4123.0,175.87270480277314,7034.9081921109255,0.006857702669605683,72,v3_long,timeout,False,A,True,0.010779029887310143,0.0035696787289143978,0.00022782949534541893,0.07954545454545454,0.9204545454545454
LKOH,-1,2022-10-12 13:20:00+00:00,2022-10-12 13:50:00+00:00,4194.0,4235.94,172.39215294330003,-7230.126894441934,-0.006999999999999933,3,v3_short,sl,False,A,True,0.03314258464473057,0.005012830120126258,,0.381294964028777,0.6187050359712231
LKOH,-1,2022-10-18 13:20:00+00:00,2022-10-18 15:50:00+00:00,4260.0,4302.6,168.5332395817115,-7179.516006180972,-0.00700000000000006,15,v3_short,sl,False,A,True,0.018544600938967135,0.004080035770176615,,0.6708860759493671,0.3291139240506329
LKOH,-1,2022-10-27 13:20:00+00:00,2022-10-27 21:20:00+00:00,4703.0,4727.0,151.58961076201663,-3638.1506582883994,-0.003572187965128641,48,v3_short,timeout,False,A,True,0.02614240170031881,0.0033146095845351955,,0.9024390243902439,0.0975609756097561
LKOH,-1,2023-04-11 13:20:00+00:00,2023-04-11 16:40:00+00:00,4680.0,4609.8,151.79043460533384,10655.688509294409,0.010499999999999973,20,v3_short,tp,False,A,True,0.012498664672577715,0.002904655078568122,,0.8461538461538461,0.15384615384615385
LKOH,-1,2023-05-03 13:20:00+00:00,2023-05-03 17:50:00+00:00,4619.5,4550.2074999999995,155.39305463999753,10767.573238642102,0.010500000000000074,27,v3_short,tp,False,A,True,0.025327416387054876,0.004788190847288152,,0.8418803418803419,0.1581196581196581
LKOH,-1,2023-05-31 13:20:00+00:00,2023-05-31 21:20:00+00:00,5575.5,5567.5,130.10053218124256,1040.8042574499405,0.0010043942247332078,48,v3_short,timeout,False,A,True,0.015965557449098573,0.0033400390383079414,,0.7921348314606742,0.20786516853932585
LKOH,1,2023-06-07 13:20:00+00:00,2023-06-07 21:20:00+00:00,5103.0,5092.0,142.2896492566594,-1565.1861418232534,-0.0015089163237311386,48,v3_long,timeout,False,A,True,0.01509359992159169,0.003925082725435563,,0.2077922077922078,0.7922077922077922
LKOH,-1,2023-08-01 13:20:00+00:00,2023-08-01 14:10:00+00:00,5957.5,6017.075,121.69676036214126,-7250.084498574543,-0.0069999999999999785,5,v3_short,sl,False,A,True,0.012927054478301015,0.0033256986165573423,,0.9675324675324676,0.032467532467532464
LKOH,-1,2023-08-02 13:20:00+00:00,2023-08-02 21:20:00+00:00,6078.5,6054.5,118.43931738232368,2842.5436171757683,0.002763839763099449,48,v3_short,timeout,False,A,True,0.02138157894736842,0.0035910087719298244,,0.9115384615384615,0.08846153846153847
LKOH,-1,2023-09-21 13:20:00+00:00,2023-09-21 21:20:00+00:00,6405.0,6390.5,112.7124389134235,1634.3303642446408,0.0015846994535519126,48,v3_short,timeout,False,A,True,0.011787665886026541,0.0036020965763354524,,0.695364238410596,0.304635761589404
LKOH,-1,2023-09-22 13:20:00+00:00,2023-09-22 15:50:00+00:00,6427.5,6491.775,112.49586969979754,-7230.672024954446,-0.00699999999999996,15,v3_short,sl,False,A,True,0.02178310253617551,0.0036564493542866035,,0.875,0.125
LKOH,-1,2023-10-05 13:20:00+00:00,2023-10-05 21:20:00+00:00,6728.5,6697.5,106.71111422723945,3308.044541044423,0.003225087315151966,48,v3_short,timeout,False,A,True,0.014120095124851368,0.0036202649906573806,,0.8789473684210526,0.12105263157894737
LKOH,-1,2024-05-28 13:20:00+00:00,2024-05-28 21:20:00+00:00,7638.5,7612.5,94.30141562567411,2451.8368062675268,0.002382666753943837,48,v3_short,timeout,False,A,True,0.030314934852353828,0.005443780340657182,,0.896328293736501,0.10367170626349892
LKOH,-1,2024-08-21 21:40:00+00:00,2024-08-22 09:50:00+00:00,6292.0,6314.0,114.75487110951985,-2524.607164409437,-0.0024475524475524473,73,v3_short,timeout,False,A,True,0.009932459276916964,0.003201089732674953,0.0002566547477155344,0.88,0.12
LKOH,-1,2024-09-05 13:20:00+00:00,2024-09-05 21:20:00+00:00,6332.5,6274.0,113.74187508977691,6653.899692751949,0.006466640347414133,48,v3_short,timeout,False,A,True,0.018081326490327676,0.0031620701972063995,,0.851528384279476,0.14847161572052403
LKOH,-1,2024-09-24 13:20:00+00:00,2024-09-24 21:20:00+00:00,7017.0,6963.0,103.31026846101449,5578.754496894782,0.005386917486105173,48,v3_short,timeout,False,A,True,0.026366422005273286,0.004051674115096049,,0.8189189189189189,0.1810810810810811
LKOH,-1,2024-11-01 13:20:00+00:00,2024-11-01 21:20:00+00:00,6786.0,6826.0,107.40248775991233,-4296.099510396493,-0.004126142057176541,48,v3_short,timeout,False,A,True,0.016357206012378427,0.0032630205043998146,,0.5900900900900901,0.4099099099099099
LKOH,-1,2025-02-18 13:20:00+00:00,2025-02-18 14:50:00+00:00,7753.0,7830.53,93.61872981832677,-7258.260122814851,-0.006999999999999977,9,v3_short,sl,False,A,True,0.016121751467079382,0.003740246340362417,,0.808,0.192
LKOH,1,2025-02-26 21:00:00+00:00,2025-02-27 06:50:00+00:00,7545.5,7570.0,95.5198767736422,2340.236980954234,0.0022728778742296734,59,v3_long,timeout,False,A,True,0.01437847866419295,0.003718688641637413,-0.00031871190034455337,0.05069124423963134,0.9493087557603687
LKOH,1,2025-02-27 19:30:00+00:00,2025-02-28 06:50:00+00:00,7510.0,7497.0,96.18953343304726,-1250.4639346296144,-0.0012117177097203727,68,v3_long,timeout,False,A,True,0.01897091126938694,0.0034491330979572817,-8.453704320042602e-05,0.26666666666666666,0.7333333333333333
LKOH,-1,2025-03-07 22:50:00+00:00,2025-03-07 23:50:00+00:00,7242.0,7225.0,99.62828933001164,1693.680918610198,0.0016431924882629107,6,v3_short,weekend_exit,False,A,True,0.01297894373489817,0.0032010595056110123,-0.0001836382464618571,0.8723404255319149,0.1276595744680851
LKOH,-1,2025-04-07 20:30:00+00:00,2025-04-08 06:50:00+00:00,6390.0,6399.5,113.09759749154485,-1074.427176169676,-0.0010406885758998436,62,v3_short,timeout,False,A,True,0.02269170579029734,0.006446616205167513,-2.895148669796557e-05,0.5793103448275863,0.4206896551724138
LKOH,1,2025-04-08 19:40:00+00:00,2025-04-08 20:00:00+00:00,6388.5,6324.615,113.00642544379005,-7219.4154894765525,-0.007000000000000024,2,v3_long,sl,False,A,True,0.014954588161603508,0.0032357133269844108,-1.644221735045412e-05,0.17277486910994763,0.8272251308900523
LKOH,-1,2025-04-11 19:20:00+00:00,2025-04-11 23:50:00+00:00,6517.5,6508.0,109.99431654852614,1044.9460072109985,0.0010203298810893748,27,v3_short,weekend_exit,False,A,True,0.010663598005370157,0.003032651495580971,7.59493670886076e-05,0.9640287769784173,0.03597122302158273
LKOH,-1,2025-04-18 19:30:00+00:00,2025-04-18 23:50:00+00:00,6627.0,6629.5,108.28722201751424,-270.7180550437856,-0.00026407122378149995,26,v3_short,weekend_exit,False,A,True,0.014938886373924853,0.003635406176956976,-0.00022483778481967708,0.8131313131313131,0.18686868686868688
LKOH,-1,2025-04-30 22:40:00+00:00,2025-05-02 06:50:00+00:00,6684.0,6685.0,107.33541557024778,-107.33541557024778,-0.0001047277079593058,193,v3_short,timeout,False,A,True,0.01331538001196888,0.003202896957705883,-1.3464991023339318e-05,0.9325842696629213,0.06741573033707865
LKOH,-1,2025-05-27 10:50:00+00:00,2025-05-27 19:00:00+00:00,6449.5,6464.5,111.22641799839319,-1668.396269975898,-0.0016280331808667338,49,v3_short,timeout,False,A,True,0.017365687262578495,0.003120396929994573,-4.4964725947747884e-05,0.6964285714285714,0.30357142857142855
LKOH,-1,2025-10-07 10:50:00+00:00,2025-10-07 19:00:00+00:00,6142.0,6126.5,116.60483645256492,1807.3749650147563,0.0017665255617062845,49,v3_short,timeout,False,A,True,0.013512413512413512,0.0031847781847781846,8.140008140008141e-06,0.8012048192771084,0.19879518072289157
LKOH,-1,2025-10-17 10:20:00+00:00,2025-10-17 14:00:00+00:00,6181.5,6243.3150000000005,116.06439666216356,-7174.520679671699,-0.0070000000000000565,22,v3_short,sl,False,A,True,0.011404998786702257,0.0032239054321073247,-1.61773032435493e-06,0.7304964539007093,0.2695035460992908
GMKN,-1,2022-01-21 11:00:00+00:00,2022-01-21 14:20:00+00:00,221.5,223.715,3160.270880361174,-7000.000000000011,-0.0070000000000000106,20,v3_short,sl,False,A,True,0.01444173661882849,0.005274844300027067,-0.000184132141890059,0.6999999999999991,0.3000000000000009
GMKN,1,2022-01-21 21:10:00+00:00,2022-01-21 23:50:00+00:00,220.74,221.0,3148.9535199782545,818.7279151943176,0.0008244994110718203,16,v3_long,weekend_exit,False,A,True,0.01567454924345387,0.0039015334320735727,9.966476397572009e-05,0.17919075144508761,0.8208092485549124
GMKN,-1,2022-01-25 19:30:00+00:00,2022-01-25 21:30:00+00:00,211.04,213.1504,3296.4040444495645,-6956.731095406356,-0.006999999999999996,12,v3_short,sl,False,A,True,0.013740168672415454,0.004020522261780676,-0.00019141476357433733,0.7379310344827524,0.2620689655172475
GMKN,1,2022-01-28 19:50:00+00:00,2022-01-28 23:50:00+00:00,220.44,220.82,3133.747948529539,1190.8242204412106,0.0012066775539829287,24,v3_long,weekend_exit,False,A,True,0.007348938486663058,0.0032402727013505564,-5.988023952096035e-05,0.18518518518519167,0.8148148148148083
GMKN,-1,2022-02-01 11:10:00+00:00,2022-02-01 11:30:00+00:00,218.92,221.1092,3159.313789183996,-6916.369747281603,-0.006999999999999998,2,v3_short,sl,False,A,True,0.012606193477665072,0.0035064049862624726,-0.00014159130355348602,0.9782608695652165,0.021739130434783503
GMKN,1,2022-02-02 19:50:00+00:00,2022-02-02 20:40:00+00:00,216.24,217.3,3176.079892272767,3366.6446858091404,0.0034313725490196147,5,v3_long,opposite_signal,False,A,True,0.013137200481080597,0.003341886296566912,-0.00022666296604681178,0.43661971830986185,0.5633802816901382
GMKN,-1,2022-02-10 13:10:00+00:00,2022-02-10 14:00:00+00:00,226.02,228.2802,3049.076042762276,-6891.521671851288,-0.0069999999999999915,5,v3_short,sl,False,A,True,0.024237063246351127,0.0034567843758001936,,0.6386861313868625,0.36131386861313747
GMKN,-1,2022-02-10 19:20:00+00:00,2022-02-10 21:30:00+00:00,226.36,225.2,3023.1847588568376,3506.894320274007,0.003587206220180321,13,v3_short,opposite_signal,False,A,True,0.014305898975627028,0.0036350463887427154,-8.389261744966344e-05,0.8209876543209931,0.17901234567900692
GMKN,1,2022-02-10 21:50:00+00:00,2022-02-11 06:50:00+00:00,225.42,224.5,3046.6814303922706,-2802.9469159608507,-0.0028568893620796345,54,v3_long,timeout,False,A,True,0.013578274760383396,0.0033180471336564407,0.00014465743698970494,0.1176470588235245,0.8823529411764756
GMKN,-1,2022-02-14 20:30:00+00:00,2022-02-14 22:00:00+00:00,220.9,217.5865,3100.1397247526165,10272.31297796781,0.010500000000000015,9,v3_short,tp,False,A,True,0.014124038026256244,0.004050221265509383,0.00035581711181530167,0.6666666666666697,0.3333333333333303
GMKN,-1,2022-02-14 23:00:00+00:00,2022-02-15 07:00:00+00:00,220.8,221.74,3134.109983163181,-2946.063384173383,-0.0029800724637681084,48,v3_short,timeout,False,A,True,0.015940585091930127,0.00387239398974879,0.00013404582918214095,0.9431818181818216,0.05681818181817842
GMKN,-1,2022-02-16 11:20:00+00:00,2022-02-16 13:20:00+00:00,224.0,220.64,3080.130535328165,10349.238598702677,0.010500000000000042,12,v3_short,tp,False,A,True,0.014550973040528437,0.003114523200222174,6.248884127833707e-06,0.7668711656441739,0.23312883435582607
GMKN,-1,2022-02-17 13:20:00+00:00,2022-02-17 17:50:00+00:00,221.6,218.27599999999998,3146.180987963,10457.905603989051,0.010500000000000037,27,v3_short,tp,False,A,True,0.01858870240028878,0.004097658943354661,,0.9417475728155318,0.058252427184468165
GMKN,-1,2022-09-29 23:40:00+00:00,2022-09-30 09:50:00+00:00,123.0,123.88,5727.758055734904,-5040.42708904669,-0.005008130081300787,61,v3_short,timeout,False,A,True,0.00861928768905515,0.004487207145014453,-0.00020816392909416183,0.9433962264150924,0.05660377358490768
GMKN,-1,2022-10-13 13:20:00+00:00,2022-10-13 15:40:00+00:00,127.86,125.9421,5482.449099742379,10514.789128395925,0.010500000000000016,14,v3_short,tp,False,A,True,0.021892103205629485,0.0046464872109907365,,0.6428571428571392,0.35714285714286076
GMKN,-1,2022-10-27 13:20:00+00:00,2022-10-27 14:40:00+00:00,133.42,131.41869999999997,5309.1462620517,10625.194414244146,0.010500000000000079,8,v3_short,tp,False,A,True,0.022048897555122227,0.004206932510517321,,0.8707482993197196,0.12925170068028033
GMKN,-1,2022-10-31 22:20:00+00:00,2022-11-01 09:50:00+00:00,137.64,138.0,5200.40635260759,-1872.1462869388033,-0.0018308631211857713,69,v3_short,timeout,False,A,True,0.007993024269728196,0.003069677224181356,0.0002136317395727405,0.7636363636363448,0.23636363636365515
GMKN,-1,2022-11-22 13:20:00+00:00,2022-11-22 21:20:00+00:00,148.32,148.02,4817.107793770574,1445.1323381310901,0.0014158576051779134,48,v3_short,timeout,False,A,True,0.021038435603506433,0.004090806922904035,,0.92948717948718,0.07051282051282004
GMKN,-1,2022-11-23 13:20:00+00:00,2022-11-23 21:20:00+00:00,148.6,147.58,4814.838631283602,4911.135403909187,0.004804845222072593,48,v3_short,timeout,False,A,True,0.014128094725511457,0.0031203547080834427,,0.9047619047618977,0.09523809523810232
GMKN,-1,2022-12-20 13:20:00+00:00,2022-12-20 21:20:00+00:00,148.76,147.78,4832.769665175313,4736.114271871757,0.0046114546921214895,48,v3_short,timeout,False,A,True,0.021914493143318038,0.0032842930127146377,,0.8282208588957043,0.17177914110429565
GMKN,-1,2023-03-17 13:20:00+00:00,2023-03-17 21:20:00+00:00,145.78,145.58,4954.301655794964,990.8603311589364,0.0009603512141582661,48,v3_short,timeout,False,A,True,0.019344217313760414,0.0033514297473688213,,0.8652482269503559,0.1347517730496441
GMKN,-1,2023-08-01 13:20:00+00:00,2023-08-01 19:40:00+00:00,170.88,168.3168,4230.639616184463,10843.975464203993,0.010499999999999978,38,v3_short,tp,False,A,True,0.02621722846441958,0.0044587123238808875,,0.9196428571428544,0.08035714285714557
GMKN,-1,2023-08-04 13:20:00+00:00,2023-08-04 15:10:00+00:00,168.4,165.874,4338.019480038859,10957.837206578202,0.010500000000000042,11,v3_short,tp,False,A,True,0.013301662707838533,0.0031387852052935333,,0.8482142857142848,0.1517857142857152
GMKN,-1,2023-08-15 13:20:00+00:00,2023-08-15 21:20:00+00:00,164.06,163.2,4499.530455218509,3869.596191487979,0.0036693892478362154,48,v3_short,timeout,False,A,True,0.02145818093148002,0.004696879971203301,,0.7386363636363659,0.2613636363636342
GMKN,-1,2024-05-23 13:20:00+00:00,2024-05-23 14:20:00+00:00,149.6,151.096,4952.551362414373,-7409.016838171949,-0.0070000000000000435,6,v3_short,sl,False,A,True,0.028735632183908125,0.005689846106846899,,0.6744186046511623,0.3255813953488377
GMKN,-1,2024-06-11 13:20:00+00:00,2024-06-11 13:40:00+00:00,140.0,137.9,5255.109800217641,11035.730580457017,0.010499999999999971,2,v3_short,tp,False,A,True,0.0257106127696043,0.0034756939484835497,,0.850000000000002,0.14999999999999802
GMKN,-1,2024-06-18 13:20:00+00:00,2024-06-18 18:10:00+00:00,139.14,137.0529,5343.11041711075,11151.605751551806,0.010499999999999962,29,v3_short,tp,False,A,True,0.01193386053199135,0.0038204785868337357,,0.9277108433734911,0.07228915662650891
GMKN,-1,2024-07-16 13:20:00+00:00,2024-07-16 17:50:00+00:00,124.38,125.6238,6039.930113063806,-7512.465074628806,-0.007000000000000042,27,v3_short,sl,False,A,True,0.018652516481749537,0.00496941017925098,,0.7672413793103429,0.23275862068965714
GMKN,-1,2024-08-15 13:20:00+00:00,2024-08-15 21:20:00+00:00,125.8,125.22,5929.950571626677,3439.3713315434625,0.003227344992050865,48,v3_short,timeout,False,A,True,0.012241653418124056,0.0033386327503974484,,0.7402597402597376,0.2597402597402624
GMKN,-1,2024-09-06 13:20:00+00:00,2024-09-06 21:20:00+00:00,105.8,106.38,7073.679979609795,-4102.734388173669,-0.0038374291115311795,48,v3_short,timeout,False,A,True,0.016071090943467602,0.0036643888033564723,,0.7647058823529382,0.23529411764706176
GMKN,-1,2024-09-20 13:20:00+00:00,2024-09-20 18:20:00+00:00,111.98,110.30030000000001,6657.648042248569,11182.851416564901,0.01049999999999998,30,v3_short,tp,False,A,True,0.01250446588067172,0.0038108848398237323,,0.9857142857142887,0.014285714285711385
GMKN,-1,2024-10-01 22:10:00+00:00,2024-10-02 09:50:00+00:00,111.1,110.64,6780.840897953109,3119.1868130583875,0.002898289828982859,70,v3_short,timeout,False,A,True,0.012421242124212509,0.003196237991146047,-0.00024482448244824215,0.7826086956521672,0.2173913043478328
GMKN,-1,2024-10-31 23:40:00+00:00,2024-11-01 09:50:00+00:00,98.92,99.4,7637.837186936222,-3666.1618497294166,-0.0033966841892438607,61,v3_short,timeout,False,A,True,0.00950070749949462,0.0032672862959616813,7.277137659187375e-05,0.9787234042553233,0.02127659574467667
GMKN,-1,2024-11-22 13:20:00+00:00,2024-11-22 18:20:00+00:00,109.24,107.6014,6892.791479649583,11294.528118553784,0.010499999999999978,30,v3_short,tp,False,A,True,0.01628843338213764,0.004218085477236279,,0.6966292134831428,0.3033707865168572
GMKN,-1,2025-01-10 13:20:00+00:00,2025-01-10 13:40:00+00:00,112.18,113.30180000000001,6782.62355963548,-7608.747109199132,-0.007000000000000046,2,v3_short,sl,False,A,True,0.01497593153859874,0.0038883087554865098,,0.6904761904761941,0.3095238095238059
GMKN,-1,2025-01-16 13:20:00+00:00,2025-01-16 21:20:00+00:00,119.98,119.32,6297.287780825712,4156.209935345038,0.0038506417736290017,48,v3_short,timeout,False,A,True,0.017000000000000053,0.0039444444444444605,,0.7254901960784311,0.2745098039215689
GMKN,-1,2025-01-21 13:20:00+00:00,2025-01-21 14:30:00+00:00,124.1,122.23849999999999,6111.667485078246,11376.869023473195,0.010500000000000037,7,v3_short,tp,False,A,True,0.01208313194780087,0.004196490905045761,,0.7333333333333295,0.26666666666667044
GMKN,1,2025-01-29 19:40:00+00:00,2025-01-30 06:50:00+00:00,121.84,121.78,6290.395134722927,-377.4237080833899,-0.00034471437951412985,67,v3_long,timeout,False,A,True,0.010669730794484663,0.0030685944765299605,0.00010341431385423432,0.18461538461539,0.81538461538461
GMKN,-1,2025-02-06 20:50:00+00:00,2025-02-07 06:50:00+00:00,121.64,121.86,6298.565822254055,-1385.684480895885,-0.001266030910884571,60,v3_short,timeout,False,A,True,0.0070723684210526275,0.0032592642320085816,4.934210526315977e-06,0.5813953488372097,0.41860465116279033
GMKN,-1,2025-03-05 10:50:00+00:00,2025-03-05 12:30:00+00:00,140.32,141.7232,5453.161113756813,-7651.875674823551,-0.0069999999999999915,10,v3_short,sl,False,A,True,0.014395667046750358,0.0045966362599772085,-0.00017388825541618736,0.821782178217816,0.17821782178218407
GMKN,1,2025-03-05 19:20:00+00:00,2025-03-05 21:30:00+00:00,140.64,139.2336,5402.668191908274,-7598.312545099747,-0.006999999999999955,13,v3_long,sl,False,A,True,0.011232759846438308,0.003572081470153791,0.00021612398691880872,0.1392405063291121,0.8607594936708879
GMKN,-1,2025-03-06 20:30:00+00:00,2025-03-07 06:50:00+00:00,136.72,136.46,5518.669073496268,1434.8539591089793,0.0013311878291398013,62,v3_short,timeout,False,A,True,0.015947329919531874,0.003998029350730787,-0.0001638624725676671,0.5137614678899087,0.48623853211009127
GMKN,-1,2025-03-11 20:10:00+00:00,2025-03-11 21:10:00+00:00,136.44,135.76,5537.355859716989,3765.40198460759,0.0034887129873937607,6,v3_short,opposite_signal,False,A,True,0.010407505130460184,0.0035808518658122794,-0.00020668425681617827,0.6056338028168964,0.3943661971831037
GMKN,1,2025-03-18 20:30:00+00:00,2025-03-18 20:50:00+00:00,133.94,132.6006,5660.389837905116,-7581.52614889018,-0.007000000000000062,2,v3_long,sl,False,A,True,0.021349656613914702,0.0036715193691689994,-2.2394744699907025e-05,0.17482517482517398,0.825174825174826
GMKN,-1,2025-03-27 13:00:00+00:00,2025-03-27 17:30:00+00:00,125.08,123.2038,6018.912268826257,11292.683198771807,0.010499999999999985,27,v3_short,tp,False,A,True,0.018545163868904938,0.0039665564845421,,0.8620689655172387,0.13793103448276137
GMKN,-1,2025-03-28 10:20:00+00:00,2025-03-28 11:50:00+00:00,123.16,122.4,6176.927775445993,4694.465109338898,0.004319584280610536,9,v3_short,opposite_signal,False,A,True,0.015264696329977229,0.004113889791057703,-7.95712893796679e-05,0.8191489361702106,0.1808510638297895
GMKN,1,2025-03-28 20:30:00+00:00,2025-03-28 23:50:00+00:00,121.72,121.56,6277.000907003498,-1004.3201451205382,-0.0009201445941504897,20,v3_long,weekend_exit,False,A,True,0.022014128470510864,0.004274750807173528,1.1499917857728467e-05,0.11194029850746194,0.8880597014925381
GMKN,-1,2025-04-02 10:30:00+00:00,2025-04-02 10:50:00+00:00,121.44,121.3,6285.684505096191,879.9958307134704,0.0008069828722002669,2,v3_short,opposite_signal,False,A,True,0.015316205533596833,0.0036531321116301265,3.2938076416340095e-05,0.7096774193548353,0.29032258064516475
GMKN,-1,2025-04-02 11:10:00+00:00,2025-04-02 11:10:00+00:00,121.3,120.64,6298.017505196874,4156.691553429915,0.0038087386644682407,0,v3_short,opposite_signal,False,A,True,0.015164001977913212,0.003911450342965087,2.802043843744643e-05,0.6413043478260867,0.3586956521739133
GMKN,-1,2025-04-02 21:10:00+00:00,2025-04-02 22:50:00+00:00,119.5,120.69500000000001,6417.231861655077,-7668.592074677865,-0.007000000000000043,10,v3_short,sl,False,A,True,0.018069265517818393,0.004271476032273374,-0.0003128659862807436,0.916666666666664,0.08333333333333608
GMKN,-1,2025-04-03 12:30:00+00:00,2025-04-03 12:50:00+00:00,120.18,121.38180000000001,6336.255558458206,-7614.911930155108,-0.007000000000000032,2,v3_short,sl,False,A,True,0.014311865535030777,0.0032500269204037047,,0.8604651162790726,0.13953488372092734
GMKN,-1,2025-04-04 10:40:00+00:00,2025-04-04 11:20:00+00:00,117.02,116.64,6461.807850490504,2455.486983186362,0.0022731157067167732,4,v3_short,opposite_signal,False,A,True,0.014529914529914555,0.004325529542920852,0.00012307692307692532,0.7764705882352888,0.2235294117647112
GMKN,-1,2025-04-04 11:40:00+00:00,2025-04-04 11:40:00+00:00,116.82,116.4,6487.584279683524,2724.785397466999,0.002516692347200747,0,v3_short,opposite_signal,False,A,True,0.013182674199623285,0.004280089025851747,,0.7272727272727247,0.27272727272727526
GMKN,-1,2025-04-04 12:20:00+00:00,2025-04-04 12:30:00+00:00,117.02,116.42,6492.795636052437,3895.6773816314253,0.0035891300632370196,1,v3_short,opposite_signal,False,A,True,0.013160143565202462,0.004288311244387137,,0.8571428571428571,0.14285714285714285
GMKN,-1,2025-04-11 19:20:00+00:00,2025-04-11 23:50:00+00:00,116.54,117.1,6542.937356255347,-3664.0449195029164,-0.0033636519649904895,27,v3_short,weekend_exit,False,A,True,0.01664378860672613,0.0041880856666619976,4.9759780370623206e-05,0.7319587628865997,0.26804123711340033
GMKN,-1,2025-04-17 11:30:00+00:00,2025-04-17 18:00:00+00:00,114.08,112.3688,6661.545302019163,11399.236320815226,0.010500000000000032,39,v3_short,tp,False,A,True,0.014901823281907459,0.0030805449809657394,,0.847058823529409,0.152941176470591
GMKN,-1,2025-04-18 10:30:00+00:00,2025-04-18 11:10:00+00:00,114.22,113.56,6723.240706346671,4437.33886618878,0.004044825774820501,4,v3_short,opposite_signal,False,A,True,0.010329131652661,0.0036048510313216263,-0.0002923669467787118,0.8135593220338981,0.1864406779661019
GMKN,1,2025-04-23 19:20:00+00:00,2025-04-24 06:50:00+00:00,113.56,114.2,6789.667934882433,4345.387478324761,0.0039450510743219485,69,v3_long,timeout,False,A,True,0.0077492074674180645,0.0035475267951491987,-0.0001990137372314187,0.06818181818182112,0.9318181818181789
GMKN,1,2025-04-25 20:30:00+00:00,2025-04-25 23:20:00+00:00,115.84,117.57759999999999,6682.289899171929,11611.146928801052,0.010499999999999916,17,v3_long,tp,False,A,True,0.00811464088397788,0.0033896155147141818,0.00025897790055248374,0.04255319148936846,0.9574468085106316
GMKN,1,2025-04-28 20:10:00+00:00,2025-04-28 21:40:00+00:00,118.08,116.8992,6624.358610859053,-7822.042647702403,-0.007000000000000029,9,v3_long,sl,False,A,True,0.011176968670618183,0.003818970433219865,8.975444538526692e-05,0.25757575757575873,0.7424242424242413
GMKN,-1,2025-05-06 10:40:00+00:00,2025-05-06 18:40:00+00:00,107.88,108.72,7199.933582840614,-6047.9442095861405,-0.005450500556173549,48,v3_short,timeout,False,A,True,0.017062314540059378,0.0032415172235840508,1.6691394658754343e-05,0.7173913043478211,0.28260869565217894
GMKN,1,2025-05-15 19:40:00+00:00,2025-05-16 06:50:00+00:00,110.04,110.52,7020.13153371624,3369.663136183723,0.0030534351145037513,67,v3_long,timeout,False,A,True,0.014358415121773884,0.0038687230617437812,-7.997091966557573e-05,0.20253164556962513,0.7974683544303749
GMKN,1,2025-05-22 19:40:00+00:00,2025-05-23 06:50:00+00:00,104.56,105.02,7410.616279317748,3408.883488486118,0.00307957153787295,67,v3_long,timeout,False,A,True,0.023335883703136932,0.004063675967709191,0.00010328997704667297,0.2868852459016408,0.7131147540983592
GMKN,-1,2025-05-29 11:50:00+00:00,2025-05-29 19:20:00+00:00,106.94,105.3359,7268.003147628615,11658.60384911108,0.010500000000000018,45,v3_short,tp,False,A,True,0.015522723022255571,0.003372607692787222,,0.9759036144578277,0.024096385542172284
GMKN,-1,2025-05-30 21:40:00+00:00,2025-05-30 23:50:00+00:00,106.18,106.42,7396.885282555865,-1775.2524678133698,-0.0015822188736108159,13,v3_short,weekend_exit,False,A,True,0.01808931599773885,0.0031802432674596136,-1.884303749764355e-05,0.7083333333333398,0.2916666666666602
GMKN,-1,2025-06-04 20:40:00+00:00,2025-06-04 21:40:00+00:00,112.16,111.68,6991.428339642585,3355.8856030283696,0.002995720399429323,6,v3_short,opposite_signal,False,A,True,0.012482168330955829,0.004064892718856452,0.00012125534950071448,0.8285714285714227,0.17142857142857723
GMKN,1,2025-06-04 22:10:00+00:00,2025-06-05 06:50:00+00:00,111.46,111.38,7056.41236763352,-564.5129894106695,-0.000502422393683822,52,v3_long,timeout,False,A,True,0.011306532663316628,0.004047203949778057,0.00012921751615218931,0.17460317460317298,0.825396825396827
GMKN,1,2025-06-11 19:20:00+00:00,2025-06-13 06:50:00+00:00,107.18,107.04,7334.507962342272,-1026.831114727922,-0.0009143496921067399,213,v3_long,timeout,False,A,True,0.013435342414629573,0.003107494163927929,0.0003060272438887853,0.1111111111111188,0.8888888888888812
GMKN,1,2025-06-18 20:10:00+00:00,2025-06-19 06:50:00+00:00,107.24,107.38,7323.701805515993,1025.3182527722433,0.0009138381201044425,64,v3_long,timeout,False,A,True,0.011749347258485688,0.0030753069597850404,9.697873927638603e-05,0.06349206349206188,0.9365079365079381
GMKN,-1,2025-06-19 19:20:00+00:00,2025-06-20 06:50:00+00:00,106.98,106.98,7348.209986917888,-0.0,-0.0,69,v3_short,timeout,False,A,True,0.01420560747663561,0.0033263398817470965,-0.0002504672897196268,0.8157894736842111,0.184210526315789
GMKN,-1,2025-06-26 12:30:00+00:00,2025-06-26 17:00:00+00:00,108.82,109.9082,7223.9616283815085,-7861.115044004761,-0.007000000000000004,27,v3_short,sl,False,A,True,0.011209114296214616,0.003102233175519382,,0.6393442622950718,0.36065573770492815
GMKN,-1,2025-07-09 20:10:00+00:00,2025-07-10 06:50:00+00:00,103.94,104.22,7510.185913697059,-2102.852055835185,-0.0018857032903598304,64,v3_short,timeout,False,A,True,0.01924187030979411,0.0034596097434547975,-5.964979796035945e-05,0.8699999999999974,0.13000000000000256
GMKN,-1,2025-07-16 20:10:00+00:00,2025-07-17 06:50:00+00:00,111.3,110.36,7000.329985899262,6580.310186745291,0.005911949685534577,64,v3_short,timeout,False,A,True,0.009523809523809544,0.0033665218108806915,0.00021743036837376604,0.9056603773584827,0.09433962264151728
GMKN,1,2025-07-28 20:30:00+00:00,2025-07-29 06:50:00+00:00,115.92,117.06,6761.067499666232,7707.616949619508,0.006884057971014496,62,v3_long,timeout,False,A,True,0.00983436853002071,0.004556273855297811,0.00026224982746721805,0.0701754385964897,0.9298245614035103
GMKN,-1,2025-09-16 19:30:00+00:00,2025-09-17 06:50:00+00:00,124.2,124.46,6353.770341594552,-1651.9802888145257,-0.00146537842190011,68,v3_short,timeout,False,A,True,0.016741790083709053,0.003623664533424443,-0.00015775917578879652,0.7692307692307687,0.23076923076923128
GMKN,1,2025-09-23 19:50:00+00:00,2025-09-23 21:50:00+00:00,122.34,121.1166,6440.917853718106,-7879.818902238719,-0.006999999999999989,12,v3_long,sl,False,A,True,0.014381434874979613,0.0030850712568080045,0.00025167511031214357,0.11363636363636492,0.8863636363636351
GMKN,-1,2025-09-30 19:20:00+00:00,2025-09-30 20:00:00+00:00,124.26,123.46,6297.006413908787,5037.605131127101,0.004506679542893996,4,v3_short,opposite_signal,False,A,True,0.01223832528180351,0.0038745933155870994,-0.00017069243156199484,0.8421052631578977,0.1578947368421023
GMKN,-1,2025-10-07 21:00:00+00:00,2025-10-08 06:50:00+00:00,125.58,125.94,6258.897440548614,-2253.2030785974976,-0.002006688963210699,59,v3_short,timeout,False,A,True,0.0065307422746096935,0.0030784534266079843,0.0001768079006052882,1.0,0.0
GMKN,1,2025-10-17 19:20:00+00:00,2025-10-17 23:50:00+00:00,131.9,131.52,5947.043960796638,-2259.8767051026953,-0.0020166793025018707,27,v3_long,weekend_exit,False,A,True,0.01819560272934045,0.003369899893240064,6.216830932524157e-05,0.08333333333334024,0.9166666666666597
GMKN,-1,2025-10-23 10:20:00+00:00,2025-10-23 11:20:00+00:00,126.78,128.0478,6174.737219873046,-7828.331847355012,-0.006999999999999966,6,v3_short,sl,False,A,True,0.012147026344849394,0.003508139333979357,-0.00010096229689225214,0.8311688311688286,0.16883116883117147
YNDX,-1,2022-01-06 19:20:00+00:00,2022-01-06 22:00:00+00:00,4294.0,4247.0,163.01816488122964,7661.853749417793,0.007661853749417792,16,v3_short,opposite_signal,False,A,True,0.02301206503004616,0.005686944270417907,-0.0003293427120696833,0.8886639676113363,0.11133603238866377
YNDX,1,2022-01-06 22:40:00+00:00,2022-01-07 23:50:00+00:00,4247.0,4226.6,166.0850712560849,-3388.1354536240715,-0.003362373440075288,151,v3_long,weekend_exit,False,A,True,0.01450845541476291,0.004605752046920823,-0.00012058975929153686,0.15909090909091111,0.8409090909090889
YNDX,-1,2022-01-12 21:00:00+00:00,2022-01-12 22:40:00+00:00,4432.8,4395.6,158.58861279711596,5899.496396052685,0.005874390904168894,10,v3_short,opposite_signal,False,A,True,0.01878103837471779,0.004287096328373346,6.862302483070306e-05,0.8629807692307733,0.1370192307692267
YNDX,1,2022-01-12 23:20:00+00:00,2022-01-13 07:20:00+00:00,4385.6,4380.4,161.2370599882097,-838.4327119388078,-0.0008299890550894995,48,v3_long,timeout,False,A,True,0.013084112149532628,0.003976498281099552,-3.373603829496487e-05,0.010452961672480271,0.9895470383275198
YNDX,-1,2022-02-03 20:40:00+00:00,2022-02-03 22:30:00+00:00,3585.6,3546.0,197.0477318680096,7803.0901819731625,0.007730923694779099,11,v3_short,opposite_signal,False,A,True,0.03200981485612305,0.005524270828117111,-0.00025429399955386963,0.890243902439025,0.10975609756097508
YNDX,1,2022-02-03 23:00:00+00:00,2022-02-04 07:00:00+00:00,3544.4,3597.566,200.87927731444432,10679.94765769969,0.010499999999999943,48,v3_long,tp,False,A,True,0.019185193544746643,0.005421602113365388,-0.00014332468118722543,0.18235294117647194,0.8176470588235281
YNDX,-1,2022-02-08 12:30:00+00:00,2022-02-08 14:20:00+00:00,3494.2,3529.142,205.90477759535983,-7194.724738737064,-0.007000000000000002,11,v3_short,sl,False,A,True,0.014592274678111588,0.0038980055541529865,,0.6509803921568592,0.34901960784314084
YNDX,-1,2022-02-09 22:30:00+00:00,2022-02-10 06:50:00+00:00,3734.0,3763.0,191.33266378055444,-5548.647249636078,-0.005436529191215854,50,v3_short,timeout,False,A,True,0.011247991430101767,0.004403003836778424,-5.6239957150508836e-05,0.7380952380952381,0.2619047619047619
YNDX,-1,2022-02-10 12:20:00+00:00,2022-02-10 15:40:00+00:00,3721.0,3758.21,190.95730004886994,-7105.5211348184575,-0.007000000000000007,20,v3_short,sl,False,A,True,0.01263101316850309,0.004358554640736856,,0.851063829787234,0.14893617021276595
YNDX,1,2022-09-21 22:50:00+00:00,2022-09-22 09:50:00+00:00,1894.4,1902.6,372.4547343155997,3054.1288213878497,0.0030299831081080407,66,v3_long,timeout,False,A,True,0.007398795053377021,0.006322410583512551,-0.00022196385160131062,0.24285714285714935,0.7571428571428507
YNDX,-1,2022-10-20 13:20:00+00:00,2022-10-20 16:20:00+00:00,1940.4,1911.294,364.72693200496997,10615.742082936655,0.0105,18,v3_short,tp,False,A,True,0.01864441697569018,0.0043851904173288535,,0.7955801104972416,0.2044198895027584
YNDX,-1,2022-10-25 13:20:00+00:00,2022-10-25 17:00:00+00:00,1987.0,2006.8700000000001,359.91301374962217,-7151.471583205035,-0.007000000000000041,22,v3_short,sl,False,A,True,0.018922999496728692,0.004347305102212005,,0.7978723404255339,0.20212765957446616
YNDX,1,2022-12-15 21:40:00+00:00,2022-12-16 09:50:00+00:00,1845.0,1854.8,384.9003404944476,3772.0233368455692,0.003718157181571799,73,v3_long,timeout,False,A,True,0.013008130081300813,0.004209944140257728,3.794037940379404e-05,0.5,0.5
YNDX,-1,2022-12-30 13:20:00+00:00,2022-12-30 21:20:00+00:00,1814.2,1815.6,392.8902792129025,-550.0463908980099,-0.0005401830007716374,48,v3_short,timeout,False,A,True,0.014670196337965976,0.0034036116100973728,,0.8721804511278243,0.12781954887217575
YNDX,-1,2023-01-20 13:20:00+00:00,2023-01-20 18:30:00+00:00,1894.4,1913.344,376.0539020663107,-7123.965120744175,-0.0069999999999999845,31,v3_short,sl,False,A,True,0.015093941313067294,0.0031012193773434916,,0.8111888111888154,0.18881118881118464
YNDX,1,2023-01-24 13:20:00+00:00,2023-01-24 13:40:00+00:00,1936.0,1916.6399999999999,365.3975911621375,-7074.097364899028,-0.007000000000000047,2,v3_long,sl,False,A,True,0.014567620621965103,0.0034684811004678704,,0.15602836879432921,0.8439716312056708
YNDX,-1,2023-02-01 23:00:00+00:00,2023-02-02 09:50:00+00:00,2068.4,2099.8,339.61413089077007,-10663.88370997021,-0.010626571262811866,65,v3_short,gap_sl,False,A,True,0.010637269122908811,0.004237145975303378,-0.00038680978628759314,0.9272727272727314,0.07272727272726859
YNDX,-1,2023-02-02 13:20:00+00:00,2023-02-02 21:20:00+00:00,2078.0,2082.4,334.45291132699214,-1471.5928098387958,-0.0014821944177093665,48,v3_short,timeout,False,A,True,0.022902232486528055,0.004174456541662101,,0.4831932773109253,0.5168067226890747
YNDX,-1,2023-05-04 13:20:00+00:00,2023-05-04 15:10:00+00:00,1963.2,1982.832,353.4856534080086,-6939.630347706046,-0.007000000000000022,11,v3_short,sl,False,A,True,0.021694846200855527,0.005247892597658325,,0.7746478873239453,0.22535211267605468
YNDX,-1,2023-05-04 22:50:00+00:00,2023-05-05 09:50:00+00:00,1972.8,1979.4,349.30316987388903,-2305.4009211677153,-0.00234184914841854,66,v3_short,timeout,False,A,True,0.012764664167764181,0.003144647586519154,3.6470469050756116e-05,0.9365079365079312,0.06349206349206879
YNDX,-1,2023-05-12 13:20:00+00:00,2023-05-12 21:20:00+00:00,2006.0,2002.0,342.71760363030455,1370.8704145212182,0.0013958125623130609,48,v3_short,timeout,False,A,True,0.01275917065390745,0.003313207260575663,,0.5703124999999984,0.42968750000000155
YNDX,1,2023-06-16 23:10:00+00:00,2023-06-16 23:50:00+00:00,2554.4,2547.0,269.5157853791715,-1994.4168118058938,-0.0020278734732226997,4,v3_long,weekend_exit,False,A,True,0.007907923582837564,0.003328390548201752,0.00013310366426558097,1.0,0.0
YNDX,-1,2023-06-28 13:20:00+00:00,2023-06-28 21:20:00+00:00,2456.8,2460.8,279.6544409004769,-1118.6177636019077,-0.0011396939107782482,48,v3_short,timeout,False,A,True,0.020275221887468522,0.004877840721827393,,0.7349397590361492,0.2650602409638508
YNDX,-1,2023-07-05 13:20:00+00:00,2023-07-05 21:20:00+00:00,2413.8,2395.2,284.3118725535547,5288.200829496221,0.005393984588615567,48,v3_short,timeout,False,A,True,0.02113026184951939,0.0035276291491074512,,0.8588235294117683,0.14117647058823174
YNDX,1,2023-08-23 13:20:00+00:00,2023-08-23 15:10:00+00:00,2668.0,2641.32,258.6108465331401,-6899.737385504135,-0.0069999999999999585,11,v3_long,sl,False,A,True,0.025410389026309942,0.0037442756129511283,,0.23303834808259793,0.7669616519174021
YNDX,-1,2023-08-29 13:20:00+00:00,2023-08-29 21:20:00+00:00,2703.0,2690.2,253.47536899022,3244.4847230748624,0.003314835368109555,48,v3_short,timeout,False,A,True,0.016278209396966333,0.003674929091133323,,0.8409090909090909,0.1590909090909091
YNDX,-1,2023-09-07 22:00:00+00:00,2023-09-08 09:50:00+00:00,2604.6,2585.6,263.92346682282005,5014.545869633581,0.005106350303309529,71,v3_short,timeout,False,A,True,0.013438795883888802,0.004657737768736749,-0.00020580555982184132,0.9599999999999974,0.040000000000002596
YNDX,-1,2023-10-06 13:20:00+00:00,2023-10-06 21:20:00+00:00,2498.8,2488.0,276.50281887124237,2986.230443809468,0.0030254522170642412,48,v3_short,timeout,False,A,True,0.018327330932373022,0.00497341793860403,,0.6069868995633203,0.39301310043667964
YNDX,-1,2023-11-29 13:20:00+00:00,2023-11-29 18:20:00+00:00,2624.4,2585.034,264.066302814406,10395.234076591903,0.010499999999999995,30,v3_short,tp,False,A,True,0.013488797439414758,0.003022913173804821,,0.8757062146892632,0.12429378531073672
YNDX,-1,2024-01-25 13:20:00+00:00,2024-01-25 18:00:00+00:00,2671.4,2698.114,262.14429473674534,-7002.9226895974,-0.0069999999999999845,28,v3_short,sl,False,A,True,0.016614279299506096,0.0030113826701163686,,0.8513513513513538,0.1486486486486463
YNDX,-1,2024-02-09 22:50:00+00:00,2024-02-09 23:30:00+00:00,3263.0,3295.63,213.11376741557564,-6953.902230770256,-0.007000000000000023,4,v3_short,sl,False,A,True,0.013423230156297941,0.0034586927017206046,-0.00020471958320563953,0.8675799086757955,0.13242009132420451
YNDX,-1,2024-03-04 22:10:00+00:00,2024-03-05 09:50:00+00:00,3686.0,3710.0,187.33654137696263,-4496.076993047103,-0.004557786218122627,70,v3_short,timeout,False,A,True,0.012750949538795442,0.00343273500393104,2.2246337493219555e-05,0.9829787234042514,0.01702127659574855
YNDX,-1,2024-03-22 13:20:00+00:00,2024-03-22 13:30:00+00:00,3889.6,3928.496,176.72131777569706,-6873.752376203545,-0.007000000000000034,1,v3_short,sl,False,A,True,0.024681201151789386,0.004605688429217851,,0.75,0.25
YNDX,-1,2024-04-03 13:20:00+00:00,2024-04-03 21:20:00+00:00,3913.6,3919.8,174.4081180899961,-1081.3303321580233,-0.0011089533932952245,48,v3_short,timeout,False,A,True,0.02953802125919867,0.0044265662111124225,,0.8027681660899637,0.19723183391003632
YNDX,-1,2024-04-22 23:40:00+00:00,2024-04-23 09:50:00+00:00,4282.2,4290.2,159.218784672481,-1273.750277379848,-0.0013077390126570456,61,v3_short,timeout,False,A,True,0.016770998785387316,0.004281652864827159,-0.00037045688124824903,0.9080779944289645,0.09192200557103547
YNDX,1,2024-04-24 13:20:00+00:00,2024-04-24 21:20:00+00:00,4109.8,4110.4,165.68082498669816,99.40849499192848,0.00010219475400253489,48,v3_long,timeout,False,A,True,0.020099279735254126,0.004787860248245706,,0.09443099273607927,0.9055690072639208
YNDX,1,2024-05-15 21:40:00+00:00,2024-05-16 09:50:00+00:00,4355.2,4344.8,156.3612785811964,-1626.1572972443855,-0.0016715650257163263,73,v3_long,timeout,False,A,True,0.012536737692872972,0.0032445380797433056,-0.00038712343864805377,0.2344322344322362,0.7655677655677638
YNDX,-1,2024-05-28 13:20:00+00:00,2024-05-28 17:10:00+00:00,4164.0,4101.54,163.26761055925923,10197.694955531337,0.010500000000000004,23,v3_short,tp,False,A,True,0.03107588856868387,0.005832304103197454,,0.8809891808346239,0.11901081916537619
YNDX,-1,2024-06-04 22:40:00+00:00,2024-06-05 09:50:00+00:00,4173.2,4180.4,164.61821068667388,-1185.251116944022,-0.0012077063164957042,67,v3_short,timeout,False,A,True,0.009153647081376358,0.003418313553735511,0.0004897920061343782,0.9685863874345596,0.03141361256544042
YNDX,-1,2024-06-05 13:20:00+00:00,2024-06-05 16:20:00+00:00,4192.4,4234.324,163.66640612913048,-6861.550410557663,-0.006999999999999997,18,v3_short,sl,False,A,True,0.022946283751550382,0.0044843049327354285,,0.6486486486486461,0.3513513513513539
ROSN,-1,2022-01-10 22:10:00+00:00,2022-01-10 23:00:00+00:00,603.75,600.35,1159.4202898550723,3942.028985507219,0.003942028985507219,5,v3_short,opposite_signal,False,A,True,0.008281573498964804,0.0033481218574386343,-0.0001126293995859168,0.9599999999999909,0.0400000000000091
ROSN,-1,2022-01-12 20:50:00+00:00,2022-01-13 06:50:00+00:00,629.05,625.65,1117.1757734518005,3798.3976297360964,0.0037834830299657966,60,v3_short,timeout,False,A,True,0.009856132262936065,0.003075580442812227,0.0003632461648517628,1.0,0.0
ROSN,-1,2022-01-14 10:20:00+00:00,2022-01-14 12:20:00+00:00,608.55,599.42175,1159.178865550358,10581.274479460033,0.010499999999999978,12,v3_short,tp,False,A,True,0.013059548254620197,0.003832991101984951,6.160164271047228e-05,0.899371069182382,0.10062893081761806
ROSN,1,2022-01-21 20:10:00+00:00,2022-01-21 23:50:00+00:00,567.6,564.8,1255.8583346833905,-3516.403337113579,-0.0034531360112756305,22,v3_long,weekend_exit,False,A,True,0.02854625550660801,0.005144295603704048,0.0003947136563876668,0.2839506172839512,0.7160493827160488
ROSN,-1,2022-01-28 20:00:00+00:00,2022-01-28 22:10:00+00:00,569.4,566.1,1247.5653467339532,4116.965644221988,0.004056902002107426,13,v3_short,opposite_signal,False,A,True,0.011239901650860515,0.0053385948689275604,0.00010800842992623577,0.6328124999999951,0.3671875000000049
ROSN,-1,2022-02-01 11:50:00+00:00,2022-02-01 16:10:00+00:00,576.7,582.4670000000001,1236.7705642123606,-7132.455843812749,-0.007000000000000064,26,v3_short,sl,False,A,True,0.014652332235130995,0.003410207502456525,,0.7869822485207166,0.21301775147928342
ROSN,1,2022-02-02 19:40:00+00:00,2022-02-03 06:50:00+00:00,572.6,575.0,1236.9068552053777,2968.5764524928786,0.002933985330073322,67,v3_long,timeout,False,A,True,0.014755959137344007,0.003234158414959457,-6.985069414124921e-06,0.09467455621302531,0.9053254437869747
ROSN,-1,2022-02-03 11:30:00+00:00,2022-02-03 13:00:00+00:00,573.55,564.94675,1238.481159109658,10654.963032110169,0.010500000000000004,9,v3_short,tp,False,A,True,0.016389155261093153,0.003309588153978326,,0.8563829787234015,0.1436170212765985
ROSN,-1,2022-10-20 13:20:00+00:00,2022-10-20 21:20:00+00:00,311.95,309.4,2300.975614456873,5867.487816865052,0.005722070844686675,48,v3_short,timeout,False,A,True,0.02019554415771762,0.004961112510399238,,0.912698412698411,0.08730158730158895
ROSN,-1,2022-10-27 13:20:00+00:00,2022-10-27 21:20:00+00:00,346.95,344.0,2080.693426723237,6138.045608833525,0.005951866263150287,48,v3_short,timeout,False,A,True,0.02954742000576535,0.004598553171628971,,0.9024390243902439,0.0975609756097561
ROSN,-1,2022-11-16 13:20:00+00:00,2022-11-16 18:00:00+00:00,344.05,338.88925,2110.7200009527987,10892.89824491717,0.010500000000000013,28,v3_short,tp,False,A,True,0.01874727510536256,0.0029895986878983563,,0.8604651162790731,0.13953488372092696
ROSN,-1,2023-05-05 13:20:00+00:00,2023-05-05 21:20:00+00:00,382.0,378.5,1920.990170416891,6723.465596459118,0.006413612565445025,48,v3_short,timeout,False,A,True,0.01832460732984293,0.003409374220892534,,0.8571428571428571,0.14285714285714285
ROSN,-1,2023-05-31 13:20:00+00:00,2023-05-31 17:00:00+00:00,443.8,448.238,1664.0934452834022,-7385.246710167719,-0.006999999999999981,22,v3_short,sl,False,A,True,0.033119297059817476,0.005594983290150567,,0.8503401360544224,0.14965986394557756
ROSN,-1,2023-08-15 13:20:00+00:00,2023-08-15 13:20:00+00:00,548.6,554.086,1336.7754253001394,-7333.549983196552,-0.006999999999999987,0,v3_short,sl,False,A,True,0.034451330659861425,0.005550926167039914,,0.9312169312169335,0.06878306878306646
ROSN,-1,2023-09-06 13:20:00+00:00,2023-09-06 21:20:00+00:00,578.65,580.4,1258.4835623112742,-2202.34623404473,-0.0021169964572712347,48,v3_short,timeout,False,A,True,0.020916162489196238,0.0030621064328929535,,0.7024793388429739,0.29752066115702613
ROSN,-1,2023-09-22 13:20:00+00:00,2023-09-22 17:30:00+00:00,509.7,514.797,1425.7011398226164,-7266.798709675928,-0.00700000000000005,25,v3_short,sl,False,A,True,0.0269766529330979,0.005016956753272226,,0.8690909090909082,0.13090909090909172
ROSN,-1,2023-10-27 13:20:00+00:00,2023-10-27 13:30:00+00:00,590.15,581.29775,1222.7283095328553,10823.89667806225,0.010500000000000032,1,v3_short,tp,False,A,True,0.014064220960772608,0.0034656241552793224,,0.7771084337349358,0.2228915662650642
ROSN,-1,2023-11-17 13:20:00+00:00,2023-11-17 15:00:00+00:00,574.15,579.8915,1269.9988496829367,-7291.698395454548,-0.006999999999999968,10,v3_short,sl,False,A,True,0.012973443622115883,0.003296224889607572,,0.7516778523489918,0.24832214765100824
ROSN,-1,2023-12-05 13:20:00+00:00,2023-12-05 15:00:00+00:00,569.35,575.0435,1271.7408459974354,-7240.656506686362,-0.006999999999999965,10,v3_short,sl,False,A,True,0.013698630136986223,0.0034121130011540647,,0.8141025641025718,0.18589743589742824
ROSN,-1,2023-12-06 21:50:00+00:00,2023-12-07 09:50:00+00:00,567.8,564.5,1266.28600055294,4178.743801824645,0.0040683339203944485,72,v3_short,timeout,False,A,True,0.01100545870751893,0.0029701262438414427,-0.00012326113752421201,0.7679999999999927,0.23200000000000728
ROSN,-1,2023-12-20 13:20:00+00:00,2023-12-20 19:40:00+00:00,583.45,574.69825,1237.3336391725713,10828.83467662857,0.01050000000000002,38,v3_short,tp,False,A,True,0.0200531322306966,0.002991238486996467,,0.8760683760683812,0.12393162393161883
ROSN,-1,2024-06-05 13:20:00+00:00,2024-06-05 20:20:00+00:00,571.95,563.37075,1275.465505811481,10942.537440733151,0.0105,42,v3_short,tp,False,A,True,0.016609843517790015,0.0035009720296895613,,0.8578947368421148,0.14210526315788516
ROSN,-1,2024-07-11 13:20:00+00:00,2024-07-11 14:40:00+00:00,519.45,524.6445000000001,1419.1207474393875,-7371.622722573986,-0.0070000000000000825,8,v3_short,sl,False,A,True,0.032245644431610355,0.004574435414747281,,0.9820895522388087,0.017910447761191314
ROSN,-1,2024-07-16 13:20:00+00:00,2024-07-16 20:10:00+00:00,510.4,515.504,1434.1734646386913,-7320.02136351594,-0.0070000000000000565,41,v3_short,sl,False,A,True,0.015770398667842123,0.005373410016372105,,0.8322981366459602,0.16770186335403986
ROSN,-1,2024-08-20 13:20:00+00:00,2024-08-20 21:20:00+00:00,485.25,482.4,1497.9456391491537,4269.1450715751225,0.004111282843894932,48,v3_short,timeout,False,A,True,0.014837712519319915,0.003542601997006945,,0.7986111111111124,0.20138888888888762
ROSN,-1,2024-08-23 13:20:00+00:00,2024-08-23 15:20:00+00:00,478.5,471.3225,1525.321887037052,10947.997844208454,0.010500000000000013,12,v3_short,tp,False,A,True,0.014211076280041821,0.003408468925710305,,0.8897058823529413,0.11029411764705864
ROSN,-1,2024-09-20 13:20:00+00:00,2024-09-20 14:30:00+00:00,519.9,525.0989999999999,1418.5999642973177,-7375.301214381691,-0.006999999999999941,7,v3_short,sl,False,A,True,0.021252043465717768,0.003177961250852858,,0.8280542986425353,0.1719457013574647
ROSN,-1,2024-09-26 13:20:00+00:00,2024-09-26 21:20:00+00:00,514.0,511.6,1424.8393202103273,3419.614368504753,0.0032684824902723428,48,v3_short,timeout,False,A,True,0.01935421124294893,0.0034688452311482996,,0.8040201005025089,0.19597989949749112
ROSN,-1,2024-11-13 13:20:00+00:00,2024-11-13 16:10:00+00:00,488.35,493.23350000000005,1504.5789713239715,-7347.6114064606545,-0.0070000000000000374,17,v3_short,sl,False,A,True,0.020782145782145735,0.0037391287391287252,,0.7980295566502503,0.20197044334974967
ROSN,-1,2024-12-20 13:20:00+00:00,2024-12-20 13:30:00+00:00,508.7,513.787,1434.2791678033007,-7296.178126615457,-0.0070000000000000635,1,v3_short,sl,False,A,True,0.019559661883231744,0.004151572168084844,,0.773869346733668,0.22613065326633192
ROSN,-1,2025-01-16 13:20:00+00:00,2025-01-16 21:20:00+00:00,549.35,547.7,1318.8504377407996,2176.1032222722893,0.002102484754710083,48,v3_short,timeout,False,A,True,0.013742264288314442,0.003219962903253764,,0.7086092715231861,0.2913907284768139
ROSN,-1,2025-01-28 11:10:00+00:00,2025-01-28 14:10:00+00:00,517.15,522.3215,1403.9132944571184,-7260.33760228504,-0.0070000000000000505,18,v3_short,sl,False,A,True,0.016049502078700702,0.003785540573706494,-9.088272261433381e-05,0.8433734939758967,0.15662650602410333
ROSN,-1,2025-01-29 11:10:00+00:00,2025-01-29 12:20:00+00:00,538.15,534.9,1339.6850764784897,4353.976498555092,0.004227445879401655,7,v3_short,opposite_signal,False,A,True,0.015420343706456023,0.0031976848047447133,5.4807245703665915e-05,0.6686746987951789,0.33132530120482107
ROSN,1,2025-02-13 20:30:00+00:00,2025-02-14 07:00:00+00:00,572.65,581.23975,1264.2963545898679,10859.989611838293,0.010499999999999978,63,v3_long,gap_tp,False,A,True,0.011350737797956867,0.004695320894445262,-2.1828341919147822e-05,0.17692307692307344,0.8230769230769266
ROSN,-1,2025-02-18 11:00:00+00:00,2025-02-18 14:50:00+00:00,582.8,588.6279999999999,1255.3213798630313,-7316.013001841715,-0.006999999999999971,23,v3_short,sl,False,A,True,0.012610448657459077,0.004917217122758878,-0.00016127648623144656,0.911564625850328,0.08843537414967197
ROSN,-1,2025-03-03 19:50:00+00:00,2025-03-04 06:50:00+00:00,540.5,539.55,1344.088975176476,1276.8845264177132,0.001230342275670734,66,v3_short,timeout,False,A,True,0.01054384017758055,0.0035127258450550055,-0.00027099519052904345,0.76315789473684,0.23684210526316
ROSN,-1,2025-03-04 20:40:00+00:00,2025-03-05 06:50:00+00:00,541.65,541.0,1342.8854615552068,872.8755500108539,0.0008400258469491075,61,v3_short,timeout,False,A,True,0.013478581979320448,0.0035420371989268464,-0.0002298744460856729,0.8150684931506806,0.18493150684931933
ROSN,-1,2025-03-25 20:30:00+00:00,2025-03-26 06:50:00+00:00,519.4,522.05,1401.5882232121396,-3714.2087915121383,-0.003571428571428541,62,v3_short,timeout,False,A,True,0.019349249133615624,0.0032887240379401504,-0.0003051597997689668,0.860696517412937,0.13930348258706304
ROSN,-1,2025-03-31 20:00:00+00:00,2025-04-01 06:50:00+00:00,493.0,492.5,1471.3691216680056,735.6845608340028,0.0007099391480730223,65,v3_short,timeout,False,A,True,0.017241379310344827,0.003371693504988183,-0.00017038539553752719,1.0,0.0
ROSN,-1,2025-04-23 20:00:00+00:00,2025-04-24 06:50:00+00:00,472.95,471.4,1534.8344564434096,2378.993407487302,0.0022941114282693897,65,v3_short,timeout,False,A,True,0.009727215056037146,0.003087765027770466,-0.00017868471135546482,0.8478260869565231,0.1521739130434769
ROSN,-1,2025-04-30 22:50:00+00:00,2025-05-02 06:50:00+00:00,456.25,455.95,1594.6635650633461,478.39906951902196,0.0004602739726027572,192,v3_short,timeout,False,A,True,0.015015344147303863,0.003346187225438181,-4.055238930293781e-05,0.8905109489051098,0.10948905109489014
ROSN,-1,2025-05-16 19:50:00+00:00,2025-05-16 21:40:00+00:00,441.6,438.35,1648.3245718043815,5357.05485836424,0.005151721014492753,11,v3_short,opposite_signal,False,A,True,0.017885442608105,0.0037147754732411433,-7.92393026941363e-05,0.607594936708864,0.39240506329113606
ROSN,-1,2025-05-29 11:40:00+00:00,2025-05-29 13:10:00+00:00,430.8,435.108,1698.3520643214251,-7316.500693096687,-0.006999999999999989,9,v3_short,sl,False,A,True,0.016943251711732648,0.0033534352702956844,,0.684931506849314,0.315068493150686
ROSN,-1,2025-05-30 10:20:00+00:00,2025-05-30 12:30:00+00:00,426.95,431.2195,1701.6711999637014,-7265.285188245012,-0.00699999999999999,13,v3_short,sl,False,A,True,0.019084416344690398,0.0036574283149625694,-7.49326776724021e-05,0.80368098159509,0.19631901840490995
ROSN,1,2025-05-30 19:40:00+00:00,2025-05-30 23:50:00+00:00,426.95,427.15,1689.7595015639556,337.9519003127719,0.00032790724909238095,25,v3_long,weekend_exit,False,A,True,0.012530741304602333,0.0030663629780287764,0.0001580981379552641,0.07476635514018315,0.9252336448598169
ROSN,-1,2025-06-11 10:20:00+00:00,2025-06-11 15:40:00+00:00,413.0,417.13,1747.407713130629,-7216.79385522949,-0.006999999999999993,32,v3_short,sl,False,A,True,0.016343825665859565,0.0031938199008416917,6.0532687651331724e-06,0.7259259259259225,0.27407407407407747
ROSN,-1,2025-06-13 20:40:00+00:00,2025-06-13 23:50:00+00:00,440.4,444.4,1627.219867902564,-6508.879471610256,-0.006357856494096277,19,v3_short,weekend_exit,False,A,True,0.008628519527701986,0.003380507516358026,0.0004995458673932788,0.8684210526315774,0.13157894736842263
ROSN,-1,2025-07-29 23:30:00+00:00,2025-07-30 07:30:00+00:00,426.7,422.75,1668.7870030329548,6591.708661980152,0.006479962502929439,48,v3_short,timeout,False,A,True,0.01686972820993437,0.0030220148040471986,0.00030810684161199575,0.8194444444444425,0.1805555555555574
ROSN,-1,2025-07-30 11:20:00+00:00,2025-07-30 12:00:00+00:00,428.55,425.05,1672.3500414363505,5853.225145027227,0.005716952514292382,4,v3_short,opposite_signal,False,A,True,0.017848810079328124,0.0030633760218454612,4.43303779748038e-05,0.7385620915032691,0.2614379084967309
ROSN,-1,2025-08-05 19:20:00+00:00,2025-08-06 06:50:00+00:00,434.8,436.1,1657.734286704386,-2155.0545727157205,-0.002092916283348684,69,v3_short,timeout,False,A,True,0.008969641214351374,0.0035061862831609206,0.0002748390064397408,0.846153846153854,0.153846153846146
ROSN,1,2025-08-07 19:20:00+00:00,2025-08-07 23:30:00+00:00,446.0,448.1,1612.7227122380402,3386.717695699921,0.0032959641255605734,25,v3_long,opposite_signal,False,A,True,0.021636771300448505,0.004559805985174346,0.0004585201793721983,0.29533678756476817,0.7046632124352319
ROSN,1,2025-10-15 20:40:00+00:00,2025-10-16 06:50:00+00:00,400.75,400.85,1800.7361997383803,180.07361997387898,0.00017467248908300916,61,v3_long,timeout,False,A,True,0.008357240863165687,0.0033703889439023727,0.00012972433578645206,0.1194029850746213,0.8805970149253787
ROSN,-1,2025-10-21 12:30:00+00:00,2025-10-21 17:50:00+00:00,415.65,409.41524999999996,1736.4876304081265,10826.5662536871,0.010500000000000035,32,v3_short,tp,False,A,True,0.009141207601635823,0.003937369992500234,,0.9605263157894648,0.039473684210535175
ROSN,-1,2025-10-23 19:30:00+00:00,2025-10-24 06:50:00+00:00,389.35,391.75,1873.249466949322,-4495.79872067833,-0.0043148837806600325,68,v3_short,timeout,False,A,True,0.01630923333761403,0.0032288245977728338,-0.00012199820213175513,0.7244094488188986,0.2755905511811014
ROSN,-1,2025-10-24 20:40:00+00:00,2025-10-24 23:50:00+00:00,390.2,389.8,1861.1035900877594,744.4414360350614,0.0007175807278318403,19,v3_short,weekend_exit,False,A,True,0.00794464377242431,0.0030910365171183665,-6.919528446950399e-05,0.9193548387096765,0.08064516129032347
ROSN,-1,2025-10-27 19:30:00+00:00,2025-10-27 21:30:00+00:00,375.6,373.5,1934.834211548105,4063.1518442510646,0.003913738019169371,12,v3_short,opposite_signal,False,A,True,0.015177739315670319,0.004219661503264601,-0.00024097989615231476,0.8596491228070252,0.14035087719297476
ROSN,-1,2025-10-28 20:40:00+00:00,2025-10-29 06:50:00+00:00,377.8,377.0,1931.0956488841823,1544.8765191073678,0.001482265749073605,61,v3_short,timeout,False,A,True,0.016146109052408743,0.0030385367487386606,-3.043938591847478e-05,0.9672131147541003,0.032786885245899657
NVTK,1,2022-01-10 19:40:00+00:00,2022-01-10 21:20:00+00:00,1753.0,1763.6,399.3154592127781,4232.743867655411,0.004232743867655411,10,v3_long,opposite_signal,False,A,True,0.014376996805111848,0.004412764649447174,-8.785942492012572e-05,0.32539682539682663,0.6746031746031734
NVTK,-1,2022-01-10 21:50:00+00:00,2022-01-11 06:50:00+00:00,1765.8,1758.6,398.09883379055316,2866.3116032920007,0.0028542303771661747,54,v3_short,timeout,False,A,True,0.010977818017202405,0.0038455853142524495,-0.00011770031688546957,0.8865979381443281,0.11340206185567192
NVTK,-1,2022-01-11 12:00:00+00:00,2022-01-11 14:50:00+00:00,1770.0,1787.7,398.2877620506572,-7049.6933882966505,-0.007000000000000018,17,v3_short,sl,False,A,True,0.014237288135593246,0.0032294514306542704,,0.912698412698411,0.08730158730158895
NVTK,-1,2022-01-12 11:50:00+00:00,2022-01-12 13:40:00+00:00,1780.2,1798.002,393.2336554644734,-7000.345534578519,-0.006999999999999964,11,v3_short,sl,False,A,True,0.011797752808988765,0.0030449438202247133,,0.7428571428571493,0.2571428571428506
NVTK,-1,2022-01-14 10:20:00+00:00,2022-01-14 10:30:00+00:00,1748.6,1737.4,397.53763672861174,4452.421531360379,0.004483586869495523,1,v3_short,opposite_signal,False,A,True,0.016920086886932608,0.004088476593335384,-4.230021721733217e-05,0.8243243243243222,0.17567567567567774
NVTK,-1,2022-01-14 22:40:00+00:00,2022-01-14 23:50:00+00:00,1726.2,1726.0,404.50179970779914,80.90035994157822,8.110300081104845e-05,7,v3_short,weekend_exit,False,A,True,0.011464968152866347,0.005102631672240401,-0.00019687319050376378,0.7373737373737375,0.2626262626262625
NVTK,1,2022-01-19 23:10:00+00:00,2022-01-20 07:00:00+00:00,1604.8,1588.752,435.1368624797869,-6983.07636907562,-0.007000000000000002,47,v3_long,sl,False,A,True,0.00997630627260257,0.005105222036438963,-0.00013966828781643656,0.11249999999999716,0.8875000000000028
NVTK,1,2022-01-20 21:50:00+00:00,2022-01-20 23:40:00+00:00,1605.6,1589.5439999999999,431.87561251196377,-6934.1948344921075,-0.0070000000000000175,11,v3_long,sl,False,A,True,0.02093457943925228,0.004971708309492009,0.00018193146417445652,0.06547619047618523,0.9345238095238148
NVTK,1,2022-01-21 20:30:00+00:00,2022-01-21 23:50:00+00:00,1602.8,1592.8,429.601664003659,-4296.01664003659,-0.004367357125031196,20,v3_long,weekend_exit,False,A,True,0.02907412028949333,0.005192443835532707,0.00029198901921636964,0.4034334763948496,0.5965665236051504
NVTK,1,2022-01-28 19:50:00+00:00,2022-01-28 22:40:00+00:00,1607.8,1591.722,426.39528263281437,-6855.583354170379,-0.006999999999999989,17,v3_long,sl,False,A,True,0.014180868267197385,0.004716801511001212,0.00015424804080109298,0.026315789473680275,0.9736842105263197
NVTK,-1,2022-02-07 19:20:00+00:00,2022-02-08 06:50:00+00:00,1611.8,1606.0,422.35973884422367,2449.686485296478,0.0025189229432931934,69,v3_short,timeout,False,A,True,0.008929678779610482,0.003530867884794989,-0.0003199801562693781,0.5277777777777765,0.47222222222222354
NVTK,-1,2022-02-08 20:00:00+00:00,2022-02-09 06:50:00+00:00,1634.0,1638.0,417.6708736896127,-1670.6834947584507,-0.0017135862913096695,65,v3_short,timeout,False,A,True,0.014810281517747886,0.0035520695426273278,7.833537331701456e-05,1.0,0.0
NVTK,-1,2022-02-10 19:50:00+00:00,2022-02-10 23:30:00+00:00,1658.6,1633.7209999999998,410.7709689873968,10219.5709374375,0.010500000000000058,22,v3_short,tp,False,A,True,0.01567209162145871,0.0033484641596240616,-0.00021217600964436298,0.9461538461538427,0.053846153846157346
NVTK,-1,2022-02-15 23:00:00+00:00,2022-02-16 07:00:00+00:00,1614.0,1630.14,426.5541690326533,-6884.584288187067,-0.007000000000000043,48,v3_short,sl,False,A,True,0.008175399479747193,0.003301506407096447,-0.00017465626161278225,0.9545454545454608,0.04545454545453919
NVTK,-1,2022-02-16 20:20:00+00:00,2022-02-17 06:50:00+00:00,1615.8,1625.0,423.0964350891023,-3892.48720281976,-0.0039856417873499386,63,v3_short,timeout,False,A,True,0.014860681114551083,0.004463258987805638,-0.0003863777089783287,0.8666666666666648,0.13333333333333522
NVTK,-1,2022-02-18 10:30:00+00:00,2022-02-18 11:20:00+00:00,1563.4,1558.6,435.5343986024035,2090.565113291616,0.0021491620826404804,5,v3_short,opposite_signal,False,A,True,0.011510423327791277,0.003674034112709118,0.0002391610180329942,0.7444444444444495,0.2555555555555505
NVTK,-1,2022-09-28 23:40:00+00:00,2022-09-29 09:50:00+00:00,967.2,972.0,705.51889408013,-3386.4906915845922,-0.0034739454094292474,61,v3_short,timeout,False,A,True,0.011373035566583953,0.004317111459968596,-4.1356492969393844e-05,0.7818181818181839,0.21818181818181612
NVTK,-1,2022-10-11 13:20:00+00:00,2022-10-11 14:50:00+00:00,965.4,975.054,704.378838688826,-6800.073308701923,-0.0069999999999999975,9,v3_short,sl,False,A,True,0.024233637116818533,0.005907997001617545,,0.7350427350427329,0.2649572649572672
NVTK,-1,2022-10-18 13:20:00+00:00,2022-10-18 21:10:00+00:00,1012.6,997.4110000000001,666.8450321490235,10128.709193311493,0.010499999999999975,47,v3_short,tp,False,A,True,0.022121271973138432,0.005248158911994573,,0.8035714285714294,0.19642857142857062
NVTK,-1,2022-10-20 13:20:00+00:00,2022-10-20 21:20:00+00:00,1006.4,1003.0,677.9981875888506,2305.1938378020764,0.0023648648648648485,48,v3_short,timeout,False,A,True,0.019077901430842654,0.004021879021879032,,0.8124999999999992,0.18750000000000075
NVTK,-1,2022-10-28 13:20:00+00:00,2022-10-28 14:00:00+00:00,1074.0,1084.74,636.8258954151589,-6839.510116758813,-0.007000000000000005,4,v3_short,sl,False,A,True,0.023091247672253217,0.004788507581803641,,0.8790322580645159,0.1209677419354841
NVTK,-1,2022-11-03 13:20:00+00:00,2022-11-03 21:20:00+00:00,1102.4,1106.0,616.0770633110935,-2217.8774279198806,-0.002285921625544209,48,v3_short,timeout,False,A,True,0.023222060957910136,0.0040863224825488835,,0.804687500000001,0.19531249999999897
NVTK,-1,2022-12-01 13:20:00+00:00,2022-12-01 21:20:00+00:00,1056.2,1056.0,641.5554254824897,128.3110850965271,0.00013255065328539274,48,v3_short,timeout,False,A,True,0.02272296913463359,0.0032461384478047577,,0.8666666666666648,0.13333333333333522
NVTK,-1,2023-03-03 13:20:00+00:00,2023-03-03 18:40:00+00:00,1067.2,1078.0,635.0268535927411,-6858.290018801575,-0.007083958020989475,32,v3_short,gap_sl,False,A,True,0.011623547056618009,0.003321013444747982,,0.854838709677424,0.1451612903225759
NVTK,-1,2023-04-14 13:20:00+00:00,2023-04-14 14:30:00+00:00,1279.2,1291.992,526.0317816924735,-6728.998551410077,-0.006999999999999954,7,v3_short,sl,False,A,True,0.015168100078186154,0.00300830261737221,,0.9587628865979407,0.041237113402059315
NVTK,-1,2023-05-05 13:20:00+00:00,2023-05-05 14:40:00+00:00,1238.8,1251.1879999999999,539.3845303156482,-6681.895561550207,-0.006999999999999954,8,v3_short,sl,False,A,True,0.014530190506942202,0.0029752294847548177,,0.9333333333333308,0.06666666666666919
NVTK,-1,2023-07-18 13:20:00+00:00,2023-07-18 21:20:00+00:00,1479.8,1486.2,448.37966567234764,-2869.6298603030655,-0.0030274361400189644,48,v3_short,timeout,False,A,True,0.012429073223453182,0.003165167715289299,,0.717391304347825,0.282608695652175
NVTK,-1,2023-07-26 13:20:00+00:00,2023-07-26 16:40:00+00:00,1487.8,1502.6779999999999,444.6185564993466,-6615.034883597247,-0.006999999999999966,20,v3_short,sl,False,A,True,0.014656447492268356,0.0034704213808691375,,0.8990825688073372,0.10091743119266285
NVTK,-1,2023-08-03 13:20:00+00:00,2023-08-03 14:50:00+00:00,1578.6,1594.386,416.1110882688521,-6568.729639412123,-0.007000000000000027,9,v3_short,sl,False,A,True,0.0150823827629911,0.003778139899812898,,0.9411764705882314,0.05882352941176864
NVTK,-1,2023-08-25 13:20:00+00:00,2023-08-25 21:20:00+00:00,1677.0,1674.2,388.9534008310205,1089.0695223268397,0.0011687537268932429,48,v3_short,timeout,False,A,True,0.012762404580152726,0.0032488186114140406,,0.7663551401869169,0.2336448598130831
NVTK,-1,2023-09-22 13:20:00+00:00,2023-09-22 15:40:00+00:00,1597.8,1613.778,408.7102277251534,-6530.372018592528,-0.007000000000000029,14,v3_short,sl,False,A,True,0.014645137063462318,0.003504819126298651,,0.547008547008543,0.45299145299145704
NVTK,1,2023-11-14 13:20:00+00:00,2023-11-14 14:10:00+00:00,1605.0,1588.95,404.02862395404065,-6484.659414462334,-0.006999999999999979,5,v3_long,sl,False,A,True,0.01283489096573203,0.0029906542056074756,,0.07766990291261729,0.9223300970873827
NVTK,-1,2023-12-06 13:20:00+00:00,2023-12-06 16:40:00+00:00,1543.6,1520.446,417.1590307437884,9658.900197841675,0.010499999999999999,20,v3_short,tp,False,A,True,0.01697111024744141,0.003756963337219832,,0.7633587786259529,0.23664122137404714
NVTK,-1,2023-12-07 13:20:00+00:00,2023-12-07 21:20:00+00:00,1521.0,1519.0,427.8027021660755,855.605404332151,0.0009204470742932281,48,v3_short,timeout,False,A,True,0.01341575693805083,0.0038957053293499537,,0.7450980392156852,0.2549019607843148
NVTK,-1,2023-12-12 13:20:00+00:00,2023-12-12 14:30:00+00:00,1497.8,1512.778,434.8289716768817,-6512.868337776362,-0.00700000000000003,7,v3_short,sl,False,A,True,0.024302310054747023,0.005563715671874305,,0.7637362637362606,0.23626373626373942
NVTK,-1,2023-12-22 13:20:00+00:00,2023-12-22 21:20:00+00:00,1497.4,1488.6,431.90051151408426,3800.72450132402,0.004113797248564262,48,v3_short,timeout,False,A,True,0.024566088117489955,0.004908131476889802,,0.7119565217391326,0.28804347826086746
NVTK,-1,2024-03-14 13:20:00+00:00,2024-03-14 21:20:00+00:00,1404.0,1396.8,462.5273027721629,3330.1965799595937,0.0035897435897436123,48,v3_short,timeout,False,A,True,0.022510329106710292,0.0031275653159112122,,0.8544303797468379,0.14556962025316209
NVTK,-1,2024-06-03 22:00:00+00:00,2024-06-04 09:50:00+00:00,1073.0,1075.0,607.3806809861029,-1214.7613619722058,-0.0013047530288909598,71,v3_short,timeout,False,A,True,0.013417815877748873,0.004145527014383851,-0.0003596720089452097,0.9027777777777721,0.09722222222222793
NVTK,-1,2024-06-11 13:20:00+00:00,2024-06-11 13:50:00+00:00,1042.4,1052.824,624.3947982969186,-6508.691377447066,-0.006999999999999986,3,v3_short,sl,False,A,True,0.018223671590255133,0.005206763311501467,,0.6000000000000048,0.3999999999999952
NVTK,-1,2024-06-14 13:20:00+00:00,2024-06-14 14:50:00+00:00,1062.6,1073.2259999999999,608.2373929799501,-6463.130537804935,-0.0069999999999999845,9,v3_short,sl,False,A,True,0.01919819311123668,0.004866768841924128,,0.9117647058823444,0.08823529411765559
NVTK,-1,2024-06-19 13:20:00+00:00,2024-06-19 17:50:00+00:00,1041.4,1025.779,616.2750743268979,9626.83293606053,0.010500000000000063,27,v3_short,tp,False,A,True,0.028807374687920106,0.00641078401785145,,0.8400000000000015,0.15999999999999848
NVTK,-1,2024-07-03 13:20:00+00:00,2024-07-03 16:30:00+00:00,1133.4,1116.3990000000001,572.1966167807251,9727.914681889093,0.010499999999999985,19,v3_short,tp,False,A,True,0.023473349805859432,0.0053283579580791,,0.6390977443609045,0.36090225563909556
NVTK,-1,2024-07-11 13:20:00+00:00,2024-07-11 21:20:00+00:00,1040.6,1045.8,629.768581334419,-3274.796622939007,-0.003497981933499935,48,v3_short,timeout,False,A,True,0.030559292715740878,0.005958101095521797,,0.836477987421382,0.163522012578618
NVTK,1,2024-07-17 23:40:00+00:00,2024-07-18 09:50:00+00:00,1034.4,1036.2,631.3271733377212,1136.3889120078695,0.0012180974477957929,61,v3_long,timeout,False,A,True,0.009667440061871615,0.003302713196647561,0.0001102088167053373,0.1400000000000091,0.8599999999999909
NVTK,1,2024-07-26 22:20:00+00:00,2024-07-26 23:30:00+00:00,1063.0,1066.4,615.0896522473606,2091.304817641082,0.0022389463781750363,7,v3_long,opposite_signal,False,A,True,0.008468197214904027,0.004239859285829498,-0.00039518253669552125,0.2222222222222222,0.7777777777777778
NVTK,-1,2024-08-08 13:20:00+00:00,2024-08-08 21:20:00+00:00,1025.8,1017.8,638.8225908669265,5110.580726935412,0.005459153831156171,48,v3_short,timeout,False,A,True,0.01890838206627689,0.0036944212382809096,,0.8247422680412333,0.17525773195876676
NVTK,-1,2024-08-15 13:20:00+00:00,2024-08-15 21:20:00+00:00,1041.2,1033.2,632.8098542260352,5062.478833808282,0.005378409527468305,48,v3_short,timeout,False,A,True,0.018059558117194962,0.004409679337633242,,0.8085106382978767,0.19148936170212327
NVTK,-1,2024-08-27 23:20:00+00:00,2024-08-28 09:50:00+00:00,986.6,979.0,671.4224157752014,5102.810359891546,0.0053922562335293085,63,v3_short,timeout,False,A,True,0.009529602595296118,0.002954466458116092,-0.00020884022708840137,0.9361702127659557,0.06382978723404435
NVTK,-1,2024-09-04 13:20:00+00:00,2024-09-04 15:00:00+00:00,956.2,965.7620000000001,696.5042069187804,-6659.973226557386,-0.007000000000000008,10,v3_short,sl,False,A,True,0.012337933918862353,0.004132560594292076,,0.7288135593220386,0.2711864406779614
NVTK,-1,2024-10-01 13:20:00+00:00,2024-10-01 21:20:00+00:00,1007.8,1005.4,656.2168499674019,1574.9204399217497,0.0016669974201230244,48,v3_short,timeout,False,A,True,0.020440563603889683,0.004252544439089383,,0.8155339805825211,0.18446601941747884
NVTK,1,2024-10-29 23:20:00+00:00,2024-10-30 09:50:00+00:00,864.8,870.4,766.0011398069993,4289.6063829192135,0.004532839962997244,63,v3_long,timeout,False,A,True,0.014345210550670959,0.0035839416747726247,0.0002059231837112469,0.14516129032257724,0.8548387096774227
NVTK,-1,2024-11-21 21:40:00+00:00,2024-11-21 22:30:00+00:00,850.4,858.904,782.5029517558048,-6654.40510173138,-0.007000000000000017,5,v3_short,sl,False,A,True,0.013875823142050747,0.004866857373240913,3.998118532455155e-05,0.8813559322033913,0.1186440677966087
NVTK,-1,2024-12-04 13:20:00+00:00,2024-12-04 17:00:00+00:00,835.2,822.672,791.1666985176297,9911.736399028881,0.010500000000000016,22,v3_short,tp,False,A,True,0.029686377783097864,0.00466272216332067,,0.8145161290322613,0.1854838709677386
NVTK,-1,2024-12-13 13:20:00+00:00,2024-12-13 21:20:00+00:00,792.2,792.2,842.8687731396675,-0.0,-0.0,48,v3_short,timeout,False,A,True,0.01362948006057541,0.0037979856253455607,,0.7592592592592666,0.24074074074073334
NVTK,-1,2024-12-27 22:00:00+00:00,2024-12-27 23:50:00+00:00,947.2,949.2,704.941556251314,-1409.883112502628,-0.0014780405405405404,11,v3_short,weekend_exit,False,A,True,0.008868243243243219,0.0030164092664092686,-0.00017736486486486677,0.9047619047619099,0.09523809523809008
NVTK,-1,2025-01-21 13:20:00+00:00,2025-01-21 16:20:00+00:00,983.6,993.436,677.8504716373452,-6667.337239024936,-0.007000000000000009,18,v3_short,sl,False,A,True,0.01849969505997147,0.004646705195597252,,0.7362637362637378,0.26373626373626224
NVTK,1,2025-02-06 20:40:00+00:00,2025-02-07 06:50:00+00:00,1098.0,1101.4,602.9750344582653,2050.115117158157,0.0021675774134791107,61,v3_long,timeout,False,A,True,0.009471766848816112,0.0031597338388907347,-3.096539162113016e-05,0.09615384615384531,0.9038461538461546
NVTK,-1,2025-02-11 11:00:00+00:00,2025-02-11 17:00:00+00:00,1149.0,1160.49,577.4601117643047,-6635.016684171866,-0.007000000000000005,36,v3_short,sl,False,A,True,0.019321148825065314,0.004421235857267157,0.00013402959094864785,0.7387387387387413,0.2612612612612587
NVTK,-1,2025-02-12 19:50:00+00:00,2025-02-12 20:00:00+00:00,1174.6,1186.346,560.920446737839,-6588.57156738271,-0.007000000000000056,1,v3_short,sl,False,A,True,0.01516183986371376,0.004745680214164022,-0.00022487223168654637,0.887640449438202,0.11235955056179804
NVTK,-1,2025-02-19 10:20:00+00:00,2025-02-19 10:40:00+00:00,1261.8,1253.2,518.5014714226485,4459.11265423473,0.004770962117609714,2,v3_short,opposite_signal,False,A,True,0.017910920906641235,0.003638037874842426,0.00013155809161515225,0.6991150442477884,0.3008849557522116
NVTK,-1,2025-03-03 21:00:00+00:00,2025-03-03 21:30:00+00:00,1249.8,1238.2,525.9773847808148,6101.337663457403,0.006497039526324162,3,v3_short,opposite_signal,False,A,True,0.015524967989756614,0.004690480545611309,3.040973111395792e-05,0.9072164948453625,0.09278350515463749
NVTK,-1,2025-03-06 20:30:00+00:00,2025-03-07 06:50:00+00:00,1276.4,1269.6,518.3621684922299,3524.8627457472576,0.003729238483234195,62,v3_short,timeout,False,A,True,0.01629072681704257,0.004485064702572761,-0.00033677944862155033,0.7211538461538477,0.27884615384615224
NVTK,1,2025-03-10 20:40:00+00:00,2025-03-11 06:50:00+00:00,1284.2,1287.4,517.135084710719,1654.8322710743241,0.00174427659243111,61,v3_long,timeout,False,A,True,0.01292834890965725,0.0032901010871638266,5.1401869158877796e-05,0.07228915662650916,0.9277108433734909
NVTK,-1,2025-03-11 11:30:00+00:00,2025-03-11 18:30:00+00:00,1283.4,1272.4,518.3600267845234,5701.960294629757,0.005999688327879071,42,v3_short,opposite_signal,False,A,True,0.01355985037406473,0.003501291414321338,,0.8735632183908141,0.12643678160918595
NVTK,1,2025-03-20 19:30:00+00:00,2025-03-21 06:50:00+00:00,1310.0,1312.8,510.8813973904567,1430.4679126932556,0.001496183206106846,68,v3_long,timeout,False,A,True,0.009465648854961728,0.003573765384016193,-0.00012061068702290214,0.04838709677418675,0.9516129032258133
NVTK,-1,2025-03-27 20:00:00+00:00,2025-03-27 21:20:00+00:00,1289.6,1280.8,519.7394216194042,4573.706910250733,0.004776674937965237,8,v3_short,opposite_signal,False,A,True,0.011629710032563188,0.00391454457422604,-2.946193208249482e-05,0.9733333333333273,0.02666666666667273
NVTK,1,2025-03-27 21:40:00+00:00,2025-03-28 06:50:00+00:00,1279.8,1278.0,526.2209352692288,-947.1976834845879,-0.0009845288326300735,55,v3_long,timeout,False,A,True,0.010001562744178743,0.0035432832298414128,6.250976715109605e-06,0.12499999999999334,0.8750000000000067
NVTK,-1,2025-03-28 10:40:00+00:00,2025-03-28 11:10:00+00:00,1277.0,1269.8,526.8555321684572,3793.359831612916,0.003946750195771364,3,v3_short,opposite_signal,False,A,True,0.017543859649122702,0.00394328211833931,-8.458646616541496e-05,0.741071428571429,0.25892857142857095
NVTK,-1,2025-04-16 22:40:00+00:00,2025-04-17 06:50:00+00:00,1192.8,1190.0,566.2725238608726,1585.5630668104177,0.0016431924882628843,49,v3_short,timeout,False,A,True,0.015928906773977198,0.003921488112347563,0.000399061032863849,0.8842105263157871,0.11578947368421293
NVTK,-1,2025-04-21 19:20:00+00:00,2025-04-22 06:50:00+00:00,1235.8,1238.8,547.4670339925684,-1642.4011019777054,-0.0016993040945136753,69,v3_short,timeout,False,A,True,0.01197798640336675,0.00393099939878832,0.00030754289414049857,0.9189189189189156,0.0810810810810844
NVTK,1,2025-04-28 20:10:00+00:00,2025-04-28 22:00:00+00:00,1269.4,1256.7060000000001,532.0703323118258,-6754.100798366296,-0.006999999999999978,11,v3_long,sl,False,A,True,0.016543248778950685,0.004408317604653332,0.00010241058767921853,0.20952380952381386,0.7904761904761861
NVTK,-1,2025-05-12 19:20:00+00:00,2025-05-13 06:50:00+00:00,1198.2,1202.4,559.7414532446797,-2350.9141036276806,-0.0024536805207811983,69,v3_short,timeout,False,A,True,0.01668613382279326,0.003197608093796496,-7.508760220256967e-05,0.6100000000000023,0.38999999999999774
NVTK,-1,2025-05-19 19:50:00+00:00,2025-05-19 20:30:00+00:00,1159.4,1170.9940000000001,577.0541395594582,-6690.365694052388,-0.00700000000000003,4,v3_short,sl,False,A,True,0.019499568593615107,0.003472381187159922,-6.212251941328574e-05,0.23008849557522418,0.7699115044247758
NVTK,1,2025-05-22 19:20:00+00:00,2025-05-23 06:50:00+00:00,1109.6,1104.2,598.732257948269,-3233.154192920571,-0.0034066330209083493,69,v3_long,timeout,False,A,True,0.015501081470800331,0.0042118505657489985,-0.00028839221341024206,0.0,1.0
NVTK,1,2025-05-30 20:10:00+00:00,2025-05-30 23:50:00+00:00,1097.2,1101.8,603.4361150969329,2775.8061294458366,0.0029347429821362887,22,v3_long,weekend_exit,False,A,True,0.008567262121764573,0.004188769930137568,0.00032263944586219135,0.1489361702127742,0.8510638297872258
NVTK,-1,2025-06-03 19:40:00+00:00,2025-06-03 20:50:00+00:00,1122.0,1133.22,591.829919585532,-6640.331697749685,-0.007000000000000017,7,v3_short,sl,False,A,True,0.012838801711840108,0.003242452473143299,-0.00019793152639086857,0.8194444444444491,0.18055555555555095
NVTK,1,2025-06-10 20:30:00+00:00,2025-06-11 06:50:00+00:00,1016.0,1010.6,649.0009228213999,-3504.6049832355443,-0.0037204724409448664,62,v3_long,timeout,False,A,True,0.008069277701239958,0.00334579807124582,-0.0003286754575870878,0.14634146341463888,0.8536585365853612
NVTK,1,2025-06-11 19:30:00+00:00,2025-06-13 06:50:00+00:00,1023.4,1038.751,641.910996773771,9853.975711474159,0.010499999999999999,212,v3_long,gap_tp,False,A,True,0.015047879616963043,0.003517686144225109,0.000293140512018761,0.18181818181817913,0.8181818181818209
NVTK,-1,2025-06-18 11:40:00+00:00,2025-06-18 12:00:00+00:00,1073.0,1069.2,618.6668192882657,2350.933913295382,0.0024790307548927942,2,v3_short,opposite_signal,False,A,True,0.019567648155050316,0.0033865847545850656,,0.5523809523809481,0.44761904761905197
NVTK,1,2025-06-18 23:10:00+00:00,2025-06-19 07:10:00+00:00,1061.2,1070.6,627.0968251372183,5894.710156289766,0.006200527704485399,48,v3_long,timeout,False,A,True,0.009802073515551452,0.003681548019773411,-0.00024316682375117557,0.057692307692320303,0.9423076923076797
NVTK,-1,2025-06-19 19:50:00+00:00,2025-06-20 06:50:00+00:00,1062.8,1057.6,630.0352351759681,3276.1832229150627,0.0034249153180278815,66,v3_short,timeout,False,A,True,0.012984569062852799,0.003352714815696695,-0.0002389913436206256,0.9855072463768082,0.014492753623191749
NVTK,1,2025-06-23 21:10:00+00:00,2025-06-24 06:50:00+00:00,1042.8,1039.8,644.3179672046983,-1932.953901614095,-0.0020138089758342925,58,v3_long,timeout,False,A,True,0.019942473633748757,0.0033224411528753124,0.0002569511025886882,0.03846153846153636,0.9615384615384637
NVTK,-1,2025-07-09 20:00:00+00:00,2025-07-10 06:50:00+00:00,1030.8,1036.0,650.5061199747084,-3382.6318238685135,-0.0035312378734963443,65,v3_short,timeout,False,A,True,0.016695787225781335,0.003446923323784932,8.930304795185445e-05,0.8837209302325577,0.11627906976744232
NVTK,-1,2025-08-06 20:10:00+00:00,2025-08-06 20:20:00+00:00,1051.8,1062.318,635.2670338402944,-6681.738661932235,-0.007000000000000021,1,v3_short,sl,False,A,True,0.023008176459402757,0.003251956800974818,-0.00013500665525765184,0.6776859504132225,0.3223140495867774
NVTK,-1,2025-08-14 13:20:00+00:00,2025-08-14 15:40:00+00:00,1237.0,1249.3700000000001,536.3756258123435,-6634.966491298753,-0.007000000000000066,14,v3_short,sl,False,A,True,0.014715394566623581,0.0032797624970975466,,0.8681318681318635,0.13186813186813653
NVTK,1,2025-08-15 23:10:00+00:00,2025-08-15 23:50:00+00:00,1279.0,1278.8,515.1307056966067,-103.02614113934476,-0.00010946051602817188,4,v3_long,weekend_exit,False,A,True,0.01641651031894934,0.003420505162665417,0.0001266416510318935,0.3333333333333333,0.6666666666666666
NVTK,1,2025-08-28 19:20:00+00:00,2025-08-28 20:30:00+00:00,1225.6,1213.3439999999998,537.5163628322148,-6587.800542871671,-0.00700000000000005,7,v3_long,sl,False,A,True,0.015992167101827603,0.0031637981563382386,3.5900783289817975e-05,0.12244897959183035,0.8775510204081697
NVTK,-1,2025-08-29 20:20:00+00:00,2025-08-29 23:50:00+00:00,1235.6,1238.4,529.433954279016,-1482.415071981341,-0.001586273875040569,21,v3_short,weekend_exit,False,A,True,0.011332361988020073,0.0030726229296964085,-5.666180994010037e-05,0.885714285714276,0.11428571428572402
NVTK,-1,2025-09-02 22:20:00+00:00,2025-09-03 06:50:00+00:00,1214.4,1220.2,537.8218901159133,-3119.366962672273,-0.003343214756258208,51,v3_short,timeout,False,A,True,0.011034255599473065,0.003071979780054294,-0.00010540184453227707,1.0,0.0
NVTK,-1,2025-09-16 19:20:00+00:00,2025-09-17 06:50:00+00:00,1206.6,1207.6,539.4889329379204,-539.4889329379204,-0.0005801425493121168,69,v3_short,timeout,False,A,True,0.016741256423006834,0.0030275660736696435,-0.00017901541521630576,0.910891089108902,0.08910891089109792
NVTK,-1,2025-09-23 12:00:00+00:00,2025-09-23 18:30:00+00:00,1158.4,1153.0,561.6105872149844,3032.697170960967,0.0032631215469613806,39,v3_short,opposite_signal,False,A,True,0.01484294097342082,0.0031177970536817715,,0.7674418604651169,0.2325581395348831
NVTK,1,2025-09-24 19:20:00+00:00,2025-09-25 06:50:00+00:00,1120.0,1128.2,582.7612430799202,4778.642193255372,0.005125000000000028,69,v3_long,timeout,False,A,True,0.01624709873236926,0.003949732008497016,0.0004124263524370632,0.2307692307692327,0.7692307692307673
NVTK,-1,2025-09-26 12:30:00+00:00,2025-09-26 20:30:00+00:00,1113.0,1117.6,589.4318434724073,-2711.38647997302,-0.0028930817610062316,48,v3_short,timeout,False,A,True,0.017253774263119893,0.003494100731593855,,0.7604166666666692,0.23958333333333087
NVTK,-1,2025-09-30 11:10:00+00:00,2025-09-30 14:50:00+00:00,1104.2,1087.637,592.4104974178666,9812.095068732186,0.010500000000000065,22,v3_short,tp,False,A,True,0.015933369545536764,0.0031267844956057553,5.431830526886738e-06,0.7500000000000064,0.24999999999999353
NVTK,-1,2025-09-30 19:20:00+00:00,2025-09-30 20:00:00+00:00,1103.8,1098.4,598.8477421606458,3233.777807667406,0.003424533429969111,4,v3_short,opposite_signal,False,A,True,0.00978438122848338,0.003945553579286379,1.0871534698317384e-05,0.814814814814814,0.18518518518518595
NVTK,-1,2025-10-01 22:20:00+00:00,2025-10-02 06:50:00+00:00,1116.2,1117.0,594.2230624102205,-475.37844992814934,-0.0005017022039060815,51,v3_short,timeout,False,A,True,0.01289860265137931,0.0036268179790726516,-0.0003206735936940181,0.9722222222222314,0.02777777777776857
NVTK,1,2025-10-02 20:00:00+00:00,2025-10-03 06:50:00+00:00,1117.0,1114.6,593.4995679027201,-1424.398962966582,-0.001504028648164784,65,v3_long,timeout,False,A,True,0.01217547000895247,0.003175415197412886,0.00012354521038496135,0.13235294117646812,0.8676470588235319
NVTK,1,2025-10-10 21:50:00+00:00,2025-10-10 22:50:00+00:00,1046.6,1036.1339999999998,632.4688878972499,-6619.419380732695,-0.0070000000000000825,6,v3_long,sl,False,A,True,0.006688324097076247,0.004348385637457744,-0.00011083508503726266,0.05714285714283766,0.9428571428571624
NVTK,-1,2025-10-13 20:10:00+00:00,2025-10-13 21:30:00+00:00,1037.8,1032.8,633.3670692876747,3166.8353464383736,0.003372518789747543,8,v3_short,opposite_signal,False,A,True,0.012141067643091067,0.004094218145920925,-0.000277510117556371,0.7619047619047602,0.2380952380952398
NVTK,1,2025-10-13 22:10:00+00:00,2025-10-14 06:50:00+00:00,1031.6,1037.0,639.3225370776034,3452.341700219117,0.0036642109344707874,52,v3_long,timeout,False,A,True,0.008727695888285493,0.003431706274441526,-0.00016291698991466427,0.1111111111111111,0.8888888888888888
NVTK,1,2025-10-15 20:20:00+00:00,2025-10-16 06:50:00+00:00,1068.0,1077.0,619.79566333278,5578.16096999502,0.005898876404494383,63,v3_long,timeout,False,A,True,0.011427500936680449,0.004736926617780865,0.00035219183214687497,0.06557377049179931,0.9344262295082006
NVTK,1,2025-10-24 19:20:00+00:00,2025-10-24 23:50:00+00:00,1054.6,1057.6,631.3734886387308,1894.1204659161924,0.00199127631329414,27,v3_long,weekend_exit,False,A,True,0.016691957511380792,0.00501687776779909,-0.00025606980273141556,0.2613636363636325,0.7386363636363674
NVTK,1,2025-10-27 21:50:00+00:00,2025-10-28 06:50:00+00:00,1026.6,1026.6,649.8854134468603,0.0,0.0,54,v3_long,timeout,False,A,True,0.010130527956360892,0.003065399157909782,-0.00020261055912721785,0.09615384615384531,0.9038461538461546
NLMK,-1,2022-01-14 11:20:00+00:00,2022-01-14 12:20:00+00:00,219.82,216.5227,3184.423619324902,10500.000000000022,0.010500000000000021,6,v3_short,tp,False,A,True,0.014739332180875303,0.003487702059260629,-9.098353198062874e-07,0.8086419753086411,0.1913580246913589
NLMK,-1,2022-01-21 10:40:00+00:00,2022-01-21 11:10:00+00:00,209.66,208.36,3373.7956691786703,4385.9343699322135,0.004340360583802289,3,v3_short,opposite_signal,False,A,True,0.017547205798207167,0.005303137102057428,-0.00017737936296013593,0.8260869565217355,0.17391304347826456
NLMK,-1,2022-02-01 11:30:00+00:00,2022-02-01 19:30:00+00:00,213.62,213.92,3325.625662667131,-997.6876988000827,-0.0009830540211590117,48,v3_short,timeout,False,A,True,0.013392020977711113,0.0030369518101303074,,0.6993006993007029,0.30069930069929707
NLMK,-1,2022-02-03 21:40:00+00:00,2022-02-04 06:50:00+00:00,216.86,216.18,3272.7186787318656,2225.448701537691,0.0021949644932214548,55,v3_short,timeout,False,A,True,0.011528174859356265,0.003321996510492044,-0.0002314857511758756,0.7040000000000077,0.29599999999999227
NLMK,-1,2022-02-14 23:30:00+00:00,2022-02-15 07:10:00+00:00,228.34,230.6234,3115.002131737185,-7112.79586760869,-0.007000000000000002,46,v3_short,sl,False,A,True,0.018654755648975386,0.004132393892922385,8.933263268523225e-05,0.943661971830984,0.056338028169015966
NLMK,1,2022-02-15 19:50:00+00:00,2022-02-16 06:50:00+00:00,233.08,233.0,3030.2927306227166,-242.42341844985523,-0.00024026085464222055,66,v3_long,timeout,False,A,True,0.013729191693838976,0.003714236681458237,0.00036296550540586834,0.025000000000003998,0.974999999999996
NLMK,1,2022-10-05 23:00:00+00:00,2022-10-06 09:50:00+00:00,80.26,80.16,8798.043025923595,-879.8043025924345,-0.0008721654622477693,65,v3_long,timeout,False,A,True,0.015204386839481542,0.004603536329786144,0.0003963110667996021,0.11475409836065631,0.8852459016393437
NLMK,-1,2022-10-20 13:20:00+00:00,2022-10-20 15:00:00+00:00,86.62,87.48620000000001,8144.9442420781925,-7055.150702488181,-0.00700000000000005,10,v3_short,sl,False,A,True,0.01085951940850291,0.0038288883020860956,,0.9361702127659558,0.06382978723404416
NLMK,-1,2022-11-23 13:20:00+00:00,2022-11-23 21:20:00+00:00,107.8,106.84,6498.854032996952,6238.899871677033,0.006233766233766193,48,v3_short,timeout,False,A,True,0.021892393320964744,0.0044880289778248695,,0.9322033898305099,0.0677966101694901
NLMK,-1,2023-02-09 13:20:00+00:00,2023-02-09 14:40:00+00:00,120.22,121.4222,5863.780524598615,-7049.436946672483,-0.007000000000000029,8,v3_short,sl,False,A,True,0.0188019966722129,0.003937881308929578,,0.8318584070796473,0.16814159292035263
NLMK,-1,2023-02-17 13:20:00+00:00,2023-02-17 21:20:00+00:00,118.02,117.08,5931.275112731526,5575.398605967621,0.005575326215895598,48,v3_short,timeout,False,A,True,0.024233180816810706,0.004147803842770815,,0.7972027972027977,0.20279720279720223
NLMK,-1,2023-03-01 13:20:00+00:00,2023-03-01 21:20:00+00:00,126.96,127.94,5544.359387435034,-5433.4721996863545,-0.005403276622558307,48,v3_short,timeout,False,A,True,0.018582677165354326,0.0032095988001499664,,0.7711864406779634,0.2288135593220366
NLMK,-1,2023-03-29 21:40:00+00:00,2023-03-30 09:50:00+00:00,132.54,132.3,5282.242623275778,1267.7382295860846,0.0012675418741510977,73,v3_short,timeout,False,A,True,0.012675418741512049,0.003270479762751648,0.00034706503696997306,0.9166666666666582,0.0833333333333418
NLMK,-1,2023-04-18 13:20:00+00:00,2023-04-18 17:20:00+00:00,134.0,135.34,5231.312343654341,-7009.958540496835,-0.0070000000000000175,24,v3_short,sl,False,A,True,0.01910162662289212,0.003375473454566097,,0.8828124999999957,0.11718750000000433
NLMK,1,2023-04-21 13:20:00+00:00,2023-04-21 21:20:00+00:00,138.64,139.72,5020.837298552611,5422.504282436883,0.005452971725331859,48,v3_long,timeout,False,A,True,0.020484708597807297,0.0045819250954853875,,0.21126760563380056,0.7887323943661995
NLMK,-1,2023-05-04 13:20:00+00:00,2023-05-04 17:10:00+00:00,131.66,129.6851,5315.848671343155,10498.269541035548,0.010499999999999952,23,v3_short,tp,False,A,True,0.020969457529250803,0.004348738431704529,,0.9637681159420309,0.03623188405796907
NLMK,-1,2023-05-11 13:20:00+00:00,2023-05-11 14:40:00+00:00,131.66,129.6851,5371.665082392257,10608.50137121642,0.01049999999999995,8,v3_short,tp,False,A,True,0.013673655423883406,0.003942932384135688,,0.6444444444444385,0.3555555555555615
NLMK,-1,2023-05-31 13:20:00+00:00,2023-05-31 17:40:00+00:00,145.5,146.955,4911.748286650282,-7146.593757076223,-0.00700000000000006,26,v3_short,sl,False,A,True,0.01456844420010998,0.0036715620827770354,,0.8584905660377308,0.1415094339622692
NLMK,1,2023-06-20 13:20:00+00:00,2023-06-20 16:10:00+00:00,171.56,169.8444,4136.493122392532,-7096.567600776607,-0.006999999999999979,17,v3_long,sl,False,A,True,0.025297272091396615,0.0056290177530559675,,0.20737327188940208,0.792626728110598
NLMK,-1,2023-07-12 13:20:00+00:00,2023-07-12 21:20:00+00:00,184.14,184.42,3826.920618861297,-1071.5377732811676,-0.0010644075160204237,48,v3_short,timeout,False,A,True,0.020095589832717732,0.003377714327095174,,0.8486486486486475,0.15135135135135244
NLMK,-1,2023-09-26 13:20:00+00:00,2023-09-26 13:30:00+00:00,203.34,205.3734,3461.8820021433185,-7039.390863158224,-0.007000000000000001,1,v3_short,sl,False,A,True,0.0229172814006098,0.0056578941205674815,,0.6652360515021452,0.3347639484978548
NLMK,-1,2023-12-19 13:20:00+00:00,2023-12-19 17:50:00+00:00,171.26,172.9726,4081.5807118510543,-6990.1151271161525,-0.0070000000000000374,27,v3_short,sl,False,A,True,0.0199696368095293,0.0039483269659609625,,0.865497076023389,0.134502923976611
NLMK,-1,2023-12-20 13:20:00+00:00,2023-12-20 17:50:00+00:00,175.92,177.67919999999998,3945.6482044260474,-6941.184321226274,-0.0069999999999999715,27,v3_short,sl,False,A,True,0.012391996361982759,0.0038220836310877333,,0.7339449541284354,0.26605504587156453
NLMK,-1,2024-01-12 13:20:00+00:00,2024-01-12 17:10:00+00:00,197.6,199.576,3488.1558861223266,-6892.596030977714,-0.006999999999999996,23,v3_short,sl,False,A,True,0.022165991902833984,0.004063042220936948,,0.7808219178082171,0.21917808219178286
NLMK,-1,2024-02-08 13:20:00+00:00,2024-02-08 21:20:00+00:00,198.12,196.12,3454.6476169800494,6909.295233960099,0.007066424389259035,48,v3_short,timeout,False,A,True,0.021192854980321005,0.0036811172142689062,,0.8523809523809519,0.1476190476190481
NLMK,-1,2024-02-09 13:20:00+00:00,2024-02-09 21:20:00+00:00,199.16,199.6,3460.8922099812185,-1522.7925723917283,-0.0015464952801767344,48,v3_short,timeout,False,A,True,0.023204419889502784,0.003329267417665205,,0.8658008658008649,0.13419913419913504
NLMK,-1,2024-06-07 13:20:00+00:00,2024-06-07 13:30:00+00:00,195.18,197.1318,3526.0033699107757,-6882.053377391822,-0.006999999999999969,1,v3_short,sl,False,A,True,0.018239573726816283,0.0031423984697885906,,0.7696629213483167,0.23033707865168332
NLMK,-1,2024-07-17 13:20:00+00:00,2024-07-17 16:50:00+00:00,165.28,166.93280000000001,4134.7283420559725,-6833.879003750167,-0.007000000000000057,21,v3_short,sl,False,A,True,0.021186440677966104,0.005459471924362965,,0.8114285714285724,0.18857142857142759
NLMK,-1,2024-07-30 13:20:00+00:00,2024-07-30 16:00:00+00:00,165.44,167.0944,4101.81446489595,-6786.041850723898,-0.00700000000000004,16,v3_short,sl,False,A,True,0.02622990450864259,0.005951661457523928,,0.89400921658986,0.10599078341014
NLMK,-1,2024-08-07 23:30:00+00:00,2024-08-08 09:50:00+00:00,161.7,162.0,4167.309559535432,-1250.1928678606769,-0.0012987012987013481,62,v3_short,timeout,False,A,True,0.013732525052579481,0.003019691112867273,0.00027836199430904366,0.7207207207207186,0.2792792792792815
NLMK,-1,2024-08-13 13:20:00+00:00,2024-08-13 21:20:00+00:00,165.06,164.84,4077.1769100289393,896.978920206362,0.0009329940627650502,48,v3_short,timeout,False,A,True,0.0162306201550388,0.0032645810262089477,,0.880597014925376,0.11940298507462402
NLMK,-1,2024-08-23 23:00:00+00:00,2024-08-23 23:50:00+00:00,140.8,140.74,4784.138537027849,287.04831222168184,0.00029829545454546584,5,v3_short,weekend_exit,False,A,True,0.01065340909090909,0.0034380797773654872,-0.0004147727272727295,0.8666666666666742,0.13333333333332575
NLMK,-1,2024-09-04 13:20:00+00:00,2024-09-04 13:50:00+00:00,129.48,130.7748,5203.951497003988,-6738.076398320813,-0.007000000000000051,3,v3_short,sl,False,A,True,0.021470497374111844,0.004589787722317861,,0.8129496402877662,0.18705035971223383
NLMK,1,2024-09-05 23:20:00+00:00,2024-09-06 09:50:00+00:00,139.16,139.36,4808.069749592209,961.6139499185238,0.0010060362173039087,63,v3_long,timeout,False,A,True,0.012500000000000067,0.005313159746657289,6.609195402298965e-05,0.8045977011494243,0.19540229885057564
NLMK,-1,2024-09-16 22:50:00+00:00,2024-09-17 09:50:00+00:00,152.62,152.1,4388.442642630027,2281.990174167659,0.002385008517887611,66,v3_short,timeout,False,A,True,0.017559952824007196,0.0032868081054987825,-0.00011400864893198855,0.8656716417910492,0.13432835820895078
NLMK,-1,2024-09-27 13:20:00+00:00,2024-09-27 17:50:00+00:00,143.24,144.6724,4686.969486457079,-6713.615092401126,-0.007000000000000005,27,v3_short,sl,False,A,True,0.022765363128491756,0.004495876562915663,,0.8098159509202452,0.19018404907975486
NLMK,-1,2024-11-13 13:20:00+00:00,2024-11-13 20:00:00+00:00,132.62,130.6307,5026.858533218454,9999.929680131541,0.010500000000000075,40,v3_short,tp,False,A,True,0.020358920223194,0.003626544872209184,,0.8592592592592604,0.14074074074073964
NLMK,-1,2024-12-20 13:20:00+00:00,2024-12-20 13:30:00+00:00,120.1,121.301,5609.1750995131,-6736.619294515275,-0.0070000000000000435,1,v3_short,sl,False,A,True,0.014982520392874956,0.004661228566672207,,0.8,0.2
NLMK,-1,2024-12-23 21:40:00+00:00,2024-12-24 09:50:00+00:00,134.54,135.0,4972.099717150012,-2287.165869889045,-0.0023933402705515502,73,v3_short,timeout,False,A,True,0.014124293785310776,0.004669664475959867,-0.0004044008325899535,0.9684210526315779,0.03157894736842216
NLMK,-1,2024-12-25 22:10:00+00:00,2024-12-26 09:50:00+00:00,135.26,135.58,4933.79624306107,-1578.8147977796489,-0.001656069791512754,70,v3_short,timeout,False,A,True,0.00887180245453193,0.003421980946748033,0.0001730001478633724,0.8666666666666683,0.13333333333333175
NLMK,-1,2025-01-28 10:30:00+00:00,2025-01-28 13:30:00+00:00,141.4,142.814,4711.740519646354,-6662.401094779885,-0.006999999999999937,18,v3_short,sl,False,A,True,0.015841584158415904,0.003323903818953297,-9.759547383309727e-05,0.7767857142857152,0.2232142857142848
NLMK,-1,2025-01-29 12:50:00+00:00,2025-01-29 20:50:00+00:00,145.92,144.52,4533.829692376979,6347.361569327668,0.006716008771929717,48,v3_short,timeout,False,A,True,0.015487938596491167,0.003670199805068205,,0.9115044247787532,0.08849557522124683
NLMK,-1,2025-02-12 12:20:00+00:00,2025-02-12 14:10:00+00:00,144.0,145.44,4625.1359847929025,-6660.195818101769,-0.006999999999999988,11,v3_short,sl,False,A,True,0.015000000000000173,0.002946127946127952,,0.6296296296296287,0.37037037037037135
NLMK,-1,2025-02-12 19:50:00+00:00,2025-02-12 20:00:00+00:00,145.34,146.7934,4550.415885079859,-6613.574447375012,-0.006999999999999941,1,v3_short,sl,False,A,True,0.01651300399064267,0.0030301923989631647,9.357368928030526e-05,0.8916666666666707,0.10833333333332928
NLMK,-1,2025-02-17 22:20:00+00:00,2025-02-18 06:50:00+00:00,156.26,156.92,4202.789854245131,-2773.8413038017725,-0.0029566107769102624,51,v3_short,timeout,False,A,True,0.016126967874055945,0.0036255638822788763,0.0003186996032253948,0.9761904761904752,0.023809523809524884
NLMK,-1,2025-02-19 10:40:00+00:00,2025-02-19 11:40:00+00:00,155.64,153.3054,4207.056371830397,9821.793805675223,0.010499999999999975,6,v3_short,tp,False,A,True,0.01605858170606372,0.003597122302158256,0.00011947584789311496,0.7759999999999991,0.22400000000000092
NLMK,1,2025-02-20 20:30:00+00:00,2025-02-21 06:50:00+00:00,157.02,157.6,4213.8677198806245,2444.043277530695,0.0025856578779772563,62,v3_long,timeout,False,A,True,0.018848700967906317,0.003222888747959709,0.0002024961793173682,0.14189189189189688,0.8581081081081031
NLMK,1,2025-02-21 20:20:00+00:00,2025-02-21 20:50:00+00:00,159.9,160.72,4148.670041713115,3401.909434204726,0.0035897435897435594,3,v3_long,opposite_signal,False,A,True,0.01137926722520941,0.004210762709485423,6.002250844066752e-05,0.24175824175824143,0.7582417582417585
NLMK,-1,2025-02-21 21:10:00+00:00,2025-02-21 23:50:00+00:00,160.94,160.4,4136.657613233941,2233.7951111462953,0.0023487013793960137,16,v3_short,weekend_exit,False,A,True,0.009198259788688563,0.004010603619943921,3.853325046612831e-05,0.7702702702702664,0.22972972972973363
NLMK,1,2025-03-03 19:20:00+00:00,2025-03-03 20:40:00+00:00,154.12,155.58,4329.855520709011,6321.589060235191,0.006631196470282932,8,v3_long,opposite_signal,False,A,True,0.014272739068379323,0.004128237515325314,7.78513040093451e-06,0.027272727272728448,0.9727272727272716
NLMK,-1,2025-03-03 21:00:00+00:00,2025-03-03 21:20:00+00:00,155.66,154.86,4315.446776267748,3452.3574210141246,0.0035975844789926004,2,v3_short,opposite_signal,False,A,True,0.010792753436978074,0.0037260696389566873,6.55274315816548e-05,0.9523809523809451,0.04761904761905487
NLMK,-1,2025-03-05 10:40:00+00:00,2025-03-05 12:30:00+00:00,162.46,164.08460000000002,4149.692819084989,-6741.590953885537,-0.007000000000000065,11,v3_short,sl,False,A,True,0.011695186507448021,0.00431945790000482,-0.0002080512126061797,0.9473684210526347,0.052631578947365275
NLMK,-1,2025-03-25 20:40:00+00:00,2025-03-26 06:50:00+00:00,153.68,154.58,4356.064430770611,-3920.4579876935745,-0.004099427381572124,61,v3_short,timeout,False,A,True,0.021343050494534103,0.0031021258060746327,-0.0003969286829776099,0.9634146341463401,0.03658536585365991
NLMK,-1,2025-03-28 10:20:00+00:00,2025-03-28 10:50:00+00:00,142.8,144.228,4668.737122755195,-6666.956611294406,-0.006999999999999985,3,v3_short,sl,False,A,True,0.018067226890756388,0.004161664665866352,-9.80392156862729e-05,0.6976744186046522,0.3023255813953478
NLMK,-1,2025-03-31 20:20:00+00:00,2025-04-01 06:50:00+00:00,144.06,144.46,4595.507368468248,-1838.2029473873254,-0.0019436345966958486,63,v3_short,timeout,False,A,True,0.010409437890353921,0.003359345125975434,4.163775156145671e-06,0.839999999999994,0.16000000000000605
NLMK,-1,2025-04-02 19:50:00+00:00,2025-04-02 21:30:00+00:00,142.34,143.76340000000002,4641.998380204895,-6607.420494383717,-0.007000000000000074,10,v3_short,sl,False,A,True,0.015028089887640553,0.0040587021325383995,0.00014606741573033993,0.5514018691588779,0.4485981308411221
NLMK,-1,2025-04-15 10:20:00+00:00,2025-04-15 11:30:00+00:00,132.2,131.02,4963.062443965932,5856.413683879693,0.006248108925869781,7,v3_short,opposite_signal,False,A,True,0.014826021180030319,0.00361645414595491,7.715582450831936e-05,0.8469387755101989,0.15306122448980108
NLMK,-1,2025-04-16 12:40:00+00:00,2025-04-16 13:10:00+00:00,129.88,131.1788,5083.279524722913,-6602.163446710119,-0.007,3,v3_short,sl,False,A,True,0.014934565050038474,0.0032816452215990418,,0.8556701030927828,0.14432989690721726
NLMK,1,2025-04-16 21:10:00+00:00,2025-04-17 06:50:00+00:00,131.82,131.62,4973.409423898611,-994.6818847796657,-0.0010620543164921261,58,v3_long,timeout,False,A,True,0.013197815533980651,0.0031578165246681114,0.0004899878640776727,0.14942528735631583,0.8505747126436841
NLMK,-1,2025-04-17 20:50:00+00:00,2025-04-17 23:40:00+00:00,132.78,134.1078,4932.207809451492,-6548.985529389673,-0.006999999999999981,17,v3_short,sl,False,A,True,0.009640006025003775,0.0030370937349182506,-8.585630366018876e-05,0.9218750000000046,0.07812499999999549
NLMK,-1,2025-04-18 10:40:00+00:00,2025-04-18 10:50:00+00:00,132.96,132.36,4891.051918384448,2934.631151030641,0.00315884476534293,1,v3_short,opposite_signal,False,A,True,0.010078219013236875,0.0031588447653429497,-0.0001835138387484956,0.6567164179104567,0.34328358208954335
NLMK,-1,2025-04-18 20:00:00+00:00,2025-04-18 23:50:00+00:00,131.4,130.84,4964.752700716269,2780.2615124011218,0.0029832572298325844,23,v3_short,weekend_exit,False,A,True,0.007001522070015125,0.0036498617711924817,-0.00023744292237442525,0.9565217391304428,0.04347826086955716
NLMK,-1,2025-04-25 20:10:00+00:00,2025-04-25 23:50:00+00:00,135.3,135.76,4836.028735645222,-2224.573218396703,-0.0023798965262378834,22,v3_short,weekend_exit,False,A,True,0.008131283264340585,0.0035029387272354066,6.357185097575501e-05,0.8727272727272845,0.12727272727271552
NLMK,1,2025-04-28 20:10:00+00:00,2025-04-28 21:50:00+00:00,135.06,133.7094,4833.092600917525,-6527.5748667992775,-0.007000000000000075,10,v3_long,sl,False,A,True,0.008736857692877291,0.0035449097453285824,-7.848363690211353e-05,0.23728813559321993,0.7627118644067801
NLMK,-1,2025-04-30 13:20:00+00:00,2025-04-30 14:30:00+00:00,129.32,130.6132,5012.28104139469,-6481.881842731678,-0.00700000000000007,7,v3_short,sl,False,A,True,0.012527064645839813,0.004362067461356042,,0.7283950617283972,0.27160493827160276
NLMK,1,2025-04-30 19:20:00+00:00,2025-04-30 22:30:00+00:00,128.8,130.38,4997.289339932058,7895.717157092573,0.008586956521739044,19,v3_long,opposite_signal,False,A,True,0.017083398043174537,0.0039776743124645495,0.00017704612517471444,0.09090909090909796,0.9090909090909021
NLMK,-1,2025-04-30 22:50:00+00:00,2025-05-02 06:50:00+00:00,130.72,130.28,4966.17096843034,2185.115226109338,0.002356181150550784,192,v3_short,timeout,False,A,True,0.015601101254206119,0.003296271093325681,5.9651269501374486e-05,0.9705882352941164,0.02941176470588358
NLMK,-1,2025-05-15 20:30:00+00:00,2025-05-16 06:50:00+00:00,126.68,126.58,5136.623378998187,513.6623378998625,0.0005525734133249601,62,v3_short,timeout,False,A,True,0.013893274392169285,0.003434654569121619,0.00022734449005367818,0.5909090909090927,0.40909090909090723
NLMK,-1,2025-05-23 13:10:00+00:00,2025-05-23 21:10:00+00:00,117.6,116.74,5536.284126598813,4761.204348874976,0.005119047619047616,48,v3_short,timeout,False,A,True,0.018024145553477217,0.0031188752360411277,,0.6981132075471682,0.30188679245283184
NLMK,-1,2025-05-27 19:20:00+00:00,2025-05-28 06:50:00+00:00,114.74,114.62,5703.328014051184,684.399361686087,0.0007320899424785884,69,v3_short,timeout,False,A,True,0.019177126917712718,0.003042011783793017,5.05578800557891e-05,0.9272727272727225,0.07272727272727754
NLMK,1,2025-05-29 11:30:00+00:00,2025-05-29 12:10:00+00:00,118.64,117.4536,5519.883141313327,-6548.789358854165,-0.007000000000000036,4,v3_long,sl,False,A,True,0.017363452461227263,0.004148203448608034,,0.6504854368932048,0.3495145631067952
NLMK,1,2025-05-30 20:10:00+00:00,2025-05-30 23:50:00+00:00,116.98,117.18,5559.025331973116,1111.805066394639,0.0011967857753462298,22,v3_long,weekend_exit,False,A,True,0.007522653445033421,0.0032414401903691913,0.00010429133185159603,0.11363636363637208,0.8863636363636279
NLMK,-1,2025-06-03 19:20:00+00:00,2025-06-04 06:50:00+00:00,118.92,120.48,5474.882668017923,-8540.816962107972,-0.009182643794147339,69,v3_short,gap_sl,False,A,True,0.012613521695257316,0.002986058197244585,-3.0272452068618706e-05,0.9866666666666694,0.01333333333333068
NLMK,-1,2025-06-05 10:20:00+00:00,2025-06-05 11:00:00+00:00,120.36,119.4,5359.708167225123,5145.3198405360845,0.005583250249252207,4,v3_short,opposite_signal,False,A,True,0.022262834357866693,0.004050664957792391,1.6614055490953842e-06,0.8582089552238819,0.1417910447761181
NLMK,1,2025-06-05 19:40:00+00:00,2025-06-06 06:50:00+00:00,119.74,120.24,5417.539660060056,2708.769830030028,0.0029229998329714383,67,v3_long,timeout,False,A,True,0.017201068804275237,0.003326380652461387,0.00018871075484302096,0.15533980582523924,0.8446601941747608
NLMK,1,2025-06-18 19:30:00+00:00,2025-06-19 06:50:00+00:00,112.32,112.66,5792.310699578099,1969.3856378565733,0.00211894586894589,68,v3_long,timeout,False,A,True,0.014066951566951553,0.003404994476423055,0.00011396011396011406,0.08860759493670033,0.9113924050632997
NLMK,-1,2025-06-27 20:30:00+00:00,2025-06-27 23:50:00+00:00,109.9,110.14,5932.401344159342,-1423.776322598212,-0.001528662420382133,20,v3_short,weekend_exit,False,A,True,0.011828935395814479,0.0030083006815101137,-0.00014922656960873396,1.0,0.0
NLMK,-1,2025-07-01 11:00:00+00:00,2025-07-01 11:20:00+00:00,114.26,114.0,5697.3067066103,1481.2997437187073,0.0015928583931384874,2,v3_short,opposite_signal,False,A,True,0.013662637940094606,0.004126817306008053,0.00023822035382729012,0.6153846153846196,0.3846153846153804
NLMK,-1,2025-07-04 10:20:00+00:00,2025-07-04 11:00:00+00:00,114.76,114.14,5681.519467740467,3522.5420699991155,0.0037818055071453744,4,v3_short,opposite_signal,False,A,True,0.014818688981868923,0.003088264594540756,-1.3947001394697365e-05,0.6235294117647062,0.37647058823529383
NLMK,-1,2025-07-15 11:30:00+00:00,2025-07-15 12:20:00+00:00,110.42,111.52420000000001,5927.159514280886,-6544.769535668988,-0.007000000000000037,5,v3_short,sl,False,A,True,0.010505343234921178,0.0031503092089942186,,0.6551724137931098,0.3448275862068902
NLMK,-1,2025-07-18 19:30:00+00:00,2025-07-18 23:50:00+00:00,112.82,113.66,5760.464588653849,-4838.790254469253,-0.005211841872008531,26,v3_short,weekend_exit,False,A,True,0.013472788512675023,0.0032524266575979783,0.0001453642971104402,1.0,0.0
NLMK,-1,2025-08-22 12:40:00+00:00,2025-08-22 20:40:00+00:00,121.38,121.7,5326.317858904257,-1704.4217148494017,-0.001845444059976975,48,v3_short,timeout,False,A,True,0.012343647136273865,0.003080033856860705,,0.6666666666666666,0.3333333333333333
NLMK,-1,2025-09-24 11:30:00+00:00,2025-09-24 16:20:00+00:00,108.04,109.1204,5972.930086203296,-6453.153665134026,-0.006999999999999984,29,v3_short,sl,False,A,True,0.01684249491023499,0.003219111075857331,,0.8901098901098959,0.10989010989010406
NLMK,1,2025-09-26 11:10:00+00:00,2025-09-26 19:10:00+00:00,106.66,107.5,6007.858231275177,5046.600914271169,0.005512844552784572,48,v3_long,timeout,False,A,True,0.010500656291018231,0.0032886670801540604,-1.8751171948245702e-05,0.4464285714285696,0.5535714285714304
NLMK,1,2025-10-15 19:50:00+00:00,2025-10-16 06:50:00+00:00,97.0,97.28,6642.5853565752595,1859.9238998410801,0.002020618556701039,66,v3_long,timeout,False,A,True,0.012788778877887883,0.003338216474708689,3.919141914191373e-05,0.03225806451613384,0.9677419354838661
NLMK,-1,2025-10-28 19:50:00+00:00,2025-10-29 06:50:00+00:00,98.1,98.64,6581.373356959112,-3553.9416127579616,-0.0038532110091743566,66,v3_short,timeout,False,A,True,0.01304791029561673,0.0031288356321121764,0.0002507645259938846,0.9374999999999903,0.06250000000000971
MTSS,-1,2022-01-14 10:20:00+00:00,2022-01-14 12:30:00+00:00,292.25,287.86625,2395.2095808383233,10500.00000000005,0.01050000000000005,13,v3_short,tp,False,A,True,0.01266255989048593,0.003023043577458345,-4.96235455167709e-05,0.8783783783783811,0.12162162162161892
MTSS,-1,2022-01-14 22:40:00+00:00,2022-01-14 23:50:00+00:00,289.55,289.65,2442.928682438266,-244.2928682437433,-0.00024175444655491666,7,v3_short,weekend_exit,False,A,True,0.015188125647221185,0.0046318147555881135,-2.588885053504017e-05,0.9204545454545527,0.0795454545454472
MTSS,1,2022-01-20 19:40:00+00:00,2022-01-21 06:50:00+00:00,276.9,274.2,2553.9147525902113,-6895.569831993542,-0.006825568797399756,67,v3_long,timeout,False,A,True,0.016793066088840656,0.0045474311067872355,0.00012459371614300947,0.19354838709677025,0.8064516129032298
MTSS,1,2022-01-21 19:50:00+00:00,2022-01-21 23:50:00+00:00,274.25,273.45,2560.9921462528127,-2048.793717002279,-0.002041932543299938,24,v3_long,weekend_exit,False,A,True,0.01257976298997261,0.004081632653061218,8.933454876936852e-05,0.20289855072463506,0.797101449275365
MTSS,1,2022-01-24 20:10:00+00:00,2022-01-24 21:50:00+00:00,267.25,269.0,2622.705109477764,4589.733941586087,0.004583723105706268,10,v3_long,opposite_signal,False,A,True,0.018532384874578766,0.00566171807547429,-0.00029389741669787103,0.09090909090908882,0.9090909090909112
MTSS,1,2022-01-25 20:10:00+00:00,2022-01-25 21:50:00+00:00,274.9,279.02349999999996,2561.406890749519,10561.961314005586,0.010499999999999949,10,v3_long,tp,False,A,True,0.014550745725718444,0.004302120993905014,8.366678792288354e-05,0.8249999999999886,0.17500000000001137
MTSS,-1,2022-02-14 20:30:00+00:00,2022-02-14 21:50:00+00:00,284.4,280.13399999999996,2501.842922597913,10672.861907802746,0.010500000000000047,8,v3_short,tp,False,A,True,0.01600140671707387,0.004668721717630223,0.00014418850008792063,0.8901098901098891,0.10989010989011098
MTSS,-1,2022-02-15 19:20:00+00:00,2022-02-16 06:50:00+00:00,285.35,287.0,2519.695568678144,-4157.49768831888,-0.004047660767478479,69,v3_short,timeout,False,A,True,0.006651496586731935,0.0038651553742449006,0.00019779450376334598,0.6578947368421131,0.34210526315788686
MTSS,-1,2022-02-16 11:30:00+00:00,2022-02-16 19:30:00+00:00,290.8,288.75,2462.4652068104715,5048.0536739614945,0.004934662998624511,48,v3_short,timeout,False,A,True,0.01565456734904509,0.0034282765230640587,,0.8131868131868188,0.18681318681318118
MTSS,-1,2022-02-17 11:10:00+00:00,2022-02-17 11:30:00+00:00,285.7,281.4145,2518.7907585308308,10794.277795683909,0.010500000000000034,2,v3_short,tp,False,A,True,0.010323709536307922,0.0036115485564304555,-0.00020647419072616243,0.8983050847457584,0.10169491525424153
MTSS,-1,2023-02-01 13:20:00+00:00,2023-02-01 21:20:00+00:00,251.6,251.4,2890.200771737826,578.0401543475324,0.0005564387917328777,48,v3_short,timeout,False,A,True,0.017100815271425665,0.0029921692280013984,,0.8023255813953494,0.19767441860465063
MTSS,-1,2023-02-17 13:20:00+00:00,2023-02-17 18:10:00+00:00,248.0,250.48,2933.786864021292,-7275.791422772774,-0.006999999999999972,29,v3_short,sl,False,A,True,0.016129032258064516,0.0036770353302611487,,0.8999999999999986,0.10000000000000142
MTSS,-1,2023-02-21 13:20:00+00:00,2023-02-21 21:20:00+00:00,250.7,251.0,2881.8751028374127,-864.5625308512566,-0.0008376545672118388,48,v3_short,timeout,False,A,True,0.022337455125648165,0.0038843618819685705,,0.7053571428571416,0.2946428571428585
MTSS,-1,2023-03-21 13:20:00+00:00,2023-03-21 21:20:00+00:00,255.0,254.05,2830.9054686656605,2689.360195232345,0.0026078431372548705,48,v3_short,timeout,False,A,True,0.02254018032144257,0.004293367680274765,,0.782608695652174,0.21739130434782608
MTSS,-1,2023-04-19 13:20:00+00:00,2023-04-19 16:40:00+00:00,270.05,265.99925,2680.1090414604923,10856.451699696072,0.01049999999999998,20,v3_short,tp,False,A,True,0.023329013145713798,0.0030417647525590496,,0.8492063492063513,0.1507936507936487
MTSS,-1,2023-05-12 13:20:00+00:00,2023-05-12 21:20:00+00:00,274.3,275.15,2666.2885994757316,-2266.345309554281,-0.0021691578563615603,48,v3_short,timeout,False,A,True,0.018592781625957063,0.003984167491276503,,0.8431372549019592,0.15686274509804074
MTSS,-1,2023-10-25 13:20:00+00:00,2023-10-25 21:20:00+00:00,285.25,284.65,2558.375183591605,1535.0251101550211,0.0014723926380368654,48,v3_short,timeout,False,A,True,0.02261174408413688,0.0030299236258920707,,0.829457364341083,0.17054263565891706
MTSS,-1,2024-02-21 13:20:00+00:00,2024-02-21 21:20:00+00:00,278.85,277.65,2620.9468843342793,3145.1362612012545,0.0030123722431415877,48,v3_short,timeout,False,A,True,0.025999641384256766,0.004303388918773532,,0.8275862068965517,0.1724137931034483
MTSS,-1,2024-07-10 13:20:00+00:00,2024-07-10 16:00:00+00:00,278.75,274.56875,2629.785234365757,10995.78951119176,0.010499999999999942,16,v3_short,tp,False,A,True,0.023314203730272594,0.004833640773382516,,0.6538461538461539,0.34615384615384615
MTSS,-1,2024-09-03 23:10:00+00:00,2024-09-04 09:50:00+00:00,188.35,189.3,3932.8361387697846,-3736.1943318313624,-0.003530661003451086,64,v3_short,timeout,False,A,True,0.015662330767188686,0.004377434541642505,-0.0002256437483408548,0.8813559322033913,0.1186440677966087
MTSS,-1,2024-09-04 13:20:00+00:00,2024-09-04 19:00:00+00:00,190.25,192.1525,3879.8126186859763,-7381.343507050083,-0.007000000000000012,34,v3_short,sl,False,A,True,0.016819973718791004,0.0037669732807709116,,0.8437499999999994,0.15625000000000056
MTSS,-1,2024-09-13 13:20:00+00:00,2024-09-13 13:30:00+00:00,194.7,191.77949999999998,3764.5989227019622,10994.511153751097,0.010500000000000016,1,v3_short,tp,False,A,True,0.0161787365177196,0.0031183505759776946,,0.6984126984126935,0.30158730158730646
MTSS,-1,2024-09-25 13:20:00+00:00,2024-09-25 16:50:00+00:00,209.4,206.25900000000001,3537.075301135136,11109.95352086543,0.010499999999999968,21,v3_short,tp,False,A,True,0.03008595988538674,0.005639696184108775,,0.8095238095238109,0.1904761904761892
MTSS,-1,2024-11-26 22:20:00+00:00,2024-11-27 09:50:00+00:00,170.35,170.05,4393.545849852089,1318.0637549555518,0.001232756090402043,69,v3_short,timeout,False,A,True,0.01115023474178407,0.004766695410558581,-0.0005252347417840368,0.9210526315789446,0.07894736842105539
MTSS,-1,2025-02-14 19:40:00+00:00,2025-02-14 23:50:00+00:00,251.65,251.45,2977.7992455822464,595.5598491165,0.0005563282336579056,25,v3_short,weekend_exit,False,A,True,0.013709517186568602,0.004407644241881116,-0.00027021657063381726,0.7681159420289897,0.2318840579710103
MTSS,-1,2025-02-19 12:50:00+00:00,2025-02-19 14:00:00+00:00,246.9,249.369,3036.7763144801693,-7497.80072045152,-0.006999999999999982,7,v3_short,sl,False,A,True,0.016191054442420562,0.0031595043738334404,,0.8500000000000014,0.14999999999999858
MTSS,-1,2025-02-27 10:20:00+00:00,2025-02-27 11:30:00+00:00,248.85,246.85,2991.889136189824,5983.778272379648,0.005625879043600563,7,v3_short,opposite_signal,False,A,True,0.01766713511343106,0.0035468112159539496,-6.424412768520468e-05,0.8522727272727262,0.14772727272727382
MTSS,-1,2025-03-03 22:30:00+00:00,2025-03-04 06:50:00+00:00,239.5,239.6,3126.1806109874888,-312.6180610987311,-0.0002922755741127183,50,v3_short,timeout,False,A,True,0.014196242171190003,0.0037322653487282162,-0.00018789144050104382,1.0,0.0
MTSS,-1,2025-03-05 12:50:00+00:00,2025-03-05 12:50:00+00:00,248.15,250.63150000000002,3016.326510935863,-7485.014236887378,-0.007000000000000031,0,v3_short,sl,False,A,True,0.013298408220834218,0.003973850941410878,,0.893939393939396,0.10606060606060397
MTSS,1,2025-03-05 19:50:00+00:00,2025-03-05 22:30:00+00:00,247.35,244.8765,3004.8995905514985,-7432.619137229136,-0.0070000000000000045,16,v3_long,sl,False,A,True,0.013947847180109111,0.003444676839808079,0.0001677784515868217,0.10144927536231753,0.8985507246376825
MTSS,-1,2025-03-25 19:20:00+00:00,2025-03-26 06:50:00+00:00,237.55,239.15,3106.9630828324675,-4971.14093253193,-0.004714796884866326,69,v3_short,timeout,False,A,True,0.0155756682803621,0.003509465246843838,-0.00013260366238686497,0.9054054054054074,0.09459459459459263
MTSS,-1,2025-03-31 20:10:00+00:00,2025-04-01 06:50:00+00:00,227.95,227.2,3222.5456533190627,2416.909239989297,0.0023031366527747313,64,v3_short,timeout,False,A,True,0.007680491551459293,0.0030094987303677205,0.00028527540048277377,0.7714285714285681,0.2285714285714318
MTSS,-1,2025-04-02 13:10:00+00:00,2025-04-02 21:10:00+00:00,221.65,222.95,3321.773598655867,-4318.30567825257,-0.004105571847507278,48,v3_short,timeout,False,A,True,0.018263810597519654,0.004384975968670266,,0.7654320987654339,0.23456790123456608
MTSS,-1,2025-04-03 22:00:00+00:00,2025-04-04 06:50:00+00:00,218.85,220.55,3350.460608486617,-5695.783034427306,-0.005437514279186714,53,v3_short,timeout,False,A,True,0.013708019191226868,0.00358553291090255,-0.0003175691112634219,0.9833333333333295,0.016666666666670455
MTSS,-1,2025-04-11 19:30:00+00:00,2025-04-11 23:50:00+00:00,220.0,219.8,3314.82389110544,662.9647782210503,0.0006363636363636002,26,v3_short,weekend_exit,False,A,True,0.013636363636363636,0.003710575139146562,-0.00019090909090909038,0.8333333333333334,0.16666666666666666
MTSS,-1,2025-04-15 19:30:00+00:00,2025-04-16 06:50:00+00:00,214.5,214.75,3401.9828969135274,-850.4957242283818,-0.0008158508158508159,68,v3_short,timeout,False,A,True,0.019589552238805916,0.0036551934206518295,-0.00016557835820895576,0.7619047619047613,0.23809523809523875
MTSS,-1,2025-04-16 11:50:00+00:00,2025-04-16 13:50:00+00:00,214.15,216.2915,3404.762943642268,-7291.299843809943,-0.007000000000000024,12,v3_short,sl,False,A,True,0.015176278309596078,0.0032531714530313607,,0.8153846153846172,0.18461538461538288
MTSS,1,2025-04-16 20:50:00+00:00,2025-04-17 06:50:00+00:00,216.1,215.9,3350.4214460450016,-670.0842892089622,-0.0006478482184173626,60,v3_long,timeout,False,A,True,0.018505667360629193,0.0032148876205582815,0.000388619014573212,0.10000000000000142,0.8999999999999986
MTSS,-1,2025-04-23 12:20:00+00:00,2025-04-23 19:10:00+00:00,216.15,215.85,3347.4763612670763,1004.242908380161,0.0009715475364330695,41,v3_short,opposite_signal,False,A,True,0.018043025676613488,0.0033506473478714864,,0.7820512820512838,0.21794871794871618
MTSS,-1,2025-06-04 19:50:00+00:00,2025-06-05 06:50:00+00:00,228.05,226.3,3175.8824184334344,5557.79423225851,0.0053716290287217725,66,v3_short,timeout,False,A,True,0.024352786309785043,0.003031225653929852,-0.00041246160596752863,0.9369369369369381,0.0630630630630619
MTSS,-1,2025-07-07 19:50:00+00:00,2025-07-08 06:50:00+00:00,194.9,193.7,3736.020736204852,4483.224883445886,0.0043099025141098615,66,v3_short,timeout,False,A,True,0.00794871794871786,0.003291470434327579,0.00022820512820513055,0.8064516129032346,0.19354838709676533
MTSS,-1,2025-07-09 11:00:00+00:00,2025-07-09 11:30:00+00:00,198.45,196.9,3685.002262054612,5711.753506184586,0.005467372134038741,3,v3_short,opposite_signal,False,A,True,0.010576680936791712,0.003666582724754473,0.00022160664819945053,0.785714285714277,0.214285714285723
TATN,-1,2022-01-11 12:20:00+00:00,2022-01-11 20:20:00+00:00,502.4,505.4,1393.312101910828,-4179.9363057324845,-0.004179936305732485,48,v3_short,timeout,False,A,True,0.012746464847639867,0.0030719463103450447,,0.953124999999998,0.04687500000000194
TATN,-1,2022-01-14 22:40:00+00:00,2022-01-14 23:50:00+00:00,495.2,498.1,1407.6616409248531,-4082.218758682122,-0.004099353796445928,7,v3_short,weekend_exit,False,A,True,0.012512613521695234,0.0050412899771412065,-2.0181634712439236e-06,0.8064516129032273,0.19354838709677272
TATN,1,2022-01-20 21:10:00+00:00,2022-01-20 23:40:00+00:00,483.1,478.269,1437.003708248623,-6942.164914549123,-0.007000000000000025,15,v3_long,sl,False,A,True,0.014489753674187538,0.005234053878226936,-0.00035603394742289476,0.1571428571428604,0.8428571428571396
TATN,-1,2022-01-26 22:10:00+00:00,2022-01-26 23:00:00+00:00,477.9,470.7315,1442.4711781015387,10340.354640220872,0.01049999999999999,5,v3_short,tp,False,A,True,0.018429319371727773,0.004568864194892623,0.00012774869109947453,0.8977272727272689,0.10227272727273101
TATN,-1,2022-02-03 11:00:00+00:00,2022-02-03 12:50:00+00:00,488.4,481.07399999999996,1426.280147958395,10448.928363943232,0.010500000000000032,11,v3_short,tp,False,A,True,0.01494370522006132,0.0033326509723643795,-0.00023336745138178048,0.9315068493150681,0.06849315068493193
TATN,-1,2022-02-03 19:40:00+00:00,2022-02-03 19:50:00+00:00,487.1,482.9,1445.1025951912138,6069.430899803164,0.006035721617737696,1,v3_short,opposite_signal,False,A,True,0.014370765756518168,0.0037330473145940693,-3.900636419626313e-05,0.7857142857142857,0.21428571428571427
TATN,1,2022-02-03 20:10:00+00:00,2022-02-03 20:40:00+00:00,483.6,485.3,1464.3467240436362,2489.3894308741646,0.0024607113316790566,3,v3_long,opposite_signal,False,A,True,0.014474772539288668,0.003886666329062636,-6.823821339950277e-05,0.2857142857142857,0.7142857142857143
TATN,-1,2022-02-04 21:00:00+00:00,2022-02-04 23:50:00+00:00,491.6,490.8,1444.0615304091018,1155.249224327298,0.001139137510170887,17,v3_short,weekend_exit,False,A,True,0.01058631921824102,0.0037642092667685835,-0.0001852605863192164,0.8653846153846173,0.13461538461538272
TATN,1,2022-02-10 21:00:00+00:00,2022-02-11 06:50:00+00:00,501.9,498.5,1416.037702343382,-4814.528187967467,-0.004741980474198015,59,v3_long,timeout,False,A,True,0.01612903225806456,0.003039686603434684,0.00011748307447232134,0.23456790123456445,0.7654320987654356
TATN,1,2022-02-11 20:20:00+00:00,2022-02-11 21:30:00+00:00,489.0,484.11,1446.5013355308104,-7073.391530745643,-0.00699999999999998,7,v3_long,sl,False,A,True,0.013292433537832311,0.0037268895288176556,-6.3394683026583e-05,0.15384615384615385,0.8461538461538461
TATN,-1,2022-02-15 21:00:00+00:00,2022-02-16 06:50:00+00:00,496.7,498.5,1414.1086752628235,-2545.395615473098,-0.0025367425005033382,59,v3_short,timeout,False,A,True,0.009865109724179654,0.003829355378148827,0.0001671028790014107,0.8775510204081595,0.12244897959184052
TATN,-1,2022-02-18 11:10:00+00:00,2022-02-18 11:10:00+00:00,493.9,491.3,1418.5179228026182,3688.146599286759,0.0036849564689207855,0,v3_short,opposite_signal,False,A,True,0.009917020845982548,0.0032459950492737324,0.00010524185387573228,0.7959183673469379,0.20408163265306217
TATN,-1,2022-11-23 13:20:00+00:00,2022-11-23 21:20:00+00:00,369.2,368.0,1904.625418991641,2285.5505027899476,0.0022751895991332395,48,v3_short,timeout,False,A,True,0.014893040888166802,0.003391229223885602,,0.7999999999999958,0.20000000000000415
TATN,-1,2023-02-21 13:20:00+00:00,2023-02-21 21:20:00+00:00,317.2,315.8,2221.9028689901224,3110.664016586121,0.0030895334174022198,48,v3_short,timeout,False,A,True,0.017023959646910575,0.0034978682519665977,,0.7037037037037014,0.2962962962962986
TATN,-1,2023-04-05 13:20:00+00:00,2023-04-05 17:50:00+00:00,383.3,387.13300000000004,1844.4170489310648,-7069.6505485528205,-0.007000000000000049,27,v3_short,sl,False,A,True,0.02111574556830037,0.004034460499528292,,0.8765432098765435,0.12345679012345645
TATN,-1,2023-05-04 13:20:00+00:00,2023-05-04 17:30:00+00:00,390.0,384.15,1800.0417935161286,10530.244492069392,0.01050000000000004,25,v3_short,tp,False,A,True,0.02435897435897436,0.004566544566544577,,0.8421052631578947,0.15789473684210525
TATN,-1,2023-05-24 13:20:00+00:00,2023-05-24 21:20:00+00:00,429.0,429.2,1653.5838475891344,-330.7167695178081,-0.0003263403263403078,48,v3_short,timeout,False,A,True,0.011660447761194029,0.0032427149964463255,,0.6,0.4
TATN,-1,2023-06-08 13:20:00+00:00,2023-06-08 21:20:00+00:00,473.8,471.2,1496.741175342077,3891.527055889434,0.0038412832418742416,48,v3_short,timeout,False,A,True,0.02005065428450823,0.003346800940722433,,0.7894736842105263,0.21052631578947367
TATN,-1,2023-12-05 13:20:00+00:00,2023-12-05 17:50:00+00:00,629.5,635.795,1130.8658265547242,-7118.800378161943,-0.006999999999999956,27,v3_short,sl,False,A,True,0.011755361397934833,0.003131737206399618,,0.9594594594594654,0.04054054054053452
TATN,-1,2023-12-07 13:20:00+00:00,2023-12-07 21:20:00+00:00,631.4,627.0,1119.5706011268378,4926.110644958061,0.00487804878048778,48,v3_short,timeout,False,A,True,0.021711568938193235,0.003939325333937074,,0.8978102189781033,0.10218978102189666
TATN,-1,2024-05-28 13:20:00+00:00,2024-05-28 16:40:00+00:00,722.0,711.17,983.8575554057564,10655.177325044382,0.01050000000000004,20,v3_short,tp,False,A,True,0.02396121883656519,0.004128742909906339,,0.8786127167630049,0.12138728323699506
TATN,-1,2024-06-04 13:20:00+00:00,2024-06-04 17:00:00+00:00,685.6,692.456,1046.97167317749,-7178.037791304865,-0.006999999999999993,22,v3_short,sl,False,A,True,0.01867250182348644,0.004035983467055679,,0.8281250000000048,0.17187499999999528
TATN,-1,2024-06-07 13:20:00+00:00,2024-06-07 13:30:00+00:00,698.7,705.687,1020.1504976049431,-7127.791526765703,-0.0069999999999999655,1,v3_short,sl,False,A,True,0.014743773260807263,0.0034286259594017935,,0.7961165048543769,0.20388349514562315
TATN,-1,2024-06-11 13:20:00+00:00,2024-06-11 13:50:00+00:00,690.1,697.001,1025.6335293549307,-7077.896986078329,-0.006999999999999952,3,v3_short,sl,False,A,True,0.032015065913371034,0.004263156805529692,,0.8868778280542987,0.11312217194570125
TATN,1,2024-07-15 22:40:00+00:00,2024-07-16 09:50:00+00:00,644.1,642.5,1091.189521374915,-1745.903234199889,-0.0017388604253998072,67,v3_long,timeout,False,A,True,0.01179941002949856,0.0033015535044944827,-0.00019717435180872958,0.1052631578947455,0.8947368421052545
TATN,-1,2024-08-07 13:20:00+00:00,2024-08-07 15:50:00+00:00,608.7,614.787,1152.641758589852,-7016.130384536417,-0.006999999999999987,15,v3_short,sl,False,A,True,0.016428454082470838,0.003191813936022902,,0.7900000000000091,0.20999999999999092
TATN,-1,2024-11-13 13:20:00+00:00,2024-11-13 15:00:00+00:00,596.3,587.3554999999999,1168.3745550636718,10450.526207767085,0.010500000000000072,10,v3_short,tp,False,A,True,0.01677289500167729,0.003761920736090443,,0.6899999999999977,0.3100000000000023
TATN,1,2024-12-16 23:20:00+00:00,2024-12-17 09:50:00+00:00,549.7,548.9,1280.7296989810886,-1024.5837591849584,-0.001018737493178184,63,v3_long,timeout,False,A,True,0.01328238719068405,0.004099456376437041,-0.00014556040756913706,0.2054794520547958,0.7945205479452042
TATN,1,2025-02-27 19:30:00+00:00,2025-02-28 06:50:00+00:00,718.1,713.0,979.3899274453071,-4994.888629971088,-0.0049714524439493325,68,v3_long,timeout,False,A,True,0.019629681191702664,0.003966280929746265,-0.0004218293192259464,0.3546099290780136,0.6453900709219864
TATN,1,2025-02-28 11:30:00+00:00,2025-02-28 18:00:00+00:00,714.7,725.4205,979.156967759193,10497.052272862333,0.010499999999999904,39,v3_long,gap_tp,False,A,True,0.01287073307218809,0.0035324566312255256,,0.6195652173913062,0.3804347826086938
TATN,-1,2025-03-03 19:50:00+00:00,2025-03-04 06:50:00+00:00,712.3,711.3,992.7718958984964,992.7718958984964,0.00098273199494595,66,v3_short,timeout,False,A,True,0.012770137524557988,0.004038101347752117,-0.0002624193095705904,0.8021978021977952,0.19780219780220482
TATN,-1,2025-03-04 19:20:00+00:00,2025-03-05 06:50:00+00:00,716.9,715.0,987.3711281568251,1876.0051434979453,0.0018552099316501384,69,v3_short,timeout,False,A,True,0.0185520993165017,0.003393294826648743,-0.00016738736225414982,0.7894736842105222,0.21052631578947772
TATN,-1,2025-03-06 20:30:00+00:00,2025-03-07 06:50:00+00:00,701.4,700.5,1011.0629674594759,909.9566707135053,0.0008982035928143486,62,v3_short,timeout,False,A,True,0.013257305773342772,0.0032466871281655934,-2.851033499644269e-06,0.7204301075268779,0.2795698924731221
TATN,-1,2025-03-13 12:10:00+00:00,2025-03-13 13:10:00+00:00,693.3,700.233,1023.7942233457029,-7097.965350455751,-0.006999999999999992,6,v3_short,sl,False,A,True,0.011101499423298796,0.003198889850057655,,0.9480519480519366,0.051948051948063456
TATN,-1,2025-03-27 20:10:00+00:00,2025-03-28 06:50:00+00:00,681.2,675.9,1034.685788755515,5483.8346804043,0.005446271285966013,64,v3_short,timeout,False,A,True,0.010120269873863271,0.00302320987063055,-2.9334115576415372e-05,0.7536231884058062,0.24637681159419383
TATN,-1,2025-04-02 10:40:00+00:00,2025-04-02 10:40:00+00:00,659.3,655.7,1074.877360194964,3869.5584967017726,0.003822235704535016,0,v3_short,opposite_signal,False,A,True,0.015167602002123465,0.003613846042245081,5.156984680722117e-05,0.6699999999999932,0.33000000000000684
TATN,-1,2025-04-02 19:30:00+00:00,2025-04-02 19:30:00+00:00,650.6,657.106,1093.414286080896,-7113.7533452422795,-0.006999999999999969,0,v3_short,sl,False,A,True,0.01860393603936043,0.004785124381856046,-0.000352091020910207,0.8677685950413206,0.13223140495867933
TATN,-1,2025-04-03 13:20:00+00:00,2025-04-03 17:20:00+00:00,666.0,656.01,1060.6542149888312,10595.935607738433,0.01050000000000001,24,v3_short,tp,False,A,True,0.015465465465465397,0.00343420343420341,,0.8640776699029142,0.13592233009708576
TATN,-1,2025-04-04 10:40:00+00:00,2025-04-04 11:00:00+00:00,654.0,650.9,1091.4569757002728,3383.5166246708704,0.003318042813455682,2,v3_short,opposite_signal,False,A,True,0.009478672985781885,0.0032969297341850267,3.974927381134244e-05,0.8709677419354898,0.1290322580645102
TATN,-1,2025-04-11 19:20:00+00:00,2025-04-11 23:50:00+00:00,682.5,686.9,1049.3499249014624,-4617.139669566411,-0.00451282051282049,27,v3_short,weekend_exit,False,A,True,0.018605332552006932,0.004511561436763378,0.00014503369469674905,0.8582677165354359,0.1417322834645641
TATN,1,2025-04-14 19:30:00+00:00,2025-04-15 06:50:00+00:00,684.0,684.0,1042.3235759891104,0.0,0.0,68,v3_long,timeout,False,A,True,0.015940333430827694,0.003832126591496502,7.60456273764232e-05,0.2660550458715581,0.7339449541284419
TATN,-1,2025-04-17 19:20:00+00:00,2025-04-17 20:50:00+00:00,685.8,692.658,1039.5878185718161,-7129.493259765578,-0.007000000000000062,9,v3_short,sl,False,A,True,0.019250401050021942,0.0032649489721512034,-0.0001822954644888435,0.7045454545454487,0.29545454545455135
TATN,1,2025-04-28 22:00:00+00:00,2025-04-29 06:50:00+00:00,722.9,725.4,979.3314160945022,2448.3285402362553,0.0024208050906072763,53,v3_long,timeout,False,A,True,0.009958506224066454,0.00302029525503147,0.0004232365145228235,0.013888888888891959,0.986111111111108
TATN,-1,2025-04-29 21:00:00+00:00,2025-04-30 06:50:00+00:00,722.0,721.9,982.925915059392,98.29259150596154,9.695290858727966e-05,59,v3_short,timeout,False,A,True,0.02133259454218033,0.003725995177126111,-0.0001537609087131169,0.8441558441558454,0.1558441558441546
TATN,1,2025-04-30 19:20:00+00:00,2025-04-30 22:40:00+00:00,707.5,718.1125,1003.1679370840072,10646.119732303981,0.010499999999999956,20,v3_long,tp,False,A,True,0.017662851490744664,0.004299642705746981,-0.0002147802741274558,0.03199999999999818,0.9680000000000019
TATN,-1,2025-05-05 20:40:00+00:00,2025-05-06 06:50:00+00:00,682.2,683.3,1051.2952203159598,-1156.42474234746,-0.0011287012606272884,61,v3_short,timeout,False,A,True,0.012459689240691879,0.0038800040684699604,-0.00032981530343007914,1.0,0.0
TATN,-1,2025-05-06 19:20:00+00:00,2025-05-07 06:50:00+00:00,690.3,686.3,1037.7866173836082,4151.146469534433,0.004056207446037955,69,v3_short,timeout,False,A,True,0.012023757786469585,0.0035654418221004055,0.00020136172678545362,0.8192771084337339,0.18072289156626606
TATN,1,2025-05-07 21:10:00+00:00,2025-05-07 23:30:00+00:00,686.7,692.5,1047.4587221619029,6075.260588538989,0.005912334352701278,14,v3_long,opposite_signal,False,A,True,0.016013975833454652,0.004070342651545991,0.0001135536468190414,0.009090909090911158,0.9909090909090889
TATN,-1,2025-05-12 19:20:00+00:00,2025-05-13 06:50:00+00:00,717.9,720.6,1007.8598508435103,-2721.221597277524,-0.0026326786460510263,69,v3_short,timeout,False,A,True,0.012809802283486556,0.0029722833159997503,-0.00010303536619326219,0.8260869565217375,0.17391304347826247
TATN,-1,2025-05-15 21:20:00+00:00,2025-05-16 06:50:00+00:00,696.1,695.0,1036.6868722920008,1140.3555595212244,0.001106162907628237,57,v3_short,timeout,False,A,True,0.010051694428489374,0.0031151461158846097,-9.046524985640371e-05,0.8428571428571396,0.1571428571428604
TATN,1,2025-05-19 22:10:00+00:00,2025-05-20 06:50:00+00:00,701.7,702.7,1029.5510626964895,1029.5510626964895,0.0009975773122416988,52,v3_long,timeout,False,A,True,0.018383924754168415,0.0034667992891897915,0.00017386347441926812,0.05426356589147649,0.9457364341085235
TATN,1,2025-05-29 19:20:00+00:00,2025-05-30 06:50:00+00:00,688.2,687.0,1050.7943423975794,-1260.953210877143,-0.0012205754141238472,69,v3_long,timeout,False,A,True,0.012354651162790697,0.003099786426198373,0.00013081395348837207,0.24705882352941444,0.7529411764705856
TATN,-1,2025-06-19 19:20:00+00:00,2025-06-20 06:50:00+00:00,658.7,654.7,1096.5143452108703,4386.057380843481,0.004250797024442083,69,v3_short,timeout,False,A,True,0.0200394716866556,0.003023890594646847,-0.00019584029148322246,0.7878787878787921,0.21212121212120794
TATN,-1,2025-10-07 12:20:00+00:00,2025-10-07 20:20:00+00:00,592.5,597.8,1224.2096866784652,-6488.31133939581,-0.006261603375527372,48,v3_short,timeout,False,A,True,0.014348413234301149,0.003601170380373621,,0.8352941176470615,0.1647058823529385
TATN,-1,2025-10-13 19:40:00+00:00,2025-10-14 09:50:00+00:00,591.9,583.0215,1217.7773634387797,10812.036321291243,0.010500000000000039,85,v3_short,gap_tp,False,A,True,0.010474742355127633,0.003834072909447616,-1.689474573406134e-06,0.9516129032257958,0.0483870967742042
TATN,-1,2025-10-22 12:20:00+00:00,2025-10-22 16:10:00+00:00,590.9,582.0364999999999,1232.6465507603953,10925.562702664818,0.010500000000000054,23,v3_short,tp,False,A,True,0.01742219215155627,0.0034700865215073627,,0.7281553398058204,0.2718446601941796
TATN,-1,2025-10-28 19:40:00+00:00,2025-10-29 06:50:00+00:00,519.5,522.3,1416.782946556656,-3966.9922503585726,-0.003772858517805521,67,v3_short,timeout,False,A,True,0.01675009626492115,0.003477324699614159,-7.508663842895824e-05,0.6551724137931052,0.34482758620689474
TATN,1,2025-10-29 21:10:00+00:00,2025-10-30 06:50:00+00:00,534.1,536.4,1372.8549825143828,3157.5664597830178,0.003014416775884606,58,v3_long,timeout,False,A,True,0.009358038555118848,0.003082423311828927,0.00032940295714018174,0.12000000000000455,0.8799999999999955
TATN,-1,2025-10-30 10:20:00+00:00,2025-10-30 10:20:00+00:00,536.1,533.8,1371.8562631650436,3155.2694052796937,0.0030031710501772944,0,v3_short,opposite_signal,False,A,True,0.018093639246409336,0.003153285190218588,-0.00010632344711807583,0.7525773195876324,0.24742268041236762
CHMF,-1,2022-01-11 10:40:00+00:00,2022-01-11 13:00:00+00:00,1562.4,1578.0240000000001,448.02867383512546,-7000.000000000011,-0.0070000000000000106,14,v3_short,sl,False,A,True,0.012804097311139564,0.0030340143628569587,2.9449423815623325e-05,0.8700000000000045,0.12999999999999545
CHMF,-1,2022-01-14 10:20:00+00:00,2022-01-14 10:30:00+00:00,1576.2,1566.4,440.99733536353256,4321.773886562599,0.004352239563507149,1,v3_short,opposite_signal,False,A,True,0.011421319796954314,0.003027556200145027,4.441624365482234e-05,0.7888888888888914,0.21111111111110858
CHMF,-1,2022-01-19 19:20:00+00:00,2022-01-20 06:50:00+00:00,1488.0,1494.0,469.17018932835606,-2815.021135970136,-0.00282258064516129,69,v3_short,timeout,False,A,True,0.02350570852921424,0.006842011485588182,0.00023774345198119604,0.9428571428571428,0.05714285714285714
CHMF,1,2022-01-27 21:10:00+00:00,2022-01-28 06:50:00+00:00,1461.8,1474.0,476.23117179191047,5810.020295861329,0.005842112464085396,58,v3_long,timeout,False,A,True,0.020947426067907934,0.006119096050249225,0.00039978094194961734,0.254901960784313,0.745098039215687
CHMF,1,2022-01-28 23:00:00+00:00,2022-01-28 23:40:00+00:00,1469.4,1475.6,476.5358249166446,2954.52211448311,0.0029535864978902085,4,v3_long,opposite_signal,False,A,True,0.011170140307860026,0.003447230956133989,-2.4519820187984665e-05,0.21951219512195833,0.7804878048780417
CHMF,1,2022-01-31 19:20:00+00:00,2022-02-01 06:50:00+00:00,1502.2,1508.4,467.50759327163877,2898.5470782841817,0.0028890959925442898,69,v3_long,timeout,False,A,True,0.013846358673944851,0.003456155461785298,0.00014378910930635007,0.14423076923076955,0.8557692307692305
CHMF,1,2022-02-01 20:10:00+00:00,2022-02-02 06:50:00+00:00,1523.0,1539.4,462.4549504710799,7584.261187725752,0.007537754432042064,64,v3_long,timeout,False,A,True,0.011815675462780622,0.003239263409184065,0.0003282132072994617,0.011111111111113637,0.9888888888888864
CHMF,1,2022-02-09 19:30:00+00:00,2022-02-10 06:50:00+00:00,1670.6,1679.8,424.7742561946981,3907.923156991242,0.0038549024302645947,68,v3_long,timeout,False,A,True,0.014364376346660284,0.004152965950565028,0.0002465884606176671,0.10833333333332955,0.8916666666666705
CHMF,1,2022-02-10 22:10:00+00:00,2022-02-11 06:50:00+00:00,1652.4,1640.0,431.10833854318355,-5345.7433979355155,-0.005252965383684376,52,v3_long,timeout,False,A,True,0.01270724918310541,0.0035417289268363764,0.00017669127435555987,0.11428571428571861,0.8857142857142813
CHMF,-1,2022-02-11 10:50:00+00:00,2022-02-11 11:00:00+00:00,1646.8,1646.4,430.3020392459325,172.12081569831432,0.00017002671848427526,1,v3_short,opposite_signal,False,A,True,0.01323940240495564,0.003309850601238921,-0.00012024778331106357,0.8165137614678896,0.18348623853211046
CHMF,-1,2022-02-11 11:20:00+00:00,2022-02-11 11:40:00+00:00,1645.8,1634.4,430.63670117948146,4909.25839344603,0.004848705796573038,2,v3_short,opposite_signal,False,A,True,0.013242619365812145,0.00350526689975117,-8.504434455108736e-05,0.7706422018348619,0.2293577981651381
CHMF,1,2022-02-11 20:20:00+00:00,2022-02-11 21:30:00+00:00,1630.0,1613.7,436.9192415193881,-7121.783636766006,-0.006999999999999979,7,v3_long,sl,False,A,True,0.018036809815950836,0.0037260548391135585,1.2269938650306748e-05,0.12925170068027117,0.8707482993197289
CHMF,-1,2022-02-16 19:40:00+00:00,2022-02-17 06:50:00+00:00,1658.6,1668.0,426.3795460815547,-4007.9677331666526,-0.003967201254069737,67,v3_short,timeout,False,A,True,0.00650994575045219,0.0031196565425446756,-0.0001169379144062694,0.8333333333333193,0.1666666666666807
CHMF,-1,2022-02-17 10:50:00+00:00,2022-02-17 11:30:00+00:00,1656.4,1644.8,425.2520754151472,4932.924074815765,0.004902197536826911,4,v3_short,opposite_signal,False,A,True,0.013634169884169968,0.0033834057271557192,-0.00024372586872586655,0.8761061946902683,0.12389380530973175
CHMF,-1,2022-02-18 22:40:00+00:00,2022-02-18 23:50:00+00:00,1634.0,1636.0,433.19497219707523,-866.3899443941505,-0.0008567931456548348,7,v3_short,weekend_exit,False,A,True,0.014567266495287173,0.00489406192150014,-0.00013955196474476792,0.8571428571428544,0.1428571428571456
CHMF,-1,2022-09-28 22:00:00+00:00,2022-09-29 09:50:00+00:00,613.2,618.0,1153.349823237027,-5536.079151537678,-0.0054794520547944685,71,v3_short,timeout,False,A,True,0.012720156555772919,0.004972243300451299,-0.00032615786040443573,0.7692307692307737,0.23076923076922629
CHMF,-1,2022-10-03 22:00:00+00:00,2022-10-04 09:50:00+00:00,640.0,639.0,1098.9982128169822,1098.9982128169822,0.00109375,71,v3_short,timeout,False,A,True,0.01624492346141827,0.005533984915428211,0.0002436738519212767,0.94230769230769,0.057692307692310006
CHMF,1,2022-10-05 23:10:00+00:00,2022-10-06 09:50:00+00:00,595.4,595.0,1182.6136294118921,-473.04545176473,-0.0004702720859925834,64,v3_long,timeout,False,A,True,0.013772253946926513,0.004586181130161143,0.0003023177695666779,0.24390243902438888,0.7560975609756111
CHMF,-1,2022-12-16 13:20:00+00:00,2022-12-16 21:20:00+00:00,853.0,849.8,825.0844350944961,2640.270192302425,0.0026260257913247737,48,v3_short,timeout,False,A,True,0.02626025791324747,0.003985932004689331,,0.7678571428571418,0.23214285714285823
CHMF,-1,2023-02-16 22:50:00+00:00,2023-02-17 09:50:00+00:00,974.0,971.0,724.4817374437545,2173.4452123312635,0.00215605749486653,66,v3_short,timeout,False,A,True,0.015400410677618069,0.0033692327033482765,-0.0002566735112936345,0.9333333333333333,0.06666666666666667
CHMF,-1,2023-02-22 13:20:00+00:00,2023-02-22 17:00:00+00:00,1017.4,1027.574,695.0723647718191,-7071.666239188552,-0.0070000000000000635,22,v3_short,sl,False,A,True,0.015723270440251572,0.003958894878706195,,0.8374999999999986,0.16250000000000142
CHMF,-1,2023-05-12 13:20:00+00:00,2023-05-12 21:20:00+00:00,987.6,986.8,711.0332701006649,568.8266160805805,0.0005670311867153176,48,v3_short,timeout,False,A,True,0.017614901801984186,0.0037408767921017325,,0.655172413793103,0.344827586206897
CHMF,-1,2023-05-17 13:20:00+00:00,2023-05-17 21:20:00+00:00,1010.8,1008.4,695.1074754478366,1668.257941074792,0.0016620498614958292,48,v3_short,timeout,False,A,True,0.01246537396121886,0.003062166694932821,,0.6984126984126935,0.30158730158730646
CHMF,-1,2023-05-30 13:20:00+00:00,2023-05-30 16:40:00+00:00,1041.2,1025.582,675.9339384762059,10556.736251121341,0.010499999999999959,20,v3_short,tp,False,A,True,0.026892047637341637,0.003997219325686514,,0.9571428571428557,0.04285714285714431
CHMF,-1,2023-07-05 13:20:00+00:00,2023-07-05 21:20:00+00:00,1214.6,1208.2,585.5196213709951,3747.3255767742885,0.003688457105219747,48,v3_short,timeout,False,A,True,0.013833992094861622,0.003638873204090584,,0.6785714285714223,0.3214285714285777
CHMF,-1,2023-08-01 13:20:00+00:00,2023-08-01 21:20:00+00:00,1378.0,1367.2,517.9936574898059,5594.33150088988,0.0054862119013062175,48,v3_short,timeout,False,A,True,0.020319303338171262,0.0036008017140092548,,0.9357142857142874,0.06428571428571266
CHMF,-1,2023-08-15 13:20:00+00:00,2023-08-15 21:20:00+00:00,1324.8,1314.6,541.7506733632061,5525.856868304727,0.0053894927536232125,48,v3_short,timeout,False,A,True,0.027924528301886794,0.006080862533692749,,0.7513513513513501,0.24864864864864988
CHMF,-1,2023-08-22 13:20:00+00:00,2023-08-22 15:50:00+00:00,1300.2,1313.202,554.975689801099,-7215.793918793863,-0.006999999999999976,15,v3_short,sl,False,A,True,0.015846153846153777,0.0038021978021978,,0.6213592233009714,0.37864077669902857
CHMF,-1,2023-09-21 13:20:00+00:00,2023-09-21 14:10:00+00:00,1290.2,1270.847,555.3622199164727,10747.925042043533,0.010500000000000035,5,v3_short,tp,False,A,True,0.020303781773093648,0.004893277831901527,,0.931297709923666,0.06870229007633402
CHMF,-1,2023-10-04 13:20:00+00:00,2023-10-04 15:10:00+00:00,1370.0,1383.7,528.505024573477,-7240.51883665666,-0.0070000000000000236,11,v3_short,sl,False,A,True,0.020437956204379562,0.0035106013208203064,,0.8928571428571429,0.10714285714285714
CHMF,-1,2023-10-05 13:20:00+00:00,2023-10-05 21:20:00+00:00,1379.0,1367.4,521.3803629296619,6048.012209984031,0.0058883248730964,48,v3_short,timeout,False,A,True,0.01740391588107324,0.0034807831762146625,,0.7916666666666666,0.20833333333333334
CHMF,-1,2023-11-03 13:20:00+00:00,2023-11-03 20:00:00+00:00,1360.2,1373.8020000000001,531.6991097095961,-7232.171290269974,-0.007000000000000045,40,v3_short,sl,False,A,True,0.01764705882352941,0.003242296918767504,,0.8000000000000019,0.1999999999999981
CHMF,-1,2023-12-20 13:20:00+00:00,2023-12-20 21:20:00+00:00,1324.4,1328.0,542.2490253124461,-1952.0964911247565,-0.001902748414376273,48,v3_short,timeout,False,A,True,0.015856236786469344,0.003681810990781069,,0.68571428571429,0.31428571428570995
CHMF,-1,2024-01-10 13:20:00+00:00,2024-01-10 21:20:00+00:00,1439.8,1443.0,497.83868702598727,-1593.083798483182,-0.0015557716349493208,48,v3_short,timeout,False,A,True,0.01819697180163915,0.003042750646584513,,0.8625954198473232,0.13740458015267673
CHMF,-1,2024-01-19 13:20:00+00:00,2024-01-19 14:40:00+00:00,1547.8,1563.278,462.3807875184638,-7156.7298292108135,-0.0070000000000000305,8,v3_short,sl,False,A,True,0.015505879312572685,0.003273463410432,,0.9499999999999981,0.0500000000000019
CHMF,1,2024-01-31 13:20:00+00:00,2024-01-31 21:20:00+00:00,1655.0,1657.8,429.4037897526469,1202.3306113073918,0.001184290030211461,48,v3_long,timeout,False,A,True,0.02477640802513899,0.003476178965664099,,0.17560975609756208,0.8243902439024379
CHMF,-1,2024-07-12 13:20:00+00:00,2024-07-12 21:20:00+00:00,1470.0,1458.8,484.01694113506517,5420.989740712752,0.005333333333333355,48,v3_short,timeout,False,A,True,0.019183673469387787,0.004625850340136053,,0.6312056737588626,0.3687943262411374
CHMF,1,2024-07-26 22:20:00+00:00,2024-07-26 23:50:00+00:00,1430.2,1443.6,500.13955830446423,6701.870081279752,0.006558523283456792,9,v3_long,weekend_exit,False,A,True,0.007411550832051398,0.0035017223222668864,-0.00017759753880576204,0.018867924528306337,0.9811320754716937
CHMF,-1,2024-08-07 13:20:00+00:00,2024-08-07 17:00:00+00:00,1372.0,1385.72,524.7747123498109,-7199.90905343942,-0.007000000000000013,22,v3_short,sl,False,A,True,0.01661807580174924,0.004081632653061221,,0.8245614035087716,0.17543859649122842
CHMF,-1,2024-08-09 13:20:00+00:00,2024-08-09 21:20:00+00:00,1391.2,1380.0,513.9095521898598,5755.786984526453,0.005635422656699274,48,v3_short,timeout,False,A,True,0.01437607820586544,0.0031969659629233816,,0.8100000000000023,0.18999999999999773
CHMF,-1,2024-08-15 13:20:00+00:00,2024-08-15 21:20:00+00:00,1398.4,1383.2,514.1447510695806,7815.000216257648,0.007608695652173935,48,v3_short,timeout,False,A,True,0.014302059496567505,0.0038887980821619202,,0.6700000000000046,0.32999999999999546
CHMF,-1,2024-09-24 13:20:00+00:00,2024-09-24 15:50:00+00:00,1318.0,1298.23,549.658968169258,10866.75780070622,0.010499999999999992,15,v3_short,tp,False,A,True,0.021244309559939303,0.003902016041621496,,0.75,0.25
CHMF,-1,2024-09-27 13:20:00+00:00,2024-09-27 21:20:00+00:00,1284.0,1285.0,570.1380455666482,-570.1380455666482,-0.0005451713395638629,48,v3_short,timeout,False,A,True,0.01697819314641741,0.00353805073431242,,0.8715596330275247,0.12844036697247524
CHMF,-1,2024-10-08 13:20:00+00:00,2024-10-08 15:20:00+00:00,1218.6,1230.7859999999998,600.4087919544393,-7316.58153875675,-0.006999999999999956,12,v3_short,sl,False,A,True,0.013943569553805773,0.0036245469316335617,,0.8588235294117593,0.14117647058824065
CHMF,-1,2024-11-13 13:20:00+00:00,2024-11-13 14:20:00+00:00,1234.6,1216.081,588.4793024449618,10898.048201978252,0.010500000000000002,6,v3_short,tp,False,A,True,0.017174335709656364,0.0042125729099157586,,0.5754716981132039,0.4245283018867961
CHMF,1,2024-12-16 23:20:00+00:00,2024-12-17 09:50:00+00:00,1057.0,1012.0,694.5744375969108,-31255.849691860985,-0.02980132450331126,63,v3_long,gap_sl,False,A,True,0.016833743143559846,0.003350536356021515,0.0,0.07865168539326273,0.9213483146067373
CHMF,-1,2024-12-19 21:50:00+00:00,2024-12-20 09:50:00+00:00,1046.2,1041.8,680.8316629283426,2995.659316884769,0.0029439877652457113,72,v3_short,timeout,False,A,True,0.018929254302103207,0.00357435517227922,-9.751434034417087e-05,0.8787878787878854,0.1212121212121146
CHMF,-1,2024-12-23 23:10:00+00:00,2024-12-24 09:50:00+00:00,1150.8,1151.0,620.7708092435274,-124.15416184873371,-0.00012165450121657267,64,v3_short,timeout,False,A,True,0.013900955690703735,0.003283746165712159,-0.00042745438748914224,0.8875000000000028,0.11249999999999716
CHMF,-1,2024-12-24 13:20:00+00:00,2024-12-24 16:10:00+00:00,1146.4,1157.864,623.07758144117,-7142.961393641536,-0.006999999999999965,17,v3_short,sl,False,A,True,0.026871401151631436,0.005226379506609812,,0.6038961038961093,0.3961038961038908
CHMF,-1,2024-12-25 21:50:00+00:00,2024-12-26 09:50:00+00:00,1155.0,1161.4,614.1091483884054,-3930.2985496858505,-0.003878787878787934,72,v3_short,timeout,False,A,True,0.019044321329639888,0.00440245350217649,0.00015581717451523545,0.9272727272727314,0.07272727272726859
CHMF,-1,2025-01-29 11:20:00+00:00,2025-01-29 19:20:00+00:00,1267.2,1254.2,557.5638079260007,7248.329503038009,0.007181186868686868,48,v3_short,timeout,False,A,True,0.017048145224940733,0.003694934081674396,3.788476716653656e-05,0.7777777777777789,0.22222222222222104
CHMF,-1,2025-02-11 12:20:00+00:00,2025-02-11 14:10:00+00:00,1209.0,1221.09,588.6010653895407,-7116.1868805594995,-0.006999999999999953,11,v3_short,sl,False,A,True,0.013068651778329348,0.0033887259693711606,,0.658227848101264,0.341772151898736
CHMF,-1,2025-02-20 13:10:00+00:00,2025-02-20 18:30:00+00:00,1352.4,1346.8,522.5061795619365,2926.034605546916,0.0028985507246377515,32,v3_short,opposite_signal,False,A,True,0.016565596805206396,0.0034836017717715245,,0.9285714285714329,0.07142857142856708
CHMF,1,2025-02-20 19:20:00+00:00,2025-02-21 06:50:00+00:00,1346.0,1347.0,526.5123190664531,526.5123190664531,0.0005200594353640416,69,v3_long,timeout,False,A,True,0.013079667063020148,0.0035338154286684883,-2.9726516052318672e-05,0.21590909090908944,0.7840909090909105
CHMF,-1,2025-02-21 21:00:00+00:00,2025-02-21 23:10:00+00:00,1372.0,1385.72,516.8033091011606,-7090.541400867937,-0.007000000000000013,13,v3_short,sl,False,A,True,0.012538270884968688,0.003918581574633052,-2.9158769499930417e-05,0.8372093023255844,0.16279069767441554
CHMF,-1,2025-02-24 19:30:00+00:00,2025-02-24 22:50:00+00:00,1404.4,1418.4440000000002,501.3463123797955,-7040.907611061896,-0.007000000000000048,20,v3_short,sl,False,A,True,0.01694673882084873,0.0036823045937258393,-8.117345485616374e-05,0.7983193277310939,0.20168067226890604
CHMF,1,2025-03-27 22:00:00+00:00,2025-03-28 06:50:00+00:00,1198.2,1200.0,583.5103703709242,1050.318666667637,0.001051577366049047,53,v3_long,timeout,False,A,True,0.009180437322650642,0.0032531790883604354,-0.00034384910699382257,0.07272727272726859,0.9272727272727314
CHMF,1,2025-04-02 19:30:00+00:00,2025-04-02 20:10:00+00:00,1148.6,1155.4,609.3482055067986,4143.5677974463415,0.004144175518022051,4,v3_long,opposite_signal,False,A,True,0.016364902506963947,0.0047218748223523425,0.00012012534818941662,0.15957446808510484,0.8404255319148951
CHMF,-1,2025-04-02 21:10:00+00:00,2025-04-03 06:50:00+00:00,1159.0,1161.4,606.3829562582582,-1455.3190950198748,-0.0014495254529767589,58,v3_short,timeout,False,A,True,0.013807386952019331,0.00419857276704261,6.385916465308626e-05,0.8375000000000057,0.16249999999999432
CHMF,-1,2025-04-11 19:30:00+00:00,2025-04-11 21:50:00+00:00,1056.2,1048.2,664.4377229093044,5315.501783274435,0.005302026131414504,14,v3_short,opposite_signal,False,A,True,0.015906078394243472,0.004965818935034709,9.278545729975556e-05,0.8928571428571452,0.10714285714285472
CHMF,-1,2025-04-15 10:30:00+00:00,2025-04-15 11:10:00+00:00,1042.0,1026.37,677.0633149569094,10582.499612776568,0.010500000000000075,4,v3_short,tp,False,A,True,0.01765834932821506,0.003960914325597625,0.00012092130518234077,0.652173913043475,0.34782608695652495
CHMF,-1,2025-04-15 19:50:00+00:00,2025-04-16 06:50:00+00:00,1036.6,1043.4,687.7365656126212,-4676.60864616595,-0.004591935172680039,66,v3_short,timeout,False,A,True,0.016396604938271605,0.0045036533131770995,-3.858024691363288e-06,0.47058823529411764,0.5294117647058824
CHMF,1,2025-04-16 20:50:00+00:00,2025-04-17 06:50:00+00:00,1042.6,1041.4,680.6388815094255,-816.7666578111867,-0.0008056781124111574,60,v3_long,timeout,False,A,True,0.015541059094397586,0.0038412141525834935,0.0003491941673062216,0.1481481481481393,0.8518518518518607
CHMF,-1,2025-04-17 21:00:00+00:00,2025-04-18 06:50:00+00:00,1056.2,1055.8,671.3334228377761,268.5333691351715,0.00026510130657078553,59,v3_short,timeout,False,A,True,0.02101476713366132,0.0038289454365615823,-3.7864445285842126e-06,0.7117117117117155,0.2882882882882845
CHMF,-1,2025-04-18 20:10:00+00:00,2025-04-18 23:40:00+00:00,1030.0,1022.4,688.5925578249065,5233.303439469305,0.005165048543689335,21,v3_short,opposite_signal,False,A,True,0.012815533980582458,0.004715672676837724,-0.00040194174757281643,0.712121212121214,0.2878787878787859
CHMF,-1,2025-04-23 19:50:00+00:00,2025-04-23 22:40:00+00:00,1068.2,1059.8,667.3971606134453,5606.1361491530015,0.005504587155963363,17,v3_short,opposite_signal,False,A,True,0.01609281437125753,0.004078577538799941,-0.000241392215568864,0.7674418604651169,0.2325581395348831
CHMF,1,2025-04-23 23:10:00+00:00,2025-04-24 07:10:00+00:00,1060.8,1057.8,675.7522080238399,-2027.2566240715196,-0.0019796380090497737,48,v3_long,timeout,False,A,True,0.01678295304544593,0.003952325791715875,-4.148595134829857e-05,0.14606741573033236,0.8539325842696677
CHMF,1,2025-04-30 19:40:00+00:00,2025-04-30 22:00:00+00:00,1038.8,1054.3819999999998,688.6974033835572,10731.282939522505,0.010499999999999917,14,v3_long,tp,False,A,True,0.014833365440185023,0.004784576130587081,0.00036601810826430796,0.05194805194804869,0.9480519480519514
CHMF,-1,2025-05-07 12:10:00+00:00,2025-05-07 20:10:00+00:00,1011.8,1015.2,714.4996646496394,-2429.298859808839,-0.002352243526388678,48,v3_short,timeout,False,A,True,0.018778414706463728,0.0038421624827040947,,0.8210526315789426,0.1789473684210574
CHMF,-1,2025-05-08 11:20:00+00:00,2025-05-08 13:10:00+00:00,1031.4,1025.0,699.2730768767101,4475.347692011008,0.0043436106263332,11,v3_short,opposite_signal,False,A,True,0.009307737056428067,0.0034114005415149325,0.00028504944735311094,0.8750000000000178,0.12499999999998224
CHMF,-1,2025-05-15 20:30:00+00:00,2025-05-16 06:50:00+00:00,1029.8,1031.8,703.4016264080857,-1406.8032528161714,-0.0013594872790833172,62,v3_short,timeout,False,A,True,0.010683760683760575,0.003520289234574945,4.662004662004398e-05,0.7454545454545469,0.254545454545453
CHMF,1,2025-05-16 20:40:00+00:00,2025-05-16 23:40:00+00:00,1017.4,1027.2,711.0067157441275,6967.865814292498,0.006742677413013611,18,v3_long,opposite_signal,False,A,True,0.01356398663259295,0.003911531193959782,-6.290544525260557e-05,0.0,1.0
CHMF,1,2025-05-22 19:40:00+00:00,2025-05-23 06:50:00+00:00,990.8,996.0,735.0179033791684,3822.093097571709,0.0036737989503431894,67,v3_long,timeout,False,A,True,0.018570851836899452,0.0033450602687582973,0.00010092854259184498,0.15217391304347597,0.8478260869565241
CHMF,-1,2025-05-29 12:10:00+00:00,2025-05-29 13:30:00+00:00,992.6,1002.5260000000001,736.3804189365104,-7309.312038363835,-0.007000000000000031,8,v3_short,sl,False,A,True,0.015716300624622228,0.003544982873262126,,1.0,0.0
CHMF,1,2025-05-29 19:20:00+00:00,2025-05-29 21:20:00+00:00,992.2,982.278,731.5205456657181,-7258.146854095274,-0.007000000000000018,12,v3_long,sl,False,A,True,0.013908486192299892,0.003241611097170168,0.00018947792783712916,0.15942028985507628,0.8405797101449237
CHMF,-1,2025-05-30 10:30:00+00:00,2025-05-30 11:00:00+00:00,991.8,987.6,726.6928640972565,3052.1100292084275,0.0029643073200241506,3,v3_short,opposite_signal,False,A,True,0.01310483870967742,0.0032991202346041005,5.040322580645161e-05,0.6769230769230734,0.3230769230769266
CHMF,-1,2025-05-30 12:20:00+00:00,2025-05-30 14:10:00+00:00,993.4,1003.334,727.6731021060044,-7228.704596321026,-0.006999999999999979,11,v3_short,sl,False,A,True,0.011876006441223786,0.0032877079978529205,,0.7796610169491498,0.22033898305085023
CHMF,-1,2025-06-04 20:40:00+00:00,2025-06-05 06:50:00+00:00,1066.0,1050.01,673.3680735597374,10767.155496220206,0.010500000000000006,61,v3_short,gap_tp,False,A,True,0.014446529080675508,0.0037868055289657894,1.6885553470916764e-05,0.8051948051948064,0.19480519480519365
CHMF,-1,2025-06-05 10:20:00+00:00,2025-06-05 18:20:00+00:00,1062.6,1053.0,682.6156364220161,6553.110109651293,0.0063241106719367,48,v3_short,timeout,False,A,True,0.019198193111236463,0.004060122072544439,8.281573498964975e-05,0.7941176470588199,0.20588235294118007
CHMF,1,2025-06-16 19:20:00+00:00,2025-06-17 06:50:00+00:00,988.8,989.2,738.2024194364787,295.2809677746586,0.0002831715210356631,69,v3_long,timeout,False,A,True,0.011729019211324593,0.0032108293266750543,0.0001456016177957542,0.03448275862068763,0.9655172413793124
CHMF,-1,2025-06-19 20:30:00+00:00,2025-06-20 06:50:00+00:00,1015.2,1013.0,719.2092681404969,1582.260389909126,0.0015169424743893144,62,v3_short,timeout,False,A,True,0.0049261083743842365,0.0029958781542173472,-0.0002226600985221666,0.8800000000000182,0.11999999999998182
CHMF,1,2025-08-11 20:50:00+00:00,2025-08-12 06:50:00+00:00,1121.0,1133.8,652.3183151553692,8349.674433988695,0.007992863514718972,60,v3_long,timeout,False,A,True,0.02533452274754671,0.004285532232518331,0.00036217662801070797,0.06338028169013955,0.9366197183098605
CHMF,-1,2025-08-12 19:30:00+00:00,2025-08-13 06:50:00+00:00,1109.8,1108.8,664.1679612479376,664.1679612479376,0.0006307442782483332,68,v3_short,timeout,False,A,True,0.012614885564966661,0.0034718518872677915,-0.0002739232294107014,0.914285714285711,0.08571428571428896
CHMF,-1,2025-10-09 21:00:00+00:00,2025-10-10 06:50:00+00:00,929.4,930.8,793.5856692122171,-1111.019936897086,-0.0010544437271357695,59,v3_short,timeout,False,A,True,0.006673842841765265,0.0038311987873728528,0.0006329386437029059,0.8387096774193531,0.16129032258064693
CHMF,-1,2025-10-10 11:40:00+00:00,2025-10-10 16:20:00+00:00,927.0,913.095,794.8013020604171,11051.712105150078,0.01049999999999998,28,v3_short,tp,False,A,True,0.01359223300970864,0.0032064873712011406,,0.8571428571428598,0.14285714285714027
CHMF,1,2025-10-15 20:20:00+00:00,2025-10-16 06:50:00+00:00,873.8,876.2,852.0450966852961,2044.9082320447883,0.0019226367589838223,63,v3_long,timeout,False,A,True,0.008007320979180966,0.003959305067256817,-0.00013726835964310226,0.08571428571427273,0.9142857142857272
CHMF,-1,2025-10-23 11:30:00+00:00,2025-10-23 19:30:00+00:00,896.2,894.0,832.3459509551918,1831.1610921014599,0.001718366436063414,48,v3_short,timeout,False,A,True,0.009593931280678295,0.003824823101931531,,0.7906976744186105,0.2093023255813895
SNGS,-1,2022-01-12 20:50:00+00:00,2022-01-13 06:50:00+00:00,40.805,40.95,17154.76044602377,-2487.4402646735,-0.0024874402646735,60,v3_short,timeout,False,A,True,0.01409141036637674,0.003395942374008791,0.000252420046562918,0.8782608695652175,0.1217391304347825
SNGS,1,2022-01-20 22:30:00+00:00,2022-01-21 06:50:00+00:00,36.405,36.2,19180.29918458257,-3931.9613328393943,-0.003941766240900943,50,v3_long,timeout,False,A,True,0.014423076923076884,0.003490132316662922,4.945054945055133e-05,0.0857142857142892,0.9142857142857108
SNGS,-1,2022-01-28 20:20:00+00:00,2022-01-28 23:50:00+00:00,36.01,35.735,19314.2576751386,5311.420860663087,0.005345737295195752,21,v3_short,weekend_exit,False,A,True,0.011522976537553773,0.0034594429191918434,0.0001249479383590139,0.626506024096382,0.373493975903618
SNGS,-1,2022-02-01 11:40:00+00:00,2022-02-01 17:40:00+00:00,36.54,35.9919,19135.86243799138,10488.366202263038,0.010499999999999962,36,v3_short,tp,False,A,True,0.015051997810618617,0.003760640205348892,,0.9636363636363582,0.03636363636364177
SNGS,1,2022-02-02 19:20:00+00:00,2022-02-03 06:50:00+00:00,35.76,35.76,19758.56459244377,0.0,0.0,69,v3_long,timeout,False,A,True,0.028107956929100696,0.003444644533802883,6.572507341630525e-05,0.08955223880596688,0.9104477611940331
SNGS,-1,2022-02-03 11:50:00+00:00,2022-02-03 19:50:00+00:00,35.72,35.395,19780.690644618957,6428.724459501077,0.0063689809630458295,48,v3_short,timeout,False,A,True,0.01471206389239172,0.0031432441268506926,,0.7619047619047613,0.23809523809523875
SNGS,-1,2022-02-04 19:40:00+00:00,2022-02-04 23:50:00+00:00,36.085,36.1,19705.317360328114,-295.5797604049329,-0.00029097963142581123,25,v3_short,weekend_exit,False,A,True,0.013032025509496711,0.0032594210566522373,-5.96145847774821e-05,0.9361702127659549,0.06382978723404513
SNGS,-1,2022-02-09 10:40:00+00:00,2022-02-09 16:30:00+00:00,36.9,36.3465,19264.48431206386,10662.892066727341,0.010499999999999994,35,v3_short,tp,False,A,True,0.010971149939049197,0.003079930981278935,9.7521332791548e-05,0.5061728395061672,0.4938271604938328
SNGS,1,2022-02-15 19:20:00+00:00,2022-02-16 06:50:00+00:00,35.735,36.145,20101.39906427496,8241.573616352807,0.00803134182174346,69,v3_long,timeout,False,A,True,0.011193507765495972,0.004625888413291716,0.00030082552119770214,0.17500000000000132,0.8249999999999986
SNGS,-1,2022-02-17 11:00:00+00:00,2022-02-17 16:40:00+00:00,35.48,34.947799999999994,20408.472296880293,10861.388956399755,0.010500000000000061,34,v3_short,tp,False,A,True,0.01267605633802825,0.003492957746478883,-0.00022816901408450767,0.733333333333325,0.2666666666666751
SNGS,-1,2022-02-18 10:20:00+00:00,2022-02-18 10:20:00+00:00,35.11,35.09,20840.09026951844,416.8018053902859,0.00039874679578459735,0,v3_short,opposite_signal,False,A,True,0.011098463289698365,0.003333604358077913,0.00013801935116676135,0.28205128205128016,0.7179487179487198
SNGS,-1,2022-09-28 22:20:00+00:00,2022-09-29 09:50:00+00:00,18.265,18.415,40075.95568719221,-6011.393353078774,-0.00574869969887758,69,v3_short,timeout,False,A,True,0.011220580186097335,0.005132759179205342,-0.00030377668308702776,0.9756097560975656,0.024390243902434376
SNGS,-1,2022-10-13 13:20:00+00:00,2022-10-13 13:50:00+00:00,18.78,18.9678,38752.894317327504,-7277.793552794078,-0.006999999999999973,3,v3_short,sl,False,A,True,0.03033528472591806,0.0050685521680731895,,0.7017543859649157,0.2982456140350843
SNGS,-1,2022-10-25 22:50:00+00:00,2022-10-26 09:50:00+00:00,20.74,20.8,34844.980703589914,-2090.698842215474,-0.002025072324011649,66,v3_short,timeout,False,A,True,0.00867888138862101,0.0033013205282112815,0.0004508196721311487,0.7499999999999901,0.2500000000000099
SNGS,-1,2022-10-28 13:20:00+00:00,2022-10-28 14:00:00+00:00,21.08,21.290799999999997,34213.539402414804,-7212.214106029006,-0.006999999999999967,4,v3_short,sl,False,A,True,0.01707779886148005,0.003512695400740933,,0.8888888888888812,0.1111111111111188
SNGS,-1,2022-12-20 13:20:00+00:00,2022-12-20 19:00:00+00:00,22.095,22.315949999999997,32413.34513368109,-7161.7286072867855,-0.006999999999999951,34,v3_short,sl,False,A,True,0.03982801538809697,0.0046228946432612565,,0.6704545454545433,0.32954545454545664
SNGS,-1,2023-01-10 13:20:00+00:00,2023-01-10 21:20:00+00:00,21.52,21.47,33046.45217024084,1652.3226085120655,0.001626394052044633,48,v3_short,timeout,False,A,True,0.02277480827329779,0.0038732667131458755,,0.7959183673469367,0.20408163265306328
SNGS,-1,2023-03-22 13:20:00+00:00,2023-03-22 21:20:00+00:00,23.06,23.0,30889.69108974594,1853.3814653847169,0.0018213356461404644,48,v3_short,timeout,False,A,True,0.01431049436253245,0.003252385082393769,,0.6363636363636315,0.36363636363636853
SNGS,-1,2023-04-06 13:20:00+00:00,2023-04-06 16:00:00+00:00,25.38,24.999299999999998,28117.16483669467,10704.204653329687,0.010500000000000028,16,v3_short,tp,False,A,True,0.01753349093774627,0.00498142519419116,,0.6966292134831428,0.3033707865168572
SNGS,-1,2023-05-12 13:20:00+00:00,2023-05-12 21:20:00+00:00,23.92,23.825,30146.596438655575,2863.9266616723526,0.0027801003344482315,48,v3_short,timeout,False,A,True,0.018189420865565492,0.004012225839530865,,0.7356321839080487,0.2643678160919512
SNGS,-1,2023-05-19 13:20:00+00:00,2023-05-19 21:20:00+00:00,24.47,24.27,29550.933202934695,5910.186640586918,0.0057212913771965464,48,v3_short,timeout,False,A,True,0.02167245961970972,0.004264392324093812,,0.8490566037735817,0.15094339622641825
SNGS,-1,2023-05-31 13:20:00+00:00,2023-05-31 21:20:00+00:00,24.445,24.395,29750.397468775736,1487.519873438808,0.001431785641235447,48,v3_short,timeout,False,A,True,0.01840867253016974,0.0034966737768946706,,0.8666666666666692,0.1333333333333307
SNGS,-1,2023-06-09 13:20:00+00:00,2023-06-09 21:20:00+00:00,25.73,25.55,28305.080840871742,5094.914551356906,0.004897007384376206,48,v3_short,timeout,False,A,True,0.020987174504469595,0.003932781818518313,,0.3148148148148164,0.6851851851851836
SNGS,-1,2023-06-23 13:20:00+00:00,2023-06-23 21:20:00+00:00,26.96,26.955,27146.000379138717,135.73000189576302,0.00012982195845703972,48,v3_short,timeout,False,A,True,0.017062314540059378,0.0037180302388017594,,0.760869565217393,0.239130434782607
SNGS,-1,2023-08-18 13:20:00+00:00,2023-08-18 20:40:00+00:00,30.315,30.61815,24144.85176390918,-7319.511812229037,-0.00699999999999997,44,v3_short,sl,False,A,True,0.015336411609498677,0.003965636386480712,,0.6344086021505415,0.3655913978494585
SNGS,-1,2023-08-29 13:20:00+00:00,2023-08-29 21:20:00+00:00,31.45,31.32,23110.57306691086,3004.374498698389,0.0028934817170111066,48,v3_short,timeout,False,A,True,0.02257551669316378,0.003626315391021289,,0.8873239436619693,0.11267605633803064
SNGS,-1,2023-09-21 13:20:00+00:00,2023-09-21 15:40:00+00:00,29.24,28.801399999999997,24929.22657672488,10933.958776551557,0.010500000000000025,14,v3_short,tp,False,A,True,0.016415868673050633,0.0037456843202397193,,0.718749999999997,0.281250000000003
SNGS,-1,2023-09-29 13:20:00+00:00,2023-09-29 14:10:00+00:00,30.62,30.9262,24055.66153648013,-7365.843562470227,-0.0070000000000000106,5,v3_short,sl,False,A,True,0.028077048645119146,0.005114811187289138,,0.8837209302325605,0.11627906976743946
SNGS,-1,2023-10-04 13:20:00+00:00,2023-10-04 14:30:00+00:00,33.785,34.12285,21649.497284395216,-7314.282657532991,-0.007000000000000064,7,v3_short,sl,False,A,True,0.021015243451235784,0.005792934311507642,,0.8732394366197137,0.12676056338028635
SNGS,-1,2023-10-05 23:30:00+00:00,2023-10-06 09:50:00+00:00,33.83,33.925,21469.354652468795,-2039.5886919845111,-0.0019657109074785457,62,v3_short,timeout,False,A,True,0.01197870452528841,0.00306031906995272,-2.070393374740999e-05,0.9506172839506097,0.0493827160493903
SNGS,-1,2023-11-28 13:20:00+00:00,2023-11-28 21:20:00+00:00,31.805,31.895,22791.402477869207,-2051.2262230082256,-0.001980820625687782,48,v3_short,timeout,False,A,True,0.013356379635449426,0.0032100206518811004,,0.7647058823529382,0.23529411764706176
SNGS,-1,2024-02-22 13:20:00+00:00,2024-02-22 17:10:00+00:00,29.065,28.629025000000002,24890.579647429015,10851.670461787842,0.010499999999999978,23,v3_short,tp,False,A,True,0.013076393668272629,0.0035312817487628246,,0.9078947368421055,0.0921052631578945
SNGS,-1,2024-03-22 13:20:00+00:00,2024-03-22 21:20:00+00:00,28.725,28.455,25449.63853005312,6871.402403114422,0.006579634464752035,48,v3_short,timeout,False,A,True,0.022454308093994763,0.003829416884247181,,0.7286821705426398,0.2713178294573601
SNGS,-1,2024-04-12 13:20:00+00:00,2024-04-12 21:20:00+00:00,31.705,31.635,23209.299746347766,1624.6509822442677,0.0015454975555905287,48,v3_short,timeout,False,A,True,0.0260211323135152,0.004055241399508881,,0.769696969696968,0.23030303030303206
SNGS,-1,2024-04-26 13:20:00+00:00,2024-04-26 14:50:00+00:00,33.77,33.263450000000006,21823.751973512783,11054.821562182839,0.01049999999999994,9,v3_short,tp,False,A,True,0.016878886585726983,0.003348985433675997,,0.824561403508782,0.175438596491218
SNGS,-1,2024-05-23 13:20:00+00:00,2024-05-23 15:00:00+00:00,32.91,33.23909999999999,22629.185027014733,-7447.264792390477,-0.006999999999999933,10,v3_short,sl,False,A,True,0.010786994834396962,0.002966242711001139,,0.8591549295774543,0.14084507042254565
SNGS,-1,2024-06-05 13:20:00+00:00,2024-06-05 14:10:00+00:00,29.09,28.65365,25421.567338754954,11092.700908265748,0.010500000000000023,5,v3_short,tp,False,A,True,0.020622100017185133,0.005286458972659369,,0.6499999999999994,0.3500000000000006
SNGS,1,2024-06-14 21:50:00+00:00,2024-06-14 23:50:00+00:00,29.16,29.125,25626.82731550643,-896.9389560427287,-0.0008401920438957509,12,v3_long,weekend_exit,False,A,True,0.010293360782295443,0.003056497946579562,0.00023160061760165083,0.13333333333333017,0.8666666666666698
SNGS,-1,2024-06-19 23:30:00+00:00,2024-06-20 09:50:00+00:00,27.13,27.0,27521.209998191585,3577.7572997648786,0.003354220420199016,62,v3_short,timeout,False,A,True,0.017498618530115966,0.004014720642355286,-0.000259716338183827,0.7052631578947344,0.2947368421052657
SNGS,-1,2024-06-26 13:20:00+00:00,2024-06-26 21:20:00+00:00,28.285,28.15,26485.941571885203,3575.602112204544,0.0033409934594308324,48,v3_short,timeout,False,A,True,0.010961810466760915,0.0035444871017714084,,0.8548387096774247,0.1451612903225753
SNGS,-1,2024-07-02 13:20:00+00:00,2024-07-02 16:10:00+00:00,30.64,30.1804,24531.911842014237,11274.866682589787,0.010500000000000042,17,v3_short,tp,False,A,True,0.022838499184339292,0.003977316864755689,,0.771428571428571,0.228571428571429
SNGS,-1,2024-07-03 13:20:00+00:00,2024-07-03 15:30:00+00:00,30.065,30.365650000000002,25263.601713524993,-7595.501855171314,-0.007000000000000022,13,v3_short,sl,False,A,True,0.014147802929427454,0.003931266248177046,,0.7764705882352971,0.22352941176470284
SNGS,-1,2024-07-10 13:20:00+00:00,2024-07-10 15:30:00+00:00,28.23,27.80655,26717.44010692558,11313.50001327761,0.010499999999999975,13,v3_short,tp,False,A,True,0.014346439957491944,0.004908658468700965,,0.8024691358024721,0.19753086419752783
SNGS,-1,2024-08-01 13:20:00+00:00,2024-08-01 18:00:00+00:00,28.165,27.742525,27060.279929977045,11432.291763417013,0.010499999999999964,28,v3_short,tp,False,A,True,0.016690340909090995,0.003060741341991352,,0.7553191489361673,0.24468085106383275
SNGS,-1,2024-08-15 13:20:00+00:00,2024-08-15 21:20:00+00:00,26.515,26.235,29046.026342153324,8132.887375802964,0.007392042240241404,48,v3_short,timeout,False,A,True,0.018658122879758668,0.004675748927539341,,0.838383838383841,0.161616161616159
SNGS,-1,2024-09-06 13:20:00+00:00,2024-09-06 15:20:00+00:00,22.985,23.21485,33754.55338809038,-7758.48409625254,-0.00699999999999997,12,v3_short,sl,False,A,True,0.01849031977376553,0.004816805991485129,,0.7647058823529382,0.23529411764706176
SNGS,-1,2024-09-24 13:20:00+00:00,2024-09-24 21:20:00+00:00,25.24,25.105,30523.6715831173,4120.695663720775,0.003744057052297885,48,v3_short,timeout,False,A,True,0.024757377698554166,0.005121240415358075,,0.6879999999999995,0.31200000000000044
SNGS,-1,2024-09-26 13:20:00+00:00,2024-09-26 21:20:00+00:00,24.825,24.865,31150.12921339316,-1246.0051685356998,-0.0011278952668680525,48,v3_short,timeout,False,A,True,0.02114377768828025,0.004171221448708368,,0.7714285714285689,0.2285714285714311
SNGS,-1,2024-10-08 13:20:00+00:00,2024-10-08 21:20:00+00:00,26.2,26.04,29482.05168337825,4717.128269340524,0.004274809160305347,48,v3_short,timeout,False,A,True,0.01221374045801528,0.0035169029443838456,,0.8437499999999979,0.15625000000000208
SNGS,-1,2024-10-15 13:20:00+00:00,2024-10-15 14:40:00+00:00,25.9,26.159,29951.032582743188,-7757.317438930496,-0.007000000000000009,8,v3_short,sl,False,A,True,0.016599112140513402,0.0036304813374877223,,0.5813953488372097,0.41860465116279033
SNGS,-1,2024-11-01 13:20:00+00:00,2024-11-01 19:20:00+00:00,22.745,22.972450000000002,33866.85520711353,-7703.016216858007,-0.007000000000000032,36,v3_short,sl,False,A,True,0.020663882171905863,0.005066524301521015,,0.7446808510638346,0.25531914893616536
SNGS,-1,2024-12-04 13:20:00+00:00,2024-12-04 17:00:00+00:00,23.61,23.25585,32397.69209377368,11473.64265500997,0.01050000000000002,22,v3_short,tp,False,A,True,0.02054214315967808,0.004931324499304162,,0.7525773195876265,0.24742268041237347
SNGS,-1,2024-12-19 13:20:00+00:00,2024-12-19 15:10:00+00:00,22.365,22.588649999999998,34560.29779532768,-7729.410601925009,-0.006999999999999977,11,v3_short,sl,False,A,True,0.014978761457634736,0.003662184748703869,,0.7164179104477547,0.2835820895522453
SNGS,-1,2024-12-20 13:20:00+00:00,2024-12-20 13:30:00+00:00,22.645,22.87145,33894.03721665515,-7675.304727711553,-0.006999999999999994,1,v3_short,sl,False,A,True,0.019430337822919024,0.004489585633325946,,0.8068181818181804,0.19318181818181956
SNGS,-1,2025-02-27 10:30:00+00:00,2025-02-27 13:00:00+00:00,28.12,27.6982,27103.761005041175,11432.366391926396,0.010500000000000027,15,v3_short,tp,False,A,True,0.013869132290184941,0.003313720418983584,-0.00014935988620198954,0.8974358974358998,0.10256410256410023
SNGS,1,2025-03-06 19:20:00+00:00,2025-03-07 06:50:00+00:00,27.315,27.26,28195.512207069605,-1550.7531713888202,-0.001409481969613758,69,v3_long,timeout,False,A,True,0.01610836536701451,0.004038298460515453,-0.00016291414973458075,0.09090909090909678,0.9090909090909032
SNGS,-1,2025-03-25 11:10:00+00:00,2025-03-25 11:30:00+00:00,27.445,27.22,28022.40439847455,6305.0409896568135,0.005738750227728219,2,v3_short,opposite_signal,False,A,True,0.012024048096192452,0.003496503496503493,0.00013663691018400177,0.8939393939393941,0.1060606060606059
SNGS,1,2025-03-25 12:20:00+00:00,2025-03-25 12:20:00+00:00,27.345,27.07155,28286.283320859166,-7734.88417408895,-0.0070000000000000106,0,v3_long,sl,False,A,True,0.011878654970760337,0.0036383572567783096,,0.5999999999999956,0.40000000000000435
SNGS,-1,2025-03-25 19:30:00+00:00,2025-03-26 06:50:00+00:00,27.185,27.375,28253.595677286434,-5368.183178684459,-0.004892403899209157,68,v3_short,timeout,False,A,True,0.016550202280250066,0.004631054334201506,-0.00019860242736299816,0.8111111111111089,0.18888888888889108
SNGS,-1,2025-03-27 22:40:00+00:00,2025-03-28 06:50:00+00:00,26.265,26.165,29100.181620481722,2910.0181620482135,0.0026651437273939077,49,v3_short,timeout,False,A,True,0.011986301369863062,0.003471251514304348,-0.00018835616438356336,0.8888888888888888,0.1111111111111111
SNGS,-1,2025-03-28 10:20:00+00:00,2025-03-28 11:50:00+00:00,26.11,26.025,29350.949175618007,2494.8306799275556,0.002278820375335143,9,v3_short,opposite_signal,False,A,True,0.013407393219689633,0.00361178756122253,-0.00014365064163953265,0.6857142857142854,0.31428571428571456
SNGS,1,2025-03-28 20:50:00+00:00,2025-03-28 23:50:00+00:00,25.535,25.475,30080.268825194256,-1804.816129511617,-0.001644801253181872,18,v3_long,weekend_exit,False,A,True,0.012539184952978068,0.003994466125007986,-0.0003409090909090927,0.1406250000000052,0.8593749999999948
SNGS,-1,2025-04-01 10:50:00+00:00,2025-04-01 13:00:00+00:00,25.755,25.695,29774.268808413017,1786.456128504743,0.0016307513104251254,13,v3_short,opposite_signal,False,A,True,0.012228260869565128,0.003137939958592123,0.00010481366459627175,0.7142857142857126,0.2857142857142873
SNGS,-1,2025-04-02 21:10:00+00:00,2025-04-03 06:50:00+00:00,25.22,25.265,30455.46441120661,-1370.4958985043493,-0.0012490087232355747,58,v3_short,timeout,False,A,True,0.023186682520808456,0.005217306898978375,8.521601268331487e-05,0.7863247863247853,0.21367521367521466
SNGS,-1,2025-04-04 10:40:00+00:00,2025-04-04 11:20:00+00:00,24.855,24.77,30864.11045349739,2623.4493885473044,0.0023938845302756222,4,v3_short,opposite_signal,False,A,True,0.014274225975070382,0.0037936399713291817,8.041817450743697e-05,0.7887323943661995,0.21126760563380056
SNGS,1,2025-04-16 20:50:00+00:00,2025-04-17 06:50:00+00:00,23.385,23.45,32882.78297599575,2137.3808934396493,0.001945691682702519,60,v3_long,timeout,False,A,True,0.015180671370536533,0.003063188071893275,0.00037417147744280525,0.0,1.0
SNGS,-1,2025-04-17 20:50:00+00:00,2025-04-18 06:50:00+00:00,23.635,23.55,32598.267252763635,2770.852716484937,0.0025174529299767548,60,v3_short,timeout,False,A,True,0.01354784081287046,0.0030802329399160153,2.5402201524133052e-05,1.015625000000008,-0.01562500000000798
SNGS,-1,2025-04-18 10:20:00+00:00,2025-04-18 11:00:00+00:00,23.6,23.836000000000002,32728.798450025766,-7723.996434206102,-0.007000000000000019,4,v3_short,sl,False,A,True,0.012923728813559309,0.0032082324455205663,-0.0001949152542372885,0.7213114754098446,0.27868852459015536
SNGS,-1,2025-04-18 20:00:00+00:00,2025-04-18 23:50:00+00:00,23.715,23.62,32342.097656194976,3072.499277338486,0.0028041324056503987,23,v3_short,weekend_exit,False,A,True,0.011382799325463875,0.004005059021922435,3.372681281619115e-05,0.7037037037037003,0.2962962962962997
SNGS,-1,2025-04-23 19:50:00+00:00,2025-04-24 06:50:00+00:00,24.19,24.0,31795.932013675098,6041.22708259831,0.0054981397271600205,66,v3_short,timeout,False,A,True,0.013432527381690549,0.0034414261674911824,2.0665426741072776e-06,0.7846153846153856,0.21538461538461437
SNGS,1,2025-04-29 19:30:00+00:00,2025-04-30 06:50:00+00:00,23.85,23.825,32426.518002877125,-810.6629500719972,-0.0007337526205451358,68,v3_long,timeout,False,A,True,0.023060796645702184,0.0036323963547683076,0.00014675052410901526,0.0,1.0
SNGS,1,2025-04-30 19:20:00+00:00,2025-05-02 06:50:00+00:00,23.245,23.455,33246.074007466945,6981.675541567969,0.006323940632393983,213,v3_long,timeout,False,A,True,0.012690901269090046,0.004108849390476769,-0.000126909012690902,0.05084745762712089,0.9491525423728792
SNGS,1,2025-05-07 20:20:00+00:00,2025-05-08 06:50:00+00:00,22.915,22.995,33938.12625715326,2715.050100572323,0.0024438140955706437,63,v3_long,timeout,False,A,True,0.020951549541684874,0.004636599292707036,9.821038847664526e-05,0.46874999999999517,0.5312500000000049
SNGS,-1,2025-05-29 10:40:00+00:00,2025-05-29 11:00:00+00:00,22.28,22.16,34990.69561279476,4198.883473535407,0.00377019748653504,2,v3_short,opposite_signal,False,A,True,0.012788871438187127,0.00334598238237849,8.301548126542618e-05,0.7719298245614116,0.2280701754385884
SNGS,-1,2025-05-29 11:50:00+00:00,2025-05-29 19:30:00+00:00,22.28,21.945800000000002,35122.61744544624,11737.978750268103,0.010499999999999973,46,v3_short,tp,False,A,True,0.012342908438061136,0.0031941950927588296,,0.8000000000000026,0.19999999999999743
SNGS,-1,2025-05-30 19:20:00+00:00,2025-05-30 23:50:00+00:00,22.05,21.965,35861.610059398176,3048.2368550488754,0.0026984126984127255,27,v3_short,weekend_exit,False,A,True,0.007711499206169276,0.0030179456677204937,9.072352007258009e-05,0.8823529411764742,0.11764705882352572
SNGS,-1,2025-09-24 11:20:00+00:00,2025-09-24 19:20:00+00:00,21.49,21.51,36895.40565883034,-737.9081131767222,-0.0006514657980457044,48,v3_short,timeout,False,A,True,0.012563983248022317,0.0030763662685486855,-6.281991624011406e-05,0.8888888888888845,0.11111111111111549
SNGS,-1,2025-10-10 12:00:00+00:00,2025-10-10 13:30:00+00:00,20.675,20.364875,38324.82379342396,11885.48597893558,0.010499999999999978,9,v3_short,tp,False,A,True,0.016203143893591163,0.003482466747279317,,0.7014925373134367,0.2985074626865632
SNGS,-1,2025-10-21 11:50:00+00:00,2025-10-21 18:00:00+00:00,20.605,20.295925,38858.799908483146,12010.283581714428,0.010499999999999999,37,v3_short,tp,False,A,True,0.008978403300169972,0.003947261991426043,,0.9189189189189169,0.08108108108108315
SNGS,-1,2025-10-28 10:20:00+00:00,2025-10-28 18:20:00+00:00,19.88,19.78,40698.83152019594,4069.883152019507,0.0035211267605633053,48,v3_short,timeout,False,A,True,0.019124308002013212,0.0031394540705059213,6.0392551585303196e-05,0.8421052631578898,0.1578947368421102
PIKK,1,2022-01-04 19:20:00+00:00,2022-01-04 21:20:00+00:00,1166.7,1180.0,599.982857632639,7979.772006514072,0.007979772006514072,12,v3_long,opposite_signal,False,A,True,0.015085283277620562,0.004801612082220399,-0.00014485300419988078,0.09659090909091217,0.9034090909090878
PIKK,1,2022-01-12 20:40:00+00:00,2022-01-12 21:40:00+00:00,1249.4,1261.5,564.7397474024009,6833.350943568999,0.006779254041940079,6,v3_long,opposite_signal,False,A,True,0.020070366224212308,0.0038756906888775173,0.00015032784263553642,0.2988047808764951,0.7011952191235049
PIKK,-1,2022-01-12 22:00:00+00:00,2022-01-13 06:50:00+00:00,1259.9,1265.0,563.8298167037527,-2875.5320651890875,-0.0028335582189062116,53,v3_short,timeout,False,A,True,0.01594605315351044,0.003440487658768394,0.0001356604522015066,0.8955223880597055,0.10447761194029445
PIKK,1,2022-01-19 23:20:00+00:00,2022-01-20 07:00:00+00:00,1126.3,1115.037,628.9233007364164,-7083.563136194208,-0.006999999999999951,46,v3_long,sl,False,A,True,0.009144988013850622,0.00448642566322454,-0.00018023617153511257,0.3786407766990176,0.6213592233009825
PIKK,-1,2022-01-20 22:10:00+00:00,2022-01-20 23:30:00+00:00,1113.8,1124.9379999999999,631.5297355217183,-7033.978194240848,-0.006999999999999951,8,v3_short,sl,False,A,True,0.0173311781609195,0.004698862303542113,-0.00013110632183908373,0.6787564766839347,0.3212435233160653
PIKK,-1,2022-02-02 23:20:00+00:00,2022-02-03 07:20:00+00:00,981.1,974.1,711.9295022812365,4983.506515968656,0.004994394047497706,48,v3_short,timeout,False,A,True,0.0071275837491090515,0.0034141749562058847,-4.8874859993890174e-05,0.8571428571428571,0.14285714285714285
PIKK,-1,2022-02-04 20:50:00+00:00,2022-02-04 23:50:00+00:00,936.5,945.0,749.5595186858509,-6371.255908829733,-0.00635344367325147,18,v3_short,weekend_exit,False,A,True,0.01698173662287726,0.004647036642276255,-0.0003620634412047431,0.7798742138364777,0.22012578616352232
PIKK,-1,2022-02-07 22:30:00+00:00,2022-02-08 07:00:00+00:00,914.4,910.0,762.7981300449677,3356.3117721978406,0.0033683289588801227,51,v3_short,timeout,False,A,True,0.0084208223972004,0.003644633706500957,-0.00021872265966754156,0.9220779220779196,0.07792207792208042
PIKK,-1,2022-02-08 19:50:00+00:00,2022-02-09 06:50:00+00:00,907.0,906.0,771.6119386479129,771.6119386479129,0.0007717750826901875,66,v3_short,timeout,False,A,True,0.0176444640494045,0.0036706786817064696,-0.00034406704896338823,1.0,0.0
PIKK,-1,2022-02-11 19:20:00+00:00,2022-02-11 21:40:00+00:00,943.6,929.446,742.2553589558187,10505.882350660655,0.010499999999999997,14,v3_short,tp,False,A,True,0.01195767195767191,0.004662563438073634,0.0002391534391534382,0.6194690265486751,0.3805309734513249
PIKK,-1,2022-02-15 23:10:00+00:00,2022-02-16 07:00:00+00:00,941.9,951.319,751.402775619676,-7077.462743561716,-0.006999999999999987,47,v3_short,sl,False,A,True,0.008386411889596579,0.004367606915377626,0.00037791932059447886,0.9873417721518958,0.01265822784810418
PIKK,-1,2022-10-19 23:40:00+00:00,2022-10-20 09:50:00+00:00,608.2,609.0,1155.527869838342,-924.422295870621,-0.0009207497533705493,61,v3_short,timeout,False,A,True,0.01216905114290409,0.0032587282569663334,-0.00016609110343693322,0.702702702702711,0.297297297297289
PIKK,-1,2023-01-18 13:20:00+00:00,2023-01-18 21:20:00+00:00,616.5,612.2,1138.9212568184432,4897.361404319254,0.004882400648823954,48,v3_short,timeout,False,A,True,0.02497972424979739,0.004055150040551544,,0.8896103896103873,0.11038961038961269
PIKK,-1,2023-03-22 13:20:00+00:00,2023-03-22 21:20:00+00:00,644.9,642.9,1094.0814200831041,2188.1628401662083,0.002170879206078462,48,v3_short,timeout,False,A,True,0.022173980462087076,0.004260535040500922,,0.818181818181816,0.181818181818184
PIKK,-1,2023-04-05 13:20:00+00:00,2023-04-05 21:20:00+00:00,651.8,654.2,1084.8493737338297,-2603.63849696129,-0.002577477753912341,48,v3_short,timeout,False,A,True,0.022859772936483724,0.0038282265959467625,,0.6711409395973114,0.32885906040268864
PIKK,1,2023-04-28 21:40:00+00:00,2023-04-28 23:50:00+00:00,683.0,688.9,1032.6241213057647,6092.482315703988,0.0060468521229868,13,v3_long,weekend_exit,False,A,True,0.01229868228404113,0.003385424447963661,-0.00032942898975109813,0.023809523809528964,0.9761904761904711
PIKK,1,2023-06-15 22:40:00+00:00,2023-06-16 09:50:00+00:00,748.6,754.8,947.8319696404354,5876.558211770635,0.005797488645471483,67,v3_long,timeout,False,A,True,0.011219447041538636,0.0035517345712159534,0.0003779885134232694,0.2500000000000034,0.7499999999999967
PIKK,-1,2023-06-22 13:20:00+00:00,2023-06-22 21:20:00+00:00,779.9,776.5,915.0668075664437,3111.2271457258876,0.003051673291447601,48,v3_short,timeout,False,A,True,0.016929588303193594,0.003145287870182046,,0.6893939393939388,0.3106060606060613
PIKK,-1,2023-06-23 13:20:00+00:00,2023-06-23 21:20:00+00:00,771.7,772.0,927.6123651977161,-278.28370955927267,-0.0002721264740183597,48,v3_short,timeout,False,A,True,0.012953367875647668,0.0030656303972366036,,0.7600000000000022,0.23999999999999772
PIKK,-1,2023-08-16 22:50:00+00:00,2023-08-17 09:50:00+00:00,773.8,790.6,924.8431941411038,-15537.365661570608,-0.015197725510467884,66,v3_short,gap_sl,False,A,True,0.014215559576117861,0.006060733934307747,-0.00016670974411992883,0.7181818181818161,0.2818181818181839
PIKK,-1,2023-08-18 13:20:00+00:00,2023-08-18 16:40:00+00:00,778.7,786.4870000000001,905.0565142715893,-7047.675076632897,-0.00700000000000003,20,v3_short,sl,False,A,True,0.019260400616332822,0.004035512510088782,,0.7133333333333364,0.2866666666666636
PIKK,-1,2023-09-21 13:20:00+00:00,2023-09-21 15:30:00+00:00,747.0,735.795,936.8596186206744,10497.512026644696,0.01050000000000004,13,v3_short,tp,False,A,True,0.03348064818534886,0.00566938975938574,,0.68,0.32
PIKK,-1,2023-11-01 13:20:00+00:00,2023-11-01 13:50:00+00:00,718.5,725.6850000000001,984.2482860519066,-7071.823935283007,-0.0070000000000000565,3,v3_short,sl,False,A,True,0.020320111343075885,0.0032673890711468895,,0.8972602739726029,0.1027397260273971
PIKK,-1,2023-12-12 13:20:00+00:00,2023-12-12 14:10:00+00:00,672.3,679.0229999999999,1044.5219645598645,-7022.321167735923,-0.006999999999999955,5,v3_short,sl,False,A,True,0.028707422281719405,0.005659321589709784,,0.7098445595854904,0.29015544041450964
PIKK,-1,2023-12-13 13:20:00+00:00,2023-12-13 21:20:00+00:00,672.6,671.4,1036.7476835506716,1244.097220260853,0.0012488849241748911,48,v3_short,timeout,False,A,True,0.016352014270848817,0.0037022092916250754,,0.6000000000000021,0.3999999999999979
PIKK,1,2023-12-19 13:20:00+00:00,2023-12-19 17:00:00+00:00,676.5,669.735,1032.0581818335022,-6981.873600103629,-0.006999999999999985,22,v3_long,sl,False,A,True,0.02305986696230602,0.0041389504804138924,,0.13461538461538589,0.8653846153846141
PIKK,-1,2023-12-29 13:20:00+00:00,2023-12-29 21:20:00+00:00,678.8,676.3,1021.3612971277133,2553.403242819283,0.002578078962875663,48,v3_short,timeout,False,A,True,0.021508544490276994,0.0035777422341947973,,0.684931506849314,0.315068493150686
PIKK,-1,2024-01-09 13:20:00+00:00,2024-01-09 21:20:00+00:00,706.1,706.6,984.4036691123994,-492.2018345561997,-0.0004956804985129585,48,v3_short,timeout,False,A,True,0.02039371193881883,0.003756381464921312,,0.4930555555555579,0.5069444444444421
PIKK,-1,2024-01-17 13:20:00+00:00,2024-01-17 21:20:00+00:00,715.4,710.5,971.1250901259099,4758.512941616937,0.004794520547945184,48,v3_short,timeout,False,A,True,0.01846412085606385,0.004382897374924229,,0.5,0.5
PIKK,-1,2024-01-26 13:20:00+00:00,2024-01-26 21:20:00+00:00,731.8,729.3,953.9134306302374,2384.7835765755935,0.002391363760590325,48,v3_short,timeout,False,A,True,0.021590598524186877,0.003032314319551249,,0.6708860759493632,0.3291139240506367
PIKK,-1,2024-02-15 13:20:00+00:00,2024-02-15 13:20:00+00:00,854.4,862.944,818.9878242495442,-6997.431970388092,-0.006999999999999985,0,v3_short,sl,False,A,True,0.024812734082397057,0.0037899054752987276,,0.8301886792452823,0.1698113207547177
PIKK,-1,2024-02-16 21:40:00+00:00,2024-02-16 23:00:00+00:00,867.3,875.973,801.1587624346121,-6948.449946595392,-0.007000000000000002,8,v3_short,sl,False,A,True,0.012683039317421884,0.005534417156693174,-0.0002836388792805247,0.9636363636363554,0.03636363636364463
PIKK,-1,2024-03-26 21:50:00+00:00,2024-03-27 09:50:00+00:00,879.5,880.4,784.5151559942266,-706.063640394786,-0.0007163160886867357,72,v3_short,timeout,False,A,True,0.011142694712905007,0.002979429406782613,-4.775440591245077e-05,0.8979591836734689,0.10204081632653109
PIKK,-1,2024-03-29 13:20:00+00:00,2024-03-29 21:20:00+00:00,889.9,885.8,774.7913643652612,3176.6445938975885,0.0032250814698280886,48,v3_short,timeout,False,A,True,0.02067415730337076,0.003226324237560172,,0.4510869565217372,0.5489130434782628
PIKK,1,2024-05-08 13:20:00+00:00,2024-05-08 21:20:00+00:00,844.0,842.6,819.5621876355145,-1147.3870626897017,-0.001161137440758275,48,v3_long,timeout,False,A,True,0.011604499703966925,0.0030843835461952587,,0.02040816326531062,0.9795918367346894
PIKK,1,2024-05-21 13:20:00+00:00,2024-05-21 16:00:00+00:00,837.6,829.224,824.8654673119524,-6909.073154204894,-0.00699999999999998,16,v3_long,sl,False,A,True,0.017791044776119376,0.003906183368869932,,0.16778523489932912,0.8322147651006709
PIKK,1,2024-05-22 22:40:00+00:00,2024-05-23 09:50:00+00:00,844.4,841.3,812.4952205264663,-2518.735183632064,-0.002569872098531521,67,v3_long,timeout,False,A,True,0.012317896482292997,0.00321966995965744,0.0005057444036479957,0.11538461538460908,0.8846153846153909
PIKK,1,2024-06-03 23:30:00+00:00,2024-06-04 09:50:00+00:00,832.3,834.2,822.1889337786921,1562.1589741795897,0.0015979814970564262,62,v3_long,timeout,False,A,True,0.014903846153846127,0.004871467817896388,0.00030168269230769127,0.09677419354838178,0.9032258064516182
PIKK,-1,2024-06-13 23:30:00+00:00,2024-06-14 09:50:00+00:00,856.9,859.0,799.8615484489802,-1679.7092517428766,-0.0017154860543820935,62,v3_short,timeout,False,A,True,0.008869179600886944,0.0032318680769075035,0.00014120667522464858,0.8947368421052545,0.1052631578947455
PIKK,-1,2024-06-25 22:30:00+00:00,2024-06-26 09:50:00+00:00,939.5,940.7,728.2869232461003,-873.9443078953535,-0.0008940926024481447,68,v3_short,timeout,False,A,True,0.01223925074499787,0.0030603556876135016,-8.301404853128942e-05,0.6173913043478281,0.3826086956521719
PIKK,1,2024-07-04 13:20:00+00:00,2024-07-04 16:10:00+00:00,856.0,847.4399999999999,798.6142562782527,-6836.1380337418905,-0.007000000000000048,17,v3_long,sl,False,A,True,0.019275700934579438,0.004305740987983977,,0.2848484848484876,0.7151515151515124
PIKK,-1,2024-07-12 21:40:00+00:00,2024-07-12 23:50:00+00:00,861.6,867.0,787.8696689305538,-4254.496212224973,-0.004387186629526444,13,v3_short,weekend_exit,False,A,True,0.007660167130919247,0.003628749549959255,0.0001891829155060374,0.9848484848484814,0.015151515151518545
PIKK,-1,2024-09-03 22:00:00+00:00,2024-09-04 09:50:00+00:00,638.1,636.6,1059.1605695063588,1588.740854259538,0.0016455101081335212,71,v3_short,timeout,False,A,True,0.01003134796238241,0.005770584095707262,7.836990595611286e-05,0.9375000000000033,0.06249999999999667
PIKK,-1,2024-09-20 22:10:00+00:00,2024-09-20 23:30:00+00:00,653.2,659.7320000000001,1036.378563992635,-6769.624779999933,-0.007000000000000041,8,v3_short,sl,False,A,True,0.010255625287004336,0.003454986770462058,6.735037501913502e-05,0.985074626865685,0.014925373134314936
PIKK,-1,2024-09-24 13:20:00+00:00,2024-09-24 16:30:00+00:00,646.7,653.167,1039.4676676263944,-6722.237406539876,-0.006999999999999982,19,v3_short,sl,False,A,True,0.021319326432875128,0.004465435177624274,,0.6449275362318875,0.3550724637681125
PIKK,-1,2024-10-01 13:20:00+00:00,2024-10-01 16:10:00+00:00,648.6,638.871,1029.1677065516672,10012.772617041213,0.010500000000000044,17,v3_short,tp,False,A,True,0.019118100524205945,0.0045445868757616956,,0.7016129032258114,0.2983870967741886
PIKK,-1,2024-10-29 21:50:00+00:00,2024-10-30 09:50:00+00:00,571.3,571.0,1180.688106601331,354.2064319803456,0.0003675827061088188,72,v3_short,timeout,False,A,True,0.018029056537720908,0.0046367575561644045,-0.00027481183266234985,0.8543689320388343,0.14563106796116568
PIKK,-1,2024-11-19 23:30:00+00:00,2024-11-20 09:50:00+00:00,484.5,483.8,1392.7245816382388,974.9072071467513,0.0010113519091847103,62,v3_short,timeout,False,A,True,0.01052197235403347,0.004458891045586777,-0.0002351970290901584,0.901960784313726,0.09803921568627408
PIKK,-1,2024-12-11 21:50:00+00:00,2024-12-12 09:50:00+00:00,388.1,386.5,1740.4212699013895,2784.6740318422626,0.002885854161298675,72,v3_short,timeout,False,A,True,0.015717598557072977,0.004459191561190299,9.27595980417424e-05,0.8360655737704924,0.16393442622950757
PIKK,-1,2024-12-23 22:50:00+00:00,2024-12-23 23:10:00+00:00,466.9,471.56899999999996,1450.860498331589,-6774.067666710164,-0.006999999999999975,2,v3_short,sl,False,A,True,0.014349967873206231,0.005345723639637905,-0.0008203041336474634,0.9850746268656683,0.014925373134331777
PIKK,-1,2025-01-09 23:20:00+00:00,2025-01-10 09:50:00+00:00,475.4,474.4,1414.945139470597,1414.945139470597,0.001472444257467396,63,v3_short,timeout,False,A,True,0.01135885570046284,0.003751942510281352,1.893142616743986e-05,0.740740740740736,0.25925925925926396
PIKK,1,2025-01-30 20:30:00+00:00,2025-01-31 06:50:00+00:00,700.0,700.0,962.3648298599303,0.0,0.0,62,v3_long,timeout,False,A,True,0.013142857142857208,0.0036384839650145727,5.714285714287013e-06,0.05434782608695626,0.9456521739130438
PIKK,-1,2025-02-03 19:50:00+00:00,2025-02-03 21:00:00+00:00,678.6,685.3860000000001,992.7134997081508,-6736.55380901957,-0.00700000000000006,7,v3_short,sl,False,A,True,0.015325670498084257,0.003557744937055291,-0.000207780725022103,0.9230769230769272,0.07692307692307272
PIKK,-1,2025-02-04 19:30:00+00:00,2025-02-04 21:30:00+00:00,679.1,668.9135,985.0387177670998,10034.096898534586,0.010500000000000025,12,v3_short,tp,False,A,True,0.011485790016197841,0.0032365766215188747,-0.0001663967015167126,0.8846153846153869,0.11538461538461314
PIKK,1,2025-02-11 20:20:00+00:00,2025-02-12 06:50:00+00:00,704.8,711.3,959.0857847114241,6234.057600624257,0.006455732122587969,63,v3_long,timeout,False,A,True,0.007097232079488999,0.0037571877579988615,0.00044002838892831796,0.23999999999998636,0.7600000000000137
PIKK,-1,2025-02-12 12:00:00+00:00,2025-02-12 14:30:00+00:00,723.0,712.155,940.9785634647976,10204.912520775755,0.010500000000000025,15,v3_short,tp,False,A,True,0.015491009681880956,0.003926292776513625,,0.6517857142857142,0.3482142857142858
PIKK,-1,2025-02-24 20:50:00+00:00,2025-02-25 06:50:00+00:00,703.9,705.5,976.6599519102028,-1562.6559230563466,-0.0015911351044182638,60,v3_short,timeout,False,A,True,0.01903679499928964,0.004117004096709,-0.0005370080977411591,0.932835820895524,0.06716417910447603
PIKK,-1,2025-02-28 10:20:00+00:00,2025-02-28 10:40:00+00:00,647.3,637.5904999999999,1060.369351156268,10295.656215051837,0.010500000000000053,2,v3_short,tp,False,A,True,0.01898148148148141,0.004218106995884764,3.08641975308642e-05,0.7560975609756089,0.24390243902439115
PIKK,-1,2025-03-03 20:30:00+00:00,2025-03-03 22:20:00+00:00,632.6,638.926,1096.402213648417,-6935.84040353991,-0.0070000000000000236,11,v3_short,sl,False,A,True,0.016729797979797834,0.0043644351680065885,-0.00018308080808080663,0.5566037735849083,0.4433962264150917
PIKK,1,2025-03-06 22:50:00+00:00,2025-03-07 06:50:00+00:00,665.2,665.5,1035.3712448459269,310.611373453731,0.00031569452796146745,48,v3_long,timeout,False,A,True,0.014279272508642719,0.0048344003165673175,-0.00017285435142041188,0.126315789473689,0.873684210526311
PIKK,-1,2025-03-07 10:30:00+00:00,2025-03-07 17:20:00+00:00,673.9,663.7914999999999,1022.3273186421254,10334.195700493976,0.010500000000000053,41,v3_short,tp,False,A,True,0.013058317257753308,0.0038851191841249885,0.00014838996883810655,0.7727272727272716,0.22727272727272846
PIKK,-1,2025-03-11 21:00:00+00:00,2025-03-12 06:50:00+00:00,636.0,634.0,1094.6231399737014,2189.246279947403,0.00220125786163522,59,v3_short,timeout,False,A,True,0.016823899371069075,0.0038826851495315,-0.0002955974842767289,0.6448598130841141,0.3551401869158859
PIKK,-1,2025-03-12 19:20:00+00:00,2025-03-12 20:00:00+00:00,613.6,611.0,1137.0808171760714,2956.4101246578116,0.0029661016949152808,4,v3_short,opposite_signal,False,A,True,0.012385919165580218,0.003814889710773482,-0.00016460234680573885,0.2763157894736864,0.7236842105263136
PIKK,1,2025-03-12 20:20:00+00:00,2025-03-12 20:50:00+00:00,612.4,616.3,1142.688237273837,4456.484125367939,0.004457870672762874,3,v3_long,opposite_signal,False,A,True,0.014696276943174396,0.0036224156547008065,-2.2860875244935723e-05,0.2555555555555505,0.7444444444444495
PIKK,-1,2025-03-12 21:10:00+00:00,2025-03-12 21:50:00+00:00,616.2,612.8,1140.7040171928843,3878.3936584559106,0.003862382343395105,4,v3_short,opposite_signal,False,A,True,0.01460564751703992,0.0034411038027674506,-2.109704641350137e-05,0.6777777777777803,0.3222222222222197
PIKK,-1,2025-03-26 13:00:00+00:00,2025-03-26 15:40:00+00:00,567.8,559.2829999999999,1242.720484246521,10584.250364327685,0.010500000000000067,16,v3_short,tp,False,A,True,0.014801762114537405,0.004043338492677677,,0.8095238095238063,0.19047619047619369
PIKK,1,2025-03-28 23:30:00+00:00,2025-03-28 23:50:00+00:00,514.6,513.6,1385.5920447147375,-1385.5920447147375,-0.001360279828993393,2,v3_long,weekend_exit,False,A,True,0.015546055188495918,0.0048938347200520056,4.0808394869804436e-05,0.11249999999999716,0.8875000000000028
PIKK,1,2025-04-11 19:20:00+00:00,2025-04-11 19:20:00+00:00,427.7,428.6,1664.8486129972027,1498.3637516975393,0.0014729950900164226,0,v3_long,opposite_signal,False,A,True,0.013327098433481385,0.0070190339404408,-0.00036941781622632853,0.771929824561401,0.22807017543859895
PIKK,-1,2025-04-15 21:50:00+00:00,2025-04-15 22:10:00+00:00,421.1,425.31100000000004,1693.4329290075798,-7131.04606405094,-0.007000000000000021,2,v3_short,sl,False,A,True,0.011158594491927798,0.006216446692637161,-0.00025403608736941906,0.851063829787236,0.1489361702127639
PIKK,1,2025-04-16 20:40:00+00:00,2025-04-17 06:50:00+00:00,426.8,429.2,1659.121073477639,3981.890576346296,0.003936269915651322,61,v3_long,timeout,False,A,True,0.0260135926880713,0.0050219290903612355,0.0005319896883055995,0.08108108108108399,0.918918918918916
PIKK,-1,2025-04-17 11:00:00+00:00,2025-04-17 11:30:00+00:00,431.3,435.613,1648.2731221045642,-7109.001975636966,-0.00699999999999998,3,v3_short,sl,False,A,True,0.010196987253766011,0.0036523754345307103,0.00014136732329084377,0.7045454545454543,0.29545454545454575
PIKK,-1,2025-04-17 21:00:00+00:00,2025-04-17 21:00:00+00:00,435.8,440.158,1619.8345483725393,-7059.238961807533,-0.007000000000000005,0,v3_short,sl,False,A,True,0.021344962129905793,0.00375656344704511,2.9837043837501824e-05,0.8279569892473146,0.17204301075268535
PIKK,-1,2025-04-25 22:00:00+00:00,2025-04-25 23:50:00+00:00,513.4,511.6,1365.3728650321145,2457.671157057744,0.002454226723802042,11,v3_short,weekend_exit,False,A,True,0.016160436137071785,0.006230529595015562,9.735202492211838e-06,0.9036144578313179,0.09638554216868213
PIKK,1,2025-04-28 20:10:00+00:00,2025-04-28 21:50:00+00:00,506.2,501.138,1388.19201643111,-7027.027987174295,-0.007000000000000016,10,v3_long,sl,False,A,True,0.01461872777558273,0.00464848128109401,-5.333860134334345e-05,0.29729729729729665,0.7027027027027033
PIKK,1,2025-04-30 19:20:00+00:00,2025-04-30 22:30:00+00:00,469.1,476.13649999999996,1487.4949459100526,10466.758186895984,0.010499999999999897,19,v3_long,tp,False,A,True,0.01811980387976977,0.004598471236714671,0.00016627584736730053,0.0,1.0
PIKK,-1,2025-05-08 11:30:00+00:00,2025-05-08 14:30:00+00:00,487.3,479.9905,1446.9743686789104,10576.659147858516,0.01050000000000002,18,v3_short,tp,False,A,True,0.01375205254515597,0.004354327938071779,,0.6417910447761221,0.3582089552238778
PIKK,-1,2025-05-12 20:20:00+00:00,2025-05-13 06:50:00+00:00,499.6,504.8,1426.1694781039512,-7416.08128614053,-0.007285828662930329,63,v3_short,gap_sl,False,A,True,0.015612489991993618,0.004044051567784828,8.406725380304334e-05,0.6923076923076956,0.3076923076923043
PIKK,-1,2025-05-13 19:30:00+00:00,2025-05-14 06:50:00+00:00,499.9,497.0,1414.929014523776,4103.294142118918,0.004060812162432454,68,v3_short,timeout,False,A,True,0.009401880376075193,0.00313940339088225,-0.00018403680736147322,0.7659574468085052,0.23404255319149478
PIKK,-1,2025-05-15 11:40:00+00:00,2025-05-15 12:30:00+00:00,502.8,495.258,1412.4807483291943,10652.929803898825,0.010500000000000042,5,v3_short,tp,False,A,True,0.014726368159204048,0.00463887459255447,,0.8243243243243236,0.1756756756756764
PIKK,1,2025-05-19 20:10:00+00:00,2025-05-19 20:50:00+00:00,492.1,487.17900000000003,1458.3466188226946,-7176.523711226469,-0.006999999999999989,4,v3_long,sl,False,A,True,0.01726238830219334,0.003398597456854386,7.717303005686343e-05,0.30588235294117916,0.6941176470588208
PIKK,-1,2025-05-23 19:40:00+00:00,2025-05-23 22:00:00+00:00,479.9,484.69899999999996,1484.9527079074592,-7126.288045247864,-0.006999999999999969,14,v3_short,sl,False,A,True,0.014996875650906037,0.0054112876144000515,0.0003790876900645708,0.749999999999998,0.250000000000002
PIKK,-1,2025-05-28 19:20:00+00:00,2025-05-28 23:30:00+00:00,532.3,537.6229999999999,1329.4014707742178,-7076.404028931133,-0.006999999999999973,25,v3_short,sl,False,A,True,0.016353383458646703,0.005036826760779502,3.759398496240601e-05,0.9195402298850527,0.08045977011494733
PIKK,-1,2025-05-29 11:40:00+00:00,2025-05-29 16:40:00+00:00,535.6,527.566,1311.9621360583722,10540.30380109295,0.010499999999999987,30,v3_short,tp,False,A,True,0.016813002054922473,0.005153410591547133,,0.8555555555555606,0.14444444444443938
PIKK,-1,2025-05-30 12:10:00+00:00,2025-05-30 12:30:00+00:00,529.6,534.8960000000001,1340.7574258565505,-7100.651327336357,-0.007000000000000064,2,v3_short,sl,False,A,True,0.015483383685800689,0.004856259441087617,,0.6463414634146388,0.3536585365853611
PIKK,-1,2025-05-30 19:20:00+00:00,2025-05-30 21:00:00+00:00,534.8,533.0,1318.4268451841695,2373.168321331445,0.0023560209424083175,10,v3_short,opposite_signal,False,A,True,0.00822583660497285,0.003761908577227859,0.00018508132361189179,0.8181818181818017,0.18181818181819825
PIKK,-1,2025-06-03 19:20:00+00:00,2025-06-04 06:50:00+00:00,598.9,601.4,1180.089989362875,-2950.2249734071875,-0.002922023710135248,69,v3_short,timeout,False,A,True,0.03239271998664214,0.005435134481242808,3.5064284521625256e-05,0.9123711340206161,0.0876288659793839
PIKK,-1,2025-06-04 10:20:00+00:00,2025-06-04 11:30:00+00:00,597.3,592.4,1179.7936332630852,5780.988802989091,0.0057425079524526775,7,v3_short,opposite_signal,False,A,True,0.027461486939048856,0.005214811979714848,4.6885465505692474e-05,0.5304878048780454,0.46951219512195463
PIKK,1,2025-06-10 21:00:00+00:00,2025-06-11 06:50:00+00:00,540.2,543.6,1311.9907984267552,4460.768714650938,0.004405775638652322,59,v3_long,timeout,False,A,True,0.017400962606442014,0.004578803013245297,-0.00039429840799703303,0.1063829787234045,0.8936170212765955
PIKK,1,2025-06-11 19:50:00+00:00,2025-06-13 06:50:00+00:00,552.0,554.9,1289.6013902362115,3739.844031684984,0.0036775362318840293,210,v3_long,timeout,False,A,True,0.01358203549438609,0.0042760313107495776,0.0003531329228540384,0.06666666666666667,0.9333333333333333
PIKK,-1,2025-06-23 22:40:00+00:00,2025-06-24 06:50:00+00:00,533.8,532.5,1338.474818719686,1740.017264335531,0.001704758336455542,49,v3_short,timeout,False,A,True,0.012176845260397154,0.003509684128428466,0.0001629823904083935,0.8923076923076854,0.10769230769231469
PIKK,1,2025-06-25 19:30:00+00:00,2025-06-25 21:40:00+00:00,557.9,552.321,1282.8389860505524,-7156.958703175969,-0.0069999999999999386,13,v3_long,sl,False,A,True,0.013801756587202089,0.003621452165738128,0.00012188564258827666,0.9870129870129841,0.012987012987015864
PIKK,-1,2025-07-02 12:30:00+00:00,2025-07-02 14:20:00+00:00,600.8,606.808,1182.8994660875167,-7106.859992253845,-0.007000000000000044,11,v3_short,sl,False,A,True,0.013983685700016608,0.0038778288075676268,,0.785714285714277,0.214285714285723
PIKK,1,2025-07-03 20:00:00+00:00,2025-07-04 06:50:00+00:00,625.8,625.0,1127.6944666519694,-902.1555733215242,-0.0008948545861297032,65,v3_long,timeout,False,A,True,0.02285075103867043,0.004399266897554781,0.0002540747842761244,0.2307692307692283,0.7692307692307717
PIKK,-1,2025-07-04 19:50:00+00:00,2025-07-04 23:50:00+00:00,628.0,628.2,1122.7383572125434,-224.54767144255973,-0.00022292993630578317,24,v3_short,weekend_exit,False,A,True,0.007963051441312312,0.003767010865502428,6.370441153049849e-05,0.8200000000000045,0.17999999999999544
PIKK,1,2025-07-11 19:20:00+00:00,2025-07-11 23:50:00+00:00,618.9,617.2,1138.9925754717524,-1936.2873783019013,-0.0019227661980933143,27,v3_long,weekend_exit,False,A,True,0.014059469941822774,0.004241256942337372,-0.0003118939883645759,0.3218390804597674,0.6781609195402326
PIKK,-1,2025-07-16 10:30:00+00:00,2025-07-16 18:30:00+00:00,656.8,651.6,1071.2044820259687,5570.263306534964,0.005542021924482265,48,v3_short,timeout,False,A,True,0.012026183589587422,0.0038541911734178477,-1.0656112041410762e-05,0.7848101265822721,0.21518987341772788
PIKK,-1,2025-07-22 13:10:00+00:00,2025-07-22 21:10:00+00:00,657.5,655.0,1075.994354538754,2689.985886346885,0.002661596958174905,48,v3_short,timeout,False,A,True,0.012011555420404404,0.003160935636948527,,0.8101265822784804,0.18987341772151953
PIKK,-1,2025-07-30 10:20:00+00:00,2025-07-30 10:40:00+00:00,619.5,625.695,1145.0351545273181,-7093.492782296793,-0.007000000000000057,2,v3_short,sl,False,A,True,0.014373385012919859,0.0030607850375291936,3.552971576227463e-05,0.7303370786516873,0.26966292134831277
PIKK,-1,2025-07-31 13:00:00+00:00,2025-07-31 15:50:00+00:00,613.5,619.635,1148.1399075502295,-7043.838332820647,-0.00699999999999999,17,v3_short,sl,False,A,True,0.01809290953545236,0.0032776052335954627,,0.7567567567567531,0.24324324324324684
PIKK,-1,2025-08-06 20:10:00+00:00,2025-08-06 20:20:00+00:00,624.8,631.048,1119.4832689646148,-6994.531464490966,-0.007000000000000053,1,v3_short,sl,False,A,True,0.019369297262686123,0.0033093435869625378,-2.5612293901074696e-05,0.826446280991734,0.17355371900826602
PIKK,1,2025-09-19 13:00:00+00:00,2025-09-19 21:00:00+00:00,584.3,582.0,1188.6992545335402,-2734.008285427088,-0.0027554338524729896,48,v3_long,timeout,False,A,True,0.017114495978093447,0.0033303884065479087,,0.2799999999999955,0.7200000000000045
PIKK,-1,2025-09-22 20:50:00+00:00,2025-09-23 06:50:00+00:00,562.8,560.2,1230.7092548403496,3199.844062584797,0.003233830845771032,60,v3_short,timeout,False,A,True,0.021851128086694028,0.004778461393439959,-0.0002398294546100551,0.8455284552845463,0.15447154471545368
PIKK,1,2025-09-23 20:40:00+00:00,2025-09-23 21:50:00+00:00,561.4,555.786,1237.768185728461,-6948.830594679621,-0.007000000000000041,7,v3_long,sl,False,A,True,0.016749821810406434,0.003661977977220813,0.0002868852459016377,0.11702127659574597,0.882978723404254
PIKK,-1,2025-09-26 12:50:00+00:00,2025-09-26 13:20:00+00:00,549.1,554.591,1256.6360918806815,-6900.188780516804,-0.006999999999999981,3,v3_short,sl,False,A,True,0.012383900928792487,0.0033843258665695423,,0.8235294117647147,0.17647058823528528
PIKK,-1,2025-10-01 23:10:00+00:00,2025-10-02 07:00:00+00:00,529.3,521.3605,1294.5186962125838,10277.831188579748,0.01049999999999994,47,v3_short,tp,False,A,True,0.010383235793845572,0.0038335137717537457,4.530866528223694e-05,0.9272727272727107,0.07272727272728927
PIKK,1,2025-10-02 20:00:00+00:00,2025-10-02 21:00:00+00:00,524.9,519.651,1319.0764483469734,-6923.832277373294,-0.007000000000000031,6,v3_long,sl,False,A,True,0.016003048199657036,0.0037480414150800473,0.00029338921699371485,0.08333333333332543,0.9166666666666745
PIKK,-1,2025-10-03 10:50:00+00:00,2025-10-03 12:20:00+00:00,528.3,520.3755,1301.413108353521,10313.048177147433,0.010499999999999957,9,v3_short,tp,False,A,True,0.012303615370054893,0.003233642501104171,0.00013817906492523104,0.6769230769230734,0.3230769230769266
PIKK,-1,2025-10-07 20:20:00+00:00,2025-10-08 06:50:00+00:00,536.9,539.6,1294.0131847032376,-3493.8355986988004,-0.003520208604954427,63,v3_short,timeout,False,A,True,0.01323639075316932,0.003983472583664357,-0.00011931394481730221,0.7183098591549305,0.28169014084506955
PIKK,-1,2025-10-13 20:10:00+00:00,2025-10-13 21:20:00+00:00,422.1,418.6,1640.156346714236,5740.547213499825,0.005804311774461027,7,v3_short,opposite_signal,False,A,True,0.013503909026297058,0.005289393653694594,-0.00019900497512437485,0.7894736842105279,0.21052631578947212
PIKK,-1,2025-10-20 22:50:00+00:00,2025-10-21 06:50:00+00:00,425.7,426.0,1635.7255743423277,-490.7176723027169,-0.0004933051444679539,48,v3_short,timeout,False,A,True,0.014799154334038082,0.0038639839304291114,0.00014799154334037948,0.9047619047619013,0.09523809523809867
PIKK,-1,2025-10-28 20:30:00+00:00,2025-10-29 06:50:00+00:00,383.7,382.4,1813.8777029630364,2358.041013851968,0.0023716445139432057,62,v3_short,timeout,False,A,True,0.01277039353661709,0.00374442192827091,0.0001198853270784473,0.938775510204079,0.061224489795920975
PIKK,-1,2025-10-29 10:20:00+00:00,2025-10-29 13:40:00+00:00,385.4,389.25399999999996,1810.1595831256188,-6976.355033366108,-0.006999999999999974,20,v3_short,sl,False,A,True,0.015572281339216195,0.0036953270797028667,0.00012976901116013497,0.8999999999999962,0.1000000000000038
PLZL,-1,2022-01-14 11:50:00+00:00,2022-01-14 13:00:00+00:00,1230.0,1211.55,569.1056910569106,10500.000000000025,0.010500000000000025,7,v3_short,tp,False,A,True,0.012358225944144107,0.003207307277699838,,0.5624999999999953,0.43750000000000466
PLZL,-1,2022-01-17 21:10:00+00:00,2022-01-18 06:50:00+00:00,1164.2,1164.0,607.5846074557636,121.51692149118036,0.00012025425184678907,58,v3_short,timeout,False,A,True,0.021388077649888412,0.003930175402921867,-0.0004483765676000671,0.91164658634538,0.08835341365461997
PLZL,-1,2022-01-27 20:00:00+00:00,2022-01-28 06:50:00+00:00,1187.75,1195.0,595.6093974700432,-4318.168131657813,-0.004272784676910124,65,v3_short,timeout,False,A,True,0.015619737285281203,0.0035915342897010686,-0.00015367126978780736,0.9029649595687353,0.09703504043126464
PLZL,-1,2022-02-02 19:20:00+00:00,2022-02-03 06:50:00+00:00,1223.4,1220.75,575.7825275076698,1525.8236978953773,0.001516266143534464,69,v3_short,timeout,False,A,True,0.015208503679476622,0.0033924608273399335,-0.00019991823385118784,0.9354838709677514,0.0645161290322486
PLZL,1,2022-02-03 19:50:00+00:00,2022-02-04 07:00:00+00:00,1211.0,1220.0,582.5602153108259,5243.041937797433,0.005202312138728324,67,v3_long,timeout,False,A,True,0.015683037556747832,0.003775889224860384,-4.1271151465125874e-06,0.18947368421052152,0.8105263157894784
PLZL,-1,2022-02-04 11:00:00+00:00,2022-02-04 16:30:00+00:00,1220.85,1202.5372499999999,580.8662408140791,10637.258251468056,0.01050000000000003,33,v3_short,tp,False,A,True,0.00889016346429588,0.0032109058134294787,6.473022245892982e-05,0.4792626728110472,0.5207373271889528
PLZL,-1,2022-02-08 19:20:00+00:00,2022-02-09 07:00:00+00:00,1209.0,1208.7,592.7184705325856,177.8155411597487,0.00017369727047143767,70,v3_short,timeout,False,A,True,0.023420366615632852,0.0032773650694191726,-0.00011958455745438221,0.9823321554770318,0.017667844522968226
PLZL,-1,2022-02-09 12:10:00+00:00,2022-02-09 16:30:00+00:00,1208.5,1220.585,593.0666956993858,-7167.211017527099,-0.007000000000000021,26,v3_short,sl,False,A,True,0.012872516556291354,0.003757209997863712,,0.8392282958199352,0.16077170418006478
PLZL,-1,2022-02-10 20:20:00+00:00,2022-02-10 21:30:00+00:00,1254.5,1244.6,567.3208880354235,5616.476791550745,0.005524113192507026,7,v3_short,opposite_signal,False,A,True,0.015025307879319206,0.0039017161206677145,0.00024869475110597645,0.7214854111405822,0.27851458885941777
PLZL,1,2022-02-10 22:10:00+00:00,2022-02-10 23:30:00+00:00,1244.0,1231.56,575.2697651081386,-7156.355877945275,-0.007000000000000031,8,v3_long,sl,False,A,True,0.015864728090609688,0.003874583812157695,0.00024339304361796274,0.20253164556962025,0.7974683544303798
PLZL,-1,2022-02-17 21:40:00+00:00,2022-02-18 06:50:00+00:00,1331.9,1333.0,533.5431629101002,-586.8974792010617,-0.0005781214805915881,55,v3_short,timeout,False,A,True,0.015465465465465397,0.004220291720291717,0.0002631381381381395,0.9563106796116569,0.043689320388343084
PLZL,-1,2022-02-18 11:40:00+00:00,2022-02-18 11:50:00+00:00,1328.95,1321.6,534.4183832683862,3927.975117022711,0.0038714774822228787,1,v3_short,opposite_signal,False,A,True,0.011386696730552322,0.004359263434798937,,0.7128712871287163,0.2871287128712837
PLZL,-1,2022-10-18 13:20:00+00:00,2022-10-18 14:00:00+00:00,537.3,542.673,1326.940057745092,-7129.648930264442,-0.0070000000000000635,4,v3_short,sl,False,A,True,0.03237510466089864,0.0066628567884498705,,0.6954022988505704,0.3045977011494296
PLZL,-1,2022-10-20 23:00:00+00:00,2022-10-21 09:50:00+00:00,594.45,595.0,1190.9734019265752,-655.0353710595622,-0.0006476574985279975,65,v3_short,timeout,False,A,True,0.00966467770400874,0.0037904059850682017,0.0002008572148920085,0.7304347826087035,0.26956521739129646
PLZL,-1,2022-10-21 23:40:00+00:00,2022-10-21 23:50:00+00:00,625.0,625.05,1132.0249824248176,-56.601249121189404,-5.599999999994907e-05,1,v3_short,weekend_exit,False,A,True,0.00928000000000011,0.004440816326530639,0.0002951999999999971,0.8362068965517182,0.16379310344828177
PLZL,-1,2022-10-27 13:20:00+00:00,2022-10-27 13:50:00+00:00,614.3,620.443,1151.678321896673,-7074.759931411296,-0.007000000000000034,3,v3_short,sl,False,A,True,0.020828248311772768,0.004447698858243157,,0.726562499999999,0.273437500000001
PLZL,-1,2022-11-22 13:20:00+00:00,2022-11-22 14:00:00+00:00,650.7,657.2070000000001,1079.642940201534,-7025.236611891449,-0.007000000000000066,4,v3_short,sl,False,A,True,0.02497694435905318,0.004973431118527964,,0.8430769230769258,0.1569230769230741
PLZL,-1,2022-12-14 13:20:00+00:00,2022-12-14 15:20:00+00:00,773.35,781.0835000000001,902.0572775080032,-6976.059955608187,-0.007000000000000044,12,v3_short,sl,False,A,True,0.022690542375072665,0.003774061179194022,,0.7977207977207997,0.2022792022792002
PLZL,1,2022-12-19 21:50:00+00:00,2022-12-20 09:50:00+00:00,749.05,749.0,924.8017536771758,-46.24008768381674,-4.672585274677014e-05,72,v3_long,timeout,False,A,True,0.011481209532073992,0.0030705560376476917,0.00021493892263533992,0.13372093023255513,0.8662790697674448
PLZL,-1,2023-03-15 13:20:00+00:00,2023-03-15 15:00:00+00:00,922.95,932.1795000000001,750.5177805195405,-6926.903855305121,-0.007000000000000023,10,v3_short,sl,False,A,True,0.022265561514708224,0.0043597264465133736,,0.8029197080291989,0.19708029197080115
PLZL,-1,2023-04-20 13:20:00+00:00,2023-04-20 14:30:00+00:00,1022.35,1032.5735,672.8043750494413,-6878.415528317926,-0.006999999999999963,7,v3_short,sl,False,A,True,0.016480023473030486,0.003206583626164052,,0.7270029673590495,0.27299703264095054
PLZL,-1,2023-05-03 13:20:00+00:00,2023-05-03 17:20:00+00:00,1047.55,1031.83675,652.0229697503448,10245.399929429617,0.010500000000000013,24,v3_short,tp,False,A,True,0.01593967738856547,0.0034360981196907467,,0.6916167664670613,0.3083832335329387
PLZL,-1,2023-05-31 13:20:00+00:00,2023-05-31 16:00:00+00:00,1052.9,1063.429,655.5213618696688,-6901.984419125741,-0.006999999999999996,16,v3_short,sl,False,A,True,0.019455252918287938,0.003642493345444866,,0.7731707317073238,0.22682926829267627
PLZL,1,2023-07-10 23:40:00+00:00,2023-07-11 09:50:00+00:00,1095.2,1102.25,625.7916844587166,4411.831375433924,0.004506026296566808,61,v3_long,timeout,False,A,True,0.008674214755295836,0.003782740269226768,-0.0011851716581446287,0.14736842105264114,0.8526315789473589
PLZL,-1,2023-10-03 13:20:00+00:00,2023-10-03 21:20:00+00:00,1136.0,1138.45,606.0346256883718,-1484.7848329365384,-0.0015096830985915776,48,v3_short,timeout,False,A,True,0.025528169014084508,0.003959171696847765,,0.8913793103448244,0.10862068965517555
PLZL,-1,2024-04-08 22:20:00+00:00,2024-04-09 09:50:00+00:00,1350.85,1348.0,508.8766224221302,1450.2983739030249,0.0014768479105747763,69,v3_short,timeout,False,A,True,0.01917950236966831,0.0030792085791662566,-0.0001954976303317542,0.8783783783783753,0.12162162162162471
PLZL,-1,2024-04-25 13:20:00+00:00,2024-04-25 17:30:00+00:00,1351.15,1364.6615000000002,509.515001488115,-6884.3119426067005,-0.007000000000000034,25,v3_short,sl,False,A,True,0.01723755271140059,0.003246352917137874,,0.8605150214592285,0.13948497854077144
PLZL,1,2024-06-05 22:10:00+00:00,2024-06-06 09:50:00+00:00,1247.15,1255.0,548.1394987778872,4302.895065406365,0.0044060457843883545,70,v3_long,timeout,False,A,True,0.016357294631760486,0.0032441313132718108,0.00012388245199053698,0.10049019607843984,0.8995098039215602
PLZL,-1,2024-06-28 13:20:00+00:00,2024-06-28 21:20:00+00:00,1220.45,1211.75,562.5992072158846,4894.613102778221,0.0049899627186693685,48,v3_short,timeout,False,A,True,0.01159836065573778,0.003003512880562072,,0.6996466431095426,0.30035335689045745
PLZL,1,2024-08-06 13:20:00+00:00,2024-08-06 15:30:00+00:00,1243.45,1231.0155,554.9482742519372,-6900.504316185752,-0.007000000000000041,13,v3_long,sl,False,A,True,0.011017732920503474,0.003605559800018751,,0.6131386861313914,0.38686131386860856
PLZL,-1,2024-08-07 13:20:00+00:00,2024-08-07 21:20:00+00:00,1232.8,1233.0,555.8242039237844,-111.16484078478214,-0.00011356262167426335,48,v3_short,timeout,False,A,True,0.024538633137294666,0.004198897161785025,,0.6661157024793344,0.3338842975206657
PLZL,-1,2024-08-27 13:20:00+00:00,2024-08-27 16:10:00+00:00,1303.95,1284.39075,525.4359931045607,10277.13394813039,0.010500000000000011,17,v3_short,tp,False,A,True,0.016294137944254876,0.003965363318198495,,0.5294117647058824,0.47058823529411764
PLZL,-1,2024-09-05 13:20:00+00:00,2024-09-05 21:20:00+00:00,1212.0,1201.75,571.2345354557617,5855.153988421557,0.0059199669966996694,48,v3_short,timeout,False,A,True,0.02219471947194727,0.004681360993242203,,0.9479553903345693,0.052044609665430716
PLZL,-1,2024-09-27 13:20:00+00:00,2024-09-27 21:20:00+00:00,1349.6,1339.7,516.0305755514806,5108.702697959588,0.005134854771784161,48,v3_short,timeout,False,A,True,0.017558156763965067,0.0038559504406296672,,0.7848101265822731,0.21518987341772686
PLZL,-1,2024-10-17 13:20:00+00:00,2024-10-17 21:20:00+00:00,1361.5,1350.9,514.1468649672053,5449.956768652329,0.005449871465295583,48,v3_short,timeout,False,A,True,0.014726404700697726,0.003097074305300541,,0.7007481296758098,0.2992518703241902
PLZL,-1,2024-12-17 13:20:00+00:00,2024-12-17 18:00:00+00:00,1339.95,1353.3495,525.2628280091843,-7038.25926390906,-0.006999999999999994,28,v3_short,sl,False,A,True,0.02350833986342774,0.003752805275250139,,0.9349206349206364,0.06507936507936364
PLZL,-1,2025-01-28 13:10:00+00:00,2025-01-28 14:40:00+00:00,1684.2,1701.0420000000001,414.97396087529404,-6988.991449061743,-0.00700000000000004,9,v3_short,sl,False,A,True,0.014303095047330726,0.004109133333645701,,0.7800829875518682,0.21991701244813172
PLZL,-1,2025-02-26 10:50:00+00:00,2025-02-26 11:30:00+00:00,1969.1,1957.15,352.44875876889296,4211.762667288207,0.004248133665126136,4,v3_short,opposite_signal,False,A,True,0.01673353308618153,0.0033232187293687366,0.0001513381748006713,0.6691957511380857,0.3308042488619143
PLZL,-1,2025-02-26 19:50:00+00:00,2025-02-26 20:40:00+00:00,1954.35,1945.45,356.6173330053106,3173.894263747216,0.0031877606365287208,5,v3_short,opposite_signal,False,A,True,0.010874014942175826,0.0032927509351913927,-0.00018089243680278095,0.9858823529411679,0.014117647058832089
PLZL,-1,2025-02-27 10:40:00+00:00,2025-02-27 10:50:00+00:00,1952.9,1948.1,358.01977097831525,1718.4949006959782,0.001720518203697131,1,v3_short,opposite_signal,False,A,True,0.011115664378649751,0.0032226740845333925,-3.94426800532723e-05,0.672811059907839,0.32718894009216104
PLZL,1,2025-02-27 19:20:00+00:00,2025-02-27 23:30:00+00:00,1927.65,1908.3735000000001,363.3334667465769,-7003.797571740369,-0.0069999999999999785,25,v3_long,sl,False,A,True,0.010844467505513085,0.003663886101852854,-0.0001421714878713197,0.12679425837320954,0.8732057416267904
PLZL,-1,2025-03-04 10:30:00+00:00,2025-03-04 12:30:00+00:00,1931.5,1950.815,360.0709805197105,-6954.770988738227,-0.007000000000000019,12,v3_short,sl,False,A,True,0.01335818577197885,0.003098317753490153,4.6598322460372586e-06,0.8643410852713176,0.1356589147286824
PLZL,-1,2025-03-27 22:50:00+00:00,2025-03-27 23:30:00+00:00,1889.0,1871.2,365.5948963375881,6507.589154809052,0.006596082583377432,4,v3_short,opposite_signal,False,A,True,0.011540497617787165,0.0039044521990903307,0.00014081524616198758,0.7889908256880771,0.21100917431192287
PLZL,1,2025-03-28 19:40:00+00:00,2025-03-28 23:50:00+00:00,1874.0,1880.0,370.9520125880844,2225.7120755285064,0.0022411953041622194,25,v3_long,weekend_exit,False,A,True,0.011845053889659613,0.00422275408936384,9.604097748368756e-06,0.15315315315315695,0.8468468468468431
PLZL,-1,2025-04-02 19:50:00+00:00,2025-04-03 06:50:00+00:00,1802.6,1818.8,386.5095251541885,-6261.454307497871,-0.006290913125485427,66,v3_short,timeout,False,A,True,0.01397670549084861,0.004785674669202124,0.00016528008874098826,0.5079365079365052,0.4920634920634948
PLZL,-1,2025-04-15 10:20:00+00:00,2025-04-15 11:10:00+00:00,1906.4,1897.0,363.1656798298845,3413.7573904009473,0.0034515316827528663,5,v3_short,opposite_signal,False,A,True,0.01636592530423826,0.003167276142517422,7.763323541754187e-05,0.7371794871794914,0.2628205128205085
PLZL,-1,2025-04-30 22:40:00+00:00,2025-05-02 06:50:00+00:00,1752.4,1751.4,396.44412360247225,396.44412360247225,0.00039945217986761013,193,v3_short,timeout,False,A,True,0.015065053640721348,0.0033400258071728897,0.00019173704633645232,0.9772727272727308,0.022727272727269203
PLZL,1,2025-05-05 19:20:00+00:00,2025-05-05 22:00:00+00:00,1728.4,1742.0,402.10957711611553,5468.690248779135,0.005507984262902069,16,v3_long,opposite_signal,False,A,True,0.013540099525517933,0.003800108169642116,0.00018284920726767683,0.1452991452991486,0.8547008547008513
PLZL,-1,2025-05-27 11:40:00+00:00,2025-05-27 19:40:00+00:00,1654.2,1655.0,422.46057082676793,-337.9684566613951,-0.00033853222101315933,48,v3_short,timeout,False,A,True,0.015113045580945473,0.004273343922888039,,0.9680000000000019,0.03199999999999818
PLZL,1,2025-06-11 19:30:00+00:00,2025-06-13 06:50:00+00:00,1728.0,1753.9199999999998,404.28107542938454,10478.965475129586,0.010499999999999938,212,v3_long,gap_tp,False,A,True,0.017939814814814815,0.0030824829931972867,0.0002407407407407402,0.05806451612903079,0.9419354838709693
PLZL,1,2025-07-01 20:10:00+00:00,2025-07-02 06:50:00+00:00,1868.0,1865.2,377.90844441893324,-1058.1436443729958,-0.001049250535331889,64,v3_long,timeout,False,A,True,0.014882226980728148,0.0034763798452999996,0.00027944325481798614,0.05035971223021877,0.9496402877697813
PLZL,1,2025-07-03 19:40:00+00:00,2025-07-04 06:50:00+00:00,1858.0,1855.8,379.5437425314887,-834.9962335692924,-0.0008288482238966801,67,v3_long,timeout,False,A,True,0.013778256189450973,0.0032248852178115685,0.00016146393972012917,0.14062499999999695,0.8593750000000031
PLZL,-1,2025-07-04 10:20:00+00:00,2025-07-04 10:30:00+00:00,1877.0,1863.0,375.3903975812507,5255.465566137509,0.005221097496004262,1,v3_short,opposite_signal,False,A,True,0.019605753862546593,0.0038714260344521207,0.00015769845498135517,0.7880434782608705,0.21195652173912946
PLZL,-1,2025-07-04 11:50:00+00:00,2025-07-04 14:20:00+00:00,1876.2,1894.962,377.51124728509956,-7082.866021563017,-0.00699999999999998,15,v3_short,sl,False,A,True,0.010659844366272252,0.0037984578758483408,,0.8100000000000023,0.18999999999999773
PLZL,-1,2025-07-15 12:30:00+00:00,2025-07-15 20:30:00+00:00,1875.6,1863.6,374.9885881537693,4499.863057845231,0.004478566858605247,48,v3_short,timeout,False,A,True,0.01748960221819343,0.0034722004403766353,,0.7195121951219494,0.28048780487805053
PLZL,-1,2025-07-22 13:20:00+00:00,2025-07-22 17:20:00+00:00,1950.2,1969.702,362.25951188683274,-7064.785000816995,-0.006999999999999983,24,v3_short,sl,False,A,True,0.013230769230769324,0.003358316896778427,,0.9534883720930218,0.04651162790697818
PLZL,1,2025-08-01 20:00:00+00:00,2025-08-01 23:50:00+00:00,1951.8,1966.4,359.4288096019722,5247.6606201888435,0.005236192232810788,23,v3_long,weekend_exit,False,A,True,0.011576682716934694,0.0031048173802868165,-8.400778608749151e-05,0.026548672566367764,0.9734513274336323
PLZL,-1,2025-08-14 10:50:00+00:00,2025-08-14 11:10:00+00:00,2104.4,2092.6,335.1104889827322,3954.3037699963006,0.003925109294810933,2,v3_short,opposite_signal,False,A,True,0.012068801672526889,0.003124109094364711,-2.6608381640218397e-05,0.9606299212598427,0.03937007874015734
PLZL,-1,2025-08-29 19:40:00+00:00,2025-08-29 23:50:00+00:00,2143.2,2138.2,330.3352583306546,1651.676291653273,0.0016330720418066443,25,v3_short,weekend_exit,False,A,True,0.013064576334453156,0.0032756663695713496,-0.00023329600597237778,0.8571428571428571,0.14285714285714285
PLZL,1,2025-10-09 19:50:00+00:00,2025-10-10 06:50:00+00:00,2321.8,2322.8,305.4228180973452,305.4228180973452,0.00030149022310276506,66,v3_long,timeout,False,A,True,0.015417743324720148,0.00454920986482449,-9.302325581395114e-05,0.32960893854748946,0.6703910614525106
PLZL,-1,2025-10-10 11:40:00+00:00,2025-10-10 17:20:00+00:00,2309.4,2274.759,307.15531957698295,10640.16742546629,0.010500000000000023,34,v3_short,tp,False,A,True,0.012389533876277902,0.0037524124785640214,,0.6433566433566485,0.3566433566433514
PLZL,-1,2025-10-16 13:00:00+00:00,2025-10-16 16:20:00+00:00,2214.8,2236.9480000000003,323.63762517108125,-7167.926122289153,-0.0070000000000000435,20,v3_short,sl,False,A,True,0.016886400577930328,0.0041392304350585316,,0.9304812834224625,0.06951871657753751
PLZL,1,2025-10-22 19:20:00+00:00,2025-10-22 21:30:00+00:00,2049.4,2063.4,347.30899967956884,4862.325995513964,0.004781887381672685,13,v3_long,opposite_signal,False,A,True,0.020788600429435946,0.004206718799172994,3.025570954518748e-05,0.20187793427230302,0.798122065727697
PLZL,-1,2025-10-23 10:20:00+00:00,2025-10-23 11:50:00+00:00,2064.8,2033.8280000000002,346.36705353553276,10727.680382102513,0.010499999999999992,9,v3_short,tp,False,A,True,0.022764700184055024,0.004110100884294429,8.524653685943965e-05,0.8468085106383018,0.15319148936169827
PLZL,-1,2025-10-23 19:40:00+00:00,2025-10-24 06:50:00+00:00,2046.2,2041.0,353.1854503018473,1836.564341569622,0.0017789072426937895,67,v3_short,timeout,False,A,True,0.009480989150620707,0.0038039651399607776,-0.00018961978301241194,0.9072164948453636,0.0927835051546364
PLZL,1,2025-10-24 19:20:00+00:00,2025-10-24 23:50:00+00:00,2060.0,2043.2,351.44352594501873,-5904.251235876299,-0.005708737864077654,27,v3_long,weekend_exit,False,A,True,0.01087273080283461,0.003881136961143092,-4.368507911853219e-05,0.5892857142857199,0.4107142857142801
PLZL,1,2025-10-28 13:10:00+00:00,2025-10-28 21:10:00+00:00,1976.6,1979.6,364.1812645864744,1092.5437937594234,0.0010624304361023984,48,v3_long,timeout,False,A,True,0.018213093190326823,0.004409485719763337,,0.16111111111110984,0.8388888888888901
PLZL,-1,2025-10-30 12:30:00+00:00,2025-10-30 16:40:00+00:00,2061.8,2082.418,349.5030886784638,-7206.054682372545,-0.006999999999999978,25,v3_short,sl,False,A,True,0.0128006206361521,0.0035880527540729365,,0.5757575757575841,0.42424242424241587
MGNT,-1,2022-01-19 20:20:00+00:00,2022-01-20 07:00:00+00:00,5073.5,5055.5,137.97181432935844,2483.492657928452,0.002483492657928452,64,v3_short,timeout,False,A,True,0.015078348280279886,0.005655637636941048,0.0003074800433625702,0.803921568627451,0.19607843137254902
MGNT,1,2022-01-20 20:00:00+00:00,2022-01-21 06:50:00+00:00,5019.5,4980.0,139.80245938052593,-5522.197145530774,-0.005508516784540292,65,v3_long,timeout,False,A,True,0.01922693763697948,0.004214596777144809,-0.00023709902370990237,0.30569948186528495,0.694300518134715
MGNT,1,2022-01-21 19:20:00+00:00,2022-01-21 23:50:00+00:00,5045.0,5046.5,138.32961483819196,207.49442225728794,0.0002081268582755203,27,v3_long,weekend_exit,False,A,True,0.027056491575817642,0.004376934123500738,0.0002606541129831516,0.3956043956043956,0.6043956043956044
MGNT,1,2022-01-28 20:30:00+00:00,2022-01-28 23:50:00+00:00,4913.5,4904.0,142.06129092383406,-1349.5822637764236,-0.0013534140632950038,20,v3_long,weekend_exit,False,A,True,0.00987076422102371,0.004163871715369774,0.0001719751704487636,0.15463917525773196,0.845360824742268
MGNT,-1,2022-02-01 19:20:00+00:00,2022-02-02 06:50:00+00:00,5092.0,5102.5,136.89580623912315,-1437.405965510793,-0.00144344069128044,69,v3_short,timeout,False,A,True,0.013546677137528221,0.003690177356895443,-5.3008736625110435e-05,0.8188405797101449,0.18115942028985507
MGNT,-1,2022-02-02 12:10:00+00:00,2022-02-02 12:40:00+00:00,5162.5,5147.5,134.8314307397109,2022.4714610956635,0.002033898305084746,3,v3_short,opposite_signal,False,A,True,0.016553727008712486,0.0034910454985479186,,0.26900584795321636,0.7309941520467836
MGNT,-1,2022-02-03 10:50:00+00:00,2022-02-03 11:20:00+00:00,5173.5,5225.235,134.81839977124275,-6974.8299121652,-0.006999999999999955,3,v3_short,sl,False,A,True,0.013240552817241713,0.003386649914629039,-0.000143036628974582,0.708029197080292,0.291970802919708
MGNT,-1,2022-10-10 23:00:00+00:00,2022-10-10 23:40:00+00:00,4659.5,4645.0,148.6426891893999,2155.3189932462988,0.0021783453160210326,4,v3_short,opposite_signal,False,A,True,0.011481918660800516,0.0036944491285085773,0.0001845691597810924,0.9813084112149533,0.018691588785046728
MGNT,-1,2022-10-20 13:20:00+00:00,2022-10-20 15:30:00+00:00,5006.5,5056.565,138.64163259228627,-6941.093335732757,-0.006999999999999944,13,v3_short,sl,False,A,True,0.011582626060908638,0.0039179326248722154,,0.7758620689655172,0.22413793103448276
MGNT,1,2022-11-29 13:20:00+00:00,2022-11-29 21:20:00+00:00,4812.5,4817.0,143.22089729626356,644.494037833186,0.0006545454545454545,48,v3_long,timeout,False,A,True,0.021919800540203614,0.003131400077171945,,0.44075829383886256,0.5592417061611374
MGNT,-1,2022-12-28 13:20:00+00:00,2022-12-28 16:00:00+00:00,4437.0,4481.37,155.44325311353427,-6897.017140647498,-0.006999999999999983,16,v3_short,sl,False,A,True,0.017354068064007213,0.0032411432005752493,,0.8701298701298701,0.12987012987012986
MGNT,-1,2023-02-16 13:20:00+00:00,2023-02-16 16:40:00+00:00,4502.5,4434.9625,152.10967286314232,10273.10703099453,0.010500000000000056,20,v3_short,tp,False,A,True,0.01622222222222222,0.0037883597883597883,,0.8493150684931506,0.1506849315068493
MGNT,1,2023-07-04 23:00:00+00:00,2023-07-05 09:50:00+00:00,5234.0,5299.0,132.22487141536004,8594.616641998402,0.00869316010699274,65,v3_long,timeout,False,A,True,0.012132212457011845,0.0030198934751585003,0.00019679021780664885,0.007874015748031496,0.9921259842519685
MGNT,-1,2023-08-22 13:20:00+00:00,2023-08-22 16:50:00+00:00,5964.5,5875.0325,117.03935093258333,10471.21812956087,0.01049999999999997,21,v3_short,tp,False,A,True,0.020038567955059948,0.005074520795154651,,0.803347280334728,0.19665271966527198
MGNT,-1,2023-08-29 13:20:00+00:00,2023-08-29 19:40:00+00:00,6073.5,6134.235,116.14572508900731,-7054.110613280821,-0.006999999999999962,38,v3_short,sl,False,A,True,0.017614618487118282,0.003574662229695566,,0.8738317757009346,0.1261682242990654
MGNT,-1,2023-08-31 13:20:00+00:00,2023-08-31 21:20:00+00:00,6058.5,6075.0,115.61825268610866,-1907.7011693207928,-0.0019064124783362217,48,v3_short,timeout,False,A,True,0.021048287247214196,0.003934516439675333,,0.9529411764705882,0.047058823529411764
MGNT,1,2023-09-19 21:40:00+00:00,2023-09-20 09:50:00+00:00,5591.0,5564.0,125.04700287609815,-3376.26907765465,-0.0033804328384904312,73,v3_long,timeout,False,A,True,0.010282546494992847,0.0035564655046567985,-0.0002271101573676681,0.0,1.0
MGNT,-1,2023-10-25 13:20:00+00:00,2023-10-25 21:20:00+00:00,6101.0,6078.0,114.20658985836856,2626.751566742477,0.0026389116538272418,48,v3_short,timeout,False,A,True,0.02057377049180328,0.0030796252927400465,,0.7888446215139442,0.21115537848605578
MGNT,-1,2023-11-14 13:20:00+00:00,2023-11-14 15:20:00+00:00,6081.5,5990.2775,114.87513455934,10479.196962339376,0.010499999999999983,12,v3_short,tp,False,A,True,0.015046867291563888,0.003022685805122904,,0.9234972677595629,0.07650273224043716
MGNT,-1,2023-11-17 13:20:00+00:00,2023-11-17 16:10:00+00:00,5827.0,5885.27,121.15129032027865,-7059.48568696269,-0.007000000000000053,17,v3_short,sl,False,A,True,0.01424770405973736,0.0033310036743218444,,0.8012048192771084,0.19879518072289157
MGNT,-1,2024-06-19 21:50:00+00:00,2024-06-20 09:50:00+00:00,6523.5,6615.0,107.45871521658462,-9832.472442317492,-0.009818349045757645,72,v3_short,gap_sl,False,A,True,0.00958148091369002,0.0032444067616315265,-0.00011574428943737544,0.904,0.096
MGNT,-1,2024-08-20 13:20:00+00:00,2024-08-20 21:20:00+00:00,5286.5,5240.0,131.30127645999573,6105.509355389801,0.006157192849711528,48,v3_short,timeout,False,A,True,0.024496358649389954,0.004584904045794994,,0.8494208494208494,0.15057915057915058
MGNT,-1,2024-09-02 22:30:00+00:00,2024-09-03 09:50:00+00:00,4602.0,4600.0,151.75968156335077,303.51936312670153,0.00030421555845284656,68,v3_short,timeout,False,A,True,0.01705780095610604,0.003534399418176658,-0.00023250760538896133,0.8853503184713376,0.11464968152866242
MGNT,-1,2024-09-03 22:00:00+00:00,2024-09-04 09:50:00+00:00,4610.5,4610.0,151.52597724948032,75.76298862474016,7.59136753063659e-05,71,v3_short,timeout,False,A,True,0.014315150200628998,0.0037514192316119594,-0.0001355601344756534,0.9772727272727273,0.022727272727272728
MGNT,1,2024-09-12 13:20:00+00:00,2024-09-12 15:20:00+00:00,4754.0,4706.46,146.9633050485415,-6986.635522007658,-0.006999999999999995,12,v3_long,sl,False,A,True,0.019246949936895245,0.004096800689143978,,0.0273224043715847,0.9726775956284153
MGNT,-1,2024-10-22 13:20:00+00:00,2024-10-22 21:20:00+00:00,4846.5,4819.5,143.14926386781408,3865.0301244309803,0.0038997214484679664,48,v3_short,timeout,False,A,True,0.021144920061887573,0.003015791154006729,,0.7170731707317073,0.28292682926829266
MGNT,-1,2024-12-17 13:20:00+00:00,2024-12-17 16:10:00+00:00,4354.0,4288.69,159.96289123161753,10447.176426337006,0.010500000000000067,17,v3_short,tp,False,A,True,0.0188310942702951,0.0032916140391166227,,0.5853658536585366,0.4146341463414634
MGNT,-1,2024-12-25 13:20:00+00:00,2024-12-25 21:20:00+00:00,4990.5,5027.0,141.02624024063692,-5147.457768783248,-0.005119727482216211,48,v3_short,timeout,False,A,True,0.013421474358974358,0.00381085927960928,,0.753731343283582,0.2462686567164179
MGNT,1,2025-01-15 13:20:00+00:00,2025-01-15 19:20:00+00:00,4661.5,4731.4225,150.20663552134513,10502.823472241205,0.01049999999999995,36,v3_long,tp,False,A,True,0.016843686299753247,0.003852028956631467,,0.09554140127388536,0.9044585987261147
MGNT,-1,2025-02-12 12:40:00+00:00,2025-02-12 15:50:00+00:00,4932.5,4858.5125,143.44454291197547,10613.103118699812,0.010500000000000025,19,v3_short,tp,False,A,True,0.016523061327927014,0.0031974513069292594,,0.7607361963190185,0.2392638036809816
MGNT,-1,2025-02-12 20:00:00+00:00,2025-02-12 20:30:00+00:00,4908.0,4957.08,145.67428282322925,-7149.693800964081,-0.006999999999999991,3,v3_short,sl,False,A,True,0.015281173594132029,0.0032599837000814994,-0.00016605541972290137,1.0,0.0
MGNT,1,2025-02-17 20:00:00+00:00,2025-02-18 06:50:00+00:00,5149.0,5200.0,137.88397639070385,7032.082795925897,0.006933385123324917,65,v3_long,timeout,False,A,True,0.011948707985234118,0.0033227201896884654,0.0002467456770934525,0.1951219512195122,0.8048780487804879
MGNT,1,2025-02-18 21:40:00+00:00,2025-02-19 06:50:00+00:00,5103.0,5146.0,140.09152506229324,6023.93557767861,0.0058984910836762695,55,v3_long,timeout,False,A,True,0.009307338101303027,0.004078833453632261,3.526991280493779e-05,0.06315789473684211,0.9368421052631579
MGNT,1,2025-02-27 19:30:00+00:00,2025-02-27 23:10:00+00:00,5067.0,5016.33,141.91904623983766,-7191.038072972584,-0.00700000000000001,22,v3_long,sl,False,A,True,0.02170909808565226,0.004080021588268226,-0.0001638050128281034,0.17272727272727273,0.8272727272727273
MGNT,1,2025-03-06 19:20:00+00:00,2025-03-06 19:50:00+00:00,4995.0,5015.0,142.95697310233766,2859.139462046753,0.0028028028028028026,3,v3_long,opposite_signal,False,A,True,0.011114448783418444,0.0033329042040366763,-5.5071593070992295e-05,0.04504504504504504,0.954954954954955
MGNT,-1,2025-03-06 20:20:00+00:00,2025-03-07 06:50:00+00:00,5023.5,5005.0,142.5443372687587,2637.070239472036,0.002577883945456355,63,v3_short,timeout,False,A,True,0.011049173800517618,0.00312034031211529,1.294047382042604e-05,0.5585585585585585,0.44144144144144143
MGNT,-1,2025-03-25 20:40:00+00:00,2025-03-26 06:50:00+00:00,4680.5,4672.0,153.38477244679837,1303.770565797786,0.0012712317060143146,61,v3_short,timeout,False,A,True,0.020833333333333332,0.0036804465375893944,-0.0003514957264957265,0.9794871794871794,0.020512820512820513
MGNT,1,2025-03-28 21:10:00+00:00,2025-03-28 23:50:00+00:00,4430.0,4421.5,162.26412343866778,-1379.2450492286762,-0.0013431151241534989,16,v3_long,weekend_exit,False,A,True,0.016930022573363433,0.004929285483945271,-0.0002821670428893905,0.06666666666666667,0.9333333333333333
MGNT,-1,2025-03-31 19:50:00+00:00,2025-04-01 06:50:00+00:00,4429.0,4429.0,162.08277157345637,-0.0,-0.0,66,v3_short,timeout,False,A,True,0.014450214495371415,0.004031867883753185,-0.00010160307067058026,0.671875,0.328125
MGNT,-1,2025-04-02 22:40:00+00:00,2025-04-03 06:50:00+00:00,4758.0,4738.0,150.8752827446066,3017.505654892132,0.0029424127784783522,49,v3_short,timeout,False,A,True,0.019440941572089112,0.005307923926190905,-8.406893652795292e-06,0.918918918918919,0.08108108108108109
MGNT,-1,2025-04-04 10:30:00+00:00,2025-04-04 10:30:00+00:00,4685.0,4731.85,153.67702225341787,-7199.7684925726835,-0.007000000000000055,0,v3_short,sl,False,A,True,0.014941302027748132,0.004560007761715339,0.00010032017075773746,0.8214285714285714,0.17857142857142858
MGNT,-1,2025-04-17 21:20:00+00:00,2025-04-18 06:50:00+00:00,4550.5,4510.5,157.11174844796437,6284.469937918575,0.006153169981320735,57,v3_short,timeout,False,A,True,0.01802197802197802,0.0030881363534424762,-0.00012417582417582416,0.725609756097561,0.27439024390243905
MGNT,1,2025-04-18 19:20:00+00:00,2025-04-18 23:50:00+00:00,4486.0,4473.0,160.35134647102203,-2084.567504123286,-0.0020285332144449396,27,v3_long,weekend_exit,False,A,True,0.012373202541522684,0.0030642956101178628,7.245569055846617e-05,0.009009009009009009,0.990990990990991
MGNT,1,2025-04-22 22:30:00+00:00,2025-04-23 06:50:00+00:00,4580.5,4600.0,156.72458094446426,3056.1293284170533,0.002980024014845541,50,v3_long,timeout,False,A,True,0.012660991049989086,0.0031073333066035844,6.439641999563414e-05,0.14655172413793102,0.853448275862069
MGNT,-1,2025-04-28 23:40:00+00:00,2025-04-29 07:40:00+00:00,4760.0,4786.5,151.2639146105064,-4008.4937371784195,-0.003897058823529412,48,v3_short,timeout,False,A,True,0.01365546218487395,0.0044332018521694395,0.000532563025210084,0.8769230769230769,0.12307692307692308
MGNT,-1,2025-05-27 11:00:00+00:00,2025-05-27 19:00:00+00:00,3759.0,3742.0,190.79816119446275,3243.568740305867,0.0031657355679702045,48,v3_short,timeout,False,A,True,0.026602819898909284,0.004208566108007449,-0.00015828677839851022,0.89,0.11
MGNT,-1,2025-05-29 10:40:00+00:00,2025-05-29 12:00:00+00:00,3813.5,3851.635,188.66678538041162,-7194.807860482038,-0.007000000000000041,8,v3_short,sl,False,A,True,0.01140534871525957,0.003283098880554479,0.0001324069218668065,0.6436781609195402,0.3563218390804598
MGNT,-1,2025-09-17 19:30:00+00:00,2025-09-18 06:50:00+00:00,3292.0,3302.0,217.02442908440528,-2170.244290844053,-0.00212636695018226,68,v3_short,timeout,False,A,True,0.01746658566221142,0.003471619510501649,-0.00022023086269744836,0.9304347826086956,0.06956521739130435
MGNT,1,2025-10-01 21:10:00+00:00,2025-10-01 22:40:00+00:00,3023.0,3044.0,235.8336915455744,4952.507522457062,0.004862719153159113,9,v3_long,opposite_signal,False,A,True,0.00959311941779689,0.003280968358233138,-0.0003837247767118756,0.06896551724137931,0.9310344827586207
MGNT,1,2025-10-02 20:00:00+00:00,2025-10-03 06:50:00+00:00,3057.0,3052.0,234.34478403925135,-1171.7239201962568,-0.001144913313706248,65,v3_long,timeout,False,A,True,0.02225130890052356,0.0045310663532428675,0.0004139397905759162,0.16911764705882354,0.8308823529411765
MGNT,-1,2025-10-06 19:20:00+00:00,2025-10-07 06:50:00+00:00,3033.5,3020.0,235.88982959085345,3184.5126994765214,0.00311521344981045,69,v3_short,timeout,False,A,True,0.01549876339653751,0.0034389353433046757,8.244023083264634e-05,0.776595744680851,0.22340425531914893
MGNT,-1,2025-10-07 10:40:00+00:00,2025-10-07 14:30:00+00:00,3056.0,3086.56,234.88251209210978,-7178.009569534862,-0.006999999999999987,23,v3_short,sl,False,A,True,0.012278978388998035,0.003231684747017454,9.332023575638506e-05,0.8,0.2
MGNT,-1,2025-10-09 10:20:00+00:00,2025-10-09 11:20:00+00:00,2989.0,2944.165,238.46649389588927,10691.645253822204,0.010500000000000008,6,v3_short,tp,False,A,True,0.013549682167949146,0.003457120553139289,-1.840080294412847e-05,0.8148148148148148,0.18518518518518517
MGNT,-1,2025-10-10 11:50:00+00:00,2025-10-10 16:40:00+00:00,3036.0,2990.46,237.23995452321762,10803.907528987322,0.010499999999999992,29,v3_short,tp,False,A,True,0.01267907129919315,0.0031944673143421702,,0.8961038961038961,0.1038961038961039
MGNT,-1,2025-10-17 13:00:00+00:00,2025-10-17 20:40:00+00:00,3042.0,3072.42,239.25813188783027,-7278.232372027815,-0.007000000000000017,46,v3_short,sl,False,A,True,0.015450361604207758,0.005210832133909057,,0.8617021276595744,0.13829787234042554
MGNT,-1,2025-10-21 12:30:00+00:00,2025-10-21 18:00:00+00:00,3015.0,2969.775,239.71093682997022,10840.927118135382,0.010499999999999978,33,v3_short,tp,False,A,True,0.015749336870026526,0.004051919176158527,,0.9789473684210527,0.021052631578947368
VKCO,-1,2022-01-11 19:40:00+00:00,2022-01-12 07:00:00+00:00,767.4,771.6,912.170966901225,-3831.1180609851867,-0.0038311180609851866,68,v3_short,timeout,False,A,True,0.01381647549530764,0.004202932476431654,-8.34202294056291e-05,0.7547169811320739,0.24528301886792614
VKCO,-1,2022-01-28 22:00:00+00:00,2022-01-28 22:40:00+00:00,597.0,591.8,1168.03721500387,6073.793518020177,0.006097152428810773,4,v3_short,opposite_signal,False,A,True,0.020100502512562814,0.004649095819232211,-0.0001340033500837521,0.8833333333333352,0.11666666666666477
VKCO,1,2022-02-01 21:10:00+00:00,2022-02-01 23:20:00+00:00,644.6,649.0,1088.380193639349,4788.872852013111,0.004778156996587005,13,v3_long,opposite_signal,False,A,True,0.02016754576481539,0.005464550076934266,0.00012100527458889162,0.3230769230769266,0.6769230769230734
VKCO,-1,2022-02-01 23:40:00+00:00,2022-02-01 23:40:00+00:00,650.8,657.308,1083.1623906212872,-7049.220838163378,-0.007000000000000042,0,v3_short,sl,False,A,True,0.014764687788372843,0.005323322808052757,2.1531836358045077e-05,0.979166666666662,0.02083333333333802
VKCO,-1,2022-02-07 19:50:00+00:00,2022-02-07 22:50:00+00:00,577.0,582.77,1213.1501373130316,-6999.8762922961705,-0.006999999999999978,18,v3_short,sl,False,A,True,0.016296809986130534,0.004925132327549607,0.00012829403606102793,0.1276595744680887,0.8723404255319113
VKCO,1,2022-02-09 19:40:00+00:00,2022-02-09 22:50:00+00:00,626.6,629.8,1109.3005359479923,3549.7617150335,0.003574848388126321,19,v3_long,opposite_signal,False,A,True,0.016911295469049174,0.005281116913900196,0.00012444160816847043,0.3396226415094354,0.6603773584905647
VKCO,-1,2022-02-09 23:30:00+00:00,2022-02-09 23:40:00+00:00,629.6,635.8960000000001,1107.9614819338237,-6975.725490255409,-0.007000000000000055,1,v3_short,sl,False,A,True,0.010482846251588346,0.004097191608536665,-0.00010800508259212126,0.7878787878787921,0.21212121212120794
VKCO,1,2022-02-11 19:20:00+00:00,2022-02-11 21:30:00+00:00,590.6,584.6940000000001,1172.8573335292187,-6926.895411823506,-0.006999999999999939,13,v3_long,sl,False,A,True,0.02235015238740272,0.005584082600192119,-0.00012868269556383185,0.19696969696969802,0.803030303030302
VKCO,1,2022-02-15 20:50:00+00:00,2022-02-15 23:00:00+00:00,606.0,615.0899999999999,1135.050683818614,10317.610715911109,0.010499999999999905,13,v3_long,tp,False,A,True,0.019808517662594918,0.00675780381482403,-0.00017497523935292028,0.25,0.75
VKCO,-1,2022-02-17 19:20:00+00:00,2022-02-17 23:10:00+00:00,592.6,583.711,1172.9042218954066,10425.94562842828,0.010500000000000011,23,v3_short,tp,False,A,True,0.02228976697061811,0.00565170343720061,-0.00035123269165822276,0.954545454545453,0.04545454545454702
VKCO,-1,2022-09-22 23:40:00+00:00,2022-09-23 09:50:00+00:00,467.4,470.0,1502.6983393990538,-3907.015682437574,-0.003893881044073633,61,v3_short,timeout,False,A,True,0.01069747539580659,0.00463702811034555,0.00014976465554129227,0.8799999999999955,0.12000000000000455
VKCO,-1,2022-10-12 23:10:00+00:00,2022-10-13 09:50:00+00:00,425.0,428.2,1646.1795126056738,-5267.7744403381375,-0.005270588235294099,64,v3_short,timeout,False,A,True,0.01928504233301973,0.0054332175014879065,0.00013170272812793767,0.7560975609756094,0.24390243902439057
VKCO,-1,2022-11-09 13:20:00+00:00,2022-11-09 17:00:00+00:00,481.4,474.179,1445.6561087436119,10439.082761237627,0.010500000000000006,22,v3_short,tp,False,A,True,0.02534275031159117,0.005559182542979794,,0.6393442622950788,0.36065573770492115
VKCO,1,2022-12-15 23:40:00+00:00,2022-12-16 09:50:00+00:00,440.8,441.2,1595.3861358485506,638.154454339384,0.0006352087114337207,61,v3_long,timeout,False,A,True,0.010899182561307928,0.0038091530890285263,9.082652134423253e-05,0.12500000000000444,0.8749999999999956
VKCO,-1,2022-12-21 23:30:00+00:00,2022-12-22 09:50:00+00:00,440.4,440.0,1597.8494931881894,639.1397972752394,0.0006357856494095914,62,v3_short,timeout,False,A,True,0.013611615245009074,0.0033334567946960896,-0.0002813067150635204,0.7333333333333295,0.26666666666667044
VKCO,-1,2022-12-26 21:50:00+00:00,2022-12-27 09:50:00+00:00,452.2,454.8,1557.1435529813607,-4048.5732377515733,-0.0040247678018576205,72,v3_short,timeout,False,A,True,0.01459531180893415,0.0030327920641940983,-0.00022556390977443458,0.9393939393939345,0.06060606060606556
VKCO,-1,2023-02-01 13:20:00+00:00,2023-02-01 17:20:00+00:00,494.0,486.59,1419.6484076755974,10519.594700876212,0.010500000000000035,24,v3_short,tp,False,A,True,0.024281667341157425,0.003912046404964265,,0.75,0.25
VKCO,-1,2023-03-15 13:20:00+00:00,2023-03-15 14:20:00+00:00,509.6,501.956,1390.639775671818,10630.050445235383,0.010500000000000006,6,v3_short,tp,False,A,True,0.014913657770800672,0.0034387381326156843,,0.6842105263157934,0.31578947368420657
VKCO,-1,2023-03-21 13:20:00+00:00,2023-03-21 19:20:00+00:00,486.4,479.104,1472.2678145436332,10741.665974910336,0.010499999999999989,36,v3_short,tp,False,A,True,0.01644736842105263,0.0033090538847117806,,0.7999999999999972,0.20000000000000284
VKCO,-1,2023-04-20 13:20:00+00:00,2023-04-20 16:10:00+00:00,473.2,477.932,1529.2270312266703,-7236.302311764646,-0.00700000000000004,17,v3_short,sl,False,A,True,0.020287404902789567,0.003723382844261965,,0.729166666666665,0.27083333333333504
VKCO,-1,2023-05-02 22:30:00+00:00,2023-05-03 09:50:00+00:00,485.8,484.4,1479.1371337139258,2070.7919871995464,0.0020172910662824696,68,v3_short,timeout,False,A,True,0.006995884773662622,0.003006634752666507,-0.00022633744855967078,0.7647058823529402,0.23529411764705982
VKCO,-1,2023-05-04 13:20:00+00:00,2023-05-04 15:10:00+00:00,471.0,475.71,1528.6929383211568,-7200.143739492617,-0.006999999999999969,11,v3_short,sl,False,A,True,0.017417162276975335,0.003863737508597332,,0.8536585365853671,0.14634146341463297
VKCO,1,2023-05-05 22:00:00+00:00,2023-05-05 23:50:00+00:00,475.0,474.6,1505.208996487621,-602.0835985950142,-0.0005894736842104928,11,v3_long,weekend_exit,False,A,True,0.015578947368421005,0.003832438238453278,0.00013052631578947224,0.0,1.0
VKCO,1,2023-06-09 13:20:00+00:00,2023-06-09 21:20:00+00:00,635.8,636.2,1123.8641315077125,449.5456526031872,0.0004403900597673225,48,v3_long,timeout,False,A,True,0.022641509433962228,0.004207846660676844,,0.16666666666666535,0.8333333333333347
VKCO,-1,2023-06-21 13:20:00+00:00,2023-06-21 21:20:00+00:00,638.8,640.4,1119.0787363328518,-1790.5259781325883,-0.0017532874139010893,48,v3_short,timeout,False,A,True,0.027230046948356772,0.004501080557418592,,0.7241379310344784,0.2758620689655215
VKCO,-1,2023-07-20 13:20:00+00:00,2023-07-20 16:10:00+00:00,665.8,672.458,1071.8145517944322,-7136.141285847346,-0.007000000000000017,17,v3_short,sl,False,A,True,0.021334134615384512,0.0044356684981684815,,0.7464788732394338,0.2535211267605662
VKCO,-1,2023-07-28 13:20:00+00:00,2023-07-28 13:50:00+00:00,711.2,718.312,996.370682908661,-7086.188296846363,-0.0069999999999999655,3,v3_short,sl,False,A,True,0.022778402699662605,0.004124484439445063,,0.8765432098765435,0.12345679012345645
VKCO,-1,2023-08-01 13:20:00+00:00,2023-08-01 13:50:00+00:00,723.0,730.23,973.2482681560821,-7036.584978768491,-0.0070000000000000175,3,v3_short,sl,False,A,True,0.022130013831258646,0.005176842521240855,,0.7374999999999972,0.26250000000000284
VKCO,-1,2023-08-04 13:20:00+00:00,2023-08-04 14:40:00+00:00,760.8,749.3879999999999,918.418623017494,10480.993325875674,0.010500000000000032,8,v3_short,tp,False,A,True,0.023396424815983117,0.005295178008111763,,0.6067415730337069,0.39325842696629315
VKCO,-1,2023-08-18 13:20:00+00:00,2023-08-18 21:20:00+00:00,720.6,724.8,979.8356698859595,-4115.309813520963,-0.004079933388842565,48,v3_short,timeout,False,A,True,0.012486126526082131,0.003567464721737744,,0.5111111111111136,0.4888888888888864
VKCO,-1,2023-09-12 22:30:00+00:00,2023-09-12 23:40:00+00:00,677.6,684.376,1037.763971148698,-7031.888668503529,-0.006999999999999952,7,v3_short,sl,False,A,True,0.01208370173887422,0.004402822136812264,-0.0003448275862068979,0.8292682926829306,0.17073170731706946
VKCO,1,2023-10-27 22:30:00+00:00,2023-10-27 23:50:00+00:00,581.6,578.0,1200.5958472874918,-4322.145050234998,-0.00433287482806055,8,v3_long,weekend_exit,False,A,True,0.015834767641996636,0.0036601215357055013,-6.196213425128931e-05,0.3913043478260875,0.6086956521739125
VKCO,-1,2023-10-30 22:50:00+00:00,2023-10-31 09:50:00+00:00,592.6,590.0,1173.204595422276,3050.3319480979444,0.0030712116098549035,66,v3_short,timeout,False,A,True,0.017549780627742113,0.0033818454820334974,-0.0001822477219034716,0.8076923076923073,0.19230769230769273
VKCO,-1,2023-11-09 13:20:00+00:00,2023-11-09 16:40:00+00:00,623.2,613.8520000000001,1119.0248324950408,10460.644134163593,0.010499999999999952,20,v3_short,tp,False,A,True,0.02118100128369712,0.005394584021028173,,0.7727272727272735,0.2272727272727265
VKCO,-1,2023-11-10 22:20:00+00:00,2023-11-10 23:20:00+00:00,595.0,592.8,1184.3676075711326,2605.6087366565457,0.0025882352941177006,6,v3_short,opposite_signal,False,A,True,0.00974789915966398,0.003718058652032256,-0.0002184873949579832,0.7241379310344821,0.2758620689655179
VKCO,-1,2023-12-07 22:10:00+00:00,2023-12-08 09:50:00+00:00,580.8,581.0,1216.4646222804467,-243.29292445614468,-0.00024104683195597768,70,v3_short,timeout,False,A,True,0.013774104683195593,0.0036473266992747377,0.00018939393939393942,0.4749999999999943,0.5250000000000057
VKCO,-1,2023-12-18 23:00:00+00:00,2023-12-19 09:50:00+00:00,584.2,583.0,1209.0933714025402,1450.9120456831033,0.0014378637452927623,65,v3_short,timeout,False,A,True,0.010612803834303398,0.0033047111347106464,0.00011297500855871509,0.838709677419356,0.161290322580644
VKCO,-1,2023-12-28 13:20:00+00:00,2023-12-28 21:20:00+00:00,562.4,565.0,1257.7666891986885,-3270.1933919166186,-0.003236130867709844,48,v3_short,timeout,False,A,True,0.024528972627088436,0.004367477527804583,,0.666666666666664,0.3333333333333361
VKCO,-1,2024-01-19 13:20:00+00:00,2024-01-19 21:20:00+00:00,635.6,632.6,1109.3122256623674,3327.936676987102,0.003303964757709251,48,v3_short,timeout,False,A,True,0.024866225999370585,0.0041068992910352565,,0.8354430379746828,0.1645569620253172
VKCO,-1,2024-01-25 13:20:00+00:00,2024-01-25 21:20:00+00:00,660.0,664.8,1071.8309186437752,-5144.788409490073,-0.005090909090909043,48,v3_short,timeout,False,A,True,0.013632232656770675,0.0038227954011049877,,0.6666666666666666,0.3333333333333333
VKCO,-1,2024-01-30 13:20:00+00:00,2024-01-30 21:20:00+00:00,676.8,674.2,1039.9040402160886,2703.750504561736,0.0026891252955081805,48,v3_short,timeout,False,A,True,0.01712429878948909,0.0038663236183165326,,0.7413793103448255,0.25862068965517443
VKCO,-1,2024-02-13 13:20:00+00:00,2024-02-13 18:10:00+00:00,680.4,687.204,1037.1835387587328,-7056.996797714391,-0.006999999999999972,29,v3_short,sl,False,A,True,0.020870076425632048,0.0037932868620699344,,0.8450704225352086,0.15492957746479144
VKCO,-1,2024-02-21 22:20:00+00:00,2024-02-22 09:50:00+00:00,640.4,642.0,1094.2532511134318,-1750.8052017815157,-0.0017489069331667955,69,v3_short,timeout,False,A,True,0.012496094970321774,0.004615904468629051,-0.00021868166198063107,0.9249999999999972,0.07500000000000284
VKCO,-1,2024-02-22 13:20:00+00:00,2024-02-22 19:00:00+00:00,645.6,635.916,1083.5412304395827,10493.013275576885,0.010499999999999964,34,v3_short,tp,False,A,True,0.02168525402726146,0.00457308078125922,,0.7285714285714319,0.2714285714285682
VKCO,1,2024-02-27 13:20:00+00:00,2024-02-27 14:10:00+00:00,653.2,646.668,1082.1790074474868,-7068.793276647026,-0.007000000000000041,5,v3_long,sl,False,A,True,0.01806491120636875,0.0031347505321785703,,0.15254237288136083,0.8474576271186391
VKCO,-1,2024-02-29 13:20:00+00:00,2024-02-29 21:20:00+00:00,648.0,651.0,1083.2271178565518,-3249.6813535696556,-0.0032407407407407406,48,v3_short,timeout,False,A,True,0.02098765432098769,0.0034832451499118063,,0.6764705882352964,0.3235294117647037
VKCO,-1,2024-03-26 13:20:00+00:00,2024-03-26 21:20:00+00:00,617.0,617.0,1133.9649844790063,-0.0,-0.0,48,v3_short,timeout,False,A,True,0.018794556059624143,0.003132426009937327,,0.827586206896552,0.17241379310344793
VKCO,-1,2024-04-09 13:20:00+00:00,2024-04-09 16:20:00+00:00,614.8,605.578,1138.0227641892434,10494.84593135318,0.010499999999999978,18,v3_short,tp,False,A,True,0.019193233571893228,0.0035319267589924734,,0.8305084745762705,0.16949152542372947
VKCO,-1,2024-05-03 13:20:00+00:00,2024-05-03 21:20:00+00:00,587.2,584.0,1204.023820802953,3852.876226569504,0.0038147138964578194,48,v3_short,timeout,False,A,True,0.019407558733401394,0.0034210483648685753,,0.8596491228070252,0.14035087719297476
VKCO,-1,2024-07-24 13:20:00+00:00,2024-07-24 21:20:00+00:00,471.8,467.6,1504.238662429192,6317.802382202589,0.0062314540059347015,48,v3_short,timeout,False,A,True,0.017819261773440887,0.003575974301472814,,0.9047619047619038,0.0952380952380962
VKCO,-1,2024-07-30 13:20:00+00:00,2024-07-30 16:40:00+00:00,448.6,453.086,1591.8909108373484,-7141.222626016329,-0.006999999999999984,20,v3_short,sl,False,A,True,0.018279090503789543,0.005307517567883156,,0.780487804878054,0.21951219512194597
VKCO,-1,2024-08-01 13:20:00+00:00,2024-08-01 18:40:00+00:00,466.4,459.404,1520.4189681891578,10636.851101451319,0.010499999999999973,32,v3_short,gap_tp,False,A,True,0.024892703862660993,0.004107909258123855,,0.9482758620689636,0.05172413793103634
VKCO,-1,2024-08-02 22:30:00+00:00,2024-08-02 23:50:00+00:00,449.6,448.4,1593.792710263432,1912.5512523161908,0.001868327402135302,8,v3_short,weekend_exit,False,A,True,0.00978212538906188,0.0033212039818150494,-0.0001956425077812351,0.9545454545454575,0.04545454545454252
VKCO,-1,2024-08-07 23:30:00+00:00,2024-08-08 09:50:00+00:00,453.0,453.0,1584.7858463820319,-0.0,-0.0,62,v3_short,timeout,False,A,True,0.01059602649006625,0.00315357931251971,3.532008830022125e-05,1.0,0.0
VKCO,-1,2024-08-20 13:20:00+00:00,2024-08-20 18:00:00+00:00,404.2,398.137,1776.1207036394371,10768.619826165886,0.010499999999999982,28,v3_short,tp,False,A,True,0.012864918357248858,0.004146933389882437,,0.6923076923076873,0.30769230769231276
VKCO,-1,2024-08-26 23:10:00+00:00,2024-08-27 09:50:00+00:00,379.8,379.0,1910.0737816992535,1528.0590253594246,0.0014744602422327752,64,v3_short,timeout,False,A,True,0.008421052631578918,0.003651987110633721,8.421052631578769e-05,0.9375000000000033,0.06249999999999667
VKCO,-1,2024-08-28 21:50:00+00:00,2024-08-29 09:50:00+00:00,359.8,358.0,2019.2208549392108,3634.597538890602,0.0035019455252918506,72,v3_short,timeout,False,A,True,0.011117287381878822,0.005955689668863658,-0.00031128404669260827,0.9000000000000057,0.09999999999999432
VKCO,-1,2024-09-06 22:30:00+00:00,2024-09-06 23:40:00+00:00,346.2,349.662,2105.892206482818,-7290.598818843493,-0.006999999999999979,7,v3_short,sl,False,A,True,0.009826589595375657,0.004117022531555976,0.00015606936416184906,0.9411764705882383,0.058823529411761756
VKCO,-1,2024-09-16 21:50:00+00:00,2024-09-17 09:50:00+00:00,356.2,356.8,2032.4437470835514,-1219.4662482501772,-0.0011791128579450195,72,v3_short,timeout,False,A,True,0.008422234699606963,0.0032543056526372523,2.2459292532287147e-05,1.0,0.0
VKCO,-1,2024-10-08 13:20:00+00:00,2024-10-08 21:20:00+00:00,335.6,336.4,2154.6568424832712,-1723.725473986519,-0.001668653158521955,48,v3_short,timeout,False,A,True,0.015476190476190612,0.004790249433106602,,0.8076923076923094,0.19230769230769063
VKCO,-1,2024-10-09 21:40:00+00:00,2024-10-10 09:50:00+00:00,340.2,340.8,2121.9759803221496,-1273.185588193338,-0.0012345679012346145,73,v3_short,timeout,False,A,True,0.012941176470588168,0.00340936374549821,-2.352941176470789e-05,0.9545454545454569,0.045454545454543104
VKCO,-1,2024-10-28 22:00:00+00:00,2024-10-29 09:50:00+00:00,302.0,304.0,2387.4337701783443,-4774.867540356689,-0.004635761589403973,71,v3_short,timeout,False,A,True,0.013245033112582781,0.004689822949047171,-6.622516556291391e-05,0.9500000000000028,0.04999999999999716
VKCO,-1,2024-11-29 22:20:00+00:00,2024-11-29 23:50:00+00:00,274.8,275.2,2611.581482225656,-1044.6325928902031,-0.0010189228529839305,9,v3_short,weekend_exit,False,A,True,0.00946142649199426,0.0042776936101951496,0.00010189228529840131,0.9230769230769281,0.07692307692307188
VKCO,-1,2024-12-11 21:50:00+00:00,2024-12-11 23:30:00+00:00,253.8,256.338,2824.788607173314,-7169.313485005902,-0.00700000000000003,10,v3_short,sl,False,A,True,0.029156816390858965,0.004921117383123466,0.0,0.8378378378378395,0.1621621621621605
VKCO,-1,2024-12-19 21:50:00+00:00,2024-12-20 09:50:00+00:00,248.4,248.4,2865.993675769256,-0.0,-0.0,72,v3_short,timeout,False,A,True,0.013687600644122406,0.004387262151237312,-2.415458937198159e-05,1.0,0.0
VKCO,-1,2025-01-10 22:50:00+00:00,2025-01-10 23:50:00+00:00,311.4,310.4,2286.1683656425275,2286.1683656425275,0.00224791265253693,6,v3_short,weekend_exit,False,A,True,0.01028938906752408,0.004383489730297268,0.0006045016077170403,1.0,0.0
VKCO,-1,2025-01-16 22:40:00+00:00,2025-01-17 09:50:00+00:00,338.4,339.0,2108.490386870664,-1265.0942321224466,-0.0012411347517730965,67,v3_short,timeout,False,A,True,0.012404016538688853,0.004170835493086789,-7.0880094506792e-05,0.7142857142857065,0.28571428571429347
VKCO,-1,2025-02-03 21:10:00+00:00,2025-02-04 06:50:00+00:00,324.2,320.6,2198.1109838203183,7913.199541753071,0.007772979642196101,58,v3_short,timeout,False,A,True,0.019118100524205945,0.003222010358259858,-0.0004162812210915819,0.9032258064516091,0.09677419354839094
VKCO,-1,2025-02-05 11:10:00+00:00,2025-02-05 11:20:00+00:00,308.6,303.971,2327.176994924738,10772.502309506657,0.010500000000000042,1,v3_short,tp,False,A,True,0.011341542449773168,0.0034024627349319657,9.7213220998041e-06,0.7428571428571493,0.2571428571428506
VKCO,-1,2025-02-12 12:50:00+00:00,2025-02-12 14:30:00+00:00,319.0,314.215,2274.9453675562036,10885.61358375649,0.010500000000000054,10,v3_short,tp,False,A,True,0.014738162433364656,0.0036235671230967687,,0.7234042553191459,0.2765957446808541
VKCO,1,2025-02-17 20:00:00+00:00,2025-02-17 22:30:00+00:00,326.7,331.60049999999995,2244.651061399016,10999.912526385799,0.010499999999999924,15,v3_long,tp,False,A,True,0.013468013468013398,0.003685588101172496,0.00024793388429752137,0.045454545454543104,0.9545454545454569
VKCO,-1,2025-02-20 11:50:00+00:00,2025-02-20 12:20:00+00:00,328.3,331.583,2257.165520948914,-7410.27440527532,-0.007000000000000032,3,v3_short,sl,False,A,True,0.013711151736745888,0.0037781840341255435,,0.644444444444452,0.35555555555554796
VKCO,1,2025-02-20 20:00:00+00:00,2025-02-21 06:50:00+00:00,328.8,330.0,2237.9569599873353,2685.5483519847767,0.0025547445255474205,65,v3_long,timeout,False,A,True,0.024939172749391694,0.0044503202740950355,0.00021593673965937155,0.20731707317073061,0.7926829268292694
VKCO,-1,2025-02-24 20:30:00+00:00,2025-02-25 06:50:00+00:00,337.5,340.4,2185.8374290080747,-6338.928544123367,-0.006014814814814767,62,v3_short,timeout,False,A,True,0.009783575452119808,0.003297494509217855,-5.929439667949356e-06,0.969696969696963,0.03030303030303709
VKCO,-1,2025-02-25 12:00:00+00:00,2025-02-25 16:30:00+00:00,341.0,344.41,2150.3896841916094,-7332.828823093441,-0.0070000000000000505,27,v3_short,sl,False,A,True,0.02111436950146624,0.0036420395421436005,,0.5972222222222248,0.40277777777777524
VKCO,-1,2025-03-03 20:20:00+00:00,2025-03-04 06:50:00+00:00,324.4,321.2,2244.6051237150846,7182.736395888245,0.006905055487052997,63,v3_short,timeout,False,A,True,0.018495684340320593,0.0036236442789199436,-2.1578298397038587e-05,0.6333333333333258,0.36666666666667425
VKCO,1,2025-03-05 19:50:00+00:00,2025-03-05 21:30:00+00:00,338.9,335.51099999999997,2163.4045960764097,-7331.778176102974,-0.007000000000000021,10,v3_long,sl,False,A,True,0.015343759221009114,0.003661305183035137,0.0003098259073473035,0.15384615384614544,0.8461538461538546
VKCO,-1,2025-03-12 19:30:00+00:00,2025-03-13 06:50:00+00:00,322.2,321.8,2259.6076129330327,903.8430451731617,0.0008690254500309874,68,v3_short,timeout,False,A,True,0.007754342431761787,0.0033865903681571854,-0.00015508684863523576,0.559999999999991,0.4400000000000091
VKCO,-1,2025-03-13 12:50:00+00:00,2025-03-13 15:30:00+00:00,319.5,314.7075,2280.6831393384796,10930.173945279705,0.010500000000000039,16,v3_short,tp,False,A,True,0.01564455569461827,0.0031289111389236446,,0.9799999999999954,0.02000000000000455
VKCO,-1,2025-03-14 10:30:00+00:00,2025-03-14 16:40:00+00:00,320.9,324.109,2294.575832908508,-7363.293847803409,-0.007000000000000008,37,v3_short,sl,False,A,True,0.010903426791277258,0.003086944208439521,-0.0001993769470404942,0.799999999999987,0.200000000000013
VKCO,-1,2025-03-21 22:40:00+00:00,2025-03-21 23:50:00+00:00,295.3,294.4,2476.041581736802,2228.4374235632063,0.0021334236369794234,7,v3_short,weekend_exit,False,A,True,0.015238740264138163,0.004395391749656176,-9.481882831019149e-05,0.4444444444444444,0.5555555555555556
VKCO,-1,2025-03-24 21:00:00+00:00,2025-03-24 21:20:00+00:00,289.3,284.9605,2532.785984387736,10991.024779250547,0.01049999999999997,2,v3_short,tp,False,A,True,0.005530591081921958,0.003012196928546725,-0.00021085378499827246,0.8124999999999956,0.18750000000000444
VKCO,1,2025-03-27 22:10:00+00:00,2025-03-27 23:40:00+00:00,280.6,282.0,2638.7337941156356,3694.2273117618297,0.003492516037063378,9,v3_long,opposite_signal,False,A,True,0.012121212121212243,0.0033758958128705845,5.3475935828877e-05,0.3529411764705981,0.6470588235294019
VKCO,1,2025-03-28 19:30:00+00:00,2025-03-28 23:50:00+00:00,282.1,280.4,2633.869768688694,-4477.5786067709,-0.004218362282878524,26,v3_long,weekend_exit,False,A,True,0.011347517730496413,0.004197423650311151,-3.546099290780142e-05,0.15625000000000056,0.8437499999999994
VKCO,-1,2025-04-03 12:30:00+00:00,2025-04-03 17:20:00+00:00,280.1,275.8985,2641.4864574164267,11098.205350835144,0.010500000000000025,29,v3_short,tp,False,A,True,0.013556903317873747,0.003945352668359539,,0.6842105263157934,0.31578947368420657
VKCO,-1,2025-04-11 19:40:00+00:00,2025-04-11 21:40:00+00:00,253.4,251.3,2950.4700097392483,6195.987020452405,0.0058011049723756735,12,v3_short,opposite_signal,False,A,True,0.018547750591949443,0.0038577388334970794,3.157063930544638e-05,0.9787234042553203,0.021276595744679692
VKCO,-1,2025-04-11 23:40:00+00:00,2025-04-11 23:50:00+00:00,252.7,252.1,2975.806455806262,1785.4838734837404,0.0016620498614958292,1,v3_short,weekend_exit,False,A,True,0.012262658227848191,0.0034551795401704926,-0.00016613924050632865,0.8064516129032199,0.1935483870967801
VKCO,1,2025-04-14 20:30:00+00:00,2025-04-14 21:20:00+00:00,248.3,250.9,3033.572815520262,7887.289320352664,0.007329842931937156,5,v3_long,opposite_signal,False,A,True,0.011276681433749542,0.0030328684031002634,-0.0002053966975432953,0.21428571428572155,0.7857142857142785
VKCO,-1,2025-04-14 21:40:00+00:00,2025-04-15 06:50:00+00:00,250.5,250.0,3028.970988494723,1514.4854942473614,0.0013972055888223556,55,v3_short,timeout,False,A,True,0.013955342902711323,0.00324675324675324,-0.0001594896331738437,0.8000000000000033,0.19999999999999676
VKCO,-1,2025-04-17 11:40:00+00:00,2025-04-17 17:20:00+00:00,253.4,249.599,2998.490025508686,11397.260586958564,0.010500000000000044,34,v3_short,tp,False,A,True,0.011838989739542225,0.0032795362381950292,,0.7666666666666705,0.23333333333332953
VKCO,-1,2025-04-17 21:00:00+00:00,2025-04-18 06:50:00+00:00,252.5,252.0,3040.774078711969,1520.3870393559846,0.0013861386138613863,59,v3_short,timeout,False,A,True,0.02414885193982579,0.003999224392845024,-0.00011084718923199003,0.7213114754098376,0.27868852459016236
VKCO,-1,2025-04-24 19:20:00+00:00,2025-04-25 06:50:00+00:00,273.1,273.7,2815.304744790631,-1689.1828468742826,-0.0015378982057853393,69,v3_short,timeout,False,A,True,0.01684364701574523,0.0038709002458544584,-0.0003112413035518125,0.847826086956525,0.15217391304347505
VKCO,-1,2025-04-25 22:30:00+00:00,2025-04-25 23:50:00+00:00,282.8,283.6,2714.559044588081,-2171.647235670496,-0.0019801980198020084,8,v3_short,weekend_exit,False,A,True,0.008135833038556613,0.003804422370292301,-6.013441811107342e-05,0.9565217391304488,0.04347826086955125
VKCO,1,2025-04-29 19:30:00+00:00,2025-04-29 20:00:00+00:00,266.3,263.637,2877.045229983252,-7661.571447445431,-0.007000000000000029,3,v3_long,sl,False,A,True,0.01577168606834393,0.0035865641788070547,-6.383777694329874e-05,0.0,1.0
VKCO,-1,2025-04-30 22:10:00+00:00,2025-04-30 23:00:00+00:00,264.5,267.145,2876.3479952035086,-7607.940447313228,-0.006999999999999952,5,v3_short,sl,False,A,True,0.018910741301059002,0.00405230170736976,0.0001626323751891057,1.0,0.0
VKCO,-1,2025-05-07 12:50:00+00:00,2025-05-07 13:40:00+00:00,259.1,261.69100000000003,2915.740974211535,-7554.684864182112,-0.007000000000000022,5,v3_short,sl,False,A,True,0.016981860285603924,0.00450276598481924,,0.8181818181818276,0.18181818181817241
VKCO,-1,2025-05-15 19:50:00+00:00,2025-05-16 06:50:00+00:00,258.4,257.8,2903.1741757479936,1741.9045054486971,0.0016253869969039328,66,v3_short,timeout,False,A,True,0.012761020881670576,0.003519737361301824,-0.0002204176334106746,0.8181818181818119,0.18181818181818807
VKCO,-1,2025-05-29 12:00:00+00:00,2025-05-29 20:00:00+00:00,260.7,257.3,2882.2383589071555,9799.610420284263,0.009129267357115398,48,v3_short,timeout,False,A,True,0.014587332053742847,0.0041112005448578955,,0.8421052631578893,0.15789473684211078
VKCO,-1,2025-05-30 10:20:00+00:00,2025-05-30 11:50:00+00:00,259.5,257.9,2922.001030679362,4675.201649087046,0.0043159922928709665,9,v3_short,opposite_signal,False,A,True,0.020809248554913316,0.003523259014588482,3.853564547207041e-06,0.814814814814815,0.18518518518518498
VKCO,1,2025-05-30 21:00:00+00:00,2025-05-30 23:50:00+00:00,259.7,260.8,2932.352362786505,3225.5875990652225,0.002964959568733215,17,v3_long,weekend_exit,False,A,True,0.005775895263765884,0.0029390269777529923,-1.5402387370041482e-05,0.7333333333333106,0.2666666666666894
VKCO,-1,2025-06-04 10:30:00+00:00,2025-06-04 16:20:00+00:00,278.5,281.285,2742.5128184380646,-7637.898199350078,-0.007000000000000063,35,v3_short,sl,False,A,True,0.02154398563734291,0.004700505957238445,-1.7953321364452423e-05,0.75,0.25
VKCO,1,2025-06-05 10:20:00+00:00,2025-06-05 12:00:00+00:00,283.1,287.3465,2679.064963601045,11376.649367931754,0.010499999999999923,10,v3_long,tp,False,A,True,0.015542211232779855,0.003835091083413213,0.0001483574708583515,0.3636363636363707,0.6363636363636294
VKCO,1,2025-06-05 19:20:00+00:00,2025-06-06 06:50:00+00:00,285.5,287.2,2684.4376383643016,4563.543985219282,0.0041681260945709,69,v3_long,timeout,False,A,True,0.01750087504375219,0.0043002150107505285,0.00021701085054252873,0.1,0.9
VKCO,-1,2025-06-06 11:00:00+00:00,2025-06-06 11:10:00+00:00,287.2,286.0,2679.6707052321085,3215.6048462784997,0.002924791086350947,1,v3_short,opposite_signal,False,A,True,0.012199372603694669,0.003081212966190306,5.92540955036614e-05,0.6285714285714253,0.37142857142857466
VKCO,-1,2025-06-09 19:40:00+00:00,2025-06-10 06:50:00+00:00,270.8,273.0,2850.267171104344,-6270.587776429525,-0.0056868537666174,67,v3_short,timeout,False,A,True,0.012186115214180249,0.004069574654086154,-0.0001366322008862562,0.909090909090906,0.09090909090909403
VKCO,1,2025-06-10 19:20:00+00:00,2025-06-11 06:50:00+00:00,271.4,271.4,2827.792698937199,0.0,0.0,69,v3_long,timeout,False,A,True,0.013264554163596044,0.004609507767734938,-0.00024686809137804144,0.08333333333332149,0.9166666666666785
VKCO,1,2025-06-16 19:50:00+00:00,2025-06-17 06:50:00+00:00,258.3,256.6,2971.207659665334,-5051.053021431035,-0.004607046070460674,66,v3_long,timeout,False,A,True,0.00696324951644105,0.0030947775628626687,-7.736943907156673e-05,0.16666666666667193,0.833333333333328
VKCO,-1,2025-06-17 10:20:00+00:00,2025-06-17 12:00:00+00:00,258.6,261.18600000000004,2954.088172376466,-7639.272013765579,-0.007000000000000034,10,v3_short,sl,False,A,True,0.015087040618955534,0.0035737312333057126,-4.255319148936258e-05,0.8974358974359035,0.10256410256409658
VKCO,-1,2025-06-24 12:50:00+00:00,2025-06-24 15:20:00+00:00,254.3,256.843,2983.0110537432884,-7585.797109669201,-0.007000000000000017,15,v3_short,sl,False,A,True,0.014931237721021545,0.003765553372626061,,0.7894736842105299,0.21052631578947015
VKCO,1,2025-07-03 19:40:00+00:00,2025-07-04 06:50:00+00:00,292.9,293.0,2571.76392280693,257.1763922807515,0.00023898941618305197,67,v3_long,timeout,False,A,True,0.02013651877133098,0.004708504562234447,0.00045051194539248913,0.15254237288135267,0.8474576271186474
VKCO,-1,2025-07-04 10:20:00+00:00,2025-07-04 11:10:00+00:00,292.9,288.50649999999996,2572.3785471654023,11301.74514697124,0.010500000000000042,5,v3_short,tp,False,A,True,0.015363605326049848,0.00401567250321091,-6.828269033800321e-05,0.8222222222222197,0.1777777777777803
VKCO,1,2025-07-07 21:00:00+00:00,2025-07-08 06:50:00+00:00,284.0,283.1,2680.8482326324865,-2412.7634093691768,-0.0022183098591548735,59,v3_long,timeout,False,A,True,0.011623811201127198,0.0029832292198316533,0.00012680521310320215,0.151515151515151,0.848484848484849
VKCO,-1,2025-07-16 12:20:00+00:00,2025-07-16 20:20:00+00:00,331.1,331.4,2294.388292603647,-688.3164877809899,-0.0006342494714586776,48,v3_short,timeout,False,A,True,0.012080942313500452,0.0034046291974410355,,0.9500000000000028,0.04999999999999716
VKCO,-1,2025-07-18 10:40:00+00:00,2025-07-18 10:50:00+00:00,325.2,323.2,2334.533032409659,4669.066064819318,0.004305043050430505,1,v3_short,opposite_signal,False,A,True,0.015682656826568338,0.004010909674314127,0.00012915129151291652,0.6274509803921519,0.37254901960784814
VKCO,1,2025-07-21 19:40:00+00:00,2025-07-22 06:50:00+00:00,335.8,337.9,2270.5732233025446,4768.203768935266,0.004377605717689029,67,v3_long,timeout,False,A,True,0.008040500297796273,0.0033912314181181466,0.00030375223347230287,0.0,1.0
VKCO,1,2025-07-30 19:50:00+00:00,2025-07-30 21:30:00+00:00,320.6,322.6,2388.6345321997787,4777.2690643995575,0.004366812227074236,10,v3_long,opposite_signal,False,A,True,0.010917030567685589,0.003895756680713439,0.00015283842794759753,0.02857142857143507,0.971428571428565
VKCO,-1,2025-08-06 20:40:00+00:00,2025-08-06 21:50:00+00:00,328.4,331.68399999999997,2342.083798320125,-7691.403193683272,-0.006999999999999984,7,v3_short,sl,False,A,True,0.018879415347137603,0.003038852569042225,-0.000124847746650427,0.8225806451612864,0.17741935483871368
VKCO,1,2025-08-13 19:30:00+00:00,2025-08-14 06:50:00+00:00,353.0,352.2,2163.6156859284715,-1730.8925487428019,-0.0015864022662889742,68,v3_long,timeout,False,A,True,0.014730878186968806,0.004041163207492628,-0.000178470254957509,0.03846153846153636,0.9615384615384637
VKCO,-1,2025-08-14 12:30:00+00:00,2025-08-14 20:30:00+00:00,350.1,349.2,2178.07687046167,1960.2691834155771,0.0017994858611825872,48,v3_short,timeout,False,A,True,0.01200000000000013,0.003630252100840345,,0.8809523809523823,0.11904761904761776
VKCO,-1,2025-08-22 10:20:00+00:00,2025-08-22 14:00:00+00:00,335.4,338.75399999999996,2277.6294000507505,-7639.169007770183,-0.00699999999999997,22,v3_short,sl,False,A,True,0.014907573047107932,0.0032228753158985864,-3.2796660703638124e-05,0.6799999999999955,0.32000000000000456
VKCO,-1,2025-09-04 10:50:00+00:00,2025-09-04 11:10:00+00:00,336.1,334.0,2256.975550346868,4739.648655728474,0.004373698304076214,2,v3_short,opposite_signal,False,A,True,0.010413567390657541,0.00306208469701479,3.3825301315565612e-18,0.8000000000000033,0.19999999999999676
VKCO,-1,2025-09-16 19:50:00+00:00,2025-09-17 06:50:00+00:00,313.5,310.7,2430.2623174819532,6804.734488949497,0.006251993620414699,66,v3_short,timeout,False,A,True,0.013392857142857106,0.0031432215743440383,-4.4642857142860036e-05,0.7619047619047613,0.23809523809523875
VKCO,1,2025-09-17 20:10:00+00:00,2025-09-18 06:50:00+00:00,306.5,306.2,2501.3068537450476,-750.3920561235427,-0.0006851549755302055,64,v3_long,timeout,False,A,True,0.015008156606851439,0.003262642740619891,9.787928221858222e-06,0.08695652173912613,0.9130434782608738
VKCO,1,2025-09-19 19:40:00+00:00,2025-09-19 23:40:00+00:00,301.7,303.8,2539.361207270701,5332.65853526853,0.0048723897911833475,24,v3_long,opposite_signal,False,A,True,0.0169042094796154,0.003612184018453246,4.6403712296979235e-05,0.11764705882352351,0.8823529411764764
VKCO,-1,2025-09-23 12:30:00+00:00,2025-09-23 15:00:00+00:00,298.3,301.283,2580.8184284554427,-7698.581372082596,-0.0070000000000000106,15,v3_short,sl,False,A,True,0.02112676056338032,0.0034224957588669374,,0.8730158730158715,0.12698412698412856
VKCO,-1,2025-10-06 20:00:00+00:00,2025-10-07 06:50:00+00:00,267.2,264.0,2861.03716410105,9155.318925123329,0.008383233532934103,65,v3_short,timeout,False,A,True,0.02131637995512337,0.005151649290980421,3.7397157815971975e-06,0.8596491228070152,0.14035087719298472
VKCO,1,2025-10-10 23:00:00+00:00,2025-10-10 23:50:00+00:00,262.9,263.1,2932.2094085028034,586.441881700694,0.0005325218714341263,5,v3_long,weekend_exit,False,A,True,0.011787072243346094,0.004733452316287741,-1.9011406844106464e-05,0.06451612903225393,0.9354838709677461
VKCO,-1,2025-10-20 22:00:00+00:00,2025-10-21 06:50:00+00:00,281.4,282.0,2740.896811700702,-1644.5380870204835,-0.0014925373134328926,53,v3_short,timeout,False,A,True,0.013143872113676692,0.003240656831116084,0.00017761989342806797,0.8918918918918823,0.10810810810811766
VKCO,-1,2025-10-24 13:20:00+00:00,2025-10-24 13:30:00+00:00,265.9,268.55899999999997,2896.3414296790643,-7701.371861516608,-0.0069999999999999785,1,v3_short,sl,False,A,True,0.01467268623024822,0.0035982327178715502,,0.7948717948717907,0.20512820512820923
VKCO,-1,2025-10-27 19:50:00+00:00,2025-10-28 06:50:00+00:00,253.4,250.0,3017.940907058412,10260.999083998619,0.009392265193370181,66,v3_short,timeout,False,A,True,0.010260457774269906,0.0032617624792616357,-0.00017758484609313338,0.9615384615384637,0.03846153846153636
OZON,-1,2022-01-12 11:10:00+00:00,2022-01-12 11:20:00+00:00,2070.0,2062.0,338.1642512077295,2705.314009661836,0.002705314009661836,1,v3_short,opposite_signal,False,A,True,0.012560386473429951,0.0032051282051282055,0.00013043478260869567,0.5769230769230769,0.4230769230769231
OZON,-1,2022-01-12 13:20:00+00:00,2022-01-12 17:40:00+00:00,2066.0,2086.66,339.73558557926583,-7018.937198067582,-0.00699999999999995,26,v3_short,sl,False,A,True,0.016210984756835228,0.0033687580263917064,,0.6865671641791045,0.31343283582089554
OZON,1,2022-01-12 23:40:00+00:00,2022-01-13 07:40:00+00:00,2070.5,2068.5,336.6242278522656,-673.2484557045312,-0.000676165177493359,48,v3_long,timeout,False,A,True,0.014247766240038639,0.004469984081534087,0.00021009418014972229,0.0,1.0
OZON,-1,2022-01-13 11:10:00+00:00,2022-01-13 14:40:00+00:00,2075.0,2043.875,335.6670794453604,10447.637847736842,0.0105,21,v3_short,tp,False,A,True,0.012289156626506025,0.0031788693234476367,-7.228915662650602e-05,0.9019607843137255,0.09803921568627451
OZON,-1,2022-09-16 13:20:00+00:00,2022-09-16 21:20:00+00:00,1459.0,1464.0,482.4006417700744,-2412.003208850372,-0.002398903358464702,48,v3_short,timeout,False,A,True,0.018505825908156272,0.0032148568817520155,,0.6666666666666666,0.3333333333333333
OZON,-1,2022-10-12 23:20:00+00:00,2022-10-13 09:50:00+00:00,1217.5,1218.0,576.7015475123969,-288.35077375619846,-0.0002874743326488706,63,v3_short,timeout,False,A,True,0.01680327868852459,0.0031866845098695216,-1.639344262295082e-05,0.3902439024390244,0.6097560975609756
OZON,-1,2022-10-28 13:20:00+00:00,2022-10-28 18:00:00+00:00,1313.5,1326.635,534.3983925045405,-7019.322885547135,-0.006999999999999996,28,v3_short,sl,False,A,True,0.030072325846973735,0.004676708902061015,,0.8734177215189873,0.12658227848101267
OZON,-1,2022-11-01 13:20:00+00:00,2022-11-01 14:40:00+00:00,1357.0,1370.57,513.6468404825578,-6970.187625348276,-0.006999999999999966,8,v3_short,sl,False,A,True,0.016212232866617538,0.00366705267221111,,0.8636363636363636,0.13636363636363635
OZON,-1,2022-11-01 22:10:00+00:00,2022-11-02 09:50:00+00:00,1382.5,1383.0,500.6434945367719,-250.32174726838596,-0.00025316455696202533,70,v3_short,timeout,False,A,True,0.00795084929526563,0.0032894979459076727,0.00033610408384531984,0.9090909090909091,0.09090909090909091
OZON,-1,2022-11-08 13:20:00+00:00,2022-11-08 21:20:00+00:00,1403.5,1397.0,493.02772067972876,3204.680184418237,0.0032418952618453864,48,v3_short,timeout,False,A,True,0.0220876380477378,0.004393777461109132,,0.7258064516129032,0.27419354838709675
OZON,1,2022-11-10 13:20:00+00:00,2022-11-10 16:50:00+00:00,1414.0,1435.2099999999998,490.9530990828091,10413.115231546288,0.010499999999999907,21,v3_long,gap_tp,False,A,True,0.015553199010250972,0.004662593209783029,,0.1590909090909091,0.8409090909090909
OZON,-1,2022-11-11 23:30:00+00:00,2022-11-11 23:50:00+00:00,1449.0,1447.0,484.1248190235849,968.2496380471698,0.0009661835748792271,2,v3_short,weekend_exit,False,A,True,0.01518288474810214,0.003316854692187434,-0.0002173913043478261,1.0,0.0
OZON,-1,2022-11-23 13:20:00+00:00,2022-11-23 21:20:00+00:00,1444.0,1444.5,486.27052459266446,-243.13526229633223,-0.00024238227146814402,48,v3_short,timeout,False,A,True,0.02352127291594604,0.0038213832748595807,,0.6617647058823529,0.3382352941176471
OZON,1,2022-11-25 13:20:00+00:00,2022-11-25 21:20:00+00:00,1422.0,1420.5,493.6740104277075,-740.5110156415612,-0.0007383966244725738,48,v3_long,timeout,False,A,True,0.0319971870604782,0.003465943339361061,,0.4835164835164835,0.5164835164835165
OZON,-1,2022-12-16 13:20:00+00:00,2022-12-16 21:20:00+00:00,1375.0,1362.0,510.1716982670917,6632.232077472192,0.006618181818181818,48,v3_short,timeout,False,A,True,0.019992729916394038,0.003081130671097956,,0.6363636363636364,0.36363636363636365
OZON,-1,2022-12-21 22:00:00+00:00,2022-12-22 09:50:00+00:00,1407.5,1406.5,501.68998051259786,501.68998051259786,0.0004973357015985789,71,v3_short,timeout,False,A,True,0.017412935323383085,0.0036696981564480805,8.173418621179815e-05,0.8979591836734694,0.10204081632653061
OZON,-1,2023-01-18 13:20:00+00:00,2023-01-18 19:00:00+00:00,1572.0,1548.42,449.41465048208676,10597.197458367573,0.010499999999999968,34,v3_short,tp,False,A,True,0.023862551702195353,0.004090723148947775,,0.9466666666666667,0.05333333333333334
OZON,-1,2023-01-26 13:20:00+00:00,2023-01-26 21:20:00+00:00,1635.5,1631.5,436.5012954929365,1746.005181971746,0.001712014674411495,48,v3_short,timeout,False,A,True,0.01651376146788991,0.003203727974370176,,0.6111111111111112,0.3888888888888889
OZON,1,2023-03-16 13:20:00+00:00,2023-03-16 15:10:00+00:00,1659.5,1642.905,430.9250210340934,-7151.200724060792,-0.007000000000000013,11,v3_long,sl,False,A,True,0.03162650602409638,0.005163511187607573,,0.2571428571428571,0.7428571428571429
OZON,-1,2023-04-05 13:20:00+00:00,2023-04-05 19:00:00+00:00,1803.0,1821.03,393.85148746491143,-7101.142318992343,-0.00699999999999999,34,v3_short,sl,False,A,True,0.032723239046034386,0.004952064020283654,,0.8983050847457628,0.1016949152542373
OZON,1,2023-04-06 22:50:00+00:00,2023-04-07 09:50:00+00:00,1751.0,1750.0,402.7089847378302,-402.7089847378302,-0.0003997715591090805,66,v3_long,timeout,False,A,True,0.013135351227869789,0.004219163393512745,-0.000568246716162193,0.043478260869565216,0.9565217391304348
OZON,-1,2023-05-23 23:40:00+00:00,2023-05-24 09:50:00+00:00,1743.5,1750.0,404.27963062037526,-2627.8175990324394,-0.0026096931459707487,61,v3_short,timeout,False,A,True,0.010315186246418338,0.003327290801707502,0.00010888252148997134,0.8888888888888888,0.1111111111111111
OZON,-1,2023-05-24 22:50:00+00:00,2023-05-25 09:50:00+00:00,1802.0,1804.5,390.1343305589909,-975.3358263974771,-0.0009711431742508325,66,v3_short,timeout,False,A,True,0.008606329816768461,0.004062368978685311,0.00036646307606885063,0.9354838709677419,0.06451612903225806
OZON,-1,2023-05-31 13:20:00+00:00,2023-05-31 14:20:00+00:00,1752.5,1770.025,400.7642388523955,-7023.393285888268,-0.007000000000000036,6,v3_short,sl,False,A,True,0.023965763195435093,0.0048502139800285305,,0.8452380952380952,0.15476190476190477
OZON,-1,2023-06-02 13:20:00+00:00,2023-06-02 17:20:00+00:00,1775.0,1792.75,392.9143398809586,-6974.229532887015,-0.007,24,v3_short,sl,False,A,True,0.01098901098901099,0.003582498087992593,,0.8461538461538461,0.15384615384615385
OZON,1,2023-06-16 13:20:00+00:00,2023-06-16 15:30:00+00:00,1992.5,2022.3874999999998,347.57389842694135,10388.114889235147,0.010499999999999936,13,v3_long,tp,False,A,True,0.029640793770409443,0.0046889391275223985,,0.3813559322033898,0.6186440677966102
OZON,1,2023-06-28 13:20:00+00:00,2023-06-28 21:20:00+00:00,1971.0,1969.5,355.0546286342695,-532.5819429514042,-0.000532724505327245,48,v3_long,timeout,False,A,True,0.01750380517503805,0.003394457732357276,,0.17391304347826086,0.8260869565217391
OZON,1,2023-07-06 13:20:00+00:00,2023-07-06 21:20:00+00:00,1960.0,1959.0,356.85707432555057,-356.85707432555057,-0.00035714285714285714,48,v3_long,timeout,False,A,True,0.017857142857142856,0.003134110787172012,,0.42857142857142855,0.5714285714285714
OZON,-1,2023-07-12 13:20:00+00:00,2023-07-12 20:10:00+00:00,2058.5,2027.6225,339.6599784921308,10487.850985890787,0.010500000000000018,41,v3_short,tp,False,A,True,0.013605442176870748,0.002984867416354297,,0.875,0.125
OZON,-1,2023-07-26 22:20:00+00:00,2023-07-27 09:50:00+00:00,2419.5,2425.0,292.01552445388506,-1606.0853844963679,-0.0015912378590617897,69,v3_short,timeout,False,A,True,0.01033912324234905,0.0031565976266437097,-8.684863523573201e-05,0.98,0.02
OZON,-1,2023-08-17 23:20:00+00:00,2023-08-18 09:50:00+00:00,2702.5,2719.0,261.0202781302599,-4306.834589149288,-0.00427382053654024,63,v3_short,timeout,False,A,True,0.008140610545790935,0.0031565632728577093,0.00020906567992599442,0.9318181818181818,0.06818181818181818
OZON,-1,2023-08-18 13:20:00+00:00,2023-08-18 17:40:00+00:00,2707.0,2734.07,259.4726699056605,-7023.925174346272,-0.007000000000000043,26,v3_short,sl,False,A,True,0.017355982274741506,0.003701554477034536,,0.6808510638297872,0.3191489361702128
OZON,-1,2023-09-07 22:00:00+00:00,2023-09-08 09:50:00+00:00,2769.5,2746.0,251.84176559399907,5918.281491458978,0.005939700306914605,71,v3_short,timeout,False,A,True,0.01282051282051282,0.005575578010185656,-0.0003810039725532683,1.0,0.0
OZON,-1,2023-12-12 13:20:00+00:00,2023-12-12 14:10:00+00:00,2536.0,2561.36,276.6634727352531,-7016.185668566054,-0.007000000000000037,5,v3_short,sl,False,A,True,0.019909323871476443,0.0064768663231111485,,0.8217821782178217,0.1782178217821782
OZON,-1,2023-12-13 13:20:00+00:00,2023-12-13 21:20:00+00:00,2610.5,2602.5,266.8865109705442,2135.0920877643534,0.0021451829151503546,48,v3_short,timeout,False,A,True,0.02949626508331737,0.004514734451528169,,0.8896103896103896,0.11038961038961038
OZON,-1,2023-12-28 13:20:00+00:00,2023-12-28 16:50:00+00:00,2723.0,2750.23,256.4090346492988,-6982.018013500411,-0.007000000000000005,21,v3_short,sl,False,A,True,0.015424164524421594,0.00405714985222881,,0.7857142857142857,0.21428571428571427
OZON,-1,2024-02-09 13:20:00+00:00,2024-02-09 21:20:00+00:00,2840.5,2833.0,244.08181261770477,1830.6135946327859,0.001848266150325647,48,v3_short,timeout,False,A,True,0.023403132148513108,0.0036784729728597406,,0.9097744360902256,0.09022556390977443
OZON,-1,2024-03-01 13:20:00+00:00,2024-03-01 21:20:00+00:00,3262.5,3261.5,212.90293279902937,212.90293279902937,0.00021455938697318008,48,v3_short,timeout,False,A,True,0.022365196078431373,0.0035014005602240898,,0.6232876712328768,0.3767123287671233
OZON,-1,2024-03-19 21:40:00+00:00,2024-03-20 09:50:00+00:00,3394.5,3391.0,204.6678009455863,716.337303309552,0.0007217557814111062,73,v3_short,timeout,False,A,True,0.015318898217705112,0.003435930271357328,-9.868905582560024e-05,0.9903846153846154,0.009615384615384616
OZON,-1,2024-03-20 13:20:00+00:00,2024-03-20 14:30:00+00:00,3462.0,3496.62,200.82215090182248,-6952.462864221073,-0.0069999999999999785,7,v3_short,sl,False,A,True,0.02440785673021375,0.0035487331847817117,,0.9053254437869822,0.09467455621301775
OZON,-1,2024-03-28 13:20:00+00:00,2024-03-28 14:10:00+00:00,3739.0,3776.39,184.64283562908656,-6903.795624171523,-0.006999999999999976,5,v3_short,sl,False,A,True,0.011103678929765886,0.00294951425386208,,0.9397590361445783,0.060240963855421686
OZON,1,2024-03-28 21:40:00+00:00,2024-03-29 09:50:00+00:00,3764.0,3810.0,182.1325466206787,8378.09714455122,0.008554729011689693,73,v3_long,timeout,False,A,True,0.014748870581982461,0.003934659167945679,0.0003348392240233856,0.14414414414414414,0.8558558558558559
OZON,-1,2024-04-04 13:20:00+00:00,2024-04-04 16:50:00+00:00,3816.0,3854.16,181.18751925613742,-6914.115734814178,-0.006999999999999973,21,v3_short,sl,False,A,True,0.018736897274633124,0.0038497055006488966,,0.8531468531468531,0.14685314685314685
OZON,-1,2024-04-18 13:20:00+00:00,2024-04-18 21:20:00+00:00,3986.0,3983.0,172.24578335851746,516.7373500755524,0.0005268439538384346,48,v3_short,timeout,False,A,True,0.0288509784244857,0.004342579982319069,,0.8913043478260869,0.10869565217391304
OZON,1,2024-04-23 13:20:00+00:00,2024-04-23 17:50:00+00:00,4130.5,4089.195,166.30756775501837,-6869.334086121006,-0.006999999999999972,27,v3_long,sl,False,A,True,0.022518159806295398,0.004289173296437219,,0.20967741935483872,0.7903225806451613
OZON,-1,2024-05-08 23:00:00+00:00,2024-05-10 09:50:00+00:00,4531.5,4526.0,150.5295983122186,827.9127907172024,0.0008496082974732428,209,v3_short,timeout,False,A,True,0.012577228596646072,0.0034066141902480323,-0.00023278905560458957,0.8508771929824561,0.14912280701754385
OZON,1,2024-05-15 13:20:00+00:00,2024-05-15 21:20:00+00:00,4530.5,4536.5,150.69074356148786,904.1444613689272,0.0009270499944818454,48,v3_long,timeout,False,A,True,0.021300077254166206,0.002969292782779153,,0.20725388601036268,0.7927461139896373
OZON,1,2024-05-27 22:40:00+00:00,2024-05-28 09:50:00+00:00,4349.0,4343.5,157.12515861767736,-864.1883723972255,-0.0008852609795355254,67,v3_long,timeout,False,A,True,0.013104954592481894,0.004180635353348145,-4.02345097137602e-05,0.06140350877192982,0.9385964912280702
OZON,-1,2024-06-07 22:10:00+00:00,2024-06-07 23:50:00+00:00,4627.5,4631.0,147.5380622296274,-516.3832178036959,-0.0005294435440302538,10,v3_short,weekend_exit,False,A,True,0.01265001621796951,0.0040754543789620935,0.00017407287274299926,0.9829059829059829,0.017094017094017096
OZON,-1,2024-07-30 13:20:00+00:00,2024-07-30 21:20:00+00:00,3747.5,3749.5,182.08696856975004,-364.1739371395001,-0.0003735823882588392,48,v3_short,timeout,False,A,True,0.02241793434747798,0.00529947767738,,0.7738095238095238,0.2261904761904762
OZON,1,2024-08-02 13:20:00+00:00,2024-08-02 15:20:00+00:00,3734.5,3697.1549999999997,182.65256204555916,-6821.159929591454,-0.007000000000000049,12,v3_long,sl,False,A,True,0.011514258936939348,0.0034364261168384883,,0.1744186046511628,0.8255813953488372
OZON,1,2024-08-05 21:50:00+00:00,2024-08-06 09:50:00+00:00,3576.5,3629.5,189.3866017079342,10037.489890520514,0.010373269956661543,72,v3_long,timeout,False,A,True,0.013700545225779393,0.0037004596330353755,-0.00016636376345589263,0.02040816326530612,0.9795918367346939
OZON,-1,2024-08-07 23:10:00+00:00,2024-08-08 09:50:00+00:00,3696.5,3723.0,185.13930040086325,-4906.191460622877,-0.005018260516704992,64,v3_short,timeout,False,A,True,0.010956310022994725,0.003547205437023991,0.00042743135398349793,0.8765432098765432,0.12345679012345678
OZON,1,2024-08-08 13:20:00+00:00,2024-08-08 20:20:00+00:00,3677.5,3640.725,185.16195510791437,-6809.3308990935675,-0.007000000000000018,42,v3_long,sl,False,A,True,0.01631321370309951,0.004278981848313006,,0.20833333333333334,0.7916666666666666
OZON,-1,2024-08-20 13:20:00+00:00,2024-08-20 18:10:00+00:00,3416.0,3364.7599999999998,197.9410299414489,10142.49837419989,0.010500000000000047,29,v3_short,tp,False,A,True,0.022540983606557378,0.004349280695884912,,0.7142857142857143,0.2857142857142857
OZON,-1,2024-08-26 23:20:00+00:00,2024-08-27 09:50:00+00:00,3394.5,3388.0,201.28628874412414,1308.360876836807,0.0013404035940491972,63,v3_short,timeout,False,A,True,0.00883912787271656,0.002922323908938944,1.6205067766647025e-05,0.9166666666666666,0.08333333333333333
OZON,-1,2024-09-03 22:00:00+00:00,2024-09-04 09:50:00+00:00,2907.0,2926.5,235.3567801017252,-4589.457211983641,-0.004695562435500515,71,v3_short,timeout,False,A,True,0.011525890246000344,0.005059033763169813,-3.956648890418029e-05,1.0,0.0
OZON,-1,2024-09-16 21:40:00+00:00,2024-09-17 09:50:00+00:00,3356.0,3353.0,202.91106665891735,608.7331999767521,0.0006257449344457688,73,v3_short,timeout,False,A,True,0.013261808970347191,0.0035518901346859714,0.00016838027119654296,1.0,0.0
OZON,-1,2024-09-25 13:20:00+00:00,2024-09-25 15:00:00+00:00,3445.0,3393.325,197.79264236496672,10220.934794209692,0.010500000000000037,10,v3_short,tp,False,A,True,0.01451378809869376,0.003725205611998065,,0.88,0.12
OZON,1,2024-10-17 13:20:00+00:00,2024-10-17 21:20:00+00:00,3056.5,3053.0,225.27410675715922,-788.4593736500573,-0.000801570423687224,48,v3_long,timeout,False,A,True,0.013745704467353952,0.0037637047946326298,,0.25,0.75
OZON,-1,2024-11-11 21:40:00+00:00,2024-11-12 09:50:00+00:00,3248.5,3220.0,211.7895600251507,6036.002460716795,0.006141295982761274,73,v3_short,timeout,False,A,True,0.010156971375807941,0.005128736628538765,-0.0002631578947368421,0.8939393939393939,0.10606060606060606
OZON,-1,2024-11-14 21:50:00+00:00,2024-11-15 09:50:00+00:00,3305.5,3312.0,209.41569731181482,-1361.2020325267963,-0.001376493722583573,72,v3_short,timeout,False,A,True,0.012554832854333686,0.0037846631618915906,-2.5714717894418396e-05,0.9156626506024096,0.08433734939759036
OZON,-1,2025-01-14 21:50:00+00:00,2025-01-15 09:50:00+00:00,3171.0,3153.0,217.99771240663358,3923.9588233194045,0.003973509933774834,72,v3_short,timeout,False,A,True,0.015294859665720592,0.0031503613744457105,-0.00016871649321980448,0.9587628865979382,0.041237113402061855
OZON,-1,2025-01-17 13:20:00+00:00,2025-01-17 16:30:00+00:00,3302.5,3335.525,210.14913466094131,-6940.175172177606,-0.00700000000000002,19,v3_short,sl,False,A,True,0.019827455728772515,0.004648749162144046,,0.8625954198473282,0.13740458015267176
OZON,-1,2025-01-28 13:20:00+00:00,2025-01-28 14:10:00+00:00,3419.5,3453.695,201.53805954005975,-6891.593945972376,-0.007000000000000033,5,v3_short,sl,False,A,True,0.029828922357069746,0.005960214177789846,,0.7107843137254902,0.28921568627450983
OZON,1,2025-01-31 23:00:00+00:00,2025-01-31 23:50:00+00:00,3523.5,3514.0,194.22031469704945,-1845.0929896219698,-0.001887327940967788,5,v3_long,weekend_exit,False,A,True,0.008941243258586432,0.0032700562484431752,-0.0002838489923360772,0.1111111111111111,0.8888888888888888
OZON,-1,2025-02-11 22:00:00+00:00,2025-02-12 09:50:00+00:00,3710.0,3746.0,184.10881772030143,-6627.9174379308515,-0.006792452830188679,71,v3_short,timeout,False,A,True,0.006872389165880609,0.0032945667149759782,0.0003004985850963482,0.9411764705882353,0.058823529411764705
OZON,1,2025-03-03 22:10:00+00:00,2025-03-03 22:20:00+00:00,3882.0,3915.0,174.75635536727634,5766.959727120119,0.005950540958268934,1,v3_long,opposite_signal,False,A,True,0.010175167439464193,0.0032094754439642935,0.00019706336939721793,0.10126582278481013,0.8987341772151899
OZON,-1,2025-03-05 13:20:00+00:00,2025-03-05 21:20:00+00:00,4072.0,4048.0,167.59357645990934,4022.2458350378242,0.00412573673870334,48,v3_short,timeout,False,A,True,0.02185389809699202,0.0030635212955654944,,0.7752808988764045,0.2247191011235955
OZON,1,2025-03-11 22:20:00+00:00,2025-03-12 09:50:00+00:00,4004.0,4019.5,171.14301084647286,2652.7166681203294,0.00270979020979021,69,v3_long,timeout,False,A,True,0.014735264735264736,0.0030861995147709433,0.00026473526473526474,0.06779661016949153,0.9322033898305084
OZON,-1,2025-04-03 13:20:00+00:00,2025-04-03 16:00:00+00:00,3740.5,3684.3925,183.6956334973831,10306.702756454437,0.010500000000000015,16,v3_short,tp,False,A,True,0.020841683366733466,0.004052549543531507,,0.6474358974358975,0.3525641025641026
OZON,1,2025-04-28 21:50:00+00:00,2025-04-29 09:50:00+00:00,3768.0,3817.5,184.2696945399362,9121.349879726842,0.009195859872611465,72,v3_long,timeout,False,A,True,0.009952229299363057,0.002940985311321981,0.00030785562632696387,0.0,1.0
OZON,1,2025-09-16 22:20:00+00:00,2025-09-17 09:50:00+00:00,4121.5,4100.0,170.01410989743744,-3655.303362794905,-0.0036515831614703383,69,v3_long,timeout,False,A,True,0.006307617661329452,0.004517818772341542,-9.825327510917032e-05,0.0,1.0
