{
  "timestamp": "2025-11-14T15:27:27+03:00",
  "results": {
    "YNDX": {
      "final_equity": 903733.8907165022,
      "total_return": -0.09626610928349777,
      "max_drawdown": -1.0,
      "calmar": -0.09626610928349777,
      "bars": 46075,
      "trade_count": 4036,
      "turnover": 220657495.8349134,
      "commission_paid": 132394.49750094814
    },
    "ROSN": {
      "final_equity": 996463.9050482267,
      "total_return": -0.0035360949517733165,
      "max_drawdown": -0.38618103367386014,
      "calmar": -0.009156573325554978,
      "bars": 57908,
      "trade_count": 23,
      "turnover": 2760839.45477962,
      "commission_paid": 1656.5036728677712
    },
    "GAZP": {
      "final_equity": 982279.9259581232,
      "total_return": -0.01772007404187681,
      "max_drawdown": -0.9434850849549291,
      "calmar": -0.018781509453033175,
      "bars": 57906,
      "trade_count": 313,
      "turnover": 24788176.984573595,
      "commission_paid": 14872.906190744154
    },
    "GMKN": {
      "final_equity": 896978.7021102321,
      "total_return": -0.10302129788976788,
      "max_drawdown": -1.0,
      "calmar": -0.10302129788976788,
      "bars": 57573,
      "trade_count": 2642,
      "turnover": 183236933.9866149,
      "commission_paid": 109942.1603919686
    },
    "SBER": {
      "final_equity": 708074.1830077181,
      "total_return": -0.29192581699228193,
      "max_drawdown": -1.0,
      "calmar": -0.29192581699228193,
      "bars": 57910,
      "trade_count": 5971,
      "turnover": 485027400.43368965,
      "commission_paid": 291016.44026021444
    },
    "LKOH": {
      "final_equity": 636408.7659414661,
      "total_return": -0.3635912340585339,
      "max_drawdown": -1.0,
      "calmar": -0.3635912340585339,
      "bars": 57910,
      "trade_count": 6030,
      "turnover": 489281735.71002424,
      "commission_paid": 293569.04142601497
    }
  }
}