{
  "SBER": {
    "total_return": -0.001126114674777745,
    "max_drawdown": -0.001219040867789456,
    "calmar": -0.9237710601284284,
    "volatility_ann": 2.0224922628445026e-05,
    "sharpe_ann": -0.2455369597251183,
    "bars": 57175,
    "final_equity": 998873.8853252223,
    "pnl_sum": -1126.1146747777238,
    "pnl_mean": -0.019695927849194994,
    "pnl_std": 1.2733824724392488,
    "trades": 57175,
    "wins": 6829,
    "losses": 7747,
    "ties": 42599,
    "win_rate": 0.1194403148229121
  },
  "GAZP": {
    "total_return": -0.00012487408895878183,
    "max_drawdown": -0.0001281013927570962,
    "calmar": -0.9748066455106079,
    "volatility_ann": 3.9171500623169045e-06,
    "sharpe_ann": -0.14052317043986207,
    "bars": 57171,
    "final_equity": 999874.7790875647,
    "pnl_sum": -125.22091243532486,
    "pnl_mean": -0.002190287251146995,
    "pnl_std": 0.24674343295445172,
    "trades": 57171,
    "wins": 362,
    "losses": 423,
    "ties": 56386,
    "win_rate": 0.006331881548337444
  },
  "LKOH": {
    "total_return": -6.746824640635474e-05,
    "max_drawdown": -6.746824640635474e-05,
    "calmar": -1.0,
    "volatility_ann": 8.496565821553109e-07,
    "sharpe_ann": -0.3499971333401934,
    "bars": 57175,
    "final_equity": 999932.5114334436,
    "pnl_sum": -67.48856655636337,
    "pnl_mean": -0.001180385947640811,
    "pnl_std": 0.05352168493987101,
    "trades": 57175,
    "wins": 7678,
    "losses": 8800,
    "ties": 40697,
    "win_rate": 0.13428946217752513
  },
  "GMKN": {
    "total_return": -0.00152581282960762,
    "max_drawdown": -0.0016240918214042166,
    "calmar": -0.9394868008684245,
    "volatility_ann": 2.9904864083653774e-05,
    "sharpe_ann": -0.22635675760115997,
    "bars": 56842,
    "final_equity": 998474.1871703924,
    "pnl_sum": -1525.812829607632,
    "pnl_mean": -0.026843053193195736,
    "pnl_std": 1.8823847257229054,
    "trades": 56842,
    "wins": 3359,
    "losses": 4016,
    "ties": 49467,
    "win_rate": 0.05909362795116287
  },
  "ROSN": {
    "total_return": -3.6139009342850414e-06,
    "max_drawdown": -5.722263566210195e-06,
    "calmar": -0.6315509400204885,
    "volatility_ann": 2.8159812761704345e-07,
    "sharpe_ann": -0.05656603576664614,
    "bars": 57173,
    "final_equity": 999996.187990429,
    "pnl_sum": -3.8120095710037276,
    "pnl_mean": -6.667499643194738e-05,
    "pnl_std": 0.017758275041223456,
    "trades": 57173,
    "wins": 8,
    "losses": 14,
    "ties": 57151,
    "win_rate": 0.0001399261889353366
  },
  "YNDX": {
    "total_return": 7.616819295952482e-06,
    "max_drawdown": -2.0958786787428352e-05,
    "calmar": 0.36341890268769067,
    "volatility_ann": 1.4750733589615207e-06,
    "sharpe_ann": 0.028608949891232287,
    "bars": 45485,
    "final_equity": 1000007.5893975578,
    "pnl_sum": 7.589397557778284,
    "pnl_mean": 0.0001668549534523092,
    "pnl_std": 0.09292086160888365,
    "trades": 45485,
    "wins": 4235,
    "losses": 4786,
    "ties": 36464,
    "win_rate": 0.09310761789600967
  }
}