{
  "SBER": {
    "threshold": 0.4,
    "f1": 0.0009744892632165107,
    "auc": 0.5511116987079505,
    "n": 58155
  },
  "GAZP": {
    "threshold": 0.4,
    "f1": 0.0009304655906667144,
    "auc": 0.5506011302133005,
    "n": 58151
  }
}