{
  "SBER": {
    "threshold": 0.4,
    "n": 57910,
    "objective": "f1",
    "score": 0.33607678575568595
  },
  "GAZP": {
    "threshold": 0.4,
    "n": 57906,
    "objective": "f1",
    "score": 0.03040028213718921
  },
  "LKOH": {
    "threshold": 0.4,
    "n": 57910,
    "objective": "f1",
    "score": 0.3647180316091954
  },
  "GMKN": {
    "threshold": 0.4,
    "n": 57573,
    "objective": "f1",
    "score": 0.20254936849167224
  },
  "ROSN": {
    "threshold": 0.4,
    "n": 57908,
    "objective": "f1",
    "score": 0.004213891310665505
  },
  "YNDX": {
    "threshold": 0.4,
    "n": 46075,
    "objective": "f1",
    "score": 0.28222711544510853
  }
}