{
  "total_return": -0.00012487408895878183,
  "max_drawdown": -0.0001281013927570962,
  "calmar": -0.9748066455106079,
  "volatility_ann": 3.9171500623169045e-06,
  "sharpe_ann": -0.14052317043986207,
  "bars": 57171,
  "final_equity": 999874.7790875647,
  "pnl_sum": -125.22091243532486,
  "pnl_mean": -0.002190287251146995,
  "pnl_std": 0.24674343295445172,
  "trades": 57171,
  "wins": 362,
  "losses": 423,
  "ties": 56386,
  "win_rate": 0.006331881548337444
}