{
  "timestamp": "2025-11-14T15:27:26+03:00",
  "metrics": {
    "final_equity": 982279.9259581232,
    "total_return": -0.01772007404187681,
    "max_drawdown": -0.9434850849549291,
    "calmar": -0.018781509453033175,
    "bars": 57906,
    "trade_count": 313,
    "turnover": 24788176.984573595,
    "commission_paid": 14872.906190744154
  }
}