{
  "total_return": -0.00152581282960762,
  "max_drawdown": -0.0016240918214042166,
  "calmar": -0.9394868008684245,
  "volatility_ann": 2.9904864083653774e-05,
  "sharpe_ann": -0.22635675760115997,
  "bars": 56842,
  "final_equity": 998474.1871703924,
  "pnl_sum": -1525.812829607632,
  "pnl_mean": -0.026843053193195736,
  "pnl_std": 1.8823847257229054,
  "trades": 56842,
  "wins": 3359,
  "losses": 4016,
  "ties": 49467,
  "win_rate": 0.05909362795116287
}