{
  "total_return": -6.746824640635474e-05,
  "max_drawdown": -6.746824640635474e-05,
  "calmar": -1.0,
  "volatility_ann": 8.496565821553109e-07,
  "sharpe_ann": -0.3499971333401934,
  "bars": 57175,
  "final_equity": 999932.5114334436,
  "pnl_sum": -67.48856655636337,
  "pnl_mean": -0.001180385947640811,
  "pnl_std": 0.05352168493987101,
  "trades": 57175,
  "wins": 7678,
  "losses": 8800,
  "ties": 40697,
  "win_rate": 0.13428946217752513
}