{
  "timestamp": "2025-11-14T15:39:15+03:00",
  "results": {
    "YNDX": {
      "final_equity": 924257.4821955344,
      "total_return": -0.07574251780446561,
      "max_drawdown": -0.16793010568834632,
      "calmar": -0.45103596817257197,
      "bars": 46075,
      "profit_factor": 0.9977904767503211,
      "win_rate": 0.5762910798122066,
      "avg_trade": -88.89966878458475,
      "trades_est": 359
    },
    "GAZP": {
      "final_equity": 990707.0675695282,
      "total_return": -0.0092929324304718,
      "max_drawdown": -0.10827902780177068,
      "calmar": -0.08582393672285848,
      "bars": 57906,
      "profit_factor": 0.9972539725829013,
      "win_rate": 0.5526315789473685,
      "avg_trade": -122.27542671673291,
      "trades_est": 34
    },
    "ROSN": {
      "final_equity": 1000000.0,
      "total_return": 0.0,
      "max_drawdown": 0.0,
      "calmar": 0.0,
      "bars": 57908,
      "profit_factor": 0.0,
      "win_rate": 0.0,
      "avg_trade": 0.0,
      "trades_est": 0
    },
    "GMKN": {
      "final_equity": 942006.4998302145,
      "total_return": -0.05799350016978544,
      "max_drawdown": -0.1533147460053248,
      "calmar": -0.3782643332153533,
      "bars": 57573,
      "profit_factor": 0.9976604094389601,
      "win_rate": 0.5586206896551724,
      "avg_trade": -99.9887933961815,
      "trades_est": 255
    },
    "SBER": {
      "final_equity": 886997.8792074121,
      "total_return": -0.11300212079258787,
      "max_drawdown": -0.2027732781299838,
      "calmar": -0.5572830988122118,
      "bars": 57910,
      "profit_factor": 0.998108771778117,
      "win_rate": 0.551747311827957,
      "avg_trade": -75.9422854788888,
      "trades_est": 633
    },
    "LKOH": {
      "final_equity": 877640.5874990069,
      "total_return": -0.12235941250099314,
      "max_drawdown": -0.21015829845393463,
      "calmar": -0.5822249865989163,
      "bars": 57910,
      "profit_factor": 0.997939228178694,
      "win_rate": 0.5665760869565217,
      "avg_trade": -83.12460088382676,
      "trades_est": 630
    }
  }
}