{
  "SBER": {
    "final_equity": 341012.5406596109,
    "total_return": -0.658987459340389,
    "max_drawdown": -0.6607041066899408,
    "win_rate": 0.018131583491624935,
    "profit_factor": 0.00707785621195677,
    "expectancy_ratio": 0.012632288134447178,
    "sharpe_like": -6.8600886823213,
    "calmar_like": -0.9974017910102724,
    "trade_freq_proxy": 7.28789793480707,
    "trades_est": 1462
  },
  "GAZP": {
    "final_equity": 989189.7956927377,
    "total_return": -0.010810204307262317,
    "max_drawdown": -0.020143943322874502,
    "win_rate": 0.026525748627085278,
    "profit_factor": 0.4651058872996468,
    "expectancy_ratio": 0.47721801974419437,
    "sharpe_like": -0.910598705270796,
    "calmar_like": -0.5366478714714593,
    "trade_freq_proxy": 7.7556913595208,
    "trades_est": 1556
  },
  "LKOH": {
    "final_equity": 963582.0530916676,
    "total_return": -0.036417946908332444,
    "max_drawdown": -0.03656850845256232,
    "win_rate": 0.01700915213261958,
    "profit_factor": 0.005283871596763568,
    "expectancy_ratio": 0.009725542339551231,
    "sharpe_like": -6.946207471296634,
    "calmar_like": -0.995882754025224,
    "trade_freq_proxy": 6.97273529869995,
    "trades_est": 1399
  },
  "GMKN": {
    "final_equity": 658234.4691696469,
    "total_return": -0.3417655308303531,
    "max_drawdown": -0.34736252083015684,
    "win_rate": 0.02218053601514599,
    "profit_factor": 0.022916762903307384,
    "expectancy_ratio": 0.028767087653745797,
    "sharpe_like": -4.301098503131719,
    "calmar_like": -0.983887179346731,
    "trade_freq_proxy": 7.219293052411632,
    "trades_est": 1440
  },
  "ROSN": {
    "final_equity": 1002957.7336447319,
    "total_return": 0.0029577336447319524,
    "max_drawdown": -3.3751206274246215e-09,
    "win_rate": 0.02288112177937418,
    "profit_factor": 1427.5988643034054,
    "expectancy_ratio": 1427.5979519468292,
    "sharpe_like": 14.756022750388722,
    "calmar_like": 876334.2029019108,
    "trade_freq_proxy": 6.6043105686834584,
    "trades_est": 1325
  },
  "YNDX": {
    "final_equity": 979467.3242762904,
    "total_return": -0.020532675723709648,
    "max_drawdown": -0.020532675723709648,
    "win_rate": 0.01914270211611503,
    "profit_factor": 0.019510577158475685,
    "expectancy_ratio": 0.03008433665964138,
    "sharpe_like": -5.685905787344925,
    "calmar_like": -1.0,
    "trade_freq_proxy": 7.01282330401463,
    "trades_est": 1121
  }
}