{
  "timestamp": "2025-11-15T19:35:02.458103+00:00",
  "results": {
    "SBER": {
      "final_equity": 994724.0021752946,
      "total_return": -0.005275997824705447,
      "max_drawdown": -0.0062500419182425215,
      "calmar": -0.8441539902806011,
      "bars": 57910,
      "profit_factor": 0.8856740118427457,
      "win_rate": 0.46905836762414604,
      "avg_trade": -0.21077854758920708,
      "trade_count": 3397,
      "turnover": 13122559.718232177,
      "commission_paid": 6561.279859116067
    },
    "GAZP": {
      "final_equity": 991132.5635739395,
      "total_return": -0.008867436426060471,
      "max_drawdown": -0.009230309375647172,
      "calmar": -0.9606868053042633,
      "bars": 57906,
      "profit_factor": 0.8324379772440452,
      "win_rate": 0.45876156217882835,
      "avg_trade": -0.3797292063232515,
      "trade_count": 3521,
      "turnover": 17058035.516972482,
      "commission_paid": 8529.017758486229
    },
    "LKOH": {
      "final_equity": 999723.8755074419,
      "total_return": -0.0002761244925580941,
      "max_drawdown": -0.0002968274019624628,
      "calmar": -0.9302527015110728,
      "bars": 57910,
      "profit_factor": 0.8400696901152935,
      "win_rate": 0.46189507930052864,
      "avg_trade": -0.011229137558280403,
      "trade_count": 3568,
      "turnover": 514242.93160059076,
      "commission_paid": 257.12146580029497
    }
  }
}