{
  "timestamp": "2025-11-14T15:27:26+03:00",
  "metrics": {
    "final_equity": 996463.9050482267,
    "total_return": -0.0035360949517733165,
    "max_drawdown": -0.38618103367386014,
    "calmar": -0.009156573325554978,
    "bars": 57908,
    "trade_count": 23,
    "turnover": 2760839.45477962,
    "commission_paid": 1656.5036728677712
  }
}