{
  "total_return": -3.6139009342850414e-06,
  "max_drawdown": -5.722263566210195e-06,
  "calmar": -0.6315509400204885,
  "volatility_ann": 2.8159812761704345e-07,
  "sharpe_ann": -0.05656603576664614,
  "bars": 57173,
  "final_equity": 999996.187990429,
  "pnl_sum": -3.8120095710037276,
  "pnl_mean": -6.667499643194738e-05,
  "pnl_std": 0.017758275041223456,
  "trades": 57173,
  "wins": 8,
  "losses": 14,
  "ties": 57151,
  "win_rate": 0.0001399261889353366
}