{
  "timestamp": "2025-11-14T15:27:26+03:00",
  "metrics": {
    "final_equity": 708074.1830077181,
    "total_return": -0.29192581699228193,
    "max_drawdown": -1.0,
    "calmar": -0.29192581699228193,
    "bars": 57910,
    "trade_count": 5971,
    "turnover": 485027400.43368965,
    "commission_paid": 291016.44026021444
  }
}