{
  "total_return": -0.001126114674777745,
  "max_drawdown": -0.001219040867789456,
  "calmar": -0.9237710601284284,
  "volatility_ann": 2.0224922628445026e-05,
  "sharpe_ann": -0.2455369597251183,
  "bars": 57175,
  "final_equity": 998873.8853252223,
  "pnl_sum": -1126.1146747777238,
  "pnl_mean": -0.019695927849194994,
  "pnl_std": 1.2733824724392488,
  "trades": 57175,
  "wins": 6829,
  "losses": 7747,
  "ties": 42599,
  "win_rate": 0.1194403148229121
}