{
  "total_return": 7.616819295952482e-06,
  "max_drawdown": -2.0958786787428352e-05,
  "calmar": 0.36341890268769067,
  "volatility_ann": 1.4750733589615207e-06,
  "sharpe_ann": 0.028608949891232287,
  "bars": 45485,
  "final_equity": 1000007.5893975578,
  "pnl_sum": 7.589397557778284,
  "pnl_mean": 0.0001668549534523092,
  "pnl_std": 0.09292086160888365,
  "trades": 45485,
  "wins": 4235,
  "losses": 4786,
  "ties": 36464,
  "win_rate": 0.09310761789600967
}